{
"type": "FeatureCollection",
"name": "chubut",
"crs": { "type": "name", "properties": { "name": "urn:ogc:def:crs:OGC:1.3:CRS84" } },
"xy_coordinate_resolution": 0.0001,
"features": [
{ "type": "Feature", "properties": { "nombre": "Camino sin nombre", "longitud_km": 0.09 }, "geometry": { "type": "LineString", "coordinates": [ [ -65.1193, -42.7678 ], [ -65.1182, -42.7677 ] ] } },
{ "type": "Feature", "properties": { "nombre": "Camino sin nombre", "longitud_km": 7.92 }, "geometry": { "type": "LineString", "coordinates": [ [ -65.1184, -42.7691 ], [ -65.101, -42.7682 ], [ -65.0896, -42.7617 ], [ -65.0496, -42.7759 ], [ -65.0311, -42.7696 ] ] } },
{ "type": "Feature", "properties": { "nombre": "Camino sin nombre", "longitud_km": 0.21 }, "geometry": { "type": "LineString", "coordinates": [ [ -65.1182, -42.7677 ], [ -65.1159, -42.7685 ] ] } },
{ "type": "Feature", "properties": { "nombre": "Camino sin nombre", "longitud_km": 1.04 }, "geometry": { "type": "LineString", "coordinates": [ [ -65.5847, -43.3076 ], [ -65.5941, -43.3012 ] ] } },
{ "type": "Feature", "properties": { "nombre": "Camino sin nombre", "longitud_km": 0.2 }, "geometry": { "type": "LineString", "coordinates": [ [ -65.6388, -43.2935 ], [ -65.637, -43.2947 ] ] } },
{ "type": "Feature", "properties": { "nombre": "Camino sin nombre", "longitud_km": 1.5 }, "geometry": { "type": "LineString", "coordinates": [ [ -65.3395, -43.3205 ], [ -65.3264, -43.311 ] ] } },
{ "type": "Feature", "properties": { "nombre": "Camino sin nombre", "longitud_km": 1.44 }, "geometry": { "type": "LineString", "coordinates": [ [ -65.3395, -43.3205 ], [ -65.3521, -43.3113 ] ] } },
{ "type": "Feature", "properties": { "nombre": "Camino sin nombre", "longitud_km": 2.59 }, "geometry": { "type": "LineString", "coordinates": [ [ -65.1999, -43.2958 ], [ -65.22, -43.2777 ] ] } },
{ "type": "Feature", "properties": { "nombre": "Camino sin nombre", "longitud_km": 1.55 }, "geometry": { "type": "LineString", "coordinates": [ [ -64.897, -42.8196 ], [ -64.9155, -42.8169 ] ] } },
{ "type": "Feature", "properties": { "nombre": "Camino sin nombre", "longitud_km": 1.42 }, "geometry": { "type": "LineString", "coordinates": [ [ -65.3776, -43.2924 ], [ -65.3649, -43.2836 ] ] } },
{ "type": "Feature", "properties": { "nombre": "Camino sin nombre", "longitud_km": 1.53 }, "geometry": { "type": "LineString", "coordinates": [ [ -65.3258, -43.2924 ], [ -65.3401, -43.2835 ] ] } },
{ "type": "Feature", "properties": { "nombre": "Camino sin nombre", "longitud_km": 1.4 }, "geometry": { "type": "LineString", "coordinates": [ [ -65.3776, -43.2924 ], [ -65.3898, -43.2834 ] ] } },
{ "type": "Feature", "properties": { "nombre": "Camino sin nombre", "longitud_km": 1.42 }, "geometry": { "type": "LineString", "coordinates": [ [ -65.3401, -43.2835 ], [ -65.3526, -43.2924 ] ] } },
{ "type": "Feature", "properties": { "nombre": "Camino sin nombre", "longitud_km": 0.08 }, "geometry": { "type": "LineString", "coordinates": [ [ -65.9359, -42.0952 ], [ -65.9363, -42.0959 ] ] } },
{ "type": "Feature", "properties": { "nombre": "Camino sin nombre", "longitud_km": 1.44 }, "geometry": { "type": "LineString", "coordinates": [ [ -65.3898, -43.2834 ], [ -65.4028, -43.2923 ] ] } },
{ "type": "Feature", "properties": { "nombre": "Camino sin nombre", "longitud_km": 2.57 }, "geometry": { "type": "LineString", "coordinates": [ [ -70.5012, -42.733 ], [ -70.5325, -42.7334 ] ] } },
{ "type": "Feature", "properties": { "nombre": "Camino sin nombre", "longitud_km": 2.03 }, "geometry": { "type": "LineString", "coordinates": [ [ -65.585, -43.295 ], [ -65.5769, -43.2888 ], [ -65.5675, -43.2957 ] ] } },
{ "type": "Feature", "properties": { "nombre": "Camino sin nombre", "longitud_km": 1.51 }, "geometry": { "type": "LineString", "coordinates": [ [ -65.3258, -43.2924 ], [ -65.3391, -43.302 ] ] } },
{ "type": "Feature", "properties": { "nombre": "Camino sin nombre", "longitud_km": 2.34 }, "geometry": { "type": "LineString", "coordinates": [ [ -66.094, -42.0281 ], [ -66.0687, -42.0188 ] ] } },
{ "type": "Feature", "properties": { "nombre": "Camino sin nombre", "longitud_km": 2.09 }, "geometry": { "type": "LineString", "coordinates": [ [ -65.4032, -43.3102 ], [ -65.4213, -43.2969 ] ] } },
{ "type": "Feature", "properties": { "nombre": "Camino sin nombre", "longitud_km": 2.86 }, "geometry": { "type": "LineString", "coordinates": [ [ -65.4032, -43.3102 ], [ -65.3776, -43.2924 ] ] } },
{ "type": "Feature", "properties": { "nombre": "Camino sin nombre", "longitud_km": 2.05 }, "geometry": { "type": "LineString", "coordinates": [ [ -65.6028, -43.2952 ], [ -65.5939, -43.2886 ], [ -65.585, -43.295 ] ] } },
{ "type": "Feature", "properties": { "nombre": "Camino sin nombre", "longitud_km": 0.55 }, "geometry": { "type": "LineString", "coordinates": [ [ -65.721, -43.3352 ], [ -65.7257, -43.3316 ] ] } },
{ "type": "Feature", "properties": { "nombre": "Camino sin nombre", "longitud_km": 3.5 }, "geometry": { "type": "LineString", "coordinates": [ [ -66.3369, -42.7436 ], [ -66.3639, -42.7404 ], [ -66.378, -42.745 ] ] } },
{ "type": "Feature", "properties": { "nombre": "Camino sin nombre", "longitud_km": 5.09 }, "geometry": { "type": "LineString", "coordinates": [ [ -70.8326, -42.5076 ], [ -70.8064, -42.5285 ], [ -70.7855, -42.5363 ] ] } },
{ "type": "Feature", "properties": { "nombre": "Camino sin nombre", "longitud_km": 3.61 }, "geometry": { "type": "LineString", "coordinates": [ [ -65.434, -43.2876 ], [ -65.4205, -43.2784 ], [ -65.4028, -43.2923 ] ] } },
{ "type": "Feature", "properties": { "nombre": "Camino sin nombre", "longitud_km": 4.61 }, "geometry": { "type": "LineString", "coordinates": [ [ -67.1159, -42.5159 ], [ -67.1065, -42.5034 ], [ -67.1027, -42.4764 ] ] } },
{ "type": "Feature", "properties": { "nombre": "Camino sin nombre", "longitud_km": 18.27 }, "geometry": { "type": "LineString", "coordinates": [ [ -66.4596, -42.114 ], [ -66.4476, -42.1044 ], [ -66.4172, -42.0512 ], [ -66.3935, -42.0206 ], [ -66.3712, -41.9827 ], [ -66.3704, -41.9659 ] ] } },
{ "type": "Feature", "properties": { "nombre": "Camino sin nombre", "longitud_km": 6.21 }, "geometry": { "type": "LineString", "coordinates": [ [ -68.8195, -42.3897 ], [ -68.7762, -42.3861 ], [ -68.7592, -42.389 ], [ -68.7488, -42.3964 ] ] } },
{ "type": "Feature", "properties": { "nombre": "Camino sin nombre", "longitud_km": 6.62 }, "geometry": { "type": "LineString", "coordinates": [ [ -66.8231, -42.5309 ], [ -66.7432, -42.5232 ] ] } },
{ "type": "Feature", "properties": { "nombre": "Camino sin nombre", "longitud_km": 1.34 }, "geometry": { "type": "LineString", "coordinates": [ [ -65.3042, -42.0068 ], [ -65.2982, -42.018 ] ] } },
{ "type": "Feature", "properties": { "nombre": "Camino sin nombre", "longitud_km": 8.18 }, "geometry": { "type": "LineString", "coordinates": [ [ -65.9321, -42.0305 ], [ -65.911, -42.0605 ], [ -65.9227, -42.0832 ], [ -65.9359, -42.0952 ] ] } },
{ "type": "Feature", "properties": { "nombre": "Camino sin nombre", "longitud_km": 17.92 }, "geometry": { "type": "LineString", "coordinates": [ [ -66.9831, -42.7741 ], [ -66.9797, -42.771 ], [ -66.9979, -42.7323 ], [ -67.0246, -42.7099 ], [ -67.0133, -42.6841 ], [ -67.0179, -42.6804 ], [ -67.018, -42.6619 ], [ -67.0481, -42.6491 ], [ -67.062, -42.6493 ] ] } },
{ "type": "Feature", "properties": { "nombre": "Camino sin nombre", "longitud_km": 108.73 }, "geometry": { "type": "LineString", "coordinates": [ [ -69.5799, -42.2472 ], [ -69.577, -42.2413 ], [ -69.5833, -42.2206 ], [ -69.6166, -42.1714 ], [ -69.6796, -42.1025 ], [ -69.8003, -42.064 ], [ -69.842, -42.0367 ], [ -69.8434, -42.0238 ], [ -69.8811, -41.9928 ], [ -69.9121, -41.9587 ], [ -69.9355, -41.9161 ], [ -69.947, -41.9155 ], [ -69.9677, -41.8775 ], [ -70.0097, -41.8276 ], [ -69.9274, -41.8436 ], [ -69.8972, -41.8567 ], [ -69.8575, -41.8492 ], [ -69.8349, -41.8555 ], [ -69.7827, -41.8493 ], [ -69.7437, -41.863 ], [ -69.7027, -41.8698 ], [ -69.6681, -41.8949 ], [ -69.6608, -41.8876 ], [ -69.6595, -41.8386 ], [ -69.6701, -41.8131 ], [ -69.694, -41.793 ], [ -69.7172, -41.7856 ], [ -69.7287, -41.7733 ] ] } },
{ "type": "Feature", "properties": { "nombre": "Camino sin nombre", "longitud_km": 12.35 }, "geometry": { "type": "LineString", "coordinates": [ [ -66.0687, -42.0188 ], [ -66.0507, -42.0182 ], [ -66.0135, -42.0346 ], [ -65.98, -42.0359 ], [ -65.9581, -42.0287 ], [ -65.9466, -42.0311 ], [ -65.9413, -42.0267 ], [ -65.9321, -42.0305 ] ] } },
{ "type": "Feature", "properties": { "nombre": "Camino sin nombre", "longitud_km": 22.12 }, "geometry": { "type": "LineString", "coordinates": [ [ -66.1863, -42.1099 ], [ -66.2243, -42.105 ], [ -66.2575, -42.0842 ], [ -66.2871, -42.0959 ], [ -66.2979, -42.0892 ], [ -66.3099, -42.0925 ], [ -66.3519, -42.1802 ] ] } },
{ "type": "Feature", "properties": { "nombre": "Camino sin nombre", "longitud_km": 8.76 }, "geometry": { "type": "LineString", "coordinates": [ [ -70.6056, -43.073 ], [ -70.7131, -43.0761 ] ] } },
{ "type": "Feature", "properties": { "nombre": "Camino sin nombre", "longitud_km": 12.95 }, "geometry": { "type": "LineString", "coordinates": [ [ -66.1863, -42.1099 ], [ -66.2334, -42.0112 ], [ -66.2286, -41.9999 ] ] } },
{ "type": "Feature", "properties": { "nombre": "Camino sin nombre", "longitud_km": 5.58 }, "geometry": { "type": "LineString", "coordinates": [ [ -67.0902, -42.8293 ], [ -67.0793, -42.8373 ], [ -67.07, -42.8528 ], [ -67.0637, -42.8743 ] ] } },
{ "type": "Feature", "properties": { "nombre": "Camino sin nombre", "longitud_km": 9.15 }, "geometry": { "type": "LineString", "coordinates": [ [ -65.0532, -42.1719 ], [ -65.0024, -42.1685 ], [ -64.9864, -42.1491 ], [ -64.961, -42.1385 ] ] } },
{ "type": "Feature", "properties": { "nombre": "Camino sin nombre", "longitud_km": 4.66 }, "geometry": { "type": "LineString", "coordinates": [ [ -65.1095, -42.1723 ], [ -65.0532, -42.1719 ] ] } },
{ "type": "Feature", "properties": { "nombre": "Camino sin nombre", "longitud_km": 12.13 }, "geometry": { "type": "LineString", "coordinates": [ [ -66.0873, -42.1881 ], [ -66.1655, -42.1282 ], [ -66.1839, -42.1187 ], [ -66.1863, -42.1099 ] ] } },
{ "type": "Feature", "properties": { "nombre": "Camino sin nombre", "longitud_km": 1.89 }, "geometry": { "type": "LineString", "coordinates": [ [ -65.2298, -43.2895 ], [ -65.2435, -43.2758 ] ] } },
{ "type": "Feature", "properties": { "nombre": "Camino sin nombre", "longitud_km": 19.26 }, "geometry": { "type": "LineString", "coordinates": [ [ -65.9363, -42.0959 ], [ -65.9624, -42.146 ], [ -65.9941, -42.1711 ], [ -65.9907, -42.1806 ], [ -66.0009, -42.1887 ], [ -66.0873, -42.1881 ] ] } },
{ "type": "Feature", "properties": { "nombre": "Camino sin nombre", "longitud_km": 4.34 }, "geometry": { "type": "LineString", "coordinates": [ [ -66.3957, -42.1703 ], [ -66.3849, -42.1723 ], [ -66.3727, -42.167 ], [ -66.3519, -42.1802 ] ] } },
{ "type": "Feature", "properties": { "nombre": "Camino sin nombre", "longitud_km": 63.38 }, "geometry": { "type": "LineString", "coordinates": [ [ -66.4596, -42.114 ], [ -66.4801, -42.1244 ], [ -66.543, -42.1889 ], [ -66.5632, -42.1937 ], [ -66.566, -42.2012 ], [ -66.6121, -42.1904 ], [ -66.6413, -42.1922 ], [ -66.6976, -42.1832 ], [ -66.712, -42.176 ], [ -66.712, -42.2169 ], [ -66.707, -42.2347 ], [ -66.7362, -42.3169 ], [ -66.7686, -42.3528 ], [ -66.7609, -42.3569 ], [ -66.7607, -42.3777 ], [ -66.7551, -42.3891 ], [ -66.7594, -42.4136 ], [ -66.7664, -42.4164 ], [ -66.7865, -42.4448 ], [ -66.8106, -42.46 ], [ -66.8253, -42.4792 ] ] } },
{ "type": "Feature", "properties": { "nombre": "Camino sin nombre", "longitud_km": 10.76 }, "geometry": { "type": "LineString", "coordinates": [ [ -70.8967, -42.0941 ], [ -70.8871, -42.0785 ], [ -70.8964, -42.0701 ], [ -70.887, -42.0674 ], [ -70.8807, -42.0571 ], [ -70.8902, -42.0369 ], [ -70.8552, -42.0253 ] ] } },
{ "type": "Feature", "properties": { "nombre": "Camino sin nombre", "longitud_km": 13.38 }, "geometry": { "type": "LineString", "coordinates": [ [ -70.9614, -42.3491 ], [ -70.9918, -42.368 ], [ -70.9981, -42.3824 ], [ -71.0253, -42.391 ], [ -71.0466, -42.4088 ], [ -71.0592, -42.4375 ] ] } },
{ "type": "Feature", "properties": { "nombre": "Camino sin nombre", "longitud_km": 24.54 }, "geometry": { "type": "LineString", "coordinates": [ [ -64.636, -42.3923 ], [ -64.6435, -42.3699 ], [ -64.6258, -42.3691 ], [ -64.5909, -42.3275 ], [ -64.5724, -42.3249 ], [ -64.5611, -42.3024 ], [ -64.5328, -42.2752 ], [ -64.4964, -42.2509 ], [ -64.464, -42.2386 ] ] } },
{ "type": "Feature", "properties": { "nombre": "Camino sin nombre", "longitud_km": 2.59 }, "geometry": { "type": "LineString", "coordinates": [ [ -70.8791, -42.2688 ], [ -70.8482, -42.2645 ] ] } },
{ "type": "Feature", "properties": { "nombre": "Camino sin nombre", "longitud_km": 22.95 }, "geometry": { "type": "LineString", "coordinates": [ [ -66.2287, -42.3448 ], [ -66.2193, -42.3212 ], [ -66.1999, -42.3007 ], [ -66.2008, -42.2785 ], [ -66.1601, -42.2258 ], [ -66.0837, -42.1989 ], [ -66.0873, -42.1881 ] ] } },
{ "type": "Feature", "properties": { "nombre": "Camino sin nombre", "longitud_km": 24.04 }, "geometry": { "type": "LineString", "coordinates": [ [ -65.6365, -42.3672 ], [ -65.6367, -42.3718 ], [ -65.7913, -42.3651 ], [ -65.817, -42.3404 ], [ -65.8125, -42.3199 ], [ -65.7822, -42.2809 ] ] } },
{ "type": "Feature", "properties": { "nombre": "Camino sin nombre", "longitud_km": 1.49 }, "geometry": { "type": "LineString", "coordinates": [ [ -65.7617, -43.3827 ], [ -65.7744, -43.373 ] ] } },
{ "type": "Feature", "properties": { "nombre": "Camino sin nombre", "longitud_km": 35.3 }, "geometry": { "type": "LineString", "coordinates": [ [ -69.0011, -42.1125 ], [ -69.0484, -42.0836 ], [ -69.0719, -42.0917 ], [ -69.0933, -42.0731 ], [ -69.1297, -42.0558 ], [ -69.1552, -42.0587 ], [ -69.2254, -42.0459 ], [ -69.2393, -42.0487 ], [ -69.2821, -42.0423 ], [ -69.2852, -42.0345 ], [ -69.3232, -42.0236 ], [ -69.3347, -42.0157 ], [ -69.3744, -42.0129 ] ] } },
{ "type": "Feature", "properties": { "nombre": "Camino sin nombre", "longitud_km": 5.5 }, "geometry": { "type": "LineString", "coordinates": [ [ -66.3587, -42.2295 ], [ -66.3519, -42.1802 ] ] } },
{ "type": "Feature", "properties": { "nombre": "Camino sin nombre", "longitud_km": 8.2 }, "geometry": { "type": "LineString", "coordinates": [ [ -70.9564, -42.0486 ], [ -70.9293, -42.0505 ], [ -70.9268, -42.0661 ], [ -70.9135, -42.0878 ], [ -70.8967, -42.0941 ] ] } },
{ "type": "Feature", "properties": { "nombre": "Camino sin nombre", "longitud_km": 35.86 }, "geometry": { "type": "LineString", "coordinates": [ [ -69.2253, -42.2749 ], [ -69.1896, -42.2188 ], [ -69.1669, -42.1954 ], [ -69.1452, -42.1788 ], [ -69.1166, -42.1651 ], [ -69.1106, -42.1391 ], [ -69.0258, -42.1273 ], [ -68.9813, -42.1545 ], [ -68.9386, -42.1591 ], [ -68.9278, -42.1752 ] ] } },
{ "type": "Feature", "properties": { "nombre": "Camino sin nombre", "longitud_km": 3.31 }, "geometry": { "type": "LineString", "coordinates": [ [ -70.8718, -41.9996 ], [ -70.8552, -42.0157 ], [ -70.8552, -42.0253 ] ] } },
{ "type": "Feature", "properties": { "nombre": "Camino sin nombre", "longitud_km": 10.91 }, "geometry": { "type": "LineString", "coordinates": [ [ -71.3297, -41.9812 ], [ -71.3227, -41.9911 ], [ -71.3205, -42.0196 ], [ -71.3514, -42.0495 ], [ -71.3677, -42.0439 ], [ -71.3674, -42.0364 ] ] } },
{ "type": "Feature", "properties": { "nombre": "Camino sin nombre", "longitud_km": 3.02 }, "geometry": { "type": "LineString", "coordinates": [ [ -66.3632, -42.2565 ], [ -66.3587, -42.2295 ] ] } },
{ "type": "Feature", "properties": { "nombre": "Camino sin nombre", "longitud_km": 3.22 }, "geometry": { "type": "LineString", "coordinates": [ [ -66.3632, -42.2565 ], [ -66.4003, -42.2477 ] ] } },
{ "type": "Feature", "properties": { "nombre": "Camino sin nombre", "longitud_km": 3.35 }, "geometry": { "type": "LineString", "coordinates": [ [ -66.3229, -42.2598 ], [ -66.3632, -42.2565 ] ] } },
{ "type": "Feature", "properties": { "nombre": "Camino sin nombre", "longitud_km": 7.0 }, "geometry": { "type": "LineString", "coordinates": [ [ -70.8552, -42.0253 ], [ -70.8314, -42.0269 ], [ -70.8032, -42.0449 ], [ -70.7818, -42.0522 ] ] } },
{ "type": "Feature", "properties": { "nombre": "Camino sin nombre", "longitud_km": 3.12 }, "geometry": { "type": "LineString", "coordinates": [ [ -70.2461, -42.093 ], [ -70.2295, -42.0793 ], [ -70.2268, -42.0699 ] ] } },
{ "type": "Feature", "properties": { "nombre": "Camino sin nombre", "longitud_km": 8.3 }, "geometry": { "type": "LineString", "coordinates": [ [ -70.4709, -42.0631 ], [ -70.491, -42.0647 ], [ -70.4978, -42.069 ], [ -70.4986, -42.0776 ], [ -70.5287, -42.0817 ], [ -70.5158, -42.101 ] ] } },
{ "type": "Feature", "properties": { "nombre": "Camino sin nombre", "longitud_km": 6.47 }, "geometry": { "type": "LineString", "coordinates": [ [ -70.5158, -42.101 ], [ -70.5008, -42.1004 ], [ -70.47, -42.1101 ], [ -70.4416, -42.1035 ] ] } },
{ "type": "Feature", "properties": { "nombre": "Camino sin nombre", "longitud_km": 12.8 }, "geometry": { "type": "LineString", "coordinates": [ [ -64.6109, -42.4312 ], [ -64.5859, -42.4293 ], [ -64.5748, -42.4361 ], [ -64.5522, -42.4343 ], [ -64.5405, -42.4269 ], [ -64.5194, -42.432 ], [ -64.5008, -42.4477 ], [ -64.5067, -42.4622 ], [ -64.5009, -42.4652 ] ] } },
{ "type": "Feature", "properties": { "nombre": "Camino sin nombre", "longitud_km": 1.09 }, "geometry": { "type": "LineString", "coordinates": [ [ -66.2552, -42.3375 ], [ -66.2446, -42.3317 ] ] } },
{ "type": "Feature", "properties": { "nombre": "Camino sin nombre", "longitud_km": 5.93 }, "geometry": { "type": "LineString", "coordinates": [ [ -66.3216, -42.317 ], [ -66.2552, -42.3375 ] ] } },
{ "type": "Feature", "properties": { "nombre": "Camino sin nombre", "longitud_km": 2.84 }, "geometry": { "type": "LineString", "coordinates": [ [ -70.0414, -42.1507 ], [ -70.0686, -42.1664 ] ] } },
{ "type": "Feature", "properties": { "nombre": "Camino sin nombre", "longitud_km": 4.61 }, "geometry": { "type": "LineString", "coordinates": [ [ -66.748, -42.8069 ], [ -66.7358, -42.8194 ], [ -66.7196, -42.8246 ], [ -66.7118, -42.8364 ] ] } },
{ "type": "Feature", "properties": { "nombre": "Camino sin nombre", "longitud_km": 7.86 }, "geometry": { "type": "LineString", "coordinates": [ [ -71.5267, -41.9996 ], [ -71.5289, -42.0236 ], [ -71.5253, -42.0404 ], [ -71.5175, -42.048 ], [ -71.5153, -42.0681 ] ] } },
{ "type": "Feature", "properties": { "nombre": "Camino sin nombre", "longitud_km": 3.19 }, "geometry": { "type": "LineString", "coordinates": [ [ -70.8967, -42.0941 ], [ -70.8872, -42.1051 ], [ -70.8835, -42.1204 ] ] } },
{ "type": "Feature", "properties": { "nombre": "Camino sin nombre", "longitud_km": 1.78 }, "geometry": { "type": "LineString", "coordinates": [ [ -66.2287, -42.3448 ], [ -66.2074, -42.3474 ] ] } },
{ "type": "Feature", "properties": { "nombre": "Camino sin nombre", "longitud_km": 0.31 }, "geometry": { "type": "LineString", "coordinates": [ [ -66.2295, -42.3476 ], [ -66.2287, -42.3448 ] ] } },
{ "type": "Feature", "properties": { "nombre": "Camino sin nombre", "longitud_km": 14.15 }, "geometry": { "type": "LineString", "coordinates": [ [ -64.7186, -42.3731 ], [ -64.7363, -42.3917 ], [ -64.7346, -42.4117 ], [ -64.6836, -42.4136 ], [ -64.6746, -42.4109 ], [ -64.6746, -42.4012 ], [ -64.636, -42.3923 ] ] } },
{ "type": "Feature", "properties": { "nombre": "Camino sin nombre", "longitud_km": 39.23 }, "geometry": { "type": "LineString", "coordinates": [ [ -65.8857, -42.383 ], [ -65.9828, -42.378 ], [ -66.0269, -42.3625 ], [ -66.0163, -42.4137 ], [ -65.9973, -42.4392 ], [ -65.996, -42.4697 ], [ -65.9717, -42.5384 ], [ -65.9475, -42.5709 ], [ -65.9511, -42.596 ] ] } },
{ "type": "Feature", "properties": { "nombre": "Camino sin nombre", "longitud_km": 9.81 }, "geometry": { "type": "LineString", "coordinates": [ [ -66.3592, -42.3661 ], [ -66.3192, -42.3675 ], [ -66.3112, -42.3564 ], [ -66.2741, -42.3406 ], [ -66.2552, -42.3375 ] ] } },
{ "type": "Feature", "properties": { "nombre": "Camino sin nombre", "longitud_km": 6.15 }, "geometry": { "type": "LineString", "coordinates": [ [ -70.9646, -42.1995 ], [ -70.8901, -42.1992 ] ] } },
{ "type": "Feature", "properties": { "nombre": "Camino sin nombre", "longitud_km": 26.99 }, "geometry": { "type": "LineString", "coordinates": [ [ -66.9492, -42.4388 ], [ -66.971, -42.4219 ], [ -66.9897, -42.3909 ], [ -67.0121, -42.3757 ], [ -67.0382, -42.339 ], [ -67.0306, -42.3063 ], [ -67.0464, -42.2865 ], [ -67.0549, -42.2845 ], [ -67.0838, -42.2479 ], [ -67.0767, -42.2324 ] ] } },
{ "type": "Feature", "properties": { "nombre": "Camino sin nombre", "longitud_km": 10.57 }, "geometry": { "type": "LineString", "coordinates": [ [ -70.5977, -42.1691 ], [ -70.544, -42.1327 ], [ -70.539, -42.1129 ], [ -70.5158, -42.101 ] ] } },
{ "type": "Feature", "properties": { "nombre": "Camino sin nombre", "longitud_km": 5.14 }, "geometry": { "type": "LineString", "coordinates": [ [ -71.5153, -42.0681 ], [ -71.5146, -42.0881 ], [ -71.5215, -42.0985 ], [ -71.5368, -42.1079 ] ] } },
{ "type": "Feature", "properties": { "nombre": "Camino sin nombre", "longitud_km": 4.12 }, "geometry": { "type": "LineString", "coordinates": [ [ -64.636, -42.3923 ], [ -64.6371, -42.4084 ], [ -64.6212, -42.4257 ] ] } },
{ "type": "Feature", "properties": { "nombre": "Camino sin nombre", "longitud_km": 1.04 }, "geometry": { "type": "LineString", "coordinates": [ [ -64.6212, -42.4257 ], [ -64.6109, -42.4312 ] ] } },
{ "type": "Feature", "properties": { "nombre": "Camino sin nombre", "longitud_km": 6.0 }, "geometry": { "type": "LineString", "coordinates": [ [ -70.6547, -42.1929 ], [ -70.6342, -42.1708 ], [ -70.5977, -42.1691 ] ] } },
{ "type": "Feature", "properties": { "nombre": "Camino sin nombre", "longitud_km": 12.01 }, "geometry": { "type": "LineString", "coordinates": [ [ -70.5977, -42.1691 ], [ -70.5398, -42.186 ], [ -70.5165, -42.2016 ], [ -70.4937, -42.2052 ], [ -70.4793, -42.2235 ] ] } },
{ "type": "Feature", "properties": { "nombre": "Camino sin nombre", "longitud_km": 18.61 }, "geometry": { "type": "LineString", "coordinates": [ [ -69.8457, -42.3719 ], [ -69.863, -42.3554 ], [ -69.8643, -42.3463 ], [ -69.8768, -42.3299 ], [ -69.8923, -42.3176 ], [ -69.8916, -42.2957 ], [ -69.8807, -42.27 ], [ -69.8674, -42.2597 ], [ -69.8584, -42.2376 ], [ -69.871, -42.2251 ] ] } },
{ "type": "Feature", "properties": { "nombre": "Camino sin nombre", "longitud_km": 26.92 }, "geometry": { "type": "LineString", "coordinates": [ [ -67.5137, -42.3701 ], [ -67.492, -42.3791 ], [ -67.4771, -42.3939 ], [ -67.4603, -42.3962 ], [ -67.4353, -42.4119 ], [ -67.4265, -42.4207 ], [ -67.4137, -42.4554 ], [ -67.3942, -42.4583 ], [ -67.3829, -42.47 ], [ -67.2697, -42.4313 ] ] } },
{ "type": "Feature", "properties": { "nombre": "Camino sin nombre", "longitud_km": 2.53 }, "geometry": { "type": "LineString", "coordinates": [ [ -69.2287, -42.2967 ], [ -69.2153, -42.2763 ] ] } },
{ "type": "Feature", "properties": { "nombre": "Camino sin nombre", "longitud_km": 12.82 }, "geometry": { "type": "LineString", "coordinates": [ [ -71.5675, -42.0489 ], [ -71.5538, -42.0641 ], [ -71.5445, -42.0892 ], [ -71.5615, -42.1081 ], [ -71.5952, -42.1337 ], [ -71.5984, -42.1381 ], [ -71.5943, -42.145 ] ] } },
{ "type": "Feature", "properties": { "nombre": "Camino sin nombre", "longitud_km": 8.48 }, "geometry": { "type": "LineString", "coordinates": [ [ -70.8901, -42.1992 ], [ -70.8777, -42.182 ], [ -70.8149, -42.1496 ] ] } },
{ "type": "Feature", "properties": { "nombre": "Camino sin nombre", "longitud_km": 8.56 }, "geometry": { "type": "LineString", "coordinates": [ [ -69.32, -42.3987 ], [ -69.216, -42.3971 ] ] } },
{ "type": "Feature", "properties": { "nombre": "Camino sin nombre", "longitud_km": 41.17 }, "geometry": { "type": "LineString", "coordinates": [ [ -68.5123, -42.4837 ], [ -68.5226, -42.4589 ], [ -68.5213, -42.4467 ], [ -68.5093, -42.4294 ], [ -68.47, -42.4007 ], [ -68.4568, -42.3407 ], [ -68.4438, -42.3387 ], [ -68.4296, -42.3499 ], [ -68.3949, -42.3431 ], [ -68.3035, -42.217 ], [ -68.2895, -42.2046 ] ] } },
{ "type": "Feature", "properties": { "nombre": "Camino sin nombre", "longitud_km": 5.6 }, "geometry": { "type": "LineString", "coordinates": [ [ -64.654, -42.4698 ], [ -64.6212, -42.4257 ] ] } },
{ "type": "Feature", "properties": { "nombre": "Camino sin nombre", "longitud_km": 5.09 }, "geometry": { "type": "LineString", "coordinates": [ [ -64.6392, -42.4708 ], [ -64.636, -42.4571 ], [ -64.6109, -42.4312 ] ] } },
{ "type": "Feature", "properties": { "nombre": "Camino sin nombre", "longitud_km": 33.93 }, "geometry": { "type": "LineString", "coordinates": [ [ -69.2398, -42.2732 ], [ -69.2427, -42.2808 ], [ -69.3244, -42.3228 ], [ -69.38, -42.341 ], [ -69.4923, -42.3484 ], [ -69.6198, -42.3385 ] ] } },
{ "type": "Feature", "properties": { "nombre": "Camino sin nombre", "longitud_km": 3.1 }, "geometry": { "type": "LineString", "coordinates": [ [ -68.5737, -42.4558 ], [ -68.5722, -42.4836 ] ] } },
{ "type": "Feature", "properties": { "nombre": "Camino sin nombre", "longitud_km": 8.86 }, "geometry": { "type": "LineString", "coordinates": [ [ -66.9299, -42.438 ], [ -66.8585, -42.4323 ], [ -66.8461, -42.4292 ], [ -66.8314, -42.4163 ] ] } },
{ "type": "Feature", "properties": { "nombre": "Camino sin nombre", "longitud_km": 3.05 }, "geometry": { "type": "LineString", "coordinates": [ [ -66.171, -42.4693 ], [ -66.2076, -42.4649 ] ] } },
{ "type": "Feature", "properties": { "nombre": "Camino sin nombre", "longitud_km": 2.24 }, "geometry": { "type": "LineString", "coordinates": [ [ -66.8506, -42.686 ], [ -66.8497, -42.7062 ] ] } },
{ "type": "Feature", "properties": { "nombre": "Camino sin nombre", "longitud_km": 11.51 }, "geometry": { "type": "LineString", "coordinates": [ [ -66.5429, -42.4537 ], [ -66.5514, -42.4781 ], [ -66.5902, -42.5118 ], [ -66.6165, -42.5165 ], [ -66.6319, -42.5249 ] ] } },
{ "type": "Feature", "properties": { "nombre": "Camino sin nombre", "longitud_km": 7.65 }, "geometry": { "type": "LineString", "coordinates": [ [ -69.9253, -42.3721 ], [ -69.9955, -42.4173 ] ] } },
{ "type": "Feature", "properties": { "nombre": "Camino sin nombre", "longitud_km": 20.57 }, "geometry": { "type": "LineString", "coordinates": [ [ -70.8482, -42.2645 ], [ -70.766, -42.2411 ], [ -70.7556, -42.2316 ], [ -70.6936, -42.2442 ], [ -70.6616, -42.2607 ], [ -70.635, -42.2564 ], [ -70.6237, -42.25 ] ] } },
{ "type": "Feature", "properties": { "nombre": "Camino sin nombre", "longitud_km": 23.25 }, "geometry": { "type": "LineString", "coordinates": [ [ -71.1736, -42.1115 ], [ -71.1874, -42.1161 ], [ -71.2059, -42.1451 ], [ -71.2157, -42.1457 ], [ -71.2216, -42.1536 ], [ -71.224, -42.1591 ], [ -71.2128, -42.1651 ], [ -71.2142, -42.1899 ], [ -71.2426, -42.1876 ], [ -71.2768, -42.19 ], [ -71.2818, -42.1941 ], [ -71.2758, -42.2022 ], [ -71.3005, -42.2182 ], [ -71.2792, -42.2347 ] ] } },
{ "type": "Feature", "properties": { "nombre": "Camino sin nombre", "longitud_km": 22.45 }, "geometry": { "type": "LineString", "coordinates": [ [ -70.6787, -42.1735 ], [ -70.6887, -42.1785 ], [ -70.72, -42.1793 ], [ -70.7373, -42.1877 ], [ -70.7394, -42.1941 ], [ -70.8224, -42.2144 ], [ -70.8374, -42.2287 ], [ -70.8891, -42.2514 ], [ -70.8894, -42.2599 ], [ -70.8791, -42.2688 ] ] } },
{ "type": "Feature", "properties": { "nombre": "Camino sin nombre", "longitud_km": 13.13 }, "geometry": { "type": "LineString", "coordinates": [ [ -66.0555, -42.965 ], [ -66.0579, -42.8744 ], [ -66.0208, -42.8781 ] ] } },
{ "type": "Feature", "properties": { "nombre": "Camino sin nombre", "longitud_km": 10.04 }, "geometry": { "type": "LineString", "coordinates": [ [ -70.9196, -42.2713 ], [ -70.923, -42.2679 ], [ -70.9188, -42.2465 ], [ -70.8969, -42.2332 ], [ -70.908, -42.2306 ], [ -70.8935, -42.2138 ], [ -70.8901, -42.1992 ] ] } },
{ "type": "Feature", "properties": { "nombre": "Camino sin nombre", "longitud_km": 2.24 }, "geometry": { "type": "LineString", "coordinates": [ [ -67.1031, -42.4562 ], [ -67.1027, -42.4764 ] ] } },
{ "type": "Feature", "properties": { "nombre": "Camino sin nombre", "longitud_km": 3.07 }, "geometry": { "type": "LineString", "coordinates": [ [ -67.1198, -42.453 ], [ -67.1173, -42.4642 ], [ -67.1027, -42.4764 ] ] } },
{ "type": "Feature", "properties": { "nombre": "Camino sin nombre", "longitud_km": 3.97 }, "geometry": { "type": "LineString", "coordinates": [ [ -70.9196, -42.2713 ], [ -70.909, -42.2786 ], [ -70.8905, -42.2759 ], [ -70.8791, -42.2688 ] ] } },
{ "type": "Feature", "properties": { "nombre": "Camino sin nombre", "longitud_km": 10.82 }, "geometry": { "type": "LineString", "coordinates": [ [ -68.7837, -42.4184 ], [ -68.7842, -42.415 ], [ -68.747, -42.4051 ], [ -68.7314, -42.4502 ], [ -68.7222, -42.4588 ], [ -68.7257, -42.4655 ] ] } },
{ "type": "Feature", "properties": { "nombre": "Camino sin nombre", "longitud_km": 1.94 }, "geometry": { "type": "LineString", "coordinates": [ [ -69.1925, -42.3976 ], [ -69.216, -42.3971 ] ] } },
{ "type": "Feature", "properties": { "nombre": "Camino sin nombre", "longitud_km": 15.0 }, "geometry": { "type": "LineString", "coordinates": [ [ -69.2277, -42.2884 ], [ -69.2465, -42.3085 ], [ -69.2547, -42.3094 ], [ -69.2815, -42.3267 ], [ -69.299, -42.3713 ], [ -69.32, -42.3987 ] ] } },
{ "type": "Feature", "properties": { "nombre": "Camino sin nombre", "longitud_km": 11.11 }, "geometry": { "type": "LineString", "coordinates": [ [ -66.171, -42.4693 ], [ -66.1532, -42.5153 ], [ -66.1297, -42.5393 ], [ -66.1239, -42.5536 ], [ -66.1296, -42.56 ] ] } },
{ "type": "Feature", "properties": { "nombre": "Camino sin nombre", "longitud_km": 11.91 }, "geometry": { "type": "LineString", "coordinates": [ [ -67.2773, -42.5238 ], [ -67.2716, -42.5279 ], [ -67.2376, -42.5077 ], [ -67.2155, -42.4513 ], [ -67.2207, -42.4417 ] ] } },
{ "type": "Feature", "properties": { "nombre": "Camino sin nombre", "longitud_km": 32.04 }, "geometry": { "type": "LineString", "coordinates": [ [ -69.32, -42.3987 ], [ -69.3482, -42.4293 ], [ -69.3706, -42.4844 ], [ -69.4001, -42.5201 ], [ -69.3218, -42.5143 ], [ -69.2463, -42.5358 ], [ -69.2006, -42.5385 ] ] } },
{ "type": "Feature", "properties": { "nombre": "Camino sin nombre", "longitud_km": 9.65 }, "geometry": { "type": "LineString", "coordinates": [ [ -70.9614, -42.3491 ], [ -70.9344, -42.3245 ], [ -70.9268, -42.2793 ], [ -70.9196, -42.2713 ] ] } },
{ "type": "Feature", "properties": { "nombre": "Camino sin nombre", "longitud_km": 6.89 }, "geometry": { "type": "LineString", "coordinates": [ [ -70.9614, -42.3491 ], [ -70.9268, -42.3493 ], [ -70.8821, -42.3642 ] ] } },
{ "type": "Feature", "properties": { "nombre": "Camino sin nombre", "longitud_km": 2.76 }, "geometry": { "type": "LineString", "coordinates": [ [ -69.7548, -42.7698 ], [ -69.7655, -42.7663 ], [ -69.7791, -42.7536 ] ] } },
{ "type": "Feature", "properties": { "nombre": "Camino sin nombre", "longitud_km": 3.51 }, "geometry": { "type": "LineString", "coordinates": [ [ -70.8821, -42.3642 ], [ -70.8398, -42.3674 ] ] } },
{ "type": "Feature", "properties": { "nombre": "Camino sin nombre", "longitud_km": 10.96 }, "geometry": { "type": "LineString", "coordinates": [ [ -66.5358, -42.5843 ], [ -66.4982, -42.5546 ], [ -66.4972, -42.5475 ], [ -66.4778, -42.5366 ], [ -66.4891, -42.5048 ] ] } },
{ "type": "Feature", "properties": { "nombre": "Camino sin nombre", "longitud_km": 25.39 }, "geometry": { "type": "LineString", "coordinates": [ [ -70.8482, -42.2645 ], [ -70.8209, -42.295 ], [ -70.7941, -42.2994 ], [ -70.7336, -42.294 ], [ -70.739, -42.2998 ], [ -70.7683, -42.3037 ], [ -70.7577, -42.316 ], [ -70.7945, -42.3384 ], [ -70.7893, -42.3532 ], [ -70.7703, -42.371 ], [ -70.7775, -42.3786 ] ] } },
{ "type": "Feature", "properties": { "nombre": "Camino sin nombre", "longitud_km": 0.63 }, "geometry": { "type": "LineString", "coordinates": [ [ -70.6914, -42.387 ], [ -70.6856, -42.3833 ] ] } },
{ "type": "Feature", "properties": { "nombre": "Camino sin nombre", "longitud_km": 5.55 }, "geometry": { "type": "LineString", "coordinates": [ [ -70.8398, -42.3674 ], [ -70.8205, -42.3692 ], [ -70.7909, -42.3815 ], [ -70.7775, -42.3786 ] ] } },
{ "type": "Feature", "properties": { "nombre": "Camino sin nombre", "longitud_km": 7.16 }, "geometry": { "type": "LineString", "coordinates": [ [ -70.7775, -42.3786 ], [ -70.6914, -42.387 ] ] } },
{ "type": "Feature", "properties": { "nombre": "Camino sin nombre", "longitud_km": 10.88 }, "geometry": { "type": "LineString", "coordinates": [ [ -69.1072, -42.5911 ], [ -69.1276, -42.5911 ], [ -69.1552, -42.5757 ], [ -69.188, -42.5686 ], [ -69.1991, -42.5514 ], [ -69.2006, -42.5385 ] ] } },
{ "type": "Feature", "properties": { "nombre": "Camino sin nombre", "longitud_km": 1.99 }, "geometry": { "type": "LineString", "coordinates": [ [ -65.5501, -43.3345 ], [ -65.5682, -43.3466 ] ] } },
{ "type": "Feature", "properties": { "nombre": "Camino sin nombre", "longitud_km": 2.66 }, "geometry": { "type": "LineString", "coordinates": [ [ -70.6914, -42.387 ], [ -70.7178, -42.4007 ] ] } },
{ "type": "Feature", "properties": { "nombre": "Camino sin nombre", "longitud_km": 8.89 }, "geometry": { "type": "LineString", "coordinates": [ [ -66.7423, -42.5233 ], [ -66.7337, -42.5404 ], [ -66.7362, -42.5743 ], [ -66.7255, -42.6011 ] ] } },
{ "type": "Feature", "properties": { "nombre": "Camino sin nombre", "longitud_km": 8.28 }, "geometry": { "type": "LineString", "coordinates": [ [ -71.3601, -42.3568 ], [ -71.3512, -42.3568 ], [ -71.3191, -42.3376 ], [ -71.3053, -42.3144 ], [ -71.3055, -42.3024 ] ] } },
{ "type": "Feature", "properties": { "nombre": "Camino sin nombre", "longitud_km": 20.02 }, "geometry": { "type": "LineString", "coordinates": [ [ -70.7178, -42.4007 ], [ -70.6983, -42.4062 ], [ -70.6704, -42.4003 ], [ -70.6449, -42.4032 ], [ -70.6623, -42.3886 ], [ -70.6592, -42.3883 ], [ -70.6287, -42.4023 ], [ -70.5956, -42.4066 ], [ -70.5832, -42.3996 ], [ -70.5639, -42.3987 ], [ -70.5316, -42.4057 ] ] } },
{ "type": "Feature", "properties": { "nombre": "Camino sin nombre", "longitud_km": 11.46 }, "geometry": { "type": "LineString", "coordinates": [ [ -70.7178, -42.4007 ], [ -70.755, -42.4029 ], [ -70.7959, -42.3983 ], [ -70.8398, -42.3674 ] ] } },
{ "type": "Feature", "properties": { "nombre": "Camino sin nombre", "longitud_km": 20.6 }, "geometry": { "type": "LineString", "coordinates": [ [ -68.5722, -42.4836 ], [ -68.5759, -42.5154 ], [ -68.5653, -42.5466 ], [ -68.5681, -42.5896 ], [ -68.5796, -42.6113 ], [ -68.6036, -42.6243 ], [ -68.606, -42.6408 ], [ -68.595, -42.6551 ] ] } },
{ "type": "Feature", "properties": { "nombre": "Camino sin nombre", "longitud_km": 8.13 }, "geometry": { "type": "LineString", "coordinates": [ [ -67.131, -42.6086 ], [ -67.1105, -42.6058 ], [ -67.0938, -42.6158 ], [ -67.0836, -42.6349 ], [ -67.062, -42.6493 ] ] } },
{ "type": "Feature", "properties": { "nombre": "Camino sin nombre", "longitud_km": 12.01 }, "geometry": { "type": "LineString", "coordinates": [ [ -70.9835, -42.3331 ], [ -71.0034, -42.3434 ], [ -71.073, -42.4173 ] ] } },
{ "type": "Feature", "properties": { "nombre": "Camino sin nombre", "longitud_km": 3.59 }, "geometry": { "type": "LineString", "coordinates": [ [ -66.259, -42.6729 ], [ -66.2235, -42.6541 ] ] } },
{ "type": "Feature", "properties": { "nombre": "Camino sin nombre", "longitud_km": 4.42 }, "geometry": { "type": "LineString", "coordinates": [ [ -70.5334, -42.7237 ], [ -70.5335, -42.7131 ], [ -70.5384, -42.709 ], [ -70.5563, -42.7082 ], [ -70.5507, -42.7178 ] ] } },
{ "type": "Feature", "properties": { "nombre": "Camino sin nombre", "longitud_km": 25.74 }, "geometry": { "type": "LineString", "coordinates": [ [ -66.4946, -42.6116 ], [ -66.4975, -42.6277 ], [ -66.5062, -42.6389 ], [ -66.5201, -42.6455 ], [ -66.5215, -42.6751 ], [ -66.5396, -42.6759 ], [ -66.5613, -42.6658 ], [ -66.5775, -42.6503 ], [ -66.5848, -42.6295 ], [ -66.5704, -42.5968 ], [ -66.5825, -42.5823 ], [ -66.5911, -42.547 ] ] } },
{ "type": "Feature", "properties": { "nombre": "Camino sin nombre", "longitud_km": 35.19 }, "geometry": { "type": "LineString", "coordinates": [ [ -68.4281, -42.7812 ], [ -68.4426, -42.7669 ], [ -68.4848, -42.6931 ], [ -68.4857, -42.6762 ], [ -68.4938, -42.6625 ], [ -68.4835, -42.656 ], [ -68.4769, -42.63 ], [ -68.4663, -42.6129 ], [ -68.3796, -42.572 ], [ -68.3346, -42.5273 ] ] } },
{ "type": "Feature", "properties": { "nombre": "Camino sin nombre", "longitud_km": 1.67 }, "geometry": { "type": "LineString", "coordinates": [ [ -66.2767, -42.6804 ], [ -66.259, -42.6729 ] ] } },
{ "type": "Feature", "properties": { "nombre": "Camino sin nombre", "longitud_km": 1.63 }, "geometry": { "type": "LineString", "coordinates": [ [ -66.2767, -42.6804 ], [ -66.2769, -42.6658 ] ] } },
{ "type": "Feature", "properties": { "nombre": "Camino sin nombre", "longitud_km": 4.86 }, "geometry": { "type": "LineString", "coordinates": [ [ -67.062, -42.6493 ], [ -67.1201, -42.6578 ] ] } },
{ "type": "Feature", "properties": { "nombre": "Camino sin nombre", "longitud_km": 10.09 }, "geometry": { "type": "LineString", "coordinates": [ [ -66.1885, -42.7013 ], [ -66.1885, -42.6105 ] ] } },
{ "type": "Feature", "properties": { "nombre": "Camino sin nombre", "longitud_km": 7.21 }, "geometry": { "type": "LineString", "coordinates": [ [ -66.5619, -42.7007 ], [ -66.5847, -42.7022 ], [ -66.6207, -42.6932 ], [ -66.6472, -42.697 ] ] } },
{ "type": "Feature", "properties": { "nombre": "Camino sin nombre", "longitud_km": 14.35 }, "geometry": { "type": "LineString", "coordinates": [ [ -66.3118, -42.7255 ], [ -66.2905, -42.7162 ], [ -66.2579, -42.7189 ], [ -66.2042, -42.7153 ], [ -66.1826, -42.7232 ], [ -66.1434, -42.7193 ] ] } },
{ "type": "Feature", "properties": { "nombre": "Camino sin nombre", "longitud_km": 5.77 }, "geometry": { "type": "LineString", "coordinates": [ [ -66.3118, -42.7255 ], [ -66.2767, -42.6804 ] ] } },
{ "type": "Feature", "properties": { "nombre": "Camino sin nombre", "longitud_km": 18.82 }, "geometry": { "type": "LineString", "coordinates": [ [ -70.8821, -42.3642 ], [ -70.8664, -42.3815 ], [ -70.8602, -42.4046 ], [ -70.8566, -42.4267 ], [ -70.867, -42.4404 ], [ -70.8551, -42.4569 ], [ -70.861, -42.474 ], [ -70.8444, -42.4819 ], [ -70.8401, -42.4978 ], [ -70.8256, -42.5006 ], [ -70.8326, -42.5076 ] ] } },
{ "type": "Feature", "properties": { "nombre": "Camino sin nombre", "longitud_km": 41.18 }, "geometry": { "type": "LineString", "coordinates": [ [ -65.681, -42.8352 ], [ -65.1948, -42.7395 ] ] } },
{ "type": "Feature", "properties": { "nombre": "Camino sin nombre", "longitud_km": 0.93 }, "geometry": { "type": "LineString", "coordinates": [ [ -64.9003, -42.8132 ], [ -64.8912, -42.8183 ] ] } },
{ "type": "Feature", "properties": { "nombre": "Camino sin nombre", "longitud_km": 39.37 }, "geometry": { "type": "LineString", "coordinates": [ [ -66.748, -42.8069 ], [ -66.6778, -42.801 ], [ -66.6534, -42.7926 ], [ -66.5379, -42.7884 ], [ -66.5161, -42.7818 ], [ -66.4933, -42.7573 ], [ -66.4201, -42.7236 ], [ -66.3642, -42.7307 ], [ -66.344, -42.7395 ], [ -66.3118, -42.7255 ] ] } },
{ "type": "Feature", "properties": { "nombre": "Camino sin nombre", "longitud_km": 3.04 }, "geometry": { "type": "LineString", "coordinates": [ [ -65.8139, -43.3828 ], [ -65.7874, -43.3634 ] ] } },
{ "type": "Feature", "properties": { "nombre": "Camino sin nombre", "longitud_km": 2.08 }, "geometry": { "type": "LineString", "coordinates": [ [ -67.6737, -42.8942 ], [ -67.658, -42.8933 ], [ -67.6565, -42.9003 ] ] } },
{ "type": "Feature", "properties": { "nombre": "Camino sin nombre", "longitud_km": 8.75 }, "geometry": { "type": "LineString", "coordinates": [ [ -65.9121, -42.7298 ], [ -65.9495, -42.7616 ], [ -65.9793, -42.7639 ], [ -65.9967, -42.771 ] ] } },
{ "type": "Feature", "properties": { "nombre": "Camino sin nombre", "longitud_km": 11.48 }, "geometry": { "type": "LineString", "coordinates": [ [ -69.1631, -42.6837 ], [ -69.1486, -42.673 ], [ -69.1481, -42.6628 ], [ -69.1329, -42.6304 ], [ -69.1072, -42.5911 ] ] } },
{ "type": "Feature", "properties": { "nombre": "Camino sin nombre", "longitud_km": 0.86 }, "geometry": { "type": "LineString", "coordinates": [ [ -71.4823, -42.4943 ], [ -71.4912, -42.4984 ] ] } },
{ "type": "Feature", "properties": { "nombre": "Camino sin nombre", "longitud_km": 5.68 }, "geometry": { "type": "LineString", "coordinates": [ [ -70.7855, -42.5363 ], [ -70.7206, -42.5542 ] ] } },
{ "type": "Feature", "properties": { "nombre": "Camino sin nombre", "longitud_km": 5.36 }, "geometry": { "type": "LineString", "coordinates": [ [ -70.7855, -42.5363 ], [ -70.793, -42.5432 ], [ -70.7761, -42.5428 ], [ -70.7427, -42.5535 ] ] } },
{ "type": "Feature", "properties": { "nombre": "Camino sin nombre", "longitud_km": 1.03 }, "geometry": { "type": "LineString", "coordinates": [ [ -71.4912, -42.4984 ], [ -71.4848, -42.5065 ] ] } },
{ "type": "Feature", "properties": { "nombre": "Camino sin nombre", "longitud_km": 10.65 }, "geometry": { "type": "LineString", "coordinates": [ [ -71.4912, -42.4984 ], [ -71.5018, -42.499 ], [ -71.5034, -42.5044 ], [ -71.5201, -42.5051 ], [ -71.5567, -42.4819 ], [ -71.5968, -42.4645 ] ] } },
{ "type": "Feature", "properties": { "nombre": "Camino sin nombre", "longitud_km": 4.4 }, "geometry": { "type": "LineString", "coordinates": [ [ -70.5507, -42.7178 ], [ -70.6022, -42.7069 ] ] } },
{ "type": "Feature", "properties": { "nombre": "Camino sin nombre", "longitud_km": 7.58 }, "geometry": { "type": "LineString", "coordinates": [ [ -64.9155, -42.8169 ], [ -64.9446, -42.7961 ], [ -64.9723, -42.7956 ], [ -64.9939, -42.7871 ] ] } },
{ "type": "Feature", "properties": { "nombre": "Camino sin nombre", "longitud_km": 1.73 }, "geometry": { "type": "LineString", "coordinates": [ [ -64.9003, -42.8132 ], [ -64.9212, -42.8157 ] ] } },
{ "type": "Feature", "properties": { "nombre": "Camino sin nombre", "longitud_km": 16.7 }, "geometry": { "type": "LineString", "coordinates": [ [ -69.1631, -42.6837 ], [ -69.2017, -42.6728 ], [ -69.2778, -42.6651 ], [ -69.3294, -42.6455 ], [ -69.3568, -42.643 ] ] } },
{ "type": "Feature", "properties": { "nombre": "Camino sin nombre", "longitud_km": 17.68 }, "geometry": { "type": "LineString", "coordinates": [ [ -70.7427, -42.5535 ], [ -70.6408, -42.5832 ], [ -70.5349, -42.5844 ] ] } },
{ "type": "Feature", "properties": { "nombre": "Camino sin nombre", "longitud_km": 6.69 }, "geometry": { "type": "LineString", "coordinates": [ [ -71.3871, -42.8832 ], [ -71.3752, -42.8918 ], [ -71.3284, -42.9064 ], [ -71.3194, -42.9146 ] ] } },
{ "type": "Feature", "properties": { "nombre": "Camino sin nombre", "longitud_km": 3.68 }, "geometry": { "type": "LineString", "coordinates": [ [ -65.0136, -42.8481 ], [ -64.9906, -42.8518 ], [ -64.9699, -42.8477 ] ] } },
{ "type": "Feature", "properties": { "nombre": "Camino sin nombre", "longitud_km": 2.99 }, "geometry": { "type": "LineString", "coordinates": [ [ -71.405, -42.998 ], [ -71.378, -43.0162 ] ] } },
{ "type": "Feature", "properties": { "nombre": "Camino sin nombre", "longitud_km": 11.23 }, "geometry": { "type": "LineString", "coordinates": [ [ -69.0286, -42.6786 ], [ -69.0749, -42.6717 ], [ -69.1631, -42.6837 ] ] } },
{ "type": "Feature", "properties": { "nombre": "Camino sin nombre", "longitud_km": 2.45 }, "geometry": { "type": "LineString", "coordinates": [ [ -64.8912, -42.8183 ], [ -64.886, -42.8307 ], [ -64.8757, -42.8357 ] ] } },
{ "type": "Feature", "properties": { "nombre": "Camino sin nombre", "longitud_km": 3.18 }, "geometry": { "type": "LineString", "coordinates": [ [ -64.9155, -42.8169 ], [ -64.9174, -42.8254 ], [ -64.9077, -42.837 ], [ -64.9085, -42.8433 ] ] } },
{ "type": "Feature", "properties": { "nombre": "Camino sin nombre", "longitud_km": 7.57 }, "geometry": { "type": "LineString", "coordinates": [ [ -66.8397, -42.7977 ], [ -66.748, -42.8069 ] ] } },
{ "type": "Feature", "properties": { "nombre": "Camino sin nombre", "longitud_km": 3.99 }, "geometry": { "type": "LineString", "coordinates": [ [ -70.6516, -42.9865 ], [ -70.6031, -42.9818 ] ] } },
{ "type": "Feature", "properties": { "nombre": "Camino sin nombre", "longitud_km": 14.32 }, "geometry": { "type": "LineString", "coordinates": [ [ -65.0535, -42.7786 ], [ -65.0414, -42.7916 ], [ -65.0516, -42.8181 ], [ -65.0673, -42.8311 ], [ -65.1153, -42.8383 ], [ -65.1406, -42.8646 ] ] } },
{ "type": "Feature", "properties": { "nombre": "Camino sin nombre", "longitud_km": 6.38 }, "geometry": { "type": "LineString", "coordinates": [ [ -65.7565, -42.846 ], [ -65.745, -42.8478 ], [ -65.681, -42.8352 ] ] } },
{ "type": "Feature", "properties": { "nombre": "Camino sin nombre", "longitud_km": 18.87 }, "geometry": { "type": "LineString", "coordinates": [ [ -71.0128, -42.6011 ], [ -70.9992, -42.5829 ], [ -70.9064, -42.5423 ], [ -70.8746, -42.5126 ], [ -70.8326, -42.5076 ] ] } },
{ "type": "Feature", "properties": { "nombre": "Camino sin nombre", "longitud_km": 2.07 }, "geometry": { "type": "LineString", "coordinates": [ [ -70.1564, -42.6596 ], [ -70.1472, -42.6596 ], [ -70.1354, -42.6515 ] ] } },
{ "type": "Feature", "properties": { "nombre": "Camino sin nombre", "longitud_km": 8.7 }, "geometry": { "type": "LineString", "coordinates": [ [ -69.1631, -42.6837 ], [ -69.1841, -42.7051 ], [ -69.1835, -42.7135 ], [ -69.1737, -42.7298 ], [ -69.1434, -42.7425 ] ] } },
{ "type": "Feature", "properties": { "nombre": "Camino sin nombre", "longitud_km": 1.36 }, "geometry": { "type": "LineString", "coordinates": [ [ -70.5361, -42.7236 ], [ -70.5507, -42.7178 ] ] } },
{ "type": "Feature", "properties": { "nombre": "Camino sin nombre", "longitud_km": 0.35 }, "geometry": { "type": "LineString", "coordinates": [ [ -70.7959, -42.7067 ], [ -70.7968, -42.7036 ] ] } },
{ "type": "Feature", "properties": { "nombre": "Camino sin nombre", "longitud_km": 10.6 }, "geometry": { "type": "LineString", "coordinates": [ [ -70.8659, -42.7077 ], [ -70.8476, -42.7091 ], [ -70.8416, -42.7027 ], [ -70.8069, -42.6947 ], [ -70.7529, -42.6957 ], [ -70.7561, -42.7027 ] ] } },
{ "type": "Feature", "properties": { "nombre": "Camino sin nombre", "longitud_km": 0.56 }, "geometry": { "type": "LineString", "coordinates": [ [ -65.1563, -43.2861 ], [ -65.1611, -43.2897 ] ] } },
{ "type": "Feature", "properties": { "nombre": "Camino sin nombre", "longitud_km": 5.09 }, "geometry": { "type": "LineString", "coordinates": [ [ -69.7017, -42.7198 ], [ -69.7122, -42.712 ], [ -69.6997, -42.6784 ] ] } },
{ "type": "Feature", "properties": { "nombre": "Camino sin nombre", "longitud_km": 1.63 }, "geometry": { "type": "LineString", "coordinates": [ [ -66.0208, -42.8781 ], [ -66.001, -42.8766 ] ] } },
{ "type": "Feature", "properties": { "nombre": "Camino sin nombre", "longitud_km": 6.97 }, "geometry": { "type": "LineString", "coordinates": [ [ -66.0208, -42.8781 ], [ -66.0209, -42.8303 ], [ -66.001, -42.8272 ] ] } },
{ "type": "Feature", "properties": { "nombre": "Camino sin nombre", "longitud_km": 15.78 }, "geometry": { "type": "LineString", "coordinates": [ [ -70.7427, -42.5535 ], [ -70.7472, -42.5637 ], [ -70.7658, -42.5696 ], [ -70.7757, -42.5795 ], [ -70.7704, -42.5932 ], [ -70.7735, -42.5982 ], [ -70.7963, -42.6068 ], [ -70.8093, -42.6188 ], [ -70.8077, -42.6346 ], [ -70.7944, -42.6454 ], [ -70.7707, -42.6544 ] ] } },
{ "type": "Feature", "properties": { "nombre": "Camino sin nombre", "longitud_km": 9.71 }, "geometry": { "type": "LineString", "coordinates": [ [ -69.5846, -42.7329 ], [ -69.5816, -42.7277 ], [ -69.6091, -42.7129 ], [ -69.6454, -42.6764 ], [ -69.6606, -42.6741 ] ] } },
{ "type": "Feature", "properties": { "nombre": "Camino sin nombre", "longitud_km": 1.04 }, "geometry": { "type": "LineString", "coordinates": [ [ -70.641, -42.9813 ], [ -70.6516, -42.9865 ] ] } },
{ "type": "Feature", "properties": { "nombre": "Camino sin nombre", "longitud_km": 24.86 }, "geometry": { "type": "LineString", "coordinates": [ [ -65.0231, -42.8368 ], [ -65.0288, -42.8498 ], [ -65.1427, -42.9761 ], [ -65.1819, -43.0272 ] ] } },
{ "type": "Feature", "properties": { "nombre": "Camino sin nombre", "longitud_km": 7.56 }, "geometry": { "type": "LineString", "coordinates": [ [ -64.7619, -42.9104 ], [ -64.7477, -42.8991 ], [ -64.7163, -42.9128 ], [ -64.7046, -42.9057 ], [ -64.7048, -42.891 ] ] } },
{ "type": "Feature", "properties": { "nombre": "Camino sin nombre", "longitud_km": 12.46 }, "geometry": { "type": "LineString", "coordinates": [ [ -69.8711, -42.6435 ], [ -69.8763, -42.6513 ], [ -69.8576, -42.67 ], [ -69.8636, -42.6767 ], [ -69.8607, -42.6856 ], [ -69.8649, -42.6925 ], [ -69.8515, -42.7066 ], [ -69.8667, -42.707 ], [ -69.8698, -42.7151 ], [ -69.8667, -42.7211 ], [ -69.8524, -42.7273 ] ] } },
{ "type": "Feature", "properties": { "nombre": "Camino sin nombre", "longitud_km": 2.78 }, "geometry": { "type": "LineString", "coordinates": [ [ -65.1563, -43.2861 ], [ -65.1473, -43.2925 ], [ -65.1312, -43.2821 ] ] } },
{ "type": "Feature", "properties": { "nombre": "Camino sin nombre", "longitud_km": 2.61 }, "geometry": { "type": "LineString", "coordinates": [ [ -70.7959, -42.7067 ], [ -70.7641, -42.7073 ] ] } },
{ "type": "Feature", "properties": { "nombre": "Camino sin nombre", "longitud_km": 5.14 }, "geometry": { "type": "LineString", "coordinates": [ [ -68.4281, -42.7812 ], [ -68.3987, -42.8222 ] ] } },
{ "type": "Feature", "properties": { "nombre": "Camino sin nombre", "longitud_km": 20.29 }, "geometry": { "type": "LineString", "coordinates": [ [ -70.7707, -42.6544 ], [ -70.7617, -42.6273 ], [ -70.7503, -42.6197 ], [ -70.6711, -42.6258 ], [ -70.6738, -42.6394 ], [ -70.6697, -42.652 ], [ -70.6324, -42.6811 ], [ -70.6378, -42.6984 ] ] } },
{ "type": "Feature", "properties": { "nombre": "Camino sin nombre", "longitud_km": 0.62 }, "geometry": { "type": "LineString", "coordinates": [ [ -70.6378, -42.6984 ], [ -70.6388, -42.704 ] ] } },
{ "type": "Feature", "properties": { "nombre": "Camino sin nombre", "longitud_km": 3.19 }, "geometry": { "type": "LineString", "coordinates": [ [ -70.6022, -42.7069 ], [ -70.6126, -42.7003 ], [ -70.6378, -42.6984 ] ] } },
{ "type": "Feature", "properties": { "nombre": "Camino sin nombre", "longitud_km": 3.01 }, "geometry": { "type": "LineString", "coordinates": [ [ -70.6388, -42.704 ], [ -70.6022, -42.7069 ] ] } },
{ "type": "Feature", "properties": { "nombre": "Camino sin nombre", "longitud_km": 13.22 }, "geometry": { "type": "LineString", "coordinates": [ [ -70.6388, -42.704 ], [ -70.7398, -42.6904 ], [ -70.7494, -42.6724 ], [ -70.7707, -42.6544 ] ] } },
{ "type": "Feature", "properties": { "nombre": "Camino sin nombre", "longitud_km": 6.29 }, "geometry": { "type": "LineString", "coordinates": [ [ -66.0208, -42.8781 ], [ -66.0174, -42.9166 ], [ -66.0286, -42.9199 ], [ -66.0314, -42.9287 ] ] } },
{ "type": "Feature", "properties": { "nombre": "Camino sin nombre", "longitud_km": 0.93 }, "geometry": { "type": "LineString", "coordinates": [ [ -65.3058, -43.2898 ], [ -65.314, -43.2839 ] ] } },
{ "type": "Feature", "properties": { "nombre": "Camino sin nombre", "longitud_km": 10.88 }, "geometry": { "type": "LineString", "coordinates": [ [ -70.5012, -42.733 ], [ -70.4489, -42.6682 ], [ -70.4265, -42.6528 ] ] } },
{ "type": "Feature", "properties": { "nombre": "Camino sin nombre", "longitud_km": 18.9 }, "geometry": { "type": "LineString", "coordinates": [ [ -68.5785, -42.8893 ], [ -68.5595, -42.8625 ], [ -68.5621, -42.8485 ], [ -68.5214, -42.8123 ], [ -68.4844, -42.8044 ], [ -68.4652, -42.787 ], [ -68.4281, -42.7812 ] ] } },
{ "type": "Feature", "properties": { "nombre": "Camino sin nombre", "longitud_km": 7.19 }, "geometry": { "type": "LineString", "coordinates": [ [ -70.8659, -42.7077 ], [ -70.8527, -42.7207 ], [ -70.8284, -42.7242 ], [ -70.8139, -42.7199 ], [ -70.7959, -42.7067 ] ] } },
{ "type": "Feature", "properties": { "nombre": "Camino sin nombre", "longitud_km": 8.83 }, "geometry": { "type": "LineString", "coordinates": [ [ -70.9627, -42.7247 ], [ -70.9305, -42.7159 ], [ -70.9191, -42.7056 ], [ -70.8992, -42.7008 ], [ -70.8659, -42.7077 ] ] } },
{ "type": "Feature", "properties": { "nombre": "Camino sin nombre", "longitud_km": 3.54 }, "geometry": { "type": "LineString", "coordinates": [ [ -66.0988, -42.9656 ], [ -66.0555, -42.965 ] ] } },
{ "type": "Feature", "properties": { "nombre": "Camino sin nombre", "longitud_km": 2.32 }, "geometry": { "type": "LineString", "coordinates": [ [ -66.1273, -42.9661 ], [ -66.0988, -42.9656 ] ] } },
{ "type": "Feature", "properties": { "nombre": "Camino sin nombre", "longitud_km": 4.38 }, "geometry": { "type": "LineString", "coordinates": [ [ -68.0017, -42.8678 ], [ -68.0114, -42.9065 ] ] } },
{ "type": "Feature", "properties": { "nombre": "Camino sin nombre", "longitud_km": 0.52 }, "geometry": { "type": "LineString", "coordinates": [ [ -71.1246, -42.8521 ], [ -71.1214, -42.8561 ] ] } },
{ "type": "Feature", "properties": { "nombre": "Camino sin nombre", "longitud_km": 3.87 }, "geometry": { "type": "LineString", "coordinates": [ [ -71.0401, -43.0432 ], [ -71.0606, -43.052 ], [ -71.0679, -43.0685 ] ] } },
{ "type": "Feature", "properties": { "nombre": "Camino sin nombre", "longitud_km": 20.32 }, "geometry": { "type": "LineString", "coordinates": [ [ -65.2529, -43.0108 ], [ -65.2414, -42.981 ], [ -65.1729, -42.8726 ], [ -65.139, -42.8518 ] ] } },
{ "type": "Feature", "properties": { "nombre": "Camino sin nombre", "longitud_km": 8.1 }, "geometry": { "type": "LineString", "coordinates": [ [ -65.2529, -43.0108 ], [ -65.3007, -42.9772 ], [ -65.2934, -42.9534 ] ] } },
{ "type": "Feature", "properties": { "nombre": "Camino sin nombre", "longitud_km": 12.13 }, "geometry": { "type": "LineString", "coordinates": [ [ -66.0988, -42.9656 ], [ -66.095, -43.004 ], [ -66.0525, -43.0044 ], [ -66.0555, -42.965 ] ] } },
{ "type": "Feature", "properties": { "nombre": "Camino sin nombre", "longitud_km": 16.11 }, "geometry": { "type": "LineString", "coordinates": [ [ -71.3585, -42.7534 ], [ -71.3617, -42.764 ], [ -71.3772, -42.7683 ], [ -71.3831, -42.7761 ], [ -71.3746, -42.7926 ], [ -71.3795, -42.8127 ], [ -71.3876, -42.823 ], [ -71.3866, -42.8361 ], [ -71.3944, -42.8548 ], [ -71.3839, -42.8712 ], [ -71.3871, -42.8832 ] ] } },
{ "type": "Feature", "properties": { "nombre": "Camino sin nombre", "longitud_km": 7.15 }, "geometry": { "type": "LineString", "coordinates": [ [ -68.5785, -42.8893 ], [ -68.5856, -42.9289 ], [ -68.58, -42.953 ] ] } },
{ "type": "Feature", "properties": { "nombre": "Camino sin nombre", "longitud_km": 7.97 }, "geometry": { "type": "LineString", "coordinates": [ [ -68.5785, -42.8893 ], [ -68.5882, -42.8948 ], [ -68.6257, -42.9512 ] ] } },
{ "type": "Feature", "properties": { "nombre": "Camino sin nombre", "longitud_km": 8.69 }, "geometry": { "type": "LineString", "coordinates": [ [ -70.7196, -42.8665 ], [ -70.6805, -42.8662 ], [ -70.6552, -42.8567 ], [ -70.6163, -42.8577 ] ] } },
{ "type": "Feature", "properties": { "nombre": "Camino sin nombre", "longitud_km": 0.5 }, "geometry": { "type": "LineString", "coordinates": [ [ -65.2903, -43.3001 ], [ -65.2948, -43.2971 ] ] } },
{ "type": "Feature", "properties": { "nombre": "Camino sin nombre", "longitud_km": 1.27 }, "geometry": { "type": "LineString", "coordinates": [ [ -65.5675, -43.2957 ], [ -65.5596, -43.2901 ], [ -65.556, -43.2924 ] ] } },
{ "type": "Feature", "properties": { "nombre": "Camino sin nombre", "longitud_km": 14.93 }, "geometry": { "type": "LineString", "coordinates": [ [ -70.8425, -42.7966 ], [ -70.8069, -42.8081 ], [ -70.7951, -42.8511 ], [ -70.788, -42.8572 ], [ -70.7578, -42.8698 ], [ -70.7196, -42.8665 ] ] } },
{ "type": "Feature", "properties": { "nombre": "Camino sin nombre", "longitud_km": 1.54 }, "geometry": { "type": "LineString", "coordinates": [ [ -65.3521, -43.3113 ], [ -65.3654, -43.3015 ] ] } },
{ "type": "Feature", "properties": { "nombre": "Camino sin nombre", "longitud_km": 9.44 }, "geometry": { "type": "LineString", "coordinates": [ [ -71.1946, -42.8063 ], [ -71.1748, -42.8008 ], [ -71.1506, -42.8147 ], [ -71.1405, -42.8158 ], [ -71.1386, -42.8354 ], [ -71.1246, -42.8521 ] ] } },
{ "type": "Feature", "properties": { "nombre": "Camino sin nombre", "longitud_km": 10.01 }, "geometry": { "type": "LineString", "coordinates": [ [ -70.8989, -42.8744 ], [ -70.8554, -42.837 ], [ -70.8463, -42.8101 ], [ -70.8471, -42.797 ] ] } },
{ "type": "Feature", "properties": { "nombre": "Camino sin nombre", "longitud_km": 9.95 }, "geometry": { "type": "LineString", "coordinates": [ [ -70.9577, -42.7959 ], [ -70.8989, -42.8744 ] ] } },
{ "type": "Feature", "properties": { "nombre": "Camino sin nombre", "longitud_km": 1.33 }, "geometry": { "type": "LineString", "coordinates": [ [ -70.8989, -42.8744 ], [ -70.8898, -42.8843 ] ] } },
{ "type": "Feature", "properties": { "nombre": "Camino sin nombre", "longitud_km": 33.66 }, "geometry": { "type": "LineString", "coordinates": [ [ -70.5644, -42.9741 ], [ -70.546, -42.9494 ], [ -70.5305, -42.9129 ], [ -70.4861, -42.9122 ], [ -70.4917, -42.9003 ], [ -70.5124, -42.8916 ], [ -70.5344, -42.8654 ], [ -70.5329, -42.8193 ], [ -70.5398, -42.7994 ], [ -70.5396, -42.7798 ], [ -70.5341, -42.7659 ], [ -70.5017, -42.7399 ], [ -70.5012, -42.733 ] ] } },
{ "type": "Feature", "properties": { "nombre": "Camino sin nombre", "longitud_km": 5.82 }, "geometry": { "type": "LineString", "coordinates": [ [ -70.7196, -42.8665 ], [ -70.7193, -42.8868 ], [ -70.7252, -42.8962 ], [ -70.7548, -42.8974 ] ] } },
{ "type": "Feature", "properties": { "nombre": "Camino sin nombre", "longitud_km": 13.33 }, "geometry": { "type": "LineString", "coordinates": [ [ -64.8917, -43.1878 ], [ -64.8167, -43.1564 ], [ -64.7798, -43.1308 ], [ -64.7548, -43.1243 ] ] } },
{ "type": "Feature", "properties": { "nombre": "Camino sin nombre", "longitud_km": 2.16 }, "geometry": { "type": "LineString", "coordinates": [ [ -64.8917, -43.1878 ], [ -64.8898, -43.2072 ] ] } },
{ "type": "Feature", "properties": { "nombre": "Camino sin nombre", "longitud_km": 25.55 }, "geometry": { "type": "LineString", "coordinates": [ [ -69.6524, -43.103 ], [ -69.6192, -43.0885 ], [ -69.6119, -43.0787 ], [ -69.5975, -43.0755 ], [ -69.5862, -43.0599 ], [ -69.5628, -43.0546 ], [ -69.5586, -43.0409 ], [ -69.5394, -43.0215 ], [ -69.5306, -43.0053 ], [ -69.4962, -42.9942 ], [ -69.4761, -42.978 ], [ -69.4247, -42.969 ] ] } },
{ "type": "Feature", "properties": { "nombre": "Camino sin nombre", "longitud_km": 18.86 }, "geometry": { "type": "LineString", "coordinates": [ [ -65.2529, -43.0108 ], [ -65.2791, -43.0635 ], [ -65.3234, -43.1039 ], [ -65.3368, -43.1531 ], [ -65.3464, -43.1624 ] ] } },
{ "type": "Feature", "properties": { "nombre": "Camino sin nombre", "longitud_km": 10.3 }, "geometry": { "type": "LineString", "coordinates": [ [ -71.2028, -42.946 ], [ -71.2319, -42.9363 ], [ -71.248, -42.9102 ], [ -71.2563, -42.9055 ], [ -71.2568, -42.8998 ], [ -71.2458, -42.8997 ], [ -71.2469, -42.8962 ], [ -71.2647, -42.8878 ] ] } },
{ "type": "Feature", "properties": { "nombre": "Camino sin nombre", "longitud_km": 5.66 }, "geometry": { "type": "LineString", "coordinates": [ [ -65.3694, -43.2063 ], [ -65.3465, -43.2544 ] ] } },
{ "type": "Feature", "properties": { "nombre": "Camino sin nombre", "longitud_km": 0.21 }, "geometry": { "type": "LineString", "coordinates": [ [ -65.4835, -43.2872 ], [ -65.4861, -43.2872 ] ] } },
{ "type": "Feature", "properties": { "nombre": "Camino sin nombre", "longitud_km": 1.4 }, "geometry": { "type": "LineString", "coordinates": [ [ -65.3526, -43.2924 ], [ -65.3649, -43.2836 ] ] } },
{ "type": "Feature", "properties": { "nombre": "Camino sin nombre", "longitud_km": 36.85 }, "geometry": { "type": "LineString", "coordinates": [ [ -67.9188, -43.0818 ], [ -67.934, -43.0779 ], [ -67.9373, -43.071 ], [ -67.9444, -43.0697 ], [ -67.9584, -43.0751 ], [ -67.9636, -43.0836 ], [ -67.9738, -43.0835 ], [ -67.9844, -43.0987 ], [ -68.0094, -43.1184 ], [ -68.0081, -43.1331 ], [ -68.0124, -43.1368 ], [ -68.0076, -43.1645 ], [ -67.9965, -43.1682 ], [ -67.9995, -43.1738 ], [ -67.9961, -43.1762 ], [ -67.9864, -43.1775 ], [ -67.9856, -43.1954 ], [ -68.0033, -43.2036 ], [ -67.9965, -43.2333 ], [ -67.9845, -43.2399 ], [ -67.9752, -43.2388 ], [ -67.9498, -43.254 ], [ -67.9168, -43.2868 ], [ -67.9105, -43.3017 ] ] } },
{ "type": "Feature", "properties": { "nombre": "Camino sin nombre", "longitud_km": 20.39 }, "geometry": { "type": "LineString", "coordinates": [ [ -71.4634, -42.7513 ], [ -71.4412, -42.7598 ], [ -71.4482, -42.7664 ], [ -71.4647, -42.7687 ], [ -71.462, -42.7781 ], [ -71.4673, -42.7877 ], [ -71.4573, -42.7995 ], [ -71.4615, -42.8141 ], [ -71.4574, -42.8377 ], [ -71.4453, -42.8412 ], [ -71.4382, -42.8513 ], [ -71.4212, -42.8572 ], [ -71.4107, -42.8705 ], [ -71.3871, -42.8832 ] ] } },
{ "type": "Feature", "properties": { "nombre": "Camino sin nombre", "longitud_km": 50.19 }, "geometry": { "type": "LineString", "coordinates": [ [ -69.9226, -42.9849 ], [ -69.8753, -42.9955 ], [ -69.8219, -42.9971 ], [ -69.777, -43.0233 ], [ -69.7527, -43.0526 ], [ -69.7118, -43.0821 ], [ -69.6861, -43.1283 ], [ -69.7156, -43.2577 ], [ -69.7145, -43.2725 ], [ -69.6948, -43.3089 ], [ -69.6923, -43.3315 ] ] } },
{ "type": "Feature", "properties": { "nombre": "Camino sin nombre", "longitud_km": 11.32 }, "geometry": { "type": "LineString", "coordinates": [ [ -65.0306, -43.195 ], [ -64.8917, -43.1878 ] ] } },
{ "type": "Feature", "properties": { "nombre": "Camino sin nombre", "longitud_km": 7.09 }, "geometry": { "type": "LineString", "coordinates": [ [ -70.661, -42.9533 ], [ -70.6463, -42.9347 ], [ -70.6428, -42.9163 ], [ -70.6341, -42.9057 ], [ -70.637, -42.8945 ] ] } },
{ "type": "Feature", "properties": { "nombre": "Camino sin nombre", "longitud_km": 1.46 }, "geometry": { "type": "LineString", "coordinates": [ [ -65.3272, -43.2743 ], [ -65.3401, -43.2835 ] ] } },
{ "type": "Feature", "properties": { "nombre": "Camino sin nombre", "longitud_km": 10.44 }, "geometry": { "type": "LineString", "coordinates": [ [ -70.4442, -42.9996 ], [ -70.4938, -42.979 ], [ -70.5644, -42.9741 ] ] } },
{ "type": "Feature", "properties": { "nombre": "Camino sin nombre", "longitud_km": 3.39 }, "geometry": { "type": "LineString", "coordinates": [ [ -70.6031, -42.9818 ], [ -70.5834, -42.9738 ], [ -70.5644, -42.9741 ] ] } },
{ "type": "Feature", "properties": { "nombre": "Camino sin nombre", "longitud_km": 0.78 }, "geometry": { "type": "LineString", "coordinates": [ [ -70.6108, -42.9776 ], [ -70.6031, -42.9818 ] ] } },
{ "type": "Feature", "properties": { "nombre": "Camino sin nombre", "longitud_km": 5.1 }, "geometry": { "type": "LineString", "coordinates": [ [ -70.3572, -43.0809 ], [ -70.3573, -43.067 ], [ -70.3271, -43.0439 ] ] } },
{ "type": "Feature", "properties": { "nombre": "Camino sin nombre", "longitud_km": 1.52 }, "geometry": { "type": "LineString", "coordinates": [ [ -65.2442, -43.2606 ], [ -65.2311, -43.2508 ] ] } },
{ "type": "Feature", "properties": { "nombre": "Camino sin nombre", "longitud_km": 9.24 }, "geometry": { "type": "LineString", "coordinates": [ [ -70.7512, -42.9895 ], [ -70.6971, -42.9689 ], [ -70.683, -42.9783 ], [ -70.6516, -42.9865 ] ] } },
{ "type": "Feature", "properties": { "nombre": "Camino sin nombre", "longitud_km": 5.53 }, "geometry": { "type": "LineString", "coordinates": [ [ -70.6017, -43.0316 ], [ -70.6031, -42.9818 ] ] } },
{ "type": "Feature", "properties": { "nombre": "Camino sin nombre", "longitud_km": 2.72 }, "geometry": { "type": "LineString", "coordinates": [ [ -71.1817, -42.9604 ], [ -71.1851, -42.9497 ], [ -71.2028, -42.946 ] ] } },
{ "type": "Feature", "properties": { "nombre": "Camino sin nombre", "longitud_km": 3.42 }, "geometry": { "type": "LineString", "coordinates": [ [ -70.6516, -42.9865 ], [ -70.6561, -42.9938 ], [ -70.6562, -43.0102 ], [ -70.6613, -43.0153 ] ] } },
{ "type": "Feature", "properties": { "nombre": "Camino sin nombre", "longitud_km": 9.3 }, "geometry": { "type": "LineString", "coordinates": [ [ -67.2232, -43.1784 ], [ -67.1862, -43.1692 ], [ -67.1152, -43.1876 ] ] } },
{ "type": "Feature", "properties": { "nombre": "Camino sin nombre", "longitud_km": 6.16 }, "geometry": { "type": "LineString", "coordinates": [ [ -71.3194, -42.9146 ], [ -71.3135, -42.9254 ], [ -71.3378, -42.9359 ], [ -71.3452, -42.9583 ] ] } },
{ "type": "Feature", "properties": { "nombre": "Camino sin nombre", "longitud_km": 2.72 }, "geometry": { "type": "LineString", "coordinates": [ [ -65.3649, -43.2836 ], [ -65.353, -43.2754 ], [ -65.3401, -43.2835 ] ] } },
{ "type": "Feature", "properties": { "nombre": "Camino sin nombre", "longitud_km": 2.79 }, "geometry": { "type": "LineString", "coordinates": [ [ -65.3649, -43.2836 ], [ -65.3772, -43.2749 ], [ -65.3898, -43.2834 ] ] } },
{ "type": "Feature", "properties": { "nombre": "Camino sin nombre", "longitud_km": 10.34 }, "geometry": { "type": "LineString", "coordinates": [ [ -71.3094, -42.9078 ], [ -71.2813, -42.9224 ], [ -71.2798, -42.9294 ], [ -71.3109, -42.9387 ], [ -71.3284, -42.9586 ], [ -71.3452, -42.9583 ] ] } },
{ "type": "Feature", "properties": { "nombre": "Camino sin nombre", "longitud_km": 1.35 }, "geometry": { "type": "LineString", "coordinates": [ [ -65.314, -43.2839 ], [ -65.3258, -43.2924 ] ] } },
{ "type": "Feature", "properties": { "nombre": "Camino sin nombre", "longitud_km": 23.64 }, "geometry": { "type": "LineString", "coordinates": [ [ -70.9714, -42.7922 ], [ -70.9566, -42.8127 ], [ -70.9477, -42.8478 ], [ -70.951, -42.861 ], [ -70.9836, -42.9115 ], [ -70.9832, -42.9218 ], [ -70.994, -42.9408 ], [ -71.0227, -42.9663 ], [ -71.0296, -42.9862 ] ] } },
{ "type": "Feature", "properties": { "nombre": "Camino sin nombre", "longitud_km": 4.41 }, "geometry": { "type": "LineString", "coordinates": [ [ -71.0296, -42.9862 ], [ -71.001, -42.9933 ], [ -70.9923, -42.9902 ], [ -70.9812, -42.9967 ] ] } },
{ "type": "Feature", "properties": { "nombre": "Camino sin nombre", "longitud_km": 1.09 }, "geometry": { "type": "LineString", "coordinates": [ [ -65.2449, -43.2604 ], [ -65.2506, -43.2646 ], [ -65.2543, -43.2618 ] ] } },
{ "type": "Feature", "properties": { "nombre": "Camino sin nombre", "longitud_km": 2.84 }, "geometry": { "type": "LineString", "coordinates": [ [ -71.4313, -42.9589 ], [ -71.4252, -42.962 ], [ -71.4232, -42.9754 ], [ -71.4145, -42.9776 ] ] } },
{ "type": "Feature", "properties": { "nombre": "Camino sin nombre", "longitud_km": 3.56 }, "geometry": { "type": "LineString", "coordinates": [ [ -71.0296, -42.9862 ], [ -71.0618, -43.0078 ] ] } },
{ "type": "Feature", "properties": { "nombre": "Camino sin nombre", "longitud_km": 16.2 }, "geometry": { "type": "LineString", "coordinates": [ [ -71.2808, -43.0836 ], [ -71.251, -43.0742 ], [ -71.2274, -43.0602 ], [ -71.215, -43.0446 ], [ -71.2135, -43.0279 ], [ -71.1839, -42.9997 ], [ -71.1761, -42.9709 ] ] } },
{ "type": "Feature", "properties": { "nombre": "Camino sin nombre", "longitud_km": 1.17 }, "geometry": { "type": "LineString", "coordinates": [ [ -65.3168, -43.267 ], [ -65.3272, -43.2743 ] ] } },
{ "type": "Feature", "properties": { "nombre": "Camino sin nombre", "longitud_km": 1.78 }, "geometry": { "type": "LineString", "coordinates": [ [ -65.3272, -43.2743 ], [ -65.3427, -43.263 ] ] } },
{ "type": "Feature", "properties": { "nombre": "Camino sin nombre", "longitud_km": 1.78 }, "geometry": { "type": "LineString", "coordinates": [ [ -65.22, -43.2777 ], [ -65.2047, -43.2662 ] ] } },
{ "type": "Feature", "properties": { "nombre": "Camino sin nombre", "longitud_km": 2.64 }, "geometry": { "type": "LineString", "coordinates": [ [ -65.22, -43.2777 ], [ -65.2428, -43.2608 ] ] } },
{ "type": "Feature", "properties": { "nombre": "Camino sin nombre", "longitud_km": 2.23 }, "geometry": { "type": "LineString", "coordinates": [ [ -65.2508, -43.2648 ], [ -65.2701, -43.2791 ] ] } },
{ "type": "Feature", "properties": { "nombre": "Camino sin nombre", "longitud_km": 1.29 }, "geometry": { "type": "LineString", "coordinates": [ [ -65.1824, -43.2829 ], [ -65.1708, -43.2751 ] ] } },
{ "type": "Feature", "properties": { "nombre": "Camino sin nombre", "longitud_km": 11.5 }, "geometry": { "type": "LineString", "coordinates": [ [ -65.3487, -43.2667 ], [ -65.3598, -43.27 ], [ -65.3744, -43.2649 ], [ -65.4209, -43.2714 ], [ -65.4835, -43.2872 ] ] } },
{ "type": "Feature", "properties": { "nombre": "Camino sin nombre", "longitud_km": 8.09 }, "geometry": { "type": "LineString", "coordinates": [ [ -71.3452, -42.9583 ], [ -71.3463, -42.9623 ], [ -71.3367, -42.9695 ], [ -71.3359, -42.982 ], [ -71.378, -43.0162 ] ] } },
{ "type": "Feature", "properties": { "nombre": "Camino sin nombre", "longitud_km": 0.93 }, "geometry": { "type": "LineString", "coordinates": [ [ -65.1484, -43.28 ], [ -65.1563, -43.2861 ] ] } },
{ "type": "Feature", "properties": { "nombre": "Camino sin nombre", "longitud_km": 1.29 }, "geometry": { "type": "LineString", "coordinates": [ [ -65.3026, -43.2758 ], [ -65.314, -43.2839 ] ] } },
{ "type": "Feature", "properties": { "nombre": "Camino sin nombre", "longitud_km": 1.51 }, "geometry": { "type": "LineString", "coordinates": [ [ -65.314, -43.2839 ], [ -65.3272, -43.2743 ] ] } },
{ "type": "Feature", "properties": { "nombre": "Camino sin nombre", "longitud_km": 9.58 }, "geometry": { "type": "LineString", "coordinates": [ [ -71.5658, -42.9901 ], [ -71.5765, -43.0179 ], [ -71.5701, -43.0295 ], [ -71.5656, -43.0219 ], [ -71.5565, -43.0189 ], [ -71.5598, -43.0095 ], [ -71.5479, -43.0017 ], [ -71.5454, -42.9942 ] ] } },
{ "type": "Feature", "properties": { "nombre": "Camino sin nombre", "longitud_km": 1.21 }, "geometry": { "type": "LineString", "coordinates": [ [ -65.2948, -43.2971 ], [ -65.3058, -43.2898 ] ] } },
{ "type": "Feature", "properties": { "nombre": "Camino sin nombre", "longitud_km": 2.1 }, "geometry": { "type": "LineString", "coordinates": [ [ -65.3258, -43.2924 ], [ -65.3205, -43.297 ], [ -65.3058, -43.2898 ] ] } },
{ "type": "Feature", "properties": { "nombre": "Camino sin nombre", "longitud_km": 1.59 }, "geometry": { "type": "LineString", "coordinates": [ [ -65.4028, -43.2923 ], [ -65.4213, -43.2969 ] ] } },
{ "type": "Feature", "properties": { "nombre": "Camino sin nombre", "longitud_km": 1.45 }, "geometry": { "type": "LineString", "coordinates": [ [ -65.4213, -43.2969 ], [ -65.434, -43.2876 ] ] } },
{ "type": "Feature", "properties": { "nombre": "Camino sin nombre", "longitud_km": 1.53 }, "geometry": { "type": "LineString", "coordinates": [ [ -65.3391, -43.302 ], [ -65.3526, -43.2924 ] ] } },
{ "type": "Feature", "properties": { "nombre": "Camino sin nombre", "longitud_km": 1.45 }, "geometry": { "type": "LineString", "coordinates": [ [ -65.3526, -43.2924 ], [ -65.3654, -43.3015 ] ] } },
{ "type": "Feature", "properties": { "nombre": "Camino sin nombre", "longitud_km": 1.41 }, "geometry": { "type": "LineString", "coordinates": [ [ -65.3654, -43.3015 ], [ -65.3776, -43.2924 ] ] } },
{ "type": "Feature", "properties": { "nombre": "Camino sin nombre", "longitud_km": 8.53 }, "geometry": { "type": "LineString", "coordinates": [ [ -70.5011, -43.0672 ], [ -70.6056, -43.073 ] ] } },
{ "type": "Feature", "properties": { "nombre": "Camino sin nombre", "longitud_km": 4.61 }, "geometry": { "type": "LineString", "coordinates": [ [ -70.6056, -43.073 ], [ -70.6017, -43.0316 ] ] } },
{ "type": "Feature", "properties": { "nombre": "Camino sin nombre", "longitud_km": 2.64 }, "geometry": { "type": "LineString", "coordinates": [ [ -71.0309, -43.0214 ], [ -71.0373, -43.0266 ], [ -71.0401, -43.0432 ] ] } },
{ "type": "Feature", "properties": { "nombre": "Camino sin nombre", "longitud_km": 2.13 }, "geometry": { "type": "LineString", "coordinates": [ [ -65.4835, -43.2872 ], [ -65.4651, -43.3009 ] ] } },
{ "type": "Feature", "properties": { "nombre": "Camino sin nombre", "longitud_km": 2.72 }, "geometry": { "type": "LineString", "coordinates": [ [ -65.6028, -43.2952 ], [ -65.6245, -43.2922 ], [ -65.6326, -43.2982 ] ] } },
{ "type": "Feature", "properties": { "nombre": "Camino sin nombre", "longitud_km": 0.53 }, "geometry": { "type": "LineString", "coordinates": [ [ -65.637, -43.2947 ], [ -65.6326, -43.2982 ] ] } },
{ "type": "Feature", "properties": { "nombre": "Camino sin nombre", "longitud_km": 1.01 }, "geometry": { "type": "LineString", "coordinates": [ [ -65.585, -43.295 ], [ -65.5941, -43.3012 ] ] } },
{ "type": "Feature", "properties": { "nombre": "Camino sin nombre", "longitud_km": 0.97 }, "geometry": { "type": "LineString", "coordinates": [ [ -65.5941, -43.3012 ], [ -65.6028, -43.2952 ] ] } },
{ "type": "Feature", "properties": { "nombre": "Camino sin nombre", "longitud_km": 0.39 }, "geometry": { "type": "LineString", "coordinates": [ [ -65.66, -43.2983 ], [ -65.6635, -43.3007 ] ] } },
{ "type": "Feature", "properties": { "nombre": "Camino sin nombre", "longitud_km": 2.83 }, "geometry": { "type": "LineString", "coordinates": [ [ -65.4591, -43.3053 ], [ -65.434, -43.2876 ] ] } },
{ "type": "Feature", "properties": { "nombre": "Camino sin nombre", "longitud_km": 0.7 }, "geometry": { "type": "LineString", "coordinates": [ [ -65.4651, -43.3009 ], [ -65.4591, -43.3053 ] ] } },
{ "type": "Feature", "properties": { "nombre": "Camino sin nombre", "longitud_km": 2.83 }, "geometry": { "type": "LineString", "coordinates": [ [ -65.5329, -43.2952 ], [ -65.5384, -43.2908 ], [ -65.5456, -43.2922 ], [ -65.5561, -43.304 ] ] } },
{ "type": "Feature", "properties": { "nombre": "Camino sin nombre", "longitud_km": 1.31 }, "geometry": { "type": "LineString", "coordinates": [ [ -65.5675, -43.2957 ], [ -65.5561, -43.304 ] ] } },
{ "type": "Feature", "properties": { "nombre": "Camino sin nombre", "longitud_km": 2.81 }, "geometry": { "type": "LineString", "coordinates": [ [ -70.854, -43.0634 ], [ -70.857, -43.053 ], [ -70.8503, -43.0466 ], [ -70.8527, -43.0402 ] ] } },
{ "type": "Feature", "properties": { "nombre": "Camino sin nombre", "longitud_km": 0.39 }, "geometry": { "type": "LineString", "coordinates": [ [ -65.6635, -43.3007 ], [ -65.66, -43.3032 ] ] } },
{ "type": "Feature", "properties": { "nombre": "Camino sin nombre", "longitud_km": 24.02 }, "geometry": { "type": "LineString", "coordinates": [ [ -67.7688, -43.293 ], [ -67.7615, -43.278 ], [ -67.7682, -43.2674 ], [ -67.7571, -43.2394 ], [ -67.7281, -43.2299 ], [ -67.6912, -43.2095 ], [ -67.68, -43.1997 ], [ -67.6781, -43.1918 ], [ -67.6474, -43.1734 ], [ -67.6376, -43.147 ], [ -67.607, -43.1353 ] ] } },
{ "type": "Feature", "properties": { "nombre": "Camino sin nombre", "longitud_km": 0.63 }, "geometry": { "type": "LineString", "coordinates": [ [ -65.5561, -43.304 ], [ -65.5507, -43.308 ] ] } },
{ "type": "Feature", "properties": { "nombre": "Camino sin nombre", "longitud_km": 1.92 }, "geometry": { "type": "LineString", "coordinates": [ [ -65.5847, -43.3076 ], [ -65.5675, -43.2957 ] ] } },
{ "type": "Feature", "properties": { "nombre": "Camino sin nombre", "longitud_km": 9.17 }, "geometry": { "type": "LineString", "coordinates": [ [ -70.7131, -43.0761 ], [ -70.6657, -43.0591 ], [ -70.6613, -43.0153 ] ] } },
{ "type": "Feature", "properties": { "nombre": "Camino sin nombre", "longitud_km": 1.5 }, "geometry": { "type": "LineString", "coordinates": [ [ -65.4651, -43.3009 ], [ -65.4784, -43.3102 ] ] } },
{ "type": "Feature", "properties": { "nombre": "Camino sin nombre", "longitud_km": 2.48 }, "geometry": { "type": "LineString", "coordinates": [ [ -65.4784, -43.3102 ], [ -65.4978, -43.2929 ] ] } },
{ "type": "Feature", "properties": { "nombre": "Camino sin nombre", "longitud_km": 1.97 }, "geometry": { "type": "LineString", "coordinates": [ [ -65.6202, -43.3076 ], [ -65.6028, -43.2952 ] ] } },
{ "type": "Feature", "properties": { "nombre": "Camino sin nombre", "longitud_km": 1.46 }, "geometry": { "type": "LineString", "coordinates": [ [ -65.6326, -43.2982 ], [ -65.6202, -43.3076 ] ] } },
{ "type": "Feature", "properties": { "nombre": "Camino sin nombre", "longitud_km": 23.4 }, "geometry": { "type": "LineString", "coordinates": [ [ -68.7434, -43.331 ], [ -68.7439, -43.3066 ], [ -68.7515, -43.2898 ], [ -68.7937, -43.2612 ], [ -68.7992, -43.2164 ], [ -68.8159, -43.2016 ], [ -68.82, -43.1835 ], [ -68.8389, -43.1733 ], [ -68.8434, -43.164 ], [ -68.8642, -43.1567 ] ] } },
{ "type": "Feature", "properties": { "nombre": "Camino sin nombre", "longitud_km": 2.01 }, "geometry": { "type": "LineString", "coordinates": [ [ -65.6549, -43.3072 ], [ -65.637, -43.2947 ] ] } },
{ "type": "Feature", "properties": { "nombre": "Camino sin nombre", "longitud_km": 0.61 }, "geometry": { "type": "LineString", "coordinates": [ [ -65.66, -43.3032 ], [ -65.6549, -43.3072 ] ] } },
{ "type": "Feature", "properties": { "nombre": "Camino sin nombre", "longitud_km": 1.42 }, "geometry": { "type": "LineString", "coordinates": [ [ -65.4159, -43.319 ], [ -65.4035, -43.328 ] ] } },
{ "type": "Feature", "properties": { "nombre": "Camino sin nombre", "longitud_km": 2.18 }, "geometry": { "type": "LineString", "coordinates": [ [ -65.738, -43.3022 ], [ -65.7116, -43.3059 ] ] } },
{ "type": "Feature", "properties": { "nombre": "Camino sin nombre", "longitud_km": 1.28 }, "geometry": { "type": "LineString", "coordinates": [ [ -70.6063, -43.0845 ], [ -70.6056, -43.073 ] ] } },
{ "type": "Feature", "properties": { "nombre": "Camino sin nombre", "longitud_km": 2.84 }, "geometry": { "type": "LineString", "coordinates": [ [ -65.4213, -43.2969 ], [ -65.4467, -43.3146 ] ] } },
{ "type": "Feature", "properties": { "nombre": "Camino sin nombre", "longitud_km": 1.44 }, "geometry": { "type": "LineString", "coordinates": [ [ -65.4591, -43.3053 ], [ -65.4467, -43.3146 ] ] } },
{ "type": "Feature", "properties": { "nombre": "Camino sin nombre", "longitud_km": 1.04 }, "geometry": { "type": "LineString", "coordinates": [ [ -65.6692, -43.3097 ], [ -65.66, -43.3032 ] ] } },
{ "type": "Feature", "properties": { "nombre": "Camino sin nombre", "longitud_km": 1.42 }, "geometry": { "type": "LineString", "coordinates": [ [ -65.6635, -43.3007 ], [ -65.6726, -43.307 ], [ -65.6692, -43.3097 ] ] } },
{ "type": "Feature", "properties": { "nombre": "Camino sin nombre", "longitud_km": 2.41 }, "geometry": { "type": "LineString", "coordinates": [ [ -65.6844, -43.3093 ], [ -65.668, -43.2973 ], [ -65.6635, -43.3007 ] ] } },
{ "type": "Feature", "properties": { "nombre": "Camino sin nombre", "longitud_km": 1.99 }, "geometry": { "type": "LineString", "coordinates": [ [ -65.6503, -43.3106 ], [ -65.6326, -43.2982 ] ] } },
{ "type": "Feature", "properties": { "nombre": "Camino sin nombre", "longitud_km": 0.52 }, "geometry": { "type": "LineString", "coordinates": [ [ -65.6549, -43.3072 ], [ -65.6503, -43.3106 ] ] } },
{ "type": "Feature", "properties": { "nombre": "Camino sin nombre", "longitud_km": 1.5 }, "geometry": { "type": "LineString", "coordinates": [ [ -65.4723, -43.3147 ], [ -65.4591, -43.3053 ] ] } },
{ "type": "Feature", "properties": { "nombre": "Camino sin nombre", "longitud_km": 0.71 }, "geometry": { "type": "LineString", "coordinates": [ [ -65.4723, -43.3147 ], [ -65.4784, -43.3102 ] ] } },
{ "type": "Feature", "properties": { "nombre": "Camino sin nombre", "longitud_km": 2.8 }, "geometry": { "type": "LineString", "coordinates": [ [ -65.4531, -43.3362 ], [ -65.4475, -43.3409 ], [ -65.4287, -43.3279 ] ] } },
{ "type": "Feature", "properties": { "nombre": "Camino sin nombre", "longitud_km": 27.9 }, "geometry": { "type": "LineString", "coordinates": [ [ -70.43, -43.2999 ], [ -70.42, -43.2655 ], [ -70.4066, -43.247 ], [ -70.3879, -43.2047 ], [ -70.3823, -43.1777 ], [ -70.3889, -43.1535 ], [ -70.3611, -43.1542 ], [ -70.3465, -43.1347 ], [ -70.3486, -43.1073 ], [ -70.358, -43.0971 ], [ -70.3572, -43.0809 ] ] } },
{ "type": "Feature", "properties": { "nombre": "Camino sin nombre", "longitud_km": 2.85 }, "geometry": { "type": "LineString", "coordinates": [ [ -65.3654, -43.3015 ], [ -65.3906, -43.3193 ] ] } },
{ "type": "Feature", "properties": { "nombre": "Camino sin nombre", "longitud_km": 1.57 }, "geometry": { "type": "LineString", "coordinates": [ [ -65.6844, -43.3093 ], [ -65.69, -43.3064 ], [ -65.6989, -43.3127 ] ] } },
{ "type": "Feature", "properties": { "nombre": "Camino sin nombre", "longitud_km": 1.65 }, "geometry": { "type": "LineString", "coordinates": [ [ -65.6692, -43.3097 ], [ -65.6641, -43.3137 ], [ -65.6549, -43.3072 ] ] } },
{ "type": "Feature", "properties": { "nombre": "Camino sin nombre", "longitud_km": 1.43 }, "geometry": { "type": "LineString", "coordinates": [ [ -65.4784, -43.3102 ], [ -65.4911, -43.3191 ] ] } },
{ "type": "Feature", "properties": { "nombre": "Camino sin nombre", "longitud_km": 0.88 }, "geometry": { "type": "LineString", "coordinates": [ [ -65.677, -43.3152 ], [ -65.6692, -43.3097 ] ] } },
{ "type": "Feature", "properties": { "nombre": "Camino sin nombre", "longitud_km": 0.89 }, "geometry": { "type": "LineString", "coordinates": [ [ -65.6844, -43.3093 ], [ -65.677, -43.3152 ] ] } },
{ "type": "Feature", "properties": { "nombre": "Camino sin nombre", "longitud_km": 4.16 }, "geometry": { "type": "LineString", "coordinates": [ [ -65.3036, -43.3032 ], [ -65.3332, -43.3252 ], [ -65.3395, -43.3205 ] ] } },
{ "type": "Feature", "properties": { "nombre": "Camino sin nombre", "longitud_km": 1.37 }, "geometry": { "type": "LineString", "coordinates": [ [ -65.4467, -43.3146 ], [ -65.4348, -43.3234 ] ] } },
{ "type": "Feature", "properties": { "nombre": "Camino sin nombre", "longitud_km": 1.97 }, "geometry": { "type": "LineString", "coordinates": [ [ -65.568, -43.3205 ], [ -65.5847, -43.3076 ] ] } },
{ "type": "Feature", "properties": { "nombre": "Camino sin nombre", "longitud_km": 2.05 }, "geometry": { "type": "LineString", "coordinates": [ [ -65.5859, -43.3334 ], [ -65.5682, -43.3466 ] ] } },
{ "type": "Feature", "properties": { "nombre": "Camino sin nombre", "longitud_km": 3.96 }, "geometry": { "type": "LineString", "coordinates": [ [ -65.5859, -43.3334 ], [ -65.6033, -43.346 ], [ -65.6198, -43.3329 ] ] } },
{ "type": "Feature", "properties": { "nombre": "Camino sin nombre", "longitud_km": 20.65 }, "geometry": { "type": "LineString", "coordinates": [ [ -69.9283, -43.1665 ], [ -69.8655, -43.1407 ], [ -69.8391, -43.1351 ], [ -69.7788, -43.1321 ], [ -69.7598, -43.1379 ], [ -69.7206, -43.1387 ], [ -69.7033, -43.1171 ] ] } },
{ "type": "Feature", "properties": { "nombre": "Camino sin nombre", "longitud_km": 2.19 }, "geometry": { "type": "LineString", "coordinates": [ [ -65.5507, -43.308 ], [ -65.5315, -43.3218 ] ] } },
{ "type": "Feature", "properties": { "nombre": "Camino sin nombre", "longitud_km": 2.07 }, "geometry": { "type": "LineString", "coordinates": [ [ -65.6032, -43.3205 ], [ -65.5847, -43.3076 ] ] } },
{ "type": "Feature", "properties": { "nombre": "Camino sin nombre", "longitud_km": 1.49 }, "geometry": { "type": "LineString", "coordinates": [ [ -65.4467, -43.3146 ], [ -65.4599, -43.3238 ] ] } },
{ "type": "Feature", "properties": { "nombre": "Camino sin nombre", "longitud_km": 1.43 }, "geometry": { "type": "LineString", "coordinates": [ [ -65.4599, -43.3238 ], [ -65.4723, -43.3147 ] ] } },
{ "type": "Feature", "properties": { "nombre": "Camino sin nombre", "longitud_km": 1.48 }, "geometry": { "type": "LineString", "coordinates": [ [ -65.6503, -43.3106 ], [ -65.6376, -43.3201 ] ] } },
{ "type": "Feature", "properties": { "nombre": "Camino sin nombre", "longitud_km": 1.43 }, "geometry": { "type": "LineString", "coordinates": [ [ -65.4849, -43.3237 ], [ -65.4723, -43.3147 ] ] } },
{ "type": "Feature", "properties": { "nombre": "Camino sin nombre", "longitud_km": 0.99 }, "geometry": { "type": "LineString", "coordinates": [ [ -65.7077, -43.3189 ], [ -65.6989, -43.3127 ] ] } },
{ "type": "Feature", "properties": { "nombre": "Camino sin nombre", "longitud_km": 11.03 }, "geometry": { "type": "LineString", "coordinates": [ [ -70.8184, -43.0614 ], [ -70.8055, -43.0658 ], [ -70.7936, -43.0838 ], [ -70.7876, -43.0855 ], [ -70.7775, -43.0825 ], [ -70.7704, -43.0714 ], [ -70.7605, -43.0678 ], [ -70.7131, -43.0761 ] ] } },
{ "type": "Feature", "properties": { "nombre": "Camino sin nombre", "longitud_km": 1.42 }, "geometry": { "type": "LineString", "coordinates": [ [ -65.3906, -43.3193 ], [ -65.4035, -43.328 ] ] } },
{ "type": "Feature", "properties": { "nombre": "Camino sin nombre", "longitud_km": 1.44 }, "geometry": { "type": "LineString", "coordinates": [ [ -65.4287, -43.3279 ], [ -65.4159, -43.319 ] ] } },
{ "type": "Feature", "properties": { "nombre": "Camino sin nombre", "longitud_km": 0.7 }, "geometry": { "type": "LineString", "coordinates": [ [ -65.4348, -43.3234 ], [ -65.4287, -43.3279 ] ] } },
{ "type": "Feature", "properties": { "nombre": "Camino sin nombre", "longitud_km": 1.1 }, "geometry": { "type": "LineString", "coordinates": [ [ -65.6867, -43.3221 ], [ -65.677, -43.3152 ] ] } },
{ "type": "Feature", "properties": { "nombre": "Camino sin nombre", "longitud_km": 1.94 }, "geometry": { "type": "LineString", "coordinates": [ [ -65.6676, -43.3227 ], [ -65.6503, -43.3106 ] ] } },
{ "type": "Feature", "properties": { "nombre": "Camino sin nombre", "longitud_km": 1.12 }, "geometry": { "type": "LineString", "coordinates": [ [ -65.677, -43.3152 ], [ -65.6676, -43.3227 ] ] } },
{ "type": "Feature", "properties": { "nombre": "Camino sin nombre", "longitud_km": 2.16 }, "geometry": { "type": "LineString", "coordinates": [ [ -65.3648, -43.3204 ], [ -65.3771, -43.3292 ], [ -65.3838, -43.3243 ] ] } },
{ "type": "Feature", "properties": { "nombre": "Camino sin nombre", "longitud_km": 10.97 }, "geometry": { "type": "LineString", "coordinates": [ [ -71.7144, -43.021 ], [ -71.7139, -43.0045 ], [ -71.7204, -42.9919 ], [ -71.7174, -42.9537 ], [ -71.7089, -42.9238 ] ] } },
{ "type": "Feature", "properties": { "nombre": "Camino sin nombre", "longitud_km": 0.54 }, "geometry": { "type": "LineString", "coordinates": [ [ -65.7031, -43.3224 ], [ -65.7077, -43.3189 ] ] } },
{ "type": "Feature", "properties": { "nombre": "Camino sin nombre", "longitud_km": 9.14 }, "geometry": { "type": "LineString", "coordinates": [ [ -70.6063, -43.0845 ], [ -70.541, -43.1056 ], [ -70.5002, -43.1044 ] ] } },
{ "type": "Feature", "properties": { "nombre": "Camino sin nombre", "longitud_km": 2.62 }, "geometry": { "type": "LineString", "coordinates": [ [ -65.7342, -43.3253 ], [ -65.7102, -43.3095 ] ] } },
{ "type": "Feature", "properties": { "nombre": "Camino sin nombre", "longitud_km": 2.2 }, "geometry": { "type": "LineString", "coordinates": [ [ -65.3838, -43.3243 ], [ -65.3966, -43.333 ], [ -65.4035, -43.328 ] ] } },
{ "type": "Feature", "properties": { "nombre": "Camino sin nombre", "longitud_km": 0.98 }, "geometry": { "type": "LineString", "coordinates": [ [ -65.6954, -43.3283 ], [ -65.6867, -43.3221 ] ] } },
{ "type": "Feature", "properties": { "nombre": "Camino sin nombre", "longitud_km": 0.9 }, "geometry": { "type": "LineString", "coordinates": [ [ -65.6954, -43.3283 ], [ -65.7031, -43.3224 ] ] } },
{ "type": "Feature", "properties": { "nombre": "Camino sin nombre", "longitud_km": 4.41 }, "geometry": { "type": "LineString", "coordinates": [ [ -65.3004, -43.3302 ], [ -65.2983, -43.3355 ], [ -65.2755, -43.3146 ], [ -65.2652, -43.3147 ] ] } },
{ "type": "Feature", "properties": { "nombre": "Camino sin nombre", "longitud_km": 4.09 }, "geometry": { "type": "LineString", "coordinates": [ [ -65.6551, -43.3326 ], [ -65.6384, -43.3459 ], [ -65.6198, -43.3329 ] ] } },
{ "type": "Feature", "properties": { "nombre": "Camino sin nombre", "longitud_km": 4.73 }, "geometry": { "type": "LineString", "coordinates": [ [ -65.5665, -43.3479 ], [ -65.5085, -43.3434 ] ] } },
{ "type": "Feature", "properties": { "nombre": "Camino sin nombre", "longitud_km": 0.2 }, "geometry": { "type": "LineString", "coordinates": [ [ -65.5682, -43.3466 ], [ -65.5665, -43.3479 ] ] } },
{ "type": "Feature", "properties": { "nombre": "Camino sin nombre", "longitud_km": 4.63 }, "geometry": { "type": "LineString", "coordinates": [ [ -70.5959, -43.1254 ], [ -70.6063, -43.0845 ] ] } },
{ "type": "Feature", "properties": { "nombre": "Camino sin nombre", "longitud_km": 0.93 }, "geometry": { "type": "LineString", "coordinates": [ [ -65.8046, -43.3382 ], [ -65.813, -43.344 ] ] } },
{ "type": "Feature", "properties": { "nombre": "Camino sin nombre", "longitud_km": 1.07 }, "geometry": { "type": "LineString", "coordinates": [ [ -65.7865, -43.3378 ], [ -65.7959, -43.3445 ] ] } },
{ "type": "Feature", "properties": { "nombre": "Camino sin nombre", "longitud_km": 48.3 }, "geometry": { "type": "LineString", "coordinates": [ [ -70.1535, -43.1202 ], [ -70.1743, -43.1628 ], [ -70.1563, -43.1944 ], [ -70.1349, -43.205 ], [ -70.1305, -43.2181 ], [ -70.1389, -43.2236 ], [ -70.1629, -43.2221 ], [ -70.1884, -43.2325 ], [ -70.2236, -43.2614 ], [ -70.2492, -43.2639 ], [ -70.2743, -43.2728 ], [ -70.2765, -43.3024 ], [ -70.2853, -43.3092 ], [ -70.2638, -43.3288 ], [ -70.224, -43.3504 ], [ -70.1879, -43.3536 ], [ -70.1725, -43.3607 ], [ -70.1648, -43.3726 ], [ -70.171, -43.3752 ], [ -70.1771, -43.3922 ], [ -70.1596, -43.4094 ] ] } },
{ "type": "Feature", "properties": { "nombre": "Camino sin nombre", "longitud_km": 2.86 }, "geometry": { "type": "LineString", "coordinates": [ [ -65.4035, -43.328 ], [ -65.4166, -43.3369 ], [ -65.4287, -43.3279 ] ] } },
{ "type": "Feature", "properties": { "nombre": "Camino sin nombre", "longitud_km": 0.57 }, "geometry": { "type": "LineString", "coordinates": [ [ -65.4531, -43.3362 ], [ -65.448, -43.3326 ] ] } },
{ "type": "Feature", "properties": { "nombre": "Camino sin nombre", "longitud_km": 1.93 }, "geometry": { "type": "LineString", "coordinates": [ [ -65.6198, -43.3329 ], [ -65.6032, -43.3205 ] ] } },
{ "type": "Feature", "properties": { "nombre": "Camino sin nombre", "longitud_km": 2.03 }, "geometry": { "type": "LineString", "coordinates": [ [ -65.6376, -43.3201 ], [ -65.6198, -43.3329 ] ] } },
{ "type": "Feature", "properties": { "nombre": "Camino sin nombre", "longitud_km": 1.76 }, "geometry": { "type": "LineString", "coordinates": [ [ -65.5342, -43.3238 ], [ -65.5501, -43.3345 ] ] } },
{ "type": "Feature", "properties": { "nombre": "Camino sin nombre", "longitud_km": 2.13 }, "geometry": { "type": "LineString", "coordinates": [ [ -65.5501, -43.3345 ], [ -65.568, -43.3205 ] ] } },
{ "type": "Feature", "properties": { "nombre": "Camino sin nombre", "longitud_km": 1.59 }, "geometry": { "type": "LineString", "coordinates": [ [ -65.6635, -43.3259 ], [ -65.6731, -43.3328 ], [ -65.6773, -43.3295 ] ] } },
{ "type": "Feature", "properties": { "nombre": "Camino sin nombre", "longitud_km": 2.04 }, "geometry": { "type": "LineString", "coordinates": [ [ -65.7257, -43.3316 ], [ -65.7077, -43.3189 ] ] } },
{ "type": "Feature", "properties": { "nombre": "Camino sin nombre", "longitud_km": 0.98 }, "geometry": { "type": "LineString", "coordinates": [ [ -65.7257, -43.3316 ], [ -65.7342, -43.3253 ] ] } },
{ "type": "Feature", "properties": { "nombre": "Camino sin nombre", "longitud_km": 2.83 }, "geometry": { "type": "LineString", "coordinates": [ [ -65.4911, -43.3191 ], [ -65.5163, -43.3368 ] ] } },
{ "type": "Feature", "properties": { "nombre": "Camino sin nombre", "longitud_km": 1.04 }, "geometry": { "type": "LineString", "coordinates": [ [ -65.7438, -43.3315 ], [ -65.7342, -43.3253 ] ] } },
{ "type": "Feature", "properties": { "nombre": "Camino sin nombre", "longitud_km": 1.0 }, "geometry": { "type": "LineString", "coordinates": [ [ -65.6868, -43.3348 ], [ -65.6954, -43.3283 ] ] } },
{ "type": "Feature", "properties": { "nombre": "Camino sin nombre", "longitud_km": 0.97 }, "geometry": { "type": "LineString", "coordinates": [ [ -65.6859, -43.3355 ], [ -65.6773, -43.3295 ] ] } },
{ "type": "Feature", "properties": { "nombre": "Camino sin nombre", "longitud_km": 0.11 }, "geometry": { "type": "LineString", "coordinates": [ [ -65.6859, -43.3355 ], [ -65.6868, -43.3348 ] ] } },
{ "type": "Feature", "properties": { "nombre": "Camino sin nombre", "longitud_km": 6.53 }, "geometry": { "type": "LineString", "coordinates": [ [ -71.0401, -43.0432 ], [ -71.008, -43.0771 ], [ -70.9893, -43.088 ] ] } },
{ "type": "Feature", "properties": { "nombre": "Camino sin nombre", "longitud_km": 2.24 }, "geometry": { "type": "LineString", "coordinates": [ [ -65.4726, -43.3327 ], [ -65.4609, -43.3415 ], [ -65.4531, -43.3362 ] ] } },
{ "type": "Feature", "properties": { "nombre": "Camino sin nombre", "longitud_km": 1.47 }, "geometry": { "type": "LineString", "coordinates": [ [ -65.4726, -43.3327 ], [ -65.4857, -43.3419 ] ] } },
{ "type": "Feature", "properties": { "nombre": "Camino sin nombre", "longitud_km": 2.85 }, "geometry": { "type": "LineString", "coordinates": [ [ -65.4857, -43.3419 ], [ -65.4977, -43.3327 ], [ -65.4849, -43.3237 ] ] } },
{ "type": "Feature", "properties": { "nombre": "Camino sin nombre", "longitud_km": 1.99 }, "geometry": { "type": "LineString", "coordinates": [ [ -65.7438, -43.3315 ], [ -65.7342, -43.3377 ], [ -65.7257, -43.3316 ] ] } },
{ "type": "Feature", "properties": { "nombre": "Camino sin nombre", "longitud_km": 0.97 }, "geometry": { "type": "LineString", "coordinates": [ [ -65.7514, -43.3382 ], [ -65.7438, -43.3315 ] ] } },
{ "type": "Feature", "properties": { "nombre": "Camino sin nombre", "longitud_km": 3.62 }, "geometry": { "type": "LineString", "coordinates": [ [ -65.7906, -43.3347 ], [ -65.7723, -43.3287 ], [ -65.7514, -43.3382 ] ] } },
{ "type": "Feature", "properties": { "nombre": "Camino sin nombre", "longitud_km": 0.37 }, "geometry": { "type": "LineString", "coordinates": [ [ -65.489, -43.3442 ], [ -65.4857, -43.3419 ] ] } },
{ "type": "Feature", "properties": { "nombre": "Camino sin nombre", "longitud_km": 0.48 }, "geometry": { "type": "LineString", "coordinates": [ [ -65.7865, -43.3378 ], [ -65.7906, -43.3347 ] ] } },
{ "type": "Feature", "properties": { "nombre": "Camino sin nombre", "longitud_km": 1.58 }, "geometry": { "type": "LineString", "coordinates": [ [ -65.5085, -43.3434 ], [ -65.489, -43.3442 ] ] } },
{ "type": "Feature", "properties": { "nombre": "Camino sin nombre", "longitud_km": 1.2 }, "geometry": { "type": "LineString", "coordinates": [ [ -65.7906, -43.3347 ], [ -65.8046, -43.3382 ] ] } },
{ "type": "Feature", "properties": { "nombre": "Camino sin nombre", "longitud_km": 2.03 }, "geometry": { "type": "LineString", "coordinates": [ [ -65.7133, -43.341 ], [ -65.6954, -43.3283 ] ] } },
{ "type": "Feature", "properties": { "nombre": "Camino sin nombre", "longitud_km": 0.9 }, "geometry": { "type": "LineString", "coordinates": [ [ -65.7133, -43.341 ], [ -65.721, -43.3352 ] ] } },
{ "type": "Feature", "properties": { "nombre": "Camino sin nombre", "longitud_km": 24.28 }, "geometry": { "type": "LineString", "coordinates": [ [ -68.6397, -43.226 ], [ -68.5873, -43.2551 ], [ -68.5587, -43.2908 ], [ -68.5492, -43.328 ], [ -68.5201, -43.3511 ], [ -68.517, -43.3573 ], [ -68.5208, -43.3641 ], [ -68.5052, -43.3839 ], [ -68.4777, -43.3954 ] ] } },
{ "type": "Feature", "properties": { "nombre": "Camino sin nombre", "longitud_km": 1.0 }, "geometry": { "type": "LineString", "coordinates": [ [ -65.8046, -43.3382 ], [ -65.7959, -43.3445 ] ] } },
{ "type": "Feature", "properties": { "nombre": "Camino sin nombre", "longitud_km": 1.9 }, "geometry": { "type": "LineString", "coordinates": [ [ -65.6698, -43.3478 ], [ -65.6859, -43.3355 ] ] } },
{ "type": "Feature", "properties": { "nombre": "Camino sin nombre", "longitud_km": 2.02 }, "geometry": { "type": "LineString", "coordinates": [ [ -65.7036, -43.3483 ], [ -65.6868, -43.3348 ] ] } },
{ "type": "Feature", "properties": { "nombre": "Camino sin nombre", "longitud_km": 1.12 }, "geometry": { "type": "LineString", "coordinates": [ [ -65.7036, -43.3483 ], [ -65.7133, -43.341 ] ] } },
{ "type": "Feature", "properties": { "nombre": "Camino sin nombre", "longitud_km": 1.49 }, "geometry": { "type": "LineString", "coordinates": [ [ -65.7385, -43.3477 ], [ -65.7514, -43.3382 ] ] } },
{ "type": "Feature", "properties": { "nombre": "Camino sin nombre", "longitud_km": 1.01 }, "geometry": { "type": "LineString", "coordinates": [ [ -65.8226, -43.3763 ], [ -65.8139, -43.3828 ] ] } },
{ "type": "Feature", "properties": { "nombre": "Camino sin nombre", "longitud_km": 16.66 }, "geometry": { "type": "LineString", "coordinates": [ [ -65.7525, -43.3764 ], [ -65.7341, -43.3639 ], [ -65.7205, -43.3626 ], [ -65.7002, -43.3752 ], [ -65.616, -43.3616 ], [ -65.5909, -43.351 ], [ -65.5665, -43.3479 ] ] } },
{ "type": "Feature", "properties": { "nombre": "Camino sin nombre", "longitud_km": 5.03 }, "geometry": { "type": "LineString", "coordinates": [ [ -71.0679, -43.0685 ], [ -71.0869, -43.0813 ], [ -71.1086, -43.084 ], [ -71.1124, -43.0938 ] ] } },
{ "type": "Feature", "properties": { "nombre": "Camino sin nombre", "longitud_km": 7.2 }, "geometry": { "type": "LineString", "coordinates": [ [ -65.813, -43.344 ], [ -65.8251, -43.3385 ], [ -65.8932, -43.3606 ] ] } },
{ "type": "Feature", "properties": { "nombre": "Camino sin nombre", "longitud_km": 2.0 }, "geometry": { "type": "LineString", "coordinates": [ [ -65.7694, -43.3505 ], [ -65.7514, -43.3382 ] ] } },
{ "type": "Feature", "properties": { "nombre": "Camino sin nombre", "longitud_km": 1.98 }, "geometry": { "type": "LineString", "coordinates": [ [ -65.7694, -43.3505 ], [ -65.7865, -43.3378 ] ] } },
{ "type": "Feature", "properties": { "nombre": "Camino sin nombre", "longitud_km": 10.9 }, "geometry": { "type": "LineString", "coordinates": [ [ -71.378, -43.0162 ], [ -71.2808, -43.0836 ] ] } },
{ "type": "Feature", "properties": { "nombre": "Camino sin nombre", "longitud_km": 0.98 }, "geometry": { "type": "LineString", "coordinates": [ [ -65.7959, -43.3445 ], [ -65.8045, -43.3507 ] ] } },
{ "type": "Feature", "properties": { "nombre": "Camino sin nombre", "longitud_km": 1.02 }, "geometry": { "type": "LineString", "coordinates": [ [ -65.8045, -43.3507 ], [ -65.813, -43.344 ] ] } },
{ "type": "Feature", "properties": { "nombre": "Camino sin nombre", "longitud_km": 5.36 }, "geometry": { "type": "LineString", "coordinates": [ [ -65.9344, -43.3523 ], [ -65.9922, -43.3289 ] ] } },
{ "type": "Feature", "properties": { "nombre": "Camino sin nombre", "longitud_km": 6.47 }, "geometry": { "type": "LineString", "coordinates": [ [ -69.9941, -43.1959 ], [ -69.972, -43.1936 ], [ -69.9283, -43.1665 ] ] } },
{ "type": "Feature", "properties": { "nombre": "Camino sin nombre", "longitud_km": 9.74 }, "geometry": { "type": "LineString", "coordinates": [ [ -70.8849, -43.1179 ], [ -70.9197, -43.1111 ], [ -70.9366, -43.0983 ], [ -70.9495, -43.0978 ], [ -70.9619, -43.0873 ], [ -70.9893, -43.088 ] ] } },
{ "type": "Feature", "properties": { "nombre": "Camino sin nombre", "longitud_km": 1.04 }, "geometry": { "type": "LineString", "coordinates": [ [ -65.7786, -43.357 ], [ -65.7694, -43.3505 ] ] } },
{ "type": "Feature", "properties": { "nombre": "Camino sin nombre", "longitud_km": 1.02 }, "geometry": { "type": "LineString", "coordinates": [ [ -65.796, -43.3575 ], [ -65.8045, -43.3507 ] ] } },
{ "type": "Feature", "properties": { "nombre": "Camino sin nombre", "longitud_km": 4.36 }, "geometry": { "type": "LineString", "coordinates": [ [ -71.0333, -43.1088 ], [ -71.0128, -43.0943 ], [ -70.9893, -43.088 ] ] } },
{ "type": "Feature", "properties": { "nombre": "Camino sin nombre", "longitud_km": 2.51 }, "geometry": { "type": "LineString", "coordinates": [ [ -65.6821, -43.3645 ], [ -65.7036, -43.3483 ] ] } },
{ "type": "Feature", "properties": { "nombre": "Camino sin nombre", "longitud_km": 1.01 }, "geometry": { "type": "LineString", "coordinates": [ [ -65.7874, -43.3634 ], [ -65.7786, -43.357 ] ] } },
{ "type": "Feature", "properties": { "nombre": "Camino sin nombre", "longitud_km": 6.62 }, "geometry": { "type": "LineString", "coordinates": [ [ -70.5959, -43.1254 ], [ -70.6167, -43.1426 ], [ -70.6434, -43.136 ], [ -70.6645, -43.1401 ] ] } },
{ "type": "Feature", "properties": { "nombre": "Camino sin nombre", "longitud_km": 0.88 }, "geometry": { "type": "LineString", "coordinates": [ [ -70.6645, -43.1401 ], [ -70.6753, -43.1398 ] ] } },
{ "type": "Feature", "properties": { "nombre": "Camino sin nombre", "longitud_km": 0.68 }, "geometry": { "type": "LineString", "coordinates": [ [ -65.8633, -43.3592 ], [ -65.8574, -43.3635 ] ] } },
{ "type": "Feature", "properties": { "nombre": "Camino sin nombre", "longitud_km": 1.53 }, "geometry": { "type": "LineString", "coordinates": [ [ -65.7786, -43.357 ], [ -65.7655, -43.3669 ] ] } },
{ "type": "Feature", "properties": { "nombre": "Camino sin nombre", "longitud_km": 0.99 }, "geometry": { "type": "LineString", "coordinates": [ [ -65.8398, -43.3762 ], [ -65.8311, -43.3825 ] ] } },
{ "type": "Feature", "properties": { "nombre": "Camino sin nombre", "longitud_km": 6.49 }, "geometry": { "type": "LineString", "coordinates": [ [ -71.0333, -43.1088 ], [ -71.0122, -43.1142 ], [ -71.0093, -43.1186 ], [ -71.0283, -43.1531 ] ] } },
{ "type": "Feature", "properties": { "nombre": "Camino sin nombre", "longitud_km": 11.56 }, "geometry": { "type": "LineString", "coordinates": [ [ -71.4494, -43.0899 ], [ -71.407, -43.0585 ], [ -71.4114, -43.0553 ], [ -71.3867, -43.0367 ], [ -71.3966, -43.0297 ], [ -71.378, -43.0162 ] ] } },
{ "type": "Feature", "properties": { "nombre": "Camino sin nombre", "longitud_km": 15.13 }, "geometry": { "type": "LineString", "coordinates": [ [ -67.7335, -43.3071 ], [ -67.6857, -43.2965 ], [ -67.687, -43.2902 ], [ -67.6701, -43.2844 ], [ -67.6384, -43.2799 ], [ -67.6338, -43.2734 ], [ -67.6164, -43.2666 ], [ -67.6156, -43.2608 ], [ -67.5774, -43.2543 ] ] } },
{ "type": "Feature", "properties": { "nombre": "Camino sin nombre", "longitud_km": 0.98 }, "geometry": { "type": "LineString", "coordinates": [ [ -65.8574, -43.3635 ], [ -65.8488, -43.3697 ] ] } },
{ "type": "Feature", "properties": { "nombre": "Camino sin nombre", "longitud_km": 3.09 }, "geometry": { "type": "LineString", "coordinates": [ [ -65.8316, -43.3703 ], [ -65.8045, -43.3507 ] ] } },
{ "type": "Feature", "properties": { "nombre": "Camino sin nombre", "longitud_km": 1.02 }, "geometry": { "type": "LineString", "coordinates": [ [ -65.867, -43.3695 ], [ -65.8574, -43.3635 ] ] } },
{ "type": "Feature", "properties": { "nombre": "Camino sin nombre", "longitud_km": 6.02 }, "geometry": { "type": "LineString", "coordinates": [ [ -71.4836, -43.0895 ], [ -71.5264, -43.0607 ], [ -71.5175, -43.0511 ] ] } },
{ "type": "Feature", "properties": { "nombre": "Camino sin nombre", "longitud_km": 1.91 }, "geometry": { "type": "LineString", "coordinates": [ [ -65.8836, -43.3701 ], [ -65.8751, -43.3637 ], [ -65.867, -43.3695 ] ] } },
{ "type": "Feature", "properties": { "nombre": "Camino sin nombre", "longitud_km": 1.48 }, "geometry": { "type": "LineString", "coordinates": [ [ -71.4494, -43.0899 ], [ -71.4536, -43.0936 ], [ -71.4645, -43.0905 ] ] } },
{ "type": "Feature", "properties": { "nombre": "Camino sin nombre", "longitud_km": 1.44 }, "geometry": { "type": "LineString", "coordinates": [ [ -71.4645, -43.0905 ], [ -71.4821, -43.0917 ] ] } },
{ "type": "Feature", "properties": { "nombre": "Camino sin nombre", "longitud_km": 1.49 }, "geometry": { "type": "LineString", "coordinates": [ [ -65.7655, -43.3669 ], [ -65.7525, -43.3764 ] ] } },
{ "type": "Feature", "properties": { "nombre": "Camino sin nombre", "longitud_km": 0.99 }, "geometry": { "type": "LineString", "coordinates": [ [ -65.8316, -43.3703 ], [ -65.8226, -43.3763 ] ] } },
{ "type": "Feature", "properties": { "nombre": "Camino sin nombre", "longitud_km": 0.93 }, "geometry": { "type": "LineString", "coordinates": [ [ -65.8398, -43.3762 ], [ -65.8316, -43.3703 ] ] } },
{ "type": "Feature", "properties": { "nombre": "Camino sin nombre", "longitud_km": 1.03 }, "geometry": { "type": "LineString", "coordinates": [ [ -65.8488, -43.3697 ], [ -65.8398, -43.3762 ] ] } },
{ "type": "Feature", "properties": { "nombre": "Camino sin nombre", "longitud_km": 1.02 }, "geometry": { "type": "LineString", "coordinates": [ [ -65.8765, -43.3755 ], [ -65.867, -43.3695 ] ] } },
{ "type": "Feature", "properties": { "nombre": "Camino sin nombre", "longitud_km": 15.77 }, "geometry": { "type": "LineString", "coordinates": [ [ -65.8932, -43.3606 ], [ -65.9293, -43.3777 ], [ -65.9418, -43.3908 ], [ -65.941, -43.4166 ], [ -65.9644, -43.4246 ], [ -65.9704, -43.4361 ], [ -65.9794, -43.4372 ], [ -65.9846, -43.4326 ], [ -65.9842, -43.4075 ] ] } },
{ "type": "Feature", "properties": { "nombre": "Camino sin nombre", "longitud_km": 2.61 }, "geometry": { "type": "LineString", "coordinates": [ [ -65.8765, -43.3755 ], [ -65.8879, -43.3792 ], [ -65.8933, -43.3757 ], [ -65.8836, -43.3701 ] ] } },
{ "type": "Feature", "properties": { "nombre": "Camino sin nombre", "longitud_km": 1.02 }, "geometry": { "type": "LineString", "coordinates": [ [ -65.7525, -43.3764 ], [ -65.7617, -43.3827 ] ] } },
{ "type": "Feature", "properties": { "nombre": "Camino sin nombre", "longitud_km": 8.29 }, "geometry": { "type": "LineString", "coordinates": [ [ -71.0679, -43.0685 ], [ -71.069, -43.0827 ], [ -71.077, -43.0974 ], [ -71.0974, -43.1062 ], [ -71.1078, -43.1248 ], [ -71.1152, -43.1295 ] ] } },
{ "type": "Feature", "properties": { "nombre": "Camino sin nombre", "longitud_km": 2.05 }, "geometry": { "type": "LineString", "coordinates": [ [ -65.8666, -43.3827 ], [ -65.8488, -43.3697 ] ] } },
{ "type": "Feature", "properties": { "nombre": "Camino sin nombre", "longitud_km": 8.26 }, "geometry": { "type": "LineString", "coordinates": [ [ -67.069, -43.2827 ], [ -67.0799, -43.3403 ], [ -67.0987, -43.349 ] ] } },
{ "type": "Feature", "properties": { "nombre": "Camino sin nombre", "longitud_km": 3.61 }, "geometry": { "type": "LineString", "coordinates": [ [ -71.2674, -43.0952 ], [ -71.2863, -43.1092 ], [ -71.287, -43.122 ] ] } },
{ "type": "Feature", "properties": { "nombre": "Camino sin nombre", "longitud_km": 3.04 }, "geometry": { "type": "LineString", "coordinates": [ [ -65.8053, -43.3892 ], [ -65.7784, -43.3701 ] ] } },
{ "type": "Feature", "properties": { "nombre": "Camino sin nombre", "longitud_km": 0.99 }, "geometry": { "type": "LineString", "coordinates": [ [ -65.8139, -43.3828 ], [ -65.8053, -43.3892 ] ] } },
{ "type": "Feature", "properties": { "nombre": "Camino sin nombre", "longitud_km": 0.95 }, "geometry": { "type": "LineString", "coordinates": [ [ -65.8139, -43.3828 ], [ -65.8222, -43.3889 ] ] } },
{ "type": "Feature", "properties": { "nombre": "Camino sin nombre", "longitud_km": 1.01 }, "geometry": { "type": "LineString", "coordinates": [ [ -65.8311, -43.3825 ], [ -65.8222, -43.3889 ] ] } },
{ "type": "Feature", "properties": { "nombre": "Camino sin nombre", "longitud_km": 3.12 }, "geometry": { "type": "LineString", "coordinates": [ [ -65.9842, -43.4075 ], [ -65.9995, -43.3851 ], [ -65.9966, -43.3829 ] ] } },
{ "type": "Feature", "properties": { "nombre": "Camino sin nombre", "longitud_km": 2.53 }, "geometry": { "type": "LineString", "coordinates": [ [ -71.4638, -43.1114 ], [ -71.4423, -43.095 ] ] } },
{ "type": "Feature", "properties": { "nombre": "Camino sin nombre", "longitud_km": 1.79 }, "geometry": { "type": "LineString", "coordinates": [ [ -65.7464, -43.3942 ], [ -65.7617, -43.3827 ] ] } },
{ "type": "Feature", "properties": { "nombre": "Camino sin nombre", "longitud_km": 1.92 }, "geometry": { "type": "LineString", "coordinates": [ [ -65.7617, -43.3827 ], [ -65.7786, -43.3949 ] ] } },
{ "type": "Feature", "properties": { "nombre": "Camino sin nombre", "longitud_km": 0.94 }, "geometry": { "type": "LineString", "coordinates": [ [ -65.8136, -43.3951 ], [ -65.8053, -43.3892 ] ] } },
{ "type": "Feature", "properties": { "nombre": "Camino sin nombre", "longitud_km": 0.98 }, "geometry": { "type": "LineString", "coordinates": [ [ -65.8222, -43.3889 ], [ -65.8136, -43.3951 ] ] } },
{ "type": "Feature", "properties": { "nombre": "Camino sin nombre", "longitud_km": 2.06 }, "geometry": { "type": "LineString", "coordinates": [ [ -65.8222, -43.3889 ], [ -65.8311, -43.3954 ], [ -65.8404, -43.3889 ] ] } },
{ "type": "Feature", "properties": { "nombre": "Camino sin nombre", "longitud_km": 3.01 }, "geometry": { "type": "LineString", "coordinates": [ [ -71.1149, -43.1612 ], [ -71.138, -43.14 ] ] } },
{ "type": "Feature", "properties": { "nombre": "Camino sin nombre", "longitud_km": 2.84 }, "geometry": { "type": "LineString", "coordinates": [ [ -71.4859, -43.1275 ], [ -71.461, -43.1455 ] ] } },
{ "type": "Feature", "properties": { "nombre": "Camino sin nombre", "longitud_km": 2.1 }, "geometry": { "type": "LineString", "coordinates": [ [ -70.6058, -44.3385 ], [ -70.609, -44.3197 ] ] } },
{ "type": "Feature", "properties": { "nombre": "Camino sin nombre", "longitud_km": 0.15 }, "geometry": { "type": "LineString", "coordinates": [ [ -65.8136, -43.3951 ], [ -65.8123, -43.3961 ] ] } },
{ "type": "Feature", "properties": { "nombre": "Camino sin nombre", "longitud_km": 1.51 }, "geometry": { "type": "LineString", "coordinates": [ [ -65.8053, -43.3892 ], [ -65.7921, -43.3988 ] ] } },
{ "type": "Feature", "properties": { "nombre": "Camino sin nombre", "longitud_km": 1.39 }, "geometry": { "type": "LineString", "coordinates": [ [ -71.5087, -43.1104 ], [ -71.497, -43.1195 ] ] } },
{ "type": "Feature", "properties": { "nombre": "Camino sin nombre", "longitud_km": 9.78 }, "geometry": { "type": "LineString", "coordinates": [ [ -70.5572, -43.1861 ], [ -70.5533, -43.1558 ], [ -70.5011, -43.1127 ] ] } },
{ "type": "Feature", "properties": { "nombre": "Camino sin nombre", "longitud_km": 0.95 }, "geometry": { "type": "LineString", "coordinates": [ [ -65.8123, -43.3961 ], [ -65.8039, -43.4021 ] ] } },
{ "type": "Feature", "properties": { "nombre": "Camino sin nombre", "longitud_km": 12.56 }, "geometry": { "type": "LineString", "coordinates": [ [ -65.0854, -43.4176 ], [ -65.0756, -43.3399 ], [ -65.104, -43.3117 ] ] } },
{ "type": "Feature", "properties": { "nombre": "Camino sin nombre", "longitud_km": 7.58 }, "geometry": { "type": "LineString", "coordinates": [ [ -70.5572, -43.1861 ], [ -70.5654, -43.1824 ], [ -70.5959, -43.1254 ] ] } },
{ "type": "Feature", "properties": { "nombre": "Camino sin nombre", "longitud_km": 7.77 }, "geometry": { "type": "LineString", "coordinates": [ [ -65.1554, -43.3833 ], [ -65.1485, -43.3872 ], [ -65.1489, -43.3978 ], [ -65.142, -43.4068 ], [ -65.0854, -43.4176 ] ] } },
{ "type": "Feature", "properties": { "nombre": "Camino sin nombre", "longitud_km": 2.97 }, "geometry": { "type": "LineString", "coordinates": [ [ -65.5665, -44.3798 ], [ -65.5568, -44.373 ], [ -65.5331, -44.373 ] ] } },
{ "type": "Feature", "properties": { "nombre": "Camino sin nombre", "longitud_km": 15.31 }, "geometry": { "type": "LineString", "coordinates": [ [ -69.9214, -43.2764 ], [ -69.869, -43.2335 ], [ -69.8569, -43.2301 ], [ -69.8411, -43.2326 ], [ -69.8062, -43.224 ], [ -69.783, -43.1968 ] ] } },
{ "type": "Feature", "properties": { "nombre": "Camino sin nombre", "longitud_km": 2.48 }, "geometry": { "type": "LineString", "coordinates": [ [ -65.836, -43.4059 ], [ -65.8275, -43.4075 ], [ -65.8123, -43.3961 ] ] } },
{ "type": "Feature", "properties": { "nombre": "Camino sin nombre", "longitud_km": 2.54 }, "geometry": { "type": "LineString", "coordinates": [ [ -71.4859, -43.1275 ], [ -71.4638, -43.1114 ] ] } },
{ "type": "Feature", "properties": { "nombre": "Camino sin nombre", "longitud_km": 1.27 }, "geometry": { "type": "LineString", "coordinates": [ [ -71.497, -43.1195 ], [ -71.4859, -43.1275 ] ] } },
{ "type": "Feature", "properties": { "nombre": "Camino sin nombre", "longitud_km": 7.15 }, "geometry": { "type": "LineString", "coordinates": [ [ -71.4093, -43.0916 ], [ -71.4022, -43.0967 ], [ -71.3987, -43.1031 ], [ -71.4034, -43.106 ], [ -71.3962, -43.1125 ], [ -71.4056, -43.1113 ], [ -71.4146, -43.1235 ], [ -71.4323, -43.1336 ] ] } },
{ "type": "Feature", "properties": { "nombre": "Camino sin nombre", "longitud_km": 6.4 }, "geometry": { "type": "LineString", "coordinates": [ [ -65.8952, -43.4332 ], [ -65.895, -43.4112 ], [ -65.884, -43.3955 ], [ -65.8666, -43.3827 ] ] } },
{ "type": "Feature", "properties": { "nombre": "Camino sin nombre", "longitud_km": 0.51 }, "geometry": { "type": "LineString", "coordinates": [ [ -65.3154, -44.016 ], [ -65.3169, -44.0116 ] ] } },
{ "type": "Feature", "properties": { "nombre": "Camino sin nombre", "longitud_km": 3.51 }, "geometry": { "type": "LineString", "coordinates": [ [ -65.8952, -43.4332 ], [ -65.9156, -43.4259 ], [ -65.9362, -43.427 ] ] } },
{ "type": "Feature", "properties": { "nombre": "Camino sin nombre", "longitud_km": 11.3 }, "geometry": { "type": "LineString", "coordinates": [ [ -71.1092, -43.1822 ], [ -71.0784, -43.1717 ], [ -71.0759, -43.1425 ], [ -71.0573, -43.1286 ], [ -71.0453, -43.112 ], [ -71.0333, -43.1088 ] ] } },
{ "type": "Feature", "properties": { "nombre": "Camino sin nombre", "longitud_km": 5.81 }, "geometry": { "type": "LineString", "coordinates": [ [ -71.497, -43.1195 ], [ -71.5449, -43.1582 ] ] } },
{ "type": "Feature", "properties": { "nombre": "Camino sin nombre", "longitud_km": 5.48 }, "geometry": { "type": "LineString", "coordinates": [ [ -70.53, -43.23 ], [ -70.5368, -43.2148 ], [ -70.5524, -43.2014 ], [ -70.5572, -43.1861 ] ] } },
{ "type": "Feature", "properties": { "nombre": "Camino sin nombre", "longitud_km": 4.12 }, "geometry": { "type": "LineString", "coordinates": [ [ -70.8327, -43.2044 ], [ -70.8201, -43.2109 ], [ -70.7942, -43.1934 ] ] } },
{ "type": "Feature", "properties": { "nombre": "Camino sin nombre", "longitud_km": 2.35 }, "geometry": { "type": "LineString", "coordinates": [ [ -70.5012, -43.229 ], [ -70.53, -43.23 ] ] } },
{ "type": "Feature", "properties": { "nombre": "Camino sin nombre", "longitud_km": 7.5 }, "geometry": { "type": "LineString", "coordinates": [ [ -65.8961, -43.4459 ], [ -65.8847, -43.4431 ], [ -65.8766, -43.4331 ], [ -65.8744, -43.411 ], [ -65.8458, -43.3974 ] ] } },
{ "type": "Feature", "properties": { "nombre": "Camino sin nombre", "longitud_km": 1.41 }, "geometry": { "type": "LineString", "coordinates": [ [ -65.8961, -43.4459 ], [ -65.8952, -43.4332 ] ] } },
{ "type": "Feature", "properties": { "nombre": "Camino sin nombre", "longitud_km": 1.51 }, "geometry": { "type": "LineString", "coordinates": [ [ -70.53, -43.23 ], [ -70.5373, -43.2425 ] ] } },
{ "type": "Feature", "properties": { "nombre": "Camino sin nombre", "longitud_km": 6.81 }, "geometry": { "type": "LineString", "coordinates": [ [ -65.7336, -43.4595 ], [ -65.7683, -43.4365 ], [ -65.7359, -43.4232 ] ] } },
{ "type": "Feature", "properties": { "nombre": "Camino sin nombre", "longitud_km": 1.38 }, "geometry": { "type": "LineString", "coordinates": [ [ -65.8995, -43.4561 ], [ -65.8863, -43.4483 ] ] } },
{ "type": "Feature", "properties": { "nombre": "Camino sin nombre", "longitud_km": 1.17 }, "geometry": { "type": "LineString", "coordinates": [ [ -65.8995, -43.4561 ], [ -65.8961, -43.4459 ] ] } },
{ "type": "Feature", "properties": { "nombre": "Camino sin nombre", "longitud_km": 17.89 }, "geometry": { "type": "LineString", "coordinates": [ [ -70.6645, -43.1401 ], [ -70.646, -43.1497 ], [ -70.6445, -43.1555 ], [ -70.6508, -43.1636 ], [ -70.6469, -43.1742 ], [ -70.6205, -43.1879 ], [ -70.622, -43.1941 ], [ -70.6383, -43.2049 ], [ -70.6147, -43.2244 ], [ -70.6145, -43.2329 ], [ -70.6228, -43.2334 ], [ -70.6236, -43.2374 ], [ -70.615, -43.2419 ], [ -70.6121, -43.2505 ], [ -70.5973, -43.2523 ] ] } },
{ "type": "Feature", "properties": { "nombre": "Camino sin nombre", "longitud_km": 0.22 }, "geometry": { "type": "LineString", "coordinates": [ [ -70.5973, -43.2523 ], [ -70.595, -43.2533 ] ] } },
{ "type": "Feature", "properties": { "nombre": "Camino sin nombre", "longitud_km": 0.69 }, "geometry": { "type": "LineString", "coordinates": [ [ -71.6103, -43.1952 ], [ -71.6179, -43.198 ] ] } },
{ "type": "Feature", "properties": { "nombre": "Camino sin nombre", "longitud_km": 1.07 }, "geometry": { "type": "LineString", "coordinates": [ [ -70.8732, -43.2855 ], [ -70.8855, -43.2892 ] ] } },
{ "type": "Feature", "properties": { "nombre": "Camino sin nombre", "longitud_km": 0.57 }, "geometry": { "type": "LineString", "coordinates": [ [ -65.3211, -44.0191 ], [ -65.3154, -44.016 ] ] } },
{ "type": "Feature", "properties": { "nombre": "Camino sin nombre", "longitud_km": 0.82 }, "geometry": { "type": "LineString", "coordinates": [ [ -68.4777, -43.3954 ], [ -68.4767, -43.3881 ] ] } },
{ "type": "Feature", "properties": { "nombre": "Camino sin nombre", "longitud_km": 2.88 }, "geometry": { "type": "LineString", "coordinates": [ [ -71.0491, -43.2368 ], [ -71.0662, -43.2341 ], [ -71.0811, -43.2414 ] ] } },
{ "type": "Feature", "properties": { "nombre": "Camino sin nombre", "longitud_km": 22.35 }, "geometry": { "type": "LineString", "coordinates": [ [ -65.9181, -43.5907 ], [ -65.8055, -43.5524 ], [ -65.7721, -43.536 ], [ -65.7336, -43.4595 ] ] } },
{ "type": "Feature", "properties": { "nombre": "Camino sin nombre", "longitud_km": 7.37 }, "geometry": { "type": "LineString", "coordinates": [ [ -70.6131, -43.2753 ], [ -70.5916, -43.2725 ], [ -70.547, -43.2442 ], [ -70.5373, -43.2425 ] ] } },
{ "type": "Feature", "properties": { "nombre": "Camino sin nombre", "longitud_km": 3.03 }, "geometry": { "type": "LineString", "coordinates": [ [ -70.5973, -43.2523 ], [ -70.6105, -43.2615 ], [ -70.6131, -43.2753 ] ] } },
{ "type": "Feature", "properties": { "nombre": "Camino sin nombre", "longitud_km": 16.98 }, "geometry": { "type": "LineString", "coordinates": [ [ -71.8365, -43.0517 ], [ -71.8407, -43.0529 ], [ -71.8485, -43.0842 ], [ -71.8791, -43.1256 ], [ -71.8898, -43.1517 ], [ -71.8849, -43.1688 ], [ -71.8592, -43.1867 ] ] } },
{ "type": "Feature", "properties": { "nombre": "Camino sin nombre", "longitud_km": 6.01 }, "geometry": { "type": "LineString", "coordinates": [ [ -70.5373, -43.2425 ], [ -70.5252, -43.2627 ], [ -70.5283, -43.2721 ], [ -70.5249, -43.2788 ], [ -70.509, -43.2886 ] ] } },
{ "type": "Feature", "properties": { "nombre": "Camino sin nombre", "longitud_km": 7.1 }, "geometry": { "type": "LineString", "coordinates": [ [ -65.8995, -43.4561 ], [ -65.9641, -43.4994 ] ] } },
{ "type": "Feature", "properties": { "nombre": "Camino sin nombre", "longitud_km": 6.4 }, "geometry": { "type": "LineString", "coordinates": [ [ -70.509, -43.2886 ], [ -70.4324, -43.3026 ] ] } },
{ "type": "Feature", "properties": { "nombre": "Camino sin nombre", "longitud_km": 15.24 }, "geometry": { "type": "LineString", "coordinates": [ [ -69.8702, -43.3329 ], [ -69.8403, -43.332 ], [ -69.8166, -43.3395 ], [ -69.7299, -43.349 ], [ -69.6923, -43.3315 ] ] } },
{ "type": "Feature", "properties": { "nombre": "Camino sin nombre", "longitud_km": 0.36 }, "geometry": { "type": "LineString", "coordinates": [ [ -70.4324, -43.3026 ], [ -70.43, -43.2999 ] ] } },
{ "type": "Feature", "properties": { "nombre": "Camino sin nombre", "longitud_km": 0.35 }, "geometry": { "type": "LineString", "coordinates": [ [ -68.0591, -45.7759 ], [ -68.0625, -45.7779 ] ] } },
{ "type": "Feature", "properties": { "nombre": "Camino sin nombre", "longitud_km": 23.16 }, "geometry": { "type": "LineString", "coordinates": [ [ -70.43, -43.2999 ], [ -70.3591, -43.3116 ], [ -70.3448, -43.3232 ], [ -70.3379, -43.345 ], [ -70.3196, -43.3766 ], [ -70.2763, -43.4026 ], [ -70.2244, -43.4212 ] ] } },
{ "type": "Feature", "properties": { "nombre": "Camino sin nombre", "longitud_km": 4.57 }, "geometry": { "type": "LineString", "coordinates": [ [ -70.8497, -43.2503 ], [ -70.851, -43.2658 ], [ -70.8732, -43.2855 ] ] } },
{ "type": "Feature", "properties": { "nombre": "Camino sin nombre", "longitud_km": 8.08 }, "geometry": { "type": "LineString", "coordinates": [ [ -68.8025, -43.4374 ], [ -68.8054, -43.4184 ], [ -68.8425, -43.393 ], [ -68.8621, -43.3849 ] ] } },
{ "type": "Feature", "properties": { "nombre": "Camino sin nombre", "longitud_km": 8.35 }, "geometry": { "type": "LineString", "coordinates": [ [ -65.7336, -43.4595 ], [ -65.7192, -43.4653 ], [ -65.7101, -43.5281 ] ] } },
{ "type": "Feature", "properties": { "nombre": "Camino sin nombre", "longitud_km": 3.81 }, "geometry": { "type": "LineString", "coordinates": [ [ -68.4823, -43.4295 ], [ -68.4777, -43.3954 ] ] } },
{ "type": "Feature", "properties": { "nombre": "Camino sin nombre", "longitud_km": 11.04 }, "geometry": { "type": "LineString", "coordinates": [ [ -71.1092, -43.1822 ], [ -71.118, -43.2101 ], [ -71.1152, -43.2165 ], [ -71.1296, -43.2356 ], [ -71.1265, -43.241 ], [ -71.1299, -43.2565 ], [ -71.1404, -43.2757 ] ] } },
{ "type": "Feature", "properties": { "nombre": "Camino sin nombre", "longitud_km": 7.02 }, "geometry": { "type": "LineString", "coordinates": [ [ -67.4442, -43.4808 ], [ -67.4424, -43.4562 ], [ -67.4587, -43.4328 ], [ -67.4615, -43.4207 ] ] } },
{ "type": "Feature", "properties": { "nombre": "Camino sin nombre", "longitud_km": 0.74 }, "geometry": { "type": "LineString", "coordinates": [ [ -71.1362, -44.1359 ], [ -71.1332, -44.1423 ] ] } },
{ "type": "Feature", "properties": { "nombre": "Camino sin nombre", "longitud_km": 5.12 }, "geometry": { "type": "LineString", "coordinates": [ [ -70.8732, -43.2855 ], [ -70.8319, -43.2982 ], [ -70.8141, -43.2954 ] ] } },
{ "type": "Feature", "properties": { "nombre": "Camino sin nombre", "longitud_km": 8.64 }, "geometry": { "type": "LineString", "coordinates": [ [ -71.0441, -43.2392 ], [ -71.0466, -43.2429 ], [ -71.0625, -43.2437 ], [ -71.0884, -43.259 ], [ -71.0803, -43.2653 ], [ -71.1153, -43.279 ] ] } },
{ "type": "Feature", "properties": { "nombre": "Camino sin nombre", "longitud_km": 34.22 }, "geometry": { "type": "LineString", "coordinates": [ [ -70.4613, -43.5682 ], [ -70.452, -43.5439 ], [ -70.4286, -43.5331 ], [ -70.4163, -43.519 ], [ -70.4098, -43.5021 ], [ -70.4092, -43.4967 ], [ -70.4339, -43.4681 ], [ -70.4269, -43.4237 ], [ -70.4512, -43.4106 ], [ -70.4526, -43.3788 ], [ -70.4622, -43.3659 ], [ -70.4595, -43.3517 ], [ -70.4361, -43.3341 ], [ -70.4372, -43.3268 ], [ -70.4251, -43.3077 ], [ -70.43, -43.2999 ] ] } },
{ "type": "Feature", "properties": { "nombre": "Camino sin nombre", "longitud_km": 2.08 }, "geometry": { "type": "LineString", "coordinates": [ [ -68.5051, -43.4381 ], [ -68.4823, -43.4295 ] ] } },
{ "type": "Feature", "properties": { "nombre": "Camino sin nombre", "longitud_km": 11.82 }, "geometry": { "type": "LineString", "coordinates": [ [ -67.7214, -43.4617 ], [ -67.8278, -43.4692 ], [ -67.8649, -43.4601 ] ] } },
{ "type": "Feature", "properties": { "nombre": "Camino sin nombre", "longitud_km": 6.93 }, "geometry": { "type": "LineString", "coordinates": [ [ -69.6923, -43.3315 ], [ -69.6743, -43.3571 ], [ -69.6431, -43.3818 ] ] } },
{ "type": "Feature", "properties": { "nombre": "Camino sin nombre", "longitud_km": 4.37 }, "geometry": { "type": "LineString", "coordinates": [ [ -70.4638, -43.3311 ], [ -70.4461, -43.3259 ], [ -70.4324, -43.3026 ] ] } },
{ "type": "Feature", "properties": { "nombre": "Camino sin nombre", "longitud_km": 1.72 }, "geometry": { "type": "LineString", "coordinates": [ [ -68.4843, -43.445 ], [ -68.4823, -43.4295 ] ] } },
{ "type": "Feature", "properties": { "nombre": "Camino sin nombre", "longitud_km": 0.95 }, "geometry": { "type": "LineString", "coordinates": [ [ -65.9223, -43.5411 ], [ -65.9317, -43.5361 ] ] } },
{ "type": "Feature", "properties": { "nombre": "Camino sin nombre", "longitud_km": 10.52 }, "geometry": { "type": "LineString", "coordinates": [ [ -68.4777, -43.3954 ], [ -68.4707, -43.3995 ], [ -68.4622, -43.4156 ], [ -68.4156, -43.4575 ], [ -68.4072, -43.4681 ], [ -68.4096, -43.4725 ] ] } },
{ "type": "Feature", "properties": { "nombre": "Camino sin nombre", "longitud_km": 0.02 }, "geometry": { "type": "LineString", "coordinates": [ [ -65.8791, -44.5777 ], [ -65.8792, -44.5779 ] ] } },
{ "type": "Feature", "properties": { "nombre": "Camino sin nombre", "longitud_km": 8.18 }, "geometry": { "type": "LineString", "coordinates": [ [ -70.2244, -43.4212 ], [ -70.2251, -43.4332 ], [ -70.2137, -43.4333 ], [ -70.2084, -43.4376 ], [ -70.2096, -43.4449 ], [ -70.2364, -43.48 ] ] } },
{ "type": "Feature", "properties": { "nombre": "Camino sin nombre", "longitud_km": 11.11 }, "geometry": { "type": "LineString", "coordinates": [ [ -70.5932, -43.3497 ], [ -70.5933, -43.3443 ], [ -70.584, -43.3427 ], [ -70.5763, -43.3333 ], [ -70.5703, -43.3105 ], [ -70.5429, -43.3101 ], [ -70.5266, -43.3037 ], [ -70.509, -43.2886 ] ] } },
{ "type": "Feature", "properties": { "nombre": "Camino sin nombre", "longitud_km": 7.46 }, "geometry": { "type": "LineString", "coordinates": [ [ -70.5932, -43.3497 ], [ -70.5012, -43.3496 ] ] } },
{ "type": "Feature", "properties": { "nombre": "Camino sin nombre", "longitud_km": 12.96 }, "geometry": { "type": "LineString", "coordinates": [ [ -71.4204, -43.2904 ], [ -71.3996, -43.2953 ], [ -71.3893, -43.2938 ], [ -71.3804, -43.2855 ], [ -71.3392, -43.29 ], [ -71.2991, -43.2796 ], [ -71.2757, -43.2675 ] ] } },
{ "type": "Feature", "properties": { "nombre": "Camino sin nombre", "longitud_km": 9.71 }, "geometry": { "type": "LineString", "coordinates": [ [ -70.6652, -43.3492 ], [ -70.6557, -43.3297 ], [ -70.6598, -43.3216 ], [ -70.6234, -43.2919 ], [ -70.6131, -43.2753 ] ] } },
{ "type": "Feature", "properties": { "nombre": "Camino sin nombre", "longitud_km": 12.87 }, "geometry": { "type": "LineString", "coordinates": [ [ -67.7358, -43.597 ], [ -67.7301, -43.6044 ], [ -67.7317, -43.6355 ], [ -67.7483, -43.6678 ], [ -67.7557, -43.7091 ] ] } },
{ "type": "Feature", "properties": { "nombre": "Camino sin nombre", "longitud_km": 1.51 }, "geometry": { "type": "LineString", "coordinates": [ [ -65.8035, -44.5815 ], [ -65.7846, -44.5813 ] ] } },
{ "type": "Feature", "properties": { "nombre": "Camino sin nombre", "longitud_km": 5.98 }, "geometry": { "type": "LineString", "coordinates": [ [ -70.6652, -43.3492 ], [ -70.622, -43.3552 ], [ -70.5932, -43.3497 ] ] } },
{ "type": "Feature", "properties": { "nombre": "Camino sin nombre", "longitud_km": 6.43 }, "geometry": { "type": "LineString", "coordinates": [ [ -65.4237, -43.669 ], [ -65.344, -43.6696 ] ] } },
{ "type": "Feature", "properties": { "nombre": "Camino sin nombre", "longitud_km": 9.9 }, "geometry": { "type": "LineString", "coordinates": [ [ -65.8234, -43.7224 ], [ -65.8443, -43.6784 ], [ -65.8518, -43.6362 ] ] } },
{ "type": "Feature", "properties": { "nombre": "Camino sin nombre", "longitud_km": 16.22 }, "geometry": { "type": "LineString", "coordinates": [ [ -71.0238, -43.3324 ], [ -70.9564, -43.328 ], [ -70.9526, -43.3068 ], [ -70.9597, -43.2906 ], [ -70.9555, -43.2878 ], [ -70.899, -43.2926 ], [ -70.8935, -43.2947 ], [ -70.8927, -43.3025 ] ] } },
{ "type": "Feature", "properties": { "nombre": "Camino sin nombre", "longitud_km": 5.67 }, "geometry": { "type": "LineString", "coordinates": [ [ -70.2244, -43.4212 ], [ -70.2125, -43.4227 ], [ -70.1821, -43.4094 ], [ -70.1596, -43.4094 ] ] } },
{ "type": "Feature", "properties": { "nombre": "Camino sin nombre", "longitud_km": 1.99 }, "geometry": { "type": "LineString", "coordinates": [ [ -71.4681, -43.32 ], [ -71.471, -43.333 ], [ -71.4663, -43.3364 ] ] } },
{ "type": "Feature", "properties": { "nombre": "Camino sin nombre", "longitud_km": 13.3 }, "geometry": { "type": "LineString", "coordinates": [ [ -65.9627, -43.7171 ], [ -65.9597, -43.6856 ], [ -65.9332, -43.6226 ], [ -65.9197, -43.6027 ] ] } },
{ "type": "Feature", "properties": { "nombre": "Camino sin nombre", "longitud_km": 5.73 }, "geometry": { "type": "LineString", "coordinates": [ [ -70.8799, -43.3805 ], [ -70.8545, -43.3732 ], [ -70.8242, -43.3506 ] ] } },
{ "type": "Feature", "properties": { "nombre": "Camino sin nombre", "longitud_km": 17.3 }, "geometry": { "type": "LineString", "coordinates": [ [ -67.6177, -43.4919 ], [ -67.6497, -43.5244 ], [ -67.652, -43.5393 ], [ -67.6832, -43.5625 ], [ -67.6952, -43.571 ], [ -67.7487, -43.5861 ], [ -67.7358, -43.597 ] ] } },
{ "type": "Feature", "properties": { "nombre": "Camino sin nombre", "longitud_km": 8.5 }, "geometry": { "type": "LineString", "coordinates": [ [ -69.9218, -43.5789 ], [ -69.9062, -43.592 ], [ -69.8744, -43.6017 ], [ -69.8278, -43.5978 ] ] } },
{ "type": "Feature", "properties": { "nombre": "Camino sin nombre", "longitud_km": 3.95 }, "geometry": { "type": "LineString", "coordinates": [ [ -70.6873, -43.5271 ], [ -70.6579, -43.5555 ] ] } },
{ "type": "Feature", "properties": { "nombre": "Camino sin nombre", "longitud_km": 1.72 }, "geometry": { "type": "LineString", "coordinates": [ [ -68.4885, -45.7592 ], [ -68.5081, -45.7521 ] ] } },
{ "type": "Feature", "properties": { "nombre": "Camino sin nombre", "longitud_km": 24.91 }, "geometry": { "type": "LineString", "coordinates": [ [ -71.5134, -43.3701 ], [ -71.5228, -43.361 ], [ -71.5485, -43.3549 ], [ -71.5491, -43.3508 ], [ -71.566, -43.3441 ], [ -71.5758, -43.3289 ], [ -71.587, -43.3283 ], [ -71.6146, -43.3056 ], [ -71.6002, -43.2841 ], [ -71.611, -43.2373 ], [ -71.6054, -43.2272 ], [ -71.6065, -43.2169 ], [ -71.5946, -43.2011 ], [ -71.6013, -43.1938 ] ] } },
{ "type": "Feature", "properties": { "nombre": "Camino sin nombre", "longitud_km": 0.79 }, "geometry": { "type": "LineString", "coordinates": [ [ -68.3044, -45.7693 ], [ -68.3064, -45.7763 ] ] } },
{ "type": "Feature", "properties": { "nombre": "Camino sin nombre", "longitud_km": 4.32 }, "geometry": { "type": "LineString", "coordinates": [ [ -70.9719, -43.4194 ], [ -70.9834, -43.4163 ], [ -70.9848, -43.4117 ], [ -71.0191, -43.4079 ] ] } },
{ "type": "Feature", "properties": { "nombre": "Camino sin nombre", "longitud_km": 5.99 }, "geometry": { "type": "LineString", "coordinates": [ [ -70.8775, -43.3934 ], [ -70.8981, -43.3975 ], [ -70.9168, -43.419 ], [ -70.9339, -43.4223 ] ] } },
{ "type": "Feature", "properties": { "nombre": "Camino sin nombre", "longitud_km": 3.25 }, "geometry": { "type": "LineString", "coordinates": [ [ -70.9339, -43.4223 ], [ -70.9413, -43.4179 ], [ -70.9719, -43.4194 ] ] } },
{ "type": "Feature", "properties": { "nombre": "Camino sin nombre", "longitud_km": 11.55 }, "geometry": { "type": "LineString", "coordinates": [ [ -70.2364, -43.48 ], [ -70.2627, -43.5069 ], [ -70.2632, -43.5188 ], [ -70.2554, -43.5296 ], [ -70.249, -43.5605 ], [ -70.2549, -43.5755 ] ] } },
{ "type": "Feature", "properties": { "nombre": "Camino sin nombre", "longitud_km": 56.81 }, "geometry": { "type": "LineString", "coordinates": [ [ -68.1299, -43.5496 ], [ -68.1725, -43.5787 ], [ -68.2329, -43.5814 ], [ -68.3372, -43.6199 ], [ -68.3438, -43.6258 ], [ -68.343, -43.6499 ], [ -68.3545, -43.6613 ], [ -68.3825, -43.6708 ], [ -68.3803, -43.6823 ], [ -68.3919, -43.6851 ], [ -68.4126, -43.7031 ], [ -68.4565, -43.7288 ], [ -68.5491, -43.7619 ], [ -68.5398, -43.7712 ], [ -68.5503, -43.7867 ], [ -68.5483, -43.8066 ], [ -68.5442, -43.8148 ], [ -68.5059, -43.8329 ], [ -68.5041, -43.8542 ] ] } },
{ "type": "Feature", "properties": { "nombre": "Camino sin nombre", "longitud_km": 6.4 }, "geometry": { "type": "LineString", "coordinates": [ [ -70.9719, -43.4194 ], [ -71.0364, -43.4412 ], [ -71.0428, -43.4378 ] ] } },
{ "type": "Feature", "properties": { "nombre": "Camino sin nombre", "longitud_km": 29.64 }, "geometry": { "type": "LineString", "coordinates": [ [ -70.1596, -43.4094 ], [ -70.1047, -43.4103 ], [ -70.0634, -43.4254 ], [ -70.0361, -43.4426 ], [ -70.0112, -43.4757 ], [ -69.9959, -43.5249 ], [ -69.9688, -43.54 ], [ -69.9483, -43.5675 ], [ -69.9218, -43.5789 ] ] } },
{ "type": "Feature", "properties": { "nombre": "Camino sin nombre", "longitud_km": 18.55 }, "geometry": { "type": "LineString", "coordinates": [ [ -67.7358, -43.597 ], [ -67.7119, -43.6065 ], [ -67.7121, -43.6165 ], [ -67.6834, -43.6335 ], [ -67.6782, -43.6421 ], [ -67.6838, -43.6658 ], [ -67.6562, -43.672 ], [ -67.6332, -43.6966 ], [ -67.5973, -43.6955 ] ] } },
{ "type": "Feature", "properties": { "nombre": "Camino sin nombre", "longitud_km": 3.28 }, "geometry": { "type": "LineString", "coordinates": [ [ -70.7983, -43.5278 ], [ -70.7707, -43.5495 ] ] } },
{ "type": "Feature", "properties": { "nombre": "Camino sin nombre", "longitud_km": 3.82 }, "geometry": { "type": "LineString", "coordinates": [ [ -70.9737, -44.1654 ], [ -70.9825, -44.1316 ] ] } },
{ "type": "Feature", "properties": { "nombre": "Camino sin nombre", "longitud_km": 22.96 }, "geometry": { "type": "LineString", "coordinates": [ [ -70.8333, -43.4699 ], [ -70.7821, -43.4473 ], [ -70.7759, -43.4329 ], [ -70.7642, -43.431 ], [ -70.7477, -43.4151 ], [ -70.7357, -43.3869 ], [ -70.7415, -43.3548 ], [ -70.7284, -43.3489 ], [ -70.6652, -43.3492 ] ] } },
{ "type": "Feature", "properties": { "nombre": "Camino sin nombre", "longitud_km": 7.37 }, "geometry": { "type": "LineString", "coordinates": [ [ -71.6224, -43.4107 ], [ -71.6049, -43.4216 ], [ -71.5793, -43.4151 ], [ -71.5622, -43.4009 ], [ -71.5476, -43.4028 ] ] } },
{ "type": "Feature", "properties": { "nombre": "Camino sin nombre", "longitud_km": 26.15 }, "geometry": { "type": "LineString", "coordinates": [ [ -70.2364, -43.48 ], [ -70.2139, -43.4959 ], [ -70.1834, -43.5066 ], [ -70.1638, -43.5057 ], [ -70.1458, -43.5112 ], [ -70.1484, -43.529 ], [ -70.1406, -43.5413 ], [ -70.1268, -43.5403 ], [ -70.0883, -43.5623 ], [ -70.0732, -43.5657 ], [ -70.0655, -43.5873 ], [ -70.0458, -43.589 ], [ -70.0093, -43.6103 ] ] } },
{ "type": "Feature", "properties": { "nombre": "Camino sin nombre", "longitud_km": 2.47 }, "geometry": { "type": "LineString", "coordinates": [ [ -71.1658, -44.1421 ], [ -71.1362, -44.1359 ] ] } },
{ "type": "Feature", "properties": { "nombre": "Camino sin nombre", "longitud_km": 7.02 }, "geometry": { "type": "LineString", "coordinates": [ [ -70.8803, -43.5303 ], [ -70.9043, -43.5547 ], [ -70.9218, -43.5573 ], [ -70.9222, -43.5532 ], [ -70.907, -43.5414 ] ] } },
{ "type": "Feature", "properties": { "nombre": "Camino sin nombre", "longitud_km": 8.78 }, "geometry": { "type": "LineString", "coordinates": [ [ -70.9339, -43.4223 ], [ -70.9317, -43.4268 ], [ -70.937, -43.4366 ], [ -70.9586, -43.4483 ], [ -70.9669, -43.4629 ], [ -70.9881, -43.4791 ], [ -70.9806, -43.4813 ] ] } },
{ "type": "Feature", "properties": { "nombre": "Camino sin nombre", "longitud_km": 8.4 }, "geometry": { "type": "LineString", "coordinates": [ [ -65.4474, -43.7354 ], [ -65.427, -43.7366 ], [ -65.3489, -43.7146 ] ] } },
{ "type": "Feature", "properties": { "nombre": "Camino sin nombre", "longitud_km": 1.32 }, "geometry": { "type": "LineString", "coordinates": [ [ -70.7314, -43.5157 ], [ -70.7215, -43.5062 ] ] } },
{ "type": "Feature", "properties": { "nombre": "Camino sin nombre", "longitud_km": 2.53 }, "geometry": { "type": "LineString", "coordinates": [ [ -70.6386, -43.5086 ], [ -70.6416, -43.5313 ] ] } },
{ "type": "Feature", "properties": { "nombre": "Camino sin nombre", "longitud_km": 9.04 }, "geometry": { "type": "LineString", "coordinates": [ [ -69.9218, -43.5789 ], [ -69.9127, -43.5528 ], [ -69.8686, -43.5269 ], [ -69.8517, -43.5221 ] ] } },
{ "type": "Feature", "properties": { "nombre": "Camino sin nombre", "longitud_km": 1.86 }, "geometry": { "type": "LineString", "coordinates": [ [ -70.7505, -43.5164 ], [ -70.7469, -43.5275 ], [ -70.7403, -43.5298 ] ] } },
{ "type": "Feature", "properties": { "nombre": "Camino sin nombre", "longitud_km": 7.89 }, "geometry": { "type": "LineString", "coordinates": [ [ -67.5973, -43.6955 ], [ -67.5507, -43.7046 ], [ -67.501, -43.7045 ] ] } },
{ "type": "Feature", "properties": { "nombre": "Camino sin nombre", "longitud_km": 7.27 }, "geometry": { "type": "LineString", "coordinates": [ [ -71.5093, -43.4857 ], [ -71.4892, -43.4659 ], [ -71.4659, -43.4568 ], [ -71.4638, -43.452 ], [ -71.4827, -43.443 ] ] } },
{ "type": "Feature", "properties": { "nombre": "Camino sin nombre", "longitud_km": 5.3 }, "geometry": { "type": "LineString", "coordinates": [ [ -71.5514, -43.4496 ], [ -71.6001, -43.4815 ] ] } },
{ "type": "Feature", "properties": { "nombre": "Camino sin nombre", "longitud_km": 4.02 }, "geometry": { "type": "LineString", "coordinates": [ [ -71.6001, -43.4815 ], [ -71.5907, -43.4699 ], [ -71.5894, -43.4512 ], [ -71.5946, -43.4501 ] ] } },
{ "type": "Feature", "properties": { "nombre": "Camino sin nombre", "longitud_km": 0.29 }, "geometry": { "type": "LineString", "coordinates": [ [ -71.6001, -43.4815 ], [ -71.5971, -43.483 ] ] } },
{ "type": "Feature", "properties": { "nombre": "Camino sin nombre", "longitud_km": 14.69 }, "geometry": { "type": "LineString", "coordinates": [ [ -67.5973, -43.6955 ], [ -67.5926, -43.7139 ], [ -67.5957, -43.719 ], [ -67.5851, -43.7267 ], [ -67.5618, -43.7647 ], [ -67.501, -43.7309 ] ] } },
{ "type": "Feature", "properties": { "nombre": "Camino sin nombre", "longitud_km": 24.28 }, "geometry": { "type": "LineString", "coordinates": [ [ -70.525, -43.5735 ], [ -70.5279, -43.5535 ], [ -70.5216, -43.5344 ], [ -70.5344, -43.5086 ], [ -70.5239, -43.4949 ], [ -70.5325, -43.4892 ], [ -70.5397, -43.4739 ], [ -70.5799, -43.4471 ], [ -70.5239, -43.4144 ], [ -70.5128, -43.4117 ], [ -70.5012, -43.418 ] ] } },
{ "type": "Feature", "properties": { "nombre": "Camino sin nombre", "longitud_km": 8.1 }, "geometry": { "type": "LineString", "coordinates": [ [ -70.0093, -43.6103 ], [ -69.9578, -43.5882 ], [ -69.9329, -43.5868 ], [ -69.9218, -43.5789 ] ] } },
{ "type": "Feature", "properties": { "nombre": "Camino sin nombre", "longitud_km": 10.9 }, "geometry": { "type": "LineString", "coordinates": [ [ -65.4584, -43.8055 ], [ -65.4144, -43.8119 ], [ -65.3239, -43.8145 ] ] } },
{ "type": "Feature", "properties": { "nombre": "Camino sin nombre", "longitud_km": 0.55 }, "geometry": { "type": "LineString", "coordinates": [ [ -70.0411, -43.7279 ], [ -70.0405, -43.7328 ] ] } },
{ "type": "Feature", "properties": { "nombre": "Camino sin nombre", "longitud_km": 8.94 }, "geometry": { "type": "LineString", "coordinates": [ [ -70.1092, -43.6368 ], [ -70.0869, -43.6366 ], [ -70.0453, -43.627 ], [ -70.0125, -43.6164 ], [ -70.0093, -43.6103 ] ] } },
{ "type": "Feature", "properties": { "nombre": "Camino sin nombre", "longitud_km": 3.49 }, "geometry": { "type": "LineString", "coordinates": [ [ -71.5833, -43.5177 ], [ -71.5866, -43.5226 ], [ -71.551, -43.5246 ] ] } },
{ "type": "Feature", "properties": { "nombre": "Camino sin nombre", "longitud_km": 0.84 }, "geometry": { "type": "LineString", "coordinates": [ [ -65.8145, -43.8285 ], [ -65.8089, -43.8221 ] ] } },
{ "type": "Feature", "properties": { "nombre": "Camino sin nombre", "longitud_km": 8.25 }, "geometry": { "type": "LineString", "coordinates": [ [ -65.8964, -43.8256 ], [ -65.8891, -43.8172 ], [ -65.8653, -43.8054 ], [ -65.8145, -43.8285 ] ] } },
{ "type": "Feature", "properties": { "nombre": "Camino sin nombre", "longitud_km": 8.42 }, "geometry": { "type": "LineString", "coordinates": [ [ -66.0009, -43.8217 ], [ -65.8964, -43.8256 ] ] } },
{ "type": "Feature", "properties": { "nombre": "Camino sin nombre", "longitud_km": 1.17 }, "geometry": { "type": "LineString", "coordinates": [ [ -65.8145, -43.8285 ], [ -65.8018, -43.8336 ] ] } },
{ "type": "Feature", "properties": { "nombre": "Camino sin nombre", "longitud_km": 8.89 }, "geometry": { "type": "LineString", "coordinates": [ [ -70.5006, -43.6052 ], [ -70.5537, -43.6185 ], [ -70.6076, -43.6197 ] ] } },
{ "type": "Feature", "properties": { "nombre": "Camino sin nombre", "longitud_km": 3.1 }, "geometry": { "type": "LineString", "coordinates": [ [ -71.4819, -43.555 ], [ -71.5202, -43.5555 ] ] } },
{ "type": "Feature", "properties": { "nombre": "Camino sin nombre", "longitud_km": 2.13 }, "geometry": { "type": "LineString", "coordinates": [ [ -71.4586, -43.5748 ], [ -71.4636, -43.5936 ] ] } },
{ "type": "Feature", "properties": { "nombre": "Camino sin nombre", "longitud_km": 0.82 }, "geometry": { "type": "LineString", "coordinates": [ [ -71.1658, -44.1421 ], [ -71.159, -44.1476 ] ] } },
{ "type": "Feature", "properties": { "nombre": "Camino sin nombre", "longitud_km": 3.35 }, "geometry": { "type": "LineString", "coordinates": [ [ -70.0424, -45.4727 ], [ -69.9995, -45.4732 ] ] } },
{ "type": "Feature", "properties": { "nombre": "Camino sin nombre", "longitud_km": 31.55 }, "geometry": { "type": "LineString", "coordinates": [ [ -66.4784, -43.7022 ], [ -66.4901, -43.7103 ], [ -66.4776, -43.7222 ], [ -66.4477, -43.729 ], [ -66.4187, -43.7468 ], [ -66.3812, -43.7817 ], [ -66.3044, -43.8356 ], [ -66.2828, -43.8584 ], [ -66.283, -43.8688 ], [ -66.2594, -43.9128 ] ] } },
{ "type": "Feature", "properties": { "nombre": "Camino sin nombre", "longitud_km": 1.55 }, "geometry": { "type": "LineString", "coordinates": [ [ -70.8269, -43.7003 ], [ -70.8082, -43.6969 ] ] } },
{ "type": "Feature", "properties": { "nombre": "Camino sin nombre", "longitud_km": 1.65 }, "geometry": { "type": "LineString", "coordinates": [ [ -70.8082, -43.6969 ], [ -70.7895, -43.703 ] ] } },
{ "type": "Feature", "properties": { "nombre": "Camino sin nombre", "longitud_km": 25.75 }, "geometry": { "type": "LineString", "coordinates": [ [ -69.5147, -43.7481 ], [ -69.5225, -43.7633 ], [ -69.5195, -43.782 ], [ -69.5271, -43.8027 ], [ -69.549, -43.8342 ], [ -69.5843, -43.8715 ], [ -69.5828, -43.8778 ], [ -69.569, -43.8813 ], [ -69.5794, -43.8981 ], [ -69.5817, -43.9314 ], [ -69.573, -43.9444 ], [ -69.5606, -43.952 ] ] } },
{ "type": "Feature", "properties": { "nombre": "Camino sin nombre", "longitud_km": 9.71 }, "geometry": { "type": "LineString", "coordinates": [ [ -70.8082, -43.6969 ], [ -70.7783, -43.6946 ], [ -70.7186, -43.7031 ], [ -70.6964, -43.7171 ] ] } },
{ "type": "Feature", "properties": { "nombre": "Camino sin nombre", "longitud_km": 5.72 }, "geometry": { "type": "LineString", "coordinates": [ [ -70.0742, -45.2612 ], [ -70.068, -45.2754 ], [ -70.0421, -45.3071 ] ] } },
{ "type": "Feature", "properties": { "nombre": "Camino sin nombre", "longitud_km": 7.05 }, "geometry": { "type": "LineString", "coordinates": [ [ -65.7817, -43.9487 ], [ -65.7233, -43.9091 ], [ -65.7155, -43.9091 ] ] } },
{ "type": "Feature", "properties": { "nombre": "Camino sin nombre", "longitud_km": 7.45 }, "geometry": { "type": "LineString", "coordinates": [ [ -70.9946, -43.6536 ], [ -71.0252, -43.6751 ], [ -71.05, -43.7064 ] ] } },
{ "type": "Feature", "properties": { "nombre": "Camino sin nombre", "longitud_km": 2.63 }, "geometry": { "type": "LineString", "coordinates": [ [ -65.3211, -44.0191 ], [ -65.3313, -44.0245 ], [ -65.3361, -44.0386 ] ] } },
{ "type": "Feature", "properties": { "nombre": "Camino sin nombre", "longitud_km": 5.3 }, "geometry": { "type": "LineString", "coordinates": [ [ -70.6777, -44.0089 ], [ -70.688, -43.9618 ] ] } },
{ "type": "Feature", "properties": { "nombre": "Camino sin nombre", "longitud_km": 8.87 }, "geometry": { "type": "LineString", "coordinates": [ [ -70.8393, -43.6117 ], [ -70.8631, -43.6217 ], [ -70.8714, -43.5895 ], [ -70.9025, -43.5746 ] ] } },
{ "type": "Feature", "properties": { "nombre": "Camino sin nombre", "longitud_km": 1.31 }, "geometry": { "type": "LineString", "coordinates": [ [ -68.2896, -45.0413 ], [ -68.2859, -45.0527 ] ] } },
{ "type": "Feature", "properties": { "nombre": "Camino sin nombre", "longitud_km": 32.87 }, "geometry": { "type": "LineString", "coordinates": [ [ -70.2364, -43.8053 ], [ -70.2459, -43.7908 ], [ -70.2719, -43.7792 ], [ -70.3063, -43.7504 ], [ -70.3119, -43.738 ], [ -70.3261, -43.7297 ], [ -70.3395, -43.7097 ], [ -70.377, -43.6809 ], [ -70.415, -43.6405 ], [ -70.4358, -43.627 ], [ -70.4593, -43.588 ], [ -70.4613, -43.5682 ] ] } },
{ "type": "Feature", "properties": { "nombre": "Camino sin nombre", "longitud_km": 3.14 }, "geometry": { "type": "LineString", "coordinates": [ [ -70.997, -43.6262 ], [ -71.0005, -43.6381 ], [ -70.9946, -43.6536 ] ] } },
{ "type": "Feature", "properties": { "nombre": "Camino sin nombre", "longitud_km": 27.91 }, "geometry": { "type": "LineString", "coordinates": [ [ -65.4564, -44.0252 ], [ -65.4894, -43.9143 ], [ -65.487, -43.8984 ], [ -65.5111, -43.8649 ], [ -65.5347, -43.8512 ], [ -65.5351, -43.7891 ] ] } },
{ "type": "Feature", "properties": { "nombre": "Camino sin nombre", "longitud_km": 0.58 }, "geometry": { "type": "LineString", "coordinates": [ [ -70.9946, -43.6536 ], [ -70.9901, -43.6576 ] ] } },
{ "type": "Feature", "properties": { "nombre": "Camino sin nombre", "longitud_km": 6.75 }, "geometry": { "type": "LineString", "coordinates": [ [ -70.5012, -43.6922 ], [ -70.5177, -43.6908 ], [ -70.5129, -43.6627 ], [ -70.501, -43.6441 ] ] } },
{ "type": "Feature", "properties": { "nombre": "Camino sin nombre", "longitud_km": 11.29 }, "geometry": { "type": "LineString", "coordinates": [ [ -71.6307, -43.5398 ], [ -71.6492, -43.5501 ], [ -71.6528, -43.5641 ], [ -71.6602, -43.5722 ], [ -71.6837, -43.5749 ], [ -71.695, -43.5865 ], [ -71.7122, -43.5945 ], [ -71.7182, -43.6082 ] ] } },
{ "type": "Feature", "properties": { "nombre": "Camino sin nombre", "longitud_km": 13.23 }, "geometry": { "type": "LineString", "coordinates": [ [ -71.396, -43.6385 ], [ -71.3979, -43.6339 ], [ -71.3924, -43.6255 ], [ -71.4078, -43.6097 ], [ -71.4225, -43.5831 ], [ -71.4694, -43.5375 ] ] } },
{ "type": "Feature", "properties": { "nombre": "Camino sin nombre", "longitud_km": 33.21 }, "geometry": { "type": "LineString", "coordinates": [ [ -70.997, -43.6262 ], [ -71.0361, -43.634 ], [ -71.0674, -43.6558 ], [ -71.0963, -43.6618 ], [ -71.0968, -43.6688 ], [ -71.1053, -43.6734 ], [ -71.1245, -43.6768 ], [ -71.1341, -43.6706 ], [ -71.1609, -43.6729 ], [ -71.1825, -43.689 ], [ -71.1963, -43.6894 ], [ -71.2304, -43.7095 ], [ -71.2826, -43.7059 ], [ -71.301, -43.6991 ], [ -71.309, -43.6785 ], [ -71.3225, -43.6713 ], [ -71.3225, -43.6641 ] ] } },
{ "type": "Feature", "properties": { "nombre": "Camino sin nombre", "longitud_km": 6.19 }, "geometry": { "type": "LineString", "coordinates": [ [ -65.6924, -44.0559 ], [ -65.7308, -44.0746 ], [ -65.7477, -44.0933 ] ] } },
{ "type": "Feature", "properties": { "nombre": "Camino sin nombre", "longitud_km": 8.12 }, "geometry": { "type": "LineString", "coordinates": [ [ -70.5698, -43.9239 ], [ -70.5706, -43.9137 ], [ -70.5814, -43.8977 ], [ -70.578, -43.8693 ], [ -70.5809, -43.8529 ] ] } },
{ "type": "Feature", "properties": { "nombre": "Camino sin nombre", "longitud_km": 28.65 }, "geometry": { "type": "LineString", "coordinates": [ [ -69.941, -43.7266 ], [ -69.9393, -43.7475 ], [ -69.9322, -43.7521 ], [ -69.9256, -43.7664 ], [ -69.9288, -43.7826 ], [ -69.913, -43.7941 ], [ -69.9062, -43.8244 ], [ -69.8333, -43.8319 ], [ -69.8196, -43.8283 ], [ -69.7532, -43.8323 ], [ -69.7366, -43.8397 ], [ -69.7018, -43.8431 ] ] } },
{ "type": "Feature", "properties": { "nombre": "Camino sin nombre", "longitud_km": 0.8 }, "geometry": { "type": "LineString", "coordinates": [ [ -65.4357, -44.0119 ], [ -65.4452, -44.0096 ] ] } },
{ "type": "Feature", "properties": { "nombre": "Camino sin nombre", "longitud_km": 8.92 }, "geometry": { "type": "LineString", "coordinates": [ [ -68.3486, -43.9581 ], [ -68.3374, -43.9456 ], [ -68.3355, -43.9364 ], [ -68.354, -43.9206 ], [ -68.3723, -43.9122 ], [ -68.3847, -43.8947 ] ] } },
{ "type": "Feature", "properties": { "nombre": "Camino sin nombre", "longitud_km": 9.44 }, "geometry": { "type": "LineString", "coordinates": [ [ -65.4357, -44.0119 ], [ -65.4066, -44.0097 ], [ -65.3694, -44.0205 ], [ -65.3211, -44.0191 ] ] } },
{ "type": "Feature", "properties": { "nombre": "Camino sin nombre", "longitud_km": 12.94 }, "geometry": { "type": "LineString", "coordinates": [ [ -71.05, -43.7064 ], [ -71.0292, -43.7202 ], [ -71.0202, -43.7374 ], [ -70.9831, -43.754 ], [ -70.9472, -43.7569 ], [ -70.9325, -43.7736 ] ] } },
{ "type": "Feature", "properties": { "nombre": "Camino sin nombre", "longitud_km": 2.57 }, "geometry": { "type": "LineString", "coordinates": [ [ -65.3217, -44.0382 ], [ -65.3147, -44.0247 ], [ -65.3154, -44.016 ] ] } },
{ "type": "Feature", "properties": { "nombre": "Camino sin nombre", "longitud_km": 1.15 }, "geometry": { "type": "LineString", "coordinates": [ [ -65.3217, -44.0382 ], [ -65.3361, -44.0386 ] ] } },
{ "type": "Feature", "properties": { "nombre": "Camino sin nombre", "longitud_km": 10.66 }, "geometry": { "type": "LineString", "coordinates": [ [ -65.3361, -44.0386 ], [ -65.3461, -44.0362 ], [ -65.3788, -44.042 ], [ -65.4188, -44.0379 ], [ -65.4138, -44.0224 ], [ -65.4357, -44.0119 ] ] } },
{ "type": "Feature", "properties": { "nombre": "Camino sin nombre", "longitud_km": 3.85 }, "geometry": { "type": "LineString", "coordinates": [ [ -65.6516, -44.0376 ], [ -65.6924, -44.0559 ] ] } },
{ "type": "Feature", "properties": { "nombre": "Camino sin nombre", "longitud_km": 2.07 }, "geometry": { "type": "LineString", "coordinates": [ [ -65.6924, -44.0559 ], [ -65.7182, -44.0559 ] ] } },
{ "type": "Feature", "properties": { "nombre": "Camino sin nombre", "longitud_km": 5.65 }, "geometry": { "type": "LineString", "coordinates": [ [ -70.8856, -43.791 ], [ -70.8709, -43.799 ], [ -70.856, -43.7976 ], [ -70.8344, -43.8191 ] ] } },
{ "type": "Feature", "properties": { "nombre": "Camino sin nombre", "longitud_km": 3.41 }, "geometry": { "type": "LineString", "coordinates": [ [ -65.3065, -44.0664 ], [ -65.3074, -44.0584 ], [ -65.3217, -44.0382 ] ] } },
{ "type": "Feature", "properties": { "nombre": "Camino sin nombre", "longitud_km": 11.48 }, "geometry": { "type": "LineString", "coordinates": [ [ -70.6732, -43.7928 ], [ -70.6417, -43.7985 ], [ -70.6266, -43.8081 ], [ -70.6297, -43.8292 ], [ -70.6251, -43.8366 ], [ -70.5809, -43.8529 ] ] } },
{ "type": "Feature", "properties": { "nombre": "Camino sin nombre", "longitud_km": 0.64 }, "geometry": { "type": "LineString", "coordinates": [ [ -70.5809, -43.8529 ], [ -70.5732, -43.8546 ] ] } },
{ "type": "Feature", "properties": { "nombre": "Camino sin nombre", "longitud_km": 2.49 }, "geometry": { "type": "LineString", "coordinates": [ [ -70.9207, -43.8289 ], [ -70.9474, -43.8402 ] ] } },
{ "type": "Feature", "properties": { "nombre": "Camino sin nombre", "longitud_km": 6.14 }, "geometry": { "type": "LineString", "coordinates": [ [ -65.3065, -44.0664 ], [ -65.2952, -44.0716 ], [ -65.2919, -44.0797 ], [ -65.302, -44.0979 ], [ -65.2817, -44.1075 ] ] } },
{ "type": "Feature", "properties": { "nombre": "Camino sin nombre", "longitud_km": 5.62 }, "geometry": { "type": "LineString", "coordinates": [ [ -65.3364, -44.1102 ], [ -65.3159, -44.0948 ], [ -65.3065, -44.0664 ] ] } },
{ "type": "Feature", "properties": { "nombre": "Camino sin nombre", "longitud_km": 20.84 }, "geometry": { "type": "LineString", "coordinates": [ [ -66.0038, -44.0852 ], [ -65.9552, -44.0973 ], [ -65.9014, -44.0896 ], [ -65.835, -44.088 ], [ -65.7477, -44.0933 ] ] } },
{ "type": "Feature", "properties": { "nombre": "Camino sin nombre", "longitud_km": 2.1 }, "geometry": { "type": "LineString", "coordinates": [ [ -65.4912, -44.1097 ], [ -65.4651, -44.1085 ] ] } },
{ "type": "Feature", "properties": { "nombre": "Camino sin nombre", "longitud_km": 15.56 }, "geometry": { "type": "LineString", "coordinates": [ [ -71.2392, -43.8396 ], [ -71.2231, -43.8301 ], [ -71.2475, -43.8137 ], [ -71.3344, -43.7777 ], [ -71.3617, -43.778 ], [ -71.3723, -43.7739 ] ] } },
{ "type": "Feature", "properties": { "nombre": "Camino sin nombre", "longitud_km": 8.92 }, "geometry": { "type": "LineString", "coordinates": [ [ -70.7819, -44.0005 ], [ -70.7481, -44.008 ], [ -70.7349, -44.0024 ], [ -70.7122, -44.0023 ], [ -70.688, -44.0109 ], [ -70.6777, -44.0089 ] ] } },
{ "type": "Feature", "properties": { "nombre": "Camino sin nombre", "longitud_km": 8.32 }, "geometry": { "type": "LineString", "coordinates": [ [ -65.5715, -44.0822 ], [ -65.567, -44.093 ], [ -65.5445, -44.0963 ], [ -65.5268, -44.0922 ], [ -65.5002, -44.1112 ], [ -65.4912, -44.1097 ] ] } },
{ "type": "Feature", "properties": { "nombre": "Camino sin nombre", "longitud_km": 0.91 }, "geometry": { "type": "LineString", "coordinates": [ [ -65.3364, -44.1102 ], [ -65.3313, -44.1175 ] ] } },
{ "type": "Feature", "properties": { "nombre": "Camino sin nombre", "longitud_km": 8.01 }, "geometry": { "type": "LineString", "coordinates": [ [ -70.6132, -43.9997 ], [ -70.6104, -43.9628 ], [ -70.5937, -43.9632 ], [ -70.5872, -43.9406 ] ] } },
{ "type": "Feature", "properties": { "nombre": "Camino sin nombre", "longitud_km": 25.16 }, "geometry": { "type": "LineString", "coordinates": [ [ -71.2392, -43.8396 ], [ -71.217, -43.846 ], [ -71.1783, -43.8462 ], [ -71.1376, -43.8235 ], [ -71.1237, -43.8124 ], [ -71.1051, -43.7791 ], [ -71.0878, -43.7612 ], [ -71.0573, -43.7506 ], [ -71.0596, -43.7146 ], [ -71.05, -43.7064 ] ] } },
{ "type": "Feature", "properties": { "nombre": "Camino sin nombre", "longitud_km": 5.59 }, "geometry": { "type": "LineString", "coordinates": [ [ -65.2817, -44.1075 ], [ -65.297, -44.1229 ], [ -65.318, -44.128 ], [ -65.329, -44.1236 ], [ -65.3313, -44.1175 ] ] } },
{ "type": "Feature", "properties": { "nombre": "Camino sin nombre", "longitud_km": 13.28 }, "geometry": { "type": "LineString", "coordinates": [ [ -65.5887, -44.035 ], [ -65.5861, -44.0853 ], [ -65.578, -44.0928 ], [ -65.6464, -44.1264 ] ] } },
{ "type": "Feature", "properties": { "nombre": "Camino sin nombre", "longitud_km": 6.92 }, "geometry": { "type": "LineString", "coordinates": [ [ -65.7477, -44.0933 ], [ -65.8191, -44.1284 ] ] } },
{ "type": "Feature", "properties": { "nombre": "Camino sin nombre", "longitud_km": 3.41 }, "geometry": { "type": "LineString", "coordinates": [ [ -65.3313, -44.1175 ], [ -65.3385, -44.1478 ] ] } },
{ "type": "Feature", "properties": { "nombre": "Camino sin nombre", "longitud_km": 0.99 }, "geometry": { "type": "LineString", "coordinates": [ [ -65.3385, -44.1478 ], [ -65.3504, -44.1455 ] ] } },
{ "type": "Feature", "properties": { "nombre": "Camino sin nombre", "longitud_km": 9.12 }, "geometry": { "type": "LineString", "coordinates": [ [ -65.7563, -44.1395 ], [ -65.7308, -44.1288 ], [ -65.6464, -44.1264 ] ] } },
{ "type": "Feature", "properties": { "nombre": "Camino sin nombre", "longitud_km": 5.17 }, "geometry": { "type": "LineString", "coordinates": [ [ -65.7563, -44.1395 ], [ -65.8191, -44.1284 ] ] } },
{ "type": "Feature", "properties": { "nombre": "Camino sin nombre", "longitud_km": 2.07 }, "geometry": { "type": "LineString", "coordinates": [ [ -65.8191, -44.1284 ], [ -65.8398, -44.1396 ] ] } },
{ "type": "Feature", "properties": { "nombre": "Camino sin nombre", "longitud_km": 16.2 }, "geometry": { "type": "LineString", "coordinates": [ [ -66.0412, -44.1355 ], [ -65.8886, -44.1324 ], [ -65.8398, -44.1396 ] ] } },
{ "type": "Feature", "properties": { "nombre": "Camino sin nombre", "longitud_km": 6.54 }, "geometry": { "type": "LineString", "coordinates": [ [ -70.5698, -43.9239 ], [ -70.5462, -43.9065 ], [ -70.5012, -43.8953 ] ] } },
{ "type": "Feature", "properties": { "nombre": "Camino sin nombre", "longitud_km": 9.15 }, "geometry": { "type": "LineString", "coordinates": [ [ -65.426, -44.1558 ], [ -65.4129, -44.1367 ], [ -65.3364, -44.1102 ] ] } },
{ "type": "Feature", "properties": { "nombre": "Camino sin nombre", "longitud_km": 10.16 }, "geometry": { "type": "LineString", "coordinates": [ [ -65.2817, -44.1075 ], [ -65.2496, -44.1123 ], [ -65.2579, -44.1186 ], [ -65.2702, -44.1422 ], [ -65.3073, -44.1632 ] ] } },
{ "type": "Feature", "properties": { "nombre": "Camino sin nombre", "longitud_km": 3.1 }, "geometry": { "type": "LineString", "coordinates": [ [ -65.3385, -44.1478 ], [ -65.3258, -44.1505 ], [ -65.3073, -44.1632 ] ] } },
{ "type": "Feature", "properties": { "nombre": "Camino sin nombre", "longitud_km": 2.51 }, "geometry": { "type": "LineString", "coordinates": [ [ -70.5872, -43.9406 ], [ -70.5713, -43.9324 ], [ -70.5698, -43.9239 ] ] } },
{ "type": "Feature", "properties": { "nombre": "Camino sin nombre", "longitud_km": 0.64 }, "geometry": { "type": "LineString", "coordinates": [ [ -70.5543, -44.0049 ], [ -70.5509, -43.9997 ] ] } },
{ "type": "Feature", "properties": { "nombre": "Camino sin nombre", "longitud_km": 1.12 }, "geometry": { "type": "LineString", "coordinates": [ [ -65.8792, -44.5779 ], [ -65.8911, -44.5725 ] ] } },
{ "type": "Feature", "properties": { "nombre": "Camino sin nombre", "longitud_km": 15.08 }, "geometry": { "type": "LineString", "coordinates": [ [ -70.5872, -43.9406 ], [ -70.5986, -43.9364 ], [ -70.6408, -43.9037 ], [ -70.7017, -43.8756 ], [ -70.7085, -43.8749 ], [ -70.7118, -43.8844 ], [ -70.7277, -43.8936 ] ] } },
{ "type": "Feature", "properties": { "nombre": "Camino sin nombre", "longitud_km": 7.81 }, "geometry": { "type": "LineString", "coordinates": [ [ -65.4912, -44.1097 ], [ -65.5154, -44.1326 ], [ -65.515, -44.1453 ], [ -65.5298, -44.172 ] ] } },
{ "type": "Feature", "properties": { "nombre": "Camino sin nombre", "longitud_km": 1.73 }, "geometry": { "type": "LineString", "coordinates": [ [ -65.3073, -44.1632 ], [ -65.306, -44.1788 ] ] } },
{ "type": "Feature", "properties": { "nombre": "Camino sin nombre", "longitud_km": 9.66 }, "geometry": { "type": "LineString", "coordinates": [ [ -71.5248, -43.868 ], [ -71.4704, -43.869 ], [ -71.4495, -43.8853 ], [ -71.4187, -43.8974 ] ] } },
{ "type": "Feature", "properties": { "nombre": "Camino sin nombre", "longitud_km": 5.2 }, "geometry": { "type": "LineString", "coordinates": [ [ -70.95, -43.9622 ], [ -70.9631, -43.9794 ], [ -70.9883, -43.9997 ] ] } },
{ "type": "Feature", "properties": { "nombre": "Camino sin nombre", "longitud_km": 6.11 }, "geometry": { "type": "LineString", "coordinates": [ [ -70.8918, -43.9997 ], [ -70.8303, -44.0032 ], [ -70.8221, -44.0118 ] ] } },
{ "type": "Feature", "properties": { "nombre": "Camino sin nombre", "longitud_km": 9.99 }, "geometry": { "type": "LineString", "coordinates": [ [ -70.7897, -43.9067 ], [ -70.7944, -43.9209 ], [ -70.8057, -43.9292 ], [ -70.8348, -43.9355 ], [ -70.884, -43.9344 ], [ -70.8885, -43.9397 ] ] } },
{ "type": "Feature", "properties": { "nombre": "Camino sin nombre", "longitud_km": 3.73 }, "geometry": { "type": "LineString", "coordinates": [ [ -70.9039, -43.9112 ], [ -70.8883, -43.9211 ], [ -70.8885, -43.9397 ] ] } },
{ "type": "Feature", "properties": { "nombre": "Camino sin nombre", "longitud_km": 18.46 }, "geometry": { "type": "LineString", "coordinates": [ [ -70.1124, -43.9853 ], [ -70.0914, -43.9917 ], [ -70.0667, -44.0304 ], [ -70.0648, -44.0496 ], [ -70.0562, -44.0614 ], [ -70.0573, -44.0717 ], [ -70.0651, -44.08 ], [ -70.0446, -44.0943 ], [ -70.048, -44.1277 ] ] } },
{ "type": "Feature", "properties": { "nombre": "Camino sin nombre", "longitud_km": 10.73 }, "geometry": { "type": "LineString", "coordinates": [ [ -65.5298, -44.172 ], [ -65.5253, -44.1804 ], [ -65.502, -44.1844 ], [ -65.4735, -44.1995 ], [ -65.4545, -44.2 ], [ -65.4134, -44.1899 ] ] } },
{ "type": "Feature", "properties": { "nombre": "Camino sin nombre", "longitud_km": 1.73 }, "geometry": { "type": "LineString", "coordinates": [ [ -70.8885, -43.9397 ], [ -70.8952, -43.9544 ] ] } },
{ "type": "Feature", "properties": { "nombre": "Camino sin nombre", "longitud_km": 0.6 }, "geometry": { "type": "LineString", "coordinates": [ [ -71.4513, -43.9766 ], [ -71.4512, -43.982 ] ] } },
{ "type": "Feature", "properties": { "nombre": "Camino sin nombre", "longitud_km": 8.15 }, "geometry": { "type": "LineString", "coordinates": [ [ -65.4005, -44.203 ], [ -65.3373, -44.1934 ], [ -65.306, -44.1788 ] ] } },
{ "type": "Feature", "properties": { "nombre": "Camino sin nombre", "longitud_km": 11.96 }, "geometry": { "type": "LineString", "coordinates": [ [ -65.6359, -44.1978 ], [ -65.6732, -44.1925 ], [ -65.7346, -44.1491 ], [ -65.7563, -44.1395 ] ] } },
{ "type": "Feature", "properties": { "nombre": "Camino sin nombre", "longitud_km": 4.85 }, "geometry": { "type": "LineString", "coordinates": [ [ -65.6232, -44.2607 ], [ -65.6164, -44.268 ], [ -65.5678, -44.2685 ] ] } },
{ "type": "Feature", "properties": { "nombre": "Camino sin nombre", "longitud_km": 22.14 }, "geometry": { "type": "LineString", "coordinates": [ [ -71.402, -43.9183 ], [ -71.361, -43.9083 ], [ -71.2829, -43.9249 ], [ -71.2719, -43.9132 ], [ -71.2556, -43.9076 ], [ -71.2433, -43.9094 ], [ -71.2389, -43.8958 ], [ -71.2437, -43.8851 ], [ -71.2409, -43.8675 ], [ -71.2471, -43.8509 ], [ -71.2392, -43.8396 ] ] } },
{ "type": "Feature", "properties": { "nombre": "Camino sin nombre", "longitud_km": 4.16 }, "geometry": { "type": "LineString", "coordinates": [ [ -71.0515, -43.9418 ], [ -71.0894, -43.9444 ], [ -71.1013, -43.9494 ] ] } },
{ "type": "Feature", "properties": { "nombre": "Camino sin nombre", "longitud_km": 9.86 }, "geometry": { "type": "LineString", "coordinates": [ [ -71.1013, -43.9494 ], [ -71.1088, -43.9382 ], [ -71.093, -43.8995 ], [ -71.0863, -43.8952 ], [ -71.0741, -43.898 ], [ -71.057, -43.882 ] ] } },
{ "type": "Feature", "properties": { "nombre": "Camino sin nombre", "longitud_km": 1.73 }, "geometry": { "type": "LineString", "coordinates": [ [ -70.95, -43.9622 ], [ -70.9694, -43.9555 ] ] } },
{ "type": "Feature", "properties": { "nombre": "Camino sin nombre", "longitud_km": 1.17 }, "geometry": { "type": "LineString", "coordinates": [ [ -70.9006, -43.9667 ], [ -70.8895, -43.9599 ] ] } },
{ "type": "Feature", "properties": { "nombre": "Camino sin nombre", "longitud_km": 4.0 }, "geometry": { "type": "LineString", "coordinates": [ [ -70.9006, -43.9667 ], [ -70.95, -43.9622 ] ] } },
{ "type": "Feature", "properties": { "nombre": "Camino sin nombre", "longitud_km": 10.15 }, "geometry": { "type": "LineString", "coordinates": [ [ -65.8398, -44.1396 ], [ -65.9283, -44.2052 ] ] } },
{ "type": "Feature", "properties": { "nombre": "Camino sin nombre", "longitud_km": 5.95 }, "geometry": { "type": "LineString", "coordinates": [ [ -66.001, -44.1937 ], [ -65.9283, -44.2052 ] ] } },
{ "type": "Feature", "properties": { "nombre": "Camino sin nombre", "longitud_km": 0.53 }, "geometry": { "type": "LineString", "coordinates": [ [ -70.9036, -43.9709 ], [ -70.9006, -43.9667 ] ] } },
{ "type": "Feature", "properties": { "nombre": "Camino sin nombre", "longitud_km": 9.51 }, "geometry": { "type": "LineString", "coordinates": [ [ -70.5872, -43.9406 ], [ -70.5564, -43.9603 ], [ -70.5368, -43.9656 ], [ -70.5403, -43.9841 ], [ -70.5621, -43.9997 ] ] } },
{ "type": "Feature", "properties": { "nombre": "Camino sin nombre", "longitud_km": 2.46 }, "geometry": { "type": "LineString", "coordinates": [ [ -65.5651, -44.2677 ], [ -65.5344, -44.2669 ] ] } },
{ "type": "Feature", "properties": { "nombre": "Camino sin nombre", "longitud_km": 9.94 }, "geometry": { "type": "LineString", "coordinates": [ [ -65.5298, -44.172 ], [ -65.5534, -44.1759 ], [ -65.6052, -44.1971 ], [ -65.6141, -44.2119 ], [ -65.6271, -44.221 ] ] } },
{ "type": "Feature", "properties": { "nombre": "Camino sin nombre", "longitud_km": 5.56 }, "geometry": { "type": "LineString", "coordinates": [ [ -65.306, -44.1788 ], [ -65.3141, -44.2284 ] ] } },
{ "type": "Feature", "properties": { "nombre": "Camino sin nombre", "longitud_km": 5.47 }, "geometry": { "type": "LineString", "coordinates": [ [ -65.3773, -44.2172 ], [ -65.3352, -44.2171 ], [ -65.3141, -44.2284 ] ] } },
{ "type": "Feature", "properties": { "nombre": "Camino sin nombre", "longitud_km": 0.82 }, "geometry": { "type": "LineString", "coordinates": [ [ -71.0761, -44.2223 ], [ -71.0753, -44.2297 ] ] } },
{ "type": "Feature", "properties": { "nombre": "Camino sin nombre", "longitud_km": 4.17 }, "geometry": { "type": "LineString", "coordinates": [ [ -71.4178, -43.9444 ], [ -71.3987, -43.9521 ], [ -71.3693, -43.9472 ] ] } },
{ "type": "Feature", "properties": { "nombre": "Camino sin nombre", "longitud_km": 4.62 }, "geometry": { "type": "LineString", "coordinates": [ [ -70.7853, -43.9997 ], [ -70.7875, -43.9582 ] ] } },
{ "type": "Feature", "properties": { "nombre": "Camino sin nombre", "longitud_km": 3.68 }, "geometry": { "type": "LineString", "coordinates": [ [ -65.9646, -44.4662 ], [ -65.9208, -44.4769 ] ] } },
{ "type": "Feature", "properties": { "nombre": "Camino sin nombre", "longitud_km": 10.06 }, "geometry": { "type": "LineString", "coordinates": [ [ -70.6777, -44.0089 ], [ -70.6348, -44.0117 ], [ -70.6095, -44.0043 ], [ -70.5543, -44.0049 ] ] } },
{ "type": "Feature", "properties": { "nombre": "Camino sin nombre", "longitud_km": 4.01 }, "geometry": { "type": "LineString", "coordinates": [ [ -70.9036, -43.9709 ], [ -70.8909, -43.973 ], [ -70.8918, -43.9997 ] ] } },
{ "type": "Feature", "properties": { "nombre": "Camino sin nombre", "longitud_km": 5.88 }, "geometry": { "type": "LineString", "coordinates": [ [ -70.9543, -44.0091 ], [ -70.9036, -43.9709 ] ] } },
{ "type": "Feature", "properties": { "nombre": "Camino sin nombre", "longitud_km": 0.56 }, "geometry": { "type": "LineString", "coordinates": [ [ -70.8923, -44.0047 ], [ -70.8918, -43.9997 ] ] } },
{ "type": "Feature", "properties": { "nombre": "Camino sin nombre", "longitud_km": 8.96 }, "geometry": { "type": "LineString", "coordinates": [ [ -71.0214, -44.0019 ], [ -71.0463, -43.9963 ], [ -71.0825, -43.9608 ], [ -71.1013, -43.9494 ] ] } },
{ "type": "Feature", "properties": { "nombre": "Camino sin nombre", "longitud_km": 10.42 }, "geometry": { "type": "LineString", "coordinates": [ [ -70.5543, -44.0049 ], [ -70.5545, -44.0151 ], [ -70.5392, -44.0206 ], [ -70.5474, -44.0267 ], [ -70.5409, -44.0328 ], [ -70.4966, -44.038 ], [ -70.4699, -44.0503 ] ] } },
{ "type": "Feature", "properties": { "nombre": "Camino sin nombre", "longitud_km": 4.99 }, "geometry": { "type": "LineString", "coordinates": [ [ -70.8923, -44.0047 ], [ -70.9543, -44.0091 ] ] } },
{ "type": "Feature", "properties": { "nombre": "Camino sin nombre", "longitud_km": 5.45 }, "geometry": { "type": "LineString", "coordinates": [ [ -70.9543, -44.0091 ], [ -71.0214, -44.0019 ] ] } },
{ "type": "Feature", "properties": { "nombre": "Camino sin nombre", "longitud_km": 3.8 }, "geometry": { "type": "LineString", "coordinates": [ [ -65.6397, -44.2325 ], [ -65.6242, -44.2399 ], [ -65.6232, -44.2607 ] ] } },
{ "type": "Feature", "properties": { "nombre": "Camino sin nombre", "longitud_km": 1.34 }, "geometry": { "type": "LineString", "coordinates": [ [ -65.64, -44.2609 ], [ -65.6232, -44.2607 ] ] } },
{ "type": "Feature", "properties": { "nombre": "Camino sin nombre", "longitud_km": 4.97 }, "geometry": { "type": "LineString", "coordinates": [ [ -65.3141, -44.2284 ], [ -65.2872, -44.2688 ] ] } },
{ "type": "Feature", "properties": { "nombre": "Camino sin nombre", "longitud_km": 10.97 }, "geometry": { "type": "LineString", "coordinates": [ [ -65.489, -44.2654 ], [ -65.4735, -44.2562 ], [ -65.4526, -44.2302 ], [ -65.4329, -44.225 ], [ -65.421, -44.2163 ], [ -65.4134, -44.1899 ] ] } },
{ "type": "Feature", "properties": { "nombre": "Camino sin nombre", "longitud_km": 2.27 }, "geometry": { "type": "LineString", "coordinates": [ [ -70.4432, -44.033 ], [ -70.4298, -44.0511 ] ] } },
{ "type": "Feature", "properties": { "nombre": "Camino sin nombre", "longitud_km": 1.0 }, "geometry": { "type": "LineString", "coordinates": [ [ -65.489, -44.2654 ], [ -65.4771, -44.2681 ] ] } },
{ "type": "Feature", "properties": { "nombre": "Camino sin nombre", "longitud_km": 2.03 }, "geometry": { "type": "LineString", "coordinates": [ [ -71.0214, -44.0019 ], [ -71.0429, -44.0115 ] ] } },
{ "type": "Feature", "properties": { "nombre": "Camino sin nombre", "longitud_km": 7.45 }, "geometry": { "type": "LineString", "coordinates": [ [ -65.6281, -44.2255 ], [ -65.5741, -44.2451 ], [ -65.5651, -44.2677 ] ] } },
{ "type": "Feature", "properties": { "nombre": "Camino sin nombre", "longitud_km": 3.82 }, "geometry": { "type": "LineString", "coordinates": [ [ -65.5344, -44.2669 ], [ -65.5193, -44.2687 ], [ -65.5022, -44.2628 ], [ -65.489, -44.2654 ] ] } },
{ "type": "Feature", "properties": { "nombre": "Camino sin nombre", "longitud_km": 0.23 }, "geometry": { "type": "LineString", "coordinates": [ [ -65.5678, -44.2685 ], [ -65.5651, -44.2677 ] ] } },
{ "type": "Feature", "properties": { "nombre": "Camino sin nombre", "longitud_km": 4.51 }, "geometry": { "type": "LineString", "coordinates": [ [ -65.6232, -44.2607 ], [ -65.5678, -44.2685 ] ] } },
{ "type": "Feature", "properties": { "nombre": "Camino sin nombre", "longitud_km": 1.64 }, "geometry": { "type": "LineString", "coordinates": [ [ -71.5816, -44.3584 ], [ -71.5731, -44.3582 ], [ -71.5718, -44.3496 ] ] } },
{ "type": "Feature", "properties": { "nombre": "Camino sin nombre", "longitud_km": 5.98 }, "geometry": { "type": "LineString", "coordinates": [ [ -70.3283, -44.0314 ], [ -70.3771, -44.0585 ], [ -70.3901, -44.0594 ] ] } },
{ "type": "Feature", "properties": { "nombre": "Camino sin nombre", "longitud_km": 0.23 }, "geometry": { "type": "LineString", "coordinates": [ [ -70.393, -44.0597 ], [ -70.3901, -44.0594 ] ] } },
{ "type": "Feature", "properties": { "nombre": "Camino sin nombre", "longitud_km": 0.59 }, "geometry": { "type": "LineString", "coordinates": [ [ -70.3916, -44.0544 ], [ -70.393, -44.0597 ] ] } },
{ "type": "Feature", "properties": { "nombre": "Camino sin nombre", "longitud_km": 0.37 }, "geometry": { "type": "LineString", "coordinates": [ [ -70.2172, -45.4597 ], [ -70.2196, -45.4626 ] ] } },
{ "type": "Feature", "properties": { "nombre": "Camino sin nombre", "longitud_km": 3.1 }, "geometry": { "type": "LineString", "coordinates": [ [ -70.393, -44.0597 ], [ -70.4298, -44.0511 ] ] } },
{ "type": "Feature", "properties": { "nombre": "Camino sin nombre", "longitud_km": 1.73 }, "geometry": { "type": "LineString", "coordinates": [ [ -70.9591, -44.0243 ], [ -70.9543, -44.0091 ] ] } },
{ "type": "Feature", "properties": { "nombre": "Camino sin nombre", "longitud_km": 3.79 }, "geometry": { "type": "LineString", "coordinates": [ [ -70.4298, -44.0511 ], [ -70.4474, -44.0597 ], [ -70.4699, -44.0503 ] ] } },
{ "type": "Feature", "properties": { "nombre": "Camino sin nombre", "longitud_km": 7.64 }, "geometry": { "type": "LineString", "coordinates": [ [ -65.9283, -44.2052 ], [ -65.9585, -44.2325 ], [ -65.9736, -44.2646 ] ] } },
{ "type": "Feature", "properties": { "nombre": "Camino sin nombre", "longitud_km": 2.91 }, "geometry": { "type": "LineString", "coordinates": [ [ -65.5678, -44.275 ], [ -65.5497, -44.2741 ], [ -65.5344, -44.2669 ] ] } },
{ "type": "Feature", "properties": { "nombre": "Camino sin nombre", "longitud_km": 0.72 }, "geometry": { "type": "LineString", "coordinates": [ [ -65.5678, -44.2685 ], [ -65.5678, -44.275 ] ] } },
{ "type": "Feature", "properties": { "nombre": "Camino sin nombre", "longitud_km": 2.19 }, "geometry": { "type": "LineString", "coordinates": [ [ -70.6311, -44.0454 ], [ -70.6149, -44.0497 ], [ -70.6059, -44.0464 ] ] } },
{ "type": "Feature", "properties": { "nombre": "Camino sin nombre", "longitud_km": 0.25 }, "geometry": { "type": "LineString", "coordinates": [ [ -65.5678, -44.275 ], [ -65.5672, -44.2771 ] ] } },
{ "type": "Feature", "properties": { "nombre": "Camino sin nombre", "longitud_km": 2.2 }, "geometry": { "type": "LineString", "coordinates": [ [ -65.9736, -44.2646 ], [ -66.001, -44.2672 ] ] } },
{ "type": "Feature", "properties": { "nombre": "Camino sin nombre", "longitud_km": 2.82 }, "geometry": { "type": "LineString", "coordinates": [ [ -70.3901, -44.0594 ], [ -70.3581, -44.0702 ] ] } },
{ "type": "Feature", "properties": { "nombre": "Camino sin nombre", "longitud_km": 3.77 }, "geometry": { "type": "LineString", "coordinates": [ [ -70.8935, -44.0386 ], [ -70.8923, -44.0047 ] ] } },
{ "type": "Feature", "properties": { "nombre": "Camino sin nombre", "longitud_km": 4.38 }, "geometry": { "type": "LineString", "coordinates": [ [ -65.4652, -44.2723 ], [ -65.4999, -44.2731 ], [ -65.5045, -44.2784 ], [ -65.4994, -44.2857 ] ] } },
{ "type": "Feature", "properties": { "nombre": "Camino sin nombre", "longitud_km": 4.2 }, "geometry": { "type": "LineString", "coordinates": [ [ -65.4994, -44.2857 ], [ -65.4646, -44.2851 ], [ -65.4652, -44.2723 ] ] } },
{ "type": "Feature", "properties": { "nombre": "Camino sin nombre", "longitud_km": 25.05 }, "geometry": { "type": "LineString", "coordinates": [ [ -65.6669, -44.2834 ], [ -65.7644, -44.2611 ], [ -65.8207, -44.2707 ], [ -65.9194, -44.2626 ], [ -65.9736, -44.2646 ] ] } },
{ "type": "Feature", "properties": { "nombre": "Camino sin nombre", "longitud_km": 1.01 }, "geometry": { "type": "LineString", "coordinates": [ [ -68.9662, -45.0226 ], [ -68.9723, -45.0146 ] ] } },
{ "type": "Feature", "properties": { "nombre": "Camino sin nombre", "longitud_km": 3.84 }, "geometry": { "type": "LineString", "coordinates": [ [ -70.393, -44.0597 ], [ -70.3941, -44.0942 ] ] } },
{ "type": "Feature", "properties": { "nombre": "Camino sin nombre", "longitud_km": 13.74 }, "geometry": { "type": "LineString", "coordinates": [ [ -70.8949, -44.0468 ], [ -71.01, -44.045 ], [ -71.0164, -44.0502 ], [ -71.0447, -44.0545 ], [ -71.0592, -44.047 ] ] } },
{ "type": "Feature", "properties": { "nombre": "Camino sin nombre", "longitud_km": 4.43 }, "geometry": { "type": "LineString", "coordinates": [ [ -70.4466, -44.1066 ], [ -70.3941, -44.0942 ] ] } },
{ "type": "Feature", "properties": { "nombre": "Camino sin nombre", "longitud_km": 3.1 }, "geometry": { "type": "LineString", "coordinates": [ [ -65.4994, -44.2857 ], [ -65.5051, -44.2936 ], [ -65.5077, -44.3125 ] ] } },
{ "type": "Feature", "properties": { "nombre": "Camino sin nombre", "longitud_km": 7.3 }, "geometry": { "type": "LineString", "coordinates": [ [ -65.2517, -44.3353 ], [ -65.2823, -44.3281 ], [ -65.3109, -44.3315 ], [ -65.3271, -44.3287 ], [ -65.3383, -44.3343 ] ] } },
{ "type": "Feature", "properties": { "nombre": "Camino sin nombre", "longitud_km": 12.82 }, "geometry": { "type": "LineString", "coordinates": [ [ -65.3383, -44.3343 ], [ -65.363, -44.3188 ], [ -65.373, -44.3035 ], [ -65.3856, -44.3021 ], [ -65.4388, -44.2755 ], [ -65.4652, -44.2723 ] ] } },
{ "type": "Feature", "properties": { "nombre": "Camino sin nombre", "longitud_km": 2.85 }, "geometry": { "type": "LineString", "coordinates": [ [ -70.8687, -44.1374 ], [ -70.8978, -44.1227 ] ] } },
{ "type": "Feature", "properties": { "nombre": "Camino sin nombre", "longitud_km": 1.72 }, "geometry": { "type": "LineString", "coordinates": [ [ -70.2716, -45.3787 ], [ -70.2502, -45.3821 ] ] } },
{ "type": "Feature", "properties": { "nombre": "Camino sin nombre", "longitud_km": 2.6 }, "geometry": { "type": "LineString", "coordinates": [ [ -65.279, -44.3692 ], [ -65.2685, -44.3748 ], [ -65.2614, -44.3879 ] ] } },
{ "type": "Feature", "properties": { "nombre": "Camino sin nombre", "longitud_km": 1.27 }, "geometry": { "type": "LineString", "coordinates": [ [ -71.0284, -44.6351 ], [ -71.0441, -44.6334 ] ] } },
{ "type": "Feature", "properties": { "nombre": "Camino sin nombre", "longitud_km": 1.56 }, "geometry": { "type": "LineString", "coordinates": [ [ -71.3188, -44.2492 ], [ -71.3096, -44.2617 ] ] } },
{ "type": "Feature", "properties": { "nombre": "Camino sin nombre", "longitud_km": 9.19 }, "geometry": { "type": "LineString", "coordinates": [ [ -70.8516, -44.1039 ], [ -70.836, -44.0945 ], [ -70.8293, -44.082 ], [ -70.8352, -44.0713 ], [ -70.8361, -44.0486 ], [ -70.8299, -44.0287 ] ] } },
{ "type": "Feature", "properties": { "nombre": "Camino sin nombre", "longitud_km": 4.39 }, "geometry": { "type": "LineString", "coordinates": [ [ -65.5077, -44.3125 ], [ -65.5041, -44.3369 ], [ -65.5115, -44.3508 ] ] } },
{ "type": "Feature", "properties": { "nombre": "Camino sin nombre", "longitud_km": 5.14 }, "geometry": { "type": "LineString", "coordinates": [ [ -65.5115, -44.3508 ], [ -65.5236, -44.3394 ], [ -65.5235, -44.323 ], [ -65.5077, -44.3125 ] ] } },
{ "type": "Feature", "properties": { "nombre": "Camino sin nombre", "longitud_km": 1.1 }, "geometry": { "type": "LineString", "coordinates": [ [ -65.3476, -44.3591 ], [ -65.3533, -44.3501 ] ] } },
{ "type": "Feature", "properties": { "nombre": "Camino sin nombre", "longitud_km": 5.36 }, "geometry": { "type": "LineString", "coordinates": [ [ -65.6978, -44.3065 ], [ -65.7064, -44.3544 ] ] } },
{ "type": "Feature", "properties": { "nombre": "Camino sin nombre", "longitud_km": 4.21 }, "geometry": { "type": "LineString", "coordinates": [ [ -65.4409, -44.3639 ], [ -65.4713, -44.3329 ] ] } },
{ "type": "Feature", "properties": { "nombre": "Camino sin nombre", "longitud_km": 7.15 }, "geometry": { "type": "LineString", "coordinates": [ [ -65.3533, -44.3501 ], [ -65.4409, -44.3639 ] ] } },
{ "type": "Feature", "properties": { "nombre": "Camino sin nombre", "longitud_km": 10.0 }, "geometry": { "type": "LineString", "coordinates": [ [ -65.9736, -44.2646 ], [ -65.9708, -44.3545 ] ] } },
{ "type": "Feature", "properties": { "nombre": "Camino sin nombre", "longitud_km": 3.65 }, "geometry": { "type": "LineString", "coordinates": [ [ -66.001, -44.3299 ], [ -65.9708, -44.3545 ] ] } },
{ "type": "Feature", "properties": { "nombre": "Camino sin nombre", "longitud_km": 1.93 }, "geometry": { "type": "LineString", "coordinates": [ [ -65.3476, -44.3591 ], [ -65.3296, -44.3708 ] ] } },
{ "type": "Feature", "properties": { "nombre": "Camino sin nombre", "longitud_km": 1.11 }, "geometry": { "type": "LineString", "coordinates": [ [ -70.8978, -44.1227 ], [ -70.8988, -44.1127 ] ] } },
{ "type": "Feature", "properties": { "nombre": "Camino sin nombre", "longitud_km": 3.44 }, "geometry": { "type": "LineString", "coordinates": [ [ -65.3296, -44.3708 ], [ -65.312, -44.3684 ], [ -65.2879, -44.3739 ] ] } },
{ "type": "Feature", "properties": { "nombre": "Camino sin nombre", "longitud_km": 2.59 }, "geometry": { "type": "LineString", "coordinates": [ [ -65.5115, -44.3508 ], [ -65.5247, -44.3721 ] ] } },
{ "type": "Feature", "properties": { "nombre": "Camino sin nombre", "longitud_km": 0.68 }, "geometry": { "type": "LineString", "coordinates": [ [ -65.5247, -44.3721 ], [ -65.5331, -44.373 ] ] } },
{ "type": "Feature", "properties": { "nombre": "Camino sin nombre", "longitud_km": 15.63 }, "geometry": { "type": "LineString", "coordinates": [ [ -70.7073, -44.1422 ], [ -70.7137, -44.112 ], [ -70.7102, -44.099 ], [ -70.682, -44.0962 ], [ -70.6501, -44.0827 ], [ -70.6107, -44.0579 ], [ -70.6059, -44.0464 ] ] } },
{ "type": "Feature", "properties": { "nombre": "Camino sin nombre", "longitud_km": 3.49 }, "geometry": { "type": "LineString", "coordinates": [ [ -65.4409, -44.3639 ], [ -65.4542, -44.3717 ], [ -65.48, -44.3765 ] ] } },
{ "type": "Feature", "properties": { "nombre": "Camino sin nombre", "longitud_km": 3.6 }, "geometry": { "type": "LineString", "coordinates": [ [ -65.48, -44.3765 ], [ -65.5247, -44.3721 ] ] } },
{ "type": "Feature", "properties": { "nombre": "Camino sin nombre", "longitud_km": 4.25 }, "geometry": { "type": "LineString", "coordinates": [ [ -71.073, -44.1629 ], [ -71.052, -44.1573 ], [ -71.0213, -44.1588 ] ] } },
{ "type": "Feature", "properties": { "nombre": "Camino sin nombre", "longitud_km": 18.15 }, "geometry": { "type": "LineString", "coordinates": [ [ -65.5665, -44.3798 ], [ -65.6054, -44.3734 ], [ -65.6113, -44.3532 ], [ -65.6077, -44.3406 ], [ -65.611, -44.3251 ], [ -65.5817, -44.3247 ], [ -65.5741, -44.3399 ], [ -65.5378, -44.3552 ], [ -65.5331, -44.373 ] ] } },
{ "type": "Feature", "properties": { "nombre": "Camino sin nombre", "longitud_km": 4.49 }, "geometry": { "type": "LineString", "coordinates": [ [ -70.8687, -44.1374 ], [ -70.8722, -44.1324 ], [ -70.8697, -44.1144 ], [ -70.8516, -44.1039 ] ] } },
{ "type": "Feature", "properties": { "nombre": "Camino sin nombre", "longitud_km": 4.29 }, "geometry": { "type": "LineString", "coordinates": [ [ -65.4047, -44.495 ], [ -65.4057, -44.4848 ], [ -65.3996, -44.4812 ], [ -65.368, -44.4808 ] ] } },
{ "type": "Feature", "properties": { "nombre": "Camino sin nombre", "longitud_km": 8.79 }, "geometry": { "type": "LineString", "coordinates": [ [ -70.5726, -44.0567 ], [ -70.546, -44.1015 ], [ -70.507, -44.1129 ] ] } },
{ "type": "Feature", "properties": { "nombre": "Camino sin nombre", "longitud_km": 18.55 }, "geometry": { "type": "LineString", "coordinates": [ [ -70.2936, -44.2312 ], [ -70.3233, -44.2233 ], [ -70.365, -44.1794 ], [ -70.3657, -44.1556 ], [ -70.3859, -44.1354 ], [ -70.3945, -44.1175 ], [ -70.3941, -44.0942 ] ] } },
{ "type": "Feature", "properties": { "nombre": "Camino sin nombre", "longitud_km": 2.5 }, "geometry": { "type": "LineString", "coordinates": [ [ -65.3533, -44.3501 ], [ -65.3554, -44.3427 ], [ -65.3383, -44.3343 ] ] } },
{ "type": "Feature", "properties": { "nombre": "Camino sin nombre", "longitud_km": 8.39 }, "geometry": { "type": "LineString", "coordinates": [ [ -65.9708, -44.3545 ], [ -65.972, -44.3822 ], [ -65.9577, -44.4096 ], [ -65.9618, -44.4279 ] ] } },
{ "type": "Feature", "properties": { "nombre": "Camino sin nombre", "longitud_km": 6.92 }, "geometry": { "type": "LineString", "coordinates": [ [ -70.8978, -44.1227 ], [ -70.9579, -44.125 ], [ -70.9825, -44.1316 ] ] } },
{ "type": "Feature", "properties": { "nombre": "Camino sin nombre", "longitud_km": 0.97 }, "geometry": { "type": "LineString", "coordinates": [ [ -70.9825, -44.1316 ], [ -70.9933, -44.1277 ] ] } },
{ "type": "Feature", "properties": { "nombre": "Camino sin nombre", "longitud_km": 0.8 }, "geometry": { "type": "LineString", "coordinates": [ [ -70.8596, -44.1404 ], [ -70.8687, -44.1374 ] ] } },
{ "type": "Feature", "properties": { "nombre": "Camino sin nombre", "longitud_km": 1.93 }, "geometry": { "type": "LineString", "coordinates": [ [ -71.0411, -44.1281 ], [ -71.0476, -44.1113 ] ] } },
{ "type": "Feature", "properties": { "nombre": "Camino sin nombre", "longitud_km": 2.67 }, "geometry": { "type": "LineString", "coordinates": [ [ -71.0411, -44.1281 ], [ -71.021, -44.1261 ], [ -71.0137, -44.134 ] ] } },
{ "type": "Feature", "properties": { "nombre": "Camino sin nombre", "longitud_km": 4.64 }, "geometry": { "type": "LineString", "coordinates": [ [ -65.6203, -44.3941 ], [ -65.5786, -44.3866 ], [ -65.5665, -44.3798 ] ] } },
{ "type": "Feature", "properties": { "nombre": "Camino sin nombre", "longitud_km": 2.58 }, "geometry": { "type": "LineString", "coordinates": [ [ -70.8366, -44.1546 ], [ -70.8466, -44.1434 ], [ -70.8596, -44.1404 ] ] } },
{ "type": "Feature", "properties": { "nombre": "Camino sin nombre", "longitud_km": 8.12 }, "geometry": { "type": "LineString", "coordinates": [ [ -70.7965, -44.1583 ], [ -70.7942, -44.144 ], [ -70.7992, -44.1349 ], [ -70.8516, -44.1039 ] ] } },
{ "type": "Feature", "properties": { "nombre": "Camino sin nombre", "longitud_km": 3.5 }, "geometry": { "type": "LineString", "coordinates": [ [ -65.3296, -44.3708 ], [ -65.3365, -44.4019 ] ] } },
{ "type": "Feature", "properties": { "nombre": "Camino sin nombre", "longitud_km": 3.24 }, "geometry": { "type": "LineString", "coordinates": [ [ -70.7965, -44.1583 ], [ -70.8366, -44.1546 ] ] } },
{ "type": "Feature", "properties": { "nombre": "Camino sin nombre", "longitud_km": 5.97 }, "geometry": { "type": "LineString", "coordinates": [ [ -71.1146, -44.1375 ], [ -71.0411, -44.1281 ] ] } },
{ "type": "Feature", "properties": { "nombre": "Camino sin nombre", "longitud_km": 10.83 }, "geometry": { "type": "LineString", "coordinates": [ [ -71.1146, -44.1375 ], [ -71.1196, -44.1216 ], [ -71.1182, -44.1088 ], [ -71.1327, -44.1047 ], [ -71.1441, -44.1184 ], [ -71.1616, -44.1185 ], [ -71.1597, -44.1344 ], [ -71.1671, -44.1348 ], [ -71.1658, -44.1421 ] ] } },
{ "type": "Feature", "properties": { "nombre": "Camino sin nombre", "longitud_km": 4.48 }, "geometry": { "type": "LineString", "coordinates": [ [ -65.6765, -44.3961 ], [ -65.6203, -44.3941 ] ] } },
{ "type": "Feature", "properties": { "nombre": "Camino sin nombre", "longitud_km": 1.74 }, "geometry": { "type": "LineString", "coordinates": [ [ -71.1362, -44.1359 ], [ -71.1146, -44.1375 ] ] } },
{ "type": "Feature", "properties": { "nombre": "Camino sin nombre", "longitud_km": 5.36 }, "geometry": { "type": "LineString", "coordinates": [ [ -65.7043, -44.3596 ], [ -65.7002, -44.3862 ], [ -65.6902, -44.3953 ], [ -65.6765, -44.3961 ] ] } },
{ "type": "Feature", "properties": { "nombre": "Camino sin nombre", "longitud_km": 7.69 }, "geometry": { "type": "LineString", "coordinates": [ [ -70.7073, -44.1422 ], [ -70.7568, -44.1455 ], [ -70.7828, -44.1532 ], [ -70.7831, -44.1604 ], [ -70.7891, -44.1645 ] ] } },
{ "type": "Feature", "properties": { "nombre": "Camino sin nombre", "longitud_km": 0.91 }, "geometry": { "type": "LineString", "coordinates": [ [ -70.7891, -44.1645 ], [ -70.7965, -44.1583 ] ] } },
{ "type": "Feature", "properties": { "nombre": "Camino sin nombre", "longitud_km": 11.1 }, "geometry": { "type": "LineString", "coordinates": [ [ -70.8596, -44.1404 ], [ -70.8604, -44.1444 ], [ -70.8834, -44.1479 ], [ -70.8979, -44.157 ], [ -70.9286, -44.1576 ], [ -70.9335, -44.1648 ], [ -70.9537, -44.1749 ], [ -70.9737, -44.1654 ] ] } },
{ "type": "Feature", "properties": { "nombre": "Camino sin nombre", "longitud_km": 10.98 }, "geometry": { "type": "LineString", "coordinates": [ [ -65.4453, -44.4283 ], [ -65.389, -44.3945 ], [ -65.3476, -44.3591 ] ] } },
{ "type": "Feature", "properties": { "nombre": "Camino sin nombre", "longitud_km": 6.43 }, "geometry": { "type": "LineString", "coordinates": [ [ -65.48, -44.3765 ], [ -65.4735, -44.3937 ], [ -65.4453, -44.4283 ] ] } },
{ "type": "Feature", "properties": { "nombre": "Camino sin nombre", "longitud_km": 0.39 }, "geometry": { "type": "LineString", "coordinates": [ [ -65.4453, -44.4283 ], [ -65.4431, -44.4314 ] ] } },
{ "type": "Feature", "properties": { "nombre": "Camino sin nombre", "longitud_km": 5.01 }, "geometry": { "type": "LineString", "coordinates": [ [ -65.6237, -44.4317 ], [ -65.6228, -44.4247 ], [ -65.6291, -44.4204 ], [ -65.633, -44.406 ], [ -65.6199, -44.4003 ], [ -65.6203, -44.3941 ] ] } },
{ "type": "Feature", "properties": { "nombre": "Camino sin nombre", "longitud_km": 22.74 }, "geometry": { "type": "LineString", "coordinates": [ [ -65.9453, -44.4327 ], [ -65.9265, -44.4142 ], [ -65.9001, -44.4078 ], [ -65.8915, -44.3942 ], [ -65.8522, -44.3773 ], [ -65.8357, -44.3745 ], [ -65.7422, -44.3808 ], [ -65.7043, -44.3596 ] ] } },
{ "type": "Feature", "properties": { "nombre": "Camino sin nombre", "longitud_km": 1.41 }, "geometry": { "type": "LineString", "coordinates": [ [ -65.9618, -44.4279 ], [ -65.9453, -44.4327 ] ] } },
{ "type": "Feature", "properties": { "nombre": "Camino sin nombre", "longitud_km": 15.01 }, "geometry": { "type": "LineString", "coordinates": [ [ -70.8366, -44.1546 ], [ -70.8542, -44.1615 ], [ -70.8559, -44.1706 ], [ -70.8865, -44.1876 ], [ -70.9236, -44.2008 ], [ -70.9511, -44.1943 ], [ -70.9737, -44.1654 ] ] } },
{ "type": "Feature", "properties": { "nombre": "Camino sin nombre", "longitud_km": 1.34 }, "geometry": { "type": "LineString", "coordinates": [ [ -65.7391, -44.4496 ], [ -65.7398, -44.4435 ], [ -65.7478, -44.4423 ] ] } },
{ "type": "Feature", "properties": { "nombre": "Camino sin nombre", "longitud_km": 6.83 }, "geometry": { "type": "LineString", "coordinates": [ [ -70.7891, -44.1645 ], [ -70.7955, -44.1829 ], [ -70.8264, -44.2192 ] ] } },
{ "type": "Feature", "properties": { "nombre": "Camino sin nombre", "longitud_km": 18.34 }, "geometry": { "type": "LineString", "coordinates": [ [ -71.3294, -44.1896 ], [ -71.326, -44.1818 ], [ -71.3284, -44.1626 ], [ -71.3203, -44.1471 ], [ -71.2703, -44.1278 ], [ -71.2542, -44.1254 ], [ -71.2389, -44.1338 ], [ -71.1886, -44.1449 ], [ -71.1658, -44.1421 ] ] } },
{ "type": "Feature", "properties": { "nombre": "Camino sin nombre", "longitud_km": 5.6 }, "geometry": { "type": "LineString", "coordinates": [ [ -65.6636, -44.4156 ], [ -65.6672, -44.44 ], [ -65.6628, -44.4527 ], [ -65.6719, -44.4637 ] ] } },
{ "type": "Feature", "properties": { "nombre": "Camino sin nombre", "longitud_km": 3.6 }, "geometry": { "type": "LineString", "coordinates": [ [ -65.6267, -44.4642 ], [ -65.6719, -44.4637 ] ] } },
{ "type": "Feature", "properties": { "nombre": "Camino sin nombre", "longitud_km": 0.4 }, "geometry": { "type": "LineString", "coordinates": [ [ -65.6719, -44.4637 ], [ -65.6769, -44.464 ] ] } },
{ "type": "Feature", "properties": { "nombre": "Camino sin nombre", "longitud_km": 5.57 }, "geometry": { "type": "LineString", "coordinates": [ [ -65.6769, -44.464 ], [ -65.7122, -44.4628 ], [ -65.7369, -44.4547 ], [ -65.7391, -44.4496 ] ] } },
{ "type": "Feature", "properties": { "nombre": "Camino sin nombre", "longitud_km": 0.82 }, "geometry": { "type": "LineString", "coordinates": [ [ -71.2927, -44.1933 ], [ -71.2937, -44.186 ] ] } },
{ "type": "Feature", "properties": { "nombre": "Camino sin nombre", "longitud_km": 10.3 }, "geometry": { "type": "LineString", "coordinates": [ [ -65.7391, -44.4496 ], [ -65.7547, -44.4527 ], [ -65.7719, -44.4658 ], [ -65.7923, -44.4701 ], [ -65.8258, -44.4612 ], [ -65.8262, -44.4389 ] ] } },
{ "type": "Feature", "properties": { "nombre": "Camino sin nombre", "longitud_km": 4.81 }, "geometry": { "type": "LineString", "coordinates": [ [ -65.9618, -44.4279 ], [ -65.9666, -44.4365 ], [ -65.959, -44.4661 ], [ -65.9646, -44.4662 ] ] } },
{ "type": "Feature", "properties": { "nombre": "Camino sin nombre", "longitud_km": 2.35 }, "geometry": { "type": "LineString", "coordinates": [ [ -70.7118, -44.2767 ], [ -70.7251, -44.2778 ], [ -70.737, -44.2856 ] ] } },
{ "type": "Feature", "properties": { "nombre": "Camino sin nombre", "longitud_km": 10.01 }, "geometry": { "type": "LineString", "coordinates": [ [ -65.3403, -44.4041 ], [ -65.3568, -44.4267 ], [ -65.3438, -44.44 ], [ -65.3412, -44.4529 ], [ -65.3601, -44.4678 ], [ -65.3612, -44.4763 ], [ -65.368, -44.4808 ] ] } },
{ "type": "Feature", "properties": { "nombre": "Camino sin nombre", "longitud_km": 5.69 }, "geometry": { "type": "LineString", "coordinates": [ [ -71.0654, -44.1816 ], [ -71.0519, -44.1972 ], [ -71.0577, -44.2138 ], [ -71.0761, -44.2223 ] ] } },
{ "type": "Feature", "properties": { "nombre": "Camino sin nombre", "longitud_km": 15.7 }, "geometry": { "type": "LineString", "coordinates": [ [ -70.6245, -44.2588 ], [ -70.6345, -44.2525 ], [ -70.6285, -44.2421 ], [ -70.6341, -44.2363 ], [ -70.6732, -44.2153 ], [ -70.6827, -44.1826 ], [ -70.7, -44.1466 ], [ -70.7073, -44.1422 ] ] } },
{ "type": "Feature", "properties": { "nombre": "Camino sin nombre", "longitud_km": 5.41 }, "geometry": { "type": "LineString", "coordinates": [ [ -65.9453, -44.4327 ], [ -65.9343, -44.4409 ], [ -65.9208, -44.4769 ] ] } },
{ "type": "Feature", "properties": { "nombre": "Camino sin nombre", "longitud_km": 5.39 }, "geometry": { "type": "LineString", "coordinates": [ [ -71.4268, -44.2094 ], [ -71.3703, -44.1829 ] ] } },
{ "type": "Feature", "properties": { "nombre": "Camino sin nombre", "longitud_km": 11.31 }, "geometry": { "type": "LineString", "coordinates": [ [ -70.7075, -44.2623 ], [ -70.7311, -44.2552 ], [ -70.7796, -44.2196 ], [ -70.8264, -44.2192 ] ] } },
{ "type": "Feature", "properties": { "nombre": "Camino sin nombre", "longitud_km": 6.67 }, "geometry": { "type": "LineString", "coordinates": [ [ -70.6245, -44.2588 ], [ -70.669, -44.2639 ], [ -70.7075, -44.2623 ] ] } },
{ "type": "Feature", "properties": { "nombre": "Camino sin nombre", "longitud_km": 4.08 }, "geometry": { "type": "LineString", "coordinates": [ [ -71.636, -44.1663 ], [ -71.6611, -44.1843 ], [ -71.6655, -44.1951 ] ] } },
{ "type": "Feature", "properties": { "nombre": "Camino sin nombre", "longitud_km": 2.4 }, "geometry": { "type": "LineString", "coordinates": [ [ -70.6056, -44.2734 ], [ -70.6114, -44.2629 ], [ -70.6245, -44.2588 ] ] } },
{ "type": "Feature", "properties": { "nombre": "Camino sin nombre", "longitud_km": 6.45 }, "geometry": { "type": "LineString", "coordinates": [ [ -65.5698, -44.4988 ], [ -65.5885, -44.4911 ], [ -65.5956, -44.481 ], [ -65.5943, -44.4745 ], [ -65.6074, -44.4685 ], [ -65.6109, -44.4552 ] ] } },
{ "type": "Feature", "properties": { "nombre": "Camino sin nombre", "longitud_km": 3.5 }, "geometry": { "type": "LineString", "coordinates": [ [ -65.368, -44.4808 ], [ -65.3626, -44.4853 ], [ -65.361, -44.4971 ], [ -65.3772, -44.5044 ] ] } },
{ "type": "Feature", "properties": { "nombre": "Camino sin nombre", "longitud_km": 2.7 }, "geometry": { "type": "LineString", "coordinates": [ [ -65.3772, -44.5044 ], [ -65.4027, -44.5005 ], [ -65.4047, -44.495 ] ] } },
{ "type": "Feature", "properties": { "nombre": "Camino sin nombre", "longitud_km": 13.87 }, "geometry": { "type": "LineString", "coordinates": [ [ -71.0761, -44.2223 ], [ -71.0212, -44.2275 ], [ -70.9617, -44.2548 ], [ -70.9187, -44.24 ] ] } },
{ "type": "Feature", "properties": { "nombre": "Camino sin nombre", "longitud_km": 2.26 }, "geometry": { "type": "LineString", "coordinates": [ [ -71.1969, -44.2225 ], [ -71.2119, -44.2307 ], [ -71.2144, -44.2373 ] ] } },
{ "type": "Feature", "properties": { "nombre": "Camino sin nombre", "longitud_km": 1.64 }, "geometry": { "type": "LineString", "coordinates": [ [ -70.7118, -44.2767 ], [ -70.7075, -44.2623 ] ] } },
{ "type": "Feature", "properties": { "nombre": "Camino sin nombre", "longitud_km": 3.37 }, "geometry": { "type": "LineString", "coordinates": [ [ -65.8764, -44.5057 ], [ -65.8341, -44.5048 ] ] } },
{ "type": "Feature", "properties": { "nombre": "Camino sin nombre", "longitud_km": 5.44 }, "geometry": { "type": "LineString", "coordinates": [ [ -65.9208, -44.4769 ], [ -65.9039, -44.5034 ], [ -65.8764, -44.5057 ] ] } },
{ "type": "Feature", "properties": { "nombre": "Camino sin nombre", "longitud_km": 8.68 }, "geometry": { "type": "LineString", "coordinates": [ [ -71.529, -44.2279 ], [ -71.47, -44.2076 ], [ -71.4268, -44.2094 ] ] } },
{ "type": "Feature", "properties": { "nombre": "Camino sin nombre", "longitud_km": 5.06 }, "geometry": { "type": "LineString", "coordinates": [ [ -65.5196, -44.525 ], [ -65.5432, -44.5186 ], [ -65.5698, -44.4988 ] ] } },
{ "type": "Feature", "properties": { "nombre": "Camino sin nombre", "longitud_km": 5.89 }, "geometry": { "type": "LineString", "coordinates": [ [ -71.3188, -44.2492 ], [ -71.2789, -44.2304 ], [ -71.2658, -44.2142 ] ] } },
{ "type": "Feature", "properties": { "nombre": "Camino sin nombre", "longitud_km": 6.12 }, "geometry": { "type": "LineString", "coordinates": [ [ -65.5698, -44.4988 ], [ -65.5837, -44.4981 ], [ -65.6054, -44.5073 ], [ -65.6159, -44.5237 ], [ -65.6283, -44.5253 ] ] } },
{ "type": "Feature", "properties": { "nombre": "Camino sin nombre", "longitud_km": 6.88 }, "geometry": { "type": "LineString", "coordinates": [ [ -65.4047, -44.495 ], [ -65.4379, -44.5164 ], [ -65.4612, -44.5241 ], [ -65.4689, -44.5344 ] ] } },
{ "type": "Feature", "properties": { "nombre": "Camino sin nombre", "longitud_km": 4.59 }, "geometry": { "type": "LineString", "coordinates": [ [ -65.4057, -44.5372 ], [ -65.4042, -44.5221 ], [ -65.3772, -44.5044 ] ] } },
{ "type": "Feature", "properties": { "nombre": "Camino sin nombre", "longitud_km": 5.03 }, "geometry": { "type": "LineString", "coordinates": [ [ -65.4057, -44.5372 ], [ -65.4689, -44.5344 ] ] } },
{ "type": "Feature", "properties": { "nombre": "Camino sin nombre", "longitud_km": 0.4 }, "geometry": { "type": "LineString", "coordinates": [ [ -65.4689, -44.5344 ], [ -65.4721, -44.5371 ] ] } },
{ "type": "Feature", "properties": { "nombre": "Camino sin nombre", "longitud_km": 4.39 }, "geometry": { "type": "LineString", "coordinates": [ [ -65.5196, -44.525 ], [ -65.4866, -44.5281 ], [ -65.476, -44.5383 ], [ -65.4721, -44.5371 ] ] } },
{ "type": "Feature", "properties": { "nombre": "Camino sin nombre", "longitud_km": 1.71 }, "geometry": { "type": "LineString", "coordinates": [ [ -65.3845, -44.5398 ], [ -65.4057, -44.5372 ] ] } },
{ "type": "Feature", "properties": { "nombre": "Camino sin nombre", "longitud_km": 5.73 }, "geometry": { "type": "LineString", "coordinates": [ [ -65.9344, -44.5346 ], [ -65.8809, -44.5119 ], [ -65.8764, -44.5057 ] ] } },
{ "type": "Feature", "properties": { "nombre": "Camino sin nombre", "longitud_km": 5.19 }, "geometry": { "type": "LineString", "coordinates": [ [ -70.609, -44.3197 ], [ -70.6103, -44.2888 ], [ -70.6056, -44.2734 ] ] } },
{ "type": "Feature", "properties": { "nombre": "Camino sin nombre", "longitud_km": 10.05 }, "geometry": { "type": "LineString", "coordinates": [ [ -70.609, -44.3197 ], [ -70.6284, -44.3201 ], [ -70.6842, -44.3004 ], [ -70.7072, -44.2866 ], [ -70.7118, -44.2767 ] ] } },
{ "type": "Feature", "properties": { "nombre": "Camino sin nombre", "longitud_km": 4.64 }, "geometry": { "type": "LineString", "coordinates": [ [ -71.2382, -44.2817 ], [ -71.1908, -44.2575 ] ] } },
{ "type": "Feature", "properties": { "nombre": "Camino sin nombre", "longitud_km": 4.32 }, "geometry": { "type": "LineString", "coordinates": [ [ -65.5193, -44.5616 ], [ -65.5251, -44.5565 ], [ -65.5189, -44.5425 ], [ -65.5196, -44.525 ] ] } },
{ "type": "Feature", "properties": { "nombre": "Camino sin nombre", "longitud_km": 9.71 }, "geometry": { "type": "LineString", "coordinates": [ [ -71.6313, -44.2625 ], [ -71.6123, -44.2527 ], [ -71.5766, -44.2554 ], [ -71.5538, -44.2368 ], [ -71.529, -44.2279 ] ] } },
{ "type": "Feature", "properties": { "nombre": "Camino sin nombre", "longitud_km": 1.83 }, "geometry": { "type": "LineString", "coordinates": [ [ -71.2382, -44.2817 ], [ -71.2359, -44.2909 ], [ -71.2271, -44.2944 ] ] } },
{ "type": "Feature", "properties": { "nombre": "Camino sin nombre", "longitud_km": 14.9 }, "geometry": { "type": "LineString", "coordinates": [ [ -71.6655, -44.1951 ], [ -71.6993, -44.217 ], [ -71.718, -44.2483 ], [ -71.7565, -44.2459 ], [ -71.7686, -44.2543 ], [ -71.8056, -44.2475 ] ] } },
{ "type": "Feature", "properties": { "nombre": "Camino sin nombre", "longitud_km": 6.9 }, "geometry": { "type": "LineString", "coordinates": [ [ -65.4721, -44.5371 ], [ -65.4646, -44.5481 ], [ -65.4737, -44.5626 ], [ -65.4943, -44.5669 ], [ -65.5193, -44.5616 ] ] } },
{ "type": "Feature", "properties": { "nombre": "Camino sin nombre", "longitud_km": 12.3 }, "geometry": { "type": "LineString", "coordinates": [ [ -65.6769, -44.464 ], [ -65.6746, -44.4737 ], [ -65.6846, -44.4911 ], [ -65.6864, -44.5127 ], [ -65.6704, -44.5466 ], [ -65.6566, -44.5565 ], [ -65.6665, -44.5644 ] ] } },
{ "type": "Feature", "properties": { "nombre": "Camino sin nombre", "longitud_km": 10.71 }, "geometry": { "type": "LineString", "coordinates": [ [ -65.5193, -44.5616 ], [ -65.5481, -44.5585 ], [ -65.5767, -44.5671 ], [ -65.6045, -44.5591 ], [ -65.6223, -44.562 ], [ -65.6473, -44.5561 ] ] } },
{ "type": "Feature", "properties": { "nombre": "Camino sin nombre", "longitud_km": 15.6 }, "geometry": { "type": "LineString", "coordinates": [ [ -70.4816, -44.3611 ], [ -70.4991, -44.3499 ], [ -70.5503, -44.3445 ], [ -70.5468, -44.3353 ], [ -70.5551, -44.3317 ], [ -70.5964, -44.2886 ], [ -70.5998, -44.2761 ], [ -70.6056, -44.2734 ] ] } },
{ "type": "Feature", "properties": { "nombre": "Camino sin nombre", "longitud_km": 5.66 }, "geometry": { "type": "LineString", "coordinates": [ [ -65.9344, -44.5346 ], [ -65.9596, -44.5374 ], [ -65.978, -44.5502 ], [ -65.985, -44.5636 ] ] } },
{ "type": "Feature", "properties": { "nombre": "Camino sin nombre", "longitud_km": 13.88 }, "geometry": { "type": "LineString", "coordinates": [ [ -65.9646, -44.4662 ], [ -65.9732, -44.4664 ], [ -65.973, -44.4785 ], [ -65.9825, -44.4803 ], [ -65.9829, -44.485 ], [ -65.9684, -44.5007 ], [ -65.961, -44.5308 ], [ -65.9896, -44.547 ], [ -65.9958, -44.5659 ] ] } },
{ "type": "Feature", "properties": { "nombre": "Camino sin nombre", "longitud_km": 0.57 }, "geometry": { "type": "LineString", "coordinates": [ [ -65.9878, -44.5684 ], [ -65.985, -44.5636 ] ] } },
{ "type": "Feature", "properties": { "nombre": "Camino sin nombre", "longitud_km": 0.69 }, "geometry": { "type": "LineString", "coordinates": [ [ -65.9878, -44.5684 ], [ -65.9958, -44.5659 ] ] } },
{ "type": "Feature", "properties": { "nombre": "Camino sin nombre", "longitud_km": 0.54 }, "geometry": { "type": "LineString", "coordinates": [ [ -66.001, -44.5691 ], [ -65.9958, -44.5659 ] ] } },
{ "type": "Feature", "properties": { "nombre": "Camino sin nombre", "longitud_km": 3.86 }, "geometry": { "type": "LineString", "coordinates": [ [ -65.6778, -44.6101 ], [ -65.6988, -44.6092 ], [ -65.704, -44.5991 ], [ -65.7164, -44.5976 ] ] } },
{ "type": "Feature", "properties": { "nombre": "Camino sin nombre", "longitud_km": 11.68 }, "geometry": { "type": "LineString", "coordinates": [ [ -71.3648, -44.3013 ], [ -71.3524, -44.2992 ], [ -71.3472, -44.2935 ], [ -71.3392, -44.2999 ], [ -71.3044, -44.2806 ], [ -71.2562, -44.2866 ], [ -71.2382, -44.2817 ] ] } },
{ "type": "Feature", "properties": { "nombre": "Camino sin nombre", "longitud_km": 7.87 }, "geometry": { "type": "LineString", "coordinates": [ [ -71.3648, -44.3013 ], [ -71.3589, -44.2861 ], [ -71.3649, -44.2763 ], [ -71.3464, -44.2673 ], [ -71.3346, -44.2537 ], [ -71.3188, -44.2492 ] ] } },
{ "type": "Feature", "properties": { "nombre": "Camino sin nombre", "longitud_km": 6.02 }, "geometry": { "type": "LineString", "coordinates": [ [ -65.8911, -44.5725 ], [ -65.9241, -44.562 ], [ -65.9344, -44.5346 ] ] } },
{ "type": "Feature", "properties": { "nombre": "Camino sin nombre", "longitud_km": 16.81 }, "geometry": { "type": "LineString", "coordinates": [ [ -71.56, -44.29 ], [ -71.5458, -44.2906 ], [ -71.5108, -44.2783 ], [ -71.4725, -44.2724 ], [ -71.4453, -44.2529 ], [ -71.4614, -44.2413 ], [ -71.435, -44.2216 ], [ -71.4268, -44.2094 ] ] } },
{ "type": "Feature", "properties": { "nombre": "Camino sin nombre", "longitud_km": 7.99 }, "geometry": { "type": "LineString", "coordinates": [ [ -71.56, -44.29 ], [ -71.5596, -44.2857 ], [ -71.5372, -44.2737 ], [ -71.5324, -44.2663 ], [ -71.536, -44.2433 ], [ -71.529, -44.2279 ] ] } },
{ "type": "Feature", "properties": { "nombre": "Camino sin nombre", "longitud_km": 9.25 }, "geometry": { "type": "LineString", "coordinates": [ [ -65.8341, -44.5048 ], [ -65.8445, -44.5172 ], [ -65.8416, -44.5236 ], [ -65.8462, -44.5453 ], [ -65.8791, -44.5777 ] ] } },
{ "type": "Feature", "properties": { "nombre": "Camino sin nombre", "longitud_km": 10.45 }, "geometry": { "type": "LineString", "coordinates": [ [ -65.8341, -44.5048 ], [ -65.7936, -44.5248 ], [ -65.789, -44.5554 ], [ -65.7802, -44.5652 ], [ -65.7846, -44.5813 ] ] } },
{ "type": "Feature", "properties": { "nombre": "Camino sin nombre", "longitud_km": 4.38 }, "geometry": { "type": "LineString", "coordinates": [ [ -65.7846, -44.5813 ], [ -65.7432, -44.5763 ], [ -65.7309, -44.5797 ] ] } },
{ "type": "Feature", "properties": { "nombre": "Camino sin nombre", "longitud_km": 36.76 }, "geometry": { "type": "LineString", "coordinates": [ [ -71.1615, -44.3755 ], [ -71.1445, -44.3801 ], [ -71.0542, -44.3724 ], [ -71.0317, -44.3764 ], [ -71.0009, -44.3593 ], [ -70.9561, -44.357 ], [ -70.898, -44.319 ], [ -70.896, -44.3072 ], [ -70.8577, -44.2852 ], [ -70.8496, -44.2752 ], [ -70.8422, -44.2526 ], [ -70.8411, -44.2309 ], [ -70.8264, -44.2192 ] ] } },
{ "type": "Feature", "properties": { "nombre": "Camino sin nombre", "longitud_km": 3.44 }, "geometry": { "type": "LineString", "coordinates": [ [ -65.9333, -44.5797 ], [ -65.8911, -44.5725 ] ] } },
{ "type": "Feature", "properties": { "nombre": "Camino sin nombre", "longitud_km": 4.55 }, "geometry": { "type": "LineString", "coordinates": [ [ -65.985, -44.5636 ], [ -65.9581, -44.5756 ], [ -65.9333, -44.5797 ] ] } },
{ "type": "Feature", "properties": { "nombre": "Camino sin nombre", "longitud_km": 6.24 }, "geometry": { "type": "LineString", "coordinates": [ [ -65.8035, -44.5815 ], [ -65.8693, -44.5835 ], [ -65.8791, -44.5777 ] ] } },
{ "type": "Feature", "properties": { "nombre": "Camino sin nombre", "longitud_km": 1.12 }, "geometry": { "type": "LineString", "coordinates": [ [ -65.8792, -44.5779 ], [ -65.8771, -44.5878 ] ] } },
{ "type": "Feature", "properties": { "nombre": "Camino sin nombre", "longitud_km": 5.15 }, "geometry": { "type": "LineString", "coordinates": [ [ -70.6475, -44.3701 ], [ -70.6356, -44.3643 ], [ -70.6333, -44.3554 ], [ -70.6199, -44.3424 ], [ -70.6058, -44.3385 ] ] } },
{ "type": "Feature", "properties": { "nombre": "Camino sin nombre", "longitud_km": 4.34 }, "geometry": { "type": "LineString", "coordinates": [ [ -70.4431, -44.3839 ], [ -70.4466, -44.3728 ], [ -70.4816, -44.3611 ] ] } },
{ "type": "Feature", "properties": { "nombre": "Camino sin nombre", "longitud_km": 1.39 }, "geometry": { "type": "LineString", "coordinates": [ [ -70.6842, -44.3703 ], [ -70.6749, -44.3596 ] ] } },
{ "type": "Feature", "properties": { "nombre": "Camino sin nombre", "longitud_km": 4.58 }, "geometry": { "type": "LineString", "coordinates": [ [ -65.7164, -44.5976 ], [ -65.7033, -44.5944 ], [ -65.6955, -44.5826 ], [ -65.6858, -44.5779 ], [ -65.672, -44.5771 ] ] } },
{ "type": "Feature", "properties": { "nombre": "Camino sin nombre", "longitud_km": 2.29 }, "geometry": { "type": "LineString", "coordinates": [ [ -65.7309, -44.5797 ], [ -65.7164, -44.5976 ] ] } },
{ "type": "Feature", "properties": { "nombre": "Camino sin nombre", "longitud_km": 2.92 }, "geometry": { "type": "LineString", "coordinates": [ [ -70.6842, -44.3703 ], [ -70.6475, -44.3701 ] ] } },
{ "type": "Feature", "properties": { "nombre": "Camino sin nombre", "longitud_km": 7.14 }, "geometry": { "type": "LineString", "coordinates": [ [ -65.9878, -44.5684 ], [ -65.9909, -44.5726 ], [ -65.9796, -44.5934 ], [ -65.9469, -44.5887 ], [ -65.9333, -44.5797 ] ] } },
{ "type": "Feature", "properties": { "nombre": "Camino sin nombre", "longitud_km": 2.78 }, "geometry": { "type": "LineString", "coordinates": [ [ -65.8242, -44.78 ], [ -65.7892, -44.7774 ] ] } },
{ "type": "Feature", "properties": { "nombre": "Camino sin nombre", "longitud_km": 7.62 }, "geometry": { "type": "LineString", "coordinates": [ [ -70.6058, -44.3385 ], [ -70.5545, -44.3555 ], [ -70.5498, -44.3612 ], [ -70.5556, -44.3821 ] ] } },
{ "type": "Feature", "properties": { "nombre": "Camino sin nombre", "longitud_km": 1.93 }, "geometry": { "type": "LineString", "coordinates": [ [ -70.7096, -44.3744 ], [ -70.7309, -44.366 ] ] } },
{ "type": "Feature", "properties": { "nombre": "Camino sin nombre", "longitud_km": 2.08 }, "geometry": { "type": "LineString", "coordinates": [ [ -70.7096, -44.3744 ], [ -70.6842, -44.3703 ] ] } },
{ "type": "Feature", "properties": { "nombre": "Camino sin nombre", "longitud_km": 2.03 }, "geometry": { "type": "LineString", "coordinates": [ [ -65.8771, -44.5878 ], [ -65.8915, -44.593 ], [ -65.8955, -44.5991 ] ] } },
{ "type": "Feature", "properties": { "nombre": "Camino sin nombre", "longitud_km": 3.77 }, "geometry": { "type": "LineString", "coordinates": [ [ -65.8955, -44.5991 ], [ -65.9132, -44.5941 ], [ -65.9333, -44.5797 ] ] } },
{ "type": "Feature", "properties": { "nombre": "Camino sin nombre", "longitud_km": 1.6 }, "geometry": { "type": "LineString", "coordinates": [ [ -65.6578, -44.6081 ], [ -65.6778, -44.6101 ] ] } },
{ "type": "Feature", "properties": { "nombre": "Camino sin nombre", "longitud_km": 1.95 }, "geometry": { "type": "LineString", "coordinates": [ [ -68.9723, -45.0146 ], [ -68.9854, -44.9998 ] ] } },
{ "type": "Feature", "properties": { "nombre": "Camino sin nombre", "longitud_km": 6.5 }, "geometry": { "type": "LineString", "coordinates": [ [ -65.7309, -44.5797 ], [ -65.8018, -44.6089 ] ] } },
{ "type": "Feature", "properties": { "nombre": "Camino sin nombre", "longitud_km": 3.05 }, "geometry": { "type": "LineString", "coordinates": [ [ -65.8018, -44.6089 ], [ -65.8035, -44.5815 ] ] } },
{ "type": "Feature", "properties": { "nombre": "Camino sin nombre", "longitud_km": 2.02 }, "geometry": { "type": "LineString", "coordinates": [ [ -70.6469, -44.3871 ], [ -70.6515, -44.3752 ], [ -70.6475, -44.3701 ] ] } },
{ "type": "Feature", "properties": { "nombre": "Camino sin nombre", "longitud_km": 5.03 }, "geometry": { "type": "LineString", "coordinates": [ [ -71.5767, -44.3295 ], [ -71.5771, -44.3049 ], [ -71.5711, -44.2941 ], [ -71.56, -44.29 ] ] } },
{ "type": "Feature", "properties": { "nombre": "Camino sin nombre", "longitud_km": 1.76 }, "geometry": { "type": "LineString", "coordinates": [ [ -65.8018, -44.6089 ], [ -65.7972, -44.613 ], [ -65.8098, -44.6185 ] ] } },
{ "type": "Feature", "properties": { "nombre": "Camino sin nombre", "longitud_km": 7.11 }, "geometry": { "type": "LineString", "coordinates": [ [ -65.8771, -44.5878 ], [ -65.8636, -44.6084 ], [ -65.8283, -44.6204 ], [ -65.8098, -44.6185 ] ] } },
{ "type": "Feature", "properties": { "nombre": "Camino sin nombre", "longitud_km": 0.4 }, "geometry": { "type": "LineString", "coordinates": [ [ -65.8129, -44.6214 ], [ -65.8098, -44.6185 ] ] } },
{ "type": "Feature", "properties": { "nombre": "Camino sin nombre", "longitud_km": 3.01 }, "geometry": { "type": "LineString", "coordinates": [ [ -70.6937, -44.3989 ], [ -70.7096, -44.3744 ] ] } },
{ "type": "Feature", "properties": { "nombre": "Camino sin nombre", "longitud_km": 2.26 }, "geometry": { "type": "LineString", "coordinates": [ [ -71.5718, -44.3496 ], [ -71.5767, -44.3295 ] ] } },
{ "type": "Feature", "properties": { "nombre": "Camino sin nombre", "longitud_km": 12.72 }, "geometry": { "type": "LineString", "coordinates": [ [ -71.4769, -44.3819 ], [ -71.3794, -44.3181 ], [ -71.3648, -44.3013 ] ] } },
{ "type": "Feature", "properties": { "nombre": "Camino sin nombre", "longitud_km": 5.02 }, "geometry": { "type": "LineString", "coordinates": [ [ -71.1173, -44.439 ], [ -71.142, -44.4334 ], [ -71.1791, -44.4349 ] ] } },
{ "type": "Feature", "properties": { "nombre": "Camino sin nombre", "longitud_km": 17.36 }, "geometry": { "type": "LineString", "coordinates": [ [ -70.4441, -44.4411 ], [ -70.4737, -44.4301 ], [ -70.5564, -44.423 ], [ -70.5743, -44.4278 ], [ -70.5964, -44.4148 ], [ -70.595, -44.4006 ], [ -70.6134, -44.3988 ], [ -70.6188, -44.3886 ] ] } },
{ "type": "Feature", "properties": { "nombre": "Camino sin nombre", "longitud_km": 4.37 }, "geometry": { "type": "LineString", "coordinates": [ [ -70.1203, -45.743 ], [ -70.1213, -45.7823 ] ] } },
{ "type": "Feature", "properties": { "nombre": "Camino sin nombre", "longitud_km": 3.76 }, "geometry": { "type": "LineString", "coordinates": [ [ -71.5816, -44.3584 ], [ -71.5891, -44.3366 ], [ -71.5767, -44.3295 ] ] } },
{ "type": "Feature", "properties": { "nombre": "Camino sin nombre", "longitud_km": 5.77 }, "geometry": { "type": "LineString", "coordinates": [ [ -71.5718, -44.3496 ], [ -71.5571, -44.347 ], [ -71.5379, -44.3557 ], [ -71.5209, -44.3772 ] ] } },
{ "type": "Feature", "properties": { "nombre": "Camino sin nombre", "longitud_km": 0.78 }, "geometry": { "type": "LineString", "coordinates": [ [ -70.9561, -44.6557 ], [ -70.9475, -44.6523 ] ] } },
{ "type": "Feature", "properties": { "nombre": "Camino sin nombre", "longitud_km": 18.81 }, "geometry": { "type": "LineString", "coordinates": [ [ -70.4441, -44.4411 ], [ -70.5095, -44.4623 ], [ -70.5757, -44.4641 ], [ -70.5769, -44.479 ], [ -70.6152, -44.5043 ], [ -70.6406, -44.5035 ] ] } },
{ "type": "Feature", "properties": { "nombre": "Camino sin nombre", "longitud_km": 6.97 }, "geometry": { "type": "LineString", "coordinates": [ [ -65.871, -44.6685 ], [ -65.8129, -44.6214 ] ] } },
{ "type": "Feature", "properties": { "nombre": "Camino sin nombre", "longitud_km": 8.23 }, "geometry": { "type": "LineString", "coordinates": [ [ -65.8955, -44.5991 ], [ -65.879, -44.6242 ], [ -65.8836, -44.6481 ], [ -65.871, -44.6685 ] ] } },
{ "type": "Feature", "properties": { "nombre": "Camino sin nombre", "longitud_km": 7.99 }, "geometry": { "type": "LineString", "coordinates": [ [ -70.8557, -44.9366 ], [ -70.8268, -44.9379 ], [ -70.7609, -44.9168 ] ] } },
{ "type": "Feature", "properties": { "nombre": "Camino sin nombre", "longitud_km": 3.03 }, "geometry": { "type": "LineString", "coordinates": [ [ -71.1975, -44.4126 ], [ -71.2353, -44.4152 ] ] } },
{ "type": "Feature", "properties": { "nombre": "Camino sin nombre", "longitud_km": 3.37 }, "geometry": { "type": "LineString", "coordinates": [ [ -71.4859, -44.4 ], [ -71.4971, -44.3936 ], [ -71.4862, -44.3829 ], [ -71.4769, -44.3819 ] ] } },
{ "type": "Feature", "properties": { "nombre": "Camino sin nombre", "longitud_km": 15.98 }, "geometry": { "type": "LineString", "coordinates": [ [ -70.7185, -44.4455 ], [ -70.7733, -44.4528 ], [ -70.8054, -44.4438 ], [ -70.8245, -44.4451 ], [ -70.8849, -44.4367 ], [ -70.9116, -44.446 ] ] } },
{ "type": "Feature", "properties": { "nombre": "Camino sin nombre", "longitud_km": 14.19 }, "geometry": { "type": "LineString", "coordinates": [ [ -71.4769, -44.3819 ], [ -71.4854, -44.3757 ], [ -71.4906, -44.3817 ], [ -71.5168, -44.3838 ], [ -71.5364, -44.4019 ], [ -71.5633, -44.4041 ], [ -71.5756, -44.3964 ], [ -71.573, -44.3799 ], [ -71.5816, -44.3584 ] ] } },
{ "type": "Feature", "properties": { "nombre": "Camino sin nombre", "longitud_km": 5.3 }, "geometry": { "type": "LineString", "coordinates": [ [ -71.0663, -44.459 ], [ -71.1022, -44.4371 ], [ -71.1138, -44.4344 ], [ -71.1173, -44.439 ] ] } },
{ "type": "Feature", "properties": { "nombre": "Camino sin nombre", "longitud_km": 4.62 }, "geometry": { "type": "LineString", "coordinates": [ [ -65.6728, -44.6945 ], [ -65.683, -44.6992 ], [ -65.6914, -44.6915 ], [ -65.6954, -44.6789 ], [ -65.6877, -44.6702 ] ] } },
{ "type": "Feature", "properties": { "nombre": "Camino sin nombre", "longitud_km": 4.81 }, "geometry": { "type": "LineString", "coordinates": [ [ -71.0663, -44.459 ], [ -71.0832, -44.4583 ], [ -71.1173, -44.439 ] ] } },
{ "type": "Feature", "properties": { "nombre": "Camino sin nombre", "longitud_km": 6.93 }, "geometry": { "type": "LineString", "coordinates": [ [ -70.6204, -44.5118 ], [ -70.5725, -44.5326 ], [ -70.5934, -44.5491 ] ] } },
{ "type": "Feature", "properties": { "nombre": "Camino sin nombre", "longitud_km": 14.09 }, "geometry": { "type": "LineString", "coordinates": [ [ -70.9116, -44.446 ], [ -70.9869, -44.4261 ], [ -70.9946, -44.4277 ], [ -71.0029, -44.4379 ], [ -71.0369, -44.4443 ], [ -71.0444, -44.452 ], [ -71.0663, -44.459 ] ] } },
{ "type": "Feature", "properties": { "nombre": "Camino sin nombre", "longitud_km": 2.32 }, "geometry": { "type": "LineString", "coordinates": [ [ -70.9228, -44.5783 ], [ -70.9312, -44.5683 ], [ -70.9266, -44.5597 ] ] } },
{ "type": "Feature", "properties": { "nombre": "Camino sin nombre", "longitud_km": 12.81 }, "geometry": { "type": "LineString", "coordinates": [ [ -65.9606, -44.7242 ], [ -65.9613, -44.704 ], [ -65.9378, -44.712 ], [ -65.9138, -44.7111 ], [ -65.8899, -44.7019 ], [ -65.8928, -44.6867 ], [ -65.8878, -44.6783 ], [ -65.871, -44.6685 ] ] } },
{ "type": "Feature", "properties": { "nombre": "Camino sin nombre", "longitud_km": 8.47 }, "geometry": { "type": "LineString", "coordinates": [ [ -70.9116, -44.446 ], [ -70.9228, -44.451 ], [ -70.9553, -44.4506 ], [ -70.9684, -44.4565 ], [ -70.9734, -44.4648 ], [ -70.9758, -44.4881 ] ] } },
{ "type": "Feature", "properties": { "nombre": "Camino sin nombre", "longitud_km": 1.36 }, "geometry": { "type": "LineString", "coordinates": [ [ -65.6969, -44.7423 ], [ -65.7104, -44.7347 ] ] } },
{ "type": "Feature", "properties": { "nombre": "Camino sin nombre", "longitud_km": 10.48 }, "geometry": { "type": "LineString", "coordinates": [ [ -70.7579, -44.5276 ], [ -70.769, -44.5133 ], [ -70.7532, -44.5032 ], [ -70.7185, -44.4455 ] ] } },
{ "type": "Feature", "properties": { "nombre": "Camino sin nombre", "longitud_km": 1.43 }, "geometry": { "type": "LineString", "coordinates": [ [ -68.9662, -45.0226 ], [ -68.9734, -45.0344 ] ] } },
{ "type": "Feature", "properties": { "nombre": "Camino sin nombre", "longitud_km": 13.52 }, "geometry": { "type": "LineString", "coordinates": [ [ -70.5934, -44.5491 ], [ -70.6152, -44.5513 ], [ -70.6585, -44.5414 ], [ -70.6957, -44.5422 ], [ -70.7579, -44.5276 ] ] } },
{ "type": "Feature", "properties": { "nombre": "Camino sin nombre", "longitud_km": 2.13 }, "geometry": { "type": "LineString", "coordinates": [ [ -67.6223, -45.3779 ], [ -67.6367, -45.3941 ] ] } },
{ "type": "Feature", "properties": { "nombre": "Camino sin nombre", "longitud_km": 4.76 }, "geometry": { "type": "LineString", "coordinates": [ [ -67.6325, -45.0342 ], [ -67.6228, -45.0556 ], [ -67.6051, -45.0716 ] ] } },
{ "type": "Feature", "properties": { "nombre": "Camino sin nombre", "longitud_km": 11.89 }, "geometry": { "type": "LineString", "coordinates": [ [ -65.8597, -44.7589 ], [ -65.9041, -44.768 ], [ -65.9427, -44.7665 ], [ -65.9829, -44.7839 ], [ -66.001, -44.7846 ] ] } },
{ "type": "Feature", "properties": { "nombre": "Camino sin nombre", "longitud_km": 22.99 }, "geometry": { "type": "LineString", "coordinates": [ [ -65.7061, -44.7929 ], [ -65.716, -44.7703 ], [ -65.7266, -44.7628 ], [ -65.7525, -44.7623 ], [ -65.7594, -44.7493 ], [ -65.7746, -44.7396 ], [ -65.7742, -44.7278 ], [ -65.7878, -44.7084 ], [ -65.785, -44.6677 ], [ -65.7926, -44.6424 ], [ -65.8129, -44.6214 ] ] } },
{ "type": "Feature", "properties": { "nombre": "Camino sin nombre", "longitud_km": 1.77 }, "geometry": { "type": "LineString", "coordinates": [ [ -65.7459, -44.7933 ], [ -65.724, -44.7903 ] ] } },
{ "type": "Feature", "properties": { "nombre": "Camino sin nombre", "longitud_km": 9.06 }, "geometry": { "type": "LineString", "coordinates": [ [ -70.7579, -44.5276 ], [ -70.8017, -44.539 ], [ -70.8147, -44.549 ], [ -70.8619, -44.5565 ] ] } },
{ "type": "Feature", "properties": { "nombre": "Camino sin nombre", "longitud_km": 4.75 }, "geometry": { "type": "LineString", "coordinates": [ [ -70.8619, -44.5565 ], [ -70.8647, -44.5137 ] ] } },
{ "type": "Feature", "properties": { "nombre": "Camino sin nombre", "longitud_km": 5.5 }, "geometry": { "type": "LineString", "coordinates": [ [ -70.8619, -44.5565 ], [ -70.9081, -44.5686 ], [ -70.9228, -44.5783 ] ] } },
{ "type": "Feature", "properties": { "nombre": "Camino sin nombre", "longitud_km": 3.72 }, "geometry": { "type": "LineString", "coordinates": [ [ -71.0663, -44.5734 ], [ -71.0888, -44.5661 ], [ -71.1004, -44.5525 ] ] } },
{ "type": "Feature", "properties": { "nombre": "Camino sin nombre", "longitud_km": 9.34 }, "geometry": { "type": "LineString", "coordinates": [ [ -70.9228, -44.5783 ], [ -70.951, -44.5953 ], [ -71.0215, -44.5971 ], [ -71.03, -44.6012 ] ] } },
{ "type": "Feature", "properties": { "nombre": "Camino sin nombre", "longitud_km": 2.2 }, "geometry": { "type": "LineString", "coordinates": [ [ -68.9723, -45.0146 ], [ -68.9734, -45.0344 ] ] } },
{ "type": "Feature", "properties": { "nombre": "Camino sin nombre", "longitud_km": 0.8 }, "geometry": { "type": "LineString", "coordinates": [ [ -70.7324, -45.4589 ], [ -70.7299, -45.4519 ] ] } },
{ "type": "Feature", "properties": { "nombre": "Camino sin nombre", "longitud_km": 5.42 }, "geometry": { "type": "LineString", "coordinates": [ [ -70.7621, -44.6106 ], [ -70.7398, -44.6255 ], [ -70.7264, -44.6418 ], [ -70.7262, -44.6498 ] ] } },
{ "type": "Feature", "properties": { "nombre": "Camino sin nombre", "longitud_km": 1.8 }, "geometry": { "type": "LineString", "coordinates": [ [ -71.0441, -44.6334 ], [ -71.0518, -44.6182 ] ] } },
{ "type": "Feature", "properties": { "nombre": "Camino sin nombre", "longitud_km": 7.68 }, "geometry": { "type": "LineString", "coordinates": [ [ -70.7262, -44.6498 ], [ -70.7288, -44.6556 ], [ -70.721, -44.6654 ], [ -70.6497, -44.6748 ] ] } },
{ "type": "Feature", "properties": { "nombre": "Camino sin nombre", "longitud_km": 10.81 }, "geometry": { "type": "LineString", "coordinates": [ [ -65.8733, -44.8986 ], [ -65.8536, -44.8761 ], [ -65.84, -44.8719 ], [ -65.804, -44.8755 ], [ -65.7895, -44.8637 ], [ -65.7633, -44.8615 ] ] } },
{ "type": "Feature", "properties": { "nombre": "Camino sin nombre", "longitud_km": 2.69 }, "geometry": { "type": "LineString", "coordinates": [ [ -68.8884, -45.1228 ], [ -68.8712, -45.1437 ] ] } },
{ "type": "Feature", "properties": { "nombre": "Camino sin nombre", "longitud_km": 17.67 }, "geometry": { "type": "LineString", "coordinates": [ [ -71.0308, -44.5983 ], [ -71.0533, -44.5956 ], [ -71.0673, -44.6011 ], [ -71.0884, -44.5944 ], [ -71.1335, -44.5923 ], [ -71.1727, -44.6125 ], [ -71.1915, -44.6173 ], [ -71.207, -44.6286 ], [ -71.2098, -44.6464 ] ] } },
{ "type": "Feature", "properties": { "nombre": "Camino sin nombre", "longitud_km": 6.44 }, "geometry": { "type": "LineString", "coordinates": [ [ -71.0441, -44.6334 ], [ -71.0844, -44.6412 ], [ -71.1189, -44.6548 ] ] } },
{ "type": "Feature", "properties": { "nombre": "Camino sin nombre", "longitud_km": 14.88 }, "geometry": { "type": "LineString", "coordinates": [ [ -70.9023, -44.6713 ], [ -70.862, -44.676 ], [ -70.8588, -44.6701 ], [ -70.8203, -44.6625 ], [ -70.787, -44.6652 ], [ -70.7262, -44.6498 ] ] } },
{ "type": "Feature", "properties": { "nombre": "Camino sin nombre", "longitud_km": 1.53 }, "geometry": { "type": "LineString", "coordinates": [ [ -70.771, -44.7098 ], [ -70.7535, -44.7157 ] ] } },
{ "type": "Feature", "properties": { "nombre": "Camino sin nombre", "longitud_km": 6.41 }, "geometry": { "type": "LineString", "coordinates": [ [ -70.7535, -44.7157 ], [ -70.674, -44.7262 ] ] } },
{ "type": "Feature", "properties": { "nombre": "Camino sin nombre", "longitud_km": 10.06 }, "geometry": { "type": "LineString", "coordinates": [ [ -67.9413, -45.0871 ], [ -67.9197, -45.0413 ], [ -67.9186, -45.0184 ], [ -67.9111, -44.9998 ] ] } },
{ "type": "Feature", "properties": { "nombre": "Camino sin nombre", "longitud_km": 1.0 }, "geometry": { "type": "LineString", "coordinates": [ [ -69.1016, -45.6181 ], [ -69.0888, -45.618 ] ] } },
{ "type": "Feature", "properties": { "nombre": "Camino sin nombre", "longitud_km": 2.46 }, "geometry": { "type": "LineString", "coordinates": [ [ -67.8225, -45.0162 ], [ -67.7914, -45.0148 ] ] } },
{ "type": "Feature", "properties": { "nombre": "Camino sin nombre", "longitud_km": 2.06 }, "geometry": { "type": "LineString", "coordinates": [ [ -67.8225, -45.0162 ], [ -67.8113, -44.9995 ] ] } },
{ "type": "Feature", "properties": { "nombre": "Camino sin nombre", "longitud_km": 6.09 }, "geometry": { "type": "LineString", "coordinates": [ [ -68.7214, -45.1159 ], [ -68.7513, -45.0942 ], [ -68.7573, -45.085 ], [ -68.7523, -45.0711 ] ] } },
{ "type": "Feature", "properties": { "nombre": "Camino sin nombre", "longitud_km": 29.68 }, "geometry": { "type": "LineString", "coordinates": [ [ -70.4711, -44.8765 ], [ -70.495, -44.7399 ], [ -70.5075, -44.7344 ], [ -70.674, -44.7262 ] ] } },
{ "type": "Feature", "properties": { "nombre": "Camino sin nombre", "longitud_km": 9.63 }, "geometry": { "type": "LineString", "coordinates": [ [ -65.7903, -44.887 ], [ -65.7786, -44.934 ], [ -65.7517, -44.9679 ] ] } },
{ "type": "Feature", "properties": { "nombre": "Camino sin nombre", "longitud_km": 7.14 }, "geometry": { "type": "LineString", "coordinates": [ [ -70.7535, -44.7157 ], [ -70.7376, -44.7301 ], [ -70.713, -44.7409 ], [ -70.6887, -44.7594 ] ] } },
{ "type": "Feature", "properties": { "nombre": "Camino sin nombre", "longitud_km": 2.28 }, "geometry": { "type": "LineString", "coordinates": [ [ -68.7797, -45.0203 ], [ -68.7742, -45.0002 ] ] } },
{ "type": "Feature", "properties": { "nombre": "Camino sin nombre", "longitud_km": 14.16 }, "geometry": { "type": "LineString", "coordinates": [ [ -65.6629, -44.9958 ], [ -65.663, -44.9849 ], [ -65.6438, -44.9796 ], [ -65.672, -44.9585 ], [ -65.6896, -44.9513 ], [ -65.6884, -44.9451 ], [ -65.6798, -44.9408 ], [ -65.68, -44.9272 ], [ -65.658, -44.9087 ], [ -65.6646, -44.9037 ] ] } },
{ "type": "Feature", "properties": { "nombre": "Camino sin nombre", "longitud_km": 3.23 }, "geometry": { "type": "LineString", "coordinates": [ [ -70.1254, -44.8303 ], [ -70.1601, -44.8151 ] ] } },
{ "type": "Feature", "properties": { "nombre": "Camino sin nombre", "longitud_km": 3.66 }, "geometry": { "type": "LineString", "coordinates": [ [ -65.6748, -45.0259 ], [ -65.675, -45.0069 ], [ -65.6629, -44.9958 ] ] } },
{ "type": "Feature", "properties": { "nombre": "Camino sin nombre", "longitud_km": 0.43 }, "geometry": { "type": "LineString", "coordinates": [ [ -67.7905, -44.9622 ], [ -67.7954, -44.9604 ] ] } },
{ "type": "Feature", "properties": { "nombre": "Camino sin nombre", "longitud_km": 5.13 }, "geometry": { "type": "LineString", "coordinates": [ [ -65.6332, -45.0351 ], [ -65.6543, -45.0152 ], [ -65.6569, -44.9999 ], [ -65.6629, -44.9958 ] ] } },
{ "type": "Feature", "properties": { "nombre": "Camino sin nombre", "longitud_km": 17.0 }, "geometry": { "type": "LineString", "coordinates": [ [ -65.863, -44.9071 ], [ -65.8662, -44.9259 ], [ -65.8782, -44.9348 ], [ -65.8876, -44.951 ], [ -65.8859, -44.9557 ], [ -65.9207, -44.9909 ], [ -65.9415, -45.0453 ] ] } },
{ "type": "Feature", "properties": { "nombre": "Camino sin nombre", "longitud_km": 7.37 }, "geometry": { "type": "LineString", "coordinates": [ [ -70.7467, -44.8319 ], [ -70.7519, -44.8223 ], [ -70.7494, -44.8158 ], [ -70.7612, -44.8 ], [ -70.7921, -44.7777 ] ] } },
{ "type": "Feature", "properties": { "nombre": "Camino sin nombre", "longitud_km": 3.67 }, "geometry": { "type": "LineString", "coordinates": [ [ -70.7467, -44.8319 ], [ -70.7905, -44.8209 ] ] } },
{ "type": "Feature", "properties": { "nombre": "Camino sin nombre", "longitud_km": 2.54 }, "geometry": { "type": "LineString", "coordinates": [ [ -70.7309, -44.8518 ], [ -70.7467, -44.8319 ] ] } },
{ "type": "Feature", "properties": { "nombre": "Camino sin nombre", "longitud_km": 0.68 }, "geometry": { "type": "LineString", "coordinates": [ [ -67.7914, -45.0148 ], [ -67.7838, -45.0119 ] ] } },
{ "type": "Feature", "properties": { "nombre": "Camino sin nombre", "longitud_km": 24.0 }, "geometry": { "type": "LineString", "coordinates": [ [ -70.4711, -44.8765 ], [ -70.4391, -44.8687 ], [ -70.337, -44.8695 ], [ -70.3238, -44.8755 ], [ -70.2659, -44.8846 ], [ -70.2554, -44.8928 ], [ -70.2181, -44.9011 ], [ -70.1855, -44.9151 ] ] } },
{ "type": "Feature", "properties": { "nombre": "Camino sin nombre", "longitud_km": 6.99 }, "geometry": { "type": "LineString", "coordinates": [ [ -67.5626, -44.9998 ], [ -67.6029, -45.009 ], [ -67.6325, -45.0342 ] ] } },
{ "type": "Feature", "properties": { "nombre": "Camino sin nombre", "longitud_km": 13.38 }, "geometry": { "type": "LineString", "coordinates": [ [ -70.5619, -44.9737 ], [ -70.5012, -44.9033 ], [ -70.4924, -44.8876 ], [ -70.4815, -44.8765 ], [ -70.4711, -44.8765 ] ] } },
{ "type": "Feature", "properties": { "nombre": "Camino sin nombre", "longitud_km": 16.28 }, "geometry": { "type": "LineString", "coordinates": [ [ -67.7914, -45.0148 ], [ -67.7614, -45.0276 ], [ -67.7505, -45.0524 ], [ -67.7099, -45.0519 ], [ -67.6956, -45.0474 ], [ -67.6637, -45.0565 ], [ -67.6325, -45.0342 ] ] } },
{ "type": "Feature", "properties": { "nombre": "Camino sin nombre", "longitud_km": 2.93 }, "geometry": { "type": "LineString", "coordinates": [ [ -68.2896, -45.0413 ], [ -68.2964, -45.0248 ], [ -68.2861, -45.0302 ] ] } },
{ "type": "Feature", "properties": { "nombre": "Camino sin nombre", "longitud_km": 1.26 }, "geometry": { "type": "LineString", "coordinates": [ [ -68.2861, -45.0302 ], [ -68.2896, -45.0413 ] ] } },
{ "type": "Feature", "properties": { "nombre": "Camino sin nombre", "longitud_km": 13.8 }, "geometry": { "type": "LineString", "coordinates": [ [ -69.12, -45.0634 ], [ -69.0747, -45.0655 ], [ -69.0435, -45.0566 ], [ -68.997, -45.0189 ], [ -68.9723, -45.0146 ] ] } },
{ "type": "Feature", "properties": { "nombre": "Camino sin nombre", "longitud_km": 23.89 }, "geometry": { "type": "LineString", "coordinates": [ [ -70.7609, -44.9168 ], [ -70.7087, -44.8984 ], [ -70.6392, -44.8641 ], [ -70.6015, -44.8547 ], [ -70.5928, -44.8474 ], [ -70.5617, -44.8393 ], [ -70.5469, -44.8403 ], [ -70.5012, -44.8148 ] ] } },
{ "type": "Feature", "properties": { "nombre": "Camino sin nombre", "longitud_km": 23.82 }, "geometry": { "type": "LineString", "coordinates": [ [ -69.9887, -44.9458 ], [ -69.9976, -44.9583 ], [ -69.9993, -44.9704 ], [ -69.9683, -44.9922 ], [ -69.9463, -45.0184 ], [ -69.9328, -45.0251 ], [ -69.9432, -45.0434 ], [ -69.9307, -45.0678 ], [ -69.9442, -45.0828 ], [ -69.965, -45.0743 ], [ -70.0138, -45.0735 ] ] } },
{ "type": "Feature", "properties": { "nombre": "Camino sin nombre", "longitud_km": 9.9 }, "geometry": { "type": "LineString", "coordinates": [ [ -67.6051, -45.0716 ], [ -67.5567, -45.0773 ], [ -67.5333, -45.0882 ], [ -67.5169, -45.0879 ], [ -67.4886, -45.099 ] ] } },
{ "type": "Feature", "properties": { "nombre": "Camino sin nombre", "longitud_km": 9.36 }, "geometry": { "type": "LineString", "coordinates": [ [ -67.9364, -45.0055 ], [ -67.9361, -45.0203 ], [ -67.9517, -45.0509 ], [ -67.9413, -45.0871 ] ] } },
{ "type": "Feature", "properties": { "nombre": "Camino sin nombre", "longitud_km": 4.66 }, "geometry": { "type": "LineString", "coordinates": [ [ -68.8074, -45.0574 ], [ -68.7797, -45.0203 ] ] } },
{ "type": "Feature", "properties": { "nombre": "Camino sin nombre", "longitud_km": 29.77 }, "geometry": { "type": "LineString", "coordinates": [ [ -68.6006, -45.1188 ], [ -68.5935, -45.1127 ], [ -68.5595, -45.1087 ], [ -68.5523, -45.0882 ], [ -68.5392, -45.0807 ], [ -68.4977, -45.0648 ], [ -68.4711, -45.0655 ], [ -68.445, -45.0489 ], [ -68.3717, -45.0518 ], [ -68.346, -45.07 ], [ -68.322, -45.0609 ], [ -68.2984, -45.0602 ], [ -68.2859, -45.0527 ] ] } },
{ "type": "Feature", "properties": { "nombre": "Camino sin nombre", "longitud_km": 15.17 }, "geometry": { "type": "LineString", "coordinates": [ [ -68.1022, -45.0936 ], [ -68.126, -45.0814 ], [ -68.0899, -45.0499 ], [ -68.0587, -45.0452 ], [ -68.0397, -45.0258 ], [ -68.0352, -45.0127 ], [ -68.0235, -44.9998 ] ] } },
{ "type": "Feature", "properties": { "nombre": "Camino sin nombre", "longitud_km": 6.4 }, "geometry": { "type": "LineString", "coordinates": [ [ -69.7447, -44.9995 ], [ -69.7358, -44.9818 ], [ -69.6993, -45.0106 ] ] } },
{ "type": "Feature", "properties": { "nombre": "Camino sin nombre", "longitud_km": 12.06 }, "geometry": { "type": "LineString", "coordinates": [ [ -67.6266, -45.1215 ], [ -67.5826, -45.1241 ], [ -67.5152, -45.1152 ], [ -67.4966, -45.1083 ], [ -67.4966, -45.1002 ], [ -67.4886, -45.099 ] ] } },
{ "type": "Feature", "properties": { "nombre": "Camino sin nombre", "longitud_km": 6.37 }, "geometry": { "type": "LineString", "coordinates": [ [ -67.6051, -45.0716 ], [ -67.6002, -45.0892 ], [ -67.6019, -45.1032 ], [ -67.6266, -45.1215 ] ] } },
{ "type": "Feature", "properties": { "nombre": "Camino sin nombre", "longitud_km": 11.46 }, "geometry": { "type": "LineString", "coordinates": [ [ -67.8982, -45.0966 ], [ -67.8999, -45.0892 ], [ -67.8932, -45.0777 ], [ -67.8672, -45.0579 ], [ -67.8532, -45.0557 ], [ -67.8403, -45.0474 ], [ -67.8225, -45.0162 ] ] } },
{ "type": "Feature", "properties": { "nombre": "Camino sin nombre", "longitud_km": 9.24 }, "geometry": { "type": "LineString", "coordinates": [ [ -70.4753, -44.9596 ], [ -70.4711, -44.8765 ] ] } },
{ "type": "Feature", "properties": { "nombre": "Camino sin nombre", "longitud_km": 1.63 }, "geometry": { "type": "LineString", "coordinates": [ [ -68.9734, -45.0344 ], [ -68.9697, -45.0488 ] ] } },
{ "type": "Feature", "properties": { "nombre": "Camino sin nombre", "longitud_km": 2.17 }, "geometry": { "type": "LineString", "coordinates": [ [ -70.0701, -45.4724 ], [ -70.0424, -45.4727 ] ] } },
{ "type": "Feature", "properties": { "nombre": "Camino sin nombre", "longitud_km": 4.8 }, "geometry": { "type": "LineString", "coordinates": [ [ -68.8395, -45.0275 ], [ -68.8322, -45.0517 ], [ -68.8074, -45.0574 ] ] } },
{ "type": "Feature", "properties": { "nombre": "Camino sin nombre", "longitud_km": 7.71 }, "geometry": { "type": "LineString", "coordinates": [ [ -68.1022, -45.0936 ], [ -68.0631, -45.0867 ], [ -68.0415, -45.0777 ], [ -68.0276, -45.0985 ] ] } },
{ "type": "Feature", "properties": { "nombre": "Camino sin nombre", "longitud_km": 8.61 }, "geometry": { "type": "LineString", "coordinates": [ [ -68.889, -45.0578 ], [ -68.8944, -45.0489 ], [ -68.8938, -45.0366 ], [ -68.9528, -45.0322 ], [ -68.9662, -45.0226 ] ] } },
{ "type": "Feature", "properties": { "nombre": "Camino sin nombre", "longitud_km": 2.91 }, "geometry": { "type": "LineString", "coordinates": [ [ -67.9337, -45.104 ], [ -67.8982, -45.0966 ] ] } },
{ "type": "Feature", "properties": { "nombre": "Camino sin nombre", "longitud_km": 1.97 }, "geometry": { "type": "LineString", "coordinates": [ [ -67.9413, -45.0871 ], [ -67.9337, -45.104 ] ] } },
{ "type": "Feature", "properties": { "nombre": "Camino sin nombre", "longitud_km": 3.4 }, "geometry": { "type": "LineString", "coordinates": [ [ -68.1451, -45.097 ], [ -68.1022, -45.0936 ] ] } },
{ "type": "Feature", "properties": { "nombre": "Camino sin nombre", "longitud_km": 13.73 }, "geometry": { "type": "LineString", "coordinates": [ [ -68.1451, -45.097 ], [ -68.1586, -45.0816 ], [ -68.1875, -45.0732 ], [ -68.2292, -45.0466 ], [ -68.2861, -45.0302 ] ] } },
{ "type": "Feature", "properties": { "nombre": "Camino sin nombre", "longitud_km": 2.38 }, "geometry": { "type": "LineString", "coordinates": [ [ -69.1021, -45.5967 ], [ -69.1016, -45.6181 ] ] } },
{ "type": "Feature", "properties": { "nombre": "Camino sin nombre", "longitud_km": 6.46 }, "geometry": { "type": "LineString", "coordinates": [ [ -68.6445, -45.0973 ], [ -68.678, -45.1012 ], [ -68.7214, -45.1159 ] ] } },
{ "type": "Feature", "properties": { "nombre": "Camino sin nombre", "longitud_km": 7.0 }, "geometry": { "type": "LineString", "coordinates": [ [ -68.7797, -45.0203 ], [ -68.7721, -45.0267 ], [ -68.7797, -45.0414 ], [ -68.7779, -45.0545 ], [ -68.7615, -45.06 ], [ -68.7523, -45.0711 ] ] } },
{ "type": "Feature", "properties": { "nombre": "Camino sin nombre", "longitud_km": 13.48 }, "geometry": { "type": "LineString", "coordinates": [ [ -67.8272, -45.1145 ], [ -67.8478, -45.1127 ], [ -67.8553, -45.1053 ], [ -67.8255, -45.09 ], [ -67.8228, -45.0802 ], [ -67.8512, -45.077 ], [ -67.8838, -45.0974 ], [ -67.8982, -45.0966 ] ] } },
{ "type": "Feature", "properties": { "nombre": "Camino sin nombre", "longitud_km": 16.47 }, "geometry": { "type": "LineString", "coordinates": [ [ -67.8272, -45.1145 ], [ -67.8011, -45.1186 ], [ -67.7613, -45.1049 ], [ -67.728, -45.1023 ], [ -67.6266, -45.1215 ] ] } },
{ "type": "Feature", "properties": { "nombre": "Camino sin nombre", "longitud_km": 10.81 }, "geometry": { "type": "LineString", "coordinates": [ [ -68.2859, -45.0527 ], [ -68.2246, -45.099 ], [ -68.1835, -45.1162 ] ] } },
{ "type": "Feature", "properties": { "nombre": "Camino sin nombre", "longitud_km": 4.93 }, "geometry": { "type": "LineString", "coordinates": [ [ -70.8652, -44.9643 ], [ -70.8833, -44.9455 ], [ -70.8557, -44.9366 ] ] } },
{ "type": "Feature", "properties": { "nombre": "Camino sin nombre", "longitud_km": 5.84 }, "geometry": { "type": "LineString", "coordinates": [ [ -68.6946, -45.0607 ], [ -68.6481, -45.0877 ], [ -68.6445, -45.0973 ] ] } },
{ "type": "Feature", "properties": { "nombre": "Camino sin nombre", "longitud_km": 5.48 }, "geometry": { "type": "LineString", "coordinates": [ [ -67.9337, -45.104 ], [ -67.9528, -45.1114 ], [ -67.9762, -45.1288 ], [ -67.9894, -45.1319 ] ] } },
{ "type": "Feature", "properties": { "nombre": "Camino sin nombre", "longitud_km": 9.08 }, "geometry": { "type": "LineString", "coordinates": [ [ -67.8272, -45.1145 ], [ -67.8417, -45.137 ], [ -67.8333, -45.1587 ], [ -67.8402, -45.1928 ] ] } },
{ "type": "Feature", "properties": { "nombre": "Camino sin nombre", "longitud_km": 3.12 }, "geometry": { "type": "LineString", "coordinates": [ [ -70.599, -45.0692 ], [ -70.6048, -45.06 ], [ -70.6235, -45.0479 ] ] } },
{ "type": "Feature", "properties": { "nombre": "Camino sin nombre", "longitud_km": 14.72 }, "geometry": { "type": "LineString", "coordinates": [ [ -67.4886, -45.099 ], [ -67.486, -45.0916 ], [ -67.4745, -45.0844 ], [ -67.4634, -45.0615 ], [ -67.4181, -45.0214 ], [ -67.4117, -45.0101 ], [ -67.4124, -45.0306 ], [ -67.4067, -45.0347 ] ] } },
{ "type": "Feature", "properties": { "nombre": "Camino sin nombre", "longitud_km": 31.71 }, "geometry": { "type": "LineString", "coordinates": [ [ -70.9771, -44.9677 ], [ -70.9908, -44.9497 ], [ -70.9724, -44.9029 ], [ -70.9856, -44.8661 ], [ -70.9727, -44.8418 ], [ -70.9524, -44.8302 ], [ -70.9435, -44.8335 ], [ -70.944, -44.8534 ], [ -70.9393, -44.8621 ], [ -70.9249, -44.8747 ], [ -70.9023, -44.8852 ], [ -70.8675, -44.9147 ], [ -70.8557, -44.9366 ] ] } },
{ "type": "Feature", "properties": { "nombre": "Camino sin nombre", "longitud_km": 1.63 }, "geometry": { "type": "LineString", "coordinates": [ [ -67.9559, -45.1472 ], [ -67.9766, -45.1468 ] ] } },
{ "type": "Feature", "properties": { "nombre": "Camino sin nombre", "longitud_km": 1.81 }, "geometry": { "type": "LineString", "coordinates": [ [ -70.7628, -45.1155 ], [ -70.7514, -45.1103 ], [ -70.7516, -45.1036 ] ] } },
{ "type": "Feature", "properties": { "nombre": "Camino sin nombre", "longitud_km": 5.99 }, "geometry": { "type": "LineString", "coordinates": [ [ -68.8074, -45.0574 ], [ -68.819, -45.0732 ], [ -68.8149, -45.1015 ], [ -68.8203, -45.1081 ] ] } },
{ "type": "Feature", "properties": { "nombre": "Camino sin nombre", "longitud_km": 8.67 }, "geometry": { "type": "LineString", "coordinates": [ [ -68.889, -45.0578 ], [ -68.832, -45.0751 ], [ -68.8203, -45.1081 ] ] } },
{ "type": "Feature", "properties": { "nombre": "Camino sin nombre", "longitud_km": 5.94 }, "geometry": { "type": "LineString", "coordinates": [ [ -68.913, -45.1047 ], [ -68.9052, -45.0904 ], [ -68.8934, -45.0807 ], [ -68.8971, -45.0643 ], [ -68.889, -45.0578 ] ] } },
{ "type": "Feature", "properties": { "nombre": "Camino sin nombre", "longitud_km": 1.96 }, "geometry": { "type": "LineString", "coordinates": [ [ -68.6252, -45.1218 ], [ -68.6006, -45.1188 ] ] } },
{ "type": "Feature", "properties": { "nombre": "Camino sin nombre", "longitud_km": 3.54 }, "geometry": { "type": "LineString", "coordinates": [ [ -68.6445, -45.0973 ], [ -68.626, -45.1052 ], [ -68.6252, -45.1218 ] ] } },
{ "type": "Feature", "properties": { "nombre": "Camino sin nombre", "longitud_km": 1.48 }, "geometry": { "type": "LineString", "coordinates": [ [ -69.4674, -45.0795 ], [ -69.4497, -45.0748 ] ] } },
{ "type": "Feature", "properties": { "nombre": "Camino sin nombre", "longitud_km": 14.58 }, "geometry": { "type": "LineString", "coordinates": [ [ -69.6128, -45.02 ], [ -69.6014, -45.0254 ], [ -69.5827, -45.0444 ], [ -69.576, -45.0585 ], [ -69.5258, -45.0751 ], [ -69.5109, -45.0698 ], [ -69.4674, -45.0795 ] ] } },
{ "type": "Feature", "properties": { "nombre": "Camino sin nombre", "longitud_km": 0.9 }, "geometry": { "type": "LineString", "coordinates": [ [ -68.8884, -45.1228 ], [ -68.8847, -45.1152 ] ] } },
{ "type": "Feature", "properties": { "nombre": "Camino sin nombre", "longitud_km": 2.79 }, "geometry": { "type": "LineString", "coordinates": [ [ -68.913, -45.1047 ], [ -68.8884, -45.1228 ] ] } },
{ "type": "Feature", "properties": { "nombre": "Camino sin nombre", "longitud_km": 9.72 }, "geometry": { "type": "LineString", "coordinates": [ [ -71.2509, -44.9838 ], [ -71.2545, -44.9734 ], [ -71.3012, -44.9677 ], [ -71.308, -44.9607 ], [ -71.3548, -44.9511 ] ] } },
{ "type": "Feature", "properties": { "nombre": "Camino sin nombre", "longitud_km": 4.02 }, "geometry": { "type": "LineString", "coordinates": [ [ -68.8581, -45.1325 ], [ -68.8203, -45.1081 ] ] } },
{ "type": "Feature", "properties": { "nombre": "Camino sin nombre", "longitud_km": 1.64 }, "geometry": { "type": "LineString", "coordinates": [ [ -68.862, -45.1189 ], [ -68.8634, -45.1269 ], [ -68.8581, -45.1325 ] ] } },
{ "type": "Feature", "properties": { "nombre": "Camino sin nombre", "longitud_km": 0.63 }, "geometry": { "type": "LineString", "coordinates": [ [ -70.8132, -45.0215 ], [ -70.8064, -45.0186 ] ] } },
{ "type": "Feature", "properties": { "nombre": "Camino sin nombre", "longitud_km": 1.36 }, "geometry": { "type": "LineString", "coordinates": [ [ -70.8258, -45.0131 ], [ -70.8132, -45.0215 ] ] } },
{ "type": "Feature", "properties": { "nombre": "Camino sin nombre", "longitud_km": 4.94 }, "geometry": { "type": "LineString", "coordinates": [ [ -68.7039, -45.1475 ], [ -68.6968, -45.1466 ], [ -68.6921, -45.1389 ], [ -68.7214, -45.1159 ] ] } },
{ "type": "Feature", "properties": { "nombre": "Camino sin nombre", "longitud_km": 1.82 }, "geometry": { "type": "LineString", "coordinates": [ [ -70.8361, -45.0237 ], [ -70.8132, -45.0215 ] ] } },
{ "type": "Feature", "properties": { "nombre": "Camino sin nombre", "longitud_km": 2.72 }, "geometry": { "type": "LineString", "coordinates": [ [ -70.8431, -44.9997 ], [ -70.8361, -45.0237 ] ] } },
{ "type": "Feature", "properties": { "nombre": "Camino sin nombre", "longitud_km": 1.62 }, "geometry": { "type": "LineString", "coordinates": [ [ -68.8712, -45.1437 ], [ -68.8581, -45.1325 ] ] } },
{ "type": "Feature", "properties": { "nombre": "Camino sin nombre", "longitud_km": 2.1 }, "geometry": { "type": "LineString", "coordinates": [ [ -71.0203, -44.9997 ], [ -71.0081, -45.0165 ] ] } },
{ "type": "Feature", "properties": { "nombre": "Camino sin nombre", "longitud_km": 5.04 }, "geometry": { "type": "LineString", "coordinates": [ [ -68.7568, -45.1576 ], [ -68.7379, -45.1418 ], [ -68.7039, -45.1475 ] ] } },
{ "type": "Feature", "properties": { "nombre": "Camino sin nombre", "longitud_km": 12.29 }, "geometry": { "type": "LineString", "coordinates": [ [ -68.7523, -45.0711 ], [ -68.7885, -45.0767 ], [ -68.7847, -45.0913 ], [ -68.7662, -45.1223 ], [ -68.7568, -45.1576 ] ] } },
{ "type": "Feature", "properties": { "nombre": "Camino sin nombre", "longitud_km": 5.35 }, "geometry": { "type": "LineString", "coordinates": [ [ -70.4752, -45.0106 ], [ -70.4798, -45.0586 ] ] } },
{ "type": "Feature", "properties": { "nombre": "Camino sin nombre", "longitud_km": 2.02 }, "geometry": { "type": "LineString", "coordinates": [ [ -70.8809, -45.0899 ], [ -70.8868, -45.0722 ] ] } },
{ "type": "Feature", "properties": { "nombre": "Camino sin nombre", "longitud_km": 10.25 }, "geometry": { "type": "LineString", "coordinates": [ [ -70.0894, -45.1474 ], [ -70.1148, -45.1137 ], [ -70.1133, -45.1004 ], [ -70.0831, -45.0658 ] ] } },
{ "type": "Feature", "properties": { "nombre": "Camino sin nombre", "longitud_km": 14.04 }, "geometry": { "type": "LineString", "coordinates": [ [ -71.0081, -45.0165 ], [ -70.9147, -45.0301 ], [ -70.8967, -45.0295 ], [ -70.8775, -45.0203 ], [ -70.8361, -45.0237 ] ] } },
{ "type": "Feature", "properties": { "nombre": "Camino sin nombre", "longitud_km": 8.6 }, "geometry": { "type": "LineString", "coordinates": [ [ -67.944, -45.1907 ], [ -67.8997, -45.2024 ], [ -67.85, -45.1978 ], [ -67.8402, -45.1928 ] ] } },
{ "type": "Feature", "properties": { "nombre": "Camino sin nombre", "longitud_km": 1.83 }, "geometry": { "type": "LineString", "coordinates": [ [ -68.8712, -45.1437 ], [ -68.8592, -45.1579 ] ] } },
{ "type": "Feature", "properties": { "nombre": "Camino sin nombre", "longitud_km": 1.38 }, "geometry": { "type": "LineString", "coordinates": [ [ -71.1695, -45.0157 ], [ -71.1705, -45.0105 ], [ -71.1637, -45.0053 ] ] } },
{ "type": "Feature", "properties": { "nombre": "Camino sin nombre", "longitud_km": 16.86 }, "geometry": { "type": "LineString", "coordinates": [ [ -69.4674, -45.0795 ], [ -69.4709, -45.0914 ], [ -69.479, -45.0967 ], [ -69.5102, -45.089 ], [ -69.5353, -45.1006 ], [ -69.5469, -45.094 ], [ -69.5937, -45.0892 ], [ -69.6413, -45.1158 ] ] } },
{ "type": "Feature", "properties": { "nombre": "Camino sin nombre", "longitud_km": 13.21 }, "geometry": { "type": "LineString", "coordinates": [ [ -68.1451, -45.097 ], [ -68.1708, -45.1181 ], [ -68.1697, -45.1317 ], [ -68.1776, -45.1417 ], [ -68.1681, -45.1554 ], [ -68.1231, -45.1947 ] ] } },
{ "type": "Feature", "properties": { "nombre": "Camino sin nombre", "longitud_km": 1.96 }, "geometry": { "type": "LineString", "coordinates": [ [ -70.8361, -45.0237 ], [ -70.8363, -45.0413 ] ] } },
{ "type": "Feature", "properties": { "nombre": "Camino sin nombre", "longitud_km": 1.85 }, "geometry": { "type": "LineString", "coordinates": [ [ -68.029, -45.1918 ], [ -68.0252, -45.2022 ], [ -68.0186, -45.2058 ] ] } },
{ "type": "Feature", "properties": { "nombre": "Camino sin nombre", "longitud_km": 4.12 }, "geometry": { "type": "LineString", "coordinates": [ [ -68.9146, -45.1646 ], [ -68.8712, -45.1437 ] ] } },
{ "type": "Feature", "properties": { "nombre": "Camino sin nombre", "longitud_km": 6.74 }, "geometry": { "type": "LineString", "coordinates": [ [ -68.9146, -45.1646 ], [ -68.9207, -45.1325 ], [ -68.913, -45.1047 ] ] } },
{ "type": "Feature", "properties": { "nombre": "Camino sin nombre", "longitud_km": 2.91 }, "geometry": { "type": "LineString", "coordinates": [ [ -71.0081, -45.0165 ], [ -71.0046, -45.0256 ], [ -71.0215, -45.0373 ] ] } },
{ "type": "Feature", "properties": { "nombre": "Camino sin nombre", "longitud_km": 15.51 }, "geometry": { "type": "LineString", "coordinates": [ [ -70.8219, -45.0459 ], [ -70.788, -45.0485 ], [ -70.7792, -45.0535 ], [ -70.7449, -45.053 ], [ -70.6947, -45.0632 ], [ -70.6349, -45.0453 ] ] } },
{ "type": "Feature", "properties": { "nombre": "Camino sin nombre", "longitud_km": 7.85 }, "geometry": { "type": "LineString", "coordinates": [ [ -70.599, -45.0692 ], [ -70.5585, -45.0704 ], [ -70.5323, -45.0772 ], [ -70.5012, -45.0756 ] ] } },
{ "type": "Feature", "properties": { "nombre": "Camino sin nombre", "longitud_km": 5.21 }, "geometry": { "type": "LineString", "coordinates": [ [ -67.8402, -45.1928 ], [ -67.8225, -45.2379 ] ] } },
{ "type": "Feature", "properties": { "nombre": "Camino sin nombre", "longitud_km": 2.71 }, "geometry": { "type": "LineString", "coordinates": [ [ -70.8868, -45.0722 ], [ -70.8845, -45.0478 ] ] } },
{ "type": "Feature", "properties": { "nombre": "Camino sin nombre", "longitud_km": 3.32 }, "geometry": { "type": "LineString", "coordinates": [ [ -70.6998, -45.0853 ], [ -70.6744, -45.0783 ], [ -70.6639, -45.0707 ] ] } },
{ "type": "Feature", "properties": { "nombre": "Camino sin nombre", "longitud_km": 0.29 }, "geometry": { "type": "LineString", "coordinates": [ [ -71.0302, -45.1135 ], [ -71.0318, -45.1111 ] ] } },
{ "type": "Feature", "properties": { "nombre": "Camino sin nombre", "longitud_km": 4.02 }, "geometry": { "type": "LineString", "coordinates": [ [ -70.0386, -45.1507 ], [ -70.0894, -45.1474 ] ] } },
{ "type": "Feature", "properties": { "nombre": "Camino sin nombre", "longitud_km": 5.96 }, "geometry": { "type": "LineString", "coordinates": [ [ -68.9236, -45.2171 ], [ -68.9252, -45.2063 ], [ -68.9195, -45.1971 ], [ -68.9146, -45.1646 ] ] } },
{ "type": "Feature", "properties": { "nombre": "Camino sin nombre", "longitud_km": 3.95 }, "geometry": { "type": "LineString", "coordinates": [ [ -67.8225, -45.2379 ], [ -67.8024, -45.2706 ] ] } },
{ "type": "Feature", "properties": { "nombre": "Camino sin nombre", "longitud_km": 4.24 }, "geometry": { "type": "LineString", "coordinates": [ [ -67.7436, -45.3069 ], [ -67.6939, -45.2916 ] ] } },
{ "type": "Feature", "properties": { "nombre": "Camino sin nombre", "longitud_km": 21.49 }, "geometry": { "type": "LineString", "coordinates": [ [ -69.0949, -45.2092 ], [ -69.0896, -45.1991 ], [ -69.0757, -45.1903 ], [ -69.0788, -45.1809 ], [ -69.0507, -45.1643 ], [ -68.9658, -45.165 ], [ -68.9465, -45.2134 ], [ -68.9548, -45.2256 ], [ -68.9528, -45.2354 ] ] } },
{ "type": "Feature", "properties": { "nombre": "Camino sin nombre", "longitud_km": 3.72 }, "geometry": { "type": "LineString", "coordinates": [ [ -68.9236, -45.2171 ], [ -68.8939, -45.2197 ], [ -68.8885, -45.2168 ], [ -68.8874, -45.2093 ] ] } },
{ "type": "Feature", "properties": { "nombre": "Camino sin nombre", "longitud_km": 14.05 }, "geometry": { "type": "LineString", "coordinates": [ [ -68.6252, -45.1218 ], [ -68.6384, -45.1382 ], [ -68.6407, -45.1737 ], [ -68.6342, -45.1874 ], [ -68.6391, -45.2003 ], [ -68.6613, -45.2174 ], [ -68.663, -45.2315 ], [ -68.6689, -45.2368 ] ] } },
{ "type": "Feature", "properties": { "nombre": "Camino sin nombre", "longitud_km": 3.27 }, "geometry": { "type": "LineString", "coordinates": [ [ -68.6569, -45.2605 ], [ -68.6493, -45.2732 ], [ -68.6506, -45.2888 ] ] } },
{ "type": "Feature", "properties": { "nombre": "Camino sin nombre", "longitud_km": 10.78 }, "geometry": { "type": "LineString", "coordinates": [ [ -71.1896, -45.1067 ], [ -71.193, -45.0617 ], [ -71.1735, -45.0482 ], [ -71.1695, -45.0157 ] ] } },
{ "type": "Feature", "properties": { "nombre": "Camino sin nombre", "longitud_km": 20.4 }, "geometry": { "type": "LineString", "coordinates": [ [ -70.4382, -44.9958 ], [ -70.4407, -45.0333 ], [ -70.4524, -45.0476 ], [ -70.4508, -45.0522 ], [ -70.3677, -45.1313 ], [ -70.3653, -45.138 ], [ -70.3389, -45.1425 ] ] } },
{ "type": "Feature", "properties": { "nombre": "Camino sin nombre", "longitud_km": 3.32 }, "geometry": { "type": "LineString", "coordinates": [ [ -68.6689, -45.2368 ], [ -68.6578, -45.2333 ], [ -68.6424, -45.2399 ], [ -68.6334, -45.2342 ] ] } },
{ "type": "Feature", "properties": { "nombre": "Camino sin nombre", "longitud_km": 6.7 }, "geometry": { "type": "LineString", "coordinates": [ [ -67.8225, -45.2379 ], [ -67.7864, -45.2482 ], [ -67.7847, -45.2654 ], [ -67.795, -45.2792 ] ] } },
{ "type": "Feature", "properties": { "nombre": "Camino sin nombre", "longitud_km": 8.58 }, "geometry": { "type": "LineString", "coordinates": [ [ -70.8504, -45.0518 ], [ -70.8438, -45.0771 ], [ -70.8493, -45.1008 ], [ -70.8239, -45.1215 ] ] } },
{ "type": "Feature", "properties": { "nombre": "Camino sin nombre", "longitud_km": 3.07 }, "geometry": { "type": "LineString", "coordinates": [ [ -68.9528, -45.2354 ], [ -68.9236, -45.2171 ] ] } },
{ "type": "Feature", "properties": { "nombre": "Camino sin nombre", "longitud_km": 1.66 }, "geometry": { "type": "LineString", "coordinates": [ [ -68.6689, -45.2368 ], [ -68.6746, -45.2458 ], [ -68.6708, -45.2501 ] ] } },
{ "type": "Feature", "properties": { "nombre": "Camino sin nombre", "longitud_km": 14.41 }, "geometry": { "type": "LineString", "coordinates": [ [ -68.7039, -45.1475 ], [ -68.726, -45.1544 ], [ -68.7197, -45.1602 ], [ -68.7252, -45.1655 ], [ -68.7262, -45.1898 ], [ -68.6892, -45.2406 ], [ -68.6783, -45.2497 ], [ -68.6708, -45.2501 ] ] } },
{ "type": "Feature", "properties": { "nombre": "Camino sin nombre", "longitud_km": 5.02 }, "geometry": { "type": "LineString", "coordinates": [ [ -70.7628, -45.1155 ], [ -70.7817, -45.112 ], [ -70.8239, -45.1215 ] ] } },
{ "type": "Feature", "properties": { "nombre": "Camino sin nombre", "longitud_km": 0.43 }, "geometry": { "type": "LineString", "coordinates": [ [ -70.8239, -45.1215 ], [ -70.8268, -45.1248 ] ] } },
{ "type": "Feature", "properties": { "nombre": "Camino sin nombre", "longitud_km": 0.4 }, "geometry": { "type": "LineString", "coordinates": [ [ -70.8268, -45.1248 ], [ -70.8294, -45.1217 ] ] } },
{ "type": "Feature", "properties": { "nombre": "Camino sin nombre", "longitud_km": 4.51 }, "geometry": { "type": "LineString", "coordinates": [ [ -71.0318, -45.1111 ], [ -71.0389, -45.0708 ] ] } },
{ "type": "Feature", "properties": { "nombre": "Camino sin nombre", "longitud_km": 12.1 }, "geometry": { "type": "LineString", "coordinates": [ [ -70.8868, -45.0722 ], [ -70.8988, -45.0797 ], [ -71.0287, -45.112 ] ] } },
{ "type": "Feature", "properties": { "nombre": "Camino sin nombre", "longitud_km": 0.2 }, "geometry": { "type": "LineString", "coordinates": [ [ -71.0287, -45.112 ], [ -71.0302, -45.1135 ] ] } },
{ "type": "Feature", "properties": { "nombre": "Camino sin nombre", "longitud_km": 0.98 }, "geometry": { "type": "LineString", "coordinates": [ [ -70.8227, -45.1386 ], [ -70.8114, -45.1349 ] ] } },
{ "type": "Feature", "properties": { "nombre": "Camino sin nombre", "longitud_km": 9.59 }, "geometry": { "type": "LineString", "coordinates": [ [ -70.5649, -45.1493 ], [ -70.5629, -45.1364 ], [ -70.5678, -45.1175 ], [ -70.5755, -45.1018 ], [ -70.5985, -45.0766 ], [ -70.599, -45.0692 ] ] } },
{ "type": "Feature", "properties": { "nombre": "Camino sin nombre", "longitud_km": 5.2 }, "geometry": { "type": "LineString", "coordinates": [ [ -68.6569, -45.2605 ], [ -68.6273, -45.2426 ], [ -68.6009, -45.238 ] ] } },
{ "type": "Feature", "properties": { "nombre": "Camino sin nombre", "longitud_km": 1.95 }, "geometry": { "type": "LineString", "coordinates": [ [ -68.6708, -45.2501 ], [ -68.6646, -45.2487 ], [ -68.6569, -45.2605 ] ] } },
{ "type": "Feature", "properties": { "nombre": "Camino sin nombre", "longitud_km": 1.15 }, "geometry": { "type": "LineString", "coordinates": [ [ -68.9528, -45.2354 ], [ -68.9533, -45.2458 ] ] } },
{ "type": "Feature", "properties": { "nombre": "Camino sin nombre", "longitud_km": 5.01 }, "geometry": { "type": "LineString", "coordinates": [ [ -70.5649, -45.1493 ], [ -70.5012, -45.1497 ] ] } },
{ "type": "Feature", "properties": { "nombre": "Camino sin nombre", "longitud_km": 4.44 }, "geometry": { "type": "LineString", "coordinates": [ [ -71.0318, -45.1111 ], [ -71.0879, -45.1151 ] ] } },
{ "type": "Feature", "properties": { "nombre": "Camino sin nombre", "longitud_km": 2.55 }, "geometry": { "type": "LineString", "coordinates": [ [ -71.0879, -45.1151 ], [ -71.0873, -45.0922 ] ] } },
{ "type": "Feature", "properties": { "nombre": "Camino sin nombre", "longitud_km": 4.54 }, "geometry": { "type": "LineString", "coordinates": [ [ -70.8114, -45.1349 ], [ -70.7811, -45.1287 ], [ -70.7628, -45.1155 ] ] } },
{ "type": "Feature", "properties": { "nombre": "Camino sin nombre", "longitud_km": 6.48 }, "geometry": { "type": "LineString", "coordinates": [ [ -67.6966, -45.3494 ], [ -67.694, -45.3311 ], [ -67.6978, -45.308 ], [ -67.6939, -45.2916 ] ] } },
{ "type": "Feature", "properties": { "nombre": "Camino sin nombre", "longitud_km": 18.03 }, "geometry": { "type": "LineString", "coordinates": [ [ -67.6939, -45.2916 ], [ -67.6716, -45.2511 ], [ -67.6549, -45.2333 ], [ -67.6434, -45.2279 ], [ -67.6496, -45.2541 ], [ -67.6303, -45.2889 ], [ -67.6361, -45.3054 ], [ -67.6283, -45.3093 ] ] } },
{ "type": "Feature", "properties": { "nombre": "Camino sin nombre", "longitud_km": 8.06 }, "geometry": { "type": "LineString", "coordinates": [ [ -71.0879, -45.1151 ], [ -71.1896, -45.1067 ] ] } },
{ "type": "Feature", "properties": { "nombre": "Camino sin nombre", "longitud_km": 0.53 }, "geometry": { "type": "LineString", "coordinates": [ [ -70.5704, -45.1521 ], [ -70.5649, -45.1493 ] ] } },
{ "type": "Feature", "properties": { "nombre": "Camino sin nombre", "longitud_km": 27.85 }, "geometry": { "type": "LineString", "coordinates": [ [ -68.6006, -45.1188 ], [ -68.5484, -45.1218 ], [ -68.4865, -45.1701 ], [ -68.4821, -45.1842 ], [ -68.4878, -45.1906 ], [ -68.4869, -45.2047 ], [ -68.4614, -45.2617 ], [ -68.414, -45.2757 ], [ -68.3935, -45.2686 ] ] } },
{ "type": "Feature", "properties": { "nombre": "Camino sin nombre", "longitud_km": 7.67 }, "geometry": { "type": "LineString", "coordinates": [ [ -67.7198, -45.6308 ], [ -67.6623, -45.5749 ] ] } },
{ "type": "Feature", "properties": { "nombre": "Camino sin nombre", "longitud_km": 1.58 }, "geometry": { "type": "LineString", "coordinates": [ [ -70.8268, -45.1248 ], [ -70.8227, -45.1386 ] ] } },
{ "type": "Feature", "properties": { "nombre": "Camino sin nombre", "longitud_km": 7.9 }, "geometry": { "type": "LineString", "coordinates": [ [ -70.6708, -45.1509 ], [ -70.5704, -45.1521 ] ] } },
{ "type": "Feature", "properties": { "nombre": "Camino sin nombre", "longitud_km": 6.93 }, "geometry": { "type": "LineString", "coordinates": [ [ -69.2772, -45.1798 ], [ -69.2753, -45.1901 ], [ -69.2805, -45.2057 ], [ -69.2913, -45.22 ], [ -69.2916, -45.2297 ], [ -69.3026, -45.2359 ] ] } },
{ "type": "Feature", "properties": { "nombre": "Camino sin nombre", "longitud_km": 9.43 }, "geometry": { "type": "LineString", "coordinates": [ [ -69.3395, -45.1895 ], [ -69.3553, -45.1821 ], [ -69.3622, -45.1881 ], [ -69.3026, -45.2359 ] ] } },
{ "type": "Feature", "properties": { "nombre": "Camino sin nombre", "longitud_km": 1.81 }, "geometry": { "type": "LineString", "coordinates": [ [ -67.7364, -45.3142 ], [ -67.7202, -45.3143 ], [ -67.7194, -45.3191 ] ] } },
{ "type": "Feature", "properties": { "nombre": "Camino sin nombre", "longitud_km": 15.86 }, "geometry": { "type": "LineString", "coordinates": [ [ -68.8683, -45.2693 ], [ -68.8528, -45.2588 ], [ -68.8333, -45.2096 ], [ -68.7874, -45.1887 ], [ -68.7568, -45.1576 ] ] } },
{ "type": "Feature", "properties": { "nombre": "Camino sin nombre", "longitud_km": 0.78 }, "geometry": { "type": "LineString", "coordinates": [ [ -68.7066, -45.2801 ], [ -68.7, -45.2853 ] ] } },
{ "type": "Feature", "properties": { "nombre": "Camino sin nombre", "longitud_km": 5.08 }, "geometry": { "type": "LineString", "coordinates": [ [ -70.188, -45.5193 ], [ -70.16, -45.5605 ] ] } },
{ "type": "Feature", "properties": { "nombre": "Camino sin nombre", "longitud_km": 8.75 }, "geometry": { "type": "LineString", "coordinates": [ [ -70.0718, -45.222 ], [ -70.0634, -45.2041 ], [ -70.0644, -45.1954 ], [ -70.0894, -45.1474 ] ] } },
{ "type": "Feature", "properties": { "nombre": "Camino sin nombre", "longitud_km": 5.65 }, "geometry": { "type": "LineString", "coordinates": [ [ -70.1052, -45.2407 ], [ -70.1038, -45.2139 ], [ -70.0718, -45.222 ] ] } },
{ "type": "Feature", "properties": { "nombre": "Camino sin nombre", "longitud_km": 5.04 }, "geometry": { "type": "LineString", "coordinates": [ [ -68.7, -45.2853 ], [ -68.6763, -45.2991 ], [ -68.6568, -45.3044 ], [ -68.6502, -45.3119 ] ] } },
{ "type": "Feature", "properties": { "nombre": "Camino sin nombre", "longitud_km": 2.18 }, "geometry": { "type": "LineString", "coordinates": [ [ -70.05, -45.2341 ], [ -70.0718, -45.222 ] ] } },
{ "type": "Feature", "properties": { "nombre": "Camino sin nombre", "longitud_km": 11.55 }, "geometry": { "type": "LineString", "coordinates": [ [ -67.6283, -45.3093 ], [ -67.6054, -45.3093 ], [ -67.5489, -45.3274 ], [ -67.5378, -45.3356 ], [ -67.5178, -45.3651 ] ] } },
{ "type": "Feature", "properties": { "nombre": "Camino sin nombre", "longitud_km": 4.31 }, "geometry": { "type": "LineString", "coordinates": [ [ -70.9691, -45.197 ], [ -70.9171, -45.1847 ] ] } },
{ "type": "Feature", "properties": { "nombre": "Camino sin nombre", "longitud_km": 11.91 }, "geometry": { "type": "LineString", "coordinates": [ [ -67.795, -45.2792 ], [ -67.8046, -45.3062 ], [ -67.864, -45.3159 ], [ -67.872, -45.3518 ] ] } },
{ "type": "Feature", "properties": { "nombre": "Camino sin nombre", "longitud_km": 9.27 }, "geometry": { "type": "LineString", "coordinates": [ [ -70.9083, -45.1814 ], [ -70.8686, -45.1709 ], [ -70.8698, -45.1608 ], [ -70.8397, -45.1566 ], [ -70.8227, -45.1386 ] ] } },
{ "type": "Feature", "properties": { "nombre": "Camino sin nombre", "longitud_km": 1.27 }, "geometry": { "type": "LineString", "coordinates": [ [ -70.9083, -45.1814 ], [ -70.9068, -45.17 ] ] } },
{ "type": "Feature", "properties": { "nombre": "Camino sin nombre", "longitud_km": 11.63 }, "geometry": { "type": "LineString", "coordinates": [ [ -67.872, -45.3518 ], [ -67.8664, -45.3534 ], [ -67.8453, -45.3402 ], [ -67.7982, -45.3328 ], [ -67.7436, -45.3069 ] ] } },
{ "type": "Feature", "properties": { "nombre": "Camino sin nombre", "longitud_km": 0.92 }, "geometry": { "type": "LineString", "coordinates": [ [ -67.8836, -45.3522 ], [ -67.872, -45.3518 ] ] } },
{ "type": "Feature", "properties": { "nombre": "Camino sin nombre", "longitud_km": 1.29 }, "geometry": { "type": "LineString", "coordinates": [ [ -67.5011, -45.3608 ], [ -67.511, -45.37 ] ] } },
{ "type": "Feature", "properties": { "nombre": "Camino sin nombre", "longitud_km": 0.76 }, "geometry": { "type": "LineString", "coordinates": [ [ -67.5178, -45.3651 ], [ -67.511, -45.37 ] ] } },
{ "type": "Feature", "properties": { "nombre": "Camino sin nombre", "longitud_km": 2.28 }, "geometry": { "type": "LineString", "coordinates": [ [ -70.0424, -45.4727 ], [ -70.0427, -45.4933 ] ] } },
{ "type": "Feature", "properties": { "nombre": "Camino sin nombre", "longitud_km": 0.79 }, "geometry": { "type": "LineString", "coordinates": [ [ -70.9171, -45.1847 ], [ -70.9083, -45.1814 ] ] } },
{ "type": "Feature", "properties": { "nombre": "Camino sin nombre", "longitud_km": 2.85 }, "geometry": { "type": "LineString", "coordinates": [ [ -67.511, -45.37 ], [ -67.4899, -45.3799 ], [ -67.486, -45.3871 ] ] } },
{ "type": "Feature", "properties": { "nombre": "Camino sin nombre", "longitud_km": 6.96 }, "geometry": { "type": "LineString", "coordinates": [ [ -70.1939, -45.2404 ], [ -70.1052, -45.2407 ] ] } },
{ "type": "Feature", "properties": { "nombre": "Camino sin nombre", "longitud_km": 9.69 }, "geometry": { "type": "LineString", "coordinates": [ [ -70.7596, -45.2055 ], [ -70.716, -45.1608 ], [ -70.7021, -45.1295 ] ] } },
{ "type": "Feature", "properties": { "nombre": "Camino sin nombre", "longitud_km": 9.2 }, "geometry": { "type": "LineString", "coordinates": [ [ -70.7596, -45.2055 ], [ -70.7818, -45.1907 ], [ -70.793, -45.1759 ], [ -70.7956, -45.162 ], [ -70.8115, -45.1443 ], [ -70.8114, -45.1349 ] ] } },
{ "type": "Feature", "properties": { "nombre": "Camino sin nombre", "longitud_km": 8.73 }, "geometry": { "type": "LineString", "coordinates": [ [ -68.2372, -45.3508 ], [ -68.2077, -45.306 ], [ -68.1856, -45.2814 ] ] } },
{ "type": "Feature", "properties": { "nombre": "Camino sin nombre", "longitud_km": 8.02 }, "geometry": { "type": "LineString", "coordinates": [ [ -67.6283, -45.3093 ], [ -67.6116, -45.3424 ], [ -67.6115, -45.3609 ], [ -67.6223, -45.3779 ] ] } },
{ "type": "Feature", "properties": { "nombre": "Camino sin nombre", "longitud_km": 18.27 }, "geometry": { "type": "LineString", "coordinates": [ [ -71.0307, -45.1263 ], [ -71.05, -45.1403 ], [ -71.1057, -45.1602 ], [ -71.1403, -45.1876 ], [ -71.142, -45.194 ], [ -71.2181, -45.2143 ] ] } },
{ "type": "Feature", "properties": { "nombre": "Camino sin nombre", "longitud_km": 1.51 }, "geometry": { "type": "LineString", "coordinates": [ [ -68.8127, -45.3643 ], [ -68.8024, -45.3528 ] ] } },
{ "type": "Feature", "properties": { "nombre": "Camino sin nombre", "longitud_km": 7.24 }, "geometry": { "type": "LineString", "coordinates": [ [ -70.29, -45.4194 ], [ -70.2172, -45.4597 ] ] } },
{ "type": "Feature", "properties": { "nombre": "Camino sin nombre", "longitud_km": 9.06 }, "geometry": { "type": "LineString", "coordinates": [ [ -70.0421, -45.3071 ], [ -70.043, -45.3724 ], [ -70.0601, -45.3834 ] ] } },
{ "type": "Feature", "properties": { "nombre": "Camino sin nombre", "longitud_km": 32.82 }, "geometry": { "type": "LineString", "coordinates": [ [ -69.9351, -45.2609 ], [ -69.9196, -45.2489 ], [ -69.8976, -45.2478 ], [ -69.8677, -45.2318 ], [ -69.8598, -45.2323 ], [ -69.857, -45.2254 ], [ -69.8457, -45.219 ], [ -69.8503, -45.2093 ], [ -69.8439, -45.1892 ], [ -69.8155, -45.2046 ], [ -69.8017, -45.2048 ], [ -69.7928, -45.215 ], [ -69.7317, -45.2198 ], [ -69.7247, -45.2158 ], [ -69.7273, -45.2024 ], [ -69.7223, -45.1884 ], [ -69.7268, -45.1781 ], [ -69.6859, -45.1777 ], [ -69.6751, -45.1724 ], [ -69.6742, -45.1632 ] ] } },
{ "type": "Feature", "properties": { "nombre": "Camino sin nombre", "longitud_km": 9.75 }, "geometry": { "type": "LineString", "coordinates": [ [ -67.7436, -45.3069 ], [ -67.743, -45.3107 ], [ -67.7623, -45.3255 ], [ -67.801, -45.3475 ], [ -67.8019, -45.3565 ], [ -67.7856, -45.3724 ] ] } },
{ "type": "Feature", "properties": { "nombre": "Camino sin nombre", "longitud_km": 19.98 }, "geometry": { "type": "LineString", "coordinates": [ [ -70.4887, -45.0985 ], [ -70.488, -45.121 ], [ -70.4794, -45.1251 ], [ -70.4888, -45.1577 ], [ -70.4836, -45.1978 ], [ -70.5012, -45.2283 ], [ -70.5126, -45.2369 ], [ -70.5329, -45.2652 ] ] } },
{ "type": "Feature", "properties": { "nombre": "Camino sin nombre", "longitud_km": 2.2 }, "geometry": { "type": "LineString", "coordinates": [ [ -68.2372, -45.3508 ], [ -68.2103, -45.3565 ] ] } },
{ "type": "Feature", "properties": { "nombre": "Camino sin nombre", "longitud_km": 8.82 }, "geometry": { "type": "LineString", "coordinates": [ [ -67.5178, -45.3651 ], [ -67.56, -45.3694 ], [ -67.6023, -45.3849 ], [ -67.6223, -45.3779 ] ] } },
{ "type": "Feature", "properties": { "nombre": "Camino sin nombre", "longitud_km": 2.33 }, "geometry": { "type": "LineString", "coordinates": [ [ -70.0135, -45.2612 ], [ -70.0432, -45.2612 ] ] } },
{ "type": "Feature", "properties": { "nombre": "Camino sin nombre", "longitud_km": 8.29 }, "geometry": { "type": "LineString", "coordinates": [ [ -68.7576, -45.3336 ], [ -68.759, -45.3119 ], [ -68.7455, -45.2953 ], [ -68.7, -45.2853 ] ] } },
{ "type": "Feature", "properties": { "nombre": "Camino sin nombre", "longitud_km": 6.04 }, "geometry": { "type": "LineString", "coordinates": [ [ -68.8047, -45.2907 ], [ -68.7576, -45.3336 ] ] } },
{ "type": "Feature", "properties": { "nombre": "Camino sin nombre", "longitud_km": 2.44 }, "geometry": { "type": "LineString", "coordinates": [ [ -70.0432, -45.2612 ], [ -70.0742, -45.2612 ] ] } },
{ "type": "Feature", "properties": { "nombre": "Camino sin nombre", "longitud_km": 4.43 }, "geometry": { "type": "LineString", "coordinates": [ [ -70.0718, -45.222 ], [ -70.0778, -45.2527 ], [ -70.0742, -45.2612 ] ] } },
{ "type": "Feature", "properties": { "nombre": "Camino sin nombre", "longitud_km": 3.73 }, "geometry": { "type": "LineString", "coordinates": [ [ -70.0742, -45.2612 ], [ -70.0834, -45.2612 ], [ -70.1051, -45.2466 ], [ -70.1052, -45.2407 ] ] } },
{ "type": "Feature", "properties": { "nombre": "Camino sin nombre", "longitud_km": 3.55 }, "geometry": { "type": "LineString", "coordinates": [ [ -67.6807, -45.3955 ], [ -67.6596, -45.3986 ], [ -67.6367, -45.3941 ] ] } },
{ "type": "Feature", "properties": { "nombre": "Camino sin nombre", "longitud_km": 12.66 }, "geometry": { "type": "LineString", "coordinates": [ [ -68.1429, -45.2809 ], [ -68.1467, -45.2866 ], [ -68.1397, -45.3071 ], [ -68.1248, -45.3359 ], [ -68.1187, -45.3389 ], [ -68.1058, -45.3779 ], [ -68.0966, -45.3863 ] ] } },
{ "type": "Feature", "properties": { "nombre": "Camino sin nombre", "longitud_km": 10.24 }, "geometry": { "type": "LineString", "coordinates": [ [ -68.8024, -45.3528 ], [ -68.8518, -45.3221 ], [ -68.8476, -45.2885 ], [ -68.8567, -45.2785 ] ] } },
{ "type": "Feature", "properties": { "nombre": "Camino sin nombre", "longitud_km": 4.45 }, "geometry": { "type": "LineString", "coordinates": [ [ -68.9788, -45.3453 ], [ -68.9866, -45.3056 ] ] } },
{ "type": "Feature", "properties": { "nombre": "Camino sin nombre", "longitud_km": 3.0 }, "geometry": { "type": "LineString", "coordinates": [ [ -68.7761, -45.3573 ], [ -68.7576, -45.3336 ] ] } },
{ "type": "Feature", "properties": { "nombre": "Camino sin nombre", "longitud_km": 2.3 }, "geometry": { "type": "LineString", "coordinates": [ [ -68.8024, -45.3528 ], [ -68.7898, -45.3591 ], [ -68.7761, -45.3573 ] ] } },
{ "type": "Feature", "properties": { "nombre": "Camino sin nombre", "longitud_km": 12.43 }, "geometry": { "type": "LineString", "coordinates": [ [ -70.5402, -45.2599 ], [ -70.542, -45.2263 ], [ -70.5485, -45.2231 ], [ -70.5704, -45.1521 ] ] } },
{ "type": "Feature", "properties": { "nombre": "Camino sin nombre", "longitud_km": 8.72 }, "geometry": { "type": "LineString", "coordinates": [ [ -70.6166, -45.3061 ], [ -70.5683, -45.2882 ], [ -70.5117, -45.2873 ] ] } },
{ "type": "Feature", "properties": { "nombre": "Camino sin nombre", "longitud_km": 6.69 }, "geometry": { "type": "LineString", "coordinates": [ [ -70.0001, -45.3532 ], [ -69.9363, -45.3933 ] ] } },
{ "type": "Feature", "properties": { "nombre": "Camino sin nombre", "longitud_km": 6.32 }, "geometry": { "type": "LineString", "coordinates": [ [ -70.9368, -45.2365 ], [ -70.9299, -45.2356 ], [ -70.9253, -45.2276 ], [ -70.9171, -45.1847 ] ] } },
{ "type": "Feature", "properties": { "nombre": "Camino sin nombre", "longitud_km": 9.04 }, "geometry": { "type": "LineString", "coordinates": [ [ -68.7761, -45.3573 ], [ -68.7517, -45.3554 ], [ -68.7133, -45.3649 ], [ -68.6785, -45.3669 ], [ -68.6695, -45.3755 ] ] } },
{ "type": "Feature", "properties": { "nombre": "Camino sin nombre", "longitud_km": 5.1 }, "geometry": { "type": "LineString", "coordinates": [ [ -70.0432, -45.2612 ], [ -70.0421, -45.3071 ] ] } },
{ "type": "Feature", "properties": { "nombre": "Camino sin nombre", "longitud_km": 12.74 }, "geometry": { "type": "LineString", "coordinates": [ [ -67.9513, -45.4192 ], [ -67.9575, -45.4095 ], [ -68.0295, -45.387 ], [ -68.0839, -45.3908 ], [ -68.0966, -45.3863 ] ] } },
{ "type": "Feature", "properties": { "nombre": "Camino sin nombre", "longitud_km": 5.04 }, "geometry": { "type": "LineString", "coordinates": [ [ -69.9784, -45.3129 ], [ -70.0421, -45.3071 ] ] } },
{ "type": "Feature", "properties": { "nombre": "Camino sin nombre", "longitud_km": 1.72 }, "geometry": { "type": "LineString", "coordinates": [ [ -70.0421, -45.3071 ], [ -70.0639, -45.3078 ] ] } },
{ "type": "Feature", "properties": { "nombre": "Camino sin nombre", "longitud_km": 3.36 }, "geometry": { "type": "LineString", "coordinates": [ [ -70.0639, -45.3078 ], [ -70.0866, -45.2821 ] ] } },
{ "type": "Feature", "properties": { "nombre": "Camino sin nombre", "longitud_km": 16.99 }, "geometry": { "type": "LineString", "coordinates": [ [ -70.4151, -45.1394 ], [ -70.4157, -45.1791 ], [ -70.3765, -45.2889 ] ] } },
{ "type": "Feature", "properties": { "nombre": "Camino sin nombre", "longitud_km": 12.89 }, "geometry": { "type": "LineString", "coordinates": [ [ -71.0162, -45.1467 ], [ -71.0388, -45.1468 ], [ -71.0382, -45.1727 ], [ -71.0458, -45.2169 ], [ -71.0583, -45.2266 ], [ -71.0652, -45.2423 ] ] } },
{ "type": "Feature", "properties": { "nombre": "Camino sin nombre", "longitud_km": 3.18 }, "geometry": { "type": "LineString", "coordinates": [ [ -68.8419, -45.3821 ], [ -68.8363, -45.3825 ], [ -68.8127, -45.3643 ] ] } },
{ "type": "Feature", "properties": { "nombre": "Camino sin nombre", "longitud_km": 7.11 }, "geometry": { "type": "LineString", "coordinates": [ [ -70.1546, -45.3076 ], [ -70.0639, -45.3078 ] ] } },
{ "type": "Feature", "properties": { "nombre": "Camino sin nombre", "longitud_km": 3.03 }, "geometry": { "type": "LineString", "coordinates": [ [ -70.1546, -45.3076 ], [ -70.1779, -45.2859 ] ] } },
{ "type": "Feature", "properties": { "nombre": "Camino sin nombre", "longitud_km": 11.22 }, "geometry": { "type": "LineString", "coordinates": [ [ -67.7856, -45.3724 ], [ -67.7888, -45.3768 ], [ -67.8601, -45.3879 ], [ -67.8887, -45.4276 ] ] } },
{ "type": "Feature", "properties": { "nombre": "Camino sin nombre", "longitud_km": 6.4 }, "geometry": { "type": "LineString", "coordinates": [ [ -67.9513, -45.4192 ], [ -67.9173, -45.4078 ], [ -67.9173, -45.4152 ], [ -67.8887, -45.4276 ] ] } },
{ "type": "Feature", "properties": { "nombre": "Camino sin nombre", "longitud_km": 8.59 }, "geometry": { "type": "LineString", "coordinates": [ [ -70.8271, -45.2638 ], [ -70.7854, -45.2352 ], [ -70.7847, -45.2263 ], [ -70.7596, -45.2055 ] ] } },
{ "type": "Feature", "properties": { "nombre": "Camino sin nombre", "longitud_km": 2.44 }, "geometry": { "type": "LineString", "coordinates": [ [ -70.858, -45.2611 ], [ -70.8271, -45.2638 ] ] } },
{ "type": "Feature", "properties": { "nombre": "Camino sin nombre", "longitud_km": 11.94 }, "geometry": { "type": "LineString", "coordinates": [ [ -70.4397, -45.4274 ], [ -70.4065, -45.4217 ], [ -70.3511, -45.4311 ], [ -70.2912, -45.4214 ] ] } },
{ "type": "Feature", "properties": { "nombre": "Camino sin nombre", "longitud_km": 20.48 }, "geometry": { "type": "LineString", "coordinates": [ [ -69.1118, -45.2219 ], [ -69.1007, -45.2485 ], [ -69.1079, -45.2696 ], [ -69.0882, -45.2772 ], [ -69.0923, -45.365 ], [ -69.1001, -45.3957 ] ] } },
{ "type": "Feature", "properties": { "nombre": "Camino sin nombre", "longitud_km": 4.02 }, "geometry": { "type": "LineString", "coordinates": [ [ -71.1328, -45.2789 ], [ -71.1369, -45.2918 ], [ -71.1227, -45.3125 ] ] } },
{ "type": "Feature", "properties": { "nombre": "Camino sin nombre", "longitud_km": 48.03 }, "geometry": { "type": "LineString", "coordinates": [ [ -71.1896, -45.1067 ], [ -71.2187, -45.107 ], [ -71.3297, -45.0851 ], [ -71.3583, -45.1013 ], [ -71.4021, -45.0894 ], [ -71.4451, -45.0915 ], [ -71.4846, -45.0874 ], [ -71.4967, -45.0906 ], [ -71.4873, -45.1064 ], [ -71.4627, -45.1114 ], [ -71.4669, -45.146 ], [ -71.4241, -45.1717 ], [ -71.393, -45.1778 ], [ -71.3257, -45.2294 ] ] } },
{ "type": "Feature", "properties": { "nombre": "Camino sin nombre", "longitud_km": 8.25 }, "geometry": { "type": "LineString", "coordinates": [ [ -71.2181, -45.2143 ], [ -71.2236, -45.2201 ], [ -71.2524, -45.2162 ], [ -71.2574, -45.2228 ], [ -71.2717, -45.2271 ], [ -71.3111, -45.2306 ] ] } },
{ "type": "Feature", "properties": { "nombre": "Camino sin nombre", "longitud_km": 1.16 }, "geometry": { "type": "LineString", "coordinates": [ [ -71.3111, -45.2306 ], [ -71.3257, -45.2294 ] ] } },
{ "type": "Feature", "properties": { "nombre": "Camino sin nombre", "longitud_km": 0.75 }, "geometry": { "type": "LineString", "coordinates": [ [ -68.2133, -45.4085 ], [ -68.2163, -45.4149 ] ] } },
{ "type": "Feature", "properties": { "nombre": "Camino sin nombre", "longitud_km": 8.35 }, "geometry": { "type": "LineString", "coordinates": [ [ -68.2163, -45.4149 ], [ -68.2483, -45.3739 ], [ -68.2469, -45.3526 ], [ -68.2372, -45.3508 ] ] } },
{ "type": "Feature", "properties": { "nombre": "Camino sin nombre", "longitud_km": 11.97 }, "geometry": { "type": "LineString", "coordinates": [ [ -70.9217, -45.2591 ], [ -70.9538, -45.2563 ], [ -70.9832, -45.2411 ], [ -71.0392, -45.2474 ], [ -71.0652, -45.2423 ] ] } },
{ "type": "Feature", "properties": { "nombre": "Camino sin nombre", "longitud_km": 1.41 }, "geometry": { "type": "LineString", "coordinates": [ [ -71.3257, -45.2294 ], [ -71.3432, -45.2322 ] ] } },
{ "type": "Feature", "properties": { "nombre": "Camino sin nombre", "longitud_km": 2.39 }, "geometry": { "type": "LineString", "coordinates": [ [ -68.5812, -45.4035 ], [ -68.5713, -45.3832 ] ] } },
{ "type": "Feature", "properties": { "nombre": "Camino sin nombre", "longitud_km": 7.68 }, "geometry": { "type": "LineString", "coordinates": [ [ -68.0966, -45.3863 ], [ -68.128, -45.3867 ], [ -68.1691, -45.4237 ] ] } },
{ "type": "Feature", "properties": { "nombre": "Camino sin nombre", "longitud_km": 5.68 }, "geometry": { "type": "LineString", "coordinates": [ [ -67.6802, -45.3994 ], [ -67.664, -45.4215 ], [ -67.6669, -45.4477 ] ] } },
{ "type": "Feature", "properties": { "nombre": "Camino sin nombre", "longitud_km": 4.89 }, "geometry": { "type": "LineString", "coordinates": [ [ -67.7224, -45.4407 ], [ -67.7165, -45.4479 ], [ -67.6817, -45.4511 ], [ -67.6669, -45.4477 ] ] } },
{ "type": "Feature", "properties": { "nombre": "Camino sin nombre", "longitud_km": 5.36 }, "geometry": { "type": "LineString", "coordinates": [ [ -68.8127, -45.3643 ], [ -68.8107, -45.393 ], [ -68.798, -45.4104 ] ] } },
{ "type": "Feature", "properties": { "nombre": "Camino sin nombre", "longitud_km": 1.39 }, "geometry": { "type": "LineString", "coordinates": [ [ -70.8709, -45.3442 ], [ -70.8592, -45.3537 ] ] } },
{ "type": "Feature", "properties": { "nombre": "Camino sin nombre", "longitud_km": 9.51 }, "geometry": { "type": "LineString", "coordinates": [ [ -69.6, -45.4059 ], [ -69.5911, -45.4018 ], [ -69.5626, -45.4121 ], [ -69.5201, -45.397 ], [ -69.5064, -45.4011 ], [ -69.5032, -45.4124 ] ] } },
{ "type": "Feature", "properties": { "nombre": "Camino sin nombre", "longitud_km": 17.46 }, "geometry": { "type": "LineString", "coordinates": [ [ -70.6166, -45.3061 ], [ -70.6543, -45.2989 ], [ -70.6604, -45.291 ], [ -70.6546, -45.2808 ], [ -70.6594, -45.2684 ], [ -70.7439, -45.2148 ], [ -70.7532, -45.2143 ], [ -70.7596, -45.2055 ] ] } },
{ "type": "Feature", "properties": { "nombre": "Camino sin nombre", "longitud_km": 1.58 }, "geometry": { "type": "LineString", "coordinates": [ [ -67.6639, -45.4677 ], [ -67.6437, -45.4679 ] ] } },
{ "type": "Feature", "properties": { "nombre": "Camino sin nombre", "longitud_km": 2.32 }, "geometry": { "type": "LineString", "coordinates": [ [ -67.6669, -45.4477 ], [ -67.6694, -45.457 ], [ -67.6639, -45.4677 ] ] } },
{ "type": "Feature", "properties": { "nombre": "Camino sin nombre", "longitud_km": 6.09 }, "geometry": { "type": "LineString", "coordinates": [ [ -70.0421, -45.3071 ], [ -70.0001, -45.3532 ] ] } },
{ "type": "Feature", "properties": { "nombre": "Camino sin nombre", "longitud_km": 7.47 }, "geometry": { "type": "LineString", "coordinates": [ [ -71.0652, -45.2423 ], [ -71.0812, -45.239 ], [ -71.0985, -45.2463 ], [ -71.1218, -45.2626 ], [ -71.1328, -45.2789 ] ] } },
{ "type": "Feature", "properties": { "nombre": "Camino sin nombre", "longitud_km": 10.47 }, "geometry": { "type": "LineString", "coordinates": [ [ -71.2181, -45.2143 ], [ -71.2042, -45.2236 ], [ -71.1984, -45.234 ], [ -71.1631, -45.2579 ], [ -71.1584, -45.2667 ], [ -71.1355, -45.2702 ], [ -71.1328, -45.2789 ] ] } },
{ "type": "Feature", "properties": { "nombre": "Camino sin nombre", "longitud_km": 4.7 }, "geometry": { "type": "LineString", "coordinates": [ [ -68.2549, -45.4299 ], [ -68.2088, -45.457 ] ] } },
{ "type": "Feature", "properties": { "nombre": "Camino sin nombre", "longitud_km": 2.12 }, "geometry": { "type": "LineString", "coordinates": [ [ -68.2029, -45.4549 ], [ -68.1867, -45.4396 ] ] } },
{ "type": "Feature", "properties": { "nombre": "Camino sin nombre", "longitud_km": 4.83 }, "geometry": { "type": "LineString", "coordinates": [ [ -68.2163, -45.4149 ], [ -68.2202, -45.4346 ], [ -68.2029, -45.4549 ] ] } },
{ "type": "Feature", "properties": { "nombre": "Camino sin nombre", "longitud_km": 0.52 }, "geometry": { "type": "LineString", "coordinates": [ [ -68.2029, -45.4549 ], [ -68.2088, -45.457 ] ] } },
{ "type": "Feature", "properties": { "nombre": "Camino sin nombre", "longitud_km": 10.12 }, "geometry": { "type": "LineString", "coordinates": [ [ -68.5463, -45.3858 ], [ -68.5224, -45.4151 ], [ -68.5613, -45.4444 ], [ -68.5858, -45.4448 ] ] } },
{ "type": "Feature", "properties": { "nombre": "Camino sin nombre", "longitud_km": 4.07 }, "geometry": { "type": "LineString", "coordinates": [ [ -68.5982, -45.4103 ], [ -68.5882, -45.4218 ], [ -68.5858, -45.4448 ] ] } },
{ "type": "Feature", "properties": { "nombre": "Camino sin nombre", "longitud_km": 6.66 }, "geometry": { "type": "LineString", "coordinates": [ [ -70.1787, -45.3582 ], [ -70.1833, -45.3558 ], [ -70.1845, -45.3467 ], [ -70.1788, -45.3412 ], [ -70.1817, -45.3366 ], [ -70.1546, -45.3076 ] ] } },
{ "type": "Feature", "properties": { "nombre": "Camino sin nombre", "longitud_km": 17.08 }, "geometry": { "type": "LineString", "coordinates": [ [ -67.7364, -45.4883 ], [ -67.7478, -45.4812 ], [ -67.7533, -45.4627 ], [ -67.7612, -45.4537 ], [ -67.7849, -45.4503 ], [ -67.7939, -45.4413 ], [ -67.7915, -45.4333 ], [ -67.7647, -45.4115 ], [ -67.769, -45.3773 ], [ -67.7777, -45.3713 ], [ -67.7856, -45.3724 ] ] } },
{ "type": "Feature", "properties": { "nombre": "Camino sin nombre", "longitud_km": 6.28 }, "geometry": { "type": "LineString", "coordinates": [ [ -67.6639, -45.4677 ], [ -67.6817, -45.4704 ], [ -67.7167, -45.487 ], [ -67.7364, -45.4883 ] ] } },
{ "type": "Feature", "properties": { "nombre": "Camino sin nombre", "longitud_km": 5.88 }, "geometry": { "type": "LineString", "coordinates": [ [ -67.7364, -45.4883 ], [ -67.7571, -45.4942 ], [ -67.8098, -45.4913 ] ] } },
{ "type": "Feature", "properties": { "nombre": "Camino sin nombre", "longitud_km": 0.78 }, "geometry": { "type": "LineString", "coordinates": [ [ -68.5806, -45.5419 ], [ -68.59, -45.5444 ] ] } },
{ "type": "Feature", "properties": { "nombre": "Camino sin nombre", "longitud_km": 7.83 }, "geometry": { "type": "LineString", "coordinates": [ [ -70.879, -45.3237 ], [ -70.8571, -45.3032 ], [ -70.8271, -45.2638 ] ] } },
{ "type": "Feature", "properties": { "nombre": "Camino sin nombre", "longitud_km": 6.88 }, "geometry": { "type": "LineString", "coordinates": [ [ -69.628, -45.3577 ], [ -69.6102, -45.3637 ], [ -69.5917, -45.3798 ], [ -69.6008, -45.3971 ], [ -69.6, -45.4059 ] ] } },
{ "type": "Feature", "properties": { "nombre": "Camino sin nombre", "longitud_km": 7.09 }, "geometry": { "type": "LineString", "coordinates": [ [ -69.6, -45.4059 ], [ -69.6077, -45.4092 ], [ -69.6231, -45.4058 ], [ -69.6196, -45.3936 ], [ -69.6345, -45.3714 ], [ -69.629, -45.3631 ] ] } },
{ "type": "Feature", "properties": { "nombre": "Camino sin nombre", "longitud_km": 8.07 }, "geometry": { "type": "LineString", "coordinates": [ [ -69.1501, -45.6537 ], [ -69.1485, -45.7262 ] ] } },
{ "type": "Feature", "properties": { "nombre": "Camino sin nombre", "longitud_km": 8.72 }, "geometry": { "type": "LineString", "coordinates": [ [ -71.3111, -45.2306 ], [ -71.2985, -45.2546 ], [ -71.3018, -45.2775 ], [ -71.2913, -45.2941 ], [ -71.2914, -45.3058 ] ] } },
{ "type": "Feature", "properties": { "nombre": "Camino sin nombre", "longitud_km": 2.79 }, "geometry": { "type": "LineString", "coordinates": [ [ -70.2716, -45.3787 ], [ -70.2519, -45.3578 ] ] } },
{ "type": "Feature", "properties": { "nombre": "Camino sin nombre", "longitud_km": 7.92 }, "geometry": { "type": "LineString", "coordinates": [ [ -68.0833, -45.4605 ], [ -68.1161, -45.4707 ], [ -68.1643, -45.5019 ] ] } },
{ "type": "Feature", "properties": { "nombre": "Camino sin nombre", "longitud_km": 6.29 }, "geometry": { "type": "LineString", "coordinates": [ [ -68.2088, -45.457 ], [ -68.2071, -45.4687 ], [ -68.1643, -45.5019 ] ] } },
{ "type": "Feature", "properties": { "nombre": "Camino sin nombre", "longitud_km": 10.83 }, "geometry": { "type": "LineString", "coordinates": [ [ -67.8887, -45.4276 ], [ -67.8905, -45.4397 ], [ -67.8704, -45.4706 ], [ -67.9022, -45.5168 ] ] } },
{ "type": "Feature", "properties": { "nombre": "Camino sin nombre", "longitud_km": 13.03 }, "geometry": { "type": "LineString", "coordinates": [ [ -68.3666, -45.4792 ], [ -68.3883, -45.4859 ], [ -68.4616, -45.4922 ], [ -68.5306, -45.4901 ] ] } },
{ "type": "Feature", "properties": { "nombre": "Camino sin nombre", "longitud_km": 10.27 }, "geometry": { "type": "LineString", "coordinates": [ [ -68.467, -45.4112 ], [ -68.4871, -45.4339 ], [ -68.5051, -45.4455 ], [ -68.5296, -45.4819 ], [ -68.5306, -45.4901 ] ] } },
{ "type": "Feature", "properties": { "nombre": "Camino sin nombre", "longitud_km": 20.2 }, "geometry": { "type": "LineString", "coordinates": [ [ -70.8592, -45.3537 ], [ -70.7959, -45.3514 ], [ -70.6814, -45.3318 ], [ -70.6619, -45.3189 ], [ -70.6289, -45.3132 ], [ -70.6166, -45.3061 ] ] } },
{ "type": "Feature", "properties": { "nombre": "Camino sin nombre", "longitud_km": 5.01 }, "geometry": { "type": "LineString", "coordinates": [ [ -68.5858, -45.4448 ], [ -68.5945, -45.4894 ] ] } },
{ "type": "Feature", "properties": { "nombre": "Camino sin nombre", "longitud_km": 1.47 }, "geometry": { "type": "LineString", "coordinates": [ [ -68.6132, -45.4905 ], [ -68.5945, -45.4894 ] ] } },
{ "type": "Feature", "properties": { "nombre": "Camino sin nombre", "longitud_km": 5.3 }, "geometry": { "type": "LineString", "coordinates": [ [ -71.1227, -45.3125 ], [ -71.1183, -45.3203 ], [ -71.0891, -45.3297 ], [ -71.0751, -45.343 ] ] } },
{ "type": "Feature", "properties": { "nombre": "Camino sin nombre", "longitud_km": 4.58 }, "geometry": { "type": "LineString", "coordinates": [ [ -71.1608, -45.3408 ], [ -71.1485, -45.3245 ], [ -71.1362, -45.3225 ], [ -71.1227, -45.3125 ] ] } },
{ "type": "Feature", "properties": { "nombre": "Camino sin nombre", "longitud_km": 15.64 }, "geometry": { "type": "LineString", "coordinates": [ [ -71.0751, -45.343 ], [ -71.0302, -45.3527 ], [ -70.9428, -45.3468 ], [ -70.8781, -45.3503 ] ] } },
{ "type": "Feature", "properties": { "nombre": "Camino sin nombre", "longitud_km": 1.31 }, "geometry": { "type": "LineString", "coordinates": [ [ -69.0382, -45.5668 ], [ -69.0382, -45.5786 ] ] } },
{ "type": "Feature", "properties": { "nombre": "Camino sin nombre", "longitud_km": 12.7 }, "geometry": { "type": "LineString", "coordinates": [ [ -71.1608, -45.3408 ], [ -71.1898, -45.342 ], [ -71.1932, -45.3198 ], [ -71.2163, -45.312 ], [ -71.2914, -45.3058 ] ] } },
{ "type": "Feature", "properties": { "nombre": "Camino sin nombre", "longitud_km": 2.47 }, "geometry": { "type": "LineString", "coordinates": [ [ -67.905, -45.5359 ], [ -67.8956, -45.5231 ], [ -67.9022, -45.5168 ] ] } },
{ "type": "Feature", "properties": { "nombre": "Camino sin nombre", "longitud_km": 1.55 }, "geometry": { "type": "LineString", "coordinates": [ [ -70.8266, -45.5102 ], [ -70.8463, -45.5121 ] ] } },
{ "type": "Feature", "properties": { "nombre": "Camino sin nombre", "longitud_km": 21.5 }, "geometry": { "type": "LineString", "coordinates": [ [ -67.9022, -45.5168 ], [ -67.9498, -45.5193 ], [ -67.9737, -45.5367 ], [ -67.9826, -45.5235 ], [ -67.9808, -45.5179 ], [ -67.9589, -45.5029 ], [ -67.9844, -45.4662 ], [ -67.9535, -45.4282 ], [ -67.9513, -45.4192 ] ] } },
{ "type": "Feature", "properties": { "nombre": "Camino sin nombre", "longitud_km": 6.97 }, "geometry": { "type": "LineString", "coordinates": [ [ -69.6279, -45.4587 ], [ -69.6011, -45.4418 ], [ -69.5962, -45.4308 ], [ -69.6027, -45.4166 ], [ -69.6, -45.4059 ] ] } },
{ "type": "Feature", "properties": { "nombre": "Camino sin nombre", "longitud_km": 4.89 }, "geometry": { "type": "LineString", "coordinates": [ [ -70.29, -45.4194 ], [ -70.2889, -45.3992 ], [ -70.2716, -45.3787 ] ] } },
{ "type": "Feature", "properties": { "nombre": "Camino sin nombre", "longitud_km": 0.24 }, "geometry": { "type": "LineString", "coordinates": [ [ -70.2912, -45.4214 ], [ -70.29, -45.4194 ] ] } },
{ "type": "Feature", "properties": { "nombre": "Camino sin nombre", "longitud_km": 12.67 }, "geometry": { "type": "LineString", "coordinates": [ [ -69.7282, -45.4611 ], [ -69.7821, -45.4422 ], [ -69.8113, -45.4406 ], [ -69.8412, -45.4198 ], [ -69.8689, -45.411 ] ] } },
{ "type": "Feature", "properties": { "nombre": "Camino sin nombre", "longitud_km": 2.55 }, "geometry": { "type": "LineString", "coordinates": [ [ -70.2009, -45.4399 ], [ -70.2172, -45.4597 ] ] } },
{ "type": "Feature", "properties": { "nombre": "Camino sin nombre", "longitud_km": 6.66 }, "geometry": { "type": "LineString", "coordinates": [ [ -68.376, -45.5345 ], [ -68.361, -45.5296 ], [ -68.3607, -45.5168 ], [ -68.3104, -45.5134 ] ] } },
{ "type": "Feature", "properties": { "nombre": "Camino sin nombre", "longitud_km": 5.56 }, "geometry": { "type": "LineString", "coordinates": [ [ -68.5306, -45.4901 ], [ -68.5274, -45.4955 ], [ -68.5309, -45.5027 ], [ -68.568, -45.5283 ] ] } },
{ "type": "Feature", "properties": { "nombre": "Camino sin nombre", "longitud_km": 5.17 }, "geometry": { "type": "LineString", "coordinates": [ [ -68.5945, -45.4894 ], [ -68.5719, -45.5024 ], [ -68.568, -45.5283 ] ] } },
{ "type": "Feature", "properties": { "nombre": "Camino sin nombre", "longitud_km": 7.93 }, "geometry": { "type": "LineString", "coordinates": [ [ -68.1643, -45.5019 ], [ -68.2309, -45.529 ], [ -68.2363, -45.5458 ] ] } },
{ "type": "Feature", "properties": { "nombre": "Camino sin nombre", "longitud_km": 17.3 }, "geometry": { "type": "LineString", "coordinates": [ [ -71.2914, -45.3058 ], [ -71.291, -45.3439 ], [ -71.2523, -45.3538 ], [ -71.2369, -45.3692 ], [ -71.2141, -45.3715 ], [ -71.1987, -45.3665 ], [ -71.1872, -45.3556 ], [ -71.1624, -45.3504 ], [ -71.1608, -45.3408 ] ] } },
{ "type": "Feature", "properties": { "nombre": "Camino sin nombre", "longitud_km": 7.46 }, "geometry": { "type": "LineString", "coordinates": [ [ -67.81, -45.6165 ], [ -67.8255, -45.6108 ], [ -67.8768, -45.5694 ] ] } },
{ "type": "Feature", "properties": { "nombre": "Camino sin nombre", "longitud_km": 15.53 }, "geometry": { "type": "LineString", "coordinates": [ [ -70.7324, -45.4589 ], [ -70.7983, -45.4009 ], [ -70.8438, -45.3761 ], [ -70.8592, -45.3537 ] ] } },
{ "type": "Feature", "properties": { "nombre": "Camino sin nombre", "longitud_km": 1.71 }, "geometry": { "type": "LineString", "coordinates": [ [ -69.102, -45.5753 ], [ -69.1019, -45.5907 ] ] } },
{ "type": "Feature", "properties": { "nombre": "Camino sin nombre", "longitud_km": 42.92 }, "geometry": { "type": "LineString", "coordinates": [ [ -69.3026, -45.2359 ], [ -69.3144, -45.2441 ], [ -69.336, -45.2492 ], [ -69.345, -45.2575 ], [ -69.3627, -45.2579 ], [ -69.3708, -45.2627 ], [ -69.3705, -45.2666 ], [ -69.3575, -45.2702 ], [ -69.3624, -45.2839 ], [ -69.3577, -45.288 ], [ -69.3675, -45.2946 ], [ -69.3795, -45.2933 ], [ -69.3867, -45.2982 ], [ -69.3868, -45.3122 ], [ -69.3819, -45.3271 ], [ -69.3651, -45.3378 ], [ -69.3409, -45.336 ], [ -69.31, -45.342 ], [ -69.3167, -45.35 ], [ -69.3162, -45.3753 ], [ -69.3113, -45.3833 ], [ -69.2971, -45.3864 ], [ -69.2835, -45.3986 ], [ -69.2825, -45.4182 ], [ -69.2607, -45.4327 ], [ -69.2675, -45.4399 ], [ -69.2568, -45.4474 ], [ -69.2603, -45.4553 ], [ -69.2547, -45.4707 ], [ -69.2612, -45.4747 ], [ -69.2675, -45.4993 ] ] } },
{ "type": "Feature", "properties": { "nombre": "Camino sin nombre", "longitud_km": 5.34 }, "geometry": { "type": "LineString", "coordinates": [ [ -68.0648, -45.6708 ], [ -68.0388, -45.6374 ], [ -68.0283, -45.6306 ] ] } },
{ "type": "Feature", "properties": { "nombre": "Camino sin nombre", "longitud_km": 16.11 }, "geometry": { "type": "LineString", "coordinates": [ [ -70.5123, -45.4245 ], [ -70.5257, -45.4025 ], [ -70.5841, -45.3421 ], [ -70.6081, -45.3351 ], [ -70.6166, -45.3061 ] ] } },
{ "type": "Feature", "properties": { "nombre": "Camino sin nombre", "longitud_km": 4.4 }, "geometry": { "type": "LineString", "coordinates": [ [ -67.8768, -45.5694 ], [ -67.8797, -45.5598 ], [ -67.905, -45.5359 ] ] } },
{ "type": "Feature", "properties": { "nombre": "Camino sin nombre", "longitud_km": 5.73 }, "geometry": { "type": "LineString", "coordinates": [ [ -70.4397, -45.4313 ], [ -70.5123, -45.4245 ] ] } },
{ "type": "Feature", "properties": { "nombre": "Camino sin nombre", "longitud_km": 1.81 }, "geometry": { "type": "LineString", "coordinates": [ [ -68.568, -45.5283 ], [ -68.5806, -45.5419 ] ] } },
{ "type": "Feature", "properties": { "nombre": "Camino sin nombre", "longitud_km": 5.49 }, "geometry": { "type": "LineString", "coordinates": [ [ -69.5283, -45.5107 ], [ -69.5274, -45.5006 ], [ -69.5389, -45.4934 ], [ -69.5518, -45.4664 ] ] } },
{ "type": "Feature", "properties": { "nombre": "Camino sin nombre", "longitud_km": 3.75 }, "geometry": { "type": "LineString", "coordinates": [ [ -70.8805, -45.4285 ], [ -70.8338, -45.421 ] ] } },
{ "type": "Feature", "properties": { "nombre": "Camino sin nombre", "longitud_km": 3.3 }, "geometry": { "type": "LineString", "coordinates": [ [ -70.2598, -45.4715 ], [ -70.2196, -45.4626 ] ] } },
{ "type": "Feature", "properties": { "nombre": "Camino sin nombre", "longitud_km": 10.48 }, "geometry": { "type": "LineString", "coordinates": [ [ -69.5283, -45.5107 ], [ -69.5434, -45.5174 ], [ -69.5537, -45.5166 ], [ -69.5806, -45.5036 ], [ -69.5865, -45.4928 ], [ -69.6032, -45.4887 ], [ -69.6129, -45.4752 ], [ -69.6099, -45.463 ] ] } },
{ "type": "Feature", "properties": { "nombre": "Camino sin nombre", "longitud_km": 0.55 }, "geometry": { "type": "LineString", "coordinates": [ [ -67.6466, -45.6164 ], [ -67.6533, -45.6181 ] ] } },
{ "type": "Feature", "properties": { "nombre": "Camino sin nombre", "longitud_km": 5.09 }, "geometry": { "type": "LineString", "coordinates": [ [ -67.8148, -45.5708 ], [ -67.81, -45.6165 ] ] } },
{ "type": "Feature", "properties": { "nombre": "Camino sin nombre", "longitud_km": 14.28 }, "geometry": { "type": "LineString", "coordinates": [ [ -71.0564, -45.4377 ], [ -71.026, -45.439 ], [ -70.8837, -45.4014 ] ] } },
{ "type": "Feature", "properties": { "nombre": "Camino sin nombre", "longitud_km": 11.43 }, "geometry": { "type": "LineString", "coordinates": [ [ -71.0751, -45.343 ], [ -71.0858, -45.3639 ], [ -71.0849, -45.3848 ], [ -71.0776, -45.3926 ], [ -71.0794, -45.4041 ], [ -71.0652, -45.4132 ], [ -71.0564, -45.4377 ] ] } },
{ "type": "Feature", "properties": { "nombre": "Camino sin nombre", "longitud_km": 6.6 }, "geometry": { "type": "LineString", "coordinates": [ [ -69.8383, -45.5202 ], [ -69.8525, -45.4982 ], [ -69.8637, -45.4639 ] ] } },
{ "type": "Feature", "properties": { "nombre": "Camino sin nombre", "longitud_km": 3.9 }, "geometry": { "type": "LineString", "coordinates": [ [ -70.1058, -45.5081 ], [ -70.056, -45.5085 ] ] } },
{ "type": "Feature", "properties": { "nombre": "Camino sin nombre", "longitud_km": 6.46 }, "geometry": { "type": "LineString", "coordinates": [ [ -67.7305, -45.6326 ], [ -67.81, -45.6165 ] ] } },
{ "type": "Feature", "properties": { "nombre": "Camino sin nombre", "longitud_km": 0.31 }, "geometry": { "type": "LineString", "coordinates": [ [ -67.7267, -45.6333 ], [ -67.7305, -45.6326 ] ] } },
{ "type": "Feature", "properties": { "nombre": "Camino sin nombre", "longitud_km": 11.29 }, "geometry": { "type": "LineString", "coordinates": [ [ -68.2386, -45.5495 ], [ -68.2525, -45.5622 ], [ -68.2786, -45.5735 ], [ -68.3124, -45.5775 ], [ -68.3104, -45.5883 ], [ -68.3042, -45.5938 ], [ -68.3239, -45.611 ] ] } },
{ "type": "Feature", "properties": { "nombre": "Camino sin nombre", "longitud_km": 8.37 }, "geometry": { "type": "LineString", "coordinates": [ [ -69.102, -45.5753 ], [ -69.1266, -45.5634 ], [ -69.1284, -45.5472 ], [ -69.1473, -45.5659 ], [ -69.1656, -45.5737 ] ] } },
{ "type": "Feature", "properties": { "nombre": "Camino sin nombre", "longitud_km": 0.85 }, "geometry": { "type": "LineString", "coordinates": [ [ -69.017, -45.5743 ], [ -69.0111, -45.5807 ] ] } },
{ "type": "Feature", "properties": { "nombre": "Camino sin nombre", "longitud_km": 2.13 }, "geometry": { "type": "LineString", "coordinates": [ [ -69.0382, -45.5786 ], [ -69.0111, -45.5807 ] ] } },
{ "type": "Feature", "properties": { "nombre": "Camino sin nombre", "longitud_km": 1.82 }, "geometry": { "type": "LineString", "coordinates": [ [ -70.8923, -45.6535 ], [ -70.8884, -45.6523 ], [ -70.8885, -45.6389 ] ] } },
{ "type": "Feature", "properties": { "nombre": "Camino sin nombre", "longitud_km": 15.25 }, "geometry": { "type": "LineString", "coordinates": [ [ -68.0283, -45.6306 ], [ -68.0167, -45.6042 ], [ -67.9885, -45.5813 ], [ -67.9812, -45.5671 ], [ -67.929, -45.5553 ], [ -67.905, -45.5359 ] ] } },
{ "type": "Feature", "properties": { "nombre": "Camino sin nombre", "longitud_km": 0.37 }, "geometry": { "type": "LineString", "coordinates": [ [ -69.0382, -45.5786 ], [ -69.0382, -45.5819 ] ] } },
{ "type": "Feature", "properties": { "nombre": "Camino sin nombre", "longitud_km": 0.96 }, "geometry": { "type": "LineString", "coordinates": [ [ -69.0504, -45.5819 ], [ -69.0382, -45.5819 ] ] } },
{ "type": "Feature", "properties": { "nombre": "Camino sin nombre", "longitud_km": 1.04 }, "geometry": { "type": "LineString", "coordinates": [ [ -69.0637, -45.5818 ], [ -69.0504, -45.5819 ] ] } },
{ "type": "Feature", "properties": { "nombre": "Camino sin nombre", "longitud_km": 2.05 }, "geometry": { "type": "LineString", "coordinates": [ [ -69.0776, -45.5821 ], [ -69.102, -45.5753 ] ] } },
{ "type": "Feature", "properties": { "nombre": "Camino sin nombre", "longitud_km": 17.74 }, "geometry": { "type": "LineString", "coordinates": [ [ -70.188, -45.5193 ], [ -70.1663, -45.4936 ], [ -70.1325, -45.4372 ], [ -70.0351, -45.438 ] ] } },
{ "type": "Feature", "properties": { "nombre": "Camino sin nombre", "longitud_km": 6.77 }, "geometry": { "type": "LineString", "coordinates": [ [ -70.2196, -45.4626 ], [ -70.188, -45.5193 ] ] } },
{ "type": "Feature", "properties": { "nombre": "Camino sin nombre", "longitud_km": 0.82 }, "geometry": { "type": "LineString", "coordinates": [ [ -69.0111, -45.5807 ], [ -69.0134, -45.5879 ] ] } },
{ "type": "Feature", "properties": { "nombre": "Camino sin nombre", "longitud_km": 5.26 }, "geometry": { "type": "LineString", "coordinates": [ [ -68.0943, -45.6332 ], [ -68.0805, -45.6287 ], [ -68.0283, -45.6306 ] ] } },
{ "type": "Feature", "properties": { "nombre": "Camino sin nombre", "longitud_km": 5.47 }, "geometry": { "type": "LineString", "coordinates": [ [ -71.1084, -45.4591 ], [ -71.0903, -45.4372 ], [ -71.0564, -45.4377 ] ] } },
{ "type": "Feature", "properties": { "nombre": "Camino sin nombre", "longitud_km": 4.06 }, "geometry": { "type": "LineString", "coordinates": [ [ -70.701, -45.4875 ], [ -70.7259, -45.4689 ], [ -70.7324, -45.4589 ] ] } },
{ "type": "Feature", "properties": { "nombre": "Camino sin nombre", "longitud_km": 13.96 }, "geometry": { "type": "LineString", "coordinates": [ [ -70.8783, -45.4379 ], [ -70.8328, -45.4479 ], [ -70.8163, -45.4589 ], [ -70.7894, -45.4634 ], [ -70.7714, -45.4742 ], [ -70.7174, -45.4866 ] ] } },
{ "type": "Feature", "properties": { "nombre": "Camino sin nombre", "longitud_km": 4.13 }, "geometry": { "type": "LineString", "coordinates": [ [ -70.3886, -45.5059 ], [ -70.4415, -45.5057 ] ] } },
{ "type": "Feature", "properties": { "nombre": "Camino sin nombre", "longitud_km": 7.24 }, "geometry": { "type": "LineString", "coordinates": [ [ -70.4415, -45.5057 ], [ -70.4391, -45.4406 ] ] } },
{ "type": "Feature", "properties": { "nombre": "Camino sin nombre", "longitud_km": 1.29 }, "geometry": { "type": "LineString", "coordinates": [ [ -70.7174, -45.4866 ], [ -70.701, -45.4875 ] ] } },
{ "type": "Feature", "properties": { "nombre": "Camino sin nombre", "longitud_km": 0.96 }, "geometry": { "type": "LineString", "coordinates": [ [ -69.0135, -45.5914 ], [ -69.0011, -45.5912 ] ] } },
{ "type": "Feature", "properties": { "nombre": "Camino sin nombre", "longitud_km": 0.39 }, "geometry": { "type": "LineString", "coordinates": [ [ -69.0134, -45.5879 ], [ -69.0135, -45.5914 ] ] } },
{ "type": "Feature", "properties": { "nombre": "Camino sin nombre", "longitud_km": 0.63 }, "geometry": { "type": "LineString", "coordinates": [ [ -69.0215, -45.5913 ], [ -69.0135, -45.5914 ] ] } },
{ "type": "Feature", "properties": { "nombre": "Camino sin nombre", "longitud_km": 1.0 }, "geometry": { "type": "LineString", "coordinates": [ [ -69.0215, -45.5913 ], [ -69.0214, -45.5879 ], [ -69.0134, -45.5879 ] ] } },
{ "type": "Feature", "properties": { "nombre": "Camino sin nombre", "longitud_km": 1.3 }, "geometry": { "type": "LineString", "coordinates": [ [ -69.0381, -45.5908 ], [ -69.0215, -45.5913 ] ] } },
{ "type": "Feature", "properties": { "nombre": "Camino sin nombre", "longitud_km": 0.98 }, "geometry": { "type": "LineString", "coordinates": [ [ -69.0382, -45.5819 ], [ -69.0381, -45.5908 ] ] } },
{ "type": "Feature", "properties": { "nombre": "Camino sin nombre", "longitud_km": 0.97 }, "geometry": { "type": "LineString", "coordinates": [ [ -69.0505, -45.5908 ], [ -69.0381, -45.5908 ] ] } },
{ "type": "Feature", "properties": { "nombre": "Camino sin nombre", "longitud_km": 0.99 }, "geometry": { "type": "LineString", "coordinates": [ [ -69.0504, -45.5819 ], [ -69.0505, -45.5908 ] ] } },
{ "type": "Feature", "properties": { "nombre": "Camino sin nombre", "longitud_km": 0.25 }, "geometry": { "type": "LineString", "coordinates": [ [ -69.0538, -45.5908 ], [ -69.0505, -45.5908 ] ] } },
{ "type": "Feature", "properties": { "nombre": "Camino sin nombre", "longitud_km": 4.66 }, "geometry": { "type": "LineString", "coordinates": [ [ -70.4415, -45.5057 ], [ -70.5012, -45.5052 ] ] } },
{ "type": "Feature", "properties": { "nombre": "Camino sin nombre", "longitud_km": 0.75 }, "geometry": { "type": "LineString", "coordinates": [ [ -70.7174, -45.4866 ], [ -70.7109, -45.4916 ] ] } },
{ "type": "Feature", "properties": { "nombre": "Camino sin nombre", "longitud_km": 6.76 }, "geometry": { "type": "LineString", "coordinates": [ [ -68.9112, -45.627 ], [ -68.9279, -45.6191 ], [ -68.9771, -45.6151 ], [ -68.9881, -45.6244 ] ] } },
{ "type": "Feature", "properties": { "nombre": "Camino sin nombre", "longitud_km": 11.2 }, "geometry": { "type": "LineString", "coordinates": [ [ -67.8557, -45.6808 ], [ -67.7971, -45.6645 ], [ -67.7305, -45.6326 ] ] } },
{ "type": "Feature", "properties": { "nombre": "Camino sin nombre", "longitud_km": 17.03 }, "geometry": { "type": "LineString", "coordinates": [ [ -70.5123, -45.4245 ], [ -70.6258, -45.4651 ], [ -70.6873, -45.494 ], [ -70.701, -45.4875 ] ] } },
{ "type": "Feature", "properties": { "nombre": "Camino sin nombre", "longitud_km": 2.0 }, "geometry": { "type": "LineString", "coordinates": [ [ -69.1019, -45.5907 ], [ -69.0762, -45.5907 ] ] } },
{ "type": "Feature", "properties": { "nombre": "Camino sin nombre", "longitud_km": 12.24 }, "geometry": { "type": "LineString", "coordinates": [ [ -68.2243, -45.5495 ], [ -68.2425, -45.573 ], [ -68.2643, -45.5908 ], [ -68.2553, -45.6022 ], [ -68.2172, -45.6249 ], [ -68.2138, -45.6365 ] ] } },
{ "type": "Feature", "properties": { "nombre": "Camino sin nombre", "longitud_km": 2.2 }, "geometry": { "type": "LineString", "coordinates": [ [ -70.7109, -45.4916 ], [ -70.6848, -45.499 ] ] } },
{ "type": "Feature", "properties": { "nombre": "Camino sin nombre", "longitud_km": 13.66 }, "geometry": { "type": "LineString", "coordinates": [ [ -68.5806, -45.5419 ], [ -68.5229, -45.5764 ], [ -68.5119, -45.6052 ], [ -68.5209, -45.6231 ], [ -68.4918, -45.6273 ] ] } },
{ "type": "Feature", "properties": { "nombre": "Camino sin nombre", "longitud_km": 0.66 }, "geometry": { "type": "LineString", "coordinates": [ [ -69.1019, -45.5907 ], [ -69.1021, -45.5967 ] ] } },
{ "type": "Feature", "properties": { "nombre": "Camino sin nombre", "longitud_km": 1.05 }, "geometry": { "type": "LineString", "coordinates": [ [ -69.0381, -45.5908 ], [ -69.0381, -45.6002 ] ] } },
{ "type": "Feature", "properties": { "nombre": "Camino sin nombre", "longitud_km": 0.99 }, "geometry": { "type": "LineString", "coordinates": [ [ -69.0012, -45.6001 ], [ -68.9904, -45.6048 ] ] } },
{ "type": "Feature", "properties": { "nombre": "Camino sin nombre", "longitud_km": 7.01 }, "geometry": { "type": "LineString", "coordinates": [ [ -68.4918, -45.6273 ], [ -68.4376, -45.625 ], [ -68.4065, -45.6372 ] ] } },
{ "type": "Feature", "properties": { "nombre": "Camino sin nombre", "longitud_km": 2.95 }, "geometry": { "type": "LineString", "coordinates": [ [ -69.0256, -45.6144 ], [ -68.9904, -45.6048 ] ] } },
{ "type": "Feature", "properties": { "nombre": "Camino sin nombre", "longitud_km": 2.94 }, "geometry": { "type": "LineString", "coordinates": [ [ -69.242, -45.5956 ], [ -69.2166, -45.5953 ], [ -69.2127, -45.6035 ] ] } },
{ "type": "Feature", "properties": { "nombre": "Camino sin nombre", "longitud_km": 0.89 }, "geometry": { "type": "LineString", "coordinates": [ [ -68.5658, -45.6323 ], [ -68.5611, -45.6396 ] ] } },
{ "type": "Feature", "properties": { "nombre": "Camino sin nombre", "longitud_km": 13.43 }, "geometry": { "type": "LineString", "coordinates": [ [ -69.9976, -45.5618 ], [ -69.9305, -45.5538 ], [ -69.8383, -45.5202 ] ] } },
{ "type": "Feature", "properties": { "nombre": "Camino sin nombre", "longitud_km": 0.91 }, "geometry": { "type": "LineString", "coordinates": [ [ -68.0627, -45.6779 ], [ -68.0726, -45.6822 ] ] } },
{ "type": "Feature", "properties": { "nombre": "Camino sin nombre", "longitud_km": 8.74 }, "geometry": { "type": "LineString", "coordinates": [ [ -70.0552, -45.4956 ], [ -70.0431, -45.5141 ], [ -70.0298, -45.523 ], [ -70.0263, -45.5324 ], [ -69.9976, -45.5618 ] ] } },
{ "type": "Feature", "properties": { "nombre": "Camino sin nombre", "longitud_km": 15.07 }, "geometry": { "type": "LineString", "coordinates": [ [ -70.3635, -45.5377 ], [ -70.3525, -45.541 ], [ -70.3494, -45.5364 ], [ -70.2912, -45.4214 ] ] } },
{ "type": "Feature", "properties": { "nombre": "Camino sin nombre", "longitud_km": 6.16 }, "geometry": { "type": "LineString", "coordinates": [ [ -68.4918, -45.6273 ], [ -68.503, -45.6373 ], [ -68.5221, -45.644 ], [ -68.5611, -45.6396 ] ] } },
{ "type": "Feature", "properties": { "nombre": "Camino sin nombre", "longitud_km": 9.5 }, "geometry": { "type": "LineString", "coordinates": [ [ -70.7109, -45.4916 ], [ -70.7247, -45.4994 ], [ -70.7515, -45.5039 ], [ -70.7852, -45.5032 ], [ -70.8266, -45.5102 ] ] } },
{ "type": "Feature", "properties": { "nombre": "Camino sin nombre", "longitud_km": 1.8 }, "geometry": { "type": "LineString", "coordinates": [ [ -70.8266, -45.5102 ], [ -70.8308, -45.4942 ] ] } },
{ "type": "Feature", "properties": { "nombre": "Camino sin nombre", "longitud_km": 2.95 }, "geometry": { "type": "LineString", "coordinates": [ [ -69.063, -45.6179 ], [ -69.0256, -45.6144 ] ] } },
{ "type": "Feature", "properties": { "nombre": "Camino sin nombre", "longitud_km": 1.97 }, "geometry": { "type": "LineString", "coordinates": [ [ -69.0633, -45.6002 ], [ -69.063, -45.6179 ] ] } },
{ "type": "Feature", "properties": { "nombre": "Camino sin nombre", "longitud_km": 0.99 }, "geometry": { "type": "LineString", "coordinates": [ [ -69.063, -45.6179 ], [ -69.0757, -45.6179 ] ] } },
{ "type": "Feature", "properties": { "nombre": "Camino sin nombre", "longitud_km": 1.02 }, "geometry": { "type": "LineString", "coordinates": [ [ -69.0888, -45.618 ], [ -69.0757, -45.6179 ] ] } },
{ "type": "Feature", "properties": { "nombre": "Camino sin nombre", "longitud_km": 2.17 }, "geometry": { "type": "LineString", "coordinates": [ [ -69.0892, -45.5985 ], [ -69.0888, -45.618 ] ] } },
{ "type": "Feature", "properties": { "nombre": "Camino sin nombre", "longitud_km": 12.74 }, "geometry": { "type": "LineString", "coordinates": [ [ -67.88, -45.6826 ], [ -67.8884, -45.6113 ], [ -67.8854, -45.5842 ], [ -67.8768, -45.5694 ] ] } },
{ "type": "Feature", "properties": { "nombre": "Camino sin nombre", "longitud_km": 7.15 }, "geometry": { "type": "LineString", "coordinates": [ [ -68.9881, -45.6244 ], [ -69.0185, -45.6381 ], [ -69.0739, -45.6361 ] ] } },
{ "type": "Feature", "properties": { "nombre": "Camino sin nombre", "longitud_km": 12.92 }, "geometry": { "type": "LineString", "coordinates": [ [ -70.16, -45.5605 ], [ -70.0448, -45.5716 ], [ -69.9976, -45.5618 ] ] } },
{ "type": "Feature", "properties": { "nombre": "Camino sin nombre", "longitud_km": 3.15 }, "geometry": { "type": "LineString", "coordinates": [ [ -69.1206, -45.6405 ], [ -69.1211, -45.6465 ], [ -69.1352, -45.6531 ], [ -69.1501, -45.6537 ] ] } },
{ "type": "Feature", "properties": { "nombre": "Camino sin nombre", "longitud_km": 13.12 }, "geometry": { "type": "LineString", "coordinates": [ [ -70.6848, -45.499 ], [ -70.6418, -45.5025 ], [ -70.6011, -45.5222 ], [ -70.5306, -45.5405 ] ] } },
{ "type": "Feature", "properties": { "nombre": "Camino sin nombre", "longitud_km": 8.19 }, "geometry": { "type": "LineString", "coordinates": [ [ -71.1353, -45.4991 ], [ -71.1645, -45.4889 ], [ -71.1583, -45.4808 ], [ -71.1341, -45.4737 ], [ -71.1084, -45.4591 ] ] } },
{ "type": "Feature", "properties": { "nombre": "Camino sin nombre", "longitud_km": 8.99 }, "geometry": { "type": "LineString", "coordinates": [ [ -68.0283, -45.6306 ], [ -67.9945, -45.6412 ], [ -67.9611, -45.6735 ], [ -67.9443, -45.6828 ] ] } },
{ "type": "Feature", "properties": { "nombre": "Camino sin nombre", "longitud_km": 4.63 }, "geometry": { "type": "LineString", "coordinates": [ [ -69.0754, -45.6294 ], [ -69.0359, -45.6261 ], [ -69.0256, -45.6144 ] ] } },
{ "type": "Feature", "properties": { "nombre": "Camino sin nombre", "longitud_km": 13.58 }, "geometry": { "type": "LineString", "coordinates": [ [ -68.2138, -45.6365 ], [ -68.1996, -45.6389 ], [ -68.2003, -45.6545 ], [ -68.1723, -45.6708 ], [ -68.0726, -45.6822 ] ] } },
{ "type": "Feature", "properties": { "nombre": "Camino sin nombre", "longitud_km": 1.51 }, "geometry": { "type": "LineString", "coordinates": [ [ -71.1193, -45.5066 ], [ -71.1353, -45.4991 ] ] } },
{ "type": "Feature", "properties": { "nombre": "Camino sin nombre", "longitud_km": 3.3 }, "geometry": { "type": "LineString", "coordinates": [ [ -69.2127, -45.6035 ], [ -69.1895, -45.6284 ] ] } },
{ "type": "Feature", "properties": { "nombre": "Camino sin nombre", "longitud_km": 2.51 }, "geometry": { "type": "LineString", "coordinates": [ [ -70.5306, -45.5405 ], [ -70.5012, -45.5497 ] ] } },
{ "type": "Feature", "properties": { "nombre": "Camino sin nombre", "longitud_km": 2.06 }, "geometry": { "type": "LineString", "coordinates": [ [ -71.2046, -45.506 ], [ -71.197, -45.4882 ] ] } },
{ "type": "Feature", "properties": { "nombre": "Camino sin nombre", "longitud_km": 4.13 }, "geometry": { "type": "LineString", "coordinates": [ [ -71.2046, -45.506 ], [ -71.2443, -45.4814 ] ] } },
{ "type": "Feature", "properties": { "nombre": "Camino sin nombre", "longitud_km": 3.85 }, "geometry": { "type": "LineString", "coordinates": [ [ -69.1206, -45.6405 ], [ -69.1145, -45.636 ], [ -69.0739, -45.6361 ] ] } },
{ "type": "Feature", "properties": { "nombre": "Camino sin nombre", "longitud_km": 3.42 }, "geometry": { "type": "LineString", "coordinates": [ [ -69.1016, -45.6181 ], [ -69.1202, -45.6242 ], [ -69.1206, -45.6405 ] ] } },
{ "type": "Feature", "properties": { "nombre": "Camino sin nombre", "longitud_km": 5.35 }, "geometry": { "type": "LineString", "coordinates": [ [ -68.9112, -45.627 ], [ -68.9482, -45.6353 ], [ -68.969, -45.6503 ] ] } },
{ "type": "Feature", "properties": { "nombre": "Camino sin nombre", "longitud_km": 7.03 }, "geometry": { "type": "LineString", "coordinates": [ [ -70.4435, -45.5722 ], [ -70.5335, -45.5698 ] ] } },
{ "type": "Feature", "properties": { "nombre": "Camino sin nombre", "longitud_km": 3.26 }, "geometry": { "type": "LineString", "coordinates": [ [ -70.5306, -45.5405 ], [ -70.5335, -45.5698 ] ] } },
{ "type": "Feature", "properties": { "nombre": "Camino sin nombre", "longitud_km": 2.72 }, "geometry": { "type": "LineString", "coordinates": [ [ -69.1206, -45.6405 ], [ -69.1501, -45.6537 ] ] } },
{ "type": "Feature", "properties": { "nombre": "Camino sin nombre", "longitud_km": 2.34 }, "geometry": { "type": "LineString", "coordinates": [ [ -71.3418, -45.5063 ], [ -71.3717, -45.5045 ] ] } },
{ "type": "Feature", "properties": { "nombre": "Camino sin nombre", "longitud_km": 7.77 }, "geometry": { "type": "LineString", "coordinates": [ [ -70.3441, -45.5748 ], [ -70.4435, -45.5722 ] ] } },
{ "type": "Feature", "properties": { "nombre": "Camino sin nombre", "longitud_km": 7.39 }, "geometry": { "type": "LineString", "coordinates": [ [ -70.4435, -45.5722 ], [ -70.4415, -45.5057 ] ] } },
{ "type": "Feature", "properties": { "nombre": "Camino sin nombre", "longitud_km": 2.22 }, "geometry": { "type": "LineString", "coordinates": [ [ -71.3093, -45.5454 ], [ -71.3208, -45.5272 ] ] } },
{ "type": "Feature", "properties": { "nombre": "Camino sin nombre", "longitud_km": 6.86 }, "geometry": { "type": "LineString", "coordinates": [ [ -69.1485, -45.7262 ], [ -69.1202, -45.726 ], [ -69.0801, -45.695 ] ] } },
{ "type": "Feature", "properties": { "nombre": "Camino sin nombre", "longitud_km": 6.83 }, "geometry": { "type": "LineString", "coordinates": [ [ -71.2088, -45.5206 ], [ -71.1943, -45.5208 ], [ -71.1659, -45.5118 ], [ -71.1465, -45.5126 ], [ -71.1353, -45.4991 ] ] } },
{ "type": "Feature", "properties": { "nombre": "Camino sin nombre", "longitud_km": 1.66 }, "geometry": { "type": "LineString", "coordinates": [ [ -71.2088, -45.5206 ], [ -71.2046, -45.506 ] ] } },
{ "type": "Feature", "properties": { "nombre": "Camino sin nombre", "longitud_km": 4.68 }, "geometry": { "type": "LineString", "coordinates": [ [ -68.5611, -45.6396 ], [ -68.5679, -45.651 ], [ -68.5719, -45.6806 ] ] } },
{ "type": "Feature", "properties": { "nombre": "Camino sin nombre", "longitud_km": 24.13 }, "geometry": { "type": "LineString", "coordinates": [ [ -71.1084, -45.4591 ], [ -71.0131, -45.4735 ], [ -71.0092, -45.4818 ], [ -70.9941, -45.4924 ], [ -70.93, -45.5241 ], [ -70.8657, -45.5351 ], [ -70.8328, -45.5353 ] ] } },
{ "type": "Feature", "properties": { "nombre": "Camino sin nombre", "longitud_km": 11.23 }, "geometry": { "type": "LineString", "coordinates": [ [ -69.9976, -45.5618 ], [ -69.9671, -45.589 ], [ -69.8744, -45.6025 ] ] } },
{ "type": "Feature", "properties": { "nombre": "Camino sin nombre", "longitud_km": 25.12 }, "geometry": { "type": "LineString", "coordinates": [ [ -68.5719, -45.6806 ], [ -68.6074, -45.682 ], [ -68.6536, -45.6763 ], [ -68.6672, -45.6621 ], [ -68.6818, -45.6713 ], [ -68.718, -45.6792 ], [ -68.7605, -45.6741 ], [ -68.7849, -45.6812 ], [ -68.8442, -45.7273 ] ] } },
{ "type": "Feature", "properties": { "nombre": "Camino sin nombre", "longitud_km": 3.5 }, "geometry": { "type": "LineString", "coordinates": [ [ -70.5782, -45.5685 ], [ -70.5335, -45.5698 ] ] } },
{ "type": "Feature", "properties": { "nombre": "Camino sin nombre", "longitud_km": 3.89 }, "geometry": { "type": "LineString", "coordinates": [ [ -68.1008, -45.7104 ], [ -68.0923, -45.6967 ], [ -68.0726, -45.6822 ] ] } },
{ "type": "Feature", "properties": { "nombre": "Camino sin nombre", "longitud_km": 4.33 }, "geometry": { "type": "LineString", "coordinates": [ [ -68.1541, -45.7041 ], [ -68.1249, -45.7121 ], [ -68.1008, -45.7104 ] ] } },
{ "type": "Feature", "properties": { "nombre": "Camino sin nombre", "longitud_km": 2.15 }, "geometry": { "type": "LineString", "coordinates": [ [ -71.3272, -45.5227 ], [ -71.3418, -45.5063 ] ] } },
{ "type": "Feature", "properties": { "nombre": "Camino sin nombre", "longitud_km": 14.17 }, "geometry": { "type": "LineString", "coordinates": [ [ -67.6024, -45.6546 ], [ -67.6148, -45.6492 ], [ -67.6132, -45.6463 ], [ -67.5992, -45.6449 ], [ -67.5943, -45.6524 ], [ -67.5676, -45.6644 ], [ -67.501, -45.7215 ] ] } },
{ "type": "Feature", "properties": { "nombre": "Camino sin nombre", "longitud_km": 13.76 }, "geometry": { "type": "LineString", "coordinates": [ [ -68.3379, -45.7184 ], [ -68.3021, -45.684 ], [ -68.2808, -45.6729 ], [ -68.2593, -45.6716 ], [ -68.2138, -45.6365 ] ] } },
{ "type": "Feature", "properties": { "nombre": "Camino sin nombre", "longitud_km": 0.97 }, "geometry": { "type": "LineString", "coordinates": [ [ -68.9798, -45.6547 ], [ -68.969, -45.6503 ] ] } },
{ "type": "Feature", "properties": { "nombre": "Camino sin nombre", "longitud_km": 7.38 }, "geometry": { "type": "LineString", "coordinates": [ [ -70.2713, -45.5577 ], [ -70.3183, -45.5601 ], [ -70.3185, -45.5754 ], [ -70.3441, -45.5748 ] ] } },
{ "type": "Feature", "properties": { "nombre": "Camino sin nombre", "longitud_km": 11.09 }, "geometry": { "type": "LineString", "coordinates": [ [ -71.3418, -45.5063 ], [ -71.3602, -45.4822 ], [ -71.416, -45.4555 ], [ -71.4242, -45.4421 ], [ -71.4118, -45.4366 ] ] } },
{ "type": "Feature", "properties": { "nombre": "Camino sin nombre", "longitud_km": 5.63 }, "geometry": { "type": "LineString", "coordinates": [ [ -71.3717, -45.5045 ], [ -71.4049, -45.4972 ], [ -71.4421, -45.4982 ] ] } },
{ "type": "Feature", "properties": { "nombre": "Camino sin nombre", "longitud_km": 1.02 }, "geometry": { "type": "LineString", "coordinates": [ [ -71.297, -45.5629 ], [ -71.2961, -45.5538 ] ] } },
{ "type": "Feature", "properties": { "nombre": "Camino sin nombre", "longitud_km": 12.57 }, "geometry": { "type": "LineString", "coordinates": [ [ -69.7986, -45.6253 ], [ -69.813, -45.5987 ], [ -69.814, -45.5864 ], [ -69.8174, -45.5864 ], [ -69.8138, -45.577 ], [ -69.822, -45.5624 ], [ -69.8204, -45.5535 ], [ -69.8383, -45.5202 ] ] } },
{ "type": "Feature", "properties": { "nombre": "Camino sin nombre", "longitud_km": 6.43 }, "geometry": { "type": "LineString", "coordinates": [ [ -69.8744, -45.6025 ], [ -69.7986, -45.6253 ] ] } },
{ "type": "Feature", "properties": { "nombre": "Camino sin nombre", "longitud_km": 8.08 }, "geometry": { "type": "LineString", "coordinates": [ [ -70.6848, -45.499 ], [ -70.6843, -45.5718 ] ] } },
{ "type": "Feature", "properties": { "nombre": "Camino sin nombre", "longitud_km": 8.41 }, "geometry": { "type": "LineString", "coordinates": [ [ -71.3208, -45.5272 ], [ -71.2814, -45.497 ], [ -71.2806, -45.4828 ], [ -71.2994, -45.4672 ] ] } },
{ "type": "Feature", "properties": { "nombre": "Camino sin nombre", "longitud_km": 0.7 }, "geometry": { "type": "LineString", "coordinates": [ [ -71.3208, -45.5272 ], [ -71.3272, -45.5227 ] ] } },
{ "type": "Feature", "properties": { "nombre": "Camino sin nombre", "longitud_km": 2.47 }, "geometry": { "type": "LineString", "coordinates": [ [ -70.4441, -45.5944 ], [ -70.4435, -45.5722 ] ] } },
{ "type": "Feature", "properties": { "nombre": "Camino sin nombre", "longitud_km": 2.07 }, "geometry": { "type": "LineString", "coordinates": [ [ -69.7803, -45.6388 ], [ -69.7986, -45.6253 ] ] } },
{ "type": "Feature", "properties": { "nombre": "Camino sin nombre", "longitud_km": 2.97 }, "geometry": { "type": "LineString", "coordinates": [ [ -71.2184, -45.5454 ], [ -71.2193, -45.5334 ], [ -71.2088, -45.5206 ] ] } },
{ "type": "Feature", "properties": { "nombre": "Camino sin nombre", "longitud_km": 4.22 }, "geometry": { "type": "LineString", "coordinates": [ [ -70.6233, -45.5882 ], [ -70.6223, -45.5502 ] ] } },
{ "type": "Feature", "properties": { "nombre": "Camino sin nombre", "longitud_km": 8.26 }, "geometry": { "type": "LineString", "coordinates": [ [ -71.4287, -45.5342 ], [ -71.3931, -45.531 ], [ -71.3777, -45.5228 ], [ -71.3272, -45.5227 ] ] } },
{ "type": "Feature", "properties": { "nombre": "Camino sin nombre", "longitud_km": 5.72 }, "geometry": { "type": "LineString", "coordinates": [ [ -71.4287, -45.5342 ], [ -71.4043, -45.521 ], [ -71.3801, -45.5145 ], [ -71.3717, -45.5045 ] ] } },
{ "type": "Feature", "properties": { "nombre": "Camino sin nombre", "longitud_km": 3.34 }, "geometry": { "type": "LineString", "coordinates": [ [ -70.5335, -45.5698 ], [ -70.5478, -45.5982 ] ] } },
{ "type": "Feature", "properties": { "nombre": "Camino sin nombre", "longitud_km": 8.96 }, "geometry": { "type": "LineString", "coordinates": [ [ -67.7931, -45.6866 ], [ -67.829, -45.7161 ], [ -67.7931, -45.7495 ] ] } },
{ "type": "Feature", "properties": { "nombre": "Camino sin nombre", "longitud_km": 7.5 }, "geometry": { "type": "LineString", "coordinates": [ [ -69.779, -45.6458 ], [ -69.8753, -45.6443 ] ] } },
{ "type": "Feature", "properties": { "nombre": "Camino sin nombre", "longitud_km": 4.65 }, "geometry": { "type": "LineString", "coordinates": [ [ -69.8744, -45.6025 ], [ -69.8753, -45.6443 ] ] } },
{ "type": "Feature", "properties": { "nombre": "Camino sin nombre", "longitud_km": 1.59 }, "geometry": { "type": "LineString", "coordinates": [ [ -70.4446, -45.6087 ], [ -70.4441, -45.5944 ] ] } },
{ "type": "Feature", "properties": { "nombre": "Camino sin nombre", "longitud_km": 3.65 }, "geometry": { "type": "LineString", "coordinates": [ [ -68.855, -45.7264 ], [ -68.901, -45.7331 ] ] } },
{ "type": "Feature", "properties": { "nombre": "Camino sin nombre", "longitud_km": 11.51 }, "geometry": { "type": "LineString", "coordinates": [ [ -71.3093, -45.5454 ], [ -71.3262, -45.5437 ], [ -71.3877, -45.5564 ], [ -71.4179, -45.5462 ], [ -71.4504, -45.5433 ] ] } },
{ "type": "Feature", "properties": { "nombre": "Camino sin nombre", "longitud_km": 1.62 }, "geometry": { "type": "LineString", "coordinates": [ [ -69.8753, -45.6443 ], [ -69.8752, -45.6588 ] ] } },
{ "type": "Feature", "properties": { "nombre": "Camino sin nombre", "longitud_km": 8.55 }, "geometry": { "type": "LineString", "coordinates": [ [ -69.8753, -45.6443 ], [ -69.9279, -45.6436 ], [ -69.8752, -45.6588 ] ] } },
{ "type": "Feature", "properties": { "nombre": "Camino sin nombre", "longitud_km": 1.31 }, "geometry": { "type": "LineString", "coordinates": [ [ -67.8503, -45.7532 ], [ -67.8543, -45.7646 ] ] } },
{ "type": "Feature", "properties": { "nombre": "Camino sin nombre", "longitud_km": 16.53 }, "geometry": { "type": "LineString", "coordinates": [ [ -70.2367, -45.636 ], [ -70.1985, -45.6289 ], [ -70.165, -45.642 ], [ -70.0443, -45.6426 ], [ -70.0446, -45.652 ] ] } },
{ "type": "Feature", "properties": { "nombre": "Camino sin nombre", "longitud_km": 5.5 }, "geometry": { "type": "LineString", "coordinates": [ [ -69.0787, -45.6772 ], [ -69.0716, -45.6796 ], [ -69.057, -45.6978 ], [ -69.0295, -45.7105 ] ] } },
{ "type": "Feature", "properties": { "nombre": "Camino sin nombre", "longitud_km": 4.22 }, "geometry": { "type": "LineString", "coordinates": [ [ -68.9254, -45.7161 ], [ -68.9794, -45.7134 ] ] } },
{ "type": "Feature", "properties": { "nombre": "Camino sin nombre", "longitud_km": 2.3 }, "geometry": { "type": "LineString", "coordinates": [ [ -68.9055, -45.7215 ], [ -68.8933, -45.7131 ], [ -68.8915, -45.7045 ] ] } },
{ "type": "Feature", "properties": { "nombre": "Camino sin nombre", "longitud_km": 23.75 }, "geometry": { "type": "LineString", "coordinates": [ [ -67.7041, -45.6962 ], [ -67.6952, -45.7005 ], [ -67.6949, -45.7092 ], [ -67.7065, -45.7097 ], [ -67.7181, -45.7236 ], [ -67.706, -45.7387 ], [ -67.6705, -45.7545 ], [ -67.6432, -45.7559 ], [ -67.636, -45.7535 ], [ -67.6323, -45.7437 ], [ -67.623, -45.7422 ], [ -67.5784, -45.7469 ], [ -67.5605, -45.7435 ], [ -67.5178, -45.7457 ], [ -67.5046, -45.7501 ] ] } },
{ "type": "Feature", "properties": { "nombre": "Camino sin nombre", "longitud_km": 1.65 }, "geometry": { "type": "LineString", "coordinates": [ [ -68.3044, -45.7693 ], [ -68.292, -45.7814 ] ] } },
{ "type": "Feature", "properties": { "nombre": "Camino sin nombre", "longitud_km": 3.72 }, "geometry": { "type": "LineString", "coordinates": [ [ -67.7458, -45.7543 ], [ -67.7931, -45.7495 ] ] } },
{ "type": "Feature", "properties": { "nombre": "Camino sin nombre", "longitud_km": 9.35 }, "geometry": { "type": "LineString", "coordinates": [ [ -68.896, -45.7017 ], [ -68.8969, -45.6688 ], [ -68.9149, -45.6487 ], [ -68.9013, -45.6335 ], [ -68.9112, -45.627 ] ] } },
{ "type": "Feature", "properties": { "nombre": "Camino sin nombre", "longitud_km": 6.92 }, "geometry": { "type": "LineString", "coordinates": [ [ -70.4441, -45.5944 ], [ -70.3896, -45.5928 ], [ -70.379, -45.6156 ] ] } },
{ "type": "Feature", "properties": { "nombre": "Camino sin nombre", "longitud_km": 10.7 }, "geometry": { "type": "LineString", "coordinates": [ [ -67.9302, -45.6903 ], [ -67.8783, -45.7066 ], [ -67.8907, -45.7153 ], [ -67.8605, -45.7424 ], [ -67.8601, -45.7521 ] ] } },
{ "type": "Feature", "properties": { "nombre": "Camino sin nombre", "longitud_km": 1.39 }, "geometry": { "type": "LineString", "coordinates": [ [ -71.2961, -45.5538 ], [ -71.3093, -45.5454 ] ] } },
{ "type": "Feature", "properties": { "nombre": "Camino sin nombre", "longitud_km": 4.61 }, "geometry": { "type": "LineString", "coordinates": [ [ -67.7931, -45.7495 ], [ -67.8381, -45.7482 ], [ -67.8503, -45.7532 ] ] } },
{ "type": "Feature", "properties": { "nombre": "Camino sin nombre", "longitud_km": 0.77 }, "geometry": { "type": "LineString", "coordinates": [ [ -67.8503, -45.7532 ], [ -67.8601, -45.7521 ] ] } },
{ "type": "Feature", "properties": { "nombre": "Camino sin nombre", "longitud_km": 6.14 }, "geometry": { "type": "LineString", "coordinates": [ [ -71.2184, -45.5454 ], [ -71.2961, -45.5538 ] ] } },
{ "type": "Feature", "properties": { "nombre": "Camino sin nombre", "longitud_km": 10.98 }, "geometry": { "type": "LineString", "coordinates": [ [ -68.9112, -45.627 ], [ -68.8993, -45.6297 ], [ -68.8791, -45.6456 ], [ -68.8651, -45.6573 ], [ -68.8615, -45.6669 ], [ -68.8717, -45.6856 ], [ -68.8915, -45.7045 ] ] } },
{ "type": "Feature", "properties": { "nombre": "Camino sin nombre", "longitud_km": 1.97 }, "geometry": { "type": "LineString", "coordinates": [ [ -71.4504, -45.5433 ], [ -71.4287, -45.5342 ] ] } },
{ "type": "Feature", "properties": { "nombre": "Camino sin nombre", "longitud_km": 0.99 }, "geometry": { "type": "LineString", "coordinates": [ [ -71.4869, -45.5713 ], [ -71.4926, -45.5793 ] ] } },
{ "type": "Feature", "properties": { "nombre": "Camino sin nombre", "longitud_km": 10.94 }, "geometry": { "type": "LineString", "coordinates": [ [ -69.0295, -45.7105 ], [ -69.0012, -45.7027 ], [ -68.9303, -45.7008 ], [ -68.8915, -45.7045 ] ] } },
{ "type": "Feature", "properties": { "nombre": "Camino sin nombre", "longitud_km": 6.42 }, "geometry": { "type": "LineString", "coordinates": [ [ -69.1501, -45.6537 ], [ -69.159, -45.657 ], [ -69.1633, -45.6675 ], [ -69.186, -45.6734 ], [ -69.1892, -45.6866 ], [ -69.1984, -45.6934 ] ] } },
{ "type": "Feature", "properties": { "nombre": "Camino sin nombre", "longitud_km": 16.22 }, "geometry": { "type": "LineString", "coordinates": [ [ -71.0383, -45.5796 ], [ -71.0316, -45.5706 ], [ -71.0511, -45.5639 ], [ -71.0742, -45.5653 ], [ -71.141, -45.5496 ], [ -71.1828, -45.5449 ], [ -71.2184, -45.5454 ] ] } },
{ "type": "Feature", "properties": { "nombre": "Camino sin nombre", "longitud_km": 1.66 }, "geometry": { "type": "LineString", "coordinates": [ [ -68.9254, -45.7161 ], [ -68.9055, -45.7215 ] ] } },
{ "type": "Feature", "properties": { "nombre": "Camino sin nombre", "longitud_km": 6.44 }, "geometry": { "type": "LineString", "coordinates": [ [ -68.1436, -45.7587 ], [ -68.1152, -45.7374 ], [ -68.1008, -45.7104 ] ] } },
{ "type": "Feature", "properties": { "nombre": "Camino sin nombre", "longitud_km": 9.02 }, "geometry": { "type": "LineString", "coordinates": [ [ -68.5107, -45.7437 ], [ -68.5492, -45.687 ], [ -68.5554, -45.6818 ], [ -68.5719, -45.6806 ] ] } },
{ "type": "Feature", "properties": { "nombre": "Camino sin nombre", "longitud_km": 12.2 }, "geometry": { "type": "LineString", "coordinates": [ [ -68.0379, -45.7665 ], [ -68.0071, -45.7405 ], [ -68.0022, -45.7226 ], [ -67.9373, -45.687 ] ] } },
{ "type": "Feature", "properties": { "nombre": "Camino sin nombre", "longitud_km": 3.38 }, "geometry": { "type": "LineString", "coordinates": [ [ -70.5115, -45.6019 ], [ -70.5193, -45.6216 ], [ -70.5287, -45.6291 ] ] } },
{ "type": "Feature", "properties": { "nombre": "Camino sin nombre", "longitud_km": 3.21 }, "geometry": { "type": "LineString", "coordinates": [ [ -70.53, -45.6002 ], [ -70.5287, -45.6291 ] ] } },
{ "type": "Feature", "properties": { "nombre": "Camino sin nombre", "longitud_km": 0.56 }, "geometry": { "type": "LineString", "coordinates": [ [ -67.6673, -45.7827 ], [ -67.6616, -45.7796 ] ] } },
{ "type": "Feature", "properties": { "nombre": "Camino sin nombre", "longitud_km": 0.32 }, "geometry": { "type": "LineString", "coordinates": [ [ -71.4938, -45.582 ], [ -71.4926, -45.5793 ] ] } },
{ "type": "Feature", "properties": { "nombre": "Camino sin nombre", "longitud_km": 14.29 }, "geometry": { "type": "LineString", "coordinates": [ [ -67.8601, -45.7521 ], [ -67.9157, -45.7484 ], [ -68.0091, -45.7703 ], [ -68.0379, -45.7665 ] ] } },
{ "type": "Feature", "properties": { "nombre": "Camino sin nombre", "longitud_km": 7.75 }, "geometry": { "type": "LineString", "coordinates": [ [ -71.6394, -45.553 ], [ -71.5973, -45.5455 ], [ -71.5415, -45.5472 ] ] } },
{ "type": "Feature", "properties": { "nombre": "Camino sin nombre", "longitud_km": 5.16 }, "geometry": { "type": "LineString", "coordinates": [ [ -69.0295, -45.7105 ], [ -68.9724, -45.7341 ] ] } },
{ "type": "Feature", "properties": { "nombre": "Camino sin nombre", "longitud_km": 24.08 }, "geometry": { "type": "LineString", "coordinates": [ [ -69.5497, -45.6956 ], [ -69.5488, -45.6863 ], [ -69.56, -45.6741 ], [ -69.5703, -45.671 ], [ -69.5816, -45.6499 ], [ -69.5722, -45.6357 ], [ -69.5756, -45.6222 ], [ -69.5718, -45.6156 ], [ -69.5458, -45.606 ], [ -69.542, -45.6023 ], [ -69.5453, -45.5903 ], [ -69.5304, -45.5818 ], [ -69.5291, -45.5598 ], [ -69.5178, -45.548 ], [ -69.519, -45.5233 ], [ -69.5283, -45.5107 ] ] } },
{ "type": "Feature", "properties": { "nombre": "Camino sin nombre", "longitud_km": 0.95 }, "geometry": { "type": "LineString", "coordinates": [ [ -68.5081, -45.7521 ], [ -68.5107, -45.7437 ] ] } },
{ "type": "Feature", "properties": { "nombre": "Camino sin nombre", "longitud_km": 1.34 }, "geometry": { "type": "LineString", "coordinates": [ [ -68.9055, -45.7215 ], [ -68.901, -45.7331 ] ] } },
{ "type": "Feature", "properties": { "nombre": "Camino sin nombre", "longitud_km": 4.27 }, "geometry": { "type": "LineString", "coordinates": [ [ -71.4869, -45.5713 ], [ -71.4683, -45.5527 ], [ -71.4504, -45.5433 ] ] } },
{ "type": "Feature", "properties": { "nombre": "Camino sin nombre", "longitud_km": 1.94 }, "geometry": { "type": "LineString", "coordinates": [ [ -68.0591, -45.7759 ], [ -68.0379, -45.7665 ] ] } },
{ "type": "Feature", "properties": { "nombre": "Camino sin nombre", "longitud_km": 9.33 }, "geometry": { "type": "LineString", "coordinates": [ [ -67.7732, -45.7884 ], [ -67.7421, -45.782 ], [ -67.7238, -45.7708 ], [ -67.7049, -45.7765 ], [ -67.6946, -45.7725 ], [ -67.6673, -45.7827 ] ] } },
{ "type": "Feature", "properties": { "nombre": "Camino sin nombre", "longitud_km": 2.7 }, "geometry": { "type": "LineString", "coordinates": [ [ -67.7732, -45.7884 ], [ -67.7823, -45.7804 ], [ -67.7771, -45.7791 ], [ -67.7806, -45.7693 ] ] } },
{ "type": "Feature", "properties": { "nombre": "Camino sin nombre", "longitud_km": 2.53 }, "geometry": { "type": "LineString", "coordinates": [ [ -69.8752, -45.6588 ], [ -69.8749, -45.6816 ] ] } },
{ "type": "Feature", "properties": { "nombre": "Camino sin nombre", "longitud_km": 4.76 }, "geometry": { "type": "LineString", "coordinates": [ [ -68.2856, -45.7352 ], [ -68.2843, -45.7623 ], [ -68.3044, -45.7693 ] ] } },
{ "type": "Feature", "properties": { "nombre": "Camino sin nombre", "longitud_km": 0.48 }, "geometry": { "type": "LineString", "coordinates": [ [ -68.0625, -45.7779 ], [ -68.067, -45.7808 ] ] } },
{ "type": "Feature", "properties": { "nombre": "Camino sin nombre", "longitud_km": 14.53 }, "geometry": { "type": "LineString", "coordinates": [ [ -69.2535, -45.6117 ], [ -69.2297, -45.6243 ], [ -69.2232, -45.6531 ], [ -69.2445, -45.6825 ], [ -69.2365, -45.6942 ], [ -69.2391, -45.7032 ], [ -69.2456, -45.7156 ], [ -69.2583, -45.7241 ] ] } },
{ "type": "Feature", "properties": { "nombre": "Camino sin nombre", "longitud_km": 3.65 }, "geometry": { "type": "LineString", "coordinates": [ [ -68.8014, -45.8974 ], [ -68.8121, -45.9098 ], [ -68.8099, -45.928 ] ] } },
{ "type": "Feature", "properties": { "nombre": "Camino sin nombre", "longitud_km": 5.25 }, "geometry": { "type": "LineString", "coordinates": [ [ -71.054, -45.5941 ], [ -71.0908, -45.6059 ], [ -71.1176, -45.6067 ] ] } },
{ "type": "Feature", "properties": { "nombre": "Camino sin nombre", "longitud_km": 13.43 }, "geometry": { "type": "LineString", "coordinates": [ [ -68.4681, -45.7369 ], [ -68.3707, -45.7685 ], [ -68.3064, -45.7763 ] ] } },
{ "type": "Feature", "properties": { "nombre": "Camino sin nombre", "longitud_km": 1.86 }, "geometry": { "type": "LineString", "coordinates": [ [ -69.5549, -45.712 ], [ -69.5497, -45.6956 ] ] } },
{ "type": "Feature", "properties": { "nombre": "Camino sin nombre", "longitud_km": 3.33 }, "geometry": { "type": "LineString", "coordinates": [ [ -70.5287, -45.6291 ], [ -70.5532, -45.6416 ], [ -70.5543, -45.6503 ] ] } },
{ "type": "Feature", "properties": { "nombre": "Camino sin nombre", "longitud_km": 8.39 }, "geometry": { "type": "LineString", "coordinates": [ [ -68.6261, -45.7622 ], [ -68.5742, -45.7482 ], [ -68.522, -45.7466 ] ] } },
{ "type": "Feature", "properties": { "nombre": "Camino sin nombre", "longitud_km": 19.76 }, "geometry": { "type": "LineString", "coordinates": [ [ -68.8442, -45.7273 ], [ -68.8033, -45.7295 ], [ -68.7678, -45.7449 ], [ -68.748, -45.7469 ], [ -68.7276, -45.7406 ], [ -68.7193, -45.7305 ], [ -68.7104, -45.7289 ], [ -68.6933, -45.7359 ], [ -68.6592, -45.7392 ], [ -68.6465, -45.7553 ], [ -68.6261, -45.7622 ] ] } },
{ "type": "Feature", "properties": { "nombre": "Camino sin nombre", "longitud_km": 3.06 }, "geometry": { "type": "LineString", "coordinates": [ [ -68.1521, -45.785 ], [ -68.1533, -45.7761 ], [ -68.1436, -45.7587 ] ] } },
{ "type": "Feature", "properties": { "nombre": "Camino sin nombre", "longitud_km": 11.54 }, "geometry": { "type": "LineString", "coordinates": [ [ -70.7514, -45.5878 ], [ -70.6765, -45.5994 ], [ -70.6571, -45.6372 ], [ -70.6665, -45.6445 ] ] } },
{ "type": "Feature", "properties": { "nombre": "Camino sin nombre", "longitud_km": 3.02 }, "geometry": { "type": "LineString", "coordinates": [ [ -70.6665, -45.6445 ], [ -70.7033, -45.636 ] ] } },
{ "type": "Feature", "properties": { "nombre": "Camino sin nombre", "longitud_km": 3.08 }, "geometry": { "type": "LineString", "coordinates": [ [ -68.5248, -45.7702 ], [ -68.4885, -45.7592 ] ] } },
{ "type": "Feature", "properties": { "nombre": "Camino sin nombre", "longitud_km": 2.4 }, "geometry": { "type": "LineString", "coordinates": [ [ -68.5081, -45.7521 ], [ -68.5248, -45.7702 ] ] } },
{ "type": "Feature", "properties": { "nombre": "Camino sin nombre", "longitud_km": 4.94 }, "geometry": { "type": "LineString", "coordinates": [ [ -67.8324, -45.8025 ], [ -67.8018, -45.7992 ], [ -67.7732, -45.7884 ] ] } },
{ "type": "Feature", "properties": { "nombre": "Camino sin nombre", "longitud_km": 0.97 }, "geometry": { "type": "LineString", "coordinates": [ [ -68.6364, -45.7671 ], [ -68.6261, -45.7622 ] ] } },
{ "type": "Feature", "properties": { "nombre": "Camino sin nombre", "longitud_km": 7.15 }, "geometry": { "type": "LineString", "coordinates": [ [ -68.9254, -45.7161 ], [ -68.9548, -45.7371 ], [ -69.0012, -45.75 ] ] } },
{ "type": "Feature", "properties": { "nombre": "Camino sin nombre", "longitud_km": 1.85 }, "geometry": { "type": "LineString", "coordinates": [ [ -67.5556, -45.8171 ], [ -67.5318, -45.8179 ] ] } },
{ "type": "Feature", "properties": { "nombre": "Camino sin nombre", "longitud_km": 3.98 }, "geometry": { "type": "LineString", "coordinates": [ [ -67.5556, -45.8171 ], [ -67.5409, -45.8036 ], [ -67.5499, -45.7858 ] ] } },
{ "type": "Feature", "properties": { "nombre": "Camino sin nombre", "longitud_km": 5.0 }, "geometry": { "type": "LineString", "coordinates": [ [ -67.6673, -45.7827 ], [ -67.7177, -45.8108 ] ] } },
{ "type": "Feature", "properties": { "nombre": "Camino sin nombre", "longitud_km": 0.94 }, "geometry": { "type": "LineString", "coordinates": [ [ -70.6665, -45.6445 ], [ -70.6695, -45.6526 ] ] } },
{ "type": "Feature", "properties": { "nombre": "Camino sin nombre", "longitud_km": 6.46 }, "geometry": { "type": "LineString", "coordinates": [ [ -70.8308, -45.6233 ], [ -70.8215, -45.6302 ], [ -70.8425, -45.6369 ], [ -70.8885, -45.6389 ] ] } },
{ "type": "Feature", "properties": { "nombre": "Camino sin nombre", "longitud_km": 0.57 }, "geometry": { "type": "LineString", "coordinates": [ [ -67.5318, -45.8179 ], [ -67.5294, -45.8227 ] ] } },
{ "type": "Feature", "properties": { "nombre": "Camino sin nombre", "longitud_km": 4.67 }, "geometry": { "type": "LineString", "coordinates": [ [ -67.7736, -45.8136 ], [ -67.7464, -45.8046 ], [ -67.7177, -45.8108 ] ] } },
{ "type": "Feature", "properties": { "nombre": "Camino sin nombre", "longitud_km": 3.11 }, "geometry": { "type": "LineString", "coordinates": [ [ -67.7736, -45.8136 ], [ -67.7745, -45.8079 ], [ -67.7693, -45.8035 ], [ -67.7758, -45.7954 ], [ -67.7732, -45.7884 ] ] } },
{ "type": "Feature", "properties": { "nombre": "Camino sin nombre", "longitud_km": 0.89 }, "geometry": { "type": "LineString", "coordinates": [ [ -71.6996, -45.5811 ], [ -71.6952, -45.5737 ] ] } },
{ "type": "Feature", "properties": { "nombre": "Camino sin nombre", "longitud_km": 5.09 }, "geometry": { "type": "LineString", "coordinates": [ [ -68.9254, -45.7161 ], [ -68.9224, -45.7234 ], [ -68.9265, -45.7449 ], [ -68.9173, -45.7601 ] ] } },
{ "type": "Feature", "properties": { "nombre": "Camino sin nombre", "longitud_km": 7.65 }, "geometry": { "type": "LineString", "coordinates": [ [ -71.4926, -45.5793 ], [ -71.5143, -45.5746 ], [ -71.5863, -45.5898 ] ] } },
{ "type": "Feature", "properties": { "nombre": "Camino sin nombre", "longitud_km": 7.11 }, "geometry": { "type": "LineString", "coordinates": [ [ -71.5383, -45.5484 ], [ -71.5865, -45.5645 ], [ -71.5903, -45.5867 ], [ -71.5863, -45.5898 ] ] } },
{ "type": "Feature", "properties": { "nombre": "Camino sin nombre", "longitud_km": 7.22 }, "geometry": { "type": "LineString", "coordinates": [ [ -69.5497, -45.6956 ], [ -69.5372, -45.6923 ], [ -69.5145, -45.7068 ], [ -69.5167, -45.7153 ], [ -69.5069, -45.7283 ], [ -69.5218, -45.7261 ] ] } },
{ "type": "Feature", "properties": { "nombre": "Camino sin nombre", "longitud_km": 0.33 }, "geometry": { "type": "LineString", "coordinates": [ [ -71.5863, -45.5898 ], [ -71.5893, -45.5919 ] ] } },
{ "type": "Feature", "properties": { "nombre": "Camino sin nombre", "longitud_km": 5.77 }, "geometry": { "type": "LineString", "coordinates": [ [ -67.6295, -45.8223 ], [ -67.5556, -45.8171 ] ] } },
{ "type": "Feature", "properties": { "nombre": "Camino sin nombre", "longitud_km": 2.12 }, "geometry": { "type": "LineString", "coordinates": [ [ -70.9154, -45.6419 ], [ -70.8885, -45.6389 ] ] } },
{ "type": "Feature", "properties": { "nombre": "Camino sin nombre", "longitud_km": 2.55 }, "geometry": { "type": "LineString", "coordinates": [ [ -71.1176, -45.6067 ], [ -71.1124, -45.6149 ], [ -71.1131, -45.6289 ] ] } },
{ "type": "Feature", "properties": { "nombre": "Camino sin nombre", "longitud_km": 7.42 }, "geometry": { "type": "LineString", "coordinates": [ [ -71.4938, -45.582 ], [ -71.4957, -45.5923 ], [ -71.4756, -45.5968 ], [ -71.4839, -45.6025 ], [ -71.4919, -45.6179 ], [ -71.5163, -45.6172 ] ] } },
{ "type": "Feature", "properties": { "nombre": "Camino sin nombre", "longitud_km": 13.45 }, "geometry": { "type": "LineString", "coordinates": [ [ -70.5012, -45.6721 ], [ -70.5811, -45.6561 ], [ -70.6366, -45.6584 ], [ -70.6695, -45.6526 ] ] } },
{ "type": "Feature", "properties": { "nombre": "Camino sin nombre", "longitud_km": 4.29 }, "geometry": { "type": "LineString", "coordinates": [ [ -68.901, -45.7331 ], [ -68.8998, -45.7494 ], [ -68.8915, -45.7612 ], [ -68.8966, -45.7696 ] ] } },
{ "type": "Feature", "properties": { "nombre": "Camino sin nombre", "longitud_km": 2.42 }, "geometry": { "type": "LineString", "coordinates": [ [ -71.6996, -45.5811 ], [ -71.7294, -45.5874 ] ] } },
{ "type": "Feature", "properties": { "nombre": "Camino sin nombre", "longitud_km": 0.98 }, "geometry": { "type": "LineString", "coordinates": [ [ -71.7005, -45.5899 ], [ -71.6996, -45.5811 ] ] } },
{ "type": "Feature", "properties": { "nombre": "Camino sin nombre", "longitud_km": 3.87 }, "geometry": { "type": "LineString", "coordinates": [ [ -67.6789, -45.8269 ], [ -67.6295, -45.8223 ] ] } },
{ "type": "Feature", "properties": { "nombre": "Camino sin nombre", "longitud_km": 3.74 }, "geometry": { "type": "LineString", "coordinates": [ [ -67.7177, -45.8108 ], [ -67.6933, -45.8198 ], [ -67.6898, -45.826 ], [ -67.6789, -45.8269 ] ] } },
{ "type": "Feature", "properties": { "nombre": "Camino sin nombre", "longitud_km": 2.76 }, "geometry": { "type": "LineString", "coordinates": [ [ -69.5549, -45.712 ], [ -69.5425, -45.7352 ] ] } },
{ "type": "Feature", "properties": { "nombre": "Camino sin nombre", "longitud_km": 7.41 }, "geometry": { "type": "LineString", "coordinates": [ [ -69.2583, -45.7241 ], [ -69.2699, -45.7354 ], [ -69.3016, -45.7485 ], [ -69.3396, -45.7434 ] ] } },
{ "type": "Feature", "properties": { "nombre": "Camino sin nombre", "longitud_km": 4.58 }, "geometry": { "type": "LineString", "coordinates": [ [ -67.8094, -45.8447 ], [ -67.8015, -45.8402 ], [ -67.79, -45.8222 ], [ -67.7736, -45.8136 ] ] } },
{ "type": "Feature", "properties": { "nombre": "Camino sin nombre", "longitud_km": 8.96 }, "geometry": { "type": "LineString", "coordinates": [ [ -71.5893, -45.5919 ], [ -71.6433, -45.5866 ], [ -71.6869, -45.5946 ], [ -71.7005, -45.5899 ] ] } },
{ "type": "Feature", "properties": { "nombre": "Camino sin nombre", "longitud_km": 2.21 }, "geometry": { "type": "LineString", "coordinates": [ [ -70.9154, -45.6419 ], [ -70.8923, -45.6535 ] ] } },
{ "type": "Feature", "properties": { "nombre": "Camino sin nombre", "longitud_km": 5.31 }, "geometry": { "type": "LineString", "coordinates": [ [ -68.1521, -45.785 ], [ -68.178, -45.7982 ], [ -68.1973, -45.8019 ], [ -68.2075, -45.8107 ] ] } },
{ "type": "Feature", "properties": { "nombre": "Camino sin nombre", "longitud_km": 0.7 }, "geometry": { "type": "LineString", "coordinates": [ [ -68.2075, -45.8107 ], [ -68.2165, -45.8109 ] ] } },
{ "type": "Feature", "properties": { "nombre": "Camino sin nombre", "longitud_km": 6.81 }, "geometry": { "type": "LineString", "coordinates": [ [ -68.292, -45.7814 ], [ -68.2533, -45.8022 ], [ -68.2165, -45.8109 ] ] } },
{ "type": "Feature", "properties": { "nombre": "Camino sin nombre", "longitud_km": 4.61 }, "geometry": { "type": "LineString", "coordinates": [ [ -69.7004, -45.9929 ], [ -69.7297, -45.9567 ] ] } },
{ "type": "Feature", "properties": { "nombre": "Camino sin nombre", "longitud_km": 2.01 }, "geometry": { "type": "LineString", "coordinates": [ [ -71.6023, -45.6075 ], [ -71.5893, -45.5919 ] ] } },
{ "type": "Feature", "properties": { "nombre": "Camino sin nombre", "longitud_km": 6.39 }, "geometry": { "type": "LineString", "coordinates": [ [ -70.6695, -45.6526 ], [ -70.6918, -45.6604 ], [ -70.7254, -45.6585 ], [ -70.7426, -45.6696 ] ] } },
{ "type": "Feature", "properties": { "nombre": "Camino sin nombre", "longitud_km": 0.26 }, "geometry": { "type": "LineString", "coordinates": [ [ -68.7484, -45.7862 ], [ -68.7482, -45.7886 ] ] } },
{ "type": "Feature", "properties": { "nombre": "Camino sin nombre", "longitud_km": 4.63 }, "geometry": { "type": "LineString", "coordinates": [ [ -70.971, -45.6565 ], [ -70.9154, -45.6419 ] ] } },
{ "type": "Feature", "properties": { "nombre": "Camino sin nombre", "longitud_km": 4.29 }, "geometry": { "type": "LineString", "coordinates": [ [ -68.1807, -45.8179 ], [ -68.1521, -45.785 ] ] } },
{ "type": "Feature", "properties": { "nombre": "Camino sin nombre", "longitud_km": 2.23 }, "geometry": { "type": "LineString", "coordinates": [ [ -68.2075, -45.8107 ], [ -68.1807, -45.8179 ] ] } },
{ "type": "Feature", "properties": { "nombre": "Camino sin nombre", "longitud_km": 5.3 }, "geometry": { "type": "LineString", "coordinates": [ [ -71.5163, -45.6172 ], [ -71.5258, -45.6037 ], [ -71.5016, -45.5939 ], [ -71.4938, -45.582 ] ] } },
{ "type": "Feature", "properties": { "nombre": "Camino sin nombre", "longitud_km": 8.58 }, "geometry": { "type": "LineString", "coordinates": [ [ -68.6277, -45.7982 ], [ -68.5248, -45.7702 ] ] } },
{ "type": "Feature", "properties": { "nombre": "Camino sin nombre", "longitud_km": 4.23 }, "geometry": { "type": "LineString", "coordinates": [ [ -68.6277, -45.7982 ], [ -68.6273, -45.7827 ], [ -68.6469, -45.7776 ], [ -68.6535, -45.7711 ] ] } },
{ "type": "Feature", "properties": { "nombre": "Camino sin nombre", "longitud_km": 1.58 }, "geometry": { "type": "LineString", "coordinates": [ [ -70.8805, -45.6651 ], [ -70.8923, -45.6535 ] ] } },
{ "type": "Feature", "properties": { "nombre": "Camino sin nombre", "longitud_km": 1.83 }, "geometry": { "type": "LineString", "coordinates": [ [ -71.6023, -45.6075 ], [ -71.6159, -45.6126 ], [ -71.6231, -45.61 ] ] } },
{ "type": "Feature", "properties": { "nombre": "Camino sin nombre", "longitud_km": 3.38 }, "geometry": { "type": "LineString", "coordinates": [ [ -69.0807, -45.7768 ], [ -69.0631, -45.749 ] ] } },
{ "type": "Feature", "properties": { "nombre": "Camino sin nombre", "longitud_km": 7.89 }, "geometry": { "type": "LineString", "coordinates": [ [ -69.1485, -45.7262 ], [ -69.1664, -45.7454 ], [ -69.1967, -45.7649 ], [ -69.2229, -45.7709 ] ] } },
{ "type": "Feature", "properties": { "nombre": "Camino sin nombre", "longitud_km": 2.21 }, "geometry": { "type": "LineString", "coordinates": [ [ -68.2165, -45.8109 ], [ -68.2385, -45.8236 ] ] } },
{ "type": "Feature", "properties": { "nombre": "Camino sin nombre", "longitud_km": 2.19 }, "geometry": { "type": "LineString", "coordinates": [ [ -68.6539, -45.8053 ], [ -68.6277, -45.7982 ] ] } },
{ "type": "Feature", "properties": { "nombre": "Camino sin nombre", "longitud_km": 5.08 }, "geometry": { "type": "LineString", "coordinates": [ [ -67.8499, -45.8391 ], [ -67.8516, -45.8301 ], [ -67.863, -45.8379 ], [ -67.8992, -45.8408 ] ] } },
{ "type": "Feature", "properties": { "nombre": "Camino sin nombre", "longitud_km": 5.71 }, "geometry": { "type": "LineString", "coordinates": [ [ -70.3962, -45.7683 ], [ -70.3228, -45.7683 ] ] } },
{ "type": "Feature", "properties": { "nombre": "Camino sin nombre", "longitud_km": 12.76 }, "geometry": { "type": "LineString", "coordinates": [ [ -67.5318, -45.8179 ], [ -67.5618, -45.8283 ], [ -67.5957, -45.849 ], [ -67.6228, -45.8541 ], [ -67.6117, -45.8347 ], [ -67.6232, -45.8326 ], [ -67.6295, -45.8223 ] ] } },
{ "type": "Feature", "properties": { "nombre": "Camino sin nombre", "longitud_km": 4.99 }, "geometry": { "type": "LineString", "coordinates": [ [ -68.292, -45.7814 ], [ -68.2819, -45.8257 ] ] } },
{ "type": "Feature", "properties": { "nombre": "Camino sin nombre", "longitud_km": 0.56 }, "geometry": { "type": "LineString", "coordinates": [ [ -68.66, -45.808 ], [ -68.6539, -45.8053 ] ] } },
{ "type": "Feature", "properties": { "nombre": "Camino sin nombre", "longitud_km": 7.37 }, "geometry": { "type": "LineString", "coordinates": [ [ -68.7482, -45.7886 ], [ -68.7321, -45.7893 ], [ -68.694, -45.8054 ], [ -68.66, -45.808 ] ] } },
{ "type": "Feature", "properties": { "nombre": "Camino sin nombre", "longitud_km": 1.98 }, "geometry": { "type": "LineString", "coordinates": [ [ -71.6023, -45.6075 ], [ -71.6015, -45.6253 ] ] } },
{ "type": "Feature", "properties": { "nombre": "Camino sin nombre", "longitud_km": 6.58 }, "geometry": { "type": "LineString", "coordinates": [ [ -68.1807, -45.8179 ], [ -68.1006, -45.8371 ] ] } },
{ "type": "Feature", "properties": { "nombre": "Camino sin nombre", "longitud_km": 5.2 }, "geometry": { "type": "LineString", "coordinates": [ [ -71.5163, -45.6172 ], [ -71.5335, -45.6273 ], [ -71.5776, -45.6295 ] ] } },
{ "type": "Feature", "properties": { "nombre": "Camino sin nombre", "longitud_km": 2.31 }, "geometry": { "type": "LineString", "coordinates": [ [ -68.2385, -45.8236 ], [ -68.2653, -45.8326 ] ] } },
{ "type": "Feature", "properties": { "nombre": "Camino sin nombre", "longitud_km": 1.72 }, "geometry": { "type": "LineString", "coordinates": [ [ -68.2819, -45.8257 ], [ -68.2739, -45.8249 ], [ -68.2653, -45.8326 ] ] } },
{ "type": "Feature", "properties": { "nombre": "Camino sin nombre", "longitud_km": 8.12 }, "geometry": { "type": "LineString", "coordinates": [ [ -68.6539, -45.8053 ], [ -68.6219, -45.8144 ], [ -68.5827, -45.8129 ], [ -68.5544, -45.8213 ] ] } },
{ "type": "Feature", "properties": { "nombre": "Camino sin nombre", "longitud_km": 5.49 }, "geometry": { "type": "LineString", "coordinates": [ [ -68.0642, -45.7951 ], [ -68.0613, -45.8444 ] ] } },
{ "type": "Feature", "properties": { "nombre": "Camino sin nombre", "longitud_km": 3.16 }, "geometry": { "type": "LineString", "coordinates": [ [ -68.0613, -45.8444 ], [ -68.1006, -45.8371 ] ] } },
{ "type": "Feature", "properties": { "nombre": "Camino sin nombre", "longitud_km": 3.13 }, "geometry": { "type": "LineString", "coordinates": [ [ -70.8805, -45.6651 ], [ -70.8557, -45.6872 ] ] } },
{ "type": "Feature", "properties": { "nombre": "Camino sin nombre", "longitud_km": 5.96 }, "geometry": { "type": "LineString", "coordinates": [ [ -68.8297, -45.8108 ], [ -68.8018, -45.8018 ], [ -68.7918, -45.7921 ], [ -68.7711, -45.7907 ], [ -68.7662, -45.7862 ] ] } },
{ "type": "Feature", "properties": { "nombre": "Camino sin nombre", "longitud_km": 5.69 }, "geometry": { "type": "LineString", "coordinates": [ [ -68.8833, -45.7875 ], [ -68.8819, -45.8 ], [ -68.8552, -45.8091 ], [ -68.8297, -45.8108 ] ] } },
{ "type": "Feature", "properties": { "nombre": "Camino sin nombre", "longitud_km": 3.05 }, "geometry": { "type": "LineString", "coordinates": [ [ -68.754, -45.8157 ], [ -68.7482, -45.7886 ] ] } },
{ "type": "Feature", "properties": { "nombre": "Camino sin nombre", "longitud_km": 2.73 }, "geometry": { "type": "LineString", "coordinates": [ [ -70.8864, -45.6893 ], [ -70.8805, -45.6651 ] ] } },
{ "type": "Feature", "properties": { "nombre": "Camino sin nombre", "longitud_km": 3.67 }, "geometry": { "type": "LineString", "coordinates": [ [ -70.1194, -45.71 ], [ -70.1203, -45.743 ] ] } },
{ "type": "Feature", "properties": { "nombre": "Camino sin nombre", "longitud_km": 7.18 }, "geometry": { "type": "LineString", "coordinates": [ [ -70.1203, -45.743 ], [ -70.1561, -45.7253 ], [ -70.2021, -45.7358 ] ] } },
{ "type": "Feature", "properties": { "nombre": "Camino sin nombre", "longitud_km": 6.2 }, "geometry": { "type": "LineString", "coordinates": [ [ -67.9048, -45.8612 ], [ -67.8936, -45.8531 ], [ -67.8806, -45.8563 ], [ -67.8545, -45.8522 ], [ -67.8462, -45.8477 ], [ -67.8499, -45.8391 ] ] } },
{ "type": "Feature", "properties": { "nombre": "Camino sin nombre", "longitud_km": 3.0 }, "geometry": { "type": "LineString", "coordinates": [ [ -67.8912, -45.8429 ], [ -67.9101, -45.8496 ], [ -67.9048, -45.8612 ] ] } },
{ "type": "Feature", "properties": { "nombre": "Camino sin nombre", "longitud_km": 6.15 }, "geometry": { "type": "LineString", "coordinates": [ [ -69.9757, -45.7424 ], [ -70.0199, -45.7419 ], [ -70.0536, -45.7484 ] ] } },
{ "type": "Feature", "properties": { "nombre": "Camino sin nombre", "longitud_km": 2.37 }, "geometry": { "type": "LineString", "coordinates": [ [ -68.4427, -45.8554 ], [ -68.4387, -45.862 ], [ -68.4465, -45.875 ] ] } },
{ "type": "Feature", "properties": { "nombre": "Camino sin nombre", "longitud_km": 21.58 }, "geometry": { "type": "LineString", "coordinates": [ [ -67.5117, -45.8743 ], [ -67.528, -45.8637 ], [ -67.5882, -45.8758 ], [ -67.6816, -45.8553 ], [ -67.7212, -45.8519 ], [ -67.6789, -45.8269 ] ] } },
{ "type": "Feature", "properties": { "nombre": "Camino sin nombre", "longitud_km": 7.81 }, "geometry": { "type": "LineString", "coordinates": [ [ -70.9911, -45.6881 ], [ -71.0113, -45.6841 ], [ -71.0432, -45.6634 ], [ -71.0787, -45.6608 ] ] } },
{ "type": "Feature", "properties": { "nombre": "Camino sin nombre", "longitud_km": 15.7 }, "geometry": { "type": "LineString", "coordinates": [ [ -69.7219, -45.7696 ], [ -69.7047, -45.7705 ], [ -69.6868, -45.7613 ], [ -69.6739, -45.7478 ], [ -69.6525, -45.7493 ], [ -69.5934, -45.7146 ], [ -69.5704, -45.709 ], [ -69.5549, -45.712 ] ] } },
{ "type": "Feature", "properties": { "nombre": "Camino sin nombre", "longitud_km": 6.51 }, "geometry": { "type": "LineString", "coordinates": [ [ -70.1946, -45.7396 ], [ -70.2783, -45.7377 ] ] } },
{ "type": "Feature", "properties": { "nombre": "Camino sin nombre", "longitud_km": 4.09 }, "geometry": { "type": "LineString", "coordinates": [ [ -68.66, -45.808 ], [ -68.6487, -45.8174 ], [ -68.6283, -45.8233 ], [ -68.6326, -45.8319 ] ] } },
{ "type": "Feature", "properties": { "nombre": "Camino sin nombre", "longitud_km": 1.52 }, "geometry": { "type": "LineString", "coordinates": [ [ -68.4135, -45.9077 ], [ -68.4083, -45.9209 ] ] } },
{ "type": "Feature", "properties": { "nombre": "Camino sin nombre", "longitud_km": 7.93 }, "geometry": { "type": "LineString", "coordinates": [ [ -69.0893, -45.8685 ], [ -69.0518, -45.9061 ], [ -69.0151, -45.9062 ] ] } },
{ "type": "Feature", "properties": { "nombre": "Camino sin nombre", "longitud_km": 16.44 }, "geometry": { "type": "LineString", "coordinates": [ [ -71.2256, -45.6744 ], [ -71.236, -45.6701 ], [ -71.2438, -45.6589 ], [ -71.2181, -45.6524 ], [ -71.2433, -45.6432 ], [ -71.2666, -45.6261 ], [ -71.267, -45.6056 ], [ -71.2828, -45.5784 ], [ -71.2857, -45.5643 ] ] } },
{ "type": "Feature", "properties": { "nombre": "Camino sin nombre", "longitud_km": 9.71 }, "geometry": { "type": "LineString", "coordinates": [ [ -67.9444, -45.8645 ], [ -67.9557, -45.8572 ], [ -68.0065, -45.8455 ], [ -68.0378, -45.8491 ], [ -68.0613, -45.8444 ] ] } },
{ "type": "Feature", "properties": { "nombre": "Camino sin nombre", "longitud_km": 13.28 }, "geometry": { "type": "LineString", "coordinates": [ [ -71.1176, -45.6067 ], [ -71.1292, -45.6142 ], [ -71.1496, -45.6403 ], [ -71.1441, -45.6475 ], [ -71.1634, -45.6663 ], [ -71.1756, -45.6712 ], [ -71.1953, -45.6697 ], [ -71.2016, -45.6746 ], [ -71.2256, -45.6744 ] ] } },
{ "type": "Feature", "properties": { "nombre": "Camino sin nombre", "longitud_km": 9.27 }, "geometry": { "type": "LineString", "coordinates": [ [ -68.5248, -45.7702 ], [ -68.5388, -45.7992 ], [ -68.5343, -45.8231 ], [ -68.5006, -45.8394 ] ] } },
{ "type": "Feature", "properties": { "nombre": "Camino sin nombre", "longitud_km": 0.23 }, "geometry": { "type": "LineString", "coordinates": [ [ -68.5006, -45.8394 ], [ -68.5032, -45.8404 ] ] } },
{ "type": "Feature", "properties": { "nombre": "Camino sin nombre", "longitud_km": 4.51 }, "geometry": { "type": "LineString", "coordinates": [ [ -68.5544, -45.8213 ], [ -68.5032, -45.8404 ] ] } },
{ "type": "Feature", "properties": { "nombre": "Camino sin nombre", "longitud_km": 3.62 }, "geometry": { "type": "LineString", "coordinates": [ [ -70.0536, -45.7484 ], [ -70.074, -45.7468 ], [ -70.0986, -45.7527 ] ] } },
{ "type": "Feature", "properties": { "nombre": "Camino sin nombre", "longitud_km": 5.54 }, "geometry": { "type": "LineString", "coordinates": [ [ -70.0977, -45.7029 ], [ -70.0986, -45.7527 ] ] } },
{ "type": "Feature", "properties": { "nombre": "Camino sin nombre", "longitud_km": 2.0 }, "geometry": { "type": "LineString", "coordinates": [ [ -70.0986, -45.7527 ], [ -70.1203, -45.743 ] ] } },
{ "type": "Feature", "properties": { "nombre": "Camino sin nombre", "longitud_km": 6.42 }, "geometry": { "type": "LineString", "coordinates": [ [ -68.5544, -45.8213 ], [ -68.6095, -45.8359 ], [ -68.6326, -45.8319 ] ] } },
{ "type": "Feature", "properties": { "nombre": "Camino sin nombre", "longitud_km": 3.92 }, "geometry": { "type": "LineString", "coordinates": [ [ -67.9048, -45.8612 ], [ -67.9075, -45.8667 ], [ -67.9191, -45.8678 ], [ -67.9384, -45.8603 ], [ -67.9444, -45.8645 ] ] } },
{ "type": "Feature", "properties": { "nombre": "Camino sin nombre", "longitud_km": 6.79 }, "geometry": { "type": "LineString", "coordinates": [ [ -71.7005, -45.5899 ], [ -71.6868, -45.6109 ], [ -71.7216, -45.64 ] ] } },
{ "type": "Feature", "properties": { "nombre": "Camino sin nombre", "longitud_km": 9.9 }, "geometry": { "type": "LineString", "coordinates": [ [ -70.402, -45.7363 ], [ -70.2868, -45.738 ], [ -70.2762, -45.7341 ] ] } },
{ "type": "Feature", "properties": { "nombre": "Camino sin nombre", "longitud_km": 11.45 }, "geometry": { "type": "LineString", "coordinates": [ [ -70.402, -45.7363 ], [ -70.3866, -45.728 ], [ -70.3423, -45.7235 ], [ -70.3223, -45.7123 ], [ -70.2652, -45.7149 ] ] } },
{ "type": "Feature", "properties": { "nombre": "Camino sin nombre", "longitud_km": 13.29 }, "geometry": { "type": "LineString", "coordinates": [ [ -68.3064, -45.7763 ], [ -68.3184, -45.7875 ], [ -68.3182, -45.8072 ], [ -68.3334, -45.8179 ], [ -68.4243, -45.849 ] ] } },
{ "type": "Feature", "properties": { "nombre": "Camino sin nombre", "longitud_km": 13.46 }, "geometry": { "type": "LineString", "coordinates": [ [ -68.4243, -45.849 ], [ -68.4284, -45.8274 ], [ -68.4262, -45.8176 ], [ -68.4171, -45.8114 ], [ -68.4202, -45.7904 ], [ -68.4504, -45.7669 ], [ -68.4885, -45.7592 ] ] } },
{ "type": "Feature", "properties": { "nombre": "Camino sin nombre", "longitud_km": 0.5 }, "geometry": { "type": "LineString", "coordinates": [ [ -68.4199, -45.8524 ], [ -68.4243, -45.849 ] ] } },
{ "type": "Feature", "properties": { "nombre": "Camino sin nombre", "longitud_km": 5.6 }, "geometry": { "type": "LineString", "coordinates": [ [ -68.1807, -45.8179 ], [ -68.2083, -45.8645 ] ] } },
{ "type": "Feature", "properties": { "nombre": "Camino sin nombre", "longitud_km": 1.8 }, "geometry": { "type": "LineString", "coordinates": [ [ -68.4427, -45.8554 ], [ -68.4199, -45.8524 ] ] } },
{ "type": "Feature", "properties": { "nombre": "Camino sin nombre", "longitud_km": 4.91 }, "geometry": { "type": "LineString", "coordinates": [ [ -68.5006, -45.8394 ], [ -68.4808, -45.8487 ], [ -68.4427, -45.8554 ] ] } },
{ "type": "Feature", "properties": { "nombre": "Camino sin nombre", "longitud_km": 2.2 }, "geometry": { "type": "LineString", "coordinates": [ [ -67.9279, -45.8805 ], [ -67.9444, -45.8645 ] ] } },
{ "type": "Feature", "properties": { "nombre": "Camino sin nombre", "longitud_km": 5.11 }, "geometry": { "type": "LineString", "coordinates": [ [ -67.9167, -45.9227 ], [ -67.9175, -45.9279 ], [ -67.9114, -45.9302 ], [ -67.876, -45.9354 ], [ -67.8734, -45.9458 ] ] } },
{ "type": "Feature", "properties": { "nombre": "Camino sin nombre", "longitud_km": 4.09 }, "geometry": { "type": "LineString", "coordinates": [ [ -68.7135, -45.874 ], [ -68.7176, -45.8916 ], [ -68.7105, -45.9099 ] ] } },
{ "type": "Feature", "properties": { "nombre": "Camino sin nombre", "longitud_km": 2.59 }, "geometry": { "type": "LineString", "coordinates": [ [ -70.1224, -45.8247 ], [ -70.123, -45.848 ] ] } },
{ "type": "Feature", "properties": { "nombre": "Camino sin nombre", "longitud_km": 8.18 }, "geometry": { "type": "LineString", "coordinates": [ [ -67.8734, -45.9458 ], [ -67.8639, -45.9446 ], [ -67.858, -45.9505 ], [ -67.8341, -45.9471 ], [ -67.8177, -45.9524 ], [ -67.7919, -45.9438 ], [ -67.7841, -45.9352 ] ] } },
{ "type": "Feature", "properties": { "nombre": "Camino sin nombre", "longitud_km": 14.7 }, "geometry": { "type": "LineString", "coordinates": [ [ -70.7426, -45.6696 ], [ -70.7908, -45.6747 ], [ -70.8106, -45.6962 ], [ -70.8227, -45.7007 ], [ -70.8571, -45.7041 ], [ -70.8709, -45.7007 ], [ -70.9071, -45.713 ] ] } },
{ "type": "Feature", "properties": { "nombre": "Camino sin nombre", "longitud_km": 7.36 }, "geometry": { "type": "LineString", "coordinates": [ [ -70.9071, -45.713 ], [ -70.9661, -45.6883 ], [ -70.974, -45.6877 ], [ -70.988, -45.6954 ] ] } },
{ "type": "Feature", "properties": { "nombre": "Camino sin nombre", "longitud_km": 6.35 }, "geometry": { "type": "LineString", "coordinates": [ [ -68.2083, -45.8645 ], [ -68.2151, -45.8684 ], [ -68.2266, -45.8642 ], [ -68.2284, -45.8434 ], [ -68.2385, -45.8236 ] ] } },
{ "type": "Feature", "properties": { "nombre": "Camino sin nombre", "longitud_km": 0.62 }, "geometry": { "type": "LineString", "coordinates": [ [ -70.1574, -45.7683 ], [ -70.1573, -45.7627 ] ] } },
{ "type": "Feature", "properties": { "nombre": "Camino sin nombre", "longitud_km": 8.8 }, "geometry": { "type": "LineString", "coordinates": [ [ -68.8569, -45.8438 ], [ -68.7988, -45.8189 ], [ -68.754, -45.8157 ] ] } },
{ "type": "Feature", "properties": { "nombre": "Camino sin nombre", "longitud_km": 4.23 }, "geometry": { "type": "LineString", "coordinates": [ [ -68.8297, -45.8108 ], [ -68.8569, -45.8438 ] ] } },
{ "type": "Feature", "properties": { "nombre": "Camino sin nombre", "longitud_km": 2.08 }, "geometry": { "type": "LineString", "coordinates": [ [ -68.4121, -45.8695 ], [ -68.4143, -45.8566 ], [ -68.4199, -45.8524 ] ] } },
{ "type": "Feature", "properties": { "nombre": "Camino sin nombre", "longitud_km": 13.45 }, "geometry": { "type": "LineString", "coordinates": [ [ -68.2819, -45.8257 ], [ -68.2951, -45.8498 ], [ -68.3111, -45.8653 ], [ -68.3522, -45.8531 ], [ -68.4121, -45.8695 ] ] } },
{ "type": "Feature", "properties": { "nombre": "Camino sin nombre", "longitud_km": 3.53 }, "geometry": { "type": "LineString", "coordinates": [ [ -71.2256, -45.6744 ], [ -71.2106, -45.7043 ] ] } },
{ "type": "Feature", "properties": { "nombre": "Camino sin nombre", "longitud_km": 10.76 }, "geometry": { "type": "LineString", "coordinates": [ [ -70.2957, -45.7683 ], [ -70.1574, -45.7683 ] ] } },
{ "type": "Feature", "properties": { "nombre": "Camino sin nombre", "longitud_km": 2.11 }, "geometry": { "type": "LineString", "coordinates": [ [ -70.3228, -45.7683 ], [ -70.2957, -45.7683 ] ] } },
{ "type": "Feature", "properties": { "nombre": "Camino sin nombre", "longitud_km": 2.74 }, "geometry": { "type": "LineString", "coordinates": [ [ -68.4465, -45.875 ], [ -68.4121, -45.8695 ] ] } },
{ "type": "Feature", "properties": { "nombre": "Camino sin nombre", "longitud_km": 3.65 }, "geometry": { "type": "LineString", "coordinates": [ [ -70.3962, -45.7683 ], [ -70.4034, -45.7546 ], [ -70.402, -45.7363 ] ] } },
{ "type": "Feature", "properties": { "nombre": "Camino sin nombre", "longitud_km": 6.21 }, "geometry": { "type": "LineString", "coordinates": [ [ -68.2653, -45.8326 ], [ -68.2615, -45.8572 ], [ -68.2758, -45.8867 ] ] } },
{ "type": "Feature", "properties": { "nombre": "Camino sin nombre", "longitud_km": 5.86 }, "geometry": { "type": "LineString", "coordinates": [ [ -68.5032, -45.8404 ], [ -68.5554, -45.8785 ] ] } },
{ "type": "Feature", "properties": { "nombre": "Camino sin nombre", "longitud_km": 9.96 }, "geometry": { "type": "LineString", "coordinates": [ [ -69.0151, -45.9062 ], [ -69.0158, -45.8787 ], [ -68.9928, -45.8513 ], [ -68.9813, -45.8221 ] ] } },
{ "type": "Feature", "properties": { "nombre": "Camino sin nombre", "longitud_km": 11.73 }, "geometry": { "type": "LineString", "coordinates": [ [ -70.7426, -45.6696 ], [ -70.7475, -45.6785 ], [ -70.7788, -45.6851 ], [ -70.7949, -45.7117 ], [ -70.7991, -45.7313 ], [ -70.7867, -45.754 ] ] } },
{ "type": "Feature", "properties": { "nombre": "Camino sin nombre", "longitud_km": 7.51 }, "geometry": { "type": "LineString", "coordinates": [ [ -68.6326, -45.8319 ], [ -68.6743, -45.8477 ], [ -68.6881, -45.8619 ], [ -68.6899, -45.8791 ] ] } },
{ "type": "Feature", "properties": { "nombre": "Camino sin nombre", "longitud_km": 2.18 }, "geometry": { "type": "LineString", "coordinates": [ [ -68.6899, -45.8791 ], [ -68.6984, -45.8725 ], [ -68.7135, -45.874 ] ] } },
{ "type": "Feature", "properties": { "nombre": "Camino sin nombre", "longitud_km": 5.37 }, "geometry": { "type": "LineString", "coordinates": [ [ -70.0986, -45.7527 ], [ -70.0975, -45.8009 ] ] } },
{ "type": "Feature", "properties": { "nombre": "Camino sin nombre", "longitud_km": 5.18 }, "geometry": { "type": "LineString", "coordinates": [ [ -68.1379, -45.881 ], [ -68.1213, -45.8967 ], [ -68.1069, -45.8985 ], [ -68.0899, -45.9104 ] ] } },
{ "type": "Feature", "properties": { "nombre": "Camino sin nombre", "longitud_km": 4.6 }, "geometry": { "type": "LineString", "coordinates": [ [ -67.6, -45.9421 ], [ -67.6583, -45.9501 ] ] } },
{ "type": "Feature", "properties": { "nombre": "Camino sin nombre", "longitud_km": 19.61 }, "geometry": { "type": "LineString", "coordinates": [ [ -70.6959, -45.7641 ], [ -70.6815, -45.7643 ], [ -70.6603, -45.7545 ], [ -70.6529, -45.7472 ], [ -70.6493, -45.7236 ], [ -70.5811, -45.7223 ], [ -70.5525, -45.7113 ], [ -70.5255, -45.6904 ], [ -70.5012, -45.689 ] ] } },
{ "type": "Feature", "properties": { "nombre": "Camino sin nombre", "longitud_km": 7.64 }, "geometry": { "type": "LineString", "coordinates": [ [ -70.7867, -45.754 ], [ -70.7633, -45.7538 ], [ -70.7439, -45.7613 ], [ -70.7205, -45.7551 ], [ -70.6959, -45.7641 ] ] } },
{ "type": "Feature", "properties": { "nombre": "Camino sin nombre", "longitud_km": 2.55 }, "geometry": { "type": "LineString", "coordinates": [ [ -68.4465, -45.875 ], [ -68.4338, -45.8962 ] ] } },
{ "type": "Feature", "properties": { "nombre": "Camino sin nombre", "longitud_km": 4.19 }, "geometry": { "type": "LineString", "coordinates": [ [ -68.8569, -45.8438 ], [ -68.8831, -45.8767 ] ] } },
{ "type": "Feature", "properties": { "nombre": "Camino sin nombre", "longitud_km": 10.63 }, "geometry": { "type": "LineString", "coordinates": [ [ -68.9184, -45.8007 ], [ -68.9192, -45.813 ], [ -68.9033, -45.8167 ], [ -68.8798, -45.8306 ], [ -68.8764, -45.8416 ], [ -68.8907, -45.8562 ], [ -68.8831, -45.8767 ] ] } },
{ "type": "Feature", "properties": { "nombre": "Camino sin nombre", "longitud_km": 8.53 }, "geometry": { "type": "LineString", "coordinates": [ [ -67.9279, -45.8805 ], [ -67.9193, -45.894 ], [ -67.919, -45.9082 ], [ -67.873, -45.9124 ], [ -67.8805, -45.9209 ], [ -67.8797, -45.9263 ] ] } },
{ "type": "Feature", "properties": { "nombre": "Camino sin nombre", "longitud_km": 2.9 }, "geometry": { "type": "LineString", "coordinates": [ [ -67.8797, -45.9263 ], [ -67.9167, -45.9227 ] ] } },
{ "type": "Feature", "properties": { "nombre": "Camino sin nombre", "longitud_km": 11.26 }, "geometry": { "type": "LineString", "coordinates": [ [ -67.6242, -45.9042 ], [ -67.6902, -45.9101 ], [ -67.7009, -45.9296 ], [ -67.7102, -45.933 ], [ -67.7483, -45.9322 ] ] } },
{ "type": "Feature", "properties": { "nombre": "Camino sin nombre", "longitud_km": 1.16 }, "geometry": { "type": "LineString", "coordinates": [ [ -68.6899, -45.8791 ], [ -68.6875, -45.8894 ] ] } },
{ "type": "Feature", "properties": { "nombre": "Camino sin nombre", "longitud_km": 0.71 }, "geometry": { "type": "LineString", "coordinates": [ [ -68.4338, -45.8962 ], [ -68.4328, -45.9025 ] ] } },
{ "type": "Feature", "properties": { "nombre": "Camino sin nombre", "longitud_km": 4.49 }, "geometry": { "type": "LineString", "coordinates": [ [ -68.4908, -45.9029 ], [ -68.4338, -45.8962 ] ] } },
{ "type": "Feature", "properties": { "nombre": "Camino sin nombre", "longitud_km": 4.74 }, "geometry": { "type": "LineString", "coordinates": [ [ -68.4908, -45.9029 ], [ -68.4697, -45.8834 ], [ -68.4465, -45.875 ] ] } },
{ "type": "Feature", "properties": { "nombre": "Camino sin nombre", "longitud_km": 2.79 }, "geometry": { "type": "LineString", "coordinates": [ [ -67.7483, -45.9322 ], [ -67.7841, -45.9352 ] ] } },
{ "type": "Feature", "properties": { "nombre": "Camino sin nombre", "longitud_km": 4.24 }, "geometry": { "type": "LineString", "coordinates": [ [ -68.4121, -45.8695 ], [ -68.4135, -45.9077 ] ] } },
{ "type": "Feature", "properties": { "nombre": "Camino sin nombre", "longitud_km": 1.6 }, "geometry": { "type": "LineString", "coordinates": [ [ -68.4328, -45.9025 ], [ -68.4135, -45.9077 ] ] } },
{ "type": "Feature", "properties": { "nombre": "Camino sin nombre", "longitud_km": 7.53 }, "geometry": { "type": "LineString", "coordinates": [ [ -67.7841, -45.9352 ], [ -67.8211, -45.9358 ], [ -67.8797, -45.9263 ] ] } },
{ "type": "Feature", "properties": { "nombre": "Camino sin nombre", "longitud_km": 2.15 }, "geometry": { "type": "LineString", "coordinates": [ [ -70.7961, -45.7722 ], [ -70.7867, -45.754 ] ] } },
{ "type": "Feature", "properties": { "nombre": "Camino sin nombre", "longitud_km": 14.22 }, "geometry": { "type": "LineString", "coordinates": [ [ -70.7961, -45.7722 ], [ -70.8004, -45.7612 ], [ -70.8493, -45.7426 ], [ -70.8521, -45.7379 ], [ -70.9145, -45.7395 ], [ -70.9159, -45.7291 ], [ -70.9063, -45.7199 ], [ -70.9071, -45.713 ] ] } },
{ "type": "Feature", "properties": { "nombre": "Camino sin nombre", "longitud_km": 7.5 }, "geometry": { "type": "LineString", "coordinates": [ [ -68.5554, -45.8785 ], [ -68.5469, -45.8821 ], [ -68.552, -45.8969 ], [ -68.5475, -45.9001 ], [ -68.5123, -45.9065 ], [ -68.4908, -45.9029 ] ] } },
{ "type": "Feature", "properties": { "nombre": "Camino sin nombre", "longitud_km": 7.49 }, "geometry": { "type": "LineString", "coordinates": [ [ -68.7135, -45.874 ], [ -68.7764, -45.8978 ], [ -68.8014, -45.8974 ] ] } },
{ "type": "Feature", "properties": { "nombre": "Camino sin nombre", "longitud_km": 10.01 }, "geometry": { "type": "LineString", "coordinates": [ [ -68.8014, -45.8974 ], [ -68.7884, -45.8675 ], [ -68.7586, -45.8395 ], [ -68.754, -45.8157 ] ] } },
{ "type": "Feature", "properties": { "nombre": "Camino sin nombre", "longitud_km": 3.21 }, "geometry": { "type": "LineString", "coordinates": [ [ -70.1224, -45.8247 ], [ -70.0934, -45.8042 ] ] } },
{ "type": "Feature", "properties": { "nombre": "Camino sin nombre", "longitud_km": 4.72 }, "geometry": { "type": "LineString", "coordinates": [ [ -70.1213, -45.7823 ], [ -70.1224, -45.8247 ] ] } },
{ "type": "Feature", "properties": { "nombre": "Camino sin nombre", "longitud_km": 22.85 }, "geometry": { "type": "LineString", "coordinates": [ [ -69.2583, -45.7241 ], [ -69.2474, -45.7304 ], [ -69.2476, -45.7459 ], [ -69.2422, -45.7514 ], [ -69.2599, -45.7949 ], [ -69.2681, -45.7991 ], [ -69.2906, -45.799 ], [ -69.2964, -45.8043 ], [ -69.295, -45.8088 ], [ -69.3335, -45.8357 ], [ -69.3378, -45.845 ], [ -69.3564, -45.8513 ], [ -69.3668, -45.8663 ], [ -69.3843, -45.8754 ] ] } },
{ "type": "Feature", "properties": { "nombre": "Camino sin nombre", "longitud_km": 26.85 }, "geometry": { "type": "LineString", "coordinates": [ [ -70.992, -45.6993 ], [ -71.0279, -45.7088 ], [ -71.0465, -45.7203 ], [ -71.1271, -45.713 ], [ -71.145, -45.7158 ], [ -71.182, -45.7317 ], [ -71.2186, -45.7268 ], [ -71.2394, -45.7152 ], [ -71.2511, -45.7239 ], [ -71.258, -45.7378 ], [ -71.2863, -45.7543 ] ] } },
{ "type": "Feature", "properties": { "nombre": "Camino sin nombre", "longitud_km": 8.56 }, "geometry": { "type": "LineString", "coordinates": [ [ -70.3228, -45.7683 ], [ -70.3243, -45.7843 ], [ -70.3981, -45.8167 ] ] } },
{ "type": "Feature", "properties": { "nombre": "Camino sin nombre", "longitud_km": 5.42 }, "geometry": { "type": "LineString", "coordinates": [ [ -70.3981, -45.8167 ], [ -70.3999, -45.7776 ], [ -70.3962, -45.7683 ] ] } },
{ "type": "Feature", "properties": { "nombre": "Camino sin nombre", "longitud_km": 9.26 }, "geometry": { "type": "LineString", "coordinates": [ [ -68.2083, -45.8645 ], [ -68.191, -45.8827 ], [ -68.1836, -45.9075 ], [ -68.1971, -45.9316 ], [ -68.1894, -45.9404 ] ] } },
{ "type": "Feature", "properties": { "nombre": "Camino sin nombre", "longitud_km": 7.23 }, "geometry": { "type": "LineString", "coordinates": [ [ -68.893, -45.9064 ], [ -68.8328, -45.9042 ], [ -68.8014, -45.8974 ] ] } },
{ "type": "Feature", "properties": { "nombre": "Camino sin nombre", "longitud_km": 3.38 }, "geometry": { "type": "LineString", "coordinates": [ [ -68.8831, -45.8767 ], [ -68.893, -45.9064 ] ] } },
{ "type": "Feature", "properties": { "nombre": "Camino sin nombre", "longitud_km": 9.58 }, "geometry": { "type": "LineString", "coordinates": [ [ -69.3843, -45.8754 ], [ -69.4065, -45.8697 ], [ -69.506, -45.8739 ] ] } },
{ "type": "Feature", "properties": { "nombre": "Camino sin nombre", "longitud_km": 12.1 }, "geometry": { "type": "LineString", "coordinates": [ [ -70.0271, -45.8439 ], [ -69.8716, -45.8379 ] ] } },
{ "type": "Feature", "properties": { "nombre": "Camino sin nombre", "longitud_km": 11.81 }, "geometry": { "type": "LineString", "coordinates": [ [ -70.0271, -45.8439 ], [ -70.0253, -45.7666 ], [ -70.0459, -45.7606 ], [ -70.0536, -45.7484 ] ] } },
{ "type": "Feature", "properties": { "nombre": "Camino sin nombre", "longitud_km": 4.36 }, "geometry": { "type": "LineString", "coordinates": [ [ -68.9492, -45.9062 ], [ -68.893, -45.9064 ] ] } },
{ "type": "Feature", "properties": { "nombre": "Camino sin nombre", "longitud_km": 11.9 }, "geometry": { "type": "LineString", "coordinates": [ [ -68.9265, -45.8041 ], [ -68.936, -45.8193 ], [ -68.9592, -45.8932 ], [ -68.9492, -45.9062 ] ] } },
{ "type": "Feature", "properties": { "nombre": "Camino sin nombre", "longitud_km": 3.08 }, "geometry": { "type": "LineString", "coordinates": [ [ -70.158, -45.837 ], [ -70.1224, -45.8247 ] ] } },
{ "type": "Feature", "properties": { "nombre": "Camino sin nombre", "longitud_km": 7.64 }, "geometry": { "type": "LineString", "coordinates": [ [ -70.158, -45.837 ], [ -70.1574, -45.7683 ] ] } },
{ "type": "Feature", "properties": { "nombre": "Camino sin nombre", "longitud_km": 2.07 }, "geometry": { "type": "LineString", "coordinates": [ [ -70.0537, -45.8445 ], [ -70.0271, -45.8439 ] ] } },
{ "type": "Feature", "properties": { "nombre": "Camino sin nombre", "longitud_km": 19.7 }, "geometry": { "type": "LineString", "coordinates": [ [ -67.9167, -45.9227 ], [ -67.9975, -45.9347 ], [ -68.0443, -45.9337 ], [ -68.1676, -45.9466 ] ] } },
{ "type": "Feature", "properties": { "nombre": "Camino sin nombre", "longitud_km": 5.12 }, "geometry": { "type": "LineString", "coordinates": [ [ -69.0151, -45.9062 ], [ -68.9492, -45.9062 ] ] } },
{ "type": "Feature", "properties": { "nombre": "Camino sin nombre", "longitud_km": 1.9 }, "geometry": { "type": "LineString", "coordinates": [ [ -68.1676, -45.9466 ], [ -68.1921, -45.9464 ] ] } },
{ "type": "Feature", "properties": { "nombre": "Camino sin nombre", "longitud_km": 6.11 }, "geometry": { "type": "LineString", "coordinates": [ [ -67.9456, -45.9636 ], [ -67.9293, -45.9565 ], [ -67.8891, -45.9535 ], [ -67.8734, -45.9458 ] ] } },
{ "type": "Feature", "properties": { "nombre": "Camino sin nombre", "longitud_km": 7.45 }, "geometry": { "type": "LineString", "coordinates": [ [ -70.6959, -45.7641 ], [ -70.6844, -45.7796 ], [ -70.6944, -45.7899 ], [ -70.7059, -45.8261 ] ] } },
{ "type": "Feature", "properties": { "nombre": "Camino sin nombre", "longitud_km": 3.78 }, "geometry": { "type": "LineString", "coordinates": [ [ -70.1291, -45.9394 ], [ -70.1089, -45.9084 ] ] } },
{ "type": "Feature", "properties": { "nombre": "Camino sin nombre", "longitud_km": 9.56 }, "geometry": { "type": "LineString", "coordinates": [ [ -70.7059, -45.8261 ], [ -70.7398, -45.811 ], [ -70.7656, -45.7886 ], [ -70.7904, -45.782 ], [ -70.7961, -45.7722 ] ] } },
{ "type": "Feature", "properties": { "nombre": "Camino sin nombre", "longitud_km": 2.92 }, "geometry": { "type": "LineString", "coordinates": [ [ -71.1309, -45.7765 ], [ -71.1246, -45.7803 ], [ -71.1305, -45.7842 ], [ -71.1265, -45.7987 ] ] } },
{ "type": "Feature", "properties": { "nombre": "Camino sin nombre", "longitud_km": 5.65 }, "geometry": { "type": "LineString", "coordinates": [ [ -68.8014, -45.8974 ], [ -68.8018, -45.9186 ], [ -68.7947, -45.9478 ] ] } },
{ "type": "Feature", "properties": { "nombre": "Camino sin nombre", "longitud_km": 11.41 }, "geometry": { "type": "LineString", "coordinates": [ [ -70.0044, -45.8814 ], [ -69.9046, -45.8785 ], [ -69.881, -45.8715 ], [ -69.8809, -45.8565 ] ] } },
{ "type": "Feature", "properties": { "nombre": "Camino sin nombre", "longitud_km": 5.99 }, "geometry": { "type": "LineString", "coordinates": [ [ -67.9456, -45.9636 ], [ -67.9741, -45.9703 ], [ -68.014, -45.9879 ] ] } },
{ "type": "Feature", "properties": { "nombre": "Camino sin nombre", "longitud_km": 11.55 }, "geometry": { "type": "LineString", "coordinates": [ [ -68.5554, -45.8785 ], [ -68.6195, -45.9184 ], [ -68.644, -45.9589 ] ] } },
{ "type": "Feature", "properties": { "nombre": "Camino sin nombre", "longitud_km": 3.77 }, "geometry": { "type": "LineString", "coordinates": [ [ -70.6686, -45.8718 ], [ -70.638, -45.8685 ], [ -70.625, -45.8603 ] ] } },
{ "type": "Feature", "properties": { "nombre": "Camino sin nombre", "longitud_km": 22.3 }, "geometry": { "type": "LineString", "coordinates": [ [ -67.7483, -45.9322 ], [ -67.741, -45.9429 ], [ -67.7565, -45.9524 ], [ -67.7687, -45.9914 ], [ -67.7745, -45.9955 ], [ -67.8259, -45.9919 ], [ -67.8476, -45.9957 ], [ -67.8818, -45.9854 ], [ -67.8956, -45.9744 ], [ -67.9456, -45.9636 ] ] } },
{ "type": "Feature", "properties": { "nombre": "Camino sin nombre", "longitud_km": 6.07 }, "geometry": { "type": "LineString", "coordinates": [ [ -69.3843, -45.8754 ], [ -69.4003, -45.8928 ], [ -69.4017, -45.9087 ], [ -69.4188, -45.9222 ] ] } },
{ "type": "Feature", "properties": { "nombre": "Camino sin nombre", "longitud_km": 16.84 }, "geometry": { "type": "LineString", "coordinates": [ [ -69.2362, -45.8685 ], [ -69.297, -45.8926 ], [ -69.3062, -45.9035 ], [ -69.3302, -45.9068 ], [ -69.3544, -45.9285 ], [ -69.4188, -45.9222 ] ] } },
{ "type": "Feature", "properties": { "nombre": "Camino sin nombre", "longitud_km": 8.79 }, "geometry": { "type": "LineString", "coordinates": [ [ -68.4083, -45.9209 ], [ -68.3759, -45.9697 ], [ -68.3441, -45.9818 ] ] } },
{ "type": "Feature", "properties": { "nombre": "Camino sin nombre", "longitud_km": 2.87 }, "geometry": { "type": "LineString", "coordinates": [ [ -71.1265, -45.7987 ], [ -71.1249, -45.8062 ], [ -71.113, -45.8126 ], [ -71.111, -45.8202 ] ] } },
{ "type": "Feature", "properties": { "nombre": "Camino sin nombre", "longitud_km": 5.51 }, "geometry": { "type": "LineString", "coordinates": [ [ -68.1575, -45.9953 ], [ -68.1626, -45.9859 ], [ -68.1676, -45.9466 ] ] } },
{ "type": "Feature", "properties": { "nombre": "Camino sin nombre", "longitud_km": 6.54 }, "geometry": { "type": "LineString", "coordinates": [ [ -68.893, -45.9064 ], [ -68.8986, -45.9263 ], [ -68.9035, -45.926 ], [ -68.9216, -45.9586 ] ] } },
{ "type": "Feature", "properties": { "nombre": "Camino sin nombre", "longitud_km": 6.36 }, "geometry": { "type": "LineString", "coordinates": [ [ -68.9492, -45.9062 ], [ -68.9348, -45.926 ], [ -68.9304, -45.9513 ], [ -68.9216, -45.9586 ] ] } },
{ "type": "Feature", "properties": { "nombre": "Camino sin nombre", "longitud_km": 3.99 }, "geometry": { "type": "LineString", "coordinates": [ [ -68.1575, -45.9953 ], [ -68.1212, -45.9899 ], [ -68.1182, -45.9997 ] ] } },
{ "type": "Feature", "properties": { "nombre": "Camino sin nombre", "longitud_km": 1.4 }, "geometry": { "type": "LineString", "coordinates": [ [ -68.9216, -45.9586 ], [ -68.9037, -45.9606 ] ] } },
{ "type": "Feature", "properties": { "nombre": "Camino sin nombre", "longitud_km": 15.25 }, "geometry": { "type": "LineString", "coordinates": [ [ -68.4135, -45.9077 ], [ -68.3721, -45.9202 ], [ -68.3207, -45.9216 ], [ -68.3188, -45.9914 ] ] } },
{ "type": "Feature", "properties": { "nombre": "Camino sin nombre", "longitud_km": 2.23 }, "geometry": { "type": "LineString", "coordinates": [ [ -68.3441, -45.9818 ], [ -68.3188, -45.9914 ] ] } },
{ "type": "Feature", "properties": { "nombre": "Camino sin nombre", "longitud_km": 16.11 }, "geometry": { "type": "LineString", "coordinates": [ [ -70.5012, -45.7533 ], [ -70.5243, -45.7591 ], [ -70.5509, -45.7782 ], [ -70.5626, -45.7974 ], [ -70.5961, -45.8243 ], [ -70.6067, -45.8482 ], [ -70.6237, -45.8541 ], [ -70.625, -45.8603 ] ] } },
{ "type": "Feature", "properties": { "nombre": "Camino sin nombre", "longitud_km": 5.88 }, "geometry": { "type": "LineString", "coordinates": [ [ -68.3188, -45.9914 ], [ -68.2837, -45.9877 ], [ -68.245, -45.9958 ] ] } },
{ "type": "Feature", "properties": { "nombre": "Camino sin nombre", "longitud_km": 5.96 }, "geometry": { "type": "LineString", "coordinates": [ [ -70.6686, -45.8718 ], [ -70.6818, -45.8644 ], [ -70.7059, -45.8261 ] ] } },
{ "type": "Feature", "properties": { "nombre": "Camino sin nombre", "longitud_km": 10.4 }, "geometry": { "type": "LineString", "coordinates": [ [ -70.1089, -45.9084 ], [ -70.0773, -45.8175 ] ] } },
{ "type": "Feature", "properties": { "nombre": "Camino sin nombre", "longitud_km": 10.34 }, "geometry": { "type": "LineString", "coordinates": [ [ -70.1089, -45.9084 ], [ -70.1319, -45.9081 ], [ -70.1581, -45.8824 ], [ -70.158, -45.837 ] ] } },
{ "type": "Feature", "properties": { "nombre": "Camino sin nombre", "longitud_km": 1.5 }, "geometry": { "type": "LineString", "coordinates": [ [ -69.7294, -45.936 ], [ -69.7101, -45.9358 ] ] } },
{ "type": "Feature", "properties": { "nombre": "Camino sin nombre", "longitud_km": 5.96 }, "geometry": { "type": "LineString", "coordinates": [ [ -69.763, -45.9076 ], [ -69.7324, -45.9049 ], [ -69.7285, -45.9084 ], [ -69.7294, -45.936 ] ] } },
{ "type": "Feature", "properties": { "nombre": "Camino sin nombre", "longitud_km": 14.5 }, "geometry": { "type": "LineString", "coordinates": [ [ -70.3828, -45.9056 ], [ -70.4475, -45.8975 ], [ -70.5019, -45.8731 ], [ -70.5202, -45.8733 ], [ -70.5534, -45.8862 ] ] } },
{ "type": "Feature", "properties": { "nombre": "Camino sin nombre", "longitud_km": 2.56 }, "geometry": { "type": "LineString", "coordinates": [ [ -69.9308, -45.9275 ], [ -69.9301, -45.9085 ], [ -69.9265, -45.9054 ] ] } },
{ "type": "Feature", "properties": { "nombre": "Camino sin nombre", "longitud_km": 4.66 }, "geometry": { "type": "LineString", "coordinates": [ [ -69.7294, -45.936 ], [ -69.7894, -45.9383 ] ] } },
{ "type": "Feature", "properties": { "nombre": "Camino sin nombre", "longitud_km": 20.81 }, "geometry": { "type": "LineString", "coordinates": [ [ -70.3742, -45.9011 ], [ -70.2875, -45.9107 ], [ -70.2483, -45.8856 ], [ -70.2396, -45.8746 ], [ -70.2387, -45.8588 ], [ -70.158, -45.837 ] ] } },
{ "type": "Feature", "properties": { "nombre": "Camino sin nombre", "longitud_km": 2.58 }, "geometry": { "type": "LineString", "coordinates": [ [ -69.9181, -45.934 ], [ -69.8848, -45.9345 ] ] } },
{ "type": "Feature", "properties": { "nombre": "Camino sin nombre", "longitud_km": 10.55 }, "geometry": { "type": "LineString", "coordinates": [ [ -70.3828, -45.9056 ], [ -70.3827, -45.8895 ], [ -70.3886, -45.8906 ], [ -70.3978, -45.861 ], [ -70.3981, -45.8167 ] ] } },
{ "type": "Feature", "properties": { "nombre": "Camino sin nombre", "longitud_km": 5.94 }, "geometry": { "type": "LineString", "coordinates": [ [ -69.2111, -45.9706 ], [ -69.1635, -45.9676 ], [ -69.1493, -45.9851 ] ] } },
{ "type": "Feature", "properties": { "nombre": "Camino sin nombre", "longitud_km": 0.84 }, "geometry": { "type": "LineString", "coordinates": [ [ -70.3812, -45.9131 ], [ -70.3828, -45.9056 ] ] } },
{ "type": "Feature", "properties": { "nombre": "Camino sin nombre", "longitud_km": 5.39 }, "geometry": { "type": "LineString", "coordinates": [ [ -69.2149, -45.9753 ], [ -69.2061, -45.9736 ], [ -69.1665, -45.9857 ], [ -69.1493, -45.9851 ] ] } },
{ "type": "Feature", "properties": { "nombre": "Camino sin nombre", "longitud_km": 2.31 }, "geometry": { "type": "LineString", "coordinates": [ [ -69.7297, -45.9567 ], [ -69.7294, -45.936 ] ] } },
{ "type": "Feature", "properties": { "nombre": "Camino sin nombre", "longitud_km": 25.43 }, "geometry": { "type": "LineString", "coordinates": [ [ -68.6689, -46.0231 ], [ -68.6627, -46.0182 ], [ -68.6702, -46.0134 ], [ -68.6623, -45.9901 ], [ -68.6472, -45.971 ], [ -68.593, -45.944 ], [ -68.5088, -45.9347 ], [ -68.4547, -45.9168 ], [ -68.4432, -45.9054 ], [ -68.4328, -45.9025 ] ] } },
{ "type": "Feature", "properties": { "nombre": "Camino sin nombre", "longitud_km": 20.47 }, "geometry": { "type": "LineString", "coordinates": [ [ -69.1448, -46.0194 ], [ -69.1173, -45.9928 ], [ -69.1095, -45.9916 ], [ -69.1097, -45.9706 ], [ -69.0246, -45.9701 ], [ -69.0195, -45.9665 ], [ -69.0151, -45.9062 ] ] } },
{ "type": "Feature", "properties": { "nombre": "Camino sin nombre", "longitud_km": 6.98 }, "geometry": { "type": "LineString", "coordinates": [ [ -68.3441, -45.9818 ], [ -68.387, -46.0371 ] ] } },
{ "type": "Feature", "properties": { "nombre": "Camino sin nombre", "longitud_km": 4.92 }, "geometry": { "type": "LineString", "coordinates": [ [ -71.6941, -45.8331 ], [ -71.7454, -45.8072 ] ] } },
{ "type": "Feature", "properties": { "nombre": "Camino sin nombre", "longitud_km": 7.49 }, "geometry": { "type": "LineString", "coordinates": [ [ -70.7552, -45.9015 ], [ -70.6686, -45.8718 ] ] } },
{ "type": "Feature", "properties": { "nombre": "Camino sin nombre", "longitud_km": 1.02 }, "geometry": { "type": "LineString", "coordinates": [ [ -71.6941, -45.8331 ], [ -71.707, -45.8345 ] ] } },
{ "type": "Feature", "properties": { "nombre": "Camino sin nombre", "longitud_km": 0.99 }, "geometry": { "type": "LineString", "coordinates": [ [ -69.8701, -45.9569 ], [ -69.8784, -45.9636 ] ] } },
{ "type": "Feature", "properties": { "nombre": "Camino sin nombre", "longitud_km": 5.97 }, "geometry": { "type": "LineString", "coordinates": [ [ -69.9534, -45.9587 ], [ -69.8855, -45.9597 ], [ -69.8784, -45.9636 ] ] } },
{ "type": "Feature", "properties": { "nombre": "Camino sin nombre", "longitud_km": 15.96 }, "geometry": { "type": "LineString", "coordinates": [ [ -69.5124, -45.9855 ], [ -69.5204, -45.9776 ], [ -69.5873, -45.9551 ], [ -69.6105, -45.9314 ], [ -69.6286, -45.8933 ], [ -69.6462, -45.8883 ] ] } },
{ "type": "Feature", "properties": { "nombre": "Camino sin nombre", "longitud_km": 11.18 }, "geometry": { "type": "LineString", "coordinates": [ [ -69.4188, -45.9222 ], [ -69.4542, -45.942 ], [ -69.4692, -45.976 ], [ -69.4907, -45.9863 ], [ -69.5124, -45.9855 ] ] } },
{ "type": "Feature", "properties": { "nombre": "Camino sin nombre", "longitud_km": 1.41 }, "geometry": { "type": "LineString", "coordinates": [ [ -71.0654, -45.8863 ], [ -71.0532, -45.8769 ] ] } },
{ "type": "Feature", "properties": { "nombre": "Camino sin nombre", "longitud_km": 8.19 }, "geometry": { "type": "LineString", "coordinates": [ [ -68.9216, -45.9586 ], [ -68.9302, -45.9851 ], [ -68.9521, -46.0066 ], [ -68.9355, -46.0231 ] ] } },
{ "type": "Feature", "properties": { "nombre": "Camino sin nombre", "longitud_km": 3.13 }, "geometry": { "type": "LineString", "coordinates": [ [ -69.7306, -45.9849 ], [ -69.7297, -45.9567 ] ] } },
{ "type": "Feature", "properties": { "nombre": "Camino sin nombre", "longitud_km": 3.17 }, "geometry": { "type": "LineString", "coordinates": [ [ -69.5124, -45.9855 ], [ -69.5497, -45.9972 ] ] } },
{ "type": "Feature", "properties": { "nombre": "Camino sin nombre", "longitud_km": 2.3 }, "geometry": { "type": "LineString", "coordinates": [ [ -69.1812, -45.9998 ], [ -69.1724, -46.0196 ] ] } },
{ "type": "Feature", "properties": { "nombre": "Camino sin nombre", "longitud_km": 4.03 }, "geometry": { "type": "LineString", "coordinates": [ [ -70.4572, -45.9434 ], [ -70.4062, -45.9365 ] ] } },
{ "type": "Feature", "properties": { "nombre": "Camino sin nombre", "longitud_km": 3.42 }, "geometry": { "type": "LineString", "coordinates": [ [ -70.4572, -45.9434 ], [ -70.5012, -45.9431 ] ] } },
{ "type": "Feature", "properties": { "nombre": "Camino sin nombre", "longitud_km": 4.81 }, "geometry": { "type": "LineString", "coordinates": [ [ -69.9669, -45.9848 ], [ -69.9757, -45.9822 ], [ -69.9756, -45.9632 ], [ -69.9696, -45.9584 ], [ -69.9534, -45.9587 ] ] } },
{ "type": "Feature", "properties": { "nombre": "Camino sin nombre", "longitud_km": 2.34 }, "geometry": { "type": "LineString", "coordinates": [ [ -70.4836, -45.9536 ], [ -70.4572, -45.9434 ] ] } },
{ "type": "Feature", "properties": { "nombre": "Camino sin nombre", "longitud_km": 4.01 }, "geometry": { "type": "LineString", "coordinates": [ [ -70.8422, -45.932 ], [ -70.8589, -45.8979 ] ] } },
{ "type": "Feature", "properties": { "nombre": "Camino sin nombre", "longitud_km": 5.58 }, "geometry": { "type": "LineString", "coordinates": [ [ -70.9047, -45.909 ], [ -70.8747, -45.9148 ], [ -70.8422, -45.932 ] ] } },
{ "type": "Feature", "properties": { "nombre": "Camino sin nombre", "longitud_km": 11.4 }, "geometry": { "type": "LineString", "coordinates": [ [ -70.623, -45.9515 ], [ -70.6049, -45.9349 ], [ -70.5962, -45.8871 ], [ -70.625, -45.8603 ] ] } },
{ "type": "Feature", "properties": { "nombre": "Camino sin nombre", "longitud_km": 4.88 }, "geometry": { "type": "LineString", "coordinates": [ [ -69.8784, -45.9636 ], [ -69.9196, -45.9968 ] ] } },
{ "type": "Feature", "properties": { "nombre": "Camino sin nombre", "longitud_km": 5.22 }, "geometry": { "type": "LineString", "coordinates": [ [ -69.9534, -45.9587 ], [ -69.9389, -45.9879 ], [ -69.9196, -45.9968 ] ] } },
{ "type": "Feature", "properties": { "nombre": "Camino sin nombre", "longitud_km": 2.1 }, "geometry": { "type": "LineString", "coordinates": [ [ -71.5615, -45.8852 ], [ -71.5585, -45.8665 ] ] } },
{ "type": "Feature", "properties": { "nombre": "Camino sin nombre", "longitud_km": 11.81 }, "geometry": { "type": "LineString", "coordinates": [ [ -71.5615, -45.8852 ], [ -71.6941, -45.8331 ] ] } },
{ "type": "Feature", "properties": { "nombre": "Camino sin nombre", "longitud_km": 8.05 }, "geometry": { "type": "LineString", "coordinates": [ [ -70.8365, -45.9435 ], [ -70.8095, -45.9225 ], [ -70.7703, -45.9121 ], [ -70.7552, -45.9015 ] ] } },
{ "type": "Feature", "properties": { "nombre": "Camino sin nombre", "longitud_km": 1.35 }, "geometry": { "type": "LineString", "coordinates": [ [ -70.8365, -45.9435 ], [ -70.8422, -45.932 ] ] } },
{ "type": "Feature", "properties": { "nombre": "Camino sin nombre", "longitud_km": 5.69 }, "geometry": { "type": "LineString", "coordinates": [ [ -71.5192, -45.8961 ], [ -71.507, -45.8847 ], [ -71.4874, -45.8798 ], [ -71.4827, -45.8576 ] ] } },
{ "type": "Feature", "properties": { "nombre": "Camino sin nombre", "longitud_km": 3.5 }, "geometry": { "type": "LineString", "coordinates": [ [ -71.5192, -45.8961 ], [ -71.5615, -45.8852 ] ] } },
{ "type": "Feature", "properties": { "nombre": "Camino sin nombre", "longitud_km": 21.19 }, "geometry": { "type": "LineString", "coordinates": [ [ -71.1265, -45.7987 ], [ -71.1407, -45.8181 ], [ -71.1714, -45.8329 ], [ -71.1974, -45.8571 ], [ -71.2636, -45.8992 ], [ -71.3315, -45.9151 ] ] } },
{ "type": "Feature", "properties": { "nombre": "Camino sin nombre", "longitud_km": 3.37 }, "geometry": { "type": "LineString", "coordinates": [ [ -71.3315, -45.9151 ], [ -71.3357, -45.9024 ], [ -71.3484, -45.8876 ] ] } },
{ "type": "Feature", "properties": { "nombre": "Camino sin nombre", "longitud_km": 1.02 }, "geometry": { "type": "LineString", "coordinates": [ [ -71.3315, -45.9151 ], [ -71.3225, -45.9219 ] ] } },
{ "type": "Feature", "properties": { "nombre": "Camino sin nombre", "longitud_km": 10.06 }, "geometry": { "type": "LineString", "coordinates": [ [ -70.2977, -45.9462 ], [ -70.2711, -45.9895 ], [ -70.2235, -45.9945 ], [ -70.2117, -45.9998 ] ] } },
{ "type": "Feature", "properties": { "nombre": "Camino sin nombre", "longitud_km": 11.55 }, "geometry": { "type": "LineString", "coordinates": [ [ -71.3748, -45.9194 ], [ -71.4196, -45.9167 ], [ -71.5192, -45.8961 ] ] } },
{ "type": "Feature", "properties": { "nombre": "Camino sin nombre", "longitud_km": 5.96 }, "geometry": { "type": "LineString", "coordinates": [ [ -70.5934, -45.9606 ], [ -70.5713, -46.012 ] ] } },
{ "type": "Feature", "properties": { "nombre": "Camino sin nombre", "longitud_km": 5.64 }, "geometry": { "type": "LineString", "coordinates": [ [ -71.1359, -45.915 ], [ -71.1622, -45.9623 ] ] } },
{ "type": "Feature", "properties": { "nombre": "Camino sin nombre", "longitud_km": 11.45 }, "geometry": { "type": "LineString", "coordinates": [ [ -70.6881, -45.9281 ], [ -70.7461, -45.9665 ], [ -70.7544, -45.9998 ], [ -70.7659, -46.0106 ] ] } },
{ "type": "Feature", "properties": { "nombre": "Camino sin nombre", "longitud_km": 9.33 }, "geometry": { "type": "LineString", "coordinates": [ [ -70.8365, -45.9435 ], [ -70.8126, -45.9713 ], [ -70.7964, -45.9801 ], [ -70.7659, -46.0106 ] ] } },
{ "type": "Feature", "properties": { "nombre": "Camino sin nombre", "longitud_km": 7.96 }, "geometry": { "type": "LineString", "coordinates": [ [ -71.5615, -45.8852 ], [ -71.5605, -45.9061 ], [ -71.5511, -45.9279 ], [ -71.5352, -45.9385 ], [ -71.5273, -45.9499 ] ] } },
{ "type": "Feature", "properties": { "nombre": "Camino sin nombre", "longitud_km": 9.74 }, "geometry": { "type": "LineString", "coordinates": [ [ -71.2683, -45.9364 ], [ -71.2911, -45.9506 ], [ -71.3186, -45.9522 ], [ -71.3497, -45.968 ], [ -71.3598, -45.987 ] ] } },
{ "type": "Feature", "properties": { "nombre": "Camino sin nombre", "longitud_km": 13.49 }, "geometry": { "type": "LineString", "coordinates": [ [ -71.3598, -45.987 ], [ -71.4564, -45.9726 ], [ -71.524, -45.9497 ] ] } },
{ "type": "Feature", "properties": { "nombre": "Camino sin nombre", "longitud_km": 9.81 }, "geometry": { "type": "LineString", "coordinates": [ [ -71.524, -45.9497 ], [ -71.5256, -45.9712 ], [ -71.5125, -45.9847 ], [ -71.5279, -45.9966 ], [ -71.521, -46.0161 ], [ -71.5234, -46.0268 ], [ -71.5192, -46.0287 ] ] } },
{ "type": "Feature", "properties": { "nombre": "Camino sin nombre", "longitud_km": 4.17 }, "geometry": { "type": "LineString", "coordinates": [ [ -65.6365, -42.3672 ], [ -65.6339, -42.3297 ] ] } },
{ "type": "Feature", "properties": { "nombre": "Camino sin nombre", "longitud_km": 0.38 }, "geometry": { "type": "LineString", "coordinates": [ [ -70.6066, -44.9795 ], [ -70.6045, -44.9763 ] ] } },
{ "type": "Feature", "properties": { "nombre": "Camino sin nombre", "longitud_km": 37.51 }, "geometry": { "type": "LineString", "coordinates": [ [ -65.1818, -42.3578 ], [ -65.275, -42.3557 ], [ -65.3616, -42.3629 ], [ -65.6365, -42.3672 ] ] } },
{ "type": "Feature", "properties": { "nombre": "Camino sin nombre", "longitud_km": 0.39 }, "geometry": { "type": "LineString", "coordinates": [ [ -70.6092, -44.9765 ], [ -70.6066, -44.9795 ] ] } },
{ "type": "Feature", "properties": { "nombre": "Camino sin nombre", "longitud_km": 10.33 }, "geometry": { "type": "LineString", "coordinates": [ [ -71.2596, -42.8245 ], [ -71.2622, -42.8353 ], [ -71.2734, -42.8474 ], [ -71.2713, -42.8552 ], [ -71.2883, -42.8569 ], [ -71.2881, -42.8853 ], [ -71.2976, -42.8952 ], [ -71.2977, -42.9014 ] ] } },
{ "type": "Feature", "properties": { "nombre": "Camino sin nombre", "longitud_km": 8.97 }, "geometry": { "type": "LineString", "coordinates": [ [ -70.8492, -43.0634 ], [ -70.8513, -43.1271 ], [ -70.843, -43.143 ] ] } },
{ "type": "Feature", "properties": { "nombre": "Camino sin nombre", "longitud_km": 4.95 }, "geometry": { "type": "LineString", "coordinates": [ [ -71.6511, -43.1104 ], [ -71.6535, -43.1184 ], [ -71.6355, -43.1343 ], [ -71.6142, -43.1327 ] ] } },
{ "type": "Feature", "properties": { "nombre": "Camino sin nombre", "longitud_km": 6.37 }, "geometry": { "type": "LineString", "coordinates": [ [ -71.412, -43.2162 ], [ -71.3974, -43.2325 ], [ -71.3493, -43.2465 ] ] } },
{ "type": "Feature", "properties": { "nombre": "Camino sin nombre", "longitud_km": 2.86 }, "geometry": { "type": "LineString", "coordinates": [ [ -70.8269, -43.7003 ], [ -70.8448, -43.6781 ] ] } },
{ "type": "Feature", "properties": { "nombre": "Camino sin nombre", "longitud_km": 5.08 }, "geometry": { "type": "LineString", "coordinates": [ [ -70.9184, -43.8279 ], [ -70.9174, -43.8171 ], [ -70.8856, -43.791 ] ] } },
{ "type": "Feature", "properties": { "nombre": "Camino sin nombre", "longitud_km": 11.33 }, "geometry": { "type": "LineString", "coordinates": [ [ -70.8856, -43.791 ], [ -70.856, -43.7582 ], [ -70.839, -43.7262 ], [ -70.8318, -43.7214 ], [ -70.8269, -43.7003 ] ] } },
{ "type": "Feature", "properties": { "nombre": "Camino sin nombre", "longitud_km": 6.37 }, "geometry": { "type": "LineString", "coordinates": [ [ -71.5463, -43.969 ], [ -71.4801, -43.9826 ], [ -71.4727, -43.9881 ] ] } },
{ "type": "Feature", "properties": { "nombre": "Camino sin nombre", "longitud_km": 46.43 }, "geometry": { "type": "LineString", "coordinates": [ [ -66.4972, -44.5719 ], [ -66.4126, -44.4031 ], [ -66.3895, -44.3654 ], [ -66.2792, -44.3334 ], [ -66.1536, -44.2671 ] ] } },
{ "type": "Feature", "properties": { "nombre": "Camino sin nombre", "longitud_km": 9.48 }, "geometry": { "type": "LineString", "coordinates": [ [ -66.5383, -44.6083 ], [ -66.5727, -44.625 ], [ -66.6429, -44.6488 ] ] } },
{ "type": "Feature", "properties": { "nombre": "Camino sin nombre", "longitud_km": 4.57 }, "geometry": { "type": "LineString", "coordinates": [ [ -66.661, -44.6843 ], [ -66.6592, -44.7254 ] ] } },
{ "type": "Feature", "properties": { "nombre": "Camino sin nombre", "longitud_km": 9.28 }, "geometry": { "type": "LineString", "coordinates": [ [ -65.6646, -44.9037 ], [ -65.6787, -44.8844 ], [ -65.7146, -44.8687 ], [ -65.7366, -44.841 ] ] } },
{ "type": "Feature", "properties": { "nombre": "Camino sin nombre", "longitud_km": 12.02 }, "geometry": { "type": "LineString", "coordinates": [ [ -65.6646, -44.9037 ], [ -65.6501, -44.8943 ], [ -65.6275, -44.8903 ], [ -65.6077, -44.9034 ], [ -65.606, -44.9095 ], [ -65.5819, -44.9073 ], [ -65.5358, -44.9195 ] ] } },
{ "type": "Feature", "properties": { "nombre": "Camino sin nombre", "longitud_km": 14.04 }, "geometry": { "type": "LineString", "coordinates": [ [ -70.7863, -44.976 ], [ -70.7443, -44.9817 ], [ -70.6092, -44.9765 ] ] } },
{ "type": "Feature", "properties": { "nombre": "Camino sin nombre", "longitud_km": 17.48 }, "geometry": { "type": "LineString", "coordinates": [ [ -70.8036, -45.0126 ], [ -70.7761, -45.0151 ], [ -70.7518, -45.0257 ], [ -70.704, -45.0252 ], [ -70.6277, -44.9948 ], [ -70.6066, -44.9795 ] ] } },
{ "type": "Feature", "properties": { "nombre": "Camino sin nombre", "longitud_km": 0.84 }, "geometry": { "type": "LineString", "coordinates": [ [ -71.4274, -42.2219 ], [ -71.4283, -42.2144 ] ] } },
{ "type": "Feature", "properties": { "nombre": "Camino sin nombre", "longitud_km": 2.07 }, "geometry": { "type": "LineString", "coordinates": [ [ -65.2701, -43.2791 ], [ -65.2839, -43.2634 ] ] } },
{ "type": "Feature", "properties": { "nombre": "Camino sin nombre", "longitud_km": 0.92 }, "geometry": { "type": "LineString", "coordinates": [ [ -71.3548, -42.2344 ], [ -71.3643, -42.2387 ] ] } },
{ "type": "Feature", "properties": { "nombre": "Camino sin nombre", "longitud_km": 0.62 }, "geometry": { "type": "LineString", "coordinates": [ [ -71.4359, -42.2142 ], [ -71.4283, -42.2144 ] ] } },
{ "type": "Feature", "properties": { "nombre": "Camino sin nombre", "longitud_km": 6.83 }, "geometry": { "type": "LineString", "coordinates": [ [ -71.4283, -42.2144 ], [ -71.4123, -42.2098 ], [ -71.3931, -42.2119 ], [ -71.3643, -42.2387 ] ] } },
{ "type": "Feature", "properties": { "nombre": "Camino sin nombre", "longitud_km": 1.24 }, "geometry": { "type": "LineString", "coordinates": [ [ -71.3643, -42.2387 ], [ -71.3546, -42.2472 ] ] } },
{ "type": "Feature", "properties": { "nombre": "Camino sin nombre", "longitud_km": 9.79 }, "geometry": { "type": "LineString", "coordinates": [ [ -71.2311, -42.2922 ], [ -71.2063, -42.2687 ], [ -71.1475, -42.2502 ], [ -71.1353, -42.2562 ] ] } },
{ "type": "Feature", "properties": { "nombre": "Camino sin nombre", "longitud_km": 3.19 }, "geometry": { "type": "LineString", "coordinates": [ [ -71.1557, -42.903 ], [ -71.1465, -42.9088 ], [ -71.1239, -42.8981 ] ] } },
{ "type": "Feature", "properties": { "nombre": "Camino sin nombre", "longitud_km": 1.2 }, "geometry": { "type": "LineString", "coordinates": [ [ -71.6037, -42.8892 ], [ -71.6181, -42.8913 ] ] } },
{ "type": "Feature", "properties": { "nombre": "Camino sin nombre", "longitud_km": 2.98 }, "geometry": { "type": "LineString", "coordinates": [ [ -71.629, -42.8665 ], [ -71.6265, -42.8817 ], [ -71.6181, -42.8913 ] ] } },
{ "type": "Feature", "properties": { "nombre": "Camino sin nombre", "longitud_km": 3.36 }, "geometry": { "type": "LineString", "coordinates": [ [ -71.6181, -42.8913 ], [ -71.6092, -42.911 ], [ -71.5966, -42.9092 ] ] } },
{ "type": "Feature", "properties": { "nombre": "Camino sin nombre", "longitud_km": 3.7 }, "geometry": { "type": "LineString", "coordinates": [ [ -65.2703, -43.2146 ], [ -65.2716, -43.2225 ], [ -65.2946, -43.2415 ] ] } },
{ "type": "Feature", "properties": { "nombre": "Camino sin nombre", "longitud_km": 10.18 }, "geometry": { "type": "LineString", "coordinates": [ [ -71.5087, -43.1104 ], [ -71.5691, -43.1401 ], [ -71.5846, -43.1303 ], [ -71.5999, -43.1357 ], [ -71.6142, -43.1327 ] ] } },
{ "type": "Feature", "properties": { "nombre": "Camino sin nombre", "longitud_km": 4.17 }, "geometry": { "type": "LineString", "coordinates": [ [ -71.6142, -43.1327 ], [ -71.6194, -43.1251 ], [ -71.6413, -43.1203 ], [ -71.6511, -43.1104 ] ] } },
{ "type": "Feature", "properties": { "nombre": "Camino sin nombre", "longitud_km": 3.94 }, "geometry": { "type": "LineString", "coordinates": [ [ -71.0747, -42.5954 ], [ -71.0451, -42.59 ], [ -71.0337, -42.5801 ] ] } },
{ "type": "Feature", "properties": { "nombre": "Camino sin nombre", "longitud_km": 3.62 }, "geometry": { "type": "LineString", "coordinates": [ [ -65.2992, -43.2328 ], [ -65.2839, -43.2634 ] ] } },
{ "type": "Feature", "properties": { "nombre": "Camino sin nombre", "longitud_km": 0.14 }, "geometry": { "type": "LineString", "coordinates": [ [ -65.2992, -43.2339 ], [ -65.3007, -43.2332 ] ] } },
{ "type": "Feature", "properties": { "nombre": "Camino sin nombre", "longitud_km": 0.9 }, "geometry": { "type": "LineString", "coordinates": [ [ -65.2701, -43.2791 ], [ -65.2619, -43.2845 ] ] } },
{ "type": "Feature", "properties": { "nombre": "Camino sin nombre", "longitud_km": 8.1 }, "geometry": { "type": "LineString", "coordinates": [ [ -65.0518, -43.3079 ], [ -65.0389, -43.312 ], [ -65.0552, -43.3389 ], [ -65.0603, -43.3343 ], [ -65.0518, -43.3079 ] ] } },
{ "type": "Feature", "properties": { "nombre": "Camino sin nombre", "longitud_km": 0.99 }, "geometry": { "type": "LineString", "coordinates": [ [ -71.4627, -43.0743 ], [ -71.4748, -43.075 ] ] } },
{ "type": "Feature", "properties": { "nombre": "Camino sin nombre", "longitud_km": 0.59 }, "geometry": { "type": "LineString", "coordinates": [ [ -71.4821, -43.0917 ], [ -71.487, -43.0956 ] ] } },
{ "type": "Feature", "properties": { "nombre": "Camino sin nombre", "longitud_km": 2.58 }, "geometry": { "type": "LineString", "coordinates": [ [ -71.487, -43.0956 ], [ -71.4638, -43.1114 ] ] } },
{ "type": "Feature", "properties": { "nombre": "Camino sin nombre", "longitud_km": 2.41 }, "geometry": { "type": "LineString", "coordinates": [ [ -71.487, -43.0956 ], [ -71.5087, -43.1104 ] ] } },
{ "type": "Feature", "properties": { "nombre": "Camino sin nombre", "longitud_km": 5.36 }, "geometry": { "type": "LineString", "coordinates": [ [ -67.6256, -45.541 ], [ -67.6634, -45.5586 ], [ -67.6623, -45.5749 ] ] } },
{ "type": "Feature", "properties": { "nombre": "Camino sin nombre", "longitud_km": 5.58 }, "geometry": { "type": "LineString", "coordinates": [ [ -67.6623, -45.5749 ], [ -67.658, -45.6116 ], [ -67.6645, -45.6241 ] ] } },
{ "type": "Feature", "properties": { "nombre": "Camino sin nombre", "longitud_km": 1.53 }, "geometry": { "type": "LineString", "coordinates": [ [ -67.6645, -45.6241 ], [ -67.6554, -45.6364 ] ] } },
{ "type": "Feature", "properties": { "nombre": "Camino sin nombre", "longitud_km": 4.01 }, "geometry": { "type": "LineString", "coordinates": [ [ -65.0996, -43.3027 ], [ -65.0794, -43.3011 ], [ -65.0518, -43.3079 ] ] } }
]
}
