{
"type": "FeatureCollection",
"name": "la-pampa",
"crs": { "type": "name", "properties": { "name": "urn:ogc:def:crs:OGC:1.3:CRS84" } },
"xy_coordinate_resolution": 0.0001,
"features": [
{ "type": "Feature", "properties": { "nombre": "Camino sin nombre", "longitud_km": 2.28 }, "geometry": { "type": "LineString", "coordinates": [ [ -67.9788, -37.2531 ], [ -68.0, -37.2415 ] ] } },
{ "type": "Feature", "properties": { "nombre": "Camino sin nombre", "longitud_km": 24.09 }, "geometry": { "type": "LineString", "coordinates": [ [ -68.0, -37.4715 ], [ -67.9622, -37.4387 ], [ -67.9621, -37.4244 ], [ -67.9662, -37.4197 ], [ -67.9374, -37.4038 ], [ -67.8991, -37.3617 ], [ -67.9012, -37.3297 ], [ -67.9054, -37.3163 ], [ -67.9119, -37.3129 ], [ -67.9121, -37.3005 ], [ -67.9062, -37.2938 ] ] } },
{ "type": "Feature", "properties": { "nombre": "Camino sin nombre", "longitud_km": 2.79 }, "geometry": { "type": "LineString", "coordinates": [ [ -67.8597, -38.0211 ], [ -67.8425, -38.0 ] ] } },
{ "type": "Feature", "properties": { "nombre": "Camino sin nombre", "longitud_km": 3.42 }, "geometry": { "type": "LineString", "coordinates": [ [ -67.8313, -38.0 ], [ -67.8597, -38.0211 ] ] } },
{ "type": "Feature", "properties": { "nombre": "Camino sin nombre", "longitud_km": 2.62 }, "geometry": { "type": "LineString", "coordinates": [ [ -67.8597, -38.0211 ], [ -67.8732, -38.0 ] ] } },
{ "type": "Feature", "properties": { "nombre": "Camino sin nombre", "longitud_km": 6.16 }, "geometry": { "type": "LineString", "coordinates": [ [ -63.6636, -34.9501 ], [ -63.6632, -35.0057 ] ] } },
{ "type": "Feature", "properties": { "nombre": "Camino sin nombre", "longitud_km": 9.23 }, "geometry": { "type": "LineString", "coordinates": [ [ -63.4862, -35.0045 ], [ -63.3851, -35.0026 ] ] } },
{ "type": "Feature", "properties": { "nombre": "Camino sin nombre", "longitud_km": 5.7 }, "geometry": { "type": "LineString", "coordinates": [ [ -64.2568, -35.0114 ], [ -64.2581, -34.9601 ] ] } },
{ "type": "Feature", "properties": { "nombre": "Camino sin nombre", "longitud_km": 9.27 }, "geometry": { "type": "LineString", "coordinates": [ [ -63.5878, -35.0051 ], [ -63.4862, -35.0045 ] ] } },
{ "type": "Feature", "properties": { "nombre": "Camino sin nombre", "longitud_km": 0.78 }, "geometry": { "type": "LineString", "coordinates": [ [ -63.5963, -35.0052 ], [ -63.5878, -35.0051 ] ] } },
{ "type": "Feature", "properties": { "nombre": "Camino sin nombre", "longitud_km": 6.11 }, "geometry": { "type": "LineString", "coordinates": [ [ -63.6632, -35.0057 ], [ -63.5963, -35.0052 ] ] } },
{ "type": "Feature", "properties": { "nombre": "Camino sin nombre", "longitud_km": 2.59 }, "geometry": { "type": "LineString", "coordinates": [ [ -63.6916, -35.0058 ], [ -63.6632, -35.0057 ] ] } },
{ "type": "Feature", "properties": { "nombre": "Camino sin nombre", "longitud_km": 1.34 }, "geometry": { "type": "LineString", "coordinates": [ [ -63.7063, -35.006 ], [ -63.6916, -35.0058 ] ] } },
{ "type": "Feature", "properties": { "nombre": "Camino sin nombre", "longitud_km": 0.06 }, "geometry": { "type": "LineString", "coordinates": [ [ -63.7064, -35.0054 ], [ -63.7063, -35.006 ] ] } },
{ "type": "Feature", "properties": { "nombre": "Camino sin nombre", "longitud_km": 1.84 }, "geometry": { "type": "LineString", "coordinates": [ [ -63.7265, -35.0062 ], [ -63.7063, -35.006 ] ] } },
{ "type": "Feature", "properties": { "nombre": "Camino sin nombre", "longitud_km": 0.65 }, "geometry": { "type": "LineString", "coordinates": [ [ -63.7336, -35.0063 ], [ -63.7265, -35.0062 ] ] } },
{ "type": "Feature", "properties": { "nombre": "Camino sin nombre", "longitud_km": 7.5 }, "geometry": { "type": "LineString", "coordinates": [ [ -63.8158, -35.007 ], [ -63.7336, -35.0063 ] ] } },
{ "type": "Feature", "properties": { "nombre": "Camino sin nombre", "longitud_km": 0.08 }, "geometry": { "type": "LineString", "coordinates": [ [ -63.8167, -35.007 ], [ -63.8158, -35.007 ] ] } },
{ "type": "Feature", "properties": { "nombre": "Camino sin nombre", "longitud_km": 10.02 }, "geometry": { "type": "LineString", "coordinates": [ [ -63.9265, -35.0077 ], [ -63.8167, -35.007 ] ] } },
{ "type": "Feature", "properties": { "nombre": "Camino sin nombre", "longitud_km": 10.07 }, "geometry": { "type": "LineString", "coordinates": [ [ -64.2568, -35.0114 ], [ -64.1465, -35.0093 ] ] } },
{ "type": "Feature", "properties": { "nombre": "Camino sin nombre", "longitud_km": 16.16 }, "geometry": { "type": "LineString", "coordinates": [ [ -65.0318, -35.0698 ], [ -65.0304, -34.9241 ] ] } },
{ "type": "Feature", "properties": { "nombre": "Camino sin nombre", "longitud_km": 1.82 }, "geometry": { "type": "LineString", "coordinates": [ [ -64.2768, -35.0112 ], [ -64.2568, -35.0114 ] ] } },
{ "type": "Feature", "properties": { "nombre": "Camino sin nombre", "longitud_km": 18.43 }, "geometry": { "type": "LineString", "coordinates": [ [ -63.5862, -35.0222 ], [ -63.4191, -35.0144 ], [ -63.3851, -35.009 ] ] } },
{ "type": "Feature", "properties": { "nombre": "Camino sin nombre", "longitud_km": 1.9 }, "geometry": { "type": "LineString", "coordinates": [ [ -63.5878, -35.0051 ], [ -63.5862, -35.0222 ] ] } },
{ "type": "Feature", "properties": { "nombre": "Camino sin nombre", "longitud_km": 1.65 }, "geometry": { "type": "LineString", "coordinates": [ [ -63.8158, -35.007 ], [ -63.816, -35.0218 ] ] } },
{ "type": "Feature", "properties": { "nombre": "Camino sin nombre", "longitud_km": 2.95 }, "geometry": { "type": "LineString", "coordinates": [ [ -63.6184, -35.0231 ], [ -63.5862, -35.0222 ] ] } },
{ "type": "Feature", "properties": { "nombre": "Camino sin nombre", "longitud_km": 7.25 }, "geometry": { "type": "LineString", "coordinates": [ [ -63.9038, -35.0214 ], [ -63.8243, -35.0218 ] ] } },
{ "type": "Feature", "properties": { "nombre": "Camino sin nombre", "longitud_km": 5.17 }, "geometry": { "type": "LineString", "coordinates": [ [ -63.9908, -35.0207 ], [ -63.9342, -35.021 ] ] } },
{ "type": "Feature", "properties": { "nombre": "Camino sin nombre", "longitud_km": 0.8 }, "geometry": { "type": "LineString", "coordinates": [ [ -63.9125, -35.0214 ], [ -63.9038, -35.0214 ] ] } },
{ "type": "Feature", "properties": { "nombre": "Camino sin nombre", "longitud_km": 2.78 }, "geometry": { "type": "LineString", "coordinates": [ [ -63.9279, -35.0077 ], [ -63.9278, -35.0201 ], [ -63.9125, -35.0214 ] ] } },
{ "type": "Feature", "properties": { "nombre": "Camino sin nombre", "longitud_km": 1.98 }, "geometry": { "type": "LineString", "coordinates": [ [ -63.9342, -35.021 ], [ -63.9125, -35.0214 ] ] } },
{ "type": "Feature", "properties": { "nombre": "Camino sin nombre", "longitud_km": 3.74 }, "geometry": { "type": "LineString", "coordinates": [ [ -64.0318, -35.0204 ], [ -63.9908, -35.0207 ] ] } },
{ "type": "Feature", "properties": { "nombre": "Camino sin nombre", "longitud_km": 2.48 }, "geometry": { "type": "LineString", "coordinates": [ [ -64.0706, -35.0201 ], [ -64.0434, -35.0204 ] ] } },
{ "type": "Feature", "properties": { "nombre": "Camino sin nombre", "longitud_km": 1.06 }, "geometry": { "type": "LineString", "coordinates": [ [ -64.0434, -35.0204 ], [ -64.0318, -35.0204 ] ] } },
{ "type": "Feature", "properties": { "nombre": "Camino sin nombre", "longitud_km": 0.76 }, "geometry": { "type": "LineString", "coordinates": [ [ -63.816, -35.0218 ], [ -63.8243, -35.0218 ] ] } },
{ "type": "Feature", "properties": { "nombre": "Camino sin nombre", "longitud_km": 1.91 }, "geometry": { "type": "LineString", "coordinates": [ [ -63.7274, -35.0234 ], [ -63.7265, -35.0062 ] ] } },
{ "type": "Feature", "properties": { "nombre": "Camino sin nombre", "longitud_km": 8.09 }, "geometry": { "type": "LineString", "coordinates": [ [ -63.816, -35.0218 ], [ -63.7274, -35.0234 ] ] } },
{ "type": "Feature", "properties": { "nombre": "Camino sin nombre", "longitud_km": 3.33 }, "geometry": { "type": "LineString", "coordinates": [ [ -63.7274, -35.0234 ], [ -63.6909, -35.0245 ] ] } },
{ "type": "Feature", "properties": { "nombre": "Camino sin nombre", "longitud_km": 6.62 }, "geometry": { "type": "LineString", "coordinates": [ [ -63.6909, -35.0245 ], [ -63.6184, -35.0231 ] ] } },
{ "type": "Feature", "properties": { "nombre": "Camino sin nombre", "longitud_km": 2.07 }, "geometry": { "type": "LineString", "coordinates": [ [ -63.6909, -35.0245 ], [ -63.6916, -35.0058 ] ] } },
{ "type": "Feature", "properties": { "nombre": "Camino sin nombre", "longitud_km": 0.26 }, "geometry": { "type": "LineString", "coordinates": [ [ -63.9125, -35.0214 ], [ -63.9127, -35.0237 ] ] } },
{ "type": "Feature", "properties": { "nombre": "Camino sin nombre", "longitud_km": 2.63 }, "geometry": { "type": "LineString", "coordinates": [ [ -64.5915, -35.0355 ], [ -64.5885, -35.0119 ] ] } },
{ "type": "Feature", "properties": { "nombre": "Camino sin nombre", "longitud_km": 15.36 }, "geometry": { "type": "LineString", "coordinates": [ [ -64.2378, -35.033 ], [ -64.126, -35.0198 ], [ -64.0706, -35.0201 ] ] } },
{ "type": "Feature", "properties": { "nombre": "Camino sin nombre", "longitud_km": 0.53 }, "geometry": { "type": "LineString", "coordinates": [ [ -64.2435, -35.0337 ], [ -64.2378, -35.033 ] ] } },
{ "type": "Feature", "properties": { "nombre": "Camino sin nombre", "longitud_km": 1.33 }, "geometry": { "type": "LineString", "coordinates": [ [ -64.2579, -35.0355 ], [ -64.2435, -35.0337 ] ] } },
{ "type": "Feature", "properties": { "nombre": "Camino sin nombre", "longitud_km": 1.86 }, "geometry": { "type": "LineString", "coordinates": [ [ -64.2378, -35.033 ], [ -64.2579, -35.0355 ] ] } },
{ "type": "Feature", "properties": { "nombre": "Camino sin nombre", "longitud_km": 0.53 }, "geometry": { "type": "LineString", "coordinates": [ [ -64.2637, -35.036 ], [ -64.2579, -35.0355 ] ] } },
{ "type": "Feature", "properties": { "nombre": "Camino sin nombre", "longitud_km": 2.17 }, "geometry": { "type": "LineString", "coordinates": [ [ -63.6184, -35.0231 ], [ -63.6181, -35.0426 ] ] } },
{ "type": "Feature", "properties": { "nombre": "Camino sin nombre", "longitud_km": 3.06 }, "geometry": { "type": "LineString", "coordinates": [ [ -63.9908, -35.0207 ], [ -63.9912, -35.0483 ] ] } },
{ "type": "Feature", "properties": { "nombre": "Camino sin nombre", "longitud_km": 2.45 }, "geometry": { "type": "LineString", "coordinates": [ [ -63.6836, -35.0319 ], [ -63.6714, -35.0318 ], [ -63.6716, -35.0438 ] ] } },
{ "type": "Feature", "properties": { "nombre": "Camino sin nombre", "longitud_km": 2.72 }, "geometry": { "type": "LineString", "coordinates": [ [ -63.8243, -35.0218 ], [ -63.8243, -35.0463 ] ] } },
{ "type": "Feature", "properties": { "nombre": "Camino sin nombre", "longitud_km": 3.81 }, "geometry": { "type": "LineString", "coordinates": [ [ -64.6333, -35.0358 ], [ -64.5915, -35.0355 ] ] } },
{ "type": "Feature", "properties": { "nombre": "Camino sin nombre", "longitud_km": 2.26 }, "geometry": { "type": "LineString", "coordinates": [ [ -63.6906, -35.0449 ], [ -63.6909, -35.0245 ] ] } },
{ "type": "Feature", "properties": { "nombre": "Camino sin nombre", "longitud_km": 5.02 }, "geometry": { "type": "LineString", "coordinates": [ [ -64.3186, -35.0399 ], [ -64.2637, -35.036 ] ] } },
{ "type": "Feature", "properties": { "nombre": "Camino sin nombre", "longitud_km": 3.42 }, "geometry": { "type": "LineString", "coordinates": [ [ -64.6708, -35.0361 ], [ -64.6333, -35.0358 ] ] } },
{ "type": "Feature", "properties": { "nombre": "Camino sin nombre", "longitud_km": 2.79 }, "geometry": { "type": "LineString", "coordinates": [ [ -64.6708, -35.0361 ], [ -64.6755, -35.0319 ], [ -64.676, -35.0125 ] ] } },
{ "type": "Feature", "properties": { "nombre": "Camino sin nombre", "longitud_km": 3.26 }, "geometry": { "type": "LineString", "coordinates": [ [ -64.3883, -35.0111 ], [ -64.3872, -35.0405 ] ] } },
{ "type": "Feature", "properties": { "nombre": "Camino sin nombre", "longitud_km": 2.81 }, "geometry": { "type": "LineString", "coordinates": [ [ -63.9345, -35.0463 ], [ -63.9342, -35.021 ] ] } },
{ "type": "Feature", "properties": { "nombre": "Camino sin nombre", "longitud_km": 4.95 }, "geometry": { "type": "LineString", "coordinates": [ [ -64.3726, -35.0435 ], [ -64.3186, -35.0399 ] ] } },
{ "type": "Feature", "properties": { "nombre": "Camino sin nombre", "longitud_km": 1.34 }, "geometry": { "type": "LineString", "coordinates": [ [ -64.3873, -35.0446 ], [ -64.3726, -35.0435 ] ] } },
{ "type": "Feature", "properties": { "nombre": "Camino sin nombre", "longitud_km": 0.46 }, "geometry": { "type": "LineString", "coordinates": [ [ -64.3873, -35.0446 ], [ -64.3872, -35.0405 ] ] } },
{ "type": "Feature", "properties": { "nombre": "Camino sin nombre", "longitud_km": 3.3 }, "geometry": { "type": "LineString", "coordinates": [ [ -64.0434, -35.0204 ], [ -64.0439, -35.0501 ] ] } },
{ "type": "Feature", "properties": { "nombre": "Camino sin nombre", "longitud_km": 3.44 }, "geometry": { "type": "LineString", "coordinates": [ [ -64.0706, -35.0201 ], [ -64.0715, -35.0511 ] ] } },
{ "type": "Feature", "properties": { "nombre": "Camino sin nombre", "longitud_km": 1.37 }, "geometry": { "type": "LineString", "coordinates": [ [ -64.319, -35.0522 ], [ -64.3186, -35.0399 ] ] } },
{ "type": "Feature", "properties": { "nombre": "Camino sin nombre", "longitud_km": 1.82 }, "geometry": { "type": "LineString", "coordinates": [ [ -63.5814, -35.0419 ], [ -63.5808, -35.0584 ] ] } },
{ "type": "Feature", "properties": { "nombre": "Camino sin nombre", "longitud_km": 2.21 }, "geometry": { "type": "LineString", "coordinates": [ [ -64.2435, -35.0536 ], [ -64.2435, -35.0337 ] ] } },
{ "type": "Feature", "properties": { "nombre": "Camino sin nombre", "longitud_km": 8.54 }, "geometry": { "type": "LineString", "coordinates": [ [ -64.3872, -35.0405 ], [ -64.48, -35.0511 ] ] } },
{ "type": "Feature", "properties": { "nombre": "Camino sin nombre", "longitud_km": 4.39 }, "geometry": { "type": "LineString", "coordinates": [ [ -64.48, -35.0511 ], [ -64.4791, -35.0115 ] ] } },
{ "type": "Feature", "properties": { "nombre": "Camino sin nombre", "longitud_km": 1.72 }, "geometry": { "type": "LineString", "coordinates": [ [ -64.2267, -35.0384 ], [ -64.2268, -35.054 ] ] } },
{ "type": "Feature", "properties": { "nombre": "Camino sin nombre", "longitud_km": 2.62 }, "geometry": { "type": "LineString", "coordinates": [ [ -63.5808, -35.0584 ], [ -63.6094, -35.0589 ] ] } },
{ "type": "Feature", "properties": { "nombre": "Camino sin nombre", "longitud_km": 1.1 }, "geometry": { "type": "LineString", "coordinates": [ [ -64.3726, -35.0535 ], [ -64.3726, -35.0435 ] ] } },
{ "type": "Feature", "properties": { "nombre": "Camino sin nombre", "longitud_km": 1.53 }, "geometry": { "type": "LineString", "coordinates": [ [ -64.5, -35.0509 ], [ -64.5167, -35.052 ] ] } },
{ "type": "Feature", "properties": { "nombre": "Camino sin nombre", "longitud_km": 5.7 }, "geometry": { "type": "LineString", "coordinates": [ [ -63.6094, -35.0589 ], [ -63.6719, -35.0597 ] ] } },
{ "type": "Feature", "properties": { "nombre": "Camino sin nombre", "longitud_km": 1.77 }, "geometry": { "type": "LineString", "coordinates": [ [ -63.6716, -35.0438 ], [ -63.6719, -35.0597 ] ] } },
{ "type": "Feature", "properties": { "nombre": "Camino sin nombre", "longitud_km": 3.55 }, "geometry": { "type": "LineString", "coordinates": [ [ -64.48, -35.0511 ], [ -64.5187, -35.0543 ] ] } },
{ "type": "Feature", "properties": { "nombre": "Camino sin nombre", "longitud_km": 1.04 }, "geometry": { "type": "LineString", "coordinates": [ [ -64.913, -35.0435 ], [ -64.9234, -35.0472 ] ] } },
{ "type": "Feature", "properties": { "nombre": "Camino sin nombre", "longitud_km": 1.17 }, "geometry": { "type": "LineString", "coordinates": [ [ -64.3874, -35.0552 ], [ -64.3873, -35.0446 ] ] } },
{ "type": "Feature", "properties": { "nombre": "Camino sin nombre", "longitud_km": 0.07 }, "geometry": { "type": "LineString", "coordinates": [ [ -64.5187, -35.0543 ], [ -64.5187, -35.0538 ] ] } },
{ "type": "Feature", "properties": { "nombre": "Camino sin nombre", "longitud_km": 1.6 }, "geometry": { "type": "LineString", "coordinates": [ [ -64.5187, -35.0543 ], [ -64.5362, -35.0553 ] ] } },
{ "type": "Feature", "properties": { "nombre": "Camino sin nombre", "longitud_km": 4.84 }, "geometry": { "type": "LineString", "coordinates": [ [ -64.5362, -35.0553 ], [ -64.5356, -35.0117 ] ] } },
{ "type": "Feature", "properties": { "nombre": "Camino sin nombre", "longitud_km": 5.08 }, "geometry": { "type": "LineString", "coordinates": [ [ -64.5362, -35.0553 ], [ -64.5917, -35.0591 ] ] } },
{ "type": "Feature", "properties": { "nombre": "Camino sin nombre", "longitud_km": 2.63 }, "geometry": { "type": "LineString", "coordinates": [ [ -64.5917, -35.0591 ], [ -64.5915, -35.0355 ] ] } },
{ "type": "Feature", "properties": { "nombre": "Camino sin nombre", "longitud_km": 1.1 }, "geometry": { "type": "LineString", "coordinates": [ [ -64.8505, -35.0571 ], [ -64.8523, -35.0473 ] ] } },
{ "type": "Feature", "properties": { "nombre": "Camino sin nombre", "longitud_km": 6.67 }, "geometry": { "type": "LineString", "coordinates": [ [ -64.8505, -35.0571 ], [ -64.9234, -35.0521 ] ] } },
{ "type": "Feature", "properties": { "nombre": "Camino sin nombre", "longitud_km": 0.03 }, "geometry": { "type": "LineString", "coordinates": [ [ -64.8411, -35.0576 ], [ -64.8413, -35.0574 ] ] } },
{ "type": "Feature", "properties": { "nombre": "Camino sin nombre", "longitud_km": 0.86 }, "geometry": { "type": "LineString", "coordinates": [ [ -64.8411, -35.0576 ], [ -64.8505, -35.0571 ] ] } },
{ "type": "Feature", "properties": { "nombre": "Camino sin nombre", "longitud_km": 3.78 }, "geometry": { "type": "LineString", "coordinates": [ [ -64.5917, -35.0591 ], [ -64.6331, -35.0617 ] ] } },
{ "type": "Feature", "properties": { "nombre": "Camino sin nombre", "longitud_km": 2.88 }, "geometry": { "type": "LineString", "coordinates": [ [ -64.6331, -35.0617 ], [ -64.6333, -35.0358 ] ] } },
{ "type": "Feature", "properties": { "nombre": "Camino sin nombre", "longitud_km": 5.24 }, "geometry": { "type": "LineString", "coordinates": [ [ -64.7929, -35.0605 ], [ -64.7946, -35.0132 ] ] } },
{ "type": "Feature", "properties": { "nombre": "Camino sin nombre", "longitud_km": 4.41 }, "geometry": { "type": "LineString", "coordinates": [ [ -64.7929, -35.0605 ], [ -64.8411, -35.0576 ] ] } },
{ "type": "Feature", "properties": { "nombre": "Camino sin nombre", "longitud_km": 1.6 }, "geometry": { "type": "LineString", "coordinates": [ [ -64.4804, -35.0655 ], [ -64.48, -35.0511 ] ] } },
{ "type": "Feature", "properties": { "nombre": "Camino sin nombre", "longitud_km": 2.99 }, "geometry": { "type": "LineString", "coordinates": [ [ -64.7603, -35.0628 ], [ -64.7929, -35.0605 ] ] } },
{ "type": "Feature", "properties": { "nombre": "Camino sin nombre", "longitud_km": 6.47 }, "geometry": { "type": "LineString", "coordinates": [ [ -64.6331, -35.0617 ], [ -64.6696, -35.0642 ], [ -64.6708, -35.0361 ] ] } },
{ "type": "Feature", "properties": { "nombre": "Camino sin nombre", "longitud_km": 3.09 }, "geometry": { "type": "LineString", "coordinates": [ [ -63.8243, -35.0463 ], [ -63.8245, -35.0742 ] ] } },
{ "type": "Feature", "properties": { "nombre": "Camino sin nombre", "longitud_km": 8.23 }, "geometry": { "type": "LineString", "coordinates": [ [ -63.9148, -35.0737 ], [ -63.8245, -35.0742 ] ] } },
{ "type": "Feature", "properties": { "nombre": "Camino sin nombre", "longitud_km": 3.06 }, "geometry": { "type": "LineString", "coordinates": [ [ -63.9149, -35.0462 ], [ -63.9148, -35.0737 ] ] } },
{ "type": "Feature", "properties": { "nombre": "Camino sin nombre", "longitud_km": 1.8 }, "geometry": { "type": "LineString", "coordinates": [ [ -63.9346, -35.074 ], [ -63.9148, -35.0737 ] ] } },
{ "type": "Feature", "properties": { "nombre": "Camino sin nombre", "longitud_km": 5.99 }, "geometry": { "type": "LineString", "coordinates": [ [ -64.7002, -35.0667 ], [ -64.6986, -35.0127 ] ] } },
{ "type": "Feature", "properties": { "nombre": "Camino sin nombre", "longitud_km": 5.49 }, "geometry": { "type": "LineString", "coordinates": [ [ -64.7002, -35.0667 ], [ -64.7603, -35.0628 ] ] } },
{ "type": "Feature", "properties": { "nombre": "Camino sin nombre", "longitud_km": 0.56 }, "geometry": { "type": "LineString", "coordinates": [ [ -64.6942, -35.0692 ], [ -64.7003, -35.0696 ] ] } },
{ "type": "Feature", "properties": { "nombre": "Camino sin nombre", "longitud_km": 0.33 }, "geometry": { "type": "LineString", "coordinates": [ [ -64.7003, -35.0696 ], [ -64.7002, -35.0667 ] ] } },
{ "type": "Feature", "properties": { "nombre": "Camino sin nombre", "longitud_km": 1.54 }, "geometry": { "type": "LineString", "coordinates": [ [ -64.5918, -35.0731 ], [ -64.5917, -35.0591 ] ] } },
{ "type": "Feature", "properties": { "nombre": "Camino sin nombre", "longitud_km": 3.04 }, "geometry": { "type": "LineString", "coordinates": [ [ -64.2268, -35.054 ], [ -64.227, -35.0813 ] ] } },
{ "type": "Feature", "properties": { "nombre": "Camino sin nombre", "longitud_km": 2.58 }, "geometry": { "type": "LineString", "coordinates": [ [ -64.2514, -35.078 ], [ -64.2515, -35.0811 ], [ -64.227, -35.0813 ] ] } },
{ "type": "Feature", "properties": { "nombre": "Camino sin nombre", "longitud_km": 10.54 }, "geometry": { "type": "LineString", "coordinates": [ [ -64.9234, -35.0472 ], [ -64.9621, -35.051 ], [ -65.0032, -35.0713 ], [ -65.0318, -35.0698 ] ] } },
{ "type": "Feature", "properties": { "nombre": "Camino sin nombre", "longitud_km": 5.28 }, "geometry": { "type": "LineString", "coordinates": [ [ -63.5812, -35.0923 ], [ -63.5233, -35.0932 ] ] } },
{ "type": "Feature", "properties": { "nombre": "Camino sin nombre", "longitud_km": 2.64 }, "geometry": { "type": "LineString", "coordinates": [ [ -64.9558, -35.0736 ], [ -64.9534, -35.0499 ] ] } },
{ "type": "Feature", "properties": { "nombre": "Camino sin nombre", "longitud_km": 3.76 }, "geometry": { "type": "LineString", "coordinates": [ [ -63.5808, -35.0584 ], [ -63.5812, -35.0923 ] ] } },
{ "type": "Feature", "properties": { "nombre": "Camino sin nombre", "longitud_km": 1.95 }, "geometry": { "type": "LineString", "coordinates": [ [ -64.6844, -35.0653 ], [ -64.6832, -35.0829 ] ] } },
{ "type": "Feature", "properties": { "nombre": "Camino sin nombre", "longitud_km": 4.86 }, "geometry": { "type": "LineString", "coordinates": [ [ -63.9912, -35.0483 ], [ -63.9914, -35.0921 ] ] } },
{ "type": "Feature", "properties": { "nombre": "Camino sin nombre", "longitud_km": 0.09 }, "geometry": { "type": "LineString", "coordinates": [ [ -63.9914, -35.0921 ], [ -63.9904, -35.0921 ] ] } },
{ "type": "Feature", "properties": { "nombre": "Camino sin nombre", "longitud_km": 5.09 }, "geometry": { "type": "LineString", "coordinates": [ [ -63.9904, -35.0921 ], [ -63.9346, -35.092 ] ] } },
{ "type": "Feature", "properties": { "nombre": "Camino sin nombre", "longitud_km": 4.82 }, "geometry": { "type": "LineString", "coordinates": [ [ -64.0442, -35.0917 ], [ -63.9914, -35.0921 ] ] } },
{ "type": "Feature", "properties": { "nombre": "Camino sin nombre", "longitud_km": 4.62 }, "geometry": { "type": "LineString", "coordinates": [ [ -64.0439, -35.0501 ], [ -64.0442, -35.0917 ] ] } },
{ "type": "Feature", "properties": { "nombre": "Camino sin nombre", "longitud_km": 4.25 }, "geometry": { "type": "LineString", "coordinates": [ [ -64.1051, -35.053 ], [ -64.1048, -35.0912 ] ] } },
{ "type": "Feature", "properties": { "nombre": "Camino sin nombre", "longitud_km": 6.28 }, "geometry": { "type": "LineString", "coordinates": [ [ -64.1048, -35.0912 ], [ -64.099, -35.091 ], [ -64.0996, -35.1259 ], [ -64.1087, -35.1261 ], [ -64.1101, -35.1356 ] ] } },
{ "type": "Feature", "properties": { "nombre": "Camino sin nombre", "longitud_km": 1.63 }, "geometry": { "type": "LineString", "coordinates": [ [ -64.7006, -35.0843 ], [ -64.7003, -35.0696 ] ] } },
{ "type": "Feature", "properties": { "nombre": "Camino sin nombre", "longitud_km": 2.48 }, "geometry": { "type": "LineString", "coordinates": [ [ -64.132, -35.091 ], [ -64.1048, -35.0912 ] ] } },
{ "type": "Feature", "properties": { "nombre": "Camino sin nombre", "longitud_km": 4.91 }, "geometry": { "type": "LineString", "coordinates": [ [ -64.1858, -35.0907 ], [ -64.132, -35.091 ] ] } },
{ "type": "Feature", "properties": { "nombre": "Camino sin nombre", "longitud_km": 2.89 }, "geometry": { "type": "LineString", "coordinates": [ [ -64.8411, -35.0576 ], [ -64.8387, -35.0836 ] ] } },
{ "type": "Feature", "properties": { "nombre": "Camino sin nombre", "longitud_km": 1.57 }, "geometry": { "type": "LineString", "coordinates": [ [ -63.6721, -35.1072 ], [ -63.6893, -35.107 ] ] } },
{ "type": "Feature", "properties": { "nombre": "Camino sin nombre", "longitud_km": 2.42 }, "geometry": { "type": "LineString", "coordinates": [ [ -65.0318, -35.0698 ], [ -65.0321, -35.0916 ] ] } },
{ "type": "Feature", "properties": { "nombre": "Camino sin nombre", "longitud_km": 1.61 }, "geometry": { "type": "LineString", "coordinates": [ [ -63.5233, -35.1076 ], [ -63.5233, -35.0932 ] ] } },
{ "type": "Feature", "properties": { "nombre": "Camino sin nombre", "longitud_km": 5.67 }, "geometry": { "type": "LineString", "coordinates": [ [ -63.5233, -35.1076 ], [ -63.5855, -35.1075 ] ] } },
{ "type": "Feature", "properties": { "nombre": "Camino sin nombre", "longitud_km": 1.97 }, "geometry": { "type": "LineString", "coordinates": [ [ -63.5812, -35.0923 ], [ -63.5845, -35.0925 ], [ -63.5855, -35.1075 ] ] } },
{ "type": "Feature", "properties": { "nombre": "Camino sin nombre", "longitud_km": 6.89 }, "geometry": { "type": "LineString", "coordinates": [ [ -63.6906, -35.0449 ], [ -63.6893, -35.107 ] ] } },
{ "type": "Feature", "properties": { "nombre": "Camino sin nombre", "longitud_km": 2.21 }, "geometry": { "type": "LineString", "coordinates": [ [ -63.5855, -35.1075 ], [ -63.6097, -35.1075 ] ] } },
{ "type": "Feature", "properties": { "nombre": "Camino sin nombre", "longitud_km": 5.27 }, "geometry": { "type": "LineString", "coordinates": [ [ -63.6719, -35.0597 ], [ -63.6721, -35.1072 ] ] } },
{ "type": "Feature", "properties": { "nombre": "Camino sin nombre", "longitud_km": 1.56 }, "geometry": { "type": "LineString", "coordinates": [ [ -64.132, -35.091 ], [ -64.1321, -35.1051 ] ] } },
{ "type": "Feature", "properties": { "nombre": "Camino sin nombre", "longitud_km": 6.94 }, "geometry": { "type": "LineString", "coordinates": [ [ -65.0997, -35.0897 ], [ -65.0999, -35.0863 ], [ -65.0866, -35.0819 ], [ -65.0695, -35.0817 ], [ -65.0318, -35.0698 ] ] } },
{ "type": "Feature", "properties": { "nombre": "Camino sin nombre", "longitud_km": 2.02 }, "geometry": { "type": "LineString", "coordinates": [ [ -63.6097, -35.1075 ], [ -63.6319, -35.1075 ] ] } },
{ "type": "Feature", "properties": { "nombre": "Camino sin nombre", "longitud_km": 3.67 }, "geometry": { "type": "LineString", "coordinates": [ [ -63.6319, -35.1075 ], [ -63.6721, -35.1072 ] ] } },
{ "type": "Feature", "properties": { "nombre": "Camino sin nombre", "longitud_km": 1.91 }, "geometry": { "type": "LineString", "coordinates": [ [ -63.6893, -35.107 ], [ -63.6895, -35.1242 ] ] } },
{ "type": "Feature", "properties": { "nombre": "Camino sin nombre", "longitud_km": 0.52 }, "geometry": { "type": "LineString", "coordinates": [ [ -65.0997, -35.0897 ], [ -65.0996, -35.0944 ] ] } },
{ "type": "Feature", "properties": { "nombre": "Camino sin nombre", "longitud_km": 9.87 }, "geometry": { "type": "LineString", "coordinates": [ [ -63.5233, -35.0932 ], [ -63.446, -35.0932 ], [ -63.4454, -35.1187 ] ] } },
{ "type": "Feature", "properties": { "nombre": "Camino sin nombre", "longitud_km": 8.33 }, "geometry": { "type": "LineString", "coordinates": [ [ -63.4454, -35.1187 ], [ -63.5234, -35.1187 ], [ -63.5233, -35.1076 ] ] } },
{ "type": "Feature", "properties": { "nombre": "Camino sin nombre", "longitud_km": 7.21 }, "geometry": { "type": "LineString", "coordinates": [ [ -64.3732, -35.1184 ], [ -64.3726, -35.0535 ] ] } },
{ "type": "Feature", "properties": { "nombre": "Camino sin nombre", "longitud_km": 5.46 }, "geometry": { "type": "LineString", "coordinates": [ [ -63.8245, -35.0742 ], [ -63.8249, -35.1235 ] ] } },
{ "type": "Feature", "properties": { "nombre": "Camino sin nombre", "longitud_km": 3.15 }, "geometry": { "type": "LineString", "coordinates": [ [ -64.4077, -35.118 ], [ -64.3732, -35.1184 ] ] } },
{ "type": "Feature", "properties": { "nombre": "Camino sin nombre", "longitud_km": 5.05 }, "geometry": { "type": "LineString", "coordinates": [ [ -63.8249, -35.1235 ], [ -63.7695, -35.124 ] ] } },
{ "type": "Feature", "properties": { "nombre": "Camino sin nombre", "longitud_km": 6.72 }, "geometry": { "type": "LineString", "coordinates": [ [ -64.4815, -35.1173 ], [ -64.4077, -35.118 ] ] } },
{ "type": "Feature", "properties": { "nombre": "Camino sin nombre", "longitud_km": 7.3 }, "geometry": { "type": "LineString", "coordinates": [ [ -63.7695, -35.124 ], [ -63.6895, -35.1242 ] ] } },
{ "type": "Feature", "properties": { "nombre": "Camino sin nombre", "longitud_km": 5.23 }, "geometry": { "type": "LineString", "coordinates": [ [ -63.6894, -35.1369 ], [ -63.632, -35.1372 ] ] } },
{ "type": "Feature", "properties": { "nombre": "Camino sin nombre", "longitud_km": 2.07 }, "geometry": { "type": "LineString", "coordinates": [ [ -63.7695, -35.124 ], [ -63.7669, -35.1426 ] ] } },
{ "type": "Feature", "properties": { "nombre": "Camino sin nombre", "longitud_km": 1.79 }, "geometry": { "type": "LineString", "coordinates": [ [ -63.4454, -35.1187 ], [ -63.4454, -35.1348 ] ] } },
{ "type": "Feature", "properties": { "nombre": "Camino sin nombre", "longitud_km": 3.32 }, "geometry": { "type": "LineString", "coordinates": [ [ -63.5855, -35.1075 ], [ -63.588, -35.1374 ] ] } },
{ "type": "Feature", "properties": { "nombre": "Camino sin nombre", "longitud_km": 3.3 }, "geometry": { "type": "LineString", "coordinates": [ [ -63.6319, -35.1075 ], [ -63.632, -35.1372 ] ] } },
{ "type": "Feature", "properties": { "nombre": "Camino sin nombre", "longitud_km": 1.99 }, "geometry": { "type": "LineString", "coordinates": [ [ -63.6099, -35.1373 ], [ -63.588, -35.1374 ] ] } },
{ "type": "Feature", "properties": { "nombre": "Camino sin nombre", "longitud_km": 1.41 }, "geometry": { "type": "LineString", "coordinates": [ [ -63.6895, -35.1242 ], [ -63.6894, -35.1369 ] ] } },
{ "type": "Feature", "properties": { "nombre": "Camino sin nombre", "longitud_km": 2.02 }, "geometry": { "type": "LineString", "coordinates": [ [ -63.632, -35.1372 ], [ -63.6099, -35.1373 ] ] } },
{ "type": "Feature", "properties": { "nombre": "Camino sin nombre", "longitud_km": 4.94 }, "geometry": { "type": "LineString", "coordinates": [ [ -64.3186, -35.1324 ], [ -64.2644, -35.1329 ] ] } },
{ "type": "Feature", "properties": { "nombre": "Camino sin nombre", "longitud_km": 8.9 }, "geometry": { "type": "LineString", "coordinates": [ [ -64.3186, -35.1324 ], [ -64.319, -35.0522 ] ] } },
{ "type": "Feature", "properties": { "nombre": "Camino sin nombre", "longitud_km": 1.57 }, "geometry": { "type": "LineString", "coordinates": [ [ -63.8249, -35.1235 ], [ -63.8249, -35.1376 ] ] } },
{ "type": "Feature", "properties": { "nombre": "Camino sin nombre", "longitud_km": 10.04 }, "geometry": { "type": "LineString", "coordinates": [ [ -63.935, -35.1366 ], [ -63.8249, -35.1376 ] ] } },
{ "type": "Feature", "properties": { "nombre": "Camino sin nombre", "longitud_km": 4.95 }, "geometry": { "type": "LineString", "coordinates": [ [ -63.9904, -35.0921 ], [ -63.9902, -35.1367 ] ] } },
{ "type": "Feature", "properties": { "nombre": "Camino sin nombre", "longitud_km": 5.03 }, "geometry": { "type": "LineString", "coordinates": [ [ -63.9902, -35.1367 ], [ -63.935, -35.1366 ] ] } },
{ "type": "Feature", "properties": { "nombre": "Camino sin nombre", "longitud_km": 9.95 }, "geometry": { "type": "LineString", "coordinates": [ [ -63.8249, -35.1376 ], [ -63.8253, -35.2273 ] ] } },
{ "type": "Feature", "properties": { "nombre": "Camino sin nombre", "longitud_km": 1.37 }, "geometry": { "type": "LineString", "coordinates": [ [ -64.5149, -35.1333 ], [ -64.4999, -35.1336 ] ] } },
{ "type": "Feature", "properties": { "nombre": "Camino sin nombre", "longitud_km": 5.07 }, "geometry": { "type": "LineString", "coordinates": [ [ -64.5926, -35.1324 ], [ -64.537, -35.1323 ] ] } },
{ "type": "Feature", "properties": { "nombre": "Camino sin nombre", "longitud_km": 6.59 }, "geometry": { "type": "LineString", "coordinates": [ [ -64.5926, -35.1324 ], [ -64.5918, -35.0731 ] ] } },
{ "type": "Feature", "properties": { "nombre": "Camino sin nombre", "longitud_km": 6.57 }, "geometry": { "type": "LineString", "coordinates": [ [ -64.6569, -35.1322 ], [ -64.6564, -35.0873 ], [ -64.6678, -35.0873 ], [ -64.6683, -35.0824 ] ] } },
{ "type": "Feature", "properties": { "nombre": "Camino sin nombre", "longitud_km": 1.1 }, "geometry": { "type": "LineString", "coordinates": [ [ -64.6468, -35.1324 ], [ -64.6347, -35.1326 ] ] } },
{ "type": "Feature", "properties": { "nombre": "Camino sin nombre", "longitud_km": 0.92 }, "geometry": { "type": "LineString", "coordinates": [ [ -64.6569, -35.1322 ], [ -64.6468, -35.1324 ] ] } },
{ "type": "Feature", "properties": { "nombre": "Camino sin nombre", "longitud_km": 3.84 }, "geometry": { "type": "LineString", "coordinates": [ [ -64.6347, -35.1326 ], [ -64.5926, -35.1324 ] ] } },
{ "type": "Feature", "properties": { "nombre": "Camino sin nombre", "longitud_km": 4.08 }, "geometry": { "type": "LineString", "coordinates": [ [ -64.7016, -35.1325 ], [ -64.6569, -35.1322 ] ] } },
{ "type": "Feature", "properties": { "nombre": "Camino sin nombre", "longitud_km": 5.34 }, "geometry": { "type": "LineString", "coordinates": [ [ -64.7016, -35.1325 ], [ -64.7006, -35.0843 ] ] } },
{ "type": "Feature", "properties": { "nombre": "Camino sin nombre", "longitud_km": 0.58 }, "geometry": { "type": "LineString", "coordinates": [ [ -64.6347, -35.1326 ], [ -64.6348, -35.1378 ] ] } },
{ "type": "Feature", "properties": { "nombre": "Camino sin nombre", "longitud_km": 7.76 }, "geometry": { "type": "LineString", "coordinates": [ [ -64.1422, -35.1457 ], [ -64.2274, -35.1452 ] ] } },
{ "type": "Feature", "properties": { "nombre": "Camino sin nombre", "longitud_km": 7.09 }, "geometry": { "type": "LineString", "coordinates": [ [ -64.227, -35.0813 ], [ -64.2274, -35.1452 ] ] } },
{ "type": "Feature", "properties": { "nombre": "Camino sin nombre", "longitud_km": 1.4 }, "geometry": { "type": "LineString", "coordinates": [ [ -64.4973, -35.1462 ], [ -64.482, -35.1471 ] ] } },
{ "type": "Feature", "properties": { "nombre": "Camino sin nombre", "longitud_km": 1.75 }, "geometry": { "type": "LineString", "coordinates": [ [ -63.9902, -35.1367 ], [ -63.9902, -35.1524 ] ] } },
{ "type": "Feature", "properties": { "nombre": "Camino sin nombre", "longitud_km": 6.71 }, "geometry": { "type": "LineString", "coordinates": [ [ -64.0442, -35.0917 ], [ -64.0448, -35.1522 ] ] } },
{ "type": "Feature", "properties": { "nombre": "Camino sin nombre", "longitud_km": 4.98 }, "geometry": { "type": "LineString", "coordinates": [ [ -64.0448, -35.1522 ], [ -63.9902, -35.1524 ] ] } },
{ "type": "Feature", "properties": { "nombre": "Camino sin nombre", "longitud_km": 9.97 }, "geometry": { "type": "LineString", "coordinates": [ [ -64.9237, -35.142 ], [ -65.0331, -35.1413 ] ] } },
{ "type": "Feature", "properties": { "nombre": "Camino sin nombre", "longitud_km": 5.52 }, "geometry": { "type": "LineString", "coordinates": [ [ -65.0321, -35.0916 ], [ -65.0331, -35.1413 ] ] } },
{ "type": "Feature", "properties": { "nombre": "Camino sin nombre", "longitud_km": 3.2 }, "geometry": { "type": "LineString", "coordinates": [ [ -63.4454, -35.1348 ], [ -63.4454, -35.1637 ] ] } },
{ "type": "Feature", "properties": { "nombre": "Camino sin nombre", "longitud_km": 3.0 }, "geometry": { "type": "LineString", "coordinates": [ [ -63.632, -35.1372 ], [ -63.6321, -35.1642 ] ] } },
{ "type": "Feature", "properties": { "nombre": "Camino sin nombre", "longitud_km": 2.03 }, "geometry": { "type": "LineString", "coordinates": [ [ -63.6321, -35.1642 ], [ -63.6098, -35.1643 ] ] } },
{ "type": "Feature", "properties": { "nombre": "Camino sin nombre", "longitud_km": 3.02 }, "geometry": { "type": "LineString", "coordinates": [ [ -63.588, -35.1374 ], [ -63.5902, -35.1645 ] ] } },
{ "type": "Feature", "properties": { "nombre": "Camino sin nombre", "longitud_km": 1.78 }, "geometry": { "type": "LineString", "coordinates": [ [ -63.6098, -35.1643 ], [ -63.5902, -35.1645 ] ] } },
{ "type": "Feature", "properties": { "nombre": "Camino sin nombre", "longitud_km": 3.01 }, "geometry": { "type": "LineString", "coordinates": [ [ -63.6894, -35.1369 ], [ -63.6894, -35.164 ] ] } },
{ "type": "Feature", "properties": { "nombre": "Camino sin nombre", "longitud_km": 5.22 }, "geometry": { "type": "LineString", "coordinates": [ [ -63.6894, -35.164 ], [ -63.6321, -35.1642 ] ] } },
{ "type": "Feature", "properties": { "nombre": "Camino sin nombre", "longitud_km": 2.93 }, "geometry": { "type": "LineString", "coordinates": [ [ -64.4821, -35.1558 ], [ -64.45, -35.1574 ] ] } },
{ "type": "Feature", "properties": { "nombre": "Camino sin nombre", "longitud_km": 10.45 }, "geometry": { "type": "LineString", "coordinates": [ [ -63.4454, -35.1637 ], [ -63.5234, -35.1636 ], [ -63.5233, -35.1938 ] ] } },
{ "type": "Feature", "properties": { "nombre": "Camino sin nombre", "longitud_km": 4.98 }, "geometry": { "type": "LineString", "coordinates": [ [ -64.703, -35.1773 ], [ -64.6483, -35.1776 ] ] } },
{ "type": "Feature", "properties": { "nombre": "Camino sin nombre", "longitud_km": 2.16 }, "geometry": { "type": "LineString", "coordinates": [ [ -63.4454, -35.1637 ], [ -63.4454, -35.1831 ] ] } },
{ "type": "Feature", "properties": { "nombre": "Camino sin nombre", "longitud_km": 5.31 }, "geometry": { "type": "LineString", "coordinates": [ [ -64.319, -35.1803 ], [ -64.3186, -35.1324 ] ] } },
{ "type": "Feature", "properties": { "nombre": "Camino sin nombre", "longitud_km": 3.35 }, "geometry": { "type": "LineString", "coordinates": [ [ -63.9902, -35.1524 ], [ -63.9903, -35.1826 ] ] } },
{ "type": "Feature", "properties": { "nombre": "Camino sin nombre", "longitud_km": 0.37 }, "geometry": { "type": "LineString", "coordinates": [ [ -64.319, -35.1803 ], [ -64.315, -35.1804 ] ] } },
{ "type": "Feature", "properties": { "nombre": "Camino sin nombre", "longitud_km": 4.97 }, "geometry": { "type": "LineString", "coordinates": [ [ -64.703, -35.1773 ], [ -64.7016, -35.1325 ] ] } },
{ "type": "Feature", "properties": { "nombre": "Camino sin nombre", "longitud_km": 4.58 }, "geometry": { "type": "LineString", "coordinates": [ [ -64.315, -35.1804 ], [ -64.2647, -35.181 ] ] } },
{ "type": "Feature", "properties": { "nombre": "Camino sin nombre", "longitud_km": 4.98 }, "geometry": { "type": "LineString", "coordinates": [ [ -64.0449, -35.1831 ], [ -63.9903, -35.1826 ] ] } },
{ "type": "Feature", "properties": { "nombre": "Camino sin nombre", "longitud_km": 3.43 }, "geometry": { "type": "LineString", "coordinates": [ [ -64.0448, -35.1522 ], [ -64.0449, -35.1831 ] ] } },
{ "type": "Feature", "properties": { "nombre": "Camino sin nombre", "longitud_km": 4.98 }, "geometry": { "type": "LineString", "coordinates": [ [ -64.3736, -35.18 ], [ -64.319, -35.1803 ] ] } },
{ "type": "Feature", "properties": { "nombre": "Camino sin nombre", "longitud_km": 6.83 }, "geometry": { "type": "LineString", "coordinates": [ [ -64.3736, -35.18 ], [ -64.3732, -35.1184 ] ] } },
{ "type": "Feature", "properties": { "nombre": "Camino sin nombre", "longitud_km": 6.84 }, "geometry": { "type": "LineString", "coordinates": [ [ -64.4077, -35.118 ], [ -64.4087, -35.1796 ] ] } },
{ "type": "Feature", "properties": { "nombre": "Camino sin nombre", "longitud_km": 1.72 }, "geometry": { "type": "LineString", "coordinates": [ [ -64.4276, -35.1794 ], [ -64.4087, -35.1796 ] ] } },
{ "type": "Feature", "properties": { "nombre": "Camino sin nombre", "longitud_km": 3.19 }, "geometry": { "type": "LineString", "coordinates": [ [ -64.4087, -35.1796 ], [ -64.3736, -35.18 ] ] } },
{ "type": "Feature", "properties": { "nombre": "Camino sin nombre", "longitud_km": 5.02 }, "geometry": { "type": "LineString", "coordinates": [ [ -64.4827, -35.1788 ], [ -64.4276, -35.1794 ] ] } },
{ "type": "Feature", "properties": { "nombre": "Camino sin nombre", "longitud_km": 5.01 }, "geometry": { "type": "LineString", "coordinates": [ [ -64.5377, -35.1786 ], [ -64.4827, -35.1788 ] ] } },
{ "type": "Feature", "properties": { "nombre": "Camino sin nombre", "longitud_km": 5.08 }, "geometry": { "type": "LineString", "coordinates": [ [ -64.5935, -35.1782 ], [ -64.5377, -35.1786 ] ] } },
{ "type": "Feature", "properties": { "nombre": "Camino sin nombre", "longitud_km": 5.08 }, "geometry": { "type": "LineString", "coordinates": [ [ -64.5935, -35.1782 ], [ -64.5926, -35.1324 ] ] } },
{ "type": "Feature", "properties": { "nombre": "Camino sin nombre", "longitud_km": 5.01 }, "geometry": { "type": "LineString", "coordinates": [ [ -64.6468, -35.1324 ], [ -64.6467, -35.1776 ] ] } },
{ "type": "Feature", "properties": { "nombre": "Camino sin nombre", "longitud_km": 0.15 }, "geometry": { "type": "LineString", "coordinates": [ [ -64.6483, -35.1776 ], [ -64.6467, -35.1776 ] ] } },
{ "type": "Feature", "properties": { "nombre": "Camino sin nombre", "longitud_km": 4.84 }, "geometry": { "type": "LineString", "coordinates": [ [ -64.6467, -35.1776 ], [ -64.5935, -35.1782 ] ] } },
{ "type": "Feature", "properties": { "nombre": "Camino sin nombre", "longitud_km": 4.15 }, "geometry": { "type": "LineString", "coordinates": [ [ -64.1514, -35.1856 ], [ -64.1059, -35.1858 ] ] } },
{ "type": "Feature", "properties": { "nombre": "Camino sin nombre", "longitud_km": 5.22 }, "geometry": { "type": "LineString", "coordinates": [ [ -64.2087, -35.1851 ], [ -64.1514, -35.1856 ] ] } },
{ "type": "Feature", "properties": { "nombre": "Camino sin nombre", "longitud_km": 2.69 }, "geometry": { "type": "LineString", "coordinates": [ [ -64.2382, -35.1849 ], [ -64.2087, -35.1851 ] ] } },
{ "type": "Feature", "properties": { "nombre": "Camino sin nombre", "longitud_km": 5.35 }, "geometry": { "type": "LineString", "coordinates": [ [ -64.2274, -35.1452 ], [ -64.2375, -35.1451 ], [ -64.2382, -35.1849 ] ] } },
{ "type": "Feature", "properties": { "nombre": "Camino sin nombre", "longitud_km": 2.42 }, "geometry": { "type": "LineString", "coordinates": [ [ -64.2648, -35.1847 ], [ -64.2382, -35.1849 ] ] } },
{ "type": "Feature", "properties": { "nombre": "Camino sin nombre", "longitud_km": 5.52 }, "geometry": { "type": "LineString", "coordinates": [ [ -64.1031, -35.1884 ], [ -64.0939, -35.1826 ], [ -64.0449, -35.1831 ] ] } },
{ "type": "Feature", "properties": { "nombre": "Camino sin nombre", "longitud_km": 3.85 }, "geometry": { "type": "LineString", "coordinates": [ [ -63.5233, -35.1938 ], [ -63.5655, -35.1936 ] ] } },
{ "type": "Feature", "properties": { "nombre": "Camino sin nombre", "longitud_km": 2.44 }, "geometry": { "type": "LineString", "coordinates": [ [ -63.5655, -35.1936 ], [ -63.5923, -35.1935 ] ] } },
{ "type": "Feature", "properties": { "nombre": "Camino sin nombre", "longitud_km": 3.22 }, "geometry": { "type": "LineString", "coordinates": [ [ -63.5902, -35.1645 ], [ -63.5923, -35.1935 ] ] } },
{ "type": "Feature", "properties": { "nombre": "Camino sin nombre", "longitud_km": 1.43 }, "geometry": { "type": "LineString", "coordinates": [ [ -63.5923, -35.1935 ], [ -63.608, -35.1935 ] ] } },
{ "type": "Feature", "properties": { "nombre": "Camino sin nombre", "longitud_km": 2.19 }, "geometry": { "type": "LineString", "coordinates": [ [ -63.608, -35.1935 ], [ -63.6321, -35.1934 ] ] } },
{ "type": "Feature", "properties": { "nombre": "Camino sin nombre", "longitud_km": 3.24 }, "geometry": { "type": "LineString", "coordinates": [ [ -63.6321, -35.1642 ], [ -63.6321, -35.1934 ] ] } },
{ "type": "Feature", "properties": { "nombre": "Camino sin nombre", "longitud_km": 5.75 }, "geometry": { "type": "LineString", "coordinates": [ [ -63.4954, -35.1941 ], [ -63.4953, -35.1832 ], [ -63.4454, -35.1831 ] ] } },
{ "type": "Feature", "properties": { "nombre": "Camino sin nombre", "longitud_km": 2.54 }, "geometry": { "type": "LineString", "coordinates": [ [ -63.4954, -35.1941 ], [ -63.5233, -35.1938 ] ] } },
{ "type": "Feature", "properties": { "nombre": "Camino sin nombre", "longitud_km": 0.79 }, "geometry": { "type": "LineString", "coordinates": [ [ -64.7032, -35.1843 ], [ -64.703, -35.1773 ] ] } },
{ "type": "Feature", "properties": { "nombre": "Camino sin nombre", "longitud_km": 20.14 }, "geometry": { "type": "LineString", "coordinates": [ [ -64.9243, -35.1827 ], [ -64.7032, -35.1843 ] ] } },
{ "type": "Feature", "properties": { "nombre": "Camino sin nombre", "longitud_km": 10.02 }, "geometry": { "type": "LineString", "coordinates": [ [ -65.1437, -35.1849 ], [ -65.0338, -35.1864 ] ] } },
{ "type": "Feature", "properties": { "nombre": "Camino sin nombre", "longitud_km": 5.01 }, "geometry": { "type": "LineString", "coordinates": [ [ -65.0331, -35.1413 ], [ -65.0338, -35.1864 ] ] } },
{ "type": "Feature", "properties": { "nombre": "Camino sin nombre", "longitud_km": 4.25 }, "geometry": { "type": "LineString", "coordinates": [ [ -63.6894, -35.164 ], [ -63.6865, -35.2023 ] ] } },
{ "type": "Feature", "properties": { "nombre": "Camino sin nombre", "longitud_km": 1.91 }, "geometry": { "type": "LineString", "coordinates": [ [ -63.6321, -35.1934 ], [ -63.6416, -35.1933 ], [ -63.6417, -35.2027 ] ] } },
{ "type": "Feature", "properties": { "nombre": "Camino sin nombre", "longitud_km": 4.08 }, "geometry": { "type": "LineString", "coordinates": [ [ -63.6865, -35.2023 ], [ -63.6417, -35.2027 ] ] } },
{ "type": "Feature", "properties": { "nombre": "Camino sin nombre", "longitud_km": 4.99 }, "geometry": { "type": "LineString", "coordinates": [ [ -63.9903, -35.1826 ], [ -63.9904, -35.2276 ] ] } },
{ "type": "Feature", "properties": { "nombre": "Camino sin nombre", "longitud_km": 1.75 }, "geometry": { "type": "LineString", "coordinates": [ [ -63.6865, -35.2023 ], [ -63.6868, -35.2181 ] ] } },
{ "type": "Feature", "properties": { "nombre": "Camino sin nombre", "longitud_km": 1.09 }, "geometry": { "type": "LineString", "coordinates": [ [ -63.6868, -35.2181 ], [ -63.6985, -35.2162 ] ] } },
{ "type": "Feature", "properties": { "nombre": "Camino sin nombre", "longitud_km": 3.3 }, "geometry": { "type": "LineString", "coordinates": [ [ -63.5655, -35.1936 ], [ -63.5659, -35.2234 ] ] } },
{ "type": "Feature", "properties": { "nombre": "Camino sin nombre", "longitud_km": 4.0 }, "geometry": { "type": "LineString", "coordinates": [ [ -64.594, -35.2143 ], [ -64.5935, -35.1782 ] ] } },
{ "type": "Feature", "properties": { "nombre": "Camino sin nombre", "longitud_km": 2.42 }, "geometry": { "type": "LineString", "coordinates": [ [ -63.5925, -35.2235 ], [ -63.5659, -35.2234 ] ] } },
{ "type": "Feature", "properties": { "nombre": "Camino sin nombre", "longitud_km": 3.32 }, "geometry": { "type": "LineString", "coordinates": [ [ -63.5923, -35.1935 ], [ -63.5925, -35.2235 ] ] } },
{ "type": "Feature", "properties": { "nombre": "Camino sin nombre", "longitud_km": 5.01 }, "geometry": { "type": "LineString", "coordinates": [ [ -64.594, -35.2143 ], [ -64.649, -35.2141 ] ] } },
{ "type": "Feature", "properties": { "nombre": "Camino sin nombre", "longitud_km": 4.05 }, "geometry": { "type": "LineString", "coordinates": [ [ -64.6483, -35.1776 ], [ -64.649, -35.2141 ] ] } },
{ "type": "Feature", "properties": { "nombre": "Camino sin nombre", "longitud_km": 0.24 }, "geometry": { "type": "LineString", "coordinates": [ [ -63.5659, -35.2234 ], [ -63.5659, -35.2255 ] ] } },
{ "type": "Feature", "properties": { "nombre": "Camino sin nombre", "longitud_km": 3.52 }, "geometry": { "type": "LineString", "coordinates": [ [ -63.4954, -35.2258 ], [ -63.4954, -35.1941 ] ] } },
{ "type": "Feature", "properties": { "nombre": "Camino sin nombre", "longitud_km": 6.42 }, "geometry": { "type": "LineString", "coordinates": [ [ -63.5659, -35.2255 ], [ -63.4954, -35.2258 ] ] } },
{ "type": "Feature", "properties": { "nombre": "Camino sin nombre", "longitud_km": 5.02 }, "geometry": { "type": "LineString", "coordinates": [ [ -63.9904, -35.2276 ], [ -63.9353, -35.2273 ] ] } },
{ "type": "Feature", "properties": { "nombre": "Camino sin nombre", "longitud_km": 1.13 }, "geometry": { "type": "LineString", "coordinates": [ [ -64.649, -35.2141 ], [ -64.6608, -35.2171 ] ] } },
{ "type": "Feature", "properties": { "nombre": "Camino sin nombre", "longitud_km": 8.29 }, "geometry": { "type": "LineString", "coordinates": [ [ -63.7706, -35.2274 ], [ -63.7157, -35.2275 ], [ -63.7155, -35.2334 ], [ -63.6866, -35.2337 ] ] } },
{ "type": "Feature", "properties": { "nombre": "Camino sin nombre", "longitud_km": 4.98 }, "geometry": { "type": "LineString", "coordinates": [ [ -63.8253, -35.2273 ], [ -63.7706, -35.2274 ] ] } },
{ "type": "Feature", "properties": { "nombre": "Camino sin nombre", "longitud_km": 6.24 }, "geometry": { "type": "LineString", "coordinates": [ [ -63.8938, -35.2271 ], [ -63.8253, -35.2273 ] ] } },
{ "type": "Feature", "properties": { "nombre": "Camino sin nombre", "longitud_km": 2.53 }, "geometry": { "type": "LineString", "coordinates": [ [ -63.8938, -35.2271 ], [ -63.8938, -35.2043 ] ] } },
{ "type": "Feature", "properties": { "nombre": "Camino sin nombre", "longitud_km": 3.78 }, "geometry": { "type": "LineString", "coordinates": [ [ -63.9353, -35.2273 ], [ -63.8938, -35.2271 ] ] } },
{ "type": "Feature", "properties": { "nombre": "Camino sin nombre", "longitud_km": 4.99 }, "geometry": { "type": "LineString", "coordinates": [ [ -64.0452, -35.2282 ], [ -63.9904, -35.2276 ] ] } },
{ "type": "Feature", "properties": { "nombre": "Camino sin nombre", "longitud_km": 5.0 }, "geometry": { "type": "LineString", "coordinates": [ [ -64.0449, -35.1831 ], [ -64.0452, -35.2282 ] ] } },
{ "type": "Feature", "properties": { "nombre": "Camino sin nombre", "longitud_km": 4.68 }, "geometry": { "type": "LineString", "coordinates": [ [ -64.3165, -35.2258 ], [ -64.265, -35.2257 ] ] } },
{ "type": "Feature", "properties": { "nombre": "Camino sin nombre", "longitud_km": 5.04 }, "geometry": { "type": "LineString", "coordinates": [ [ -64.3165, -35.2258 ], [ -64.315, -35.1804 ] ] } },
{ "type": "Feature", "properties": { "nombre": "Camino sin nombre", "longitud_km": 5.0 }, "geometry": { "type": "LineString", "coordinates": [ [ -64.5385, -35.2239 ], [ -64.4835, -35.2243 ] ] } },
{ "type": "Feature", "properties": { "nombre": "Camino sin nombre", "longitud_km": 5.07 }, "geometry": { "type": "LineString", "coordinates": [ [ -64.5942, -35.2236 ], [ -64.5385, -35.2239 ] ] } },
{ "type": "Feature", "properties": { "nombre": "Camino sin nombre", "longitud_km": 1.03 }, "geometry": { "type": "LineString", "coordinates": [ [ -64.5942, -35.2236 ], [ -64.594, -35.2143 ] ] } },
{ "type": "Feature", "properties": { "nombre": "Camino sin nombre", "longitud_km": 4.83 }, "geometry": { "type": "LineString", "coordinates": [ [ -64.1514, -35.1856 ], [ -64.152, -35.2291 ] ] } },
{ "type": "Feature", "properties": { "nombre": "Camino sin nombre", "longitud_km": 4.83 }, "geometry": { "type": "LineString", "coordinates": [ [ -64.2087, -35.1851 ], [ -64.2097, -35.2287 ] ] } },
{ "type": "Feature", "properties": { "nombre": "Camino sin nombre", "longitud_km": 5.04 }, "geometry": { "type": "LineString", "coordinates": [ [ -64.265, -35.2281 ], [ -64.2097, -35.2287 ] ] } },
{ "type": "Feature", "properties": { "nombre": "Camino sin nombre", "longitud_km": 5.25 }, "geometry": { "type": "LineString", "coordinates": [ [ -64.2097, -35.2287 ], [ -64.152, -35.2291 ] ] } },
{ "type": "Feature", "properties": { "nombre": "Camino sin nombre", "longitud_km": 1.15 }, "geometry": { "type": "LineString", "coordinates": [ [ -63.5925, -35.2235 ], [ -63.5922, -35.2339 ] ] } },
{ "type": "Feature", "properties": { "nombre": "Camino sin nombre", "longitud_km": 1.23 }, "geometry": { "type": "LineString", "coordinates": [ [ -63.6057, -35.234 ], [ -63.5922, -35.2339 ] ] } },
{ "type": "Feature", "properties": { "nombre": "Camino sin nombre", "longitud_km": 3.31 }, "geometry": { "type": "LineString", "coordinates": [ [ -63.6421, -35.2339 ], [ -63.6057, -35.234 ] ] } },
{ "type": "Feature", "properties": { "nombre": "Camino sin nombre", "longitud_km": 3.46 }, "geometry": { "type": "LineString", "coordinates": [ [ -63.6417, -35.2027 ], [ -63.6421, -35.2339 ] ] } },
{ "type": "Feature", "properties": { "nombre": "Camino sin nombre", "longitud_km": 1.73 }, "geometry": { "type": "LineString", "coordinates": [ [ -63.6868, -35.2181 ], [ -63.6866, -35.2337 ] ] } },
{ "type": "Feature", "properties": { "nombre": "Camino sin nombre", "longitud_km": 4.05 }, "geometry": { "type": "LineString", "coordinates": [ [ -63.6866, -35.2337 ], [ -63.6421, -35.2339 ] ] } },
{ "type": "Feature", "properties": { "nombre": "Camino sin nombre", "longitud_km": 1.21 }, "geometry": { "type": "LineString", "coordinates": [ [ -63.5922, -35.2339 ], [ -63.5924, -35.2448 ] ] } },
{ "type": "Feature", "properties": { "nombre": "Camino sin nombre", "longitud_km": 1.15 }, "geometry": { "type": "LineString", "coordinates": [ [ -63.5797, -35.2449 ], [ -63.5924, -35.2448 ] ] } },
{ "type": "Feature", "properties": { "nombre": "Camino sin nombre", "longitud_km": 2.28 }, "geometry": { "type": "LineString", "coordinates": [ [ -63.5659, -35.2255 ], [ -63.5663, -35.2461 ] ] } },
{ "type": "Feature", "properties": { "nombre": "Camino sin nombre", "longitud_km": 1.23 }, "geometry": { "type": "LineString", "coordinates": [ [ -63.5663, -35.2461 ], [ -63.5797, -35.2449 ] ] } },
{ "type": "Feature", "properties": { "nombre": "Camino sin nombre", "longitud_km": 0.13 }, "geometry": { "type": "LineString", "coordinates": [ [ -63.5659, -35.2472 ], [ -63.5663, -35.2461 ] ] } },
{ "type": "Feature", "properties": { "nombre": "Camino sin nombre", "longitud_km": 1.26 }, "geometry": { "type": "LineString", "coordinates": [ [ -63.5799, -35.2562 ], [ -63.5797, -35.2449 ] ] } },
{ "type": "Feature", "properties": { "nombre": "Camino sin nombre", "longitud_km": 1.0 }, "geometry": { "type": "LineString", "coordinates": [ [ -63.5659, -35.2472 ], [ -63.5658, -35.2561 ] ] } },
{ "type": "Feature", "properties": { "nombre": "Camino sin nombre", "longitud_km": 2.43 }, "geometry": { "type": "LineString", "coordinates": [ [ -63.6866, -35.2337 ], [ -63.687, -35.2556 ] ] } },
{ "type": "Feature", "properties": { "nombre": "Camino sin nombre", "longitud_km": 2.44 }, "geometry": { "type": "LineString", "coordinates": [ [ -63.6421, -35.2339 ], [ -63.6422, -35.2559 ] ] } },
{ "type": "Feature", "properties": { "nombre": "Camino sin nombre", "longitud_km": 4.08 }, "geometry": { "type": "LineString", "coordinates": [ [ -63.6422, -35.2559 ], [ -63.687, -35.2556 ] ] } },
{ "type": "Feature", "properties": { "nombre": "Camino sin nombre", "longitud_km": 1.28 }, "geometry": { "type": "LineString", "coordinates": [ [ -63.5658, -35.2561 ], [ -63.5799, -35.2562 ] ] } },
{ "type": "Feature", "properties": { "nombre": "Camino sin nombre", "longitud_km": 1.19 }, "geometry": { "type": "LineString", "coordinates": [ [ -63.5799, -35.2562 ], [ -63.593, -35.2562 ] ] } },
{ "type": "Feature", "properties": { "nombre": "Camino sin nombre", "longitud_km": 1.27 }, "geometry": { "type": "LineString", "coordinates": [ [ -63.5924, -35.2448 ], [ -63.593, -35.2562 ] ] } },
{ "type": "Feature", "properties": { "nombre": "Camino sin nombre", "longitud_km": 1.13 }, "geometry": { "type": "LineString", "coordinates": [ [ -63.593, -35.2562 ], [ -63.6054, -35.2561 ] ] } },
{ "type": "Feature", "properties": { "nombre": "Camino sin nombre", "longitud_km": 3.35 }, "geometry": { "type": "LineString", "coordinates": [ [ -63.6054, -35.2561 ], [ -63.6422, -35.2559 ] ] } },
{ "type": "Feature", "properties": { "nombre": "Camino sin nombre", "longitud_km": 3.22 }, "geometry": { "type": "LineString", "coordinates": [ [ -64.0452, -35.2282 ], [ -64.045, -35.2572 ] ] } },
{ "type": "Feature", "properties": { "nombre": "Camino sin nombre", "longitud_km": 4.11 }, "geometry": { "type": "LineString", "coordinates": [ [ -63.4955, -35.2629 ], [ -63.4954, -35.2258 ] ] } },
{ "type": "Feature", "properties": { "nombre": "Camino sin nombre", "longitud_km": 6.63 }, "geometry": { "type": "LineString", "coordinates": [ [ -63.4955, -35.2629 ], [ -63.5659, -35.2472 ] ] } },
{ "type": "Feature", "properties": { "nombre": "Camino sin nombre", "longitud_km": 1.84 }, "geometry": { "type": "LineString", "coordinates": [ [ -63.5799, -35.2728 ], [ -63.5799, -35.2562 ] ] } },
{ "type": "Feature", "properties": { "nombre": "Camino sin nombre", "longitud_km": 1.15 }, "geometry": { "type": "LineString", "coordinates": [ [ -63.4957, -35.2732 ], [ -63.4955, -35.2629 ] ] } },
{ "type": "Feature", "properties": { "nombre": "Camino sin nombre", "longitud_km": 1.86 }, "geometry": { "type": "LineString", "coordinates": [ [ -63.5658, -35.2561 ], [ -63.566, -35.2729 ] ] } },
{ "type": "Feature", "properties": { "nombre": "Camino sin nombre", "longitud_km": 4.45 }, "geometry": { "type": "LineString", "coordinates": [ [ -63.4484, -35.2734 ], [ -63.4955, -35.2629 ] ] } },
{ "type": "Feature", "properties": { "nombre": "Camino sin nombre", "longitud_km": 1.88 }, "geometry": { "type": "LineString", "coordinates": [ [ -63.687, -35.2556 ], [ -63.6876, -35.2725 ] ] } },
{ "type": "Feature", "properties": { "nombre": "Camino sin nombre", "longitud_km": 1.87 }, "geometry": { "type": "LineString", "coordinates": [ [ -63.6422, -35.2559 ], [ -63.6423, -35.2728 ] ] } },
{ "type": "Feature", "properties": { "nombre": "Camino sin nombre", "longitud_km": 1.87 }, "geometry": { "type": "LineString", "coordinates": [ [ -63.593, -35.2562 ], [ -63.5932, -35.2731 ] ] } },
{ "type": "Feature", "properties": { "nombre": "Camino sin nombre", "longitud_km": 4.96 }, "geometry": { "type": "LineString", "coordinates": [ [ -63.7718, -35.2721 ], [ -63.7706, -35.2274 ] ] } },
{ "type": "Feature", "properties": { "nombre": "Camino sin nombre", "longitud_km": 4.96 }, "geometry": { "type": "LineString", "coordinates": [ [ -63.8253, -35.2273 ], [ -63.8254, -35.272 ] ] } },
{ "type": "Feature", "properties": { "nombre": "Camino sin nombre", "longitud_km": 5.0 }, "geometry": { "type": "LineString", "coordinates": [ [ -63.9907, -35.2722 ], [ -63.9358, -35.272 ] ] } },
{ "type": "Feature", "properties": { "nombre": "Camino sin nombre", "longitud_km": 0.54 }, "geometry": { "type": "LineString", "coordinates": [ [ -63.4408, -35.2704 ], [ -63.4407, -35.2753 ] ] } },
{ "type": "Feature", "properties": { "nombre": "Camino sin nombre", "longitud_km": 0.72 }, "geometry": { "type": "LineString", "coordinates": [ [ -63.4407, -35.2753 ], [ -63.4484, -35.2734 ] ] } },
{ "type": "Feature", "properties": { "nombre": "Camino sin nombre", "longitud_km": 4.95 }, "geometry": { "type": "LineString", "coordinates": [ [ -63.9904, -35.2276 ], [ -63.9907, -35.2722 ] ] } },
{ "type": "Feature", "properties": { "nombre": "Camino sin nombre", "longitud_km": 3.85 }, "geometry": { "type": "LineString", "coordinates": [ [ -64.0331, -35.272 ], [ -63.9907, -35.2722 ] ] } },
{ "type": "Feature", "properties": { "nombre": "Camino sin nombre", "longitud_km": 6.74 }, "geometry": { "type": "LineString", "coordinates": [ [ -64.0814, -35.211 ], [ -64.0825, -35.2717 ] ] } },
{ "type": "Feature", "properties": { "nombre": "Camino sin nombre", "longitud_km": 1.63 }, "geometry": { "type": "LineString", "coordinates": [ [ -64.1005, -35.2715 ], [ -64.0825, -35.2717 ] ] } },
{ "type": "Feature", "properties": { "nombre": "Camino sin nombre", "longitud_km": 1.11 }, "geometry": { "type": "LineString", "coordinates": [ [ -64.0452, -35.2721 ], [ -64.0331, -35.272 ] ] } },
{ "type": "Feature", "properties": { "nombre": "Camino sin nombre", "longitud_km": 1.65 }, "geometry": { "type": "LineString", "coordinates": [ [ -64.045, -35.2572 ], [ -64.0452, -35.2721 ] ] } },
{ "type": "Feature", "properties": { "nombre": "Camino sin nombre", "longitud_km": 3.39 }, "geometry": { "type": "LineString", "coordinates": [ [ -64.0825, -35.2717 ], [ -64.0452, -35.2721 ] ] } },
{ "type": "Feature", "properties": { "nombre": "Camino sin nombre", "longitud_km": 4.72 }, "geometry": { "type": "LineString", "coordinates": [ [ -64.152, -35.2291 ], [ -64.1522, -35.2716 ] ] } },
{ "type": "Feature", "properties": { "nombre": "Camino sin nombre", "longitud_km": 0.32 }, "geometry": { "type": "LineString", "coordinates": [ [ -64.1557, -35.2716 ], [ -64.1522, -35.2716 ] ] } },
{ "type": "Feature", "properties": { "nombre": "Camino sin nombre", "longitud_km": 4.7 }, "geometry": { "type": "LineString", "coordinates": [ [ -64.1522, -35.2716 ], [ -64.1005, -35.2715 ] ] } },
{ "type": "Feature", "properties": { "nombre": "Camino sin nombre", "longitud_km": 4.94 }, "geometry": { "type": "LineString", "coordinates": [ [ -64.21, -35.2713 ], [ -64.1557, -35.2716 ] ] } },
{ "type": "Feature", "properties": { "nombre": "Camino sin nombre", "longitud_km": 4.73 }, "geometry": { "type": "LineString", "coordinates": [ [ -64.2097, -35.2287 ], [ -64.21, -35.2713 ] ] } },
{ "type": "Feature", "properties": { "nombre": "Camino sin nombre", "longitud_km": 5.04 }, "geometry": { "type": "LineString", "coordinates": [ [ -64.2653, -35.271 ], [ -64.21, -35.2713 ] ] } },
{ "type": "Feature", "properties": { "nombre": "Camino sin nombre", "longitud_km": 4.99 }, "geometry": { "type": "LineString", "coordinates": [ [ -64.3202, -35.2707 ], [ -64.2653, -35.271 ] ] } },
{ "type": "Feature", "properties": { "nombre": "Camino sin nombre", "longitud_km": 5.27 }, "geometry": { "type": "LineString", "coordinates": [ [ -64.3202, -35.2707 ], [ -64.3196, -35.2257 ], [ -64.3165, -35.2258 ] ] } },
{ "type": "Feature", "properties": { "nombre": "Camino sin nombre", "longitud_km": 10.01 }, "geometry": { "type": "LineString", "coordinates": [ [ -64.375, -35.2702 ], [ -64.3736, -35.18 ] ] } },
{ "type": "Feature", "properties": { "nombre": "Camino sin nombre", "longitud_km": 4.99 }, "geometry": { "type": "LineString", "coordinates": [ [ -64.375, -35.2702 ], [ -64.3202, -35.2707 ] ] } },
{ "type": "Feature", "properties": { "nombre": "Camino sin nombre", "longitud_km": 10.04 }, "geometry": { "type": "LineString", "coordinates": [ [ -64.4294, -35.2699 ], [ -64.4276, -35.1794 ] ] } },
{ "type": "Feature", "properties": { "nombre": "Camino sin nombre", "longitud_km": 4.02 }, "geometry": { "type": "LineString", "coordinates": [ [ -64.4192, -35.27 ], [ -64.375, -35.2702 ] ] } },
{ "type": "Feature", "properties": { "nombre": "Camino sin nombre", "longitud_km": 0.93 }, "geometry": { "type": "LineString", "coordinates": [ [ -64.4294, -35.2699 ], [ -64.4192, -35.27 ] ] } },
{ "type": "Feature", "properties": { "nombre": "Camino sin nombre", "longitud_km": 5.01 }, "geometry": { "type": "LineString", "coordinates": [ [ -64.4844, -35.2694 ], [ -64.4294, -35.2699 ] ] } },
{ "type": "Feature", "properties": { "nombre": "Camino sin nombre", "longitud_km": 5.0 }, "geometry": { "type": "LineString", "coordinates": [ [ -64.5393, -35.269 ], [ -64.4844, -35.2694 ] ] } },
{ "type": "Feature", "properties": { "nombre": "Camino sin nombre", "longitud_km": 5.05 }, "geometry": { "type": "LineString", "coordinates": [ [ -64.5393, -35.269 ], [ -64.5948, -35.2684 ] ] } },
{ "type": "Feature", "properties": { "nombre": "Camino sin nombre", "longitud_km": 4.97 }, "geometry": { "type": "LineString", "coordinates": [ [ -64.5948, -35.2684 ], [ -64.5942, -35.2236 ] ] } },
{ "type": "Feature", "properties": { "nombre": "Camino sin nombre", "longitud_km": 9.24 }, "geometry": { "type": "LineString", "coordinates": [ [ -64.7044, -35.2676 ], [ -64.7032, -35.1843 ] ] } },
{ "type": "Feature", "properties": { "nombre": "Camino sin nombre", "longitud_km": 9.97 }, "geometry": { "type": "LineString", "coordinates": [ [ -64.5948, -35.2684 ], [ -64.7044, -35.2676 ] ] } },
{ "type": "Feature", "properties": { "nombre": "Camino sin nombre", "longitud_km": 21.09 }, "geometry": { "type": "LineString", "coordinates": [ [ -64.7044, -35.2676 ], [ -64.814, -35.2666 ], [ -64.8141, -35.2752 ], [ -64.9257, -35.277 ] ] } },
{ "type": "Feature", "properties": { "nombre": "Camino sin nombre", "longitud_km": 5.15 }, "geometry": { "type": "LineString", "coordinates": [ [ -63.4407, -35.2753 ], [ -63.3851, -35.284 ] ] } },
{ "type": "Feature", "properties": { "nombre": "Camino sin nombre", "longitud_km": 2.69 }, "geometry": { "type": "LineString", "coordinates": [ [ -63.7824, -35.2888 ], [ -63.7719, -35.2874 ], [ -63.7744, -35.2721 ] ] } },
{ "type": "Feature", "properties": { "nombre": "Camino sin nombre", "longitud_km": 9.97 }, "geometry": { "type": "LineString", "coordinates": [ [ -64.9257, -35.277 ], [ -65.0353, -35.2765 ] ] } },
{ "type": "Feature", "properties": { "nombre": "Camino sin nombre", "longitud_km": 9.99 }, "geometry": { "type": "LineString", "coordinates": [ [ -65.0338, -35.1864 ], [ -65.0353, -35.2765 ] ] } },
{ "type": "Feature", "properties": { "nombre": "Camino sin nombre", "longitud_km": 3.99 }, "geometry": { "type": "LineString", "coordinates": [ [ -63.8257, -35.2945 ], [ -63.7824, -35.2888 ] ] } },
{ "type": "Feature", "properties": { "nombre": "Camino sin nombre", "longitud_km": 2.49 }, "geometry": { "type": "LineString", "coordinates": [ [ -63.8254, -35.272 ], [ -63.8257, -35.2945 ] ] } },
{ "type": "Feature", "properties": { "nombre": "Camino sin nombre", "longitud_km": 0.07 }, "geometry": { "type": "LineString", "coordinates": [ [ -63.8257, -35.2945 ], [ -63.8257, -35.2951 ] ] } },
{ "type": "Feature", "properties": { "nombre": "Camino sin nombre", "longitud_km": 3.49 }, "geometry": { "type": "LineString", "coordinates": [ [ -63.9908, -35.2966 ], [ -63.9772, -35.2898 ], [ -63.9548, -35.2898 ] ] } },
{ "type": "Feature", "properties": { "nombre": "Camino sin nombre", "longitud_km": 2.71 }, "geometry": { "type": "LineString", "coordinates": [ [ -63.9907, -35.2722 ], [ -63.9908, -35.2966 ] ] } },
{ "type": "Feature", "properties": { "nombre": "Camino sin nombre", "longitud_km": 3.29 }, "geometry": { "type": "LineString", "coordinates": [ [ -64.0457, -35.3032 ], [ -64.0236, -35.2957 ], [ -64.012, -35.2989 ] ] } },
{ "type": "Feature", "properties": { "nombre": "Camino sin nombre", "longitud_km": 3.45 }, "geometry": { "type": "LineString", "coordinates": [ [ -64.0452, -35.2721 ], [ -64.0457, -35.3032 ] ] } },
{ "type": "Feature", "properties": { "nombre": "Camino sin nombre", "longitud_km": 4.98 }, "geometry": { "type": "LineString", "coordinates": [ [ -64.7052, -35.3125 ], [ -64.7044, -35.2676 ] ] } },
{ "type": "Feature", "properties": { "nombre": "Camino sin nombre", "longitud_km": 10.13 }, "geometry": { "type": "LineString", "coordinates": [ [ -63.8257, -35.2951 ], [ -63.9358, -35.3084 ] ] } },
{ "type": "Feature", "properties": { "nombre": "Camino sin nombre", "longitud_km": 9.81 }, "geometry": { "type": "LineString", "coordinates": [ [ -63.4407, -35.2753 ], [ -63.4411, -35.3637 ] ] } },
{ "type": "Feature", "properties": { "nombre": "Camino sin nombre", "longitud_km": 4.33 }, "geometry": { "type": "LineString", "coordinates": [ [ -65.0353, -35.2765 ], [ -65.036, -35.3155 ] ] } },
{ "type": "Feature", "properties": { "nombre": "Camino sin nombre", "longitud_km": 5.06 }, "geometry": { "type": "LineString", "coordinates": [ [ -63.9358, -35.3084 ], [ -63.9908, -35.3149 ] ] } },
{ "type": "Feature", "properties": { "nombre": "Camino sin nombre", "longitud_km": 2.03 }, "geometry": { "type": "LineString", "coordinates": [ [ -63.9908, -35.2966 ], [ -63.9908, -35.3149 ] ] } },
{ "type": "Feature", "properties": { "nombre": "Camino sin nombre", "longitud_km": 1.61 }, "geometry": { "type": "LineString", "coordinates": [ [ -63.9908, -35.3149 ], [ -64.0058, -35.3071 ] ] } },
{ "type": "Feature", "properties": { "nombre": "Camino sin nombre", "longitud_km": 5.01 }, "geometry": { "type": "LineString", "coordinates": [ [ -63.4959, -35.3183 ], [ -63.4957, -35.2732 ] ] } },
{ "type": "Feature", "properties": { "nombre": "Camino sin nombre", "longitud_km": 7.48 }, "geometry": { "type": "LineString", "coordinates": [ [ -63.5782, -35.3182 ], [ -63.4959, -35.3183 ] ] } },
{ "type": "Feature", "properties": { "nombre": "Camino sin nombre", "longitud_km": 5.03 }, "geometry": { "type": "LineString", "coordinates": [ [ -63.5779, -35.2728 ], [ -63.5782, -35.3182 ] ] } },
{ "type": "Feature", "properties": { "nombre": "Camino sin nombre", "longitud_km": 4.35 }, "geometry": { "type": "LineString", "coordinates": [ [ -63.7824, -35.2888 ], [ -63.7809, -35.2975 ], [ -63.7706, -35.2959 ], [ -63.7709, -35.3177 ] ] } },
{ "type": "Feature", "properties": { "nombre": "Camino sin nombre", "longitud_km": 5.01 }, "geometry": { "type": "LineString", "coordinates": [ [ -63.7159, -35.318 ], [ -63.7709, -35.3177 ] ] } },
{ "type": "Feature", "properties": { "nombre": "Camino sin nombre", "longitud_km": 10.0 }, "geometry": { "type": "LineString", "coordinates": [ [ -63.6059, -35.3186 ], [ -63.7159, -35.318 ] ] } },
{ "type": "Feature", "properties": { "nombre": "Camino sin nombre", "longitud_km": 5.01 }, "geometry": { "type": "LineString", "coordinates": [ [ -63.7709, -35.3177 ], [ -63.826, -35.3175 ] ] } },
{ "type": "Feature", "properties": { "nombre": "Camino sin nombre", "longitud_km": 2.48 }, "geometry": { "type": "LineString", "coordinates": [ [ -63.8257, -35.2951 ], [ -63.826, -35.3175 ] ] } },
{ "type": "Feature", "properties": { "nombre": "Camino sin nombre", "longitud_km": 9.99 }, "geometry": { "type": "LineString", "coordinates": [ [ -63.826, -35.3175 ], [ -63.9358, -35.3173 ] ] } },
{ "type": "Feature", "properties": { "nombre": "Camino sin nombre", "longitud_km": 1.27 }, "geometry": { "type": "LineString", "coordinates": [ [ -64.0058, -35.3071 ], [ -64.0132, -35.3168 ] ] } },
{ "type": "Feature", "properties": { "nombre": "Camino sin nombre", "longitud_km": 3.49 }, "geometry": { "type": "LineString", "coordinates": [ [ -64.0801, -35.3172 ], [ -64.0457, -35.3032 ] ] } },
{ "type": "Feature", "properties": { "nombre": "Camino sin nombre", "longitud_km": 5.05 }, "geometry": { "type": "LineString", "coordinates": [ [ -64.1011, -35.3171 ], [ -64.1005, -35.2715 ] ] } },
{ "type": "Feature", "properties": { "nombre": "Camino sin nombre", "longitud_km": 4.99 }, "geometry": { "type": "LineString", "coordinates": [ [ -64.1557, -35.2716 ], [ -64.1563, -35.3166 ] ] } },
{ "type": "Feature", "properties": { "nombre": "Camino sin nombre", "longitud_km": 5.02 }, "geometry": { "type": "LineString", "coordinates": [ [ -64.21, -35.2713 ], [ -64.2107, -35.3165 ] ] } },
{ "type": "Feature", "properties": { "nombre": "Camino sin nombre", "longitud_km": 5.01 }, "geometry": { "type": "LineString", "coordinates": [ [ -64.3205, -35.3158 ], [ -64.3202, -35.2707 ] ] } },
{ "type": "Feature", "properties": { "nombre": "Camino sin nombre", "longitud_km": 5.04 }, "geometry": { "type": "LineString", "coordinates": [ [ -64.3205, -35.3158 ], [ -64.2652, -35.3163 ] ] } },
{ "type": "Feature", "properties": { "nombre": "Camino sin nombre", "longitud_km": 4.99 }, "geometry": { "type": "LineString", "coordinates": [ [ -64.3754, -35.3154 ], [ -64.3205, -35.3158 ] ] } },
{ "type": "Feature", "properties": { "nombre": "Camino sin nombre", "longitud_km": 5.02 }, "geometry": { "type": "LineString", "coordinates": [ [ -64.3754, -35.3154 ], [ -64.375, -35.2702 ] ] } },
{ "type": "Feature", "properties": { "nombre": "Camino sin nombre", "longitud_km": 5.53 }, "geometry": { "type": "LineString", "coordinates": [ [ -64.4192, -35.27 ], [ -64.4198, -35.3104 ], [ -64.414, -35.3106 ], [ -64.4139, -35.3154 ] ] } },
{ "type": "Feature", "properties": { "nombre": "Camino sin nombre", "longitud_km": 3.5 }, "geometry": { "type": "LineString", "coordinates": [ [ -64.4139, -35.3154 ], [ -64.3754, -35.3154 ] ] } },
{ "type": "Feature", "properties": { "nombre": "Camino sin nombre", "longitud_km": 6.47 }, "geometry": { "type": "LineString", "coordinates": [ [ -64.485, -35.3146 ], [ -64.4139, -35.3154 ] ] } },
{ "type": "Feature", "properties": { "nombre": "Camino sin nombre", "longitud_km": 5.02 }, "geometry": { "type": "LineString", "coordinates": [ [ -64.5402, -35.3143 ], [ -64.485, -35.3146 ] ] } },
{ "type": "Feature", "properties": { "nombre": "Camino sin nombre", "longitud_km": 5.02 }, "geometry": { "type": "LineString", "coordinates": [ [ -64.5954, -35.3139 ], [ -64.5402, -35.3143 ] ] } },
{ "type": "Feature", "properties": { "nombre": "Camino sin nombre", "longitud_km": 5.05 }, "geometry": { "type": "LineString", "coordinates": [ [ -64.5954, -35.3139 ], [ -64.5948, -35.2684 ] ] } },
{ "type": "Feature", "properties": { "nombre": "Camino sin nombre", "longitud_km": 9.98 }, "geometry": { "type": "LineString", "coordinates": [ [ -64.7052, -35.3125 ], [ -64.5954, -35.3139 ] ] } },
{ "type": "Feature", "properties": { "nombre": "Camino sin nombre", "longitud_km": 2.12 }, "geometry": { "type": "LineString", "coordinates": [ [ -64.1012, -35.3254 ], [ -64.0801, -35.3172 ] ] } },
{ "type": "Feature", "properties": { "nombre": "Camino sin nombre", "longitud_km": 0.92 }, "geometry": { "type": "LineString", "coordinates": [ [ -64.1012, -35.3254 ], [ -64.1011, -35.3171 ] ] } },
{ "type": "Feature", "properties": { "nombre": "Camino sin nombre", "longitud_km": 5.04 }, "geometry": { "type": "LineString", "coordinates": [ [ -63.4961, -35.3637 ], [ -63.4959, -35.3183 ] ] } },
{ "type": "Feature", "properties": { "nombre": "Camino sin nombre", "longitud_km": 0.69 }, "geometry": { "type": "LineString", "coordinates": [ [ -64.1013, -35.3316 ], [ -64.1012, -35.3254 ] ] } },
{ "type": "Feature", "properties": { "nombre": "Camino sin nombre", "longitud_km": 1.59 }, "geometry": { "type": "LineString", "coordinates": [ [ -64.117, -35.3317 ], [ -64.1012, -35.3254 ] ] } },
{ "type": "Feature", "properties": { "nombre": "Camino sin nombre", "longitud_km": 0.52 }, "geometry": { "type": "LineString", "coordinates": [ [ -64.1221, -35.3338 ], [ -64.117, -35.3317 ] ] } },
{ "type": "Feature", "properties": { "nombre": "Camino sin nombre", "longitud_km": 1.29 }, "geometry": { "type": "LineString", "coordinates": [ [ -64.1142, -35.3366 ], [ -64.1013, -35.3316 ] ] } },
{ "type": "Feature", "properties": { "nombre": "Camino sin nombre", "longitud_km": 0.6 }, "geometry": { "type": "LineString", "coordinates": [ [ -64.117, -35.3317 ], [ -64.1142, -35.3366 ] ] } },
{ "type": "Feature", "properties": { "nombre": "Camino sin nombre", "longitud_km": 3.45 }, "geometry": { "type": "LineString", "coordinates": [ [ -64.1567, -35.3466 ], [ -64.1221, -35.3338 ] ] } },
{ "type": "Feature", "properties": { "nombre": "Camino sin nombre", "longitud_km": 3.33 }, "geometry": { "type": "LineString", "coordinates": [ [ -64.1563, -35.3166 ], [ -64.1567, -35.3466 ] ] } },
{ "type": "Feature", "properties": { "nombre": "Camino sin nombre", "longitud_km": 7.47 }, "geometry": { "type": "LineString", "coordinates": [ [ -63.5783, -35.3636 ], [ -63.4961, -35.3637 ] ] } },
{ "type": "Feature", "properties": { "nombre": "Camino sin nombre", "longitud_km": 5.08 }, "geometry": { "type": "LineString", "coordinates": [ [ -63.4411, -35.3637 ], [ -63.3853, -35.3638 ] ] } },
{ "type": "Feature", "properties": { "nombre": "Camino sin nombre", "longitud_km": 5.0 }, "geometry": { "type": "LineString", "coordinates": [ [ -63.4961, -35.3637 ], [ -63.4411, -35.3637 ] ] } },
{ "type": "Feature", "properties": { "nombre": "Camino sin nombre", "longitud_km": 5.04 }, "geometry": { "type": "LineString", "coordinates": [ [ -63.5782, -35.3182 ], [ -63.5783, -35.3636 ] ] } },
{ "type": "Feature", "properties": { "nombre": "Camino sin nombre", "longitud_km": 2.53 }, "geometry": { "type": "LineString", "coordinates": [ [ -63.6061, -35.3634 ], [ -63.5783, -35.3636 ] ] } },
{ "type": "Feature", "properties": { "nombre": "Camino sin nombre", "longitud_km": 5.01 }, "geometry": { "type": "LineString", "coordinates": [ [ -63.7159, -35.318 ], [ -63.7159, -35.3632 ] ] } },
{ "type": "Feature", "properties": { "nombre": "Camino sin nombre", "longitud_km": 9.98 }, "geometry": { "type": "LineString", "coordinates": [ [ -63.7159, -35.3632 ], [ -63.6061, -35.3634 ] ] } },
{ "type": "Feature", "properties": { "nombre": "Camino sin nombre", "longitud_km": 5.03 }, "geometry": { "type": "LineString", "coordinates": [ [ -63.7713, -35.3631 ], [ -63.7159, -35.3632 ] ] } },
{ "type": "Feature", "properties": { "nombre": "Camino sin nombre", "longitud_km": 5.03 }, "geometry": { "type": "LineString", "coordinates": [ [ -63.7709, -35.3177 ], [ -63.7713, -35.3631 ] ] } },
{ "type": "Feature", "properties": { "nombre": "Camino sin nombre", "longitud_km": 5.02 }, "geometry": { "type": "LineString", "coordinates": [ [ -63.7713, -35.3631 ], [ -63.8265, -35.3629 ] ] } },
{ "type": "Feature", "properties": { "nombre": "Camino sin nombre", "longitud_km": 2.52 }, "geometry": { "type": "LineString", "coordinates": [ [ -63.8817, -35.3624 ], [ -63.8539, -35.3626 ] ] } },
{ "type": "Feature", "properties": { "nombre": "Camino sin nombre", "longitud_km": 5.04 }, "geometry": { "type": "LineString", "coordinates": [ [ -63.826, -35.3175 ], [ -63.8265, -35.3629 ] ] } },
{ "type": "Feature", "properties": { "nombre": "Camino sin nombre", "longitud_km": 5.07 }, "geometry": { "type": "LineString", "coordinates": [ [ -64.3758, -35.3611 ], [ -64.3754, -35.3154 ] ] } },
{ "type": "Feature", "properties": { "nombre": "Camino sin nombre", "longitud_km": 2.5 }, "geometry": { "type": "LineString", "coordinates": [ [ -63.8539, -35.3626 ], [ -63.8265, -35.3629 ] ] } },
{ "type": "Feature", "properties": { "nombre": "Camino sin nombre", "longitud_km": 4.93 }, "geometry": { "type": "LineString", "coordinates": [ [ -63.9359, -35.3623 ], [ -63.8817, -35.3624 ] ] } },
{ "type": "Feature", "properties": { "nombre": "Camino sin nombre", "longitud_km": 8.39 }, "geometry": { "type": "LineString", "coordinates": [ [ -64.0465, -35.362 ], [ -63.9542, -35.3622 ] ] } },
{ "type": "Feature", "properties": { "nombre": "Camino sin nombre", "longitud_km": 1.64 }, "geometry": { "type": "LineString", "coordinates": [ [ -64.1567, -35.3466 ], [ -64.1568, -35.3614 ] ] } },
{ "type": "Feature", "properties": { "nombre": "Camino sin nombre", "longitud_km": 2.82 }, "geometry": { "type": "LineString", "coordinates": [ [ -64.1142, -35.3366 ], [ -64.1116, -35.3619 ] ] } },
{ "type": "Feature", "properties": { "nombre": "Camino sin nombre", "longitud_km": 4.1 }, "geometry": { "type": "LineString", "coordinates": [ [ -64.1568, -35.3614 ], [ -64.1116, -35.3619 ] ] } },
{ "type": "Feature", "properties": { "nombre": "Camino sin nombre", "longitud_km": 5.01 }, "geometry": { "type": "LineString", "coordinates": [ [ -64.1017, -35.362 ], [ -64.0465, -35.362 ] ] } },
{ "type": "Feature", "properties": { "nombre": "Camino sin nombre", "longitud_km": 3.37 }, "geometry": { "type": "LineString", "coordinates": [ [ -64.1017, -35.362 ], [ -64.1013, -35.3316 ] ] } },
{ "type": "Feature", "properties": { "nombre": "Camino sin nombre", "longitud_km": 0.91 }, "geometry": { "type": "LineString", "coordinates": [ [ -64.1116, -35.3619 ], [ -64.1017, -35.362 ] ] } },
{ "type": "Feature", "properties": { "nombre": "Camino sin nombre", "longitud_km": 3.51 }, "geometry": { "type": "LineString", "coordinates": [ [ -64.1954, -35.3614 ], [ -64.1568, -35.3614 ] ] } },
{ "type": "Feature", "properties": { "nombre": "Camino sin nombre", "longitud_km": 3.88 }, "geometry": { "type": "LineString", "coordinates": [ [ -64.1954, -35.3614 ], [ -64.1567, -35.3466 ] ] } },
{ "type": "Feature", "properties": { "nombre": "Camino sin nombre", "longitud_km": 1.43 }, "geometry": { "type": "LineString", "coordinates": [ [ -64.2111, -35.3613 ], [ -64.1954, -35.3614 ] ] } },
{ "type": "Feature", "properties": { "nombre": "Camino sin nombre", "longitud_km": 4.97 }, "geometry": { "type": "LineString", "coordinates": [ [ -64.2107, -35.3165 ], [ -64.2111, -35.3613 ] ] } },
{ "type": "Feature", "properties": { "nombre": "Camino sin nombre", "longitud_km": 4.92 }, "geometry": { "type": "LineString", "coordinates": [ [ -64.2653, -35.3613 ], [ -64.2111, -35.3613 ] ] } },
{ "type": "Feature", "properties": { "nombre": "Camino sin nombre", "longitud_km": 1.58 }, "geometry": { "type": "LineString", "coordinates": [ [ -64.2112, -35.3674 ], [ -64.1954, -35.3614 ] ] } },
{ "type": "Feature", "properties": { "nombre": "Camino sin nombre", "longitud_km": 5.05 }, "geometry": { "type": "LineString", "coordinates": [ [ -64.3207, -35.3613 ], [ -64.3205, -35.3158 ] ] } },
{ "type": "Feature", "properties": { "nombre": "Camino sin nombre", "longitud_km": 5.54 }, "geometry": { "type": "LineString", "coordinates": [ [ -64.4139, -35.3154 ], [ -64.4137, -35.32 ], [ -64.4193, -35.32 ], [ -64.4199, -35.3607 ] ] } },
{ "type": "Feature", "properties": { "nombre": "Camino sin nombre", "longitud_km": 4.98 }, "geometry": { "type": "LineString", "coordinates": [ [ -64.5961, -35.3588 ], [ -64.5954, -35.3139 ] ] } },
{ "type": "Feature", "properties": { "nombre": "Camino sin nombre", "longitud_km": 5.0 }, "geometry": { "type": "LineString", "coordinates": [ [ -64.706, -35.3576 ], [ -64.7052, -35.3125 ] ] } },
{ "type": "Feature", "properties": { "nombre": "Camino sin nombre", "longitud_km": 9.51 }, "geometry": { "type": "LineString", "coordinates": [ [ -65.036, -35.3155 ], [ -64.9802, -35.3161 ], [ -64.9811, -35.3561 ] ] } },
{ "type": "Feature", "properties": { "nombre": "Camino sin nombre", "longitud_km": 9.48 }, "geometry": { "type": "LineString", "coordinates": [ [ -65.036, -35.3155 ], [ -65.0367, -35.3553 ], [ -64.9811, -35.3561 ] ] } },
{ "type": "Feature", "properties": { "nombre": "Camino sin nombre", "longitud_km": 0.68 }, "geometry": { "type": "LineString", "coordinates": [ [ -64.2111, -35.3613 ], [ -64.2112, -35.3674 ] ] } },
{ "type": "Feature", "properties": { "nombre": "Camino sin nombre", "longitud_km": 5.79 }, "geometry": { "type": "LineString", "coordinates": [ [ -64.9811, -35.3561 ], [ -64.9812, -35.3628 ], [ -64.9256, -35.3632 ] ] } },
{ "type": "Feature", "properties": { "nombre": "Camino sin nombre", "longitud_km": 7.98 }, "geometry": { "type": "LineString", "coordinates": [ [ -64.2883, -35.3851 ], [ -64.3761, -35.3841 ] ] } },
{ "type": "Feature", "properties": { "nombre": "Camino sin nombre", "longitud_km": 2.55 }, "geometry": { "type": "LineString", "coordinates": [ [ -64.3761, -35.3841 ], [ -64.3758, -35.3611 ] ] } },
{ "type": "Feature", "properties": { "nombre": "Camino sin nombre", "longitud_km": 2.99 }, "geometry": { "type": "LineString", "coordinates": [ [ -64.3761, -35.3841 ], [ -64.409, -35.3839 ] ] } },
{ "type": "Feature", "properties": { "nombre": "Camino sin nombre", "longitud_km": 2.55 }, "geometry": { "type": "LineString", "coordinates": [ [ -64.4089, -35.3609 ], [ -64.409, -35.3839 ] ] } },
{ "type": "Feature", "properties": { "nombre": "Camino sin nombre", "longitud_km": 5.34 }, "geometry": { "type": "LineString", "coordinates": [ [ -64.2655, -35.3855 ], [ -64.2112, -35.3674 ] ] } },
{ "type": "Feature", "properties": { "nombre": "Camino sin nombre", "longitud_km": 5.78 }, "geometry": { "type": "LineString", "coordinates": [ [ -64.4726, -35.383 ], [ -64.409, -35.3839 ] ] } },
{ "type": "Feature", "properties": { "nombre": "Camino sin nombre", "longitud_km": 2.07 }, "geometry": { "type": "LineString", "coordinates": [ [ -64.2883, -35.386 ], [ -64.2655, -35.3855 ] ] } },
{ "type": "Feature", "properties": { "nombre": "Camino sin nombre", "longitud_km": 0.1 }, "geometry": { "type": "LineString", "coordinates": [ [ -64.2883, -35.3851 ], [ -64.2883, -35.386 ] ] } },
{ "type": "Feature", "properties": { "nombre": "Camino sin nombre", "longitud_km": 2.09 }, "geometry": { "type": "LineString", "coordinates": [ [ -64.2656, -35.3888 ], [ -64.2883, -35.386 ] ] } },
{ "type": "Feature", "properties": { "nombre": "Camino sin nombre", "longitud_km": 4.98 }, "geometry": { "type": "LineString", "coordinates": [ [ -64.7614, -35.4021 ], [ -64.7606, -35.3572 ] ] } },
{ "type": "Feature", "properties": { "nombre": "Camino sin nombre", "longitud_km": 10.08 }, "geometry": { "type": "LineString", "coordinates": [ [ -63.3853, -35.409 ], [ -63.4963, -35.4089 ] ] } },
{ "type": "Feature", "properties": { "nombre": "Camino sin nombre", "longitud_km": 5.02 }, "geometry": { "type": "LineString", "coordinates": [ [ -63.4963, -35.4089 ], [ -63.4961, -35.3637 ] ] } },
{ "type": "Feature", "properties": { "nombre": "Camino sin nombre", "longitud_km": 9.98 }, "geometry": { "type": "LineString", "coordinates": [ [ -63.4963, -35.4089 ], [ -63.6061, -35.4085 ] ] } },
{ "type": "Feature", "properties": { "nombre": "Camino sin nombre", "longitud_km": 5.02 }, "geometry": { "type": "LineString", "coordinates": [ [ -63.7159, -35.3632 ], [ -63.7163, -35.4084 ] ] } },
{ "type": "Feature", "properties": { "nombre": "Camino sin nombre", "longitud_km": 5.01 }, "geometry": { "type": "LineString", "coordinates": [ [ -63.7713, -35.3631 ], [ -63.7716, -35.4083 ] ] } },
{ "type": "Feature", "properties": { "nombre": "Camino sin nombre", "longitud_km": 5.02 }, "geometry": { "type": "LineString", "coordinates": [ [ -63.8817, -35.3624 ], [ -63.8818, -35.4077 ] ] } },
{ "type": "Feature", "properties": { "nombre": "Camino sin nombre", "longitud_km": 5.02 }, "geometry": { "type": "LineString", "coordinates": [ [ -63.7716, -35.4083 ], [ -63.7163, -35.4084 ] ] } },
{ "type": "Feature", "properties": { "nombre": "Camino sin nombre", "longitud_km": 5.29 }, "geometry": { "type": "LineString", "coordinates": [ [ -63.9828, -35.3965 ], [ -63.9815, -35.4072 ], [ -63.9364, -35.4073 ] ] } },
{ "type": "Feature", "properties": { "nombre": "Camino sin nombre", "longitud_km": 4.96 }, "geometry": { "type": "LineString", "coordinates": [ [ -64.0465, -35.362 ], [ -64.0469, -35.4068 ] ] } },
{ "type": "Feature", "properties": { "nombre": "Camino sin nombre", "longitud_km": 5.02 }, "geometry": { "type": "LineString", "coordinates": [ [ -64.1022, -35.4064 ], [ -64.0469, -35.4068 ] ] } },
{ "type": "Feature", "properties": { "nombre": "Camino sin nombre", "longitud_km": 4.93 }, "geometry": { "type": "LineString", "coordinates": [ [ -64.1022, -35.4064 ], [ -64.1017, -35.362 ] ] } },
{ "type": "Feature", "properties": { "nombre": "Camino sin nombre", "longitud_km": 5.01 }, "geometry": { "type": "LineString", "coordinates": [ [ -64.1574, -35.4064 ], [ -64.1022, -35.4064 ] ] } },
{ "type": "Feature", "properties": { "nombre": "Camino sin nombre", "longitud_km": 4.99 }, "geometry": { "type": "LineString", "coordinates": [ [ -64.1568, -35.3614 ], [ -64.1574, -35.4064 ] ] } },
{ "type": "Feature", "properties": { "nombre": "Camino sin nombre", "longitud_km": 4.9 }, "geometry": { "type": "LineString", "coordinates": [ [ -64.2113, -35.4064 ], [ -64.1574, -35.4064 ] ] } },
{ "type": "Feature", "properties": { "nombre": "Camino sin nombre", "longitud_km": 4.33 }, "geometry": { "type": "LineString", "coordinates": [ [ -64.2112, -35.3674 ], [ -64.2113, -35.4064 ] ] } },
{ "type": "Feature", "properties": { "nombre": "Camino sin nombre", "longitud_km": 4.95 }, "geometry": { "type": "LineString", "coordinates": [ [ -64.2658, -35.4061 ], [ -64.2113, -35.4064 ] ] } },
{ "type": "Feature", "properties": { "nombre": "Camino sin nombre", "longitud_km": 4.95 }, "geometry": { "type": "LineString", "coordinates": [ [ -64.5961, -35.4027 ], [ -64.5416, -35.4028 ] ] } },
{ "type": "Feature", "properties": { "nombre": "Camino sin nombre", "longitud_km": 4.87 }, "geometry": { "type": "LineString", "coordinates": [ [ -64.5961, -35.4027 ], [ -64.5961, -35.3588 ] ] } },
{ "type": "Feature", "properties": { "nombre": "Camino sin nombre", "longitud_km": 4.87 }, "geometry": { "type": "LineString", "coordinates": [ [ -64.6789, -35.4017 ], [ -64.6783, -35.3578 ] ] } },
{ "type": "Feature", "properties": { "nombre": "Camino sin nombre", "longitud_km": 4.99 }, "geometry": { "type": "LineString", "coordinates": [ [ -64.5416, -35.4028 ], [ -64.4868, -35.4049 ] ] } },
{ "type": "Feature", "properties": { "nombre": "Camino sin nombre", "longitud_km": 7.52 }, "geometry": { "type": "LineString", "coordinates": [ [ -64.6789, -35.4017 ], [ -64.5961, -35.4027 ] ] } },
{ "type": "Feature", "properties": { "nombre": "Camino sin nombre", "longitud_km": 7.49 }, "geometry": { "type": "LineString", "coordinates": [ [ -64.7614, -35.4021 ], [ -64.6789, -35.4017 ] ] } },
{ "type": "Feature", "properties": { "nombre": "Camino sin nombre", "longitud_km": 4.77 }, "geometry": { "type": "LineString", "coordinates": [ [ -64.8138, -35.4016 ], [ -64.7614, -35.4021 ] ] } },
{ "type": "Feature", "properties": { "nombre": "Camino sin nombre", "longitud_km": 4.97 }, "geometry": { "type": "LineString", "coordinates": [ [ -64.8133, -35.3568 ], [ -64.8138, -35.4016 ] ] } },
{ "type": "Feature", "properties": { "nombre": "Camino sin nombre", "longitud_km": 1.24 }, "geometry": { "type": "LineString", "coordinates": [ [ -63.8818, -35.4077 ], [ -63.8903, -35.4078 ], [ -63.8903, -35.412 ] ] } },
{ "type": "Feature", "properties": { "nombre": "Camino sin nombre", "longitud_km": 10.16 }, "geometry": { "type": "LineString", "coordinates": [ [ -64.9257, -35.4003 ], [ -64.8138, -35.4016 ] ] } },
{ "type": "Feature", "properties": { "nombre": "Camino sin nombre", "longitud_km": 2.28 }, "geometry": { "type": "LineString", "coordinates": [ [ -63.9153, -35.4119 ], [ -63.8903, -35.412 ] ] } },
{ "type": "Feature", "properties": { "nombre": "Camino sin nombre", "longitud_km": 0.79 }, "geometry": { "type": "LineString", "coordinates": [ [ -63.9153, -35.4119 ], [ -63.9196, -35.4057 ] ] } },
{ "type": "Feature", "properties": { "nombre": "Camino sin nombre", "longitud_km": 0.15 }, "geometry": { "type": "LineString", "coordinates": [ [ -63.8903, -35.412 ], [ -63.8903, -35.4134 ] ] } },
{ "type": "Feature", "properties": { "nombre": "Camino sin nombre", "longitud_km": 1.9 }, "geometry": { "type": "LineString", "coordinates": [ [ -63.8903, -35.4134 ], [ -63.9085, -35.4218 ] ] } },
{ "type": "Feature", "properties": { "nombre": "Camino sin nombre", "longitud_km": 1.26 }, "geometry": { "type": "LineString", "coordinates": [ [ -63.9085, -35.4218 ], [ -63.9153, -35.4119 ] ] } },
{ "type": "Feature", "properties": { "nombre": "Camino sin nombre", "longitud_km": 0.98 }, "geometry": { "type": "LineString", "coordinates": [ [ -63.7716, -35.4083 ], [ -63.7715, -35.4171 ] ] } },
{ "type": "Feature", "properties": { "nombre": "Camino sin nombre", "longitud_km": 5.99 }, "geometry": { "type": "LineString", "coordinates": [ [ -64.0469, -35.4068 ], [ -63.9918, -35.4071 ], [ -63.9945, -35.4156 ] ] } },
{ "type": "Feature", "properties": { "nombre": "Camino sin nombre", "longitud_km": 5.02 }, "geometry": { "type": "LineString", "coordinates": [ [ -63.7715, -35.4171 ], [ -63.8268, -35.4169 ] ] } },
{ "type": "Feature", "properties": { "nombre": "Camino sin nombre", "longitud_km": 5.99 }, "geometry": { "type": "LineString", "coordinates": [ [ -63.8265, -35.3629 ], [ -63.8268, -35.4169 ] ] } },
{ "type": "Feature", "properties": { "nombre": "Camino sin nombre", "longitud_km": 2.47 }, "geometry": { "type": "LineString", "coordinates": [ [ -63.8268, -35.4169 ], [ -63.8541, -35.4167 ] ] } },
{ "type": "Feature", "properties": { "nombre": "Camino sin nombre", "longitud_km": 6.0 }, "geometry": { "type": "LineString", "coordinates": [ [ -63.8541, -35.4167 ], [ -63.8539, -35.3626 ] ] } },
{ "type": "Feature", "properties": { "nombre": "Camino sin nombre", "longitud_km": 2.53 }, "geometry": { "type": "LineString", "coordinates": [ [ -63.8541, -35.4167 ], [ -63.8819, -35.4168 ] ] } },
{ "type": "Feature", "properties": { "nombre": "Camino sin nombre", "longitud_km": 1.02 }, "geometry": { "type": "LineString", "coordinates": [ [ -63.8818, -35.4077 ], [ -63.8819, -35.4168 ] ] } },
{ "type": "Feature", "properties": { "nombre": "Camino sin nombre", "longitud_km": 0.77 }, "geometry": { "type": "LineString", "coordinates": [ [ -63.8819, -35.4168 ], [ -63.8904, -35.4172 ] ] } },
{ "type": "Feature", "properties": { "nombre": "Camino sin nombre", "longitud_km": 0.42 }, "geometry": { "type": "LineString", "coordinates": [ [ -63.8904, -35.4172 ], [ -63.8903, -35.4134 ] ] } },
{ "type": "Feature", "properties": { "nombre": "Camino sin nombre", "longitud_km": 0.71 }, "geometry": { "type": "LineString", "coordinates": [ [ -63.8904, -35.4235 ], [ -63.8904, -35.4172 ] ] } },
{ "type": "Feature", "properties": { "nombre": "Camino sin nombre", "longitud_km": 1.44 }, "geometry": { "type": "LineString", "coordinates": [ [ -63.9085, -35.4218 ], [ -63.9223, -35.4282 ] ] } },
{ "type": "Feature", "properties": { "nombre": "Camino sin nombre", "longitud_km": 1.31 }, "geometry": { "type": "LineString", "coordinates": [ [ -63.903, -35.4295 ], [ -63.8904, -35.4235 ] ] } },
{ "type": "Feature", "properties": { "nombre": "Camino sin nombre", "longitud_km": 1.0 }, "geometry": { "type": "LineString", "coordinates": [ [ -63.903, -35.4295 ], [ -63.9085, -35.4218 ] ] } },
{ "type": "Feature", "properties": { "nombre": "Camino sin nombre", "longitud_km": 7.55 }, "geometry": { "type": "LineString", "coordinates": [ [ -64.2113, -35.4064 ], [ -64.2116, -35.4289 ], [ -64.1836, -35.4289 ], [ -64.1839, -35.4515 ] ] } },
{ "type": "Feature", "properties": { "nombre": "Camino sin nombre", "longitud_km": 1.45 }, "geometry": { "type": "LineString", "coordinates": [ [ -63.9168, -35.436 ], [ -63.903, -35.4295 ] ] } },
{ "type": "Feature", "properties": { "nombre": "Camino sin nombre", "longitud_km": 0.13 }, "geometry": { "type": "LineString", "coordinates": [ [ -63.9132, -35.4403 ], [ -63.9132, -35.4415 ] ] } },
{ "type": "Feature", "properties": { "nombre": "Camino sin nombre", "longitud_km": 2.01 }, "geometry": { "type": "LineString", "coordinates": [ [ -63.8906, -35.4416 ], [ -63.8904, -35.4235 ] ] } },
{ "type": "Feature", "properties": { "nombre": "Camino sin nombre", "longitud_km": 0.31 }, "geometry": { "type": "LineString", "coordinates": [ [ -63.8906, -35.4416 ], [ -63.894, -35.4416 ] ] } },
{ "type": "Feature", "properties": { "nombre": "Camino sin nombre", "longitud_km": 1.57 }, "geometry": { "type": "LineString", "coordinates": [ [ -63.903, -35.4295 ], [ -63.894, -35.4416 ] ] } },
{ "type": "Feature", "properties": { "nombre": "Camino sin nombre", "longitud_km": 2.16 }, "geometry": { "type": "LineString", "coordinates": [ [ -63.937, -35.4413 ], [ -63.9132, -35.4415 ] ] } },
{ "type": "Feature", "properties": { "nombre": "Camino sin nombre", "longitud_km": 3.49 }, "geometry": { "type": "LineString", "coordinates": [ [ -63.8819, -35.4168 ], [ -63.8822, -35.4414 ], [ -63.8906, -35.4416 ] ] } },
{ "type": "Feature", "properties": { "nombre": "Camino sin nombre", "longitud_km": 0.46 }, "geometry": { "type": "LineString", "coordinates": [ [ -63.894, -35.4416 ], [ -63.8991, -35.4417 ] ] } },
{ "type": "Feature", "properties": { "nombre": "Camino sin nombre", "longitud_km": 0.32 }, "geometry": { "type": "LineString", "coordinates": [ [ -63.894, -35.4416 ], [ -63.8923, -35.4441 ] ] } },
{ "type": "Feature", "properties": { "nombre": "Camino sin nombre", "longitud_km": 10.06 }, "geometry": { "type": "LineString", "coordinates": [ [ -63.7166, -35.4536 ], [ -63.6058, -35.4537 ] ] } },
{ "type": "Feature", "properties": { "nombre": "Camino sin nombre", "longitud_km": 5.02 }, "geometry": { "type": "LineString", "coordinates": [ [ -63.7163, -35.4084 ], [ -63.7166, -35.4536 ] ] } },
{ "type": "Feature", "properties": { "nombre": "Camino sin nombre", "longitud_km": 1.98 }, "geometry": { "type": "LineString", "coordinates": [ [ -63.7383, -35.453 ], [ -63.7166, -35.4536 ] ] } },
{ "type": "Feature", "properties": { "nombre": "Camino sin nombre", "longitud_km": 3.01 }, "geometry": { "type": "LineString", "coordinates": [ [ -63.7715, -35.4533 ], [ -63.7383, -35.453 ] ] } },
{ "type": "Feature", "properties": { "nombre": "Camino sin nombre", "longitud_km": 4.02 }, "geometry": { "type": "LineString", "coordinates": [ [ -63.7715, -35.4171 ], [ -63.7715, -35.4533 ] ] } },
{ "type": "Feature", "properties": { "nombre": "Camino sin nombre", "longitud_km": 4.02 }, "geometry": { "type": "LineString", "coordinates": [ [ -63.8268, -35.4169 ], [ -63.8271, -35.4531 ] ] } },
{ "type": "Feature", "properties": { "nombre": "Camino sin nombre", "longitud_km": 5.05 }, "geometry": { "type": "LineString", "coordinates": [ [ -63.8271, -35.4531 ], [ -63.7715, -35.4533 ] ] } },
{ "type": "Feature", "properties": { "nombre": "Camino sin nombre", "longitud_km": 1.64 }, "geometry": { "type": "LineString", "coordinates": [ [ -63.955, -35.4522 ], [ -63.937, -35.4524 ] ] } },
{ "type": "Feature", "properties": { "nombre": "Camino sin nombre", "longitud_km": 1.23 }, "geometry": { "type": "LineString", "coordinates": [ [ -63.9132, -35.4415 ], [ -63.9131, -35.4526 ] ] } },
{ "type": "Feature", "properties": { "nombre": "Camino sin nombre", "longitud_km": 2.17 }, "geometry": { "type": "LineString", "coordinates": [ [ -63.937, -35.4524 ], [ -63.9131, -35.4526 ] ] } },
{ "type": "Feature", "properties": { "nombre": "Camino sin nombre", "longitud_km": 2.49 }, "geometry": { "type": "LineString", "coordinates": [ [ -63.9131, -35.4526 ], [ -63.8857, -35.4528 ] ] } },
{ "type": "Feature", "properties": { "nombre": "Camino sin nombre", "longitud_km": 5.31 }, "geometry": { "type": "LineString", "coordinates": [ [ -63.8857, -35.4528 ], [ -63.8271, -35.4531 ] ] } },
{ "type": "Feature", "properties": { "nombre": "Camino sin nombre", "longitud_km": 3.31 }, "geometry": { "type": "LineString", "coordinates": [ [ -63.9915, -35.4521 ], [ -63.955, -35.4522 ] ] } },
{ "type": "Feature", "properties": { "nombre": "Camino sin nombre", "longitud_km": 4.09 }, "geometry": { "type": "LineString", "coordinates": [ [ -64.0366, -35.4519 ], [ -63.9915, -35.4521 ] ] } },
{ "type": "Feature", "properties": { "nombre": "Camino sin nombre", "longitud_km": 0.97 }, "geometry": { "type": "LineString", "coordinates": [ [ -64.0473, -35.4518 ], [ -64.0366, -35.4519 ] ] } },
{ "type": "Feature", "properties": { "nombre": "Camino sin nombre", "longitud_km": 4.99 }, "geometry": { "type": "LineString", "coordinates": [ [ -64.0469, -35.4068 ], [ -64.0473, -35.4518 ] ] } },
{ "type": "Feature", "properties": { "nombre": "Camino sin nombre", "longitud_km": 5.0 }, "geometry": { "type": "LineString", "coordinates": [ [ -64.1026, -35.4515 ], [ -64.1022, -35.4064 ] ] } },
{ "type": "Feature", "properties": { "nombre": "Camino sin nombre", "longitud_km": 5.02 }, "geometry": { "type": "LineString", "coordinates": [ [ -64.1026, -35.4515 ], [ -64.0473, -35.4518 ] ] } },
{ "type": "Feature", "properties": { "nombre": "Camino sin nombre", "longitud_km": 7.38 }, "geometry": { "type": "LineString", "coordinates": [ [ -64.1839, -35.4515 ], [ -64.1026, -35.4515 ] ] } },
{ "type": "Feature", "properties": { "nombre": "Camino sin nombre", "longitud_km": 7.5 }, "geometry": { "type": "LineString", "coordinates": [ [ -64.2665, -35.4519 ], [ -64.1839, -35.4515 ] ] } },
{ "type": "Feature", "properties": { "nombre": "Camino sin nombre", "longitud_km": 7.4 }, "geometry": { "type": "LineString", "coordinates": [ [ -64.3768, -35.4509 ], [ -64.3761, -35.3841 ] ] } },
{ "type": "Feature", "properties": { "nombre": "Camino sin nombre", "longitud_km": 10.01 }, "geometry": { "type": "LineString", "coordinates": [ [ -64.3768, -35.4509 ], [ -64.2665, -35.4519 ] ] } },
{ "type": "Feature", "properties": { "nombre": "Camino sin nombre", "longitud_km": 2.98 }, "geometry": { "type": "LineString", "coordinates": [ [ -64.4096, -35.4509 ], [ -64.3768, -35.4509 ] ] } },
{ "type": "Feature", "properties": { "nombre": "Camino sin nombre", "longitud_km": 7.44 }, "geometry": { "type": "LineString", "coordinates": [ [ -64.409, -35.3839 ], [ -64.4096, -35.4509 ] ] } },
{ "type": "Feature", "properties": { "nombre": "Camino sin nombre", "longitud_km": 7.03 }, "geometry": { "type": "LineString", "coordinates": [ [ -64.487, -35.4498 ], [ -64.4096, -35.4509 ] ] } },
{ "type": "Feature", "properties": { "nombre": "Camino sin nombre", "longitud_km": 5.02 }, "geometry": { "type": "LineString", "coordinates": [ [ -64.5423, -35.4495 ], [ -64.487, -35.4498 ] ] } },
{ "type": "Feature", "properties": { "nombre": "Camino sin nombre", "longitud_km": 4.98 }, "geometry": { "type": "LineString", "coordinates": [ [ -64.5423, -35.4495 ], [ -64.5972, -35.449 ] ] } },
{ "type": "Feature", "properties": { "nombre": "Camino sin nombre", "longitud_km": 5.14 }, "geometry": { "type": "LineString", "coordinates": [ [ -64.5972, -35.449 ], [ -64.5961, -35.4027 ] ] } },
{ "type": "Feature", "properties": { "nombre": "Camino sin nombre", "longitud_km": 7.48 }, "geometry": { "type": "LineString", "coordinates": [ [ -64.5972, -35.449 ], [ -64.6796, -35.4482 ] ] } },
{ "type": "Feature", "properties": { "nombre": "Camino sin nombre", "longitud_km": 5.16 }, "geometry": { "type": "LineString", "coordinates": [ [ -64.6796, -35.4482 ], [ -64.6789, -35.4017 ] ] } },
{ "type": "Feature", "properties": { "nombre": "Camino sin nombre", "longitud_km": 7.5 }, "geometry": { "type": "LineString", "coordinates": [ [ -64.6796, -35.4482 ], [ -64.7622, -35.4473 ] ] } },
{ "type": "Feature", "properties": { "nombre": "Camino sin nombre", "longitud_km": 5.02 }, "geometry": { "type": "LineString", "coordinates": [ [ -64.7622, -35.4473 ], [ -64.7614, -35.4021 ] ] } },
{ "type": "Feature", "properties": { "nombre": "Camino sin nombre", "longitud_km": 4.71 }, "geometry": { "type": "LineString", "coordinates": [ [ -64.7622, -35.4473 ], [ -64.814, -35.4467 ] ] } },
{ "type": "Feature", "properties": { "nombre": "Camino sin nombre", "longitud_km": 5.0 }, "geometry": { "type": "LineString", "coordinates": [ [ -64.8138, -35.4016 ], [ -64.814, -35.4467 ] ] } },
{ "type": "Feature", "properties": { "nombre": "Camino sin nombre", "longitud_km": 0.27 }, "geometry": { "type": "LineString", "coordinates": [ [ -64.814, -35.4467 ], [ -64.817, -35.4466 ] ] } },
{ "type": "Feature", "properties": { "nombre": "Camino sin nombre", "longitud_km": 9.96 }, "geometry": { "type": "LineString", "coordinates": [ [ -64.817, -35.4466 ], [ -64.9267, -35.4452 ] ] } },
{ "type": "Feature", "properties": { "nombre": "Camino sin nombre", "longitud_km": 0.73 }, "geometry": { "type": "LineString", "coordinates": [ [ -64.7623, -35.4539 ], [ -64.7622, -35.4473 ] ] } },
{ "type": "Feature", "properties": { "nombre": "Camino sin nombre", "longitud_km": 0.89 }, "geometry": { "type": "LineString", "coordinates": [ [ -64.7623, -35.4539 ], [ -64.7721, -35.4541 ] ] } },
{ "type": "Feature", "properties": { "nombre": "Camino sin nombre", "longitud_km": 6.55 }, "geometry": { "type": "LineString", "coordinates": [ [ -63.4967, -35.4679 ], [ -63.4963, -35.4089 ] ] } },
{ "type": "Feature", "properties": { "nombre": "Camino sin nombre", "longitud_km": 1.75 }, "geometry": { "type": "LineString", "coordinates": [ [ -63.958, -35.4678 ], [ -63.955, -35.4522 ] ] } },
{ "type": "Feature", "properties": { "nombre": "Camino sin nombre", "longitud_km": 7.7 }, "geometry": { "type": "LineString", "coordinates": [ [ -64.0366, -35.4519 ], [ -64.0363, -35.462 ], [ -64.0309, -35.4619 ], [ -64.0252, -35.4703 ], [ -64.0074, -35.4705 ], [ -63.9923, -35.4705 ], [ -63.9915, -35.4521 ] ] } },
{ "type": "Feature", "properties": { "nombre": "Camino sin nombre", "longitud_km": 11.01 }, "geometry": { "type": "LineString", "coordinates": [ [ -63.4967, -35.4679 ], [ -63.514, -35.4681 ], [ -63.5137, -35.4777 ], [ -63.6059, -35.4764 ] ] } },
{ "type": "Feature", "properties": { "nombre": "Camino sin nombre", "longitud_km": 3.02 }, "geometry": { "type": "LineString", "coordinates": [ [ -63.4791, -35.4806 ], [ -63.479, -35.4679 ], [ -63.4967, -35.4679 ] ] } },
{ "type": "Feature", "properties": { "nombre": "Camino sin nombre", "longitud_km": 8.53 }, "geometry": { "type": "LineString", "coordinates": [ [ -63.3851, -35.4807 ], [ -63.4791, -35.4806 ] ] } },
{ "type": "Feature", "properties": { "nombre": "Camino sin nombre", "longitud_km": 3.36 }, "geometry": { "type": "LineString", "coordinates": [ [ -63.7389, -35.4833 ], [ -63.7383, -35.453 ] ] } },
{ "type": "Feature", "properties": { "nombre": "Camino sin nombre", "longitud_km": 1.16 }, "geometry": { "type": "LineString", "coordinates": [ [ -63.7389, -35.4833 ], [ -63.7261, -35.4835 ] ] } },
{ "type": "Feature", "properties": { "nombre": "Camino sin nombre", "longitud_km": 2.27 }, "geometry": { "type": "LineString", "coordinates": [ [ -63.4967, -35.4884 ], [ -63.4967, -35.4679 ] ] } },
{ "type": "Feature", "properties": { "nombre": "Camino sin nombre", "longitud_km": 2.53 }, "geometry": { "type": "LineString", "coordinates": [ [ -63.4791, -35.4806 ], [ -63.4788, -35.4887 ], [ -63.4967, -35.4884 ] ] } },
{ "type": "Feature", "properties": { "nombre": "Camino sin nombre", "longitud_km": 7.86 }, "geometry": { "type": "LineString", "coordinates": [ [ -63.9372, -35.4979 ], [ -63.8506, -35.4984 ] ] } },
{ "type": "Feature", "properties": { "nombre": "Camino sin nombre", "longitud_km": 4.98 }, "geometry": { "type": "LineString", "coordinates": [ [ -64.8178, -35.4883 ], [ -64.7629, -35.4893 ] ] } },
{ "type": "Feature", "properties": { "nombre": "Camino sin nombre", "longitud_km": 4.63 }, "geometry": { "type": "LineString", "coordinates": [ [ -64.8178, -35.4883 ], [ -64.817, -35.4466 ] ] } },
{ "type": "Feature", "properties": { "nombre": "Camino sin nombre", "longitud_km": 3.92 }, "geometry": { "type": "LineString", "coordinates": [ [ -64.7629, -35.4893 ], [ -64.7623, -35.4539 ] ] } },
{ "type": "Feature", "properties": { "nombre": "Camino sin nombre", "longitud_km": 5.08 }, "geometry": { "type": "LineString", "coordinates": [ [ -64.1026, -35.4515 ], [ -64.1018, -35.4973 ] ] } },
{ "type": "Feature", "properties": { "nombre": "Camino sin nombre", "longitud_km": 14.93 }, "geometry": { "type": "LineString", "coordinates": [ [ -64.1018, -35.4973 ], [ -63.9372, -35.4979 ] ] } },
{ "type": "Feature", "properties": { "nombre": "Camino sin nombre", "longitud_km": 5.03 }, "geometry": { "type": "LineString", "coordinates": [ [ -64.1572, -35.499 ], [ -64.1018, -35.4973 ] ] } },
{ "type": "Feature", "properties": { "nombre": "Camino sin nombre", "longitud_km": 3.74 }, "geometry": { "type": "LineString", "coordinates": [ [ -64.1984, -35.4986 ], [ -64.1572, -35.499 ] ] } },
{ "type": "Feature", "properties": { "nombre": "Camino sin nombre", "longitud_km": 0.31 }, "geometry": { "type": "LineString", "coordinates": [ [ -64.8179, -35.4912 ], [ -64.8178, -35.4883 ] ] } },
{ "type": "Feature", "properties": { "nombre": "Camino sin nombre", "longitud_km": 0.94 }, "geometry": { "type": "LineString", "coordinates": [ [ -64.8865, -35.4906 ], [ -64.8859, -35.4821 ] ] } },
{ "type": "Feature", "properties": { "nombre": "Camino sin nombre", "longitud_km": 3.73 }, "geometry": { "type": "LineString", "coordinates": [ [ -64.8865, -35.4906 ], [ -64.9277, -35.49 ] ] } },
{ "type": "Feature", "properties": { "nombre": "Camino sin nombre", "longitud_km": 6.23 }, "geometry": { "type": "LineString", "coordinates": [ [ -64.8179, -35.4912 ], [ -64.8865, -35.4906 ] ] } },
{ "type": "Feature", "properties": { "nombre": "Camino sin nombre", "longitud_km": 7.6 }, "geometry": { "type": "LineString", "coordinates": [ [ -65.0114, -35.489 ], [ -64.9277, -35.49 ] ] } },
{ "type": "Feature", "properties": { "nombre": "Camino sin nombre", "longitud_km": 5.07 }, "geometry": { "type": "LineString", "coordinates": [ [ -64.8182, -35.5368 ], [ -64.8179, -35.4912 ] ] } },
{ "type": "Feature", "properties": { "nombre": "Camino sin nombre", "longitud_km": 8.68 }, "geometry": { "type": "LineString", "coordinates": [ [ -63.8271, -35.4531 ], [ -63.8272, -35.5313 ] ] } },
{ "type": "Feature", "properties": { "nombre": "Camino sin nombre", "longitud_km": 5.86 }, "geometry": { "type": "LineString", "coordinates": [ [ -63.6614, -35.5439 ], [ -63.6508, -35.5439 ], [ -63.6507, -35.5362 ], [ -63.6061, -35.5358 ] ] } },
{ "type": "Feature", "properties": { "nombre": "Camino sin nombre", "longitud_km": 6.17 }, "geometry": { "type": "LineString", "coordinates": [ [ -63.4959, -35.544 ], [ -63.4967, -35.4884 ] ] } },
{ "type": "Feature", "properties": { "nombre": "Camino sin nombre", "longitud_km": 5.03 }, "geometry": { "type": "LineString", "coordinates": [ [ -63.7169, -35.5436 ], [ -63.6614, -35.5439 ] ] } },
{ "type": "Feature", "properties": { "nombre": "Camino sin nombre", "longitud_km": 8.68 }, "geometry": { "type": "LineString", "coordinates": [ [ -63.7169, -35.5436 ], [ -63.7167, -35.5138 ], [ -63.7388, -35.5135 ], [ -63.7389, -35.4833 ] ] } },
{ "type": "Feature", "properties": { "nombre": "Camino sin nombre", "longitud_km": 5.01 }, "geometry": { "type": "LineString", "coordinates": [ [ -63.7721, -35.5437 ], [ -63.7169, -35.5436 ] ] } },
{ "type": "Feature", "properties": { "nombre": "Camino sin nombre", "longitud_km": 10.04 }, "geometry": { "type": "LineString", "coordinates": [ [ -63.7715, -35.4533 ], [ -63.7721, -35.5437 ] ] } },
{ "type": "Feature", "properties": { "nombre": "Camino sin nombre", "longitud_km": 4.14 }, "geometry": { "type": "LineString", "coordinates": [ [ -63.8178, -35.5436 ], [ -63.7721, -35.5437 ] ] } },
{ "type": "Feature", "properties": { "nombre": "Camino sin nombre", "longitud_km": 0.87 }, "geometry": { "type": "LineString", "coordinates": [ [ -63.8273, -35.5437 ], [ -63.8178, -35.5436 ] ] } },
{ "type": "Feature", "properties": { "nombre": "Camino sin nombre", "longitud_km": 9.93 }, "geometry": { "type": "LineString", "coordinates": [ [ -63.9369, -35.5432 ], [ -63.8273, -35.5437 ] ] } },
{ "type": "Feature", "properties": { "nombre": "Camino sin nombre", "longitud_km": 4.98 }, "geometry": { "type": "LineString", "coordinates": [ [ -64.157, -35.5438 ], [ -64.1572, -35.499 ] ] } },
{ "type": "Feature", "properties": { "nombre": "Camino sin nombre", "longitud_km": 2.17 }, "geometry": { "type": "LineString", "coordinates": [ [ -64.5132, -35.54 ], [ -64.4893, -35.5403 ] ] } },
{ "type": "Feature", "properties": { "nombre": "Camino sin nombre", "longitud_km": 3.79 }, "geometry": { "type": "LineString", "coordinates": [ [ -64.1988, -35.5435 ], [ -64.157, -35.5438 ] ] } },
{ "type": "Feature", "properties": { "nombre": "Camino sin nombre", "longitud_km": 4.99 }, "geometry": { "type": "LineString", "coordinates": [ [ -64.1988, -35.5435 ], [ -64.1984, -35.4986 ] ] } },
{ "type": "Feature", "properties": { "nombre": "Camino sin nombre", "longitud_km": 5.23 }, "geometry": { "type": "LineString", "coordinates": [ [ -64.1018, -35.4973 ], [ -64.1014, -35.5445 ] ] } },
{ "type": "Feature", "properties": { "nombre": "Camino sin nombre", "longitud_km": 0.36 }, "geometry": { "type": "LineString", "coordinates": [ [ -64.2028, -35.5435 ], [ -64.1988, -35.5435 ] ] } },
{ "type": "Feature", "properties": { "nombre": "Camino sin nombre", "longitud_km": 5.04 }, "geometry": { "type": "LineString", "coordinates": [ [ -64.157, -35.5438 ], [ -64.1014, -35.5445 ] ] } },
{ "type": "Feature", "properties": { "nombre": "Camino sin nombre", "longitud_km": 10.08 }, "geometry": { "type": "LineString", "coordinates": [ [ -64.3768, -35.4509 ], [ -64.3783, -35.5417 ] ] } },
{ "type": "Feature", "properties": { "nombre": "Camino sin nombre", "longitud_km": 2.11 }, "geometry": { "type": "LineString", "coordinates": [ [ -64.5365, -35.5398 ], [ -64.5132, -35.54 ] ] } },
{ "type": "Feature", "properties": { "nombre": "Camino sin nombre", "longitud_km": 14.92 }, "geometry": { "type": "LineString", "coordinates": [ [ -64.1014, -35.5445 ], [ -63.9369, -35.5432 ] ] } },
{ "type": "Feature", "properties": { "nombre": "Camino sin nombre", "longitud_km": 10.06 }, "geometry": { "type": "LineString", "coordinates": [ [ -64.4893, -35.5403 ], [ -64.3783, -35.5417 ] ] } },
{ "type": "Feature", "properties": { "nombre": "Camino sin nombre", "longitud_km": 5.86 }, "geometry": { "type": "LineString", "coordinates": [ [ -64.2675, -35.5431 ], [ -64.2028, -35.5435 ] ] } },
{ "type": "Feature", "properties": { "nombre": "Camino sin nombre", "longitud_km": 10.06 }, "geometry": { "type": "LineString", "coordinates": [ [ -64.3783, -35.5417 ], [ -64.2675, -35.5431 ] ] } },
{ "type": "Feature", "properties": { "nombre": "Camino sin nombre", "longitud_km": 3.19 }, "geometry": { "type": "LineString", "coordinates": [ [ -64.5788, -35.5394 ], [ -64.5437, -35.5398 ] ] } },
{ "type": "Feature", "properties": { "nombre": "Camino sin nombre", "longitud_km": 1.84 }, "geometry": { "type": "LineString", "coordinates": [ [ -64.5991, -35.5392 ], [ -64.5788, -35.5394 ] ] } },
{ "type": "Feature", "properties": { "nombre": "Camino sin nombre", "longitud_km": 10.01 }, "geometry": { "type": "LineString", "coordinates": [ [ -64.5991, -35.5392 ], [ -64.5972, -35.449 ] ] } },
{ "type": "Feature", "properties": { "nombre": "Camino sin nombre", "longitud_km": 6.91 }, "geometry": { "type": "LineString", "coordinates": [ [ -64.6753, -35.5384 ], [ -64.5991, -35.5392 ] ] } },
{ "type": "Feature", "properties": { "nombre": "Camino sin nombre", "longitud_km": 7.99 }, "geometry": { "type": "LineString", "coordinates": [ [ -64.7634, -35.5374 ], [ -64.6753, -35.5384 ] ] } },
{ "type": "Feature", "properties": { "nombre": "Camino sin nombre", "longitud_km": 5.35 }, "geometry": { "type": "LineString", "coordinates": [ [ -64.7634, -35.5374 ], [ -64.7629, -35.4893 ] ] } },
{ "type": "Feature", "properties": { "nombre": "Camino sin nombre", "longitud_km": 4.97 }, "geometry": { "type": "LineString", "coordinates": [ [ -64.8182, -35.5368 ], [ -64.7634, -35.5374 ] ] } },
{ "type": "Feature", "properties": { "nombre": "Camino sin nombre", "longitud_km": 1.71 }, "geometry": { "type": "LineString", "coordinates": [ [ -63.4407, -35.5594 ], [ -63.4408, -35.544 ] ] } },
{ "type": "Feature", "properties": { "nombre": "Camino sin nombre", "longitud_km": 5.02 }, "geometry": { "type": "LineString", "coordinates": [ [ -63.3854, -35.5594 ], [ -63.4407, -35.5594 ] ] } },
{ "type": "Feature", "properties": { "nombre": "Camino sin nombre", "longitud_km": 4.94 }, "geometry": { "type": "LineString", "coordinates": [ [ -64.7643, -35.582 ], [ -64.7634, -35.5374 ] ] } },
{ "type": "Feature", "properties": { "nombre": "Camino sin nombre", "longitud_km": 5.0 }, "geometry": { "type": "LineString", "coordinates": [ [ -63.4407, -35.5594 ], [ -63.4958, -35.5617 ] ] } },
{ "type": "Feature", "properties": { "nombre": "Camino sin nombre", "longitud_km": 1.96 }, "geometry": { "type": "LineString", "coordinates": [ [ -63.4958, -35.5617 ], [ -63.4959, -35.544 ] ] } },
{ "type": "Feature", "properties": { "nombre": "Camino sin nombre", "longitud_km": 0.7 }, "geometry": { "type": "LineString", "coordinates": [ [ -63.3854, -35.5657 ], [ -63.3854, -35.5594 ] ] } },
{ "type": "Feature", "properties": { "nombre": "Camino sin nombre", "longitud_km": 0.71 }, "geometry": { "type": "LineString", "coordinates": [ [ -63.3854, -35.5721 ], [ -63.3854, -35.5657 ] ] } },
{ "type": "Feature", "properties": { "nombre": "Camino sin nombre", "longitud_km": 5.27 }, "geometry": { "type": "LineString", "coordinates": [ [ -63.7315, -35.5792 ], [ -63.7172, -35.5795 ], [ -63.7169, -35.5436 ] ] } },
{ "type": "Feature", "properties": { "nombre": "Camino sin nombre", "longitud_km": 0.25 }, "geometry": { "type": "LineString", "coordinates": [ [ -63.3855, -35.5915 ], [ -63.3855, -35.5893 ] ] } },
{ "type": "Feature", "properties": { "nombre": "Camino sin nombre", "longitud_km": 1.9 }, "geometry": { "type": "LineString", "coordinates": [ [ -63.3855, -35.5893 ], [ -63.3854, -35.5721 ] ] } },
{ "type": "Feature", "properties": { "nombre": "Camino sin nombre", "longitud_km": 5.01 }, "geometry": { "type": "LineString", "coordinates": [ [ -63.4408, -35.5892 ], [ -63.3855, -35.5893 ] ] } },
{ "type": "Feature", "properties": { "nombre": "Camino sin nombre", "longitud_km": 3.3 }, "geometry": { "type": "LineString", "coordinates": [ [ -63.4408, -35.5892 ], [ -63.4407, -35.5594 ] ] } },
{ "type": "Feature", "properties": { "nombre": "Camino sin nombre", "longitud_km": 1.21 }, "geometry": { "type": "LineString", "coordinates": [ [ -63.9933, -35.5857 ], [ -63.9801, -35.5872 ] ] } },
{ "type": "Feature", "properties": { "nombre": "Camino sin nombre", "longitud_km": 2.06 }, "geometry": { "type": "LineString", "coordinates": [ [ -63.9373, -35.5885 ], [ -63.9145, -35.5884 ] ] } },
{ "type": "Feature", "properties": { "nombre": "Camino sin nombre", "longitud_km": 10.52 }, "geometry": { "type": "LineString", "coordinates": [ [ -63.4958, -35.5617 ], [ -63.6063, -35.5906 ] ] } },
{ "type": "Feature", "properties": { "nombre": "Camino sin nombre", "longitud_km": 6.7 }, "geometry": { "type": "LineString", "coordinates": [ [ -64.048, -35.5879 ], [ -64.0481, -35.5795 ], [ -64.0441, -35.5786 ], [ -63.9932, -35.5787 ], [ -63.9933, -35.5857 ] ] } },
{ "type": "Feature", "properties": { "nombre": "Camino sin nombre", "longitud_km": 4.97 }, "geometry": { "type": "LineString", "coordinates": [ [ -64.1029, -35.5875 ], [ -64.048, -35.5879 ] ] } },
{ "type": "Feature", "properties": { "nombre": "Camino sin nombre", "longitud_km": 4.77 }, "geometry": { "type": "LineString", "coordinates": [ [ -64.1014, -35.5445 ], [ -64.1029, -35.5875 ] ] } },
{ "type": "Feature", "properties": { "nombre": "Camino sin nombre", "longitud_km": 5.02 }, "geometry": { "type": "LineString", "coordinates": [ [ -64.1582, -35.5873 ], [ -64.1029, -35.5875 ] ] } },
{ "type": "Feature", "properties": { "nombre": "Camino sin nombre", "longitud_km": 4.03 }, "geometry": { "type": "LineString", "coordinates": [ [ -64.2027, -35.5885 ], [ -64.1582, -35.5873 ] ] } },
{ "type": "Feature", "properties": { "nombre": "Camino sin nombre", "longitud_km": 4.98 }, "geometry": { "type": "LineString", "coordinates": [ [ -64.2027, -35.5885 ], [ -64.2028, -35.5435 ] ] } },
{ "type": "Feature", "properties": { "nombre": "Camino sin nombre", "longitud_km": 4.97 }, "geometry": { "type": "LineString", "coordinates": [ [ -64.6, -35.584 ], [ -64.5991, -35.5392 ] ] } },
{ "type": "Feature", "properties": { "nombre": "Camino sin nombre", "longitud_km": 5.0 }, "geometry": { "type": "LineString", "coordinates": [ [ -64.7643, -35.582 ], [ -64.7092, -35.5829 ] ] } },
{ "type": "Feature", "properties": { "nombre": "Camino sin nombre", "longitud_km": 5.04 }, "geometry": { "type": "LineString", "coordinates": [ [ -64.8199, -35.5813 ], [ -64.7643, -35.582 ] ] } },
{ "type": "Feature", "properties": { "nombre": "Camino sin nombre", "longitud_km": 4.94 }, "geometry": { "type": "LineString", "coordinates": [ [ -64.8199, -35.5813 ], [ -64.8182, -35.5368 ] ] } },
{ "type": "Feature", "properties": { "nombre": "Camino sin nombre", "longitud_km": 5.0 }, "geometry": { "type": "LineString", "coordinates": [ [ -64.6747, -35.5834 ], [ -64.6753, -35.5384 ] ] } },
{ "type": "Feature", "properties": { "nombre": "Camino sin nombre", "longitud_km": 3.12 }, "geometry": { "type": "LineString", "coordinates": [ [ -64.7092, -35.5829 ], [ -64.6747, -35.5834 ] ] } },
{ "type": "Feature", "properties": { "nombre": "Camino sin nombre", "longitud_km": 6.77 }, "geometry": { "type": "LineString", "coordinates": [ [ -64.6747, -35.5834 ], [ -64.6, -35.584 ] ] } },
{ "type": "Feature", "properties": { "nombre": "Camino sin nombre", "longitud_km": 5.94 }, "geometry": { "type": "LineString", "coordinates": [ [ -64.2682, -35.5884 ], [ -64.2027, -35.5885 ] ] } },
{ "type": "Feature", "properties": { "nombre": "Camino sin nombre", "longitud_km": 10.07 }, "geometry": { "type": "LineString", "coordinates": [ [ -64.3793, -35.5881 ], [ -64.2682, -35.5884 ] ] } },
{ "type": "Feature", "properties": { "nombre": "Camino sin nombre", "longitud_km": 5.15 }, "geometry": { "type": "LineString", "coordinates": [ [ -64.3783, -35.5417 ], [ -64.3793, -35.5881 ] ] } },
{ "type": "Feature", "properties": { "nombre": "Camino sin nombre", "longitud_km": 5.19 }, "geometry": { "type": "LineString", "coordinates": [ [ -64.5139, -35.5868 ], [ -64.5132, -35.54 ] ] } },
{ "type": "Feature", "properties": { "nombre": "Camino sin nombre", "longitud_km": 10.02 }, "geometry": { "type": "LineString", "coordinates": [ [ -64.9304, -35.581 ], [ -64.8199, -35.5813 ] ] } },
{ "type": "Feature", "properties": { "nombre": "Camino sin nombre", "longitud_km": 2.87 }, "geometry": { "type": "LineString", "coordinates": [ [ -63.3856, -35.6174 ], [ -63.3855, -35.5915 ] ] } },
{ "type": "Feature", "properties": { "nombre": "Camino sin nombre", "longitud_km": 1.12 }, "geometry": { "type": "LineString", "coordinates": [ [ -64.5999, -35.5941 ], [ -64.6, -35.584 ] ] } },
{ "type": "Feature", "properties": { "nombre": "Camino sin nombre", "longitud_km": 6.1 }, "geometry": { "type": "LineString", "coordinates": [ [ -64.5799, -35.5944 ], [ -64.5788, -35.5394 ] ] } },
{ "type": "Feature", "properties": { "nombre": "Camino sin nombre", "longitud_km": 7.05 }, "geometry": { "type": "LineString", "coordinates": [ [ -63.6616, -35.6074 ], [ -63.6614, -35.5439 ] ] } },
{ "type": "Feature", "properties": { "nombre": "Camino sin nombre", "longitud_km": 1.03 }, "geometry": { "type": "LineString", "coordinates": [ [ -63.3856, -35.6174 ], [ -63.3743, -35.6174 ] ] } },
{ "type": "Feature", "properties": { "nombre": "Camino sin nombre", "longitud_km": 10.05 }, "geometry": { "type": "LineString", "coordinates": [ [ -63.4411, -35.6798 ], [ -63.4408, -35.5892 ] ] } },
{ "type": "Feature", "properties": { "nombre": "Camino sin nombre", "longitud_km": 1.11 }, "geometry": { "type": "LineString", "coordinates": [ [ -63.3855, -35.6275 ], [ -63.3856, -35.6174 ] ] } },
{ "type": "Feature", "properties": { "nombre": "Camino sin nombre", "longitud_km": 4.39 }, "geometry": { "type": "LineString", "coordinates": [ [ -63.6065, -35.6339 ], [ -63.6065, -35.5943 ] ] } },
{ "type": "Feature", "properties": { "nombre": "Camino sin nombre", "longitud_km": 5.0 }, "geometry": { "type": "LineString", "coordinates": [ [ -63.6617, -35.6341 ], [ -63.6065, -35.6339 ] ] } },
{ "type": "Feature", "properties": { "nombre": "Camino sin nombre", "longitud_km": 2.96 }, "geometry": { "type": "LineString", "coordinates": [ [ -63.6617, -35.6341 ], [ -63.6616, -35.6074 ] ] } },
{ "type": "Feature", "properties": { "nombre": "Camino sin nombre", "longitud_km": 4.9 }, "geometry": { "type": "LineString", "coordinates": [ [ -63.7158, -35.6341 ], [ -63.6617, -35.6341 ] ] } },
{ "type": "Feature", "properties": { "nombre": "Camino sin nombre", "longitud_km": 3.96 }, "geometry": { "type": "LineString", "coordinates": [ [ -63.7595, -35.6341 ], [ -63.7158, -35.6341 ] ] } },
{ "type": "Feature", "properties": { "nombre": "Camino sin nombre", "longitud_km": 11.35 }, "geometry": { "type": "LineString", "coordinates": [ [ -63.8178, -35.5436 ], [ -63.7595, -35.6341 ] ] } },
{ "type": "Feature", "properties": { "nombre": "Camino sin nombre", "longitud_km": 2.23 }, "geometry": { "type": "LineString", "coordinates": [ [ -63.7841, -35.634 ], [ -63.7595, -35.6341 ] ] } },
{ "type": "Feature", "properties": { "nombre": "Camino sin nombre", "longitud_km": 3.94 }, "geometry": { "type": "LineString", "coordinates": [ [ -63.8276, -35.6337 ], [ -63.7841, -35.634 ] ] } },
{ "type": "Feature", "properties": { "nombre": "Camino sin nombre", "longitud_km": 4.78 }, "geometry": { "type": "LineString", "coordinates": [ [ -63.8804, -35.6336 ], [ -63.8276, -35.6337 ] ] } },
{ "type": "Feature", "properties": { "nombre": "Camino sin nombre", "longitud_km": 5.12 }, "geometry": { "type": "LineString", "coordinates": [ [ -63.9369, -35.6337 ], [ -63.8804, -35.6336 ] ] } },
{ "type": "Feature", "properties": { "nombre": "Camino sin nombre", "longitud_km": 4.58 }, "geometry": { "type": "LineString", "coordinates": [ [ -64.3793, -35.5881 ], [ -64.3798, -35.6294 ] ] } },
{ "type": "Feature", "properties": { "nombre": "Camino sin nombre", "longitud_km": 5.12 }, "geometry": { "type": "LineString", "coordinates": [ [ -63.9934, -35.6334 ], [ -63.9369, -35.6337 ] ] } },
{ "type": "Feature", "properties": { "nombre": "Camino sin nombre", "longitud_km": 5.29 }, "geometry": { "type": "LineString", "coordinates": [ [ -63.9933, -35.5857 ], [ -63.9934, -35.6334 ] ] } },
{ "type": "Feature", "properties": { "nombre": "Camino sin nombre", "longitud_km": 4.93 }, "geometry": { "type": "LineString", "coordinates": [ [ -64.0478, -35.6332 ], [ -63.9934, -35.6334 ] ] } },
{ "type": "Feature", "properties": { "nombre": "Camino sin nombre", "longitud_km": 5.03 }, "geometry": { "type": "LineString", "coordinates": [ [ -64.0478, -35.6332 ], [ -64.048, -35.5879 ] ] } },
{ "type": "Feature", "properties": { "nombre": "Camino sin nombre", "longitud_km": 5.07 }, "geometry": { "type": "LineString", "coordinates": [ [ -64.1029, -35.5875 ], [ -64.1033, -35.6332 ] ] } },
{ "type": "Feature", "properties": { "nombre": "Camino sin nombre", "longitud_km": 5.03 }, "geometry": { "type": "LineString", "coordinates": [ [ -64.1033, -35.6332 ], [ -64.0478, -35.6332 ] ] } },
{ "type": "Feature", "properties": { "nombre": "Camino sin nombre", "longitud_km": 5.03 }, "geometry": { "type": "LineString", "coordinates": [ [ -64.1589, -35.6329 ], [ -64.1033, -35.6332 ] ] } },
{ "type": "Feature", "properties": { "nombre": "Camino sin nombre", "longitud_km": 5.06 }, "geometry": { "type": "LineString", "coordinates": [ [ -64.1589, -35.6329 ], [ -64.1582, -35.5873 ] ] } },
{ "type": "Feature", "properties": { "nombre": "Camino sin nombre", "longitud_km": 4.73 }, "geometry": { "type": "LineString", "coordinates": [ [ -64.538, -35.6294 ], [ -64.5371, -35.5868 ] ] } },
{ "type": "Feature", "properties": { "nombre": "Camino sin nombre", "longitud_km": 4.77 }, "geometry": { "type": "LineString", "coordinates": [ [ -64.5149, -35.6298 ], [ -64.5139, -35.5868 ] ] } },
{ "type": "Feature", "properties": { "nombre": "Camino sin nombre", "longitud_km": 4.2 }, "geometry": { "type": "LineString", "coordinates": [ [ -64.5585, -35.5915 ], [ -64.5588, -35.6293 ] ] } },
{ "type": "Feature", "properties": { "nombre": "Camino sin nombre", "longitud_km": 3.89 }, "geometry": { "type": "LineString", "coordinates": [ [ -64.5804, -35.6294 ], [ -64.5799, -35.5944 ] ] } },
{ "type": "Feature", "properties": { "nombre": "Camino sin nombre", "longitud_km": 5.0 }, "geometry": { "type": "LineString", "coordinates": [ [ -64.8216, -35.6264 ], [ -64.8199, -35.5813 ] ] } },
{ "type": "Feature", "properties": { "nombre": "Camino sin nombre", "longitud_km": 5.02 }, "geometry": { "type": "LineString", "coordinates": [ [ -64.7671, -35.6272 ], [ -64.7643, -35.582 ] ] } },
{ "type": "Feature", "properties": { "nombre": "Camino sin nombre", "longitud_km": 5.17 }, "geometry": { "type": "LineString", "coordinates": [ [ -64.7108, -35.6295 ], [ -64.7092, -35.5829 ] ] } },
{ "type": "Feature", "properties": { "nombre": "Camino sin nombre", "longitud_km": 5.05 }, "geometry": { "type": "LineString", "coordinates": [ [ -63.6069, -35.6795 ], [ -63.6065, -35.6339 ] ] } },
{ "type": "Feature", "properties": { "nombre": "Camino sin nombre", "longitud_km": 1.2 }, "geometry": { "type": "LineString", "coordinates": [ [ -63.8804, -35.6336 ], [ -63.8853, -35.6436 ] ] } },
{ "type": "Feature", "properties": { "nombre": "Camino sin nombre", "longitud_km": 1.13 }, "geometry": { "type": "LineString", "coordinates": [ [ -64.3798, -35.6294 ], [ -64.3798, -35.6397 ] ] } },
{ "type": "Feature", "properties": { "nombre": "Camino sin nombre", "longitud_km": 5.02 }, "geometry": { "type": "LineString", "coordinates": [ [ -64.1596, -35.6781 ], [ -64.1589, -35.6329 ] ] } },
{ "type": "Feature", "properties": { "nombre": "Camino sin nombre", "longitud_km": 1.75 }, "geometry": { "type": "LineString", "coordinates": [ [ -64.7669, -35.643 ], [ -64.7671, -35.6272 ] ] } },
{ "type": "Feature", "properties": { "nombre": "Camino sin nombre", "longitud_km": 2.98 }, "geometry": { "type": "LineString", "coordinates": [ [ -64.8223, -35.6532 ], [ -64.8216, -35.6264 ] ] } },
{ "type": "Feature", "properties": { "nombre": "Camino sin nombre", "longitud_km": 5.82 }, "geometry": { "type": "LineString", "coordinates": [ [ -63.3856, -35.6799 ], [ -63.3855, -35.6275 ] ] } },
{ "type": "Feature", "properties": { "nombre": "Camino sin nombre", "longitud_km": 5.02 }, "geometry": { "type": "LineString", "coordinates": [ [ -63.4411, -35.6798 ], [ -63.3856, -35.6799 ] ] } },
{ "type": "Feature", "properties": { "nombre": "Camino sin nombre", "longitud_km": 15.01 }, "geometry": { "type": "LineString", "coordinates": [ [ -63.6069, -35.6795 ], [ -63.4411, -35.6798 ] ] } },
{ "type": "Feature", "properties": { "nombre": "Camino sin nombre", "longitud_km": 4.98 }, "geometry": { "type": "LineString", "coordinates": [ [ -63.6619, -35.6792 ], [ -63.6069, -35.6795 ] ] } },
{ "type": "Feature", "properties": { "nombre": "Camino sin nombre", "longitud_km": 5.01 }, "geometry": { "type": "LineString", "coordinates": [ [ -63.6619, -35.6792 ], [ -63.6617, -35.6341 ] ] } },
{ "type": "Feature", "properties": { "nombre": "Camino sin nombre", "longitud_km": 5.02 }, "geometry": { "type": "LineString", "coordinates": [ [ -63.7172, -35.6792 ], [ -63.7168, -35.64 ], [ -63.7239, -35.6418 ] ] } },
{ "type": "Feature", "properties": { "nombre": "Camino sin nombre", "longitud_km": 3.13 }, "geometry": { "type": "LineString", "coordinates": [ [ -63.7518, -35.6789 ], [ -63.7172, -35.6792 ] ] } },
{ "type": "Feature", "properties": { "nombre": "Camino sin nombre", "longitud_km": 5.0 }, "geometry": { "type": "LineString", "coordinates": [ [ -63.7172, -35.6792 ], [ -63.6619, -35.6792 ] ] } },
{ "type": "Feature", "properties": { "nombre": "Camino sin nombre", "longitud_km": 1.77 }, "geometry": { "type": "LineString", "coordinates": [ [ -64.1366, -35.6932 ], [ -64.1284, -35.6787 ] ] } },
{ "type": "Feature", "properties": { "nombre": "Camino sin nombre", "longitud_km": 5.1 }, "geometry": { "type": "LineString", "coordinates": [ [ -64.0481, -35.6792 ], [ -64.0478, -35.6332 ] ] } },
{ "type": "Feature", "properties": { "nombre": "Camino sin nombre", "longitud_km": 5.07 }, "geometry": { "type": "LineString", "coordinates": [ [ -64.1033, -35.6332 ], [ -64.104, -35.6789 ] ] } },
{ "type": "Feature", "properties": { "nombre": "Camino sin nombre", "longitud_km": 4.99 }, "geometry": { "type": "LineString", "coordinates": [ [ -64.4907, -35.6301 ], [ -64.4909, -35.6751 ] ] } },
{ "type": "Feature", "properties": { "nombre": "Camino sin nombre", "longitud_km": 6.06 }, "geometry": { "type": "LineString", "coordinates": [ [ -64.5579, -35.6747 ], [ -64.4909, -35.6751 ] ] } },
{ "type": "Feature", "properties": { "nombre": "Camino sin nombre", "longitud_km": 5.04 }, "geometry": { "type": "LineString", "coordinates": [ [ -64.5567, -35.6293 ], [ -64.5579, -35.6747 ] ] } },
{ "type": "Feature", "properties": { "nombre": "Camino sin nombre", "longitud_km": 4.79 }, "geometry": { "type": "LineString", "coordinates": [ [ -64.712, -35.6727 ], [ -64.7108, -35.6295 ] ] } },
{ "type": "Feature", "properties": { "nombre": "Camino sin nombre", "longitud_km": 5.02 }, "geometry": { "type": "LineString", "coordinates": [ [ -64.712, -35.6727 ], [ -64.7674, -35.6721 ] ] } },
{ "type": "Feature", "properties": { "nombre": "Camino sin nombre", "longitud_km": 4.0 }, "geometry": { "type": "LineString", "coordinates": [ [ -64.5579, -35.6747 ], [ -64.6021, -35.6744 ] ] } },
{ "type": "Feature", "properties": { "nombre": "Camino sin nombre", "longitud_km": 3.23 }, "geometry": { "type": "LineString", "coordinates": [ [ -64.7674, -35.6721 ], [ -64.7669, -35.643 ] ] } },
{ "type": "Feature", "properties": { "nombre": "Camino sin nombre", "longitud_km": 0.99 }, "geometry": { "type": "LineString", "coordinates": [ [ -64.1597, -35.6871 ], [ -64.1596, -35.6781 ] ] } },
{ "type": "Feature", "properties": { "nombre": "Camino sin nombre", "longitud_km": 2.95 }, "geometry": { "type": "LineString", "coordinates": [ [ -63.6621, -35.7058 ], [ -63.6619, -35.6792 ] ] } },
{ "type": "Feature", "properties": { "nombre": "Camino sin nombre", "longitud_km": 2.57 }, "geometry": { "type": "LineString", "coordinates": [ [ -63.6621, -35.7058 ], [ -63.6337, -35.7066 ] ] } },
{ "type": "Feature", "properties": { "nombre": "Camino sin nombre", "longitud_km": 3.39 }, "geometry": { "type": "LineString", "coordinates": [ [ -64.0964, -35.7071 ], [ -64.0817, -35.679 ] ] } },
{ "type": "Feature", "properties": { "nombre": "Camino sin nombre", "longitud_km": 2.42 }, "geometry": { "type": "LineString", "coordinates": [ [ -63.744, -35.7245 ], [ -63.7172, -35.7245 ] ] } },
{ "type": "Feature", "properties": { "nombre": "Camino sin nombre", "longitud_km": 5.11 }, "geometry": { "type": "LineString", "coordinates": [ [ -65.1051, -35.706 ], [ -65.1051, -35.66 ] ] } },
{ "type": "Feature", "properties": { "nombre": "Camino sin nombre", "longitud_km": 1.18 }, "geometry": { "type": "LineString", "coordinates": [ [ -65.099, -35.7071 ], [ -65.0898, -35.6996 ] ] } },
{ "type": "Feature", "properties": { "nombre": "Camino sin nombre", "longitud_km": 0.32 }, "geometry": { "type": "LineString", "coordinates": [ [ -65.099, -35.7071 ], [ -65.1007, -35.7045 ] ] } },
{ "type": "Feature", "properties": { "nombre": "Camino sin nombre", "longitud_km": 5.01 }, "geometry": { "type": "LineString", "coordinates": [ [ -63.3855, -35.7251 ], [ -63.3856, -35.6799 ] ] } },
{ "type": "Feature", "properties": { "nombre": "Camino sin nombre", "longitud_km": 3.79 }, "geometry": { "type": "LineString", "coordinates": [ [ -63.4274, -35.7251 ], [ -63.3855, -35.7251 ] ] } },
{ "type": "Feature", "properties": { "nombre": "Camino sin nombre", "longitud_km": 5.04 }, "geometry": { "type": "LineString", "coordinates": [ [ -63.4417, -35.7252 ], [ -63.4411, -35.6798 ] ] } },
{ "type": "Feature", "properties": { "nombre": "Camino sin nombre", "longitud_km": 4.94 }, "geometry": { "type": "LineString", "coordinates": [ [ -63.4963, -35.7249 ], [ -63.4417, -35.7252 ] ] } },
{ "type": "Feature", "properties": { "nombre": "Camino sin nombre", "longitud_km": 1.29 }, "geometry": { "type": "LineString", "coordinates": [ [ -63.4417, -35.7252 ], [ -63.4274, -35.7251 ] ] } },
{ "type": "Feature", "properties": { "nombre": "Camino sin nombre", "longitud_km": 3.95 }, "geometry": { "type": "LineString", "coordinates": [ [ -64.5586, -35.7202 ], [ -64.6023, -35.7198 ] ] } },
{ "type": "Feature", "properties": { "nombre": "Camino sin nombre", "longitud_km": 10.0 }, "geometry": { "type": "LineString", "coordinates": [ [ -63.6069, -35.7248 ], [ -63.4963, -35.7249 ] ] } },
{ "type": "Feature", "properties": { "nombre": "Camino sin nombre", "longitud_km": 5.03 }, "geometry": { "type": "LineString", "coordinates": [ [ -63.6069, -35.7248 ], [ -63.6069, -35.6795 ] ] } },
{ "type": "Feature", "properties": { "nombre": "Camino sin nombre", "longitud_km": 2.08 }, "geometry": { "type": "LineString", "coordinates": [ [ -63.6623, -35.7245 ], [ -63.6621, -35.7058 ] ] } },
{ "type": "Feature", "properties": { "nombre": "Camino sin nombre", "longitud_km": 5.02 }, "geometry": { "type": "LineString", "coordinates": [ [ -63.6623, -35.7245 ], [ -63.6069, -35.7248 ] ] } },
{ "type": "Feature", "properties": { "nombre": "Camino sin nombre", "longitud_km": 4.97 }, "geometry": { "type": "LineString", "coordinates": [ [ -63.7172, -35.7245 ], [ -63.6623, -35.7245 ] ] } },
{ "type": "Feature", "properties": { "nombre": "Camino sin nombre", "longitud_km": 5.03 }, "geometry": { "type": "LineString", "coordinates": [ [ -63.7172, -35.7245 ], [ -63.7172, -35.6792 ] ] } },
{ "type": "Feature", "properties": { "nombre": "Camino sin nombre", "longitud_km": 0.22 }, "geometry": { "type": "LineString", "coordinates": [ [ -63.7465, -35.7244 ], [ -63.744, -35.7245 ] ] } },
{ "type": "Feature", "properties": { "nombre": "Camino sin nombre", "longitud_km": 2.39 }, "geometry": { "type": "LineString", "coordinates": [ [ -63.7729, -35.7244 ], [ -63.7465, -35.7244 ] ] } },
{ "type": "Feature", "properties": { "nombre": "Camino sin nombre", "longitud_km": 0.1 }, "geometry": { "type": "LineString", "coordinates": [ [ -63.8283, -35.7241 ], [ -63.8272, -35.7241 ] ] } },
{ "type": "Feature", "properties": { "nombre": "Camino sin nombre", "longitud_km": 4.91 }, "geometry": { "type": "LineString", "coordinates": [ [ -63.8272, -35.7241 ], [ -63.7729, -35.7244 ] ] } },
{ "type": "Feature", "properties": { "nombre": "Camino sin nombre", "longitud_km": 9.86 }, "geometry": { "type": "LineString", "coordinates": [ [ -63.9372, -35.7245 ], [ -63.8283, -35.7241 ] ] } },
{ "type": "Feature", "properties": { "nombre": "Camino sin nombre", "longitud_km": 5.02 }, "geometry": { "type": "LineString", "coordinates": [ [ -64.7684, -35.7173 ], [ -64.7674, -35.6721 ] ] } },
{ "type": "Feature", "properties": { "nombre": "Camino sin nombre", "longitud_km": 1.96 }, "geometry": { "type": "LineString", "coordinates": [ [ -64.1047, -35.7235 ], [ -64.0964, -35.7071 ] ] } },
{ "type": "Feature", "properties": { "nombre": "Camino sin nombre", "longitud_km": 8.96 }, "geometry": { "type": "LineString", "coordinates": [ [ -64.0487, -35.7243 ], [ -63.9496, -35.7246 ] ] } },
{ "type": "Feature", "properties": { "nombre": "Camino sin nombre", "longitud_km": 5.0 }, "geometry": { "type": "LineString", "coordinates": [ [ -64.0487, -35.7243 ], [ -64.0481, -35.6792 ] ] } },
{ "type": "Feature", "properties": { "nombre": "Camino sin nombre", "longitud_km": 0.1 }, "geometry": { "type": "LineString", "coordinates": [ [ -64.0498, -35.7243 ], [ -64.0487, -35.7243 ] ] } },
{ "type": "Feature", "properties": { "nombre": "Camino sin nombre", "longitud_km": 2.43 }, "geometry": { "type": "LineString", "coordinates": [ [ -64.0767, -35.7241 ], [ -64.0498, -35.7243 ] ] } },
{ "type": "Feature", "properties": { "nombre": "Camino sin nombre", "longitud_km": 2.53 }, "geometry": { "type": "LineString", "coordinates": [ [ -64.1047, -35.7235 ], [ -64.0767, -35.7241 ] ] } },
{ "type": "Feature", "properties": { "nombre": "Camino sin nombre", "longitud_km": 5.02 }, "geometry": { "type": "LineString", "coordinates": [ [ -64.1602, -35.7235 ], [ -64.1047, -35.7235 ] ] } },
{ "type": "Feature", "properties": { "nombre": "Camino sin nombre", "longitud_km": 4.04 }, "geometry": { "type": "LineString", "coordinates": [ [ -64.1602, -35.7235 ], [ -64.1597, -35.6871 ] ] } },
{ "type": "Feature", "properties": { "nombre": "Camino sin nombre", "longitud_km": 5.03 }, "geometry": { "type": "LineString", "coordinates": [ [ -64.2158, -35.7229 ], [ -64.1602, -35.7235 ] ] } },
{ "type": "Feature", "properties": { "nombre": "Camino sin nombre", "longitud_km": 4.84 }, "geometry": { "type": "LineString", "coordinates": [ [ -64.2693, -35.7225 ], [ -64.2158, -35.7229 ] ] } },
{ "type": "Feature", "properties": { "nombre": "Camino sin nombre", "longitud_km": 4.04 }, "geometry": { "type": "LineString", "coordinates": [ [ -64.3139, -35.7222 ], [ -64.2693, -35.7225 ] ] } },
{ "type": "Feature", "properties": { "nombre": "Camino sin nombre", "longitud_km": 4.65 }, "geometry": { "type": "LineString", "coordinates": [ [ -65.0441, -35.7127 ], [ -65.0955, -35.7144 ] ] } },
{ "type": "Feature", "properties": { "nombre": "Camino sin nombre", "longitud_km": 5.02 }, "geometry": { "type": "LineString", "coordinates": [ [ -64.4909, -35.6751 ], [ -64.4919, -35.7203 ] ] } },
{ "type": "Feature", "properties": { "nombre": "Camino sin nombre", "longitud_km": 6.08 }, "geometry": { "type": "LineString", "coordinates": [ [ -64.3811, -35.7217 ], [ -64.3139, -35.7222 ] ] } },
{ "type": "Feature", "properties": { "nombre": "Camino sin nombre", "longitud_km": 9.1 }, "geometry": { "type": "LineString", "coordinates": [ [ -64.3811, -35.7217 ], [ -64.3798, -35.6397 ] ] } },
{ "type": "Feature", "properties": { "nombre": "Camino sin nombre", "longitud_km": 10.02 }, "geometry": { "type": "LineString", "coordinates": [ [ -64.4919, -35.7203 ], [ -64.3811, -35.7217 ] ] } },
{ "type": "Feature", "properties": { "nombre": "Camino sin nombre", "longitud_km": 10.05 }, "geometry": { "type": "LineString", "coordinates": [ [ -64.933, -35.7144 ], [ -65.0441, -35.7127 ] ] } },
{ "type": "Feature", "properties": { "nombre": "Camino sin nombre", "longitud_km": 1.88 }, "geometry": { "type": "LineString", "coordinates": [ [ -65.0437, -35.6958 ], [ -65.0441, -35.7127 ] ] } },
{ "type": "Feature", "properties": { "nombre": "Camino sin nombre", "longitud_km": 6.03 }, "geometry": { "type": "LineString", "coordinates": [ [ -64.5586, -35.7202 ], [ -64.4919, -35.7203 ] ] } },
{ "type": "Feature", "properties": { "nombre": "Camino sin nombre", "longitud_km": 5.03 }, "geometry": { "type": "LineString", "coordinates": [ [ -64.713, -35.718 ], [ -64.712, -35.6727 ] ] } },
{ "type": "Feature", "properties": { "nombre": "Camino sin nombre", "longitud_km": 5.04 }, "geometry": { "type": "LineString", "coordinates": [ [ -64.5579, -35.6747 ], [ -64.5586, -35.7202 ] ] } },
{ "type": "Feature", "properties": { "nombre": "Camino sin nombre", "longitud_km": 5.01 }, "geometry": { "type": "LineString", "coordinates": [ [ -64.713, -35.718 ], [ -64.7684, -35.7173 ] ] } },
{ "type": "Feature", "properties": { "nombre": "Camino sin nombre", "longitud_km": 7.03 }, "geometry": { "type": "LineString", "coordinates": [ [ -64.8234, -35.7165 ], [ -64.8223, -35.6532 ] ] } },
{ "type": "Feature", "properties": { "nombre": "Camino sin nombre", "longitud_km": 9.93 }, "geometry": { "type": "LineString", "coordinates": [ [ -64.8234, -35.7165 ], [ -64.933, -35.7144 ] ] } },
{ "type": "Feature", "properties": { "nombre": "Camino sin nombre", "longitud_km": 10.02 }, "geometry": { "type": "LineString", "coordinates": [ [ -64.6023, -35.7198 ], [ -64.713, -35.718 ] ] } },
{ "type": "Feature", "properties": { "nombre": "Camino sin nombre", "longitud_km": 4.97 }, "geometry": { "type": "LineString", "coordinates": [ [ -64.7684, -35.7173 ], [ -64.8234, -35.7165 ] ] } },
{ "type": "Feature", "properties": { "nombre": "Camino sin nombre", "longitud_km": 0.87 }, "geometry": { "type": "LineString", "coordinates": [ [ -65.0955, -35.7144 ], [ -65.099, -35.7071 ] ] } },
{ "type": "Feature", "properties": { "nombre": "Camino sin nombre", "longitud_km": 0.87 }, "geometry": { "type": "LineString", "coordinates": [ [ -65.0955, -35.7144 ], [ -65.1051, -35.7144 ] ] } },
{ "type": "Feature", "properties": { "nombre": "Camino sin nombre", "longitud_km": 0.93 }, "geometry": { "type": "LineString", "coordinates": [ [ -65.1051, -35.706 ], [ -65.1051, -35.7144 ] ] } },
{ "type": "Feature", "properties": { "nombre": "Camino sin nombre", "longitud_km": 9.99 }, "geometry": { "type": "LineString", "coordinates": [ [ -64.7704, -35.8073 ], [ -64.7684, -35.7173 ] ] } },
{ "type": "Feature", "properties": { "nombre": "Camino sin nombre", "longitud_km": 10.0 }, "geometry": { "type": "LineString", "coordinates": [ [ -64.8234, -35.7165 ], [ -64.8256, -35.8066 ] ] } },
{ "type": "Feature", "properties": { "nombre": "Camino sin nombre", "longitud_km": 2.48 }, "geometry": { "type": "LineString", "coordinates": [ [ -63.7465, -35.7244 ], [ -63.7455, -35.7467 ] ] } },
{ "type": "Feature", "properties": { "nombre": "Camino sin nombre", "longitud_km": 3.39 }, "geometry": { "type": "LineString", "coordinates": [ [ -63.3856, -35.7557 ], [ -63.3855, -35.7251 ] ] } },
{ "type": "Feature", "properties": { "nombre": "Camino sin nombre", "longitud_km": 0.85 }, "geometry": { "type": "LineString", "coordinates": [ [ -63.379, -35.7611 ], [ -63.3856, -35.7557 ] ] } },
{ "type": "Feature", "properties": { "nombre": "Camino sin nombre", "longitud_km": 3.9 }, "geometry": { "type": "LineString", "coordinates": [ [ -64.3817, -35.7568 ], [ -64.3811, -35.7217 ] ] } },
{ "type": "Feature", "properties": { "nombre": "Camino sin nombre", "longitud_km": 1.58 }, "geometry": { "type": "LineString", "coordinates": [ [ -63.3857, -35.7699 ], [ -63.3856, -35.7557 ] ] } },
{ "type": "Feature", "properties": { "nombre": "Camino sin nombre", "longitud_km": 5.01 }, "geometry": { "type": "LineString", "coordinates": [ [ -63.4276, -35.7702 ], [ -63.4274, -35.7251 ] ] } },
{ "type": "Feature", "properties": { "nombre": "Camino sin nombre", "longitud_km": 5.02 }, "geometry": { "type": "LineString", "coordinates": [ [ -63.4963, -35.7702 ], [ -63.4963, -35.7249 ] ] } },
{ "type": "Feature", "properties": { "nombre": "Camino sin nombre", "longitud_km": 4.86 }, "geometry": { "type": "LineString", "coordinates": [ [ -64.1052, -35.7673 ], [ -64.1047, -35.7235 ] ] } },
{ "type": "Feature", "properties": { "nombre": "Camino sin nombre", "longitud_km": 4.81 }, "geometry": { "type": "LineString", "coordinates": [ [ -64.1608, -35.7668 ], [ -64.1602, -35.7235 ] ] } },
{ "type": "Feature", "properties": { "nombre": "Camino sin nombre", "longitud_km": 5.03 }, "geometry": { "type": "LineString", "coordinates": [ [ -64.1608, -35.7668 ], [ -64.1052, -35.7673 ] ] } },
{ "type": "Feature", "properties": { "nombre": "Camino sin nombre", "longitud_km": 8.34 }, "geometry": { "type": "LineString", "coordinates": [ [ -64.0772, -35.7676 ], [ -64.0494, -35.7676 ], [ -64.0491, -35.7552 ], [ -64.0, -35.7568 ] ] } },
{ "type": "Feature", "properties": { "nombre": "Camino sin nombre", "longitud_km": 0.81 }, "geometry": { "type": "LineString", "coordinates": [ [ -63.3906, -35.776 ], [ -63.3857, -35.7699 ] ] } },
{ "type": "Feature", "properties": { "nombre": "Camino sin nombre", "longitud_km": 4.82 }, "geometry": { "type": "LineString", "coordinates": [ [ -64.0772, -35.7676 ], [ -64.0767, -35.7241 ] ] } },
{ "type": "Feature", "properties": { "nombre": "Camino sin nombre", "longitud_km": 2.53 }, "geometry": { "type": "LineString", "coordinates": [ [ -64.1052, -35.7673 ], [ -64.0772, -35.7676 ] ] } },
{ "type": "Feature", "properties": { "nombre": "Camino sin nombre", "longitud_km": 5.23 }, "geometry": { "type": "LineString", "coordinates": [ [ -63.6069, -35.7719 ], [ -63.6069, -35.7248 ] ] } },
{ "type": "Feature", "properties": { "nombre": "Camino sin nombre", "longitud_km": 5.25 }, "geometry": { "type": "LineString", "coordinates": [ [ -63.7179, -35.7718 ], [ -63.7172, -35.7245 ] ] } },
{ "type": "Feature", "properties": { "nombre": "Camino sin nombre", "longitud_km": 9.25 }, "geometry": { "type": "LineString", "coordinates": [ [ -63.8284, -35.7689 ], [ -63.9307, -35.7707 ] ] } },
{ "type": "Feature", "properties": { "nombre": "Camino sin nombre", "longitud_km": 4.07 }, "geometry": { "type": "LineString", "coordinates": [ [ -64.3146, -35.7675 ], [ -64.2696, -35.7679 ] ] } },
{ "type": "Feature", "properties": { "nombre": "Camino sin nombre", "longitud_km": 5.02 }, "geometry": { "type": "LineString", "coordinates": [ [ -64.3146, -35.7675 ], [ -64.3139, -35.7222 ] ] } },
{ "type": "Feature", "properties": { "nombre": "Camino sin nombre", "longitud_km": 1.11 }, "geometry": { "type": "LineString", "coordinates": [ [ -64.3819, -35.7668 ], [ -64.3817, -35.7568 ] ] } },
{ "type": "Feature", "properties": { "nombre": "Camino sin nombre", "longitud_km": 6.08 }, "geometry": { "type": "LineString", "coordinates": [ [ -64.3819, -35.7668 ], [ -64.3146, -35.7675 ] ] } },
{ "type": "Feature", "properties": { "nombre": "Camino sin nombre", "longitud_km": 0.3 }, "geometry": { "type": "LineString", "coordinates": [ [ -63.7179, -35.7718 ], [ -63.7209, -35.7728 ] ] } },
{ "type": "Feature", "properties": { "nombre": "Camino sin nombre", "longitud_km": 4.75 }, "geometry": { "type": "LineString", "coordinates": [ [ -63.7209, -35.7728 ], [ -63.7733, -35.7755 ] ] } },
{ "type": "Feature", "properties": { "nombre": "Camino sin nombre", "longitud_km": 5.67 }, "geometry": { "type": "LineString", "coordinates": [ [ -63.7733, -35.7755 ], [ -63.7729, -35.7244 ] ] } },
{ "type": "Feature", "properties": { "nombre": "Camino sin nombre", "longitud_km": 1.08 }, "geometry": { "type": "LineString", "coordinates": [ [ -63.6326, -35.767 ], [ -63.6319, -35.7768 ] ] } },
{ "type": "Feature", "properties": { "nombre": "Camino sin nombre", "longitud_km": 0.73 }, "geometry": { "type": "LineString", "coordinates": [ [ -63.718, -35.7783 ], [ -63.7179, -35.7718 ] ] } },
{ "type": "Feature", "properties": { "nombre": "Camino sin nombre", "longitud_km": 4.99 }, "geometry": { "type": "LineString", "coordinates": [ [ -63.7733, -35.7755 ], [ -63.8285, -35.7785 ] ] } },
{ "type": "Feature", "properties": { "nombre": "Camino sin nombre", "longitud_km": 1.2 }, "geometry": { "type": "LineString", "coordinates": [ [ -64.1607, -35.7776 ], [ -64.1608, -35.7668 ] ] } },
{ "type": "Feature", "properties": { "nombre": "Camino sin nombre", "longitud_km": 6.03 }, "geometry": { "type": "LineString", "coordinates": [ [ -64.2158, -35.7229 ], [ -64.2166, -35.7773 ] ] } },
{ "type": "Feature", "properties": { "nombre": "Camino sin nombre", "longitud_km": 5.05 }, "geometry": { "type": "LineString", "coordinates": [ [ -64.2166, -35.7773 ], [ -64.1607, -35.7776 ] ] } },
{ "type": "Feature", "properties": { "nombre": "Camino sin nombre", "longitud_km": 0.15 }, "geometry": { "type": "LineString", "coordinates": [ [ -63.7167, -35.7806 ], [ -63.718, -35.7815 ] ] } },
{ "type": "Feature", "properties": { "nombre": "Camino sin nombre", "longitud_km": 0.34 }, "geometry": { "type": "LineString", "coordinates": [ [ -63.718, -35.7815 ], [ -63.718, -35.7783 ] ] } },
{ "type": "Feature", "properties": { "nombre": "Camino sin nombre", "longitud_km": 1.66 }, "geometry": { "type": "LineString", "coordinates": [ [ -63.6071, -35.7849 ], [ -63.5887, -35.7849 ] ] } },
{ "type": "Feature", "properties": { "nombre": "Camino sin nombre", "longitud_km": 1.07 }, "geometry": { "type": "LineString", "coordinates": [ [ -63.6071, -35.7849 ], [ -63.6074, -35.7753 ] ] } },
{ "type": "Feature", "properties": { "nombre": "Camino sin nombre", "longitud_km": 9.98 }, "geometry": { "type": "LineString", "coordinates": [ [ -64.4919, -35.7203 ], [ -64.4928, -35.8103 ] ] } },
{ "type": "Feature", "properties": { "nombre": "Camino sin nombre", "longitud_km": 2.34 }, "geometry": { "type": "LineString", "coordinates": [ [ -63.4301, -35.7912 ], [ -63.4276, -35.7702 ] ] } },
{ "type": "Feature", "properties": { "nombre": "Camino sin nombre", "longitud_km": 9.76 }, "geometry": { "type": "LineString", "coordinates": [ [ -64.3817, -35.7568 ], [ -64.4408, -35.7561 ], [ -64.4412, -35.7839 ], [ -64.4265, -35.7837 ] ] } },
{ "type": "Feature", "properties": { "nombre": "Camino sin nombre", "longitud_km": 2.41 }, "geometry": { "type": "LineString", "coordinates": [ [ -64.3821, -35.7886 ], [ -64.3819, -35.7668 ] ] } },
{ "type": "Feature", "properties": { "nombre": "Camino sin nombre", "longitud_km": 4.05 }, "geometry": { "type": "LineString", "coordinates": [ [ -64.4265, -35.7837 ], [ -64.3821, -35.7886 ] ] } },
{ "type": "Feature", "properties": { "nombre": "Camino sin nombre", "longitud_km": 1.98 }, "geometry": { "type": "LineString", "coordinates": [ [ -63.4474, -35.7962 ], [ -63.4475, -35.7926 ], [ -63.4301, -35.7912 ] ] } },
{ "type": "Feature", "properties": { "nombre": "Camino sin nombre", "longitud_km": 4.98 }, "geometry": { "type": "LineString", "coordinates": [ [ -63.4966, -35.8151 ], [ -63.4963, -35.7702 ] ] } },
{ "type": "Feature", "properties": { "nombre": "Camino sin nombre", "longitud_km": 9.45 }, "geometry": { "type": "LineString", "coordinates": [ [ -63.3859, -35.8728 ], [ -63.386, -35.8153 ], [ -63.4199, -35.8154 ] ] } },
{ "type": "Feature", "properties": { "nombre": "Camino sin nombre", "longitud_km": 5.12 }, "geometry": { "type": "LineString", "coordinates": [ [ -63.4199, -35.8154 ], [ -63.3906, -35.776 ] ] } },
{ "type": "Feature", "properties": { "nombre": "Camino sin nombre", "longitud_km": 6.02 }, "geometry": { "type": "LineString", "coordinates": [ [ -63.43, -35.8155 ], [ -63.4966, -35.8151 ] ] } },
{ "type": "Feature", "properties": { "nombre": "Camino sin nombre", "longitud_km": 0.92 }, "geometry": { "type": "LineString", "coordinates": [ [ -63.4199, -35.8154 ], [ -63.43, -35.8155 ] ] } },
{ "type": "Feature", "properties": { "nombre": "Camino sin nombre", "longitud_km": 2.7 }, "geometry": { "type": "LineString", "coordinates": [ [ -63.43, -35.8155 ], [ -63.4301, -35.7912 ] ] } },
{ "type": "Feature", "properties": { "nombre": "Camino sin nombre", "longitud_km": 3.35 }, "geometry": { "type": "LineString", "coordinates": [ [ -63.6074, -35.8151 ], [ -63.6071, -35.7849 ] ] } },
{ "type": "Feature", "properties": { "nombre": "Camino sin nombre", "longitud_km": 10.01 }, "geometry": { "type": "LineString", "coordinates": [ [ -63.4966, -35.8151 ], [ -63.6074, -35.8151 ] ] } },
{ "type": "Feature", "properties": { "nombre": "Camino sin nombre", "longitud_km": 8.21 }, "geometry": { "type": "LineString", "coordinates": [ [ -63.6074, -35.8151 ], [ -63.6983, -35.8148 ] ] } },
{ "type": "Feature", "properties": { "nombre": "Camino sin nombre", "longitud_km": 0.14 }, "geometry": { "type": "LineString", "coordinates": [ [ -63.6983, -35.8148 ], [ -63.6998, -35.8148 ] ] } },
{ "type": "Feature", "properties": { "nombre": "Camino sin nombre", "longitud_km": 1.67 }, "geometry": { "type": "LineString", "coordinates": [ [ -63.6998, -35.8148 ], [ -63.7183, -35.8146 ] ] } },
{ "type": "Feature", "properties": { "nombre": "Camino sin nombre", "longitud_km": 3.68 }, "geometry": { "type": "LineString", "coordinates": [ [ -63.718, -35.7815 ], [ -63.7183, -35.8146 ] ] } },
{ "type": "Feature", "properties": { "nombre": "Camino sin nombre", "longitud_km": 4.98 }, "geometry": { "type": "LineString", "coordinates": [ [ -63.7183, -35.8146 ], [ -63.7735, -35.8144 ] ] } },
{ "type": "Feature", "properties": { "nombre": "Camino sin nombre", "longitud_km": 4.31 }, "geometry": { "type": "LineString", "coordinates": [ [ -63.7735, -35.8144 ], [ -63.7733, -35.7755 ] ] } },
{ "type": "Feature", "properties": { "nombre": "Camino sin nombre", "longitud_km": 4.99 }, "geometry": { "type": "LineString", "coordinates": [ [ -63.7735, -35.8144 ], [ -63.8287, -35.814 ] ] } },
{ "type": "Feature", "properties": { "nombre": "Camino sin nombre", "longitud_km": 10.0 }, "geometry": { "type": "LineString", "coordinates": [ [ -63.8287, -35.814 ], [ -63.9393, -35.814 ] ] } },
{ "type": "Feature", "properties": { "nombre": "Camino sin nombre", "longitud_km": 5.04 }, "geometry": { "type": "LineString", "coordinates": [ [ -64.0776, -35.813 ], [ -64.0772, -35.7676 ] ] } },
{ "type": "Feature", "properties": { "nombre": "Camino sin nombre", "longitud_km": 8.81 }, "geometry": { "type": "LineString", "coordinates": [ [ -63.9393, -35.814 ], [ -64.0368, -35.8134 ] ] } },
{ "type": "Feature", "properties": { "nombre": "Camino sin nombre", "longitud_km": 3.69 }, "geometry": { "type": "LineString", "coordinates": [ [ -64.0368, -35.8134 ], [ -64.0776, -35.813 ] ] } },
{ "type": "Feature", "properties": { "nombre": "Camino sin nombre", "longitud_km": 2.53 }, "geometry": { "type": "LineString", "coordinates": [ [ -64.0776, -35.813 ], [ -64.1056, -35.8131 ] ] } },
{ "type": "Feature", "properties": { "nombre": "Camino sin nombre", "longitud_km": 5.08 }, "geometry": { "type": "LineString", "coordinates": [ [ -64.1056, -35.8131 ], [ -64.1052, -35.7673 ] ] } },
{ "type": "Feature", "properties": { "nombre": "Camino sin nombre", "longitud_km": 3.88 }, "geometry": { "type": "LineString", "coordinates": [ [ -64.1615, -35.8125 ], [ -64.1607, -35.7776 ] ] } },
{ "type": "Feature", "properties": { "nombre": "Camino sin nombre", "longitud_km": 0.15 }, "geometry": { "type": "LineString", "coordinates": [ [ -64.1598, -35.8126 ], [ -64.1615, -35.8125 ] ] } },
{ "type": "Feature", "properties": { "nombre": "Camino sin nombre", "longitud_km": 4.9 }, "geometry": { "type": "LineString", "coordinates": [ [ -64.1056, -35.8131 ], [ -64.1598, -35.8126 ] ] } },
{ "type": "Feature", "properties": { "nombre": "Camino sin nombre", "longitud_km": 5.03 }, "geometry": { "type": "LineString", "coordinates": [ [ -64.1615, -35.8125 ], [ -64.2171, -35.8122 ] ] } },
{ "type": "Feature", "properties": { "nombre": "Camino sin nombre", "longitud_km": 3.87 }, "geometry": { "type": "LineString", "coordinates": [ [ -64.2166, -35.7773 ], [ -64.2171, -35.8122 ] ] } },
{ "type": "Feature", "properties": { "nombre": "Camino sin nombre", "longitud_km": 4.81 }, "geometry": { "type": "LineString", "coordinates": [ [ -64.2171, -35.8122 ], [ -64.2704, -35.8119 ] ] } },
{ "type": "Feature", "properties": { "nombre": "Camino sin nombre", "longitud_km": 4.04 }, "geometry": { "type": "LineString", "coordinates": [ [ -64.2704, -35.8119 ], [ -64.3151, -35.8114 ] ] } },
{ "type": "Feature", "properties": { "nombre": "Camino sin nombre", "longitud_km": 4.87 }, "geometry": { "type": "LineString", "coordinates": [ [ -64.3151, -35.8114 ], [ -64.3146, -35.7675 ] ] } },
{ "type": "Feature", "properties": { "nombre": "Camino sin nombre", "longitud_km": 6.07 }, "geometry": { "type": "LineString", "coordinates": [ [ -64.3151, -35.8114 ], [ -64.3823, -35.811 ] ] } },
{ "type": "Feature", "properties": { "nombre": "Camino sin nombre", "longitud_km": 2.49 }, "geometry": { "type": "LineString", "coordinates": [ [ -64.3823, -35.811 ], [ -64.3821, -35.7886 ] ] } },
{ "type": "Feature", "properties": { "nombre": "Camino sin nombre", "longitud_km": 4.02 }, "geometry": { "type": "LineString", "coordinates": [ [ -64.3823, -35.811 ], [ -64.4268, -35.8108 ] ] } },
{ "type": "Feature", "properties": { "nombre": "Camino sin nombre", "longitud_km": 3.0 }, "geometry": { "type": "LineString", "coordinates": [ [ -64.4268, -35.8108 ], [ -64.4265, -35.7837 ] ] } },
{ "type": "Feature", "properties": { "nombre": "Camino sin nombre", "longitud_km": 0.66 }, "geometry": { "type": "LineString", "coordinates": [ [ -64.4928, -35.8103 ], [ -64.5, -35.8092 ] ] } },
{ "type": "Feature", "properties": { "nombre": "Camino sin nombre", "longitud_km": 5.96 }, "geometry": { "type": "LineString", "coordinates": [ [ -64.4268, -35.8108 ], [ -64.4928, -35.8103 ] ] } },
{ "type": "Feature", "properties": { "nombre": "Camino sin nombre", "longitud_km": 5.01 }, "geometry": { "type": "LineString", "coordinates": [ [ -64.715, -35.808 ], [ -64.7704, -35.8073 ] ] } },
{ "type": "Feature", "properties": { "nombre": "Camino sin nombre", "longitud_km": 10.03 }, "geometry": { "type": "LineString", "coordinates": [ [ -65.0441, -35.7127 ], [ -65.0462, -35.803 ] ] } },
{ "type": "Feature", "properties": { "nombre": "Camino sin nombre", "longitud_km": 9.92 }, "geometry": { "type": "LineString", "coordinates": [ [ -64.8256, -35.8066 ], [ -64.9353, -35.8046 ] ] } },
{ "type": "Feature", "properties": { "nombre": "Camino sin nombre", "longitud_km": 10.02 }, "geometry": { "type": "LineString", "coordinates": [ [ -65.0462, -35.803 ], [ -64.9353, -35.8046 ] ] } },
{ "type": "Feature", "properties": { "nombre": "Camino sin nombre", "longitud_km": 4.99 }, "geometry": { "type": "LineString", "coordinates": [ [ -64.7704, -35.8073 ], [ -64.8256, -35.8066 ] ] } },
{ "type": "Feature", "properties": { "nombre": "Camino sin nombre", "longitud_km": 9.98 }, "geometry": { "type": "LineString", "coordinates": [ [ -64.5492, -35.8551 ], [ -64.5492, -35.8098 ], [ -64.604, -35.8099 ] ] } },
{ "type": "Feature", "properties": { "nombre": "Camino sin nombre", "longitud_km": 10.03 }, "geometry": { "type": "LineString", "coordinates": [ [ -64.604, -35.8099 ], [ -64.715, -35.808 ] ] } },
{ "type": "Feature", "properties": { "nombre": "Camino sin nombre", "longitud_km": 19.58 }, "geometry": { "type": "LineString", "coordinates": [ [ -65.1051, -35.7144 ], [ -65.1053, -35.8908 ] ] } },
{ "type": "Feature", "properties": { "nombre": "Camino sin nombre", "longitud_km": 10.04 }, "geometry": { "type": "LineString", "coordinates": [ [ -64.0505, -35.8316 ], [ -63.9393, -35.832 ] ] } },
{ "type": "Feature", "properties": { "nombre": "Camino sin nombre", "longitud_km": 1.31 }, "geometry": { "type": "LineString", "coordinates": [ [ -64.0505, -35.8316 ], [ -64.0502, -35.8198 ] ] } },
{ "type": "Feature", "properties": { "nombre": "Camino sin nombre", "longitud_km": 2.49 }, "geometry": { "type": "LineString", "coordinates": [ [ -63.4967, -35.8375 ], [ -63.4966, -35.8151 ] ] } },
{ "type": "Feature", "properties": { "nombre": "Camino sin nombre", "longitud_km": 2.49 }, "geometry": { "type": "LineString", "coordinates": [ [ -63.6074, -35.8376 ], [ -63.6074, -35.8151 ] ] } },
{ "type": "Feature", "properties": { "nombre": "Camino sin nombre", "longitud_km": 10.0 }, "geometry": { "type": "LineString", "coordinates": [ [ -63.6074, -35.8376 ], [ -63.4967, -35.8375 ] ] } },
{ "type": "Feature", "properties": { "nombre": "Camino sin nombre", "longitud_km": 10.01 }, "geometry": { "type": "LineString", "coordinates": [ [ -64.8256, -35.8066 ], [ -64.8279, -35.8969 ] ] } },
{ "type": "Feature", "properties": { "nombre": "Camino sin nombre", "longitud_km": 3.1 }, "geometry": { "type": "LineString", "coordinates": [ [ -64.1059, -35.841 ], [ -64.1056, -35.8131 ] ] } },
{ "type": "Feature", "properties": { "nombre": "Camino sin nombre", "longitud_km": 10.05 }, "geometry": { "type": "LineString", "coordinates": [ [ -63.9395, -35.85 ], [ -64.0508, -35.8496 ] ] } },
{ "type": "Feature", "properties": { "nombre": "Camino sin nombre", "longitud_km": 1.99 }, "geometry": { "type": "LineString", "coordinates": [ [ -64.0508, -35.8496 ], [ -64.0505, -35.8316 ] ] } },
{ "type": "Feature", "properties": { "nombre": "Camino sin nombre", "longitud_km": 4.0 }, "geometry": { "type": "LineString", "coordinates": [ [ -64.3835, -35.847 ], [ -64.3823, -35.811 ] ] } },
{ "type": "Feature", "properties": { "nombre": "Camino sin nombre", "longitud_km": 3.96 }, "geometry": { "type": "LineString", "coordinates": [ [ -64.4273, -35.8469 ], [ -64.3835, -35.847 ] ] } },
{ "type": "Feature", "properties": { "nombre": "Camino sin nombre", "longitud_km": 4.01 }, "geometry": { "type": "LineString", "coordinates": [ [ -64.4273, -35.8469 ], [ -64.4268, -35.8108 ] ] } },
{ "type": "Feature", "properties": { "nombre": "Camino sin nombre", "longitud_km": 6.0 }, "geometry": { "type": "LineString", "coordinates": [ [ -64.4938, -35.8466 ], [ -64.4273, -35.8469 ] ] } },
{ "type": "Feature", "properties": { "nombre": "Camino sin nombre", "longitud_km": 4.03 }, "geometry": { "type": "LineString", "coordinates": [ [ -64.4928, -35.8103 ], [ -64.4938, -35.8466 ] ] } },
{ "type": "Feature", "properties": { "nombre": "Camino sin nombre", "longitud_km": 4.76 }, "geometry": { "type": "LineString", "coordinates": [ [ -64.1568, -35.8548 ], [ -64.1606, -35.8479 ], [ -64.1598, -35.8126 ] ] } },
{ "type": "Feature", "properties": { "nombre": "Camino sin nombre", "longitud_km": 0.48 }, "geometry": { "type": "LineString", "coordinates": [ [ -64.1617, -35.8563 ], [ -64.1568, -35.8548 ] ] } },
{ "type": "Feature", "properties": { "nombre": "Camino sin nombre", "longitud_km": 9.99 }, "geometry": { "type": "LineString", "coordinates": [ [ -63.9397, -35.859 ], [ -63.8291, -35.8593 ] ] } },
{ "type": "Feature", "properties": { "nombre": "Camino sin nombre", "longitud_km": 16.37 }, "geometry": { "type": "LineString", "coordinates": [ [ -64.715, -35.808 ], [ -64.7161, -35.8539 ], [ -64.6963, -35.8537 ], [ -64.6961, -35.8479 ], [ -64.6537, -35.848 ], [ -64.6535, -35.8538 ], [ -64.605, -35.8544 ] ] } },
{ "type": "Feature", "properties": { "nombre": "Camino sin nombre", "longitud_km": 3.15 }, "geometry": { "type": "LineString", "coordinates": [ [ -64.3066, -35.8569 ], [ -64.2717, -35.8572 ] ] } },
{ "type": "Feature", "properties": { "nombre": "Camino sin nombre", "longitud_km": 6.96 }, "geometry": { "type": "LineString", "coordinates": [ [ -64.3837, -35.8566 ], [ -64.3066, -35.8569 ] ] } },
{ "type": "Feature", "properties": { "nombre": "Camino sin nombre", "longitud_km": 1.06 }, "geometry": { "type": "LineString", "coordinates": [ [ -64.3837, -35.8566 ], [ -64.3835, -35.847 ] ] } },
{ "type": "Feature", "properties": { "nombre": "Camino sin nombre", "longitud_km": 9.53 }, "geometry": { "type": "LineString", "coordinates": [ [ -63.3859, -35.8728 ], [ -63.2862, -35.8448 ] ] } },
{ "type": "Feature", "properties": { "nombre": "Camino sin nombre", "longitud_km": 1.0 }, "geometry": { "type": "LineString", "coordinates": [ [ -64.4938, -35.8466 ], [ -64.4938, -35.8556 ] ] } },
{ "type": "Feature", "properties": { "nombre": "Camino sin nombre", "longitud_km": 5.0 }, "geometry": { "type": "LineString", "coordinates": [ [ -64.5492, -35.8551 ], [ -64.4938, -35.8556 ] ] } },
{ "type": "Feature", "properties": { "nombre": "Camino sin nombre", "longitud_km": 5.04 }, "geometry": { "type": "LineString", "coordinates": [ [ -64.5492, -35.8551 ], [ -64.605, -35.8544 ] ] } },
{ "type": "Feature", "properties": { "nombre": "Camino sin nombre", "longitud_km": 0.47 }, "geometry": { "type": "LineString", "coordinates": [ [ -64.1617, -35.8563 ], [ -64.1598, -35.8603 ] ] } },
{ "type": "Feature", "properties": { "nombre": "Camino sin nombre", "longitud_km": 10.03 }, "geometry": { "type": "LineString", "coordinates": [ [ -64.2717, -35.8572 ], [ -64.1736, -35.8603 ], [ -64.1617, -35.8563 ] ] } },
{ "type": "Feature", "properties": { "nombre": "Camino sin nombre", "longitud_km": 1.13 }, "geometry": { "type": "LineString", "coordinates": [ [ -64.1568, -35.8548 ], [ -64.1518, -35.8642 ] ] } },
{ "type": "Feature", "properties": { "nombre": "Camino sin nombre", "longitud_km": 1.22 }, "geometry": { "type": "LineString", "coordinates": [ [ -63.3859, -35.8838 ], [ -63.3859, -35.8728 ] ] } },
{ "type": "Feature", "properties": { "nombre": "Camino sin nombre", "longitud_km": 2.78 }, "geometry": { "type": "LineString", "coordinates": [ [ -64.4942, -35.8831 ], [ -64.4634, -35.8833 ] ] } },
{ "type": "Feature", "properties": { "nombre": "Camino sin nombre", "longitud_km": 3.06 }, "geometry": { "type": "LineString", "coordinates": [ [ -64.4938, -35.8556 ], [ -64.4942, -35.8831 ] ] } },
{ "type": "Feature", "properties": { "nombre": "Camino sin nombre", "longitud_km": 2.37 }, "geometry": { "type": "LineString", "coordinates": [ [ -63.3859, -35.9052 ], [ -63.3859, -35.8838 ] ] } },
{ "type": "Feature", "properties": { "nombre": "Camino sin nombre", "longitud_km": 11.67 }, "geometry": { "type": "LineString", "coordinates": [ [ -63.487, -35.9053 ], [ -63.4199, -35.8154 ] ] } },
{ "type": "Feature", "properties": { "nombre": "Camino sin nombre", "longitud_km": 7.51 }, "geometry": { "type": "LineString", "coordinates": [ [ -63.4966, -35.9052 ], [ -63.4967, -35.8375 ] ] } },
{ "type": "Feature", "properties": { "nombre": "Camino sin nombre", "longitud_km": 1.18 }, "geometry": { "type": "LineString", "coordinates": [ [ -63.5133, -35.9052 ], [ -63.5138, -35.8945 ] ] } },
{ "type": "Feature", "properties": { "nombre": "Camino sin nombre", "longitud_km": 7.51 }, "geometry": { "type": "LineString", "coordinates": [ [ -63.6076, -35.9053 ], [ -63.6074, -35.8376 ] ] } },
{ "type": "Feature", "properties": { "nombre": "Camino sin nombre", "longitud_km": 11.24 }, "geometry": { "type": "LineString", "coordinates": [ [ -63.6983, -35.8148 ], [ -63.6422, -35.9052 ] ] } },
{ "type": "Feature", "properties": { "nombre": "Camino sin nombre", "longitud_km": 10.03 }, "geometry": { "type": "LineString", "coordinates": [ [ -63.7183, -35.8146 ], [ -63.7186, -35.9051 ] ] } },
{ "type": "Feature", "properties": { "nombre": "Camino sin nombre", "longitud_km": 10.05 }, "geometry": { "type": "LineString", "coordinates": [ [ -63.778, -35.9049 ], [ -63.7735, -35.8144 ] ] } },
{ "type": "Feature", "properties": { "nombre": "Camino sin nombre", "longitud_km": 6.03 }, "geometry": { "type": "LineString", "coordinates": [ [ -64.0518, -35.9039 ], [ -64.0508, -35.8496 ] ] } },
{ "type": "Feature", "properties": { "nombre": "Camino sin nombre", "longitud_km": 9.84 }, "geometry": { "type": "LineString", "coordinates": [ [ -65.0462, -35.803 ], [ -65.0478, -35.8917 ] ] } },
{ "type": "Feature", "properties": { "nombre": "Camino sin nombre", "longitud_km": 5.2 }, "geometry": { "type": "LineString", "coordinates": [ [ -65.0478, -35.8917 ], [ -65.1053, -35.8908 ] ] } },
{ "type": "Feature", "properties": { "nombre": "Camino sin nombre", "longitud_km": 5.09 }, "geometry": { "type": "LineString", "coordinates": [ [ -64.3066, -35.8569 ], [ -64.3072, -35.9027 ] ] } },
{ "type": "Feature", "properties": { "nombre": "Camino sin nombre", "longitud_km": 5.04 }, "geometry": { "type": "LineString", "coordinates": [ [ -64.3847, -35.902 ], [ -64.3837, -35.8566 ] ] } },
{ "type": "Feature", "properties": { "nombre": "Camino sin nombre", "longitud_km": 1.96 }, "geometry": { "type": "LineString", "coordinates": [ [ -64.4942, -35.8831 ], [ -64.4944, -35.9008 ] ] } },
{ "type": "Feature", "properties": { "nombre": "Camino sin nombre", "longitud_km": 0.49 }, "geometry": { "type": "LineString", "coordinates": [ [ -63.6422, -35.9052 ], [ -63.6409, -35.9095 ] ] } },
{ "type": "Feature", "properties": { "nombre": "Camino sin nombre", "longitud_km": 0.26 }, "geometry": { "type": "LineString", "coordinates": [ [ -63.6409, -35.9095 ], [ -63.6436, -35.9104 ] ] } },
{ "type": "Feature", "properties": { "nombre": "Camino sin nombre", "longitud_km": 8.52 }, "geometry": { "type": "LineString", "coordinates": [ [ -64.6069, -35.9446 ], [ -64.629, -35.9441 ], [ -64.6292, -35.9261 ], [ -64.6457, -35.9267 ], [ -64.6457, -35.8995 ] ] } },
{ "type": "Feature", "properties": { "nombre": "Camino sin nombre", "longitud_km": 0.51 }, "geometry": { "type": "LineString", "coordinates": [ [ -64.2929, -35.9096 ], [ -64.298, -35.9116 ] ] } },
{ "type": "Feature", "properties": { "nombre": "Camino sin nombre", "longitud_km": 1.58 }, "geometry": { "type": "LineString", "coordinates": [ [ -63.4968, -35.9195 ], [ -63.4966, -35.9052 ] ] } },
{ "type": "Feature", "properties": { "nombre": "Camino sin nombre", "longitud_km": 0.46 }, "geometry": { "type": "LineString", "coordinates": [ [ -64.3026, -35.9134 ], [ -64.298, -35.9116 ] ] } },
{ "type": "Feature", "properties": { "nombre": "Camino sin nombre", "longitud_km": 0.6 }, "geometry": { "type": "LineString", "coordinates": [ [ -64.298, -35.9116 ], [ -64.2952, -35.9166 ] ] } },
{ "type": "Feature", "properties": { "nombre": "Camino sin nombre", "longitud_km": 1.98 }, "geometry": { "type": "LineString", "coordinates": [ [ -63.7186, -35.9051 ], [ -63.7191, -35.9229 ] ] } },
{ "type": "Feature", "properties": { "nombre": "Camino sin nombre", "longitud_km": 4.99 }, "geometry": { "type": "LineString", "coordinates": [ [ -63.7744, -35.9234 ], [ -63.7191, -35.9229 ] ] } },
{ "type": "Feature", "properties": { "nombre": "Camino sin nombre", "longitud_km": 2.05 }, "geometry": { "type": "LineString", "coordinates": [ [ -63.7744, -35.9234 ], [ -63.7743, -35.9049 ] ] } },
{ "type": "Feature", "properties": { "nombre": "Camino sin nombre", "longitud_km": 2.45 }, "geometry": { "type": "LineString", "coordinates": [ [ -64.3851, -35.9192 ], [ -64.358, -35.9193 ] ] } },
{ "type": "Feature", "properties": { "nombre": "Camino sin nombre", "longitud_km": 1.91 }, "geometry": { "type": "LineString", "coordinates": [ [ -64.3851, -35.9192 ], [ -64.3847, -35.902 ] ] } },
{ "type": "Feature", "properties": { "nombre": "Camino sin nombre", "longitud_km": 2.61 }, "geometry": { "type": "LineString", "coordinates": [ [ -63.3858, -35.9287 ], [ -63.3859, -35.9052 ] ] } },
{ "type": "Feature", "properties": { "nombre": "Camino sin nombre", "longitud_km": 2.47 }, "geometry": { "type": "LineString", "coordinates": [ [ -63.4131, -35.9265 ], [ -63.3858, -35.9287 ] ] } },
{ "type": "Feature", "properties": { "nombre": "Camino sin nombre", "longitud_km": 9.71 }, "geometry": { "type": "LineString", "coordinates": [ [ -63.5482, -35.9959 ], [ -63.5402, -35.9772 ], [ -63.4968, -35.9195 ] ] } },
{ "type": "Feature", "properties": { "nombre": "Camino sin nombre", "longitud_km": 3.28 }, "geometry": { "type": "LineString", "coordinates": [ [ -64.3355, -35.9259 ], [ -64.3026, -35.9134 ] ] } },
{ "type": "Feature", "properties": { "nombre": "Camino sin nombre", "longitud_km": 2.6 }, "geometry": { "type": "LineString", "coordinates": [ [ -64.3355, -35.9259 ], [ -64.3355, -35.9024 ] ] } },
{ "type": "Feature", "properties": { "nombre": "Camino sin nombre", "longitud_km": 1.57 }, "geometry": { "type": "LineString", "coordinates": [ [ -64.3514, -35.9318 ], [ -64.3355, -35.9259 ] ] } },
{ "type": "Feature", "properties": { "nombre": "Camino sin nombre", "longitud_km": 10.01 }, "geometry": { "type": "LineString", "coordinates": [ [ -63.9409, -35.9407 ], [ -64.0518, -35.9402 ] ] } },
{ "type": "Feature", "properties": { "nombre": "Camino sin nombre", "longitud_km": 4.04 }, "geometry": { "type": "LineString", "coordinates": [ [ -64.0518, -35.9402 ], [ -64.0518, -35.9039 ] ] } },
{ "type": "Feature", "properties": { "nombre": "Camino sin nombre", "longitud_km": 4.08 }, "geometry": { "type": "LineString", "coordinates": [ [ -64.4703, -35.9376 ], [ -64.4757, -35.9011 ] ] } },
{ "type": "Feature", "properties": { "nombre": "Camino sin nombre", "longitud_km": 3.97 }, "geometry": { "type": "LineString", "coordinates": [ [ -63.7747, -35.9591 ], [ -63.7744, -35.9234 ] ] } },
{ "type": "Feature", "properties": { "nombre": "Camino sin nombre", "longitud_km": 4.47 }, "geometry": { "type": "LineString", "coordinates": [ [ -64.4944, -35.9008 ], [ -64.4948, -35.9411 ] ] } },
{ "type": "Feature", "properties": { "nombre": "Camino sin nombre", "longitud_km": 10.12 }, "geometry": { "type": "LineString", "coordinates": [ [ -64.6069, -35.9446 ], [ -64.4948, -35.9411 ] ] } },
{ "type": "Feature", "properties": { "nombre": "Camino sin nombre", "longitud_km": 2.44 }, "geometry": { "type": "LineString", "coordinates": [ [ -63.3857, -35.9507 ], [ -63.3858, -35.9287 ] ] } },
{ "type": "Feature", "properties": { "nombre": "Camino sin nombre", "longitud_km": 5.0 }, "geometry": { "type": "LineString", "coordinates": [ [ -63.3857, -35.9507 ], [ -63.4411, -35.9508 ] ] } },
{ "type": "Feature", "properties": { "nombre": "Camino sin nombre", "longitud_km": 5.01 }, "geometry": { "type": "LineString", "coordinates": [ [ -63.4411, -35.9508 ], [ -63.4967, -35.9509 ] ] } },
{ "type": "Feature", "properties": { "nombre": "Camino sin nombre", "longitud_km": 3.49 }, "geometry": { "type": "LineString", "coordinates": [ [ -63.4967, -35.9509 ], [ -63.4968, -35.9195 ] ] } },
{ "type": "Feature", "properties": { "nombre": "Camino sin nombre", "longitud_km": 3.35 }, "geometry": { "type": "LineString", "coordinates": [ [ -64.3852, -35.9442 ], [ -64.3514, -35.9318 ] ] } },
{ "type": "Feature", "properties": { "nombre": "Camino sin nombre", "longitud_km": 2.77 }, "geometry": { "type": "LineString", "coordinates": [ [ -64.3852, -35.9442 ], [ -64.3851, -35.9192 ] ] } },
{ "type": "Feature", "properties": { "nombre": "Camino sin nombre", "longitud_km": 7.9 }, "geometry": { "type": "LineString", "coordinates": [ [ -64.2719, -35.946 ], [ -64.3356, -35.9452 ], [ -64.3355, -35.9259 ] ] } },
{ "type": "Feature", "properties": { "nombre": "Camino sin nombre", "longitud_km": 10.14 }, "geometry": { "type": "LineString", "coordinates": [ [ -65.1053, -35.8908 ], [ -65.1071, -35.9823 ] ] } },
{ "type": "Feature", "properties": { "nombre": "Camino sin nombre", "longitud_km": 0.75 }, "geometry": { "type": "LineString", "coordinates": [ [ -64.4948, -35.9411 ], [ -64.4951, -35.9478 ] ] } },
{ "type": "Feature", "properties": { "nombre": "Camino sin nombre", "longitud_km": 4.99 }, "geometry": { "type": "LineString", "coordinates": [ [ -63.7747, -35.9591 ], [ -63.83, -35.9591 ] ] } },
{ "type": "Feature", "properties": { "nombre": "Camino sin nombre", "longitud_km": 5.25 }, "geometry": { "type": "LineString", "coordinates": [ [ -64.4402, -35.9597 ], [ -64.3852, -35.9442 ] ] } },
{ "type": "Feature", "properties": { "nombre": "Camino sin nombre", "longitud_km": 4.74 }, "geometry": { "type": "LineString", "coordinates": [ [ -64.4402, -35.9597 ], [ -64.4477, -35.9487 ], [ -64.4607, -35.9541 ], [ -64.4703, -35.9376 ] ] } },
{ "type": "Feature", "properties": { "nombre": "Camino sin nombre", "longitud_km": 13.27 }, "geometry": { "type": "LineString", "coordinates": [ [ -63.2823, -35.9686 ], [ -63.3859, -35.8838 ] ] } },
{ "type": "Feature", "properties": { "nombre": "Camino sin nombre", "longitud_km": 2.18 }, "geometry": { "type": "LineString", "coordinates": [ [ -63.9409, -35.9683 ], [ -63.9441, -35.9607 ], [ -63.9411, -35.9493 ] ] } },
{ "type": "Feature", "properties": { "nombre": "Camino sin nombre", "longitud_km": 7.29 }, "geometry": { "type": "LineString", "coordinates": [ [ -63.6081, -35.971 ], [ -63.6076, -35.9053 ] ] } },
{ "type": "Feature", "properties": { "nombre": "Camino sin nombre", "longitud_km": 7.43 }, "geometry": { "type": "LineString", "coordinates": [ [ -63.6409, -35.9095 ], [ -63.6081, -35.971 ] ] } },
{ "type": "Feature", "properties": { "nombre": "Camino sin nombre", "longitud_km": 1.4 }, "geometry": { "type": "LineString", "coordinates": [ [ -64.4537, -35.9659 ], [ -64.4402, -35.9597 ] ] } },
{ "type": "Feature", "properties": { "nombre": "Camino sin nombre", "longitud_km": 10.07 }, "geometry": { "type": "LineString", "coordinates": [ [ -64.164, -35.994 ], [ -64.1631, -35.9032 ] ] } },
{ "type": "Feature", "properties": { "nombre": "Camino sin nombre", "longitud_km": 4.1 }, "geometry": { "type": "LineString", "coordinates": [ [ -64.4956, -35.9804 ], [ -64.4537, -35.9659 ] ] } },
{ "type": "Feature", "properties": { "nombre": "Camino sin nombre", "longitud_km": 3.62 }, "geometry": { "type": "LineString", "coordinates": [ [ -64.4951, -35.9478 ], [ -64.4956, -35.9804 ] ] } },
{ "type": "Feature", "properties": { "nombre": "Camino sin nombre", "longitud_km": 10.43 }, "geometry": { "type": "LineString", "coordinates": [ [ -64.6073, -35.9989 ], [ -64.5784, -36.0011 ], [ -64.4956, -35.9804 ] ] } },
{ "type": "Feature", "properties": { "nombre": "Camino sin nombre", "longitud_km": 0.52 }, "geometry": { "type": "LineString", "coordinates": [ [ -64.4956, -35.9804 ], [ -64.4956, -35.9851 ] ] } },
{ "type": "Feature", "properties": { "nombre": "Camino sin nombre", "longitud_km": 5.02 }, "geometry": { "type": "LineString", "coordinates": [ [ -63.3859, -35.9959 ], [ -63.3857, -35.9507 ] ] } },
{ "type": "Feature", "properties": { "nombre": "Camino sin nombre", "longitud_km": 5.0 }, "geometry": { "type": "LineString", "coordinates": [ [ -63.4412, -35.9958 ], [ -63.4411, -35.9508 ] ] } },
{ "type": "Feature", "properties": { "nombre": "Camino sin nombre", "longitud_km": 4.98 }, "geometry": { "type": "LineString", "coordinates": [ [ -63.4412, -35.9958 ], [ -63.3859, -35.9959 ] ] } },
{ "type": "Feature", "properties": { "nombre": "Camino sin nombre", "longitud_km": 8.31 }, "geometry": { "type": "LineString", "coordinates": [ [ -64.4956, -35.9851 ], [ -64.5448, -36.0 ], [ -64.5843, -36.003 ] ] } },
{ "type": "Feature", "properties": { "nombre": "Camino sin nombre", "longitud_km": 5.02 }, "geometry": { "type": "LineString", "coordinates": [ [ -63.4969, -35.9958 ], [ -63.4412, -35.9958 ] ] } },
{ "type": "Feature", "properties": { "nombre": "Camino sin nombre", "longitud_km": 4.99 }, "geometry": { "type": "LineString", "coordinates": [ [ -63.4969, -35.9958 ], [ -63.4967, -35.9509 ] ] } },
{ "type": "Feature", "properties": { "nombre": "Camino sin nombre", "longitud_km": 4.63 }, "geometry": { "type": "LineString", "coordinates": [ [ -63.5482, -35.9959 ], [ -63.4969, -35.9958 ] ] } },
{ "type": "Feature", "properties": { "nombre": "Camino sin nombre", "longitud_km": 2.99 }, "geometry": { "type": "LineString", "coordinates": [ [ -63.6081, -35.971 ], [ -63.5949, -35.9957 ] ] } },
{ "type": "Feature", "properties": { "nombre": "Camino sin nombre", "longitud_km": 1.17 }, "geometry": { "type": "LineString", "coordinates": [ [ -63.6079, -35.9956 ], [ -63.5949, -35.9957 ] ] } },
{ "type": "Feature", "properties": { "nombre": "Camino sin nombre", "longitud_km": 4.21 }, "geometry": { "type": "LineString", "coordinates": [ [ -63.5949, -35.9957 ], [ -63.5482, -35.9959 ] ] } },
{ "type": "Feature", "properties": { "nombre": "Camino sin nombre", "longitud_km": 10.03 }, "geometry": { "type": "LineString", "coordinates": [ [ -63.7192, -35.9956 ], [ -63.6079, -35.9956 ] ] } },
{ "type": "Feature", "properties": { "nombre": "Camino sin nombre", "longitud_km": 4.0 }, "geometry": { "type": "LineString", "coordinates": [ [ -63.7746, -35.9952 ], [ -63.7747, -35.9591 ] ] } },
{ "type": "Feature", "properties": { "nombre": "Camino sin nombre", "longitud_km": 4.99 }, "geometry": { "type": "LineString", "coordinates": [ [ -63.7746, -35.9952 ], [ -63.7192, -35.9956 ] ] } },
{ "type": "Feature", "properties": { "nombre": "Camino sin nombre", "longitud_km": 8.07 }, "geometry": { "type": "LineString", "coordinates": [ [ -63.7191, -35.9229 ], [ -63.7192, -35.9956 ] ] } },
{ "type": "Feature", "properties": { "nombre": "Camino sin nombre", "longitud_km": 5.0 }, "geometry": { "type": "LineString", "coordinates": [ [ -63.83, -35.9953 ], [ -63.7746, -35.9952 ] ] } },
{ "type": "Feature", "properties": { "nombre": "Camino sin nombre", "longitud_km": 2.0 }, "geometry": { "type": "LineString", "coordinates": [ [ -63.8522, -35.9952 ], [ -63.83, -35.9953 ] ] } },
{ "type": "Feature", "properties": { "nombre": "Camino sin nombre", "longitud_km": 7.99 }, "geometry": { "type": "LineString", "coordinates": [ [ -63.9407, -35.995 ], [ -63.8522, -35.9952 ] ] } },
{ "type": "Feature", "properties": { "nombre": "Camino sin nombre", "longitud_km": 10.08 }, "geometry": { "type": "LineString", "coordinates": [ [ -64.0525, -35.9945 ], [ -63.9407, -35.995 ] ] } },
{ "type": "Feature", "properties": { "nombre": "Camino sin nombre", "longitud_km": 6.02 }, "geometry": { "type": "LineString", "coordinates": [ [ -64.0525, -35.9945 ], [ -64.0518, -35.9402 ] ] } },
{ "type": "Feature", "properties": { "nombre": "Camino sin nombre", "longitud_km": 10.05 }, "geometry": { "type": "LineString", "coordinates": [ [ -64.164, -35.994 ], [ -64.0525, -35.9945 ] ] } },
{ "type": "Feature", "properties": { "nombre": "Camino sin nombre", "longitud_km": 4.95 }, "geometry": { "type": "LineString", "coordinates": [ [ -64.2189, -35.9937 ], [ -64.164, -35.994 ] ] } },
{ "type": "Feature", "properties": { "nombre": "Camino sin nombre", "longitud_km": 4.81 }, "geometry": { "type": "LineString", "coordinates": [ [ -64.2723, -35.9933 ], [ -64.2189, -35.9937 ] ] } },
{ "type": "Feature", "properties": { "nombre": "Camino sin nombre", "longitud_km": 6.74 }, "geometry": { "type": "LineString", "coordinates": [ [ -64.3521, -35.9925 ], [ -64.3514, -35.9318 ] ] } },
{ "type": "Feature", "properties": { "nombre": "Camino sin nombre", "longitud_km": 1.02 }, "geometry": { "type": "LineString", "coordinates": [ [ -64.3633, -35.9922 ], [ -64.3521, -35.9925 ] ] } },
{ "type": "Feature", "properties": { "nombre": "Camino sin nombre", "longitud_km": 3.11 }, "geometry": { "type": "LineString", "coordinates": [ [ -64.4537, -35.9659 ], [ -64.4397, -35.9915 ] ] } },
{ "type": "Feature", "properties": { "nombre": "Camino sin nombre", "longitud_km": 0.04 }, "geometry": { "type": "LineString", "coordinates": [ [ -64.4397, -35.9915 ], [ -64.4402, -35.9915 ] ] } },
{ "type": "Feature", "properties": { "nombre": "Camino sin nombre", "longitud_km": 7.2 }, "geometry": { "type": "LineString", "coordinates": [ [ -64.3521, -35.9925 ], [ -64.2723, -35.9933 ] ] } },
{ "type": "Feature", "properties": { "nombre": "Camino sin nombre", "longitud_km": 6.89 }, "geometry": { "type": "LineString", "coordinates": [ [ -64.4397, -35.9915 ], [ -64.3633, -35.9922 ] ] } },
{ "type": "Feature", "properties": { "nombre": "Camino sin nombre", "longitud_km": 4.99 }, "geometry": { "type": "LineString", "coordinates": [ [ -64.4955, -35.9911 ], [ -64.4402, -35.9915 ] ] } },
{ "type": "Feature", "properties": { "nombre": "Camino sin nombre", "longitud_km": 0.67 }, "geometry": { "type": "LineString", "coordinates": [ [ -64.4956, -35.9851 ], [ -64.4955, -35.9911 ] ] } },
{ "type": "Feature", "properties": { "nombre": "Camino sin nombre", "longitud_km": 5.04 }, "geometry": { "type": "LineString", "coordinates": [ [ -63.3855, -36.0413 ], [ -63.3859, -35.9959 ] ] } },
{ "type": "Feature", "properties": { "nombre": "Camino sin nombre", "longitud_km": 5.09 }, "geometry": { "type": "LineString", "coordinates": [ [ -65.1071, -35.9823 ], [ -65.0508, -35.9841 ] ] } },
{ "type": "Feature", "properties": { "nombre": "Camino sin nombre", "longitud_km": 5.07 }, "geometry": { "type": "LineString", "coordinates": [ [ -63.4411, -36.0415 ], [ -63.4412, -35.9958 ] ] } },
{ "type": "Feature", "properties": { "nombre": "Camino sin nombre", "longitud_km": 2.6 }, "geometry": { "type": "LineString", "coordinates": [ [ -65.136, -35.9819 ], [ -65.1071, -35.9823 ] ] } },
{ "type": "Feature", "properties": { "nombre": "Camino sin nombre", "longitud_km": 10.0 }, "geometry": { "type": "LineString", "coordinates": [ [ -64.8279, -35.8969 ], [ -64.8287, -35.987 ] ] } },
{ "type": "Feature", "properties": { "nombre": "Camino sin nombre", "longitud_km": 9.96 }, "geometry": { "type": "LineString", "coordinates": [ [ -64.9391, -35.9847 ], [ -64.8287, -35.987 ] ] } },
{ "type": "Feature", "properties": { "nombre": "Camino sin nombre", "longitud_km": 6.03 }, "geometry": { "type": "LineString", "coordinates": [ [ -63.4966, -36.0502 ], [ -63.4969, -35.9958 ] ] } },
{ "type": "Feature", "properties": { "nombre": "Camino sin nombre", "longitud_km": 6.64 }, "geometry": { "type": "LineString", "coordinates": [ [ -63.5623, -36.0525 ], [ -63.5672, -36.0405 ], [ -63.5482, -35.9959 ] ] } },
{ "type": "Feature", "properties": { "nombre": "Camino sin nombre", "longitud_km": 6.95 }, "geometry": { "type": "LineString", "coordinates": [ [ -63.5636, -36.0529 ], [ -63.5949, -35.9957 ] ] } },
{ "type": "Feature", "properties": { "nombre": "Camino sin nombre", "longitud_km": 10.26 }, "geometry": { "type": "LineString", "coordinates": [ [ -65.0478, -35.8917 ], [ -65.0508, -35.9841 ] ] } },
{ "type": "Feature", "properties": { "nombre": "Camino sin nombre", "longitud_km": 10.08 }, "geometry": { "type": "LineString", "coordinates": [ [ -65.0508, -35.9841 ], [ -64.9391, -35.9847 ] ] } },
{ "type": "Feature", "properties": { "nombre": "Camino sin nombre", "longitud_km": 10.02 }, "geometry": { "type": "LineString", "coordinates": [ [ -63.7192, -35.9956 ], [ -63.7193, -36.0859 ] ] } },
{ "type": "Feature", "properties": { "nombre": "Camino sin nombre", "longitud_km": 6.05 }, "geometry": { "type": "LineString", "coordinates": [ [ -63.8522, -35.9952 ], [ -63.8527, -36.0497 ] ] } },
{ "type": "Feature", "properties": { "nombre": "Camino sin nombre", "longitud_km": 6.03 }, "geometry": { "type": "LineString", "coordinates": [ [ -64.0529, -36.0489 ], [ -64.0525, -35.9945 ] ] } },
{ "type": "Feature", "properties": { "nombre": "Camino sin nombre", "longitud_km": 5.05 }, "geometry": { "type": "LineString", "coordinates": [ [ -64.1642, -36.0395 ], [ -64.164, -35.994 ] ] } },
{ "type": "Feature", "properties": { "nombre": "Camino sin nombre", "longitud_km": 5.09 }, "geometry": { "type": "LineString", "coordinates": [ [ -64.2194, -36.0396 ], [ -64.2189, -35.9937 ] ] } },
{ "type": "Feature", "properties": { "nombre": "Camino sin nombre", "longitud_km": 0.72 }, "geometry": { "type": "LineString", "coordinates": [ [ -64.5845, -36.0095 ], [ -64.5843, -36.003 ] ] } },
{ "type": "Feature", "properties": { "nombre": "Camino sin nombre", "longitud_km": 4.1 }, "geometry": { "type": "LineString", "coordinates": [ [ -64.3636, -36.0292 ], [ -64.3633, -35.9922 ] ] } },
{ "type": "Feature", "properties": { "nombre": "Camino sin nombre", "longitud_km": 5.06 }, "geometry": { "type": "LineString", "coordinates": [ [ -64.4412, -36.037 ], [ -64.4402, -35.9915 ] ] } },
{ "type": "Feature", "properties": { "nombre": "Camino sin nombre", "longitud_km": 2.1 }, "geometry": { "type": "LineString", "coordinates": [ [ -64.4955, -35.9911 ], [ -64.4956, -36.0101 ] ] } },
{ "type": "Feature", "properties": { "nombre": "Camino sin nombre", "longitud_km": 8.97 }, "geometry": { "type": "LineString", "coordinates": [ [ -64.6073, -35.9989 ], [ -64.6254, -36.0068 ], [ -64.6496, -36.0014 ], [ -64.7025, -36.01 ] ] } },
{ "type": "Feature", "properties": { "nombre": "Camino sin nombre", "longitud_km": 2.09 }, "geometry": { "type": "LineString", "coordinates": [ [ -64.6072, -36.0005 ], [ -64.5843, -36.003 ] ] } },
{ "type": "Feature", "properties": { "nombre": "Camino sin nombre", "longitud_km": 5.0 }, "geometry": { "type": "LineString", "coordinates": [ [ -64.8287, -35.987 ], [ -64.8306, -36.032 ] ] } },
{ "type": "Feature", "properties": { "nombre": "Camino sin nombre", "longitud_km": 7.48 }, "geometry": { "type": "LineString", "coordinates": [ [ -65.1071, -35.9823 ], [ -65.1097, -36.0496 ] ] } },
{ "type": "Feature", "properties": { "nombre": "Camino sin nombre", "longitud_km": 5.99 }, "geometry": { "type": "LineString", "coordinates": [ [ -65.0508, -35.9841 ], [ -65.0533, -36.0381 ] ] } },
{ "type": "Feature", "properties": { "nombre": "Camino sin nombre", "longitud_km": 2.24 }, "geometry": { "type": "LineString", "coordinates": [ [ -64.2747, -36.0117 ], [ -64.2904, -36.0118 ], [ -64.2902, -36.0044 ] ] } },
{ "type": "Feature", "properties": { "nombre": "Camino sin nombre", "longitud_km": 6.94 }, "geometry": { "type": "LineString", "coordinates": [ [ -65.1522, -36.0383 ], [ -65.1387, -36.0283 ], [ -65.1312, -36.009 ], [ -65.136, -35.9819 ] ] } },
{ "type": "Feature", "properties": { "nombre": "Camino sin nombre", "longitud_km": 10.06 }, "geometry": { "type": "LineString", "coordinates": [ [ -64.5845, -36.0095 ], [ -64.5777, -36.0098 ], [ -64.5778, -36.0183 ], [ -64.5625, -36.0147 ], [ -64.562, -36.0198 ], [ -64.5411, -36.0198 ], [ -64.5409, -36.0156 ], [ -64.4956, -36.0101 ] ] } },
{ "type": "Feature", "properties": { "nombre": "Camino sin nombre", "longitud_km": 4.79 }, "geometry": { "type": "LineString", "coordinates": [ [ -65.5521, -35.9964 ], [ -65.499, -35.9973 ] ] } },
{ "type": "Feature", "properties": { "nombre": "Camino sin nombre", "longitud_km": 3.51 }, "geometry": { "type": "LineString", "coordinates": [ [ -65.499, -35.9973 ], [ -65.46, -35.9981 ] ] } },
{ "type": "Feature", "properties": { "nombre": "Camino sin nombre", "longitud_km": 5.57 }, "geometry": { "type": "LineString", "coordinates": [ [ -65.46, -35.9981 ], [ -65.3983, -36.0009 ] ] } },
{ "type": "Feature", "properties": { "nombre": "Camino sin nombre", "longitud_km": 6.46 }, "geometry": { "type": "LineString", "coordinates": [ [ -64.7735, -36.0139 ], [ -64.7239, -36.0146 ], [ -64.7025, -36.01 ] ] } },
{ "type": "Feature", "properties": { "nombre": "Camino sin nombre", "longitud_km": 0.16 }, "geometry": { "type": "LineString", "coordinates": [ [ -64.8384, -36.0468 ], [ -64.8369, -36.0461 ] ] } },
{ "type": "Feature", "properties": { "nombre": "Camino sin nombre", "longitud_km": 5.0 }, "geometry": { "type": "LineString", "coordinates": [ [ -64.3636, -36.0292 ], [ -64.3195, -36.0295 ], [ -64.3194, -36.0388 ] ] } },
{ "type": "Feature", "properties": { "nombre": "Camino sin nombre", "longitud_km": 5.01 }, "geometry": { "type": "LineString", "coordinates": [ [ -63.4411, -36.0415 ], [ -63.3855, -36.0413 ] ] } },
{ "type": "Feature", "properties": { "nombre": "Camino sin nombre", "longitud_km": 2.25 }, "geometry": { "type": "LineString", "coordinates": [ [ -65.7947, -35.9992 ], [ -65.794, -36.0099 ], [ -65.7822, -36.0098 ] ] } },
{ "type": "Feature", "properties": { "nombre": "Camino sin nombre", "longitud_km": 4.98 }, "geometry": { "type": "LineString", "coordinates": [ [ -64.2194, -36.0396 ], [ -64.1642, -36.0395 ] ] } },
{ "type": "Feature", "properties": { "nombre": "Camino sin nombre", "longitud_km": 5.01 }, "geometry": { "type": "LineString", "coordinates": [ [ -64.275, -36.0391 ], [ -64.2194, -36.0396 ] ] } },
{ "type": "Feature", "properties": { "nombre": "Camino sin nombre", "longitud_km": 4.01 }, "geometry": { "type": "LineString", "coordinates": [ [ -64.3194, -36.0388 ], [ -64.275, -36.0391 ] ] } },
{ "type": "Feature", "properties": { "nombre": "Camino sin nombre", "longitud_km": 4.97 }, "geometry": { "type": "LineString", "coordinates": [ [ -64.4963, -36.0368 ], [ -64.4412, -36.037 ] ] } },
{ "type": "Feature", "properties": { "nombre": "Camino sin nombre", "longitud_km": 4.58 }, "geometry": { "type": "LineString", "coordinates": [ [ -64.3859, -36.0381 ], [ -64.3856, -36.0151 ], [ -64.4081, -36.0144 ] ] } },
{ "type": "Feature", "properties": { "nombre": "Camino sin nombre", "longitud_km": 4.98 }, "geometry": { "type": "LineString", "coordinates": [ [ -64.4412, -36.037 ], [ -64.3859, -36.0381 ] ] } },
{ "type": "Feature", "properties": { "nombre": "Camino sin nombre", "longitud_km": 2.97 }, "geometry": { "type": "LineString", "coordinates": [ [ -64.4963, -36.0368 ], [ -64.4956, -36.0101 ] ] } },
{ "type": "Feature", "properties": { "nombre": "Camino sin nombre", "longitud_km": 3.05 }, "geometry": { "type": "LineString", "coordinates": [ [ -64.3859, -36.0381 ], [ -64.3636, -36.0386 ], [ -64.3636, -36.0292 ] ] } },
{ "type": "Feature", "properties": { "nombre": "Camino sin nombre", "longitud_km": 5.0 }, "geometry": { "type": "LineString", "coordinates": [ [ -63.4966, -36.0502 ], [ -63.4411, -36.05 ] ] } },
{ "type": "Feature", "properties": { "nombre": "Camino sin nombre", "longitud_km": 12.33 }, "geometry": { "type": "LineString", "coordinates": [ [ -66.4164, -35.9616 ], [ -66.369, -36.0175 ], [ -66.355, -36.0201 ], [ -66.3541, -36.0516 ] ] } },
{ "type": "Feature", "properties": { "nombre": "Camino sin nombre", "longitud_km": 0.05 }, "geometry": { "type": "LineString", "coordinates": [ [ -63.4966, -36.0502 ], [ -63.4966, -36.0506 ] ] } },
{ "type": "Feature", "properties": { "nombre": "Camino sin nombre", "longitud_km": 2.02 }, "geometry": { "type": "LineString", "coordinates": [ [ -63.8527, -36.0497 ], [ -63.8303, -36.0496 ] ] } },
{ "type": "Feature", "properties": { "nombre": "Camino sin nombre", "longitud_km": 0.95 }, "geometry": { "type": "LineString", "coordinates": [ [ -63.4411, -36.0415 ], [ -63.4411, -36.05 ] ] } },
{ "type": "Feature", "properties": { "nombre": "Camino sin nombre", "longitud_km": 1.15 }, "geometry": { "type": "LineString", "coordinates": [ [ -63.3855, -36.0517 ], [ -63.3855, -36.0413 ] ] } },
{ "type": "Feature", "properties": { "nombre": "Camino sin nombre", "longitud_km": 3.99 }, "geometry": { "type": "LineString", "coordinates": [ [ -63.8969, -36.0495 ], [ -63.8527, -36.0497 ] ] } },
{ "type": "Feature", "properties": { "nombre": "Camino sin nombre", "longitud_km": 4.0 }, "geometry": { "type": "LineString", "coordinates": [ [ -63.9413, -36.0494 ], [ -63.8969, -36.0495 ] ] } },
{ "type": "Feature", "properties": { "nombre": "Camino sin nombre", "longitud_km": 10.05 }, "geometry": { "type": "LineString", "coordinates": [ [ -64.0529, -36.0489 ], [ -63.9413, -36.0494 ] ] } },
{ "type": "Feature", "properties": { "nombre": "Camino sin nombre", "longitud_km": 5.01 }, "geometry": { "type": "LineString", "coordinates": [ [ -64.1085, -36.0486 ], [ -64.0529, -36.0489 ] ] } },
{ "type": "Feature", "properties": { "nombre": "Camino sin nombre", "longitud_km": 6.01 }, "geometry": { "type": "LineString", "coordinates": [ [ -64.1642, -36.0395 ], [ -64.1084, -36.0398 ], [ -64.1085, -36.0486 ] ] } },
{ "type": "Feature", "properties": { "nombre": "Camino sin nombre", "longitud_km": 0.15 }, "geometry": { "type": "LineString", "coordinates": [ [ -63.5615, -36.0537 ], [ -63.5623, -36.0525 ] ] } },
{ "type": "Feature", "properties": { "nombre": "Camino sin nombre", "longitud_km": 7.79 }, "geometry": { "type": "LineString", "coordinates": [ [ -64.7025, -36.01 ], [ -64.6886, -36.0146 ], [ -64.6871, -36.0348 ], [ -64.7182, -36.0345 ], [ -64.7187, -36.047 ] ] } },
{ "type": "Feature", "properties": { "nombre": "Camino sin nombre", "longitud_km": 7.11 }, "geometry": { "type": "LineString", "coordinates": [ [ -64.8369, -36.0461 ], [ -64.8023, -36.0171 ], [ -64.7735, -36.0139 ] ] } },
{ "type": "Feature", "properties": { "nombre": "Camino sin nombre", "longitud_km": 25.06 }, "geometry": { "type": "LineString", "coordinates": [ [ -66.7256, -36.1435 ], [ -66.7048, -36.1224 ], [ -66.7168, -36.0997 ], [ -66.6998, -36.0915 ], [ -66.7016, -36.0777 ], [ -66.6914, -36.0661 ], [ -66.6926, -36.0561 ], [ -66.6802, -36.054 ], [ -66.6572, -36.0345 ], [ -66.6607, -36.0142 ], [ -66.6689, -36.0 ], [ -66.6351, -35.9721 ], [ -66.6345, -35.9648 ] ] } },
{ "type": "Feature", "properties": { "nombre": "Camino sin nombre", "longitud_km": 5.94 }, "geometry": { "type": "LineString", "coordinates": [ [ -63.5607, -36.055 ], [ -63.5446, -36.0486 ], [ -63.4966, -36.0506 ] ] } },
{ "type": "Feature", "properties": { "nombre": "Camino sin nombre", "longitud_km": 0.16 }, "geometry": { "type": "LineString", "coordinates": [ [ -63.5607, -36.055 ], [ -63.5615, -36.0537 ] ] } },
{ "type": "Feature", "properties": { "nombre": "Camino sin nombre", "longitud_km": 4.38 }, "geometry": { "type": "LineString", "coordinates": [ [ -65.7822, -36.0098 ], [ -65.7696, -36.0097 ], [ -65.7515, -36.0274 ], [ -65.744, -36.0288 ] ] } },
{ "type": "Feature", "properties": { "nombre": "Camino sin nombre", "longitud_km": 50.13 }, "geometry": { "type": "LineString", "coordinates": [ [ -66.8714, -36.0075 ], [ -66.8008, -35.9961 ], [ -66.7602, -36.0075 ], [ -66.7365, -36.0069 ], [ -66.7154, -36.0145 ], [ -66.7073, -36.0227 ], [ -66.7366, -36.0364 ], [ -66.7658, -36.0798 ], [ -66.7794, -36.1186 ], [ -66.7971, -36.1299 ], [ -66.7998, -36.1535 ], [ -66.7939, -36.1711 ], [ -66.8067, -36.188 ], [ -66.8185, -36.1921 ], [ -66.8196, -36.2094 ], [ -66.853, -36.2427 ], [ -66.9006, -36.2592 ] ] } },
{ "type": "Feature", "properties": { "nombre": "Camino sin nombre", "longitud_km": 0.63 }, "geometry": { "type": "LineString", "coordinates": [ [ -65.0535, -36.0438 ], [ -65.0533, -36.0381 ] ] } },
{ "type": "Feature", "properties": { "nombre": "Camino sin nombre", "longitud_km": 2.03 }, "geometry": { "type": "LineString", "coordinates": [ [ -63.8969, -36.0495 ], [ -63.8974, -36.0678 ] ] } },
{ "type": "Feature", "properties": { "nombre": "Camino sin nombre", "longitud_km": 10.15 }, "geometry": { "type": "LineString", "coordinates": [ [ -64.8408, -36.0434 ], [ -64.8786, -36.0424 ], [ -64.8808, -36.0487 ], [ -64.8928, -36.0451 ], [ -64.8951, -36.0497 ], [ -64.9298, -36.0507 ], [ -64.94, -36.0441 ] ] } },
{ "type": "Feature", "properties": { "nombre": "Camino sin nombre", "longitud_km": 0.27 }, "geometry": { "type": "LineString", "coordinates": [ [ -66.5011, -36.0149 ], [ -66.5033, -36.0166 ] ] } },
{ "type": "Feature", "properties": { "nombre": "Camino sin nombre", "longitud_km": 5.15 }, "geometry": { "type": "LineString", "coordinates": [ [ -65.1522, -36.0383 ], [ -65.1374, -36.0382 ], [ -65.1378, -36.0497 ], [ -65.1097, -36.0496 ] ] } },
{ "type": "Feature", "properties": { "nombre": "Camino sin nombre", "longitud_km": 8.51 }, "geometry": { "type": "LineString", "coordinates": [ [ -64.5526, -36.0588 ], [ -64.5519, -36.036 ], [ -64.5857, -36.036 ], [ -64.5845, -36.0095 ] ] } },
{ "type": "Feature", "properties": { "nombre": "Camino sin nombre", "longitud_km": 0.19 }, "geometry": { "type": "LineString", "coordinates": [ [ -66.5033, -36.0166 ], [ -66.5024, -36.0181 ] ] } },
{ "type": "Feature", "properties": { "nombre": "Camino sin nombre", "longitud_km": 1.49 }, "geometry": { "type": "LineString", "coordinates": [ [ -66.5024, -36.0181 ], [ -66.4861, -36.0205 ] ] } },
{ "type": "Feature", "properties": { "nombre": "Camino sin nombre", "longitud_km": 6.22 }, "geometry": { "type": "LineString", "coordinates": [ [ -65.499, -35.9973 ], [ -65.4756, -36.0194 ], [ -65.4751, -36.0463 ] ] } },
{ "type": "Feature", "properties": { "nombre": "Camino sin nombre", "longitud_km": 1.44 }, "geometry": { "type": "LineString", "coordinates": [ [ -66.5033, -36.0166 ], [ -66.5156, -36.0248 ] ] } },
{ "type": "Feature", "properties": { "nombre": "Camino sin nombre", "longitud_km": 2.75 }, "geometry": { "type": "LineString", "coordinates": [ [ -63.3852, -36.0765 ], [ -63.3855, -36.0517 ] ] } },
{ "type": "Feature", "properties": { "nombre": "Camino sin nombre", "longitud_km": 3.46 }, "geometry": { "type": "LineString", "coordinates": [ [ -63.5769, -36.0775 ], [ -63.5607, -36.0695 ], [ -63.5615, -36.0537 ] ] } },
{ "type": "Feature", "properties": { "nombre": "Camino sin nombre", "longitud_km": 0.97 }, "geometry": { "type": "LineString", "coordinates": [ [ -65.6552, -36.0533 ], [ -65.6444, -36.0531 ] ] } },
{ "type": "Feature", "properties": { "nombre": "Camino sin nombre", "longitud_km": 12.61 }, "geometry": { "type": "LineString", "coordinates": [ [ -65.744, -36.0288 ], [ -65.7228, -36.0297 ], [ -65.7177, -36.0097 ], [ -65.7098, -36.0096 ], [ -65.6961, -36.0298 ], [ -65.6843, -36.0257 ], [ -65.6719, -36.0297 ], [ -65.6552, -36.0511 ] ] } },
{ "type": "Feature", "properties": { "nombre": "Camino sin nombre", "longitud_km": 13.37 }, "geometry": { "type": "LineString", "coordinates": [ [ -65.6552, -36.0511 ], [ -65.6531, -36.0099 ], [ -65.6075, -36.0101 ], [ -65.6095, -36.0522 ] ] } },
{ "type": "Feature", "properties": { "nombre": "Camino sin nombre", "longitud_km": 2.13 }, "geometry": { "type": "LineString", "coordinates": [ [ -65.6331, -36.0529 ], [ -65.6095, -36.0522 ] ] } },
{ "type": "Feature", "properties": { "nombre": "Camino sin nombre", "longitud_km": 2.51 }, "geometry": { "type": "LineString", "coordinates": [ [ -65.6331, -36.0529 ], [ -65.6194, -36.0332 ] ] } },
{ "type": "Feature", "properties": { "nombre": "Camino sin nombre", "longitud_km": 1.02 }, "geometry": { "type": "LineString", "coordinates": [ [ -65.6444, -36.0531 ], [ -65.6331, -36.0529 ] ] } },
{ "type": "Feature", "properties": { "nombre": "Camino sin nombre", "longitud_km": 0.25 }, "geometry": { "type": "LineString", "coordinates": [ [ -65.6552, -36.0533 ], [ -65.6552, -36.0511 ] ] } },
{ "type": "Feature", "properties": { "nombre": "Camino sin nombre", "longitud_km": 7.74 }, "geometry": { "type": "LineString", "coordinates": [ [ -65.741, -36.0555 ], [ -65.6552, -36.0533 ] ] } },
{ "type": "Feature", "properties": { "nombre": "Camino sin nombre", "longitud_km": 2.98 }, "geometry": { "type": "LineString", "coordinates": [ [ -65.744, -36.0288 ], [ -65.741, -36.0555 ] ] } },
{ "type": "Feature", "properties": { "nombre": "Camino sin nombre", "longitud_km": 2.95 }, "geometry": { "type": "LineString", "coordinates": [ [ -63.608, -36.0856 ], [ -63.5769, -36.0775 ] ] } },
{ "type": "Feature", "properties": { "nombre": "Camino sin nombre", "longitud_km": 4.59 }, "geometry": { "type": "LineString", "coordinates": [ [ -63.5523, -36.0864 ], [ -63.5433, -36.0859 ], [ -63.5607, -36.055 ] ] } },
{ "type": "Feature", "properties": { "nombre": "Camino sin nombre", "longitud_km": 4.02 }, "geometry": { "type": "LineString", "coordinates": [ [ -64.1088, -36.0849 ], [ -64.1085, -36.0486 ] ] } },
{ "type": "Feature", "properties": { "nombre": "Camino sin nombre", "longitud_km": 0.34 }, "geometry": { "type": "LineString", "coordinates": [ [ -63.6116, -36.0866 ], [ -63.608, -36.0856 ] ] } },
{ "type": "Feature", "properties": { "nombre": "Camino sin nombre", "longitud_km": 1.64 }, "geometry": { "type": "LineString", "coordinates": [ [ -66.263, -36.0437 ], [ -66.2448, -36.0433 ] ] } },
{ "type": "Feature", "properties": { "nombre": "Camino sin nombre", "longitud_km": 3.74 }, "geometry": { "type": "LineString", "coordinates": [ [ -65.7825, -36.0563 ], [ -65.741, -36.0555 ] ] } },
{ "type": "Feature", "properties": { "nombre": "Camino sin nombre", "longitud_km": 0.03 }, "geometry": { "type": "LineString", "coordinates": [ [ -66.0851, -36.0488 ], [ -66.0851, -36.049 ] ] } },
{ "type": "Feature", "properties": { "nombre": "Camino sin nombre", "longitud_km": 0.56 }, "geometry": { "type": "LineString", "coordinates": [ [ -65.7887, -36.0564 ], [ -65.7825, -36.0563 ] ] } },
{ "type": "Feature", "properties": { "nombre": "Camino sin nombre", "longitud_km": 5.27 }, "geometry": { "type": "LineString", "coordinates": [ [ -65.7822, -36.0098 ], [ -65.7893, -36.028 ], [ -65.7887, -36.0564 ] ] } },
{ "type": "Feature", "properties": { "nombre": "Camino sin nombre", "longitud_km": 4.01 }, "geometry": { "type": "LineString", "coordinates": [ [ -64.0534, -36.085 ], [ -64.0529, -36.0489 ] ] } },
{ "type": "Feature", "properties": { "nombre": "Camino sin nombre", "longitud_km": 5.36 }, "geometry": { "type": "LineString", "coordinates": [ [ -66.1446, -36.0477 ], [ -66.0851, -36.049 ] ] } },
{ "type": "Feature", "properties": { "nombre": "Camino sin nombre", "longitud_km": 5.03 }, "geometry": { "type": "LineString", "coordinates": [ [ -64.1648, -36.0848 ], [ -64.1642, -36.0395 ] ] } },
{ "type": "Feature", "properties": { "nombre": "Camino sin nombre", "longitud_km": 4.97 }, "geometry": { "type": "LineString", "coordinates": [ [ -64.2197, -36.0844 ], [ -64.2194, -36.0396 ] ] } },
{ "type": "Feature", "properties": { "nombre": "Camino sin nombre", "longitud_km": 4.98 }, "geometry": { "type": "LineString", "coordinates": [ [ -64.4419, -36.0819 ], [ -64.4412, -36.037 ] ] } },
{ "type": "Feature", "properties": { "nombre": "Camino sin nombre", "longitud_km": 7.33 }, "geometry": { "type": "LineString", "coordinates": [ [ -65.2214, -36.0701 ], [ -65.1888, -36.0469 ], [ -65.1522, -36.0383 ] ] } },
{ "type": "Feature", "properties": { "nombre": "Camino sin nombre", "longitud_km": 4.97 }, "geometry": { "type": "LineString", "coordinates": [ [ -64.3194, -36.0388 ], [ -64.3195, -36.0835 ] ] } },
{ "type": "Feature", "properties": { "nombre": "Camino sin nombre", "longitud_km": 12.31 }, "geometry": { "type": "LineString", "coordinates": [ [ -64.6638, -36.0793 ], [ -64.6613, -36.0389 ], [ -64.6307, -36.0354 ], [ -64.6268, -36.0076 ], [ -64.6072, -36.0005 ] ] } },
{ "type": "Feature", "properties": { "nombre": "Camino sin nombre", "longitud_km": 4.96 }, "geometry": { "type": "LineString", "coordinates": [ [ -64.3861, -36.0828 ], [ -64.3859, -36.0381 ] ] } },
{ "type": "Feature", "properties": { "nombre": "Camino sin nombre", "longitud_km": 2.45 }, "geometry": { "type": "LineString", "coordinates": [ [ -64.5527, -36.0808 ], [ -64.5526, -36.0588 ] ] } },
{ "type": "Feature", "properties": { "nombre": "Camino sin nombre", "longitud_km": 6.04 }, "geometry": { "type": "LineString", "coordinates": [ [ -64.5526, -36.0588 ], [ -64.5227, -36.0593 ], [ -64.5118, -36.0651 ], [ -64.5257, -36.0812 ] ] } },
{ "type": "Feature", "properties": { "nombre": "Camino sin nombre", "longitud_km": 4.96 }, "geometry": { "type": "LineString", "coordinates": [ [ -64.4966, -36.0815 ], [ -64.4963, -36.0368 ] ] } },
{ "type": "Feature", "properties": { "nombre": "Camino sin nombre", "longitud_km": 5.12 }, "geometry": { "type": "LineString", "coordinates": [ [ -65.8456, -36.0574 ], [ -65.7887, -36.0564 ] ] } },
{ "type": "Feature", "properties": { "nombre": "Camino sin nombre", "longitud_km": 4.88 }, "geometry": { "type": "LineString", "coordinates": [ [ -65.5542, -36.0659 ], [ -65.5001, -36.0664 ] ] } },
{ "type": "Feature", "properties": { "nombre": "Camino sin nombre", "longitud_km": 5.83 }, "geometry": { "type": "LineString", "coordinates": [ [ -65.094, -36.0729 ], [ -65.0864, -36.0491 ], [ -65.0766, -36.0444 ], [ -65.0535, -36.0438 ] ] } },
{ "type": "Feature", "properties": { "nombre": "Camino sin nombre", "longitud_km": 2.58 }, "geometry": { "type": "LineString", "coordinates": [ [ -65.1107, -36.0728 ], [ -65.1097, -36.0496 ] ] } },
{ "type": "Feature", "properties": { "nombre": "Camino sin nombre", "longitud_km": 3.35 }, "geometry": { "type": "LineString", "coordinates": [ [ -65.0549, -36.0739 ], [ -65.0535, -36.0438 ] ] } },
{ "type": "Feature", "properties": { "nombre": "Camino sin nombre", "longitud_km": 6.72 }, "geometry": { "type": "LineString", "coordinates": [ [ -64.8369, -36.0461 ], [ -64.8083, -36.0601 ], [ -64.793, -36.0593 ], [ -64.7819, -36.0784 ] ] } },
{ "type": "Feature", "properties": { "nombre": "Camino sin nombre", "longitud_km": 7.16 }, "geometry": { "type": "LineString", "coordinates": [ [ -64.7742, -36.0785 ], [ -64.7735, -36.0139 ] ] } },
{ "type": "Feature", "properties": { "nombre": "Camino sin nombre", "longitud_km": 3.88 }, "geometry": { "type": "LineString", "coordinates": [ [ -65.4025, -36.0675 ], [ -65.3917, -36.0336 ] ] } },
{ "type": "Feature", "properties": { "nombre": "Camino sin nombre", "longitud_km": 7.16 }, "geometry": { "type": "LineString", "coordinates": [ [ -65.0533, -36.0381 ], [ -65.0456, -36.0379 ], [ -65.0362, -36.0451 ], [ -65.0336, -36.0619 ], [ -64.9991, -36.075 ] ] } },
{ "type": "Feature", "properties": { "nombre": "Camino sin nombre", "longitud_km": 0.12 }, "geometry": { "type": "LineString", "coordinates": [ [ -65.2214, -36.0711 ], [ -65.2214, -36.0701 ] ] } },
{ "type": "Feature", "properties": { "nombre": "Camino sin nombre", "longitud_km": 9.08 }, "geometry": { "type": "LineString", "coordinates": [ [ -66.2448, -36.0433 ], [ -66.1915, -36.0492 ], [ -66.1446, -36.0477 ] ] } },
{ "type": "Feature", "properties": { "nombre": "Camino sin nombre", "longitud_km": 7.78 }, "geometry": { "type": "LineString", "coordinates": [ [ -65.3637, -36.0686 ], [ -65.3506, -36.043 ], [ -65.3268, -36.0464 ], [ -65.3273, -36.0237 ] ] } },
{ "type": "Feature", "properties": { "nombre": "Camino sin nombre", "longitud_km": 3.73 }, "geometry": { "type": "LineString", "coordinates": [ [ -65.4439, -36.0671 ], [ -65.4025, -36.0678 ] ] } },
{ "type": "Feature", "properties": { "nombre": "Camino sin nombre", "longitud_km": 3.96 }, "geometry": { "type": "LineString", "coordinates": [ [ -65.4751, -36.0463 ], [ -65.444, -36.0604 ], [ -65.4439, -36.0671 ] ] } },
{ "type": "Feature", "properties": { "nombre": "Camino sin nombre", "longitud_km": 1.35 }, "geometry": { "type": "LineString", "coordinates": [ [ -65.4588, -36.0669 ], [ -65.4439, -36.0671 ] ] } },
{ "type": "Feature", "properties": { "nombre": "Camino sin nombre", "longitud_km": 3.72 }, "geometry": { "type": "LineString", "coordinates": [ [ -65.5001, -36.0664 ], [ -65.4588, -36.0669 ] ] } },
{ "type": "Feature", "properties": { "nombre": "Camino sin nombre", "longitud_km": 3.16 }, "geometry": { "type": "LineString", "coordinates": [ [ -65.5001, -36.0664 ], [ -65.4751, -36.0463 ] ] } },
{ "type": "Feature", "properties": { "nombre": "Camino sin nombre", "longitud_km": 1.33 }, "geometry": { "type": "LineString", "coordinates": [ [ -65.6097, -36.0642 ], [ -65.6095, -36.0522 ] ] } },
{ "type": "Feature", "properties": { "nombre": "Camino sin nombre", "longitud_km": 16.48 }, "geometry": { "type": "LineString", "coordinates": [ [ -66.0851, -36.0488 ], [ -66.0193, -36.052 ], [ -65.9974, -36.0598 ], [ -65.9044, -36.0584 ] ] } },
{ "type": "Feature", "properties": { "nombre": "Camino sin nombre", "longitud_km": 7.72 }, "geometry": { "type": "LineString", "coordinates": [ [ -65.5521, -35.9964 ], [ -65.5542, -36.0659 ] ] } },
{ "type": "Feature", "properties": { "nombre": "Camino sin nombre", "longitud_km": 0.95 }, "geometry": { "type": "LineString", "coordinates": [ [ -65.5648, -36.0658 ], [ -65.5542, -36.0659 ] ] } },
{ "type": "Feature", "properties": { "nombre": "Camino sin nombre", "longitud_km": 4.95 }, "geometry": { "type": "LineString", "coordinates": [ [ -65.9005, -36.0583 ], [ -65.8456, -36.0574 ] ] } },
{ "type": "Feature", "properties": { "nombre": "Camino sin nombre", "longitud_km": 4.05 }, "geometry": { "type": "LineString", "coordinates": [ [ -65.6097, -36.0642 ], [ -65.5648, -36.0658 ] ] } },
{ "type": "Feature", "properties": { "nombre": "Camino sin nombre", "longitud_km": 0.35 }, "geometry": { "type": "LineString", "coordinates": [ [ -65.9044, -36.0584 ], [ -65.9005, -36.0583 ] ] } },
{ "type": "Feature", "properties": { "nombre": "Camino sin nombre", "longitud_km": 2.5 }, "geometry": { "type": "LineString", "coordinates": [ [ -65.8987, -36.0378 ], [ -65.9051, -36.0437 ], [ -65.9044, -36.0584 ] ] } },
{ "type": "Feature", "properties": { "nombre": "Camino sin nombre", "longitud_km": 0.95 }, "geometry": { "type": "LineString", "coordinates": [ [ -66.3541, -36.0516 ], [ -66.3646, -36.0518 ] ] } },
{ "type": "Feature", "properties": { "nombre": "Camino sin nombre", "longitud_km": 8.38 }, "geometry": { "type": "LineString", "coordinates": [ [ -66.3541, -36.0516 ], [ -66.2791, -36.0501 ], [ -66.263, -36.0437 ] ] } },
{ "type": "Feature", "properties": { "nombre": "Camino sin nombre", "longitud_km": 11.67 }, "geometry": { "type": "LineString", "coordinates": [ [ -66.4861, -36.0205 ], [ -66.3902, -36.0368 ], [ -66.3646, -36.0518 ] ] } },
{ "type": "Feature", "properties": { "nombre": "Camino sin nombre", "longitud_km": 1.62 }, "geometry": { "type": "LineString", "coordinates": [ [ -67.4802, -36.0171 ], [ -67.477, -36.0028 ] ] } },
{ "type": "Feature", "properties": { "nombre": "Camino sin nombre", "longitud_km": 12.77 }, "geometry": { "type": "LineString", "coordinates": [ [ -67.0061, -36.0341 ], [ -66.9649, -36.0221 ], [ -66.9078, -36.0225 ], [ -66.8714, -36.0075 ] ] } },
{ "type": "Feature", "properties": { "nombre": "Camino sin nombre", "longitud_km": 1.84 }, "geometry": { "type": "LineString", "coordinates": [ [ -67.4802, -36.0171 ], [ -67.5, -36.0211 ] ] } },
{ "type": "Feature", "properties": { "nombre": "Camino sin nombre", "longitud_km": 6.07 }, "geometry": { "type": "LineString", "coordinates": [ [ -67.0726, -36.0372 ], [ -67.0623, -36.0336 ], [ -67.0061, -36.0341 ] ] } },
{ "type": "Feature", "properties": { "nombre": "Camino sin nombre", "longitud_km": 6.76 }, "geometry": { "type": "LineString", "coordinates": [ [ -67.1454, -36.0351 ], [ -67.0882, -36.0307 ], [ -67.0726, -36.0372 ] ] } },
{ "type": "Feature", "properties": { "nombre": "Camino sin nombre", "longitud_km": 2.4 }, "geometry": { "type": "LineString", "coordinates": [ [ -64.7977, -36.0961 ], [ -64.7824, -36.0783 ] ] } },
{ "type": "Feature", "properties": { "nombre": "Camino sin nombre", "longitud_km": 2.47 }, "geometry": { "type": "LineString", "coordinates": [ [ -63.5523, -36.0864 ], [ -63.5524, -36.1087 ] ] } },
{ "type": "Feature", "properties": { "nombre": "Camino sin nombre", "longitud_km": 2.48 }, "geometry": { "type": "LineString", "coordinates": [ [ -63.5524, -36.1087 ], [ -63.5799, -36.1087 ] ] } },
{ "type": "Feature", "properties": { "nombre": "Camino sin nombre", "longitud_km": 5.15 }, "geometry": { "type": "LineString", "coordinates": [ [ -64.2199, -36.1308 ], [ -64.2197, -36.0844 ] ] } },
{ "type": "Feature", "properties": { "nombre": "Camino sin nombre", "longitud_km": 2.8 }, "geometry": { "type": "LineString", "coordinates": [ [ -64.7977, -36.0961 ], [ -64.8283, -36.0918 ] ] } },
{ "type": "Feature", "properties": { "nombre": "Camino sin nombre", "longitud_km": 2.63 }, "geometry": { "type": "LineString", "coordinates": [ [ -64.6725, -36.0789 ], [ -64.6775, -36.1023 ] ] } },
{ "type": "Feature", "properties": { "nombre": "Camino sin nombre", "longitud_km": 4.42 }, "geometry": { "type": "LineString", "coordinates": [ [ -67.2596, -36.0 ], [ -67.2507, -36.0392 ] ] } },
{ "type": "Feature", "properties": { "nombre": "Camino sin nombre", "longitud_km": 0.02 }, "geometry": { "type": "LineString", "coordinates": [ [ -67.2507, -36.0392 ], [ -67.2509, -36.0392 ] ] } },
{ "type": "Feature", "properties": { "nombre": "Camino sin nombre", "longitud_km": 5.83 }, "geometry": { "type": "LineString", "coordinates": [ [ -65.4092, -36.0898 ], [ -65.4395, -36.0884 ], [ -65.4503, -36.0701 ], [ -65.4588, -36.0669 ] ] } },
{ "type": "Feature", "properties": { "nombre": "Camino sin nombre", "longitud_km": 2.65 }, "geometry": { "type": "LineString", "coordinates": [ [ -65.5769, -36.0875 ], [ -65.5648, -36.0658 ] ] } },
{ "type": "Feature", "properties": { "nombre": "Camino sin nombre", "longitud_km": 10.17 }, "geometry": { "type": "LineString", "coordinates": [ [ -63.7193, -36.1142 ], [ -63.6116, -36.0866 ] ] } },
{ "type": "Feature", "properties": { "nombre": "Camino sin nombre", "longitud_km": 3.14 }, "geometry": { "type": "LineString", "coordinates": [ [ -63.7193, -36.0859 ], [ -63.7193, -36.1142 ] ] } },
{ "type": "Feature", "properties": { "nombre": "Camino sin nombre", "longitud_km": 4.5 }, "geometry": { "type": "LineString", "coordinates": [ [ -67.3008, -36.0392 ], [ -67.2509, -36.0392 ] ] } },
{ "type": "Feature", "properties": { "nombre": "Camino sin nombre", "longitud_km": 4.9 }, "geometry": { "type": "LineString", "coordinates": [ [ -67.3551, -36.0392 ], [ -67.3008, -36.0392 ] ] } },
{ "type": "Feature", "properties": { "nombre": "Camino sin nombre", "longitud_km": 5.01 }, "geometry": { "type": "LineString", "coordinates": [ [ -67.1914, -36.0473 ], [ -67.2009, -36.0124 ], [ -67.1964, -36.0037 ] ] } },
{ "type": "Feature", "properties": { "nombre": "Camino sin nombre", "longitud_km": 5.68 }, "geometry": { "type": "LineString", "coordinates": [ [ -67.2507, -36.0392 ], [ -67.2032, -36.0391 ], [ -67.1914, -36.0473 ] ] } },
{ "type": "Feature", "properties": { "nombre": "Camino sin nombre", "longitud_km": 1.45 }, "geometry": { "type": "LineString", "coordinates": [ [ -64.2765, -36.1142 ], [ -64.2926, -36.1139 ] ] } },
{ "type": "Feature", "properties": { "nombre": "Camino sin nombre", "longitud_km": 1.57 }, "geometry": { "type": "LineString", "coordinates": [ [ -64.4422, -36.1142 ], [ -64.4248, -36.1139 ] ] } },
{ "type": "Feature", "properties": { "nombre": "Camino sin nombre", "longitud_km": 3.58 }, "geometry": { "type": "LineString", "coordinates": [ [ -64.4422, -36.1142 ], [ -64.4419, -36.0819 ] ] } },
{ "type": "Feature", "properties": { "nombre": "Camino sin nombre", "longitud_km": 10.01 }, "geometry": { "type": "LineString", "coordinates": [ [ -67.4662, -36.0396 ], [ -67.3551, -36.0392 ] ] } },
{ "type": "Feature", "properties": { "nombre": "Camino sin nombre", "longitud_km": 2.79 }, "geometry": { "type": "LineString", "coordinates": [ [ -67.4662, -36.0396 ], [ -67.4802, -36.0171 ] ] } },
{ "type": "Feature", "properties": { "nombre": "Camino sin nombre", "longitud_km": 6.15 }, "geometry": { "type": "LineString", "coordinates": [ [ -66.5024, -36.0181 ], [ -66.5127, -36.0729 ] ] } },
{ "type": "Feature", "properties": { "nombre": "Camino sin nombre", "longitud_km": 5.06 }, "geometry": { "type": "LineString", "coordinates": [ [ -64.1653, -36.1304 ], [ -64.1648, -36.0848 ] ] } },
{ "type": "Feature", "properties": { "nombre": "Camino sin nombre", "longitud_km": 1.47 }, "geometry": { "type": "LineString", "coordinates": [ [ -64.4423, -36.1274 ], [ -64.4422, -36.1142 ] ] } },
{ "type": "Feature", "properties": { "nombre": "Camino sin nombre", "longitud_km": 4.03 }, "geometry": { "type": "LineString", "coordinates": [ [ -64.7743, -36.1148 ], [ -64.7742, -36.0785 ] ] } },
{ "type": "Feature", "properties": { "nombre": "Camino sin nombre", "longitud_km": 3.58 }, "geometry": { "type": "LineString", "coordinates": [ [ -64.7743, -36.1148 ], [ -64.792, -36.1134 ], [ -64.7977, -36.0961 ] ] } },
{ "type": "Feature", "properties": { "nombre": "Camino sin nombre", "longitud_km": 5.4 }, "geometry": { "type": "LineString", "coordinates": [ [ -67.1914, -36.0473 ], [ -67.1329, -36.0575 ] ] } },
{ "type": "Feature", "properties": { "nombre": "Camino sin nombre", "longitud_km": 4.92 }, "geometry": { "type": "LineString", "coordinates": [ [ -63.7708, -36.1291 ], [ -63.7193, -36.1142 ] ] } },
{ "type": "Feature", "properties": { "nombre": "Camino sin nombre", "longitud_km": 6.13 }, "geometry": { "type": "LineString", "coordinates": [ [ -63.3852, -36.1317 ], [ -63.3852, -36.0765 ] ] } },
{ "type": "Feature", "properties": { "nombre": "Camino sin nombre", "longitud_km": 5.02 }, "geometry": { "type": "LineString", "coordinates": [ [ -63.4409, -36.1317 ], [ -63.3852, -36.1317 ] ] } },
{ "type": "Feature", "properties": { "nombre": "Camino sin nombre", "longitud_km": 9.06 }, "geometry": { "type": "LineString", "coordinates": [ [ -63.4411, -36.05 ], [ -63.4409, -36.1317 ] ] } },
{ "type": "Feature", "properties": { "nombre": "Camino sin nombre", "longitud_km": 8.97 }, "geometry": { "type": "LineString", "coordinates": [ [ -63.4966, -36.0506 ], [ -63.4966, -36.1315 ] ] } },
{ "type": "Feature", "properties": { "nombre": "Camino sin nombre", "longitud_km": 5.01 }, "geometry": { "type": "LineString", "coordinates": [ [ -63.4966, -36.1315 ], [ -63.4409, -36.1317 ] ] } },
{ "type": "Feature", "properties": { "nombre": "Camino sin nombre", "longitud_km": 5.06 }, "geometry": { "type": "LineString", "coordinates": [ [ -63.608, -36.0856 ], [ -63.6082, -36.1312 ] ] } },
{ "type": "Feature", "properties": { "nombre": "Camino sin nombre", "longitud_km": 3.76 }, "geometry": { "type": "LineString", "coordinates": [ [ -63.6082, -36.1312 ], [ -63.6377, -36.1312 ], [ -63.6376, -36.1213 ] ] } },
{ "type": "Feature", "properties": { "nombre": "Camino sin nombre", "longitud_km": 4.99 }, "geometry": { "type": "LineString", "coordinates": [ [ -64.3865, -36.1278 ], [ -64.3861, -36.0828 ] ] } },
{ "type": "Feature", "properties": { "nombre": "Camino sin nombre", "longitud_km": 5.02 }, "geometry": { "type": "LineString", "coordinates": [ [ -64.4423, -36.1274 ], [ -64.3865, -36.1278 ] ] } },
{ "type": "Feature", "properties": { "nombre": "Camino sin nombre", "longitud_km": 0.96 }, "geometry": { "type": "LineString", "coordinates": [ [ -64.7747, -36.1234 ], [ -64.7743, -36.1148 ] ] } },
{ "type": "Feature", "properties": { "nombre": "Camino sin nombre", "longitud_km": 5.1 }, "geometry": { "type": "LineString", "coordinates": [ [ -64.3339, -36.1292 ], [ -64.3308, -36.0834 ] ] } },
{ "type": "Feature", "properties": { "nombre": "Camino sin nombre", "longitud_km": 2.43 }, "geometry": { "type": "LineString", "coordinates": [ [ -64.7747, -36.1234 ], [ -64.7477, -36.123 ] ] } },
{ "type": "Feature", "properties": { "nombre": "Camino sin nombre", "longitud_km": 2.44 }, "geometry": { "type": "LineString", "coordinates": [ [ -65.3061, -36.1147 ], [ -65.2791, -36.1152 ] ] } },
{ "type": "Feature", "properties": { "nombre": "Camino sin nombre", "longitud_km": 4.92 }, "geometry": { "type": "LineString", "coordinates": [ [ -64.2199, -36.1308 ], [ -64.1653, -36.1304 ] ] } },
{ "type": "Feature", "properties": { "nombre": "Camino sin nombre", "longitud_km": 4.74 }, "geometry": { "type": "LineString", "coordinates": [ [ -64.3865, -36.1278 ], [ -64.3339, -36.1292 ] ] } },
{ "type": "Feature", "properties": { "nombre": "Camino sin nombre", "longitud_km": 9.62 }, "geometry": { "type": "LineString", "coordinates": [ [ -65.3061, -36.1147 ], [ -65.3336, -36.1144 ], [ -65.3612, -36.1032 ], [ -65.3609, -36.0913 ], [ -65.3666, -36.0913 ], [ -65.3637, -36.0686 ] ] } },
{ "type": "Feature", "properties": { "nombre": "Camino sin nombre", "longitud_km": 8.33 }, "geometry": { "type": "LineString", "coordinates": [ [ -65.9005, -36.0583 ], [ -65.8761, -36.1032 ], [ -65.8441, -36.1026 ] ] } },
{ "type": "Feature", "properties": { "nombre": "Camino sin nombre", "longitud_km": 5.07 }, "geometry": { "type": "LineString", "coordinates": [ [ -65.5009, -36.1121 ], [ -65.5001, -36.0664 ] ] } },
{ "type": "Feature", "properties": { "nombre": "Camino sin nombre", "longitud_km": 4.22 }, "geometry": { "type": "LineString", "coordinates": [ [ -65.5009, -36.1121 ], [ -65.5477, -36.1116 ] ] } },
{ "type": "Feature", "properties": { "nombre": "Camino sin nombre", "longitud_km": 1.03 }, "geometry": { "type": "LineString", "coordinates": [ [ -63.3852, -36.141 ], [ -63.3852, -36.1317 ] ] } },
{ "type": "Feature", "properties": { "nombre": "Camino sin nombre", "longitud_km": 5.66 }, "geometry": { "type": "LineString", "coordinates": [ [ -64.5536, -36.1318 ], [ -64.5527, -36.0808 ] ] } },
{ "type": "Feature", "properties": { "nombre": "Camino sin nombre", "longitud_km": 5.1 }, "geometry": { "type": "LineString", "coordinates": [ [ -64.6096, -36.1315 ], [ -64.5822, -36.1282 ], [ -64.5536, -36.1318 ] ] } },
{ "type": "Feature", "properties": { "nombre": "Camino sin nombre", "longitud_km": 2.04 }, "geometry": { "type": "LineString", "coordinates": [ [ -63.8535, -36.14 ], [ -63.8308, -36.1401 ] ] } },
{ "type": "Feature", "properties": { "nombre": "Camino sin nombre", "longitud_km": 4.05 }, "geometry": { "type": "LineString", "coordinates": [ [ -63.9427, -36.1401 ], [ -63.8977, -36.1399 ] ] } },
{ "type": "Feature", "properties": { "nombre": "Camino sin nombre", "longitud_km": 5.11 }, "geometry": { "type": "LineString", "coordinates": [ [ -66.3541, -36.0516 ], [ -66.3659, -36.0967 ] ] } },
{ "type": "Feature", "properties": { "nombre": "Camino sin nombre", "longitud_km": 5.92 }, "geometry": { "type": "LineString", "coordinates": [ [ -64.2769, -36.1385 ], [ -64.2404, -36.138 ], [ -64.2404, -36.1308 ], [ -64.2199, -36.1308 ] ] } },
{ "type": "Feature", "properties": { "nombre": "Camino sin nombre", "longitud_km": 6.2 }, "geometry": { "type": "LineString", "coordinates": [ [ -64.3339, -36.1292 ], [ -64.3106, -36.1292 ], [ -64.3107, -36.1388 ], [ -64.2769, -36.1385 ] ] } },
{ "type": "Feature", "properties": { "nombre": "Camino sin nombre", "longitud_km": 2.51 }, "geometry": { "type": "LineString", "coordinates": [ [ -63.5524, -36.1451 ], [ -63.5245, -36.1452 ] ] } },
{ "type": "Feature", "properties": { "nombre": "Camino sin nombre", "longitud_km": 4.05 }, "geometry": { "type": "LineString", "coordinates": [ [ -63.5524, -36.1087 ], [ -63.5524, -36.1451 ] ] } },
{ "type": "Feature", "properties": { "nombre": "Camino sin nombre", "longitud_km": 10.1 }, "geometry": { "type": "LineString", "coordinates": [ [ -64.0535, -36.1761 ], [ -64.0527, -36.0851 ] ] } },
{ "type": "Feature", "properties": { "nombre": "Camino sin nombre", "longitud_km": 5.68 }, "geometry": { "type": "LineString", "coordinates": [ [ -63.8308, -36.1448 ], [ -63.7708, -36.1291 ] ] } },
{ "type": "Feature", "properties": { "nombre": "Camino sin nombre", "longitud_km": 0.71 }, "geometry": { "type": "LineString", "coordinates": [ [ -66.3659, -36.0967 ], [ -66.3715, -36.1012 ] ] } },
{ "type": "Feature", "properties": { "nombre": "Camino sin nombre", "longitud_km": 14.59 }, "geometry": { "type": "LineString", "coordinates": [ [ -66.3646, -36.0518 ], [ -66.3834, -36.0522 ], [ -66.3884, -36.0634 ], [ -66.4143, -36.0558 ], [ -66.4332, -36.0647 ], [ -66.4312, -36.0725 ], [ -66.3715, -36.1012 ] ] } },
{ "type": "Feature", "properties": { "nombre": "Camino sin nombre", "longitud_km": 0.68 }, "geometry": { "type": "LineString", "coordinates": [ [ -63.8626, -36.1398 ], [ -63.861, -36.1458 ] ] } },
{ "type": "Feature", "properties": { "nombre": "Camino sin nombre", "longitud_km": 6.14 }, "geometry": { "type": "LineString", "coordinates": [ [ -67.0226, -36.0829 ], [ -67.0228, -36.0675 ], [ -67.0031, -36.0508 ], [ -67.0061, -36.0341 ] ] } },
{ "type": "Feature", "properties": { "nombre": "Camino sin nombre", "longitud_km": 7.03 }, "geometry": { "type": "LineString", "coordinates": [ [ -67.0726, -36.0372 ], [ -67.0635, -36.0433 ], [ -67.0395, -36.0769 ], [ -67.0226, -36.0829 ] ] } },
{ "type": "Feature", "properties": { "nombre": "Camino sin nombre", "longitud_km": 3.33 }, "geometry": { "type": "LineString", "coordinates": [ [ -63.4966, -36.1315 ], [ -63.497, -36.1472 ], [ -63.5137, -36.1522 ] ] } },
{ "type": "Feature", "properties": { "nombre": "Camino sin nombre", "longitud_km": 0.3 }, "geometry": { "type": "LineString", "coordinates": [ [ -63.5137, -36.1522 ], [ -63.5167, -36.1532 ] ] } },
{ "type": "Feature", "properties": { "nombre": "Camino sin nombre", "longitud_km": 1.13 }, "geometry": { "type": "LineString", "coordinates": [ [ -63.5245, -36.1452 ], [ -63.5167, -36.1532 ] ] } },
{ "type": "Feature", "properties": { "nombre": "Camino sin nombre", "longitud_km": 7.06 }, "geometry": { "type": "LineString", "coordinates": [ [ -65.1127, -36.1364 ], [ -65.1107, -36.0728 ] ] } },
{ "type": "Feature", "properties": { "nombre": "Camino sin nombre", "longitud_km": 1.39 }, "geometry": { "type": "LineString", "coordinates": [ [ -66.3659, -36.0967 ], [ -66.3619, -36.1087 ] ] } },
{ "type": "Feature", "properties": { "nombre": "Camino sin nombre", "longitud_km": 1.2 }, "geometry": { "type": "LineString", "coordinates": [ [ -66.3715, -36.1012 ], [ -66.3619, -36.1087 ] ] } },
{ "type": "Feature", "properties": { "nombre": "Camino sin nombre", "longitud_km": 2.57 }, "geometry": { "type": "LineString", "coordinates": [ [ -64.4424, -36.1506 ], [ -64.4423, -36.1274 ] ] } },
{ "type": "Feature", "properties": { "nombre": "Camino sin nombre", "longitud_km": 0.12 }, "geometry": { "type": "LineString", "coordinates": [ [ -64.944, -36.1437 ], [ -64.944, -36.1426 ] ] } },
{ "type": "Feature", "properties": { "nombre": "Camino sin nombre", "longitud_km": 1.99 }, "geometry": { "type": "LineString", "coordinates": [ [ -64.4424, -36.1506 ], [ -64.4205, -36.1532 ] ] } },
{ "type": "Feature", "properties": { "nombre": "Camino sin nombre", "longitud_km": 5.61 }, "geometry": { "type": "LineString", "coordinates": [ [ -65.1127, -36.1364 ], [ -65.1671, -36.1424 ], [ -65.1735, -36.1393 ] ] } },
{ "type": "Feature", "properties": { "nombre": "Camino sin nombre", "longitud_km": 8.44 }, "geometry": { "type": "LineString", "coordinates": [ [ -66.0851, -36.049 ], [ -66.0885, -36.125 ] ] } },
{ "type": "Feature", "properties": { "nombre": "Camino sin nombre", "longitud_km": 4.08 }, "geometry": { "type": "LineString", "coordinates": [ [ -66.0885, -36.125 ], [ -66.1249, -36.1179 ], [ -66.1276, -36.1119 ] ] } },
{ "type": "Feature", "properties": { "nombre": "Camino sin nombre", "longitud_km": 2.67 }, "geometry": { "type": "LineString", "coordinates": [ [ -64.9723, -36.1509 ], [ -64.944, -36.1437 ] ] } },
{ "type": "Feature", "properties": { "nombre": "Camino sin nombre", "longitud_km": 1.79 }, "geometry": { "type": "LineString", "coordinates": [ [ -63.5167, -36.1532 ], [ -63.5087, -36.168 ] ] } },
{ "type": "Feature", "properties": { "nombre": "Camino sin nombre", "longitud_km": 8.68 }, "geometry": { "type": "LineString", "coordinates": [ [ -65.6122, -36.1425 ], [ -65.6097, -36.0642 ] ] } },
{ "type": "Feature", "properties": { "nombre": "Camino sin nombre", "longitud_km": 1.14 }, "geometry": { "type": "LineString", "coordinates": [ [ -66.0885, -36.125 ], [ -66.0797, -36.1325 ] ] } },
{ "type": "Feature", "properties": { "nombre": "Camino sin nombre", "longitud_km": 2.44 }, "geometry": { "type": "LineString", "coordinates": [ [ -63.5137, -36.1522 ], [ -63.5009, -36.1716 ] ] } },
{ "type": "Feature", "properties": { "nombre": "Camino sin nombre", "longitud_km": 3.75 }, "geometry": { "type": "LineString", "coordinates": [ [ -65.6539, -36.1435 ], [ -65.6122, -36.1425 ] ] } },
{ "type": "Feature", "properties": { "nombre": "Camino sin nombre", "longitud_km": 10.96 }, "geometry": { "type": "LineString", "coordinates": [ [ -65.6539, -36.1435 ], [ -65.6546, -36.1147 ], [ -65.6638, -36.1111 ], [ -65.6654, -36.0944 ], [ -65.6583, -36.0737 ], [ -65.6444, -36.0531 ] ] } },
{ "type": "Feature", "properties": { "nombre": "Camino sin nombre", "longitud_km": 1.04 }, "geometry": { "type": "LineString", "coordinates": [ [ -65.4234, -36.158 ], [ -65.435, -36.1579 ] ] } },
{ "type": "Feature", "properties": { "nombre": "Camino sin nombre", "longitud_km": 1.13 }, "geometry": { "type": "LineString", "coordinates": [ [ -65.2895, -36.1513 ], [ -65.2794, -36.1453 ] ] } },
{ "type": "Feature", "properties": { "nombre": "Camino sin nombre", "longitud_km": 5.05 }, "geometry": { "type": "LineString", "coordinates": [ [ -65.2895, -36.1513 ], [ -65.2947, -36.1379 ], [ -65.3049, -36.1378 ], [ -65.3061, -36.1147 ] ] } },
{ "type": "Feature", "properties": { "nombre": "Camino sin nombre", "longitud_km": 3.41 }, "geometry": { "type": "LineString", "coordinates": [ [ -68.1091, -36.0657 ], [ -68.0738, -36.0544 ] ] } },
{ "type": "Feature", "properties": { "nombre": "Camino sin nombre", "longitud_km": 4.3 }, "geometry": { "type": "LineString", "coordinates": [ [ -65.7016, -36.1446 ], [ -65.6539, -36.1435 ] ] } },
{ "type": "Feature", "properties": { "nombre": "Camino sin nombre", "longitud_km": 0.64 }, "geometry": { "type": "LineString", "coordinates": [ [ -63.9492, -36.1736 ], [ -63.9424, -36.172 ] ] } },
{ "type": "Feature", "properties": { "nombre": "Camino sin nombre", "longitud_km": 3.46 }, "geometry": { "type": "LineString", "coordinates": [ [ -63.5524, -36.1451 ], [ -63.5522, -36.1763 ] ] } },
{ "type": "Feature", "properties": { "nombre": "Camino sin nombre", "longitud_km": 5.02 }, "geometry": { "type": "LineString", "coordinates": [ [ -63.6082, -36.1312 ], [ -63.6078, -36.1765 ] ] } },
{ "type": "Feature", "properties": { "nombre": "Camino sin nombre", "longitud_km": 6.97 }, "geometry": { "type": "LineString", "coordinates": [ [ -65.779, -36.1461 ], [ -65.7016, -36.1446 ] ] } },
{ "type": "Feature", "properties": { "nombre": "Camino sin nombre", "longitud_km": 9.98 }, "geometry": { "type": "LineString", "coordinates": [ [ -65.7825, -36.0563 ], [ -65.779, -36.1461 ] ] } },
{ "type": "Feature", "properties": { "nombre": "Camino sin nombre", "longitud_km": 6.89 }, "geometry": { "type": "LineString", "coordinates": [ [ -63.7193, -36.1142 ], [ -63.7195, -36.1763 ] ] } },
{ "type": "Feature", "properties": { "nombre": "Camino sin nombre", "longitud_km": 0.18 }, "geometry": { "type": "LineString", "coordinates": [ [ -65.781, -36.1462 ], [ -65.779, -36.1461 ] ] } },
{ "type": "Feature", "properties": { "nombre": "Camino sin nombre", "longitud_km": 5.25 }, "geometry": { "type": "LineString", "coordinates": [ [ -63.7708, -36.1291 ], [ -63.7708, -36.1765 ] ] } },
{ "type": "Feature", "properties": { "nombre": "Camino sin nombre", "longitud_km": 4.96 }, "geometry": { "type": "LineString", "coordinates": [ [ -64.2221, -36.1754 ], [ -64.2199, -36.1308 ] ] } },
{ "type": "Feature", "properties": { "nombre": "Camino sin nombre", "longitud_km": 5.03 }, "geometry": { "type": "LineString", "coordinates": [ [ -65.3349, -36.1596 ], [ -65.3908, -36.1589 ] ] } },
{ "type": "Feature", "properties": { "nombre": "Camino sin nombre", "longitud_km": 10.07 }, "geometry": { "type": "LineString", "coordinates": [ [ -64.1095, -36.1756 ], [ -64.1088, -36.0849 ] ] } },
{ "type": "Feature", "properties": { "nombre": "Camino sin nombre", "longitud_km": 6.84 }, "geometry": { "type": "LineString", "coordinates": [ [ -64.834, -36.1668 ], [ -64.8542, -36.1661 ], [ -64.8529, -36.1459 ], [ -64.8688, -36.1451 ], [ -64.8795, -36.1367 ] ] } },
{ "type": "Feature", "properties": { "nombre": "Camino sin nombre", "longitud_km": 4.99 }, "geometry": { "type": "LineString", "coordinates": [ [ -64.1659, -36.1754 ], [ -64.1653, -36.1304 ] ] } },
{ "type": "Feature", "properties": { "nombre": "Camino sin nombre", "longitud_km": 2.43 }, "geometry": { "type": "LineString", "coordinates": [ [ -64.4422, -36.1725 ], [ -64.4424, -36.1506 ] ] } },
{ "type": "Feature", "properties": { "nombre": "Camino sin nombre", "longitud_km": 5.65 }, "geometry": { "type": "LineString", "coordinates": [ [ -65.8437, -36.1475 ], [ -65.781, -36.1462 ] ] } },
{ "type": "Feature", "properties": { "nombre": "Camino sin nombre", "longitud_km": 10.03 }, "geometry": { "type": "LineString", "coordinates": [ [ -64.4984, -36.172 ], [ -64.4966, -36.0815 ] ] } },
{ "type": "Feature", "properties": { "nombre": "Camino sin nombre", "longitud_km": 5.06 }, "geometry": { "type": "LineString", "coordinates": [ [ -64.4984, -36.172 ], [ -64.4422, -36.1725 ] ] } },
{ "type": "Feature", "properties": { "nombre": "Camino sin nombre", "longitud_km": 5.06 }, "geometry": { "type": "LineString", "coordinates": [ [ -64.388, -36.1734 ], [ -64.3865, -36.1278 ] ] } },
{ "type": "Feature", "properties": { "nombre": "Camino sin nombre", "longitud_km": 4.88 }, "geometry": { "type": "LineString", "coordinates": [ [ -64.4422, -36.1725 ], [ -64.388, -36.1734 ] ] } },
{ "type": "Feature", "properties": { "nombre": "Camino sin nombre", "longitud_km": 4.39 }, "geometry": { "type": "LineString", "coordinates": [ [ -64.5541, -36.1714 ], [ -64.5536, -36.1318 ] ] } },
{ "type": "Feature", "properties": { "nombre": "Camino sin nombre", "longitud_km": 1.59 }, "geometry": { "type": "LineString", "coordinates": [ [ -64.6797, -36.1699 ], [ -64.6762, -36.1558 ] ] } },
{ "type": "Feature", "properties": { "nombre": "Camino sin nombre", "longitud_km": 2.41 }, "geometry": { "type": "LineString", "coordinates": [ [ -64.6797, -36.1699 ], [ -64.7065, -36.1695 ] ] } },
{ "type": "Feature", "properties": { "nombre": "Camino sin nombre", "longitud_km": 2.74 }, "geometry": { "type": "LineString", "coordinates": [ [ -64.6492, -36.1703 ], [ -64.6797, -36.1699 ] ] } },
{ "type": "Feature", "properties": { "nombre": "Camino sin nombre", "longitud_km": 5.05 }, "geometry": { "type": "LineString", "coordinates": [ [ -64.5541, -36.1714 ], [ -64.6103, -36.1709 ] ] } },
{ "type": "Feature", "properties": { "nombre": "Camino sin nombre", "longitud_km": 3.5 }, "geometry": { "type": "LineString", "coordinates": [ [ -64.6103, -36.1709 ], [ -64.6492, -36.1703 ] ] } },
{ "type": "Feature", "properties": { "nombre": "Camino sin nombre", "longitud_km": 2.96 }, "geometry": { "type": "LineString", "coordinates": [ [ -65.1127, -36.1631 ], [ -65.1127, -36.1364 ] ] } },
{ "type": "Feature", "properties": { "nombre": "Camino sin nombre", "longitud_km": 5.02 }, "geometry": { "type": "LineString", "coordinates": [ [ -64.7767, -36.1687 ], [ -64.7747, -36.1234 ] ] } },
{ "type": "Feature", "properties": { "nombre": "Camino sin nombre", "longitud_km": 5.16 }, "geometry": { "type": "LineString", "coordinates": [ [ -64.7767, -36.1687 ], [ -64.834, -36.1668 ] ] } },
{ "type": "Feature", "properties": { "nombre": "Camino sin nombre", "longitud_km": 6.32 }, "geometry": { "type": "LineString", "coordinates": [ [ -64.7065, -36.1695 ], [ -64.7767, -36.1687 ] ] } },
{ "type": "Feature", "properties": { "nombre": "Camino sin nombre", "longitud_km": 4.93 }, "geometry": { "type": "LineString", "coordinates": [ [ -64.3326, -36.1744 ], [ -64.2778, -36.1748 ] ] } },
{ "type": "Feature", "properties": { "nombre": "Camino sin nombre", "longitud_km": 5.02 }, "geometry": { "type": "LineString", "coordinates": [ [ -64.3326, -36.1744 ], [ -64.3339, -36.1292 ] ] } },
{ "type": "Feature", "properties": { "nombre": "Camino sin nombre", "longitud_km": 4.98 }, "geometry": { "type": "LineString", "coordinates": [ [ -64.388, -36.1734 ], [ -64.3326, -36.1744 ] ] } },
{ "type": "Feature", "properties": { "nombre": "Camino sin nombre", "longitud_km": 0.85 }, "geometry": { "type": "LineString", "coordinates": [ [ -65.3255, -36.1597 ], [ -65.3349, -36.1596 ] ] } },
{ "type": "Feature", "properties": { "nombre": "Camino sin nombre", "longitud_km": 5.76 }, "geometry": { "type": "LineString", "coordinates": [ [ -65.3349, -36.1596 ], [ -65.3341, -36.141 ], [ -65.3549, -36.1349 ], [ -65.3738, -36.1353 ] ] } },
{ "type": "Feature", "properties": { "nombre": "Camino sin nombre", "longitud_km": 1.11 }, "geometry": { "type": "LineString", "coordinates": [ [ -65.2945, -36.1605 ], [ -65.2895, -36.1513 ] ] } },
{ "type": "Feature", "properties": { "nombre": "Camino sin nombre", "longitud_km": 2.79 }, "geometry": { "type": "LineString", "coordinates": [ [ -65.2945, -36.1605 ], [ -65.3255, -36.1597 ] ] } },
{ "type": "Feature", "properties": { "nombre": "Camino sin nombre", "longitud_km": 1.34 }, "geometry": { "type": "LineString", "coordinates": [ [ -65.2796, -36.1608 ], [ -65.2945, -36.1605 ] ] } },
{ "type": "Feature", "properties": { "nombre": "Camino sin nombre", "longitud_km": 11.18 }, "geometry": { "type": "LineString", "coordinates": [ [ -65.2609, -36.1612 ], [ -65.2604, -36.1364 ], [ -65.2429, -36.1119 ], [ -65.2225, -36.0951 ], [ -65.2214, -36.0711 ] ] } },
{ "type": "Feature", "properties": { "nombre": "Camino sin nombre", "longitud_km": 1.68 }, "geometry": { "type": "LineString", "coordinates": [ [ -65.2609, -36.1612 ], [ -65.2796, -36.1608 ] ] } },
{ "type": "Feature", "properties": { "nombre": "Camino sin nombre", "longitud_km": 13.34 }, "geometry": { "type": "LineString", "coordinates": [ [ -65.1127, -36.1631 ], [ -65.2609, -36.1612 ] ] } },
{ "type": "Feature", "properties": { "nombre": "Camino sin nombre", "longitud_km": 2.94 }, "geometry": { "type": "LineString", "coordinates": [ [ -65.3908, -36.1589 ], [ -65.4234, -36.158 ] ] } },
{ "type": "Feature", "properties": { "nombre": "Camino sin nombre", "longitud_km": 6.07 }, "geometry": { "type": "LineString", "coordinates": [ [ -65.435, -36.1579 ], [ -65.5025, -36.1572 ] ] } },
{ "type": "Feature", "properties": { "nombre": "Camino sin nombre", "longitud_km": 5.01 }, "geometry": { "type": "LineString", "coordinates": [ [ -65.5025, -36.1572 ], [ -65.5009, -36.1121 ] ] } },
{ "type": "Feature", "properties": { "nombre": "Camino sin nombre", "longitud_km": 1.29 }, "geometry": { "type": "LineString", "coordinates": [ [ -66.0797, -36.1325 ], [ -66.0797, -36.1441 ] ] } },
{ "type": "Feature", "properties": { "nombre": "Camino sin nombre", "longitud_km": 3.61 }, "geometry": { "type": "LineString", "coordinates": [ [ -66.1472, -36.1424 ], [ -66.1071, -36.1424 ] ] } },
{ "type": "Feature", "properties": { "nombre": "Camino sin nombre", "longitud_km": 13.24 }, "geometry": { "type": "LineString", "coordinates": [ [ -66.1446, -36.0477 ], [ -66.1889, -36.1051 ], [ -66.1473, -36.1381 ], [ -66.1472, -36.1424 ] ] } },
{ "type": "Feature", "properties": { "nombre": "Camino sin nombre", "longitud_km": 5.15 }, "geometry": { "type": "LineString", "coordinates": [ [ -65.901, -36.1488 ], [ -65.8437, -36.1475 ] ] } },
{ "type": "Feature", "properties": { "nombre": "Camino sin nombre", "longitud_km": 10.03 }, "geometry": { "type": "LineString", "coordinates": [ [ -65.9044, -36.0584 ], [ -65.901, -36.1488 ] ] } },
{ "type": "Feature", "properties": { "nombre": "Camino sin nombre", "longitud_km": 2.07 }, "geometry": { "type": "LineString", "coordinates": [ [ -65.5025, -36.1572 ], [ -65.5255, -36.1573 ] ] } },
{ "type": "Feature", "properties": { "nombre": "Camino sin nombre", "longitud_km": 5.79 }, "geometry": { "type": "LineString", "coordinates": [ [ -65.5255, -36.1573 ], [ -65.5898, -36.1564 ] ] } },
{ "type": "Feature", "properties": { "nombre": "Camino sin nombre", "longitud_km": 0.72 }, "geometry": { "type": "LineString", "coordinates": [ [ -65.5898, -36.1564 ], [ -65.5979, -36.1563 ] ] } },
{ "type": "Feature", "properties": { "nombre": "Camino sin nombre", "longitud_km": 3.43 }, "geometry": { "type": "LineString", "coordinates": [ [ -65.5979, -36.1563 ], [ -65.592, -36.1257 ] ] } },
{ "type": "Feature", "properties": { "nombre": "Camino sin nombre", "longitud_km": 1.3 }, "geometry": { "type": "LineString", "coordinates": [ [ -65.5979, -36.1563 ], [ -65.6123, -36.1561 ] ] } },
{ "type": "Feature", "properties": { "nombre": "Camino sin nombre", "longitud_km": 1.51 }, "geometry": { "type": "LineString", "coordinates": [ [ -65.6123, -36.1561 ], [ -65.6122, -36.1425 ] ] } },
{ "type": "Feature", "properties": { "nombre": "Camino sin nombre", "longitud_km": 3.68 }, "geometry": { "type": "LineString", "coordinates": [ [ -66.0797, -36.1325 ], [ -66.0554, -36.1509 ], [ -66.0478, -36.1517 ] ] } },
{ "type": "Feature", "properties": { "nombre": "Camino sin nombre", "longitud_km": 3.15 }, "geometry": { "type": "LineString", "coordinates": [ [ -64.944, -36.1437 ], [ -64.9454, -36.172 ] ] } },
{ "type": "Feature", "properties": { "nombre": "Camino sin nombre", "longitud_km": 8.38 }, "geometry": { "type": "LineString", "coordinates": [ [ -67.2509, -36.0392 ], [ -67.2563, -36.0427 ], [ -67.2551, -36.1127 ] ] } },
{ "type": "Feature", "properties": { "nombre": "Camino sin nombre", "longitud_km": 9.82 }, "geometry": { "type": "LineString", "coordinates": [ [ -67.3008, -36.0392 ], [ -67.3009, -36.0489 ], [ -67.2831, -36.0786 ], [ -67.2671, -36.0821 ], [ -67.2634, -36.0871 ], [ -67.2551, -36.1127 ] ] } },
{ "type": "Feature", "properties": { "nombre": "Camino sin nombre", "longitud_km": 13.22 }, "geometry": { "type": "LineString", "coordinates": [ [ -66.0478, -36.1517 ], [ -65.901, -36.1488 ] ] } },
{ "type": "Feature", "properties": { "nombre": "Camino sin nombre", "longitud_km": 7.78 }, "geometry": { "type": "LineString", "coordinates": [ [ -65.0011, -36.1731 ], [ -65.0001, -36.1305 ], [ -64.9904, -36.1132 ], [ -64.9804, -36.1109 ] ] } },
{ "type": "Feature", "properties": { "nombre": "Camino sin nombre", "longitud_km": 1.71 }, "geometry": { "type": "LineString", "coordinates": [ [ -64.9454, -36.172 ], [ -64.9268, -36.1754 ] ] } },
{ "type": "Feature", "properties": { "nombre": "Camino sin nombre", "longitud_km": 1.06 }, "geometry": { "type": "LineString", "coordinates": [ [ -64.777, -36.1782 ], [ -64.7767, -36.1687 ] ] } },
{ "type": "Feature", "properties": { "nombre": "Camino sin nombre", "longitud_km": 5.01 }, "geometry": { "type": "LineString", "coordinates": [ [ -67.0226, -36.0829 ], [ -67.0142, -36.0918 ], [ -67.0209, -36.1069 ], [ -67.0158, -36.1242 ] ] } },
{ "type": "Feature", "properties": { "nombre": "Camino sin nombre", "longitud_km": 8.61 }, "geometry": { "type": "LineString", "coordinates": [ [ -67.0158, -36.1242 ], [ -67.0667, -36.1196 ], [ -67.0725, -36.0976 ], [ -67.0672, -36.0847 ] ] } },
{ "type": "Feature", "properties": { "nombre": "Camino sin nombre", "longitud_km": 4.77 }, "geometry": { "type": "LineString", "coordinates": [ [ -64.5334, -36.1865 ], [ -64.5244, -36.182 ], [ -64.5245, -36.1716 ], [ -64.5541, -36.1714 ] ] } },
{ "type": "Feature", "properties": { "nombre": "Camino sin nombre", "longitud_km": 12.57 }, "geometry": { "type": "LineString", "coordinates": [ [ -67.244, -36.1216 ], [ -67.2165, -36.1088 ], [ -67.1962, -36.1052 ], [ -67.1794, -36.1083 ], [ -67.1324, -36.087 ], [ -67.1168, -36.0901 ] ] } },
{ "type": "Feature", "properties": { "nombre": "Camino sin nombre", "longitud_km": 1.41 }, "geometry": { "type": "LineString", "coordinates": [ [ -67.2551, -36.1127 ], [ -67.244, -36.1216 ] ] } },
{ "type": "Feature", "properties": { "nombre": "Camino sin nombre", "longitud_km": 1.15 }, "geometry": { "type": "LineString", "coordinates": [ [ -67.2552, -36.1265 ], [ -67.244, -36.1216 ] ] } },
{ "type": "Feature", "properties": { "nombre": "Camino sin nombre", "longitud_km": 1.54 }, "geometry": { "type": "LineString", "coordinates": [ [ -67.2551, -36.1127 ], [ -67.2552, -36.1265 ] ] } },
{ "type": "Feature", "properties": { "nombre": "Camino sin nombre", "longitud_km": 1.36 }, "geometry": { "type": "LineString", "coordinates": [ [ -64.4996, -36.2622 ], [ -64.5148, -36.2618 ] ] } },
{ "type": "Feature", "properties": { "nombre": "Camino sin nombre", "longitud_km": 5.12 }, "geometry": { "type": "LineString", "coordinates": [ [ -64.6492, -36.1703 ], [ -64.6487, -36.1846 ], [ -64.6104, -36.1919 ] ] } },
{ "type": "Feature", "properties": { "nombre": "Camino sin nombre", "longitud_km": 3.18 }, "geometry": { "type": "LineString", "coordinates": [ [ -63.3852, -36.2056 ], [ -63.385, -36.1769 ] ] } },
{ "type": "Feature", "properties": { "nombre": "Camino sin nombre", "longitud_km": 3.07 }, "geometry": { "type": "LineString", "coordinates": [ [ -64.7023, -36.1959 ], [ -64.7019, -36.1741 ], [ -64.7065, -36.1695 ] ] } },
{ "type": "Feature", "properties": { "nombre": "Camino sin nombre", "longitud_km": 8.02 }, "geometry": { "type": "LineString", "coordinates": [ [ -64.2225, -36.203 ], [ -64.1667, -36.2024 ], [ -64.1659, -36.1754 ] ] } },
{ "type": "Feature", "properties": { "nombre": "Camino sin nombre", "longitud_km": 3.06 }, "geometry": { "type": "LineString", "coordinates": [ [ -64.2225, -36.203 ], [ -64.2221, -36.1754 ] ] } },
{ "type": "Feature", "properties": { "nombre": "Camino sin nombre", "longitud_km": 0.45 }, "geometry": { "type": "LineString", "coordinates": [ [ -64.2274, -36.2029 ], [ -64.2225, -36.203 ] ] } },
{ "type": "Feature", "properties": { "nombre": "Camino sin nombre", "longitud_km": 4.56 }, "geometry": { "type": "LineString", "coordinates": [ [ -64.2781, -36.2019 ], [ -64.2274, -36.2029 ] ] } },
{ "type": "Feature", "properties": { "nombre": "Camino sin nombre", "longitud_km": 1.99 }, "geometry": { "type": "LineString", "coordinates": [ [ -64.7023, -36.1959 ], [ -64.6802, -36.1973 ] ] } },
{ "type": "Feature", "properties": { "nombre": "Camino sin nombre", "longitud_km": 6.39 }, "geometry": { "type": "LineString", "coordinates": [ [ -65.781, -36.1462 ], [ -65.8219, -36.1623 ], [ -65.8207, -36.1716 ], [ -65.8315, -36.1787 ] ] } },
{ "type": "Feature", "properties": { "nombre": "Camino sin nombre", "longitud_km": 3.8 }, "geometry": { "type": "LineString", "coordinates": [ [ -65.8437, -36.1475 ], [ -65.851, -36.1812 ] ] } },
{ "type": "Feature", "properties": { "nombre": "Camino sin nombre", "longitud_km": 13.76 }, "geometry": { "type": "LineString", "coordinates": [ [ -65.0576, -36.1979 ], [ -65.0549, -36.0739 ] ] } },
{ "type": "Feature", "properties": { "nombre": "Camino sin nombre", "longitud_km": 3.47 }, "geometry": { "type": "LineString", "coordinates": [ [ -65.6128, -36.1873 ], [ -65.6123, -36.1561 ] ] } },
{ "type": "Feature", "properties": { "nombre": "Camino sin nombre", "longitud_km": 8.6 }, "geometry": { "type": "LineString", "coordinates": [ [ -64.032, -36.2115 ], [ -63.9705, -36.179 ], [ -63.9492, -36.1736 ] ] } },
{ "type": "Feature", "properties": { "nombre": "Camino sin nombre", "longitud_km": 6.49 }, "geometry": { "type": "LineString", "coordinates": [ [ -65.7016, -36.1446 ], [ -65.7028, -36.1731 ], [ -65.669, -36.1854 ] ] } },
{ "type": "Feature", "properties": { "nombre": "Camino sin nombre", "longitud_km": 4.05 }, "geometry": { "type": "LineString", "coordinates": [ [ -65.3838, -36.193 ], [ -65.3821, -36.1685 ], [ -65.3908, -36.1589 ] ] } },
{ "type": "Feature", "properties": { "nombre": "Camino sin nombre", "longitud_km": 3.87 }, "geometry": { "type": "LineString", "coordinates": [ [ -65.3264, -36.1946 ], [ -65.3255, -36.1597 ] ] } },
{ "type": "Feature", "properties": { "nombre": "Camino sin nombre", "longitud_km": 11.85 }, "geometry": { "type": "LineString", "coordinates": [ [ -67.3643, -36.1388 ], [ -67.3743, -36.1019 ], [ -67.3548, -36.0853 ], [ -67.3551, -36.0392 ] ] } },
{ "type": "Feature", "properties": { "nombre": "Camino sin nombre", "longitud_km": 11.73 }, "geometry": { "type": "LineString", "coordinates": [ [ -67.4788, -36.1354 ], [ -67.4817, -36.0918 ], [ -67.4654, -36.0877 ], [ -67.4662, -36.0396 ] ] } },
{ "type": "Feature", "properties": { "nombre": "Camino sin nombre", "longitud_km": 4.98 }, "geometry": { "type": "LineString", "coordinates": [ [ -64.3326, -36.1744 ], [ -64.334, -36.2193 ] ] } },
{ "type": "Feature", "properties": { "nombre": "Camino sin nombre", "longitud_km": 6.19 }, "geometry": { "type": "LineString", "coordinates": [ [ -65.0906, -36.2012 ], [ -65.0902, -36.1637 ], [ -65.1127, -36.1631 ] ] } },
{ "type": "Feature", "properties": { "nombre": "Camino sin nombre", "longitud_km": 10.37 }, "geometry": { "type": "LineString", "coordinates": [ [ -67.4788, -36.1354 ], [ -67.4332, -36.1381 ], [ -67.4002, -36.1345 ], [ -67.3643, -36.1388 ] ] } },
{ "type": "Feature", "properties": { "nombre": "Camino sin nombre", "longitud_km": 1.45 }, "geometry": { "type": "LineString", "coordinates": [ [ -65.8315, -36.1787 ], [ -65.8443, -36.1867 ] ] } },
{ "type": "Feature", "properties": { "nombre": "Camino sin nombre", "longitud_km": 0.86 }, "geometry": { "type": "LineString", "coordinates": [ [ -65.851, -36.1812 ], [ -65.8443, -36.1867 ] ] } },
{ "type": "Feature", "properties": { "nombre": "Camino sin nombre", "longitud_km": 5.33 }, "geometry": { "type": "LineString", "coordinates": [ [ -65.669, -36.1854 ], [ -65.6603, -36.1914 ], [ -65.6128, -36.1873 ] ] } },
{ "type": "Feature", "properties": { "nombre": "Camino sin nombre", "longitud_km": 5.22 }, "geometry": { "type": "LineString", "coordinates": [ [ -65.5898, -36.1564 ], [ -65.5733, -36.1609 ], [ -65.5814, -36.1932 ] ] } },
{ "type": "Feature", "properties": { "nombre": "Camino sin nombre", "longitud_km": 0.74 }, "geometry": { "type": "LineString", "coordinates": [ [ -65.6131, -36.194 ], [ -65.6128, -36.1873 ] ] } },
{ "type": "Feature", "properties": { "nombre": "Camino sin nombre", "longitud_km": 7.72 }, "geometry": { "type": "LineString", "coordinates": [ [ -63.3857, -36.2225 ], [ -63.4716, -36.2221 ] ] } },
{ "type": "Feature", "properties": { "nombre": "Camino sin nombre", "longitud_km": 1.87 }, "geometry": { "type": "LineString", "coordinates": [ [ -63.3857, -36.2225 ], [ -63.3852, -36.2056 ] ] } },
{ "type": "Feature", "properties": { "nombre": "Camino sin nombre", "longitud_km": 11.21 }, "geometry": { "type": "LineString", "coordinates": [ [ -64.9268, -36.1754 ], [ -64.9069, -36.174 ], [ -64.9021, -36.1654 ], [ -64.8914, -36.1653 ], [ -64.8748, -36.1852 ], [ -64.8513, -36.1951 ], [ -64.8413, -36.209 ], [ -64.835, -36.2097 ] ] } },
{ "type": "Feature", "properties": { "nombre": "Camino sin nombre", "longitud_km": 5.02 }, "geometry": { "type": "LineString", "coordinates": [ [ -64.3879, -36.2187 ], [ -64.388, -36.1734 ] ] } },
{ "type": "Feature", "properties": { "nombre": "Camino sin nombre", "longitud_km": 1.59 }, "geometry": { "type": "LineString", "coordinates": [ [ -65.8443, -36.1867 ], [ -65.828, -36.1923 ] ] } },
{ "type": "Feature", "properties": { "nombre": "Camino sin nombre", "longitud_km": 5.0 }, "geometry": { "type": "LineString", "coordinates": [ [ -64.4429, -36.2176 ], [ -64.4422, -36.1725 ] ] } },
{ "type": "Feature", "properties": { "nombre": "Camino sin nombre", "longitud_km": 4.98 }, "geometry": { "type": "LineString", "coordinates": [ [ -64.5548, -36.2163 ], [ -64.5541, -36.1714 ] ] } },
{ "type": "Feature", "properties": { "nombre": "Camino sin nombre", "longitud_km": 1.35 }, "geometry": { "type": "LineString", "coordinates": [ [ -64.5469, -36.2042 ], [ -64.547, -36.2164 ] ] } },
{ "type": "Feature", "properties": { "nombre": "Camino sin nombre", "longitud_km": 1.62 }, "geometry": { "type": "LineString", "coordinates": [ [ -64.5892, -36.2014 ], [ -64.5924, -36.2158 ] ] } },
{ "type": "Feature", "properties": { "nombre": "Camino sin nombre", "longitud_km": 5.0 }, "geometry": { "type": "LineString", "coordinates": [ [ -64.4989, -36.217 ], [ -64.4984, -36.172 ] ] } },
{ "type": "Feature", "properties": { "nombre": "Camino sin nombre", "longitud_km": 2.02 }, "geometry": { "type": "LineString", "coordinates": [ [ -64.3508, -36.219 ], [ -64.3502, -36.2008 ] ] } },
{ "type": "Feature", "properties": { "nombre": "Camino sin nombre", "longitud_km": 2.12 }, "geometry": { "type": "LineString", "coordinates": [ [ -64.375, -36.2188 ], [ -64.3745, -36.1996 ] ] } },
{ "type": "Feature", "properties": { "nombre": "Camino sin nombre", "longitud_km": 2.15 }, "geometry": { "type": "LineString", "coordinates": [ [ -64.7026, -36.2152 ], [ -64.7023, -36.1959 ] ] } },
{ "type": "Feature", "properties": { "nombre": "Camino sin nombre", "longitud_km": 2.34 }, "geometry": { "type": "LineString", "coordinates": [ [ -64.054, -36.2227 ], [ -64.032, -36.2115 ] ] } },
{ "type": "Feature", "properties": { "nombre": "Camino sin nombre", "longitud_km": 5.17 }, "geometry": { "type": "LineString", "coordinates": [ [ -64.0535, -36.1761 ], [ -64.054, -36.2227 ] ] } },
{ "type": "Feature", "properties": { "nombre": "Camino sin nombre", "longitud_km": 6.99 }, "geometry": { "type": "LineString", "coordinates": [ [ -64.7216, -36.2151 ], [ -64.742, -36.1985 ], [ -64.7502, -36.1824 ], [ -64.777, -36.1782 ] ] } },
{ "type": "Feature", "properties": { "nombre": "Camino sin nombre", "longitud_km": 5.14 }, "geometry": { "type": "LineString", "coordinates": [ [ -65.435, -36.1579 ], [ -65.4362, -36.2042 ] ] } },
{ "type": "Feature", "properties": { "nombre": "Camino sin nombre", "longitud_km": 1.41 }, "geometry": { "type": "LineString", "coordinates": [ [ -67.3671, -36.1499 ], [ -67.3634, -36.1477 ], [ -67.3643, -36.1388 ] ] } },
{ "type": "Feature", "properties": { "nombre": "Camino sin nombre", "longitud_km": 5.09 }, "geometry": { "type": "LineString", "coordinates": [ [ -64.1104, -36.2259 ], [ -64.054, -36.2227 ] ] } },
{ "type": "Feature", "properties": { "nombre": "Camino sin nombre", "longitud_km": 0.26 }, "geometry": { "type": "LineString", "coordinates": [ [ -64.9475, -36.2191 ], [ -64.9476, -36.2215 ] ] } },
{ "type": "Feature", "properties": { "nombre": "Camino sin nombre", "longitud_km": 4.96 }, "geometry": { "type": "LineString", "coordinates": [ [ -64.1656, -36.2256 ], [ -64.1104, -36.2259 ] ] } },
{ "type": "Feature", "properties": { "nombre": "Camino sin nombre", "longitud_km": 2.45 }, "geometry": { "type": "LineString", "coordinates": [ [ -64.2274, -36.2029 ], [ -64.227, -36.225 ] ] } },
{ "type": "Feature", "properties": { "nombre": "Camino sin nombre", "longitud_km": 4.58 }, "geometry": { "type": "LineString", "coordinates": [ [ -64.278, -36.2245 ], [ -64.227, -36.225 ] ] } },
{ "type": "Feature", "properties": { "nombre": "Camino sin nombre", "longitud_km": 5.52 }, "geometry": { "type": "LineString", "coordinates": [ [ -64.227, -36.225 ], [ -64.1656, -36.2256 ] ] } },
{ "type": "Feature", "properties": { "nombre": "Camino sin nombre", "longitud_km": 4.63 }, "geometry": { "type": "LineString", "coordinates": [ [ -65.0039, -36.1749 ], [ -64.9982, -36.1971 ], [ -65.0023, -36.2159 ] ] } },
{ "type": "Feature", "properties": { "nombre": "Camino sin nombre", "longitud_km": 4.28 }, "geometry": { "type": "LineString", "coordinates": [ [ -65.4475, -36.209 ], [ -65.4509, -36.1926 ], [ -65.4711, -36.1778 ] ] } },
{ "type": "Feature", "properties": { "nombre": "Camino sin nombre", "longitud_km": 4.9 }, "geometry": { "type": "LineString", "coordinates": [ [ -66.0478, -36.1517 ], [ -66.0455, -36.1959 ] ] } },
{ "type": "Feature", "properties": { "nombre": "Camino sin nombre", "longitud_km": 5.23 }, "geometry": { "type": "LineString", "coordinates": [ [ -64.9454, -36.172 ], [ -64.9475, -36.2191 ] ] } },
{ "type": "Feature", "properties": { "nombre": "Camino sin nombre", "longitud_km": 5.93 }, "geometry": { "type": "LineString", "coordinates": [ [ -64.9475, -36.2191 ], [ -64.9749, -36.219 ], [ -64.9749, -36.2123 ], [ -64.9863, -36.209 ], [ -65.0023, -36.2159 ] ] } },
{ "type": "Feature", "properties": { "nombre": "Camino sin nombre", "longitud_km": 17.69 }, "geometry": { "type": "LineString", "coordinates": [ [ -65.851, -36.1812 ], [ -65.9443, -36.19 ], [ -65.9819, -36.1986 ], [ -66.0455, -36.1959 ] ] } },
{ "type": "Feature", "properties": { "nombre": "Camino sin nombre", "longitud_km": 1.12 }, "geometry": { "type": "LineString", "coordinates": [ [ -64.6494, -36.2256 ], [ -64.6495, -36.2155 ] ] } },
{ "type": "Feature", "properties": { "nombre": "Camino sin nombre", "longitud_km": 6.41 }, "geometry": { "type": "LineString", "coordinates": [ [ -64.9268, -36.1754 ], [ -64.9335, -36.1948 ], [ -64.9332, -36.1992 ], [ -64.9284, -36.1994 ], [ -64.9306, -36.2119 ], [ -64.9476, -36.2215 ] ] } },
{ "type": "Feature", "properties": { "nombre": "Camino sin nombre", "longitud_km": 9.58 }, "geometry": { "type": "LineString", "coordinates": [ [ -67.354, -36.1588 ], [ -67.2552, -36.1265 ] ] } },
{ "type": "Feature", "properties": { "nombre": "Camino sin nombre", "longitud_km": 1.54 }, "geometry": { "type": "LineString", "coordinates": [ [ -67.3671, -36.1499 ], [ -67.354, -36.1588 ] ] } },
{ "type": "Feature", "properties": { "nombre": "Camino sin nombre", "longitud_km": 11.51 }, "geometry": { "type": "LineString", "coordinates": [ [ -66.3715, -36.1012 ], [ -66.42, -36.149 ], [ -66.421, -36.1908 ] ] } },
{ "type": "Feature", "properties": { "nombre": "Camino sin nombre", "longitud_km": 1.31 }, "geometry": { "type": "LineString", "coordinates": [ [ -64.2781, -36.233 ], [ -64.2926, -36.2342 ] ] } },
{ "type": "Feature", "properties": { "nombre": "Camino sin nombre", "longitud_km": 18.92 }, "geometry": { "type": "LineString", "coordinates": [ [ -66.5127, -36.0729 ], [ -66.552, -36.1215 ], [ -66.5979, -36.155 ], [ -66.6029, -36.1781 ], [ -66.6488, -36.1894 ] ] } },
{ "type": "Feature", "properties": { "nombre": "Camino sin nombre", "longitud_km": 6.96 }, "geometry": { "type": "LineString", "coordinates": [ [ -66.6488, -36.1894 ], [ -66.6471, -36.1696 ], [ -66.6764, -36.1339 ] ] } },
{ "type": "Feature", "properties": { "nombre": "Camino sin nombre", "longitud_km": 3.08 }, "geometry": { "type": "LineString", "coordinates": [ [ -65.198, -36.2262 ], [ -65.1926, -36.1988 ] ] } },
{ "type": "Feature", "properties": { "nombre": "Camino sin nombre", "longitud_km": 6.25 }, "geometry": { "type": "LineString", "coordinates": [ [ -64.7785, -36.2345 ], [ -64.777, -36.1782 ] ] } },
{ "type": "Feature", "properties": { "nombre": "Camino sin nombre", "longitud_km": 3.58 }, "geometry": { "type": "LineString", "coordinates": [ [ -65.0585, -36.2301 ], [ -65.0576, -36.1979 ] ] } },
{ "type": "Feature", "properties": { "nombre": "Camino sin nombre", "longitud_km": 5.97 }, "geometry": { "type": "LineString", "coordinates": [ [ -65.6664, -36.2177 ], [ -65.6855, -36.2179 ], [ -65.6755, -36.1985 ], [ -65.6788, -36.192 ], [ -65.669, -36.1854 ] ] } },
{ "type": "Feature", "properties": { "nombre": "Camino sin nombre", "longitud_km": 5.54 }, "geometry": { "type": "LineString", "coordinates": [ [ -65.0023, -36.2159 ], [ -65.0314, -36.2309 ], [ -65.0585, -36.2301 ] ] } },
{ "type": "Feature", "properties": { "nombre": "Camino sin nombre", "longitud_km": 2.37 }, "geometry": { "type": "LineString", "coordinates": [ [ -64.6802, -36.2153 ], [ -64.6806, -36.2367 ] ] } },
{ "type": "Feature", "properties": { "nombre": "Camino sin nombre", "longitud_km": 1.44 }, "geometry": { "type": "LineString", "coordinates": [ [ -66.421, -36.1908 ], [ -66.4113, -36.2012 ] ] } },
{ "type": "Feature", "properties": { "nombre": "Camino sin nombre", "longitud_km": 2.83 }, "geometry": { "type": "LineString", "coordinates": [ [ -64.334, -36.2193 ], [ -64.3337, -36.2448 ] ] } },
{ "type": "Feature", "properties": { "nombre": "Camino sin nombre", "longitud_km": 0.96 }, "geometry": { "type": "LineString", "coordinates": [ [ -64.3337, -36.2448 ], [ -64.3443, -36.2444 ] ] } },
{ "type": "Feature", "properties": { "nombre": "Camino sin nombre", "longitud_km": 10.02 }, "geometry": { "type": "LineString", "coordinates": [ [ -63.9428, -36.2486 ], [ -63.8313, -36.2489 ] ] } },
{ "type": "Feature", "properties": { "nombre": "Camino sin nombre", "longitud_km": 9.94 }, "geometry": { "type": "LineString", "coordinates": [ [ -63.5807, -36.252 ], [ -63.5636, -36.2521 ], [ -63.5634, -36.1763 ] ] } },
{ "type": "Feature", "properties": { "nombre": "Camino sin nombre", "longitud_km": 12.56 }, "geometry": { "type": "LineString", "coordinates": [ [ -63.7204, -36.2521 ], [ -63.5807, -36.252 ] ] } },
{ "type": "Feature", "properties": { "nombre": "Camino sin nombre", "longitud_km": 8.42 }, "geometry": { "type": "LineString", "coordinates": [ [ -63.7195, -36.1763 ], [ -63.7204, -36.2521 ] ] } },
{ "type": "Feature", "properties": { "nombre": "Camino sin nombre", "longitud_km": 6.22 }, "geometry": { "type": "LineString", "coordinates": [ [ -63.7897, -36.2521 ], [ -63.7204, -36.2521 ] ] } },
{ "type": "Feature", "properties": { "nombre": "Camino sin nombre", "longitud_km": 3.74 }, "geometry": { "type": "LineString", "coordinates": [ [ -63.7897, -36.2521 ], [ -63.8313, -36.2519 ] ] } },
{ "type": "Feature", "properties": { "nombre": "Camino sin nombre", "longitud_km": 6.3 }, "geometry": { "type": "LineString", "coordinates": [ [ -66.4869, -36.2046 ], [ -66.4607, -36.1997 ], [ -66.4371, -36.1893 ], [ -66.421, -36.1908 ] ] } },
{ "type": "Feature", "properties": { "nombre": "Camino sin nombre", "longitud_km": 15.56 }, "geometry": { "type": "LineString", "coordinates": [ [ -66.5127, -36.0729 ], [ -66.4981, -36.0826 ], [ -66.4921, -36.0955 ], [ -66.4919, -36.1491 ], [ -66.4842, -36.158 ], [ -66.4869, -36.2046 ] ] } },
{ "type": "Feature", "properties": { "nombre": "Camino sin nombre", "longitud_km": 8.86 }, "geometry": { "type": "LineString", "coordinates": [ [ -67.0158, -36.1242 ], [ -66.9732, -36.1613 ], [ -66.9681, -36.1901 ] ] } },
{ "type": "Feature", "properties": { "nombre": "Camino sin nombre", "longitud_km": 12.95 }, "geometry": { "type": "LineString", "coordinates": [ [ -66.3619, -36.1087 ], [ -66.3366, -36.1249 ], [ -66.3393, -36.1582 ], [ -66.3293, -36.1775 ], [ -66.3247, -36.2136 ] ] } },
{ "type": "Feature", "properties": { "nombre": "Camino sin nombre", "longitud_km": 6.36 }, "geometry": { "type": "LineString", "coordinates": [ [ -64.835, -36.2119 ], [ -64.8091, -36.2144 ], [ -64.8072, -36.2262 ], [ -64.8, -36.2265 ], [ -64.8043, -36.2446 ] ] } },
{ "type": "Feature", "properties": { "nombre": "Camino sin nombre", "longitud_km": 8.06 }, "geometry": { "type": "LineString", "coordinates": [ [ -66.4113, -36.2012 ], [ -66.3844, -36.2117 ], [ -66.3247, -36.2136 ] ] } },
{ "type": "Feature", "properties": { "nombre": "Camino sin nombre", "longitud_km": 11.99 }, "geometry": { "type": "LineString", "coordinates": [ [ -63.5805, -36.2672 ], [ -63.447, -36.2668 ] ] } },
{ "type": "Feature", "properties": { "nombre": "Camino sin nombre", "longitud_km": 1.68 }, "geometry": { "type": "LineString", "coordinates": [ [ -63.5805, -36.2672 ], [ -63.5807, -36.252 ] ] } },
{ "type": "Feature", "properties": { "nombre": "Camino sin nombre", "longitud_km": 7.44 }, "geometry": { "type": "LineString", "coordinates": [ [ -66.7256, -36.1435 ], [ -66.729, -36.2105 ] ] } },
{ "type": "Feature", "properties": { "nombre": "Camino sin nombre", "longitud_km": 5.16 }, "geometry": { "type": "LineString", "coordinates": [ [ -63.3855, -36.269 ], [ -63.3857, -36.2225 ] ] } },
{ "type": "Feature", "properties": { "nombre": "Camino sin nombre", "longitud_km": 7.49 }, "geometry": { "type": "LineString", "coordinates": [ [ -67.2552, -36.1265 ], [ -67.2544, -36.194 ] ] } },
{ "type": "Feature", "properties": { "nombre": "Camino sin nombre", "longitud_km": 8.19 }, "geometry": { "type": "LineString", "coordinates": [ [ -67.244, -36.1216 ], [ -67.2419, -36.1474 ], [ -67.2524, -36.1946 ] ] } },
{ "type": "Feature", "properties": { "nombre": "Camino sin nombre", "longitud_km": 0.19 }, "geometry": { "type": "LineString", "coordinates": [ [ -67.2544, -36.194 ], [ -67.2524, -36.1946 ] ] } },
{ "type": "Feature", "properties": { "nombre": "Camino sin nombre", "longitud_km": 2.85 }, "geometry": { "type": "LineString", "coordinates": [ [ -66.9681, -36.1901 ], [ -66.9792, -36.1907 ], [ -66.9919, -36.2038 ] ] } },
{ "type": "Feature", "properties": { "nombre": "Camino sin nombre", "longitud_km": 23.38 }, "geometry": { "type": "LineString", "coordinates": [ [ -67.1454, -36.0351 ], [ -67.0202, -36.1849 ], [ -66.9919, -36.2038 ] ] } },
{ "type": "Feature", "properties": { "nombre": "Camino sin nombre", "longitud_km": 3.32 }, "geometry": { "type": "LineString", "coordinates": [ [ -66.729, -36.2105 ], [ -66.7659, -36.2113 ] ] } },
{ "type": "Feature", "properties": { "nombre": "Camino sin nombre", "longitud_km": 11.07 }, "geometry": { "type": "LineString", "coordinates": [ [ -65.5097, -36.2443 ], [ -65.5108, -36.2184 ], [ -65.5246, -36.2142 ], [ -65.5194, -36.1927 ], [ -65.5226, -36.1717 ], [ -65.5278, -36.1718 ], [ -65.5255, -36.1573 ] ] } },
{ "type": "Feature", "properties": { "nombre": "Camino sin nombre", "longitud_km": 3.7 }, "geometry": { "type": "LineString", "coordinates": [ [ -64.9476, -36.2215 ], [ -64.9505, -36.2548 ] ] } },
{ "type": "Feature", "properties": { "nombre": "Camino sin nombre", "longitud_km": 12.02 }, "geometry": { "type": "LineString", "coordinates": [ [ -64.0543, -36.2664 ], [ -63.9987, -36.2667 ], [ -63.9984, -36.2485 ], [ -63.9428, -36.2486 ] ] } },
{ "type": "Feature", "properties": { "nombre": "Camino sin nombre", "longitud_km": 4.85 }, "geometry": { "type": "LineString", "coordinates": [ [ -64.054, -36.2227 ], [ -64.0543, -36.2664 ] ] } },
{ "type": "Feature", "properties": { "nombre": "Camino sin nombre", "longitud_km": 1.86 }, "geometry": { "type": "LineString", "coordinates": [ [ -63.7204, -36.2521 ], [ -63.72, -36.2689 ] ] } },
{ "type": "Feature", "properties": { "nombre": "Camino sin nombre", "longitud_km": 2.59 }, "geometry": { "type": "LineString", "coordinates": [ [ -65.0592, -36.2534 ], [ -65.0585, -36.2301 ] ] } },
{ "type": "Feature", "properties": { "nombre": "Camino sin nombre", "longitud_km": 4.94 }, "geometry": { "type": "LineString", "coordinates": [ [ -64.3878, -36.2632 ], [ -64.3879, -36.2187 ] ] } },
{ "type": "Feature", "properties": { "nombre": "Camino sin nombre", "longitud_km": 0.02 }, "geometry": { "type": "LineString", "coordinates": [ [ -65.0592, -36.2536 ], [ -65.0592, -36.2534 ] ] } },
{ "type": "Feature", "properties": { "nombre": "Camino sin nombre", "longitud_km": 5.01 }, "geometry": { "type": "LineString", "coordinates": [ [ -64.4437, -36.2627 ], [ -64.4429, -36.2176 ] ] } },
{ "type": "Feature", "properties": { "nombre": "Camino sin nombre", "longitud_km": 3.03 }, "geometry": { "type": "LineString", "coordinates": [ [ -64.5148, -36.2618 ], [ -64.5484, -36.2614 ] ] } },
{ "type": "Feature", "properties": { "nombre": "Camino sin nombre", "longitud_km": 5.0 }, "geometry": { "type": "LineString", "coordinates": [ [ -64.5484, -36.2614 ], [ -64.5475, -36.2164 ] ] } },
{ "type": "Feature", "properties": { "nombre": "Camino sin nombre", "longitud_km": 0.63 }, "geometry": { "type": "LineString", "coordinates": [ [ -64.5484, -36.2614 ], [ -64.5554, -36.2614 ] ] } },
{ "type": "Feature", "properties": { "nombre": "Camino sin nombre", "longitud_km": 11.8 }, "geometry": { "type": "LineString", "coordinates": [ [ -67.354, -36.1588 ], [ -67.3497, -36.1631 ], [ -67.3529, -36.1789 ], [ -67.3067, -36.1819 ], [ -67.282, -36.1896 ], [ -67.2791, -36.1949 ], [ -67.2544, -36.194 ] ] } },
{ "type": "Feature", "properties": { "nombre": "Camino sin nombre", "longitud_km": 2.15 }, "geometry": { "type": "LineString", "coordinates": [ [ -64.3337, -36.2448 ], [ -64.3329, -36.2642 ] ] } },
{ "type": "Feature", "properties": { "nombre": "Camino sin nombre", "longitud_km": 4.93 }, "geometry": { "type": "LineString", "coordinates": [ [ -64.3878, -36.2632 ], [ -64.3329, -36.2642 ] ] } },
{ "type": "Feature", "properties": { "nombre": "Camino sin nombre", "longitud_km": 5.02 }, "geometry": { "type": "LineString", "coordinates": [ [ -64.4437, -36.2627 ], [ -64.3878, -36.2632 ] ] } },
{ "type": "Feature", "properties": { "nombre": "Camino sin nombre", "longitud_km": 5.03 }, "geometry": { "type": "LineString", "coordinates": [ [ -64.4996, -36.2622 ], [ -64.4437, -36.2627 ] ] } },
{ "type": "Feature", "properties": { "nombre": "Camino sin nombre", "longitud_km": 5.0 }, "geometry": { "type": "LineString", "coordinates": [ [ -64.6116, -36.2609 ], [ -64.6105, -36.2158 ] ] } },
{ "type": "Feature", "properties": { "nombre": "Camino sin nombre", "longitud_km": 0.12 }, "geometry": { "type": "LineString", "coordinates": [ [ -64.6116, -36.2609 ], [ -64.613, -36.2609 ] ] } },
{ "type": "Feature", "properties": { "nombre": "Camino sin nombre", "longitud_km": 5.05 }, "geometry": { "type": "LineString", "coordinates": [ [ -64.5554, -36.2614 ], [ -64.6116, -36.2609 ] ] } },
{ "type": "Feature", "properties": { "nombre": "Camino sin nombre", "longitud_km": 4.91 }, "geometry": { "type": "LineString", "coordinates": [ [ -64.7228, -36.2594 ], [ -64.7216, -36.2151 ] ] } },
{ "type": "Feature", "properties": { "nombre": "Camino sin nombre", "longitud_km": 5.03 }, "geometry": { "type": "LineString", "coordinates": [ [ -64.7228, -36.2594 ], [ -64.7788, -36.2588 ] ] } },
{ "type": "Feature", "properties": { "nombre": "Camino sin nombre", "longitud_km": 2.69 }, "geometry": { "type": "LineString", "coordinates": [ [ -64.7788, -36.2588 ], [ -64.7785, -36.2345 ] ] } },
{ "type": "Feature", "properties": { "nombre": "Camino sin nombre", "longitud_km": 5.07 }, "geometry": { "type": "LineString", "coordinates": [ [ -64.1108, -36.2668 ], [ -64.0543, -36.2664 ] ] } },
{ "type": "Feature", "properties": { "nombre": "Camino sin nombre", "longitud_km": 4.54 }, "geometry": { "type": "LineString", "coordinates": [ [ -64.1108, -36.2668 ], [ -64.1104, -36.2259 ] ] } },
{ "type": "Feature", "properties": { "nombre": "Camino sin nombre", "longitud_km": 1.57 }, "geometry": { "type": "LineString", "coordinates": [ [ -64.8043, -36.2446 ], [ -64.8085, -36.2584 ] ] } },
{ "type": "Feature", "properties": { "nombre": "Camino sin nombre", "longitud_km": 2.59 }, "geometry": { "type": "LineString", "coordinates": [ [ -64.7788, -36.2588 ], [ -64.8076, -36.2584 ] ] } },
{ "type": "Feature", "properties": { "nombre": "Camino sin nombre", "longitud_km": 0.08 }, "geometry": { "type": "LineString", "coordinates": [ [ -64.8076, -36.2584 ], [ -64.8085, -36.2584 ] ] } },
{ "type": "Feature", "properties": { "nombre": "Camino sin nombre", "longitud_km": 2.16 }, "geometry": { "type": "LineString", "coordinates": [ [ -64.2781, -36.2652 ], [ -64.254, -36.2655 ] ] } },
{ "type": "Feature", "properties": { "nombre": "Camino sin nombre", "longitud_km": 5.06 }, "geometry": { "type": "LineString", "coordinates": [ [ -65.0807, -36.254 ], [ -65.0825, -36.2084 ] ] } },
{ "type": "Feature", "properties": { "nombre": "Camino sin nombre", "longitud_km": 9.87 }, "geometry": { "type": "LineString", "coordinates": [ [ -64.613, -36.2609 ], [ -64.7228, -36.2594 ] ] } },
{ "type": "Feature", "properties": { "nombre": "Camino sin nombre", "longitud_km": 2.36 }, "geometry": { "type": "LineString", "coordinates": [ [ -64.8085, -36.2584 ], [ -64.8347, -36.2582 ] ] } },
{ "type": "Feature", "properties": { "nombre": "Camino sin nombre", "longitud_km": 6.1 }, "geometry": { "type": "LineString", "coordinates": [ [ -65.3271, -36.2496 ], [ -65.3264, -36.1946 ] ] } },
{ "type": "Feature", "properties": { "nombre": "Camino sin nombre", "longitud_km": 4.8 }, "geometry": { "type": "LineString", "coordinates": [ [ -65.4362, -36.2042 ], [ -65.4365, -36.2475 ] ] } },
{ "type": "Feature", "properties": { "nombre": "Camino sin nombre", "longitud_km": 5.43 }, "geometry": { "type": "LineString", "coordinates": [ [ -65.1478, -36.253 ], [ -65.1472, -36.2041 ] ] } },
{ "type": "Feature", "properties": { "nombre": "Camino sin nombre", "longitud_km": 4.99 }, "geometry": { "type": "LineString", "coordinates": [ [ -64.227, -36.225 ], [ -64.2271, -36.2333 ], [ -64.222, -36.2335 ], [ -64.2225, -36.2661 ] ] } },
{ "type": "Feature", "properties": { "nombre": "Camino sin nombre", "longitud_km": 2.83 }, "geometry": { "type": "LineString", "coordinates": [ [ -64.254, -36.2655 ], [ -64.2225, -36.2661 ] ] } },
{ "type": "Feature", "properties": { "nombre": "Camino sin nombre", "longitud_km": 6.06 }, "geometry": { "type": "LineString", "coordinates": [ [ -65.3848, -36.2488 ], [ -65.3836, -36.1942 ] ] } },
{ "type": "Feature", "properties": { "nombre": "Camino sin nombre", "longitud_km": 5.06 }, "geometry": { "type": "LineString", "coordinates": [ [ -64.1671, -36.267 ], [ -64.1108, -36.2668 ] ] } },
{ "type": "Feature", "properties": { "nombre": "Camino sin nombre", "longitud_km": 4.6 }, "geometry": { "type": "LineString", "coordinates": [ [ -64.1656, -36.2256 ], [ -64.1671, -36.267 ] ] } },
{ "type": "Feature", "properties": { "nombre": "Camino sin nombre", "longitud_km": 4.98 }, "geometry": { "type": "LineString", "coordinates": [ [ -64.2225, -36.2661 ], [ -64.1671, -36.267 ] ] } },
{ "type": "Feature", "properties": { "nombre": "Camino sin nombre", "longitud_km": 5.71 }, "geometry": { "type": "LineString", "coordinates": [ [ -67.1448, -36.214 ], [ -67.2083, -36.2139 ] ] } },
{ "type": "Feature", "properties": { "nombre": "Camino sin nombre", "longitud_km": 1.59 }, "geometry": { "type": "LineString", "coordinates": [ [ -66.7659, -36.2113 ], [ -66.7832, -36.2143 ] ] } },
{ "type": "Feature", "properties": { "nombre": "Camino sin nombre", "longitud_km": 0.61 }, "geometry": { "type": "LineString", "coordinates": [ [ -66.9919, -36.2038 ], [ -66.9958, -36.2083 ] ] } },
{ "type": "Feature", "properties": { "nombre": "Camino sin nombre", "longitud_km": 0.88 }, "geometry": { "type": "LineString", "coordinates": [ [ -66.9919, -36.2038 ], [ -66.9844, -36.2088 ] ] } },
{ "type": "Feature", "properties": { "nombre": "Camino sin nombre", "longitud_km": 0.44 }, "geometry": { "type": "LineString", "coordinates": [ [ -66.9844, -36.2088 ], [ -66.9862, -36.2125 ] ] } },
{ "type": "Feature", "properties": { "nombre": "Camino sin nombre", "longitud_km": 7.97 }, "geometry": { "type": "LineString", "coordinates": [ [ -64.3329, -36.2642 ], [ -64.3336, -36.2913 ], [ -64.2784, -36.2924 ] ] } },
{ "type": "Feature", "properties": { "nombre": "Camino sin nombre", "longitud_km": 18.21 }, "geometry": { "type": "LineString", "coordinates": [ [ -66.0455, -36.1959 ], [ -66.0446, -36.207 ], [ -66.0664, -36.2073 ], [ -66.0666, -36.2188 ], [ -66.0779, -36.219 ], [ -66.0779, -36.2273 ], [ -66.0854, -36.2302 ], [ -66.0889, -36.2422 ], [ -66.1018, -36.2567 ], [ -66.1145, -36.3033 ], [ -66.1252, -36.3182 ], [ -66.1306, -36.3182 ] ] } },
{ "type": "Feature", "properties": { "nombre": "Camino sin nombre", "longitud_km": 12.27 }, "geometry": { "type": "LineString", "coordinates": [ [ -65.6131, -36.194 ], [ -65.5918, -36.1951 ], [ -65.5718, -36.2207 ], [ -65.5454, -36.2357 ], [ -65.5335, -36.2553 ], [ -65.5151, -36.2567 ] ] } },
{ "type": "Feature", "properties": { "nombre": "Camino sin nombre", "longitud_km": 7.31 }, "geometry": { "type": "LineString", "coordinates": [ [ -67.0833, -36.171 ], [ -67.1448, -36.214 ] ] } },
{ "type": "Feature", "properties": { "nombre": "Camino sin nombre", "longitud_km": 20.4 }, "geometry": { "type": "LineString", "coordinates": [ [ -66.1472, -36.1424 ], [ -66.2053, -36.1678 ], [ -66.2396, -36.1914 ], [ -66.2251, -36.2061 ], [ -66.2144, -36.2303 ], [ -66.2194, -36.2795 ] ] } },
{ "type": "Feature", "properties": { "nombre": "Camino sin nombre", "longitud_km": 2.55 }, "geometry": { "type": "LineString", "coordinates": [ [ -66.9844, -36.2088 ], [ -66.9624, -36.2233 ] ] } },
{ "type": "Feature", "properties": { "nombre": "Camino sin nombre", "longitud_km": 4.04 }, "geometry": { "type": "LineString", "coordinates": [ [ -66.9681, -36.1901 ], [ -66.9589, -36.2062 ], [ -66.9587, -36.2248 ] ] } },
{ "type": "Feature", "properties": { "nombre": "Camino sin nombre", "longitud_km": 1.5 }, "geometry": { "type": "LineString", "coordinates": [ [ -66.9862, -36.2125 ], [ -66.9957, -36.2237 ] ] } },
{ "type": "Feature", "properties": { "nombre": "Camino sin nombre", "longitud_km": 12.45 }, "geometry": { "type": "LineString", "coordinates": [ [ -66.3247, -36.2136 ], [ -66.303, -36.2148 ], [ -66.3037, -36.2343 ], [ -66.2775, -36.2804 ], [ -66.2751, -36.3046 ] ] } },
{ "type": "Feature", "properties": { "nombre": "Camino sin nombre", "longitud_km": 2.17 }, "geometry": { "type": "LineString", "coordinates": [ [ -65.0716, -36.2533 ], [ -65.0722, -36.2728 ] ] } },
{ "type": "Feature", "properties": { "nombre": "Camino sin nombre", "longitud_km": 26.36 }, "geometry": { "type": "LineString", "coordinates": [ [ -66.8714, -36.0075 ], [ -66.8635, -36.021 ], [ -66.8639, -36.0346 ], [ -66.8787, -36.0876 ], [ -66.8963, -36.1264 ], [ -66.9219, -36.1535 ], [ -66.9405, -36.1837 ], [ -66.9497, -36.2285 ] ] } },
{ "type": "Feature", "properties": { "nombre": "Camino sin nombre", "longitud_km": 0.49 }, "geometry": { "type": "LineString", "coordinates": [ [ -66.9587, -36.2248 ], [ -66.9618, -36.2285 ] ] } },
{ "type": "Feature", "properties": { "nombre": "Camino sin nombre", "longitud_km": 3.59 }, "geometry": { "type": "LineString", "coordinates": [ [ -65.0592, -36.2536 ], [ -65.0316, -36.2769 ] ] } },
{ "type": "Feature", "properties": { "nombre": "Camino sin nombre", "longitud_km": 2.65 }, "geometry": { "type": "LineString", "coordinates": [ [ -65.1148, -36.2757 ], [ -65.1033, -36.2537 ] ] } },
{ "type": "Feature", "properties": { "nombre": "Camino sin nombre", "longitud_km": 12.64 }, "geometry": { "type": "LineString", "coordinates": [ [ -66.4113, -36.2012 ], [ -66.3989, -36.2133 ], [ -66.3845, -36.2861 ], [ -66.3871, -36.3104 ] ] } },
{ "type": "Feature", "properties": { "nombre": "Camino sin nombre", "longitud_km": 2.13 }, "geometry": { "type": "LineString", "coordinates": [ [ -65.4928, -36.269 ], [ -65.515, -36.2623 ] ] } },
{ "type": "Feature", "properties": { "nombre": "Camino sin nombre", "longitud_km": 3.06 }, "geometry": { "type": "LineString", "coordinates": [ [ -67.2524, -36.1946 ], [ -67.2447, -36.203 ], [ -67.2429, -36.2201 ] ] } },
{ "type": "Feature", "properties": { "nombre": "Camino sin nombre", "longitud_km": 12.21 }, "geometry": { "type": "LineString", "coordinates": [ [ -65.828, -36.1923 ], [ -65.8123, -36.1967 ], [ -65.8015, -36.2074 ], [ -65.7726, -36.2161 ], [ -65.7609, -36.2346 ], [ -65.7526, -36.2382 ], [ -65.7518, -36.2481 ], [ -65.7387, -36.2644 ] ] } },
{ "type": "Feature", "properties": { "nombre": "Camino sin nombre", "longitud_km": 2.68 }, "geometry": { "type": "LineString", "coordinates": [ [ -64.2543, -36.2896 ], [ -64.254, -36.2655 ] ] } },
{ "type": "Feature", "properties": { "nombre": "Camino sin nombre", "longitud_km": 9.18 }, "geometry": { "type": "LineString", "coordinates": [ [ -66.4826, -36.2857 ], [ -66.4922, -36.2515 ], [ -66.4915, -36.2123 ], [ -66.4869, -36.2046 ] ] } },
{ "type": "Feature", "properties": { "nombre": "Camino sin nombre", "longitud_km": 0.61 }, "geometry": { "type": "LineString", "coordinates": [ [ -65.5091, -36.271 ], [ -65.5036, -36.2742 ] ] } },
{ "type": "Feature", "properties": { "nombre": "Camino sin nombre", "longitud_km": 1.14 }, "geometry": { "type": "LineString", "coordinates": [ [ -67.2429, -36.2201 ], [ -67.254, -36.2251 ] ] } },
{ "type": "Feature", "properties": { "nombre": "Camino sin nombre", "longitud_km": 3.45 }, "geometry": { "type": "LineString", "coordinates": [ [ -67.2544, -36.194 ], [ -67.254, -36.2251 ] ] } },
{ "type": "Feature", "properties": { "nombre": "Camino sin nombre", "longitud_km": 7.15 }, "geometry": { "type": "LineString", "coordinates": [ [ -65.8182, -36.2681 ], [ -65.7387, -36.2644 ] ] } },
{ "type": "Feature", "properties": { "nombre": "Camino sin nombre", "longitud_km": 3.88 }, "geometry": { "type": "LineString", "coordinates": [ [ -65.4928, -36.269 ], [ -65.452, -36.2804 ] ] } },
{ "type": "Feature", "properties": { "nombre": "Camino sin nombre", "longitud_km": 3.91 }, "geometry": { "type": "LineString", "coordinates": [ [ -65.4517, -36.2805 ], [ -65.4365, -36.2475 ] ] } },
{ "type": "Feature", "properties": { "nombre": "Camino sin nombre", "longitud_km": 0.03 }, "geometry": { "type": "LineString", "coordinates": [ [ -65.452, -36.2804 ], [ -65.4517, -36.2805 ] ] } },
{ "type": "Feature", "properties": { "nombre": "Camino sin nombre", "longitud_km": 4.97 }, "geometry": { "type": "LineString", "coordinates": [ [ -65.8734, -36.2712 ], [ -65.8182, -36.2681 ] ] } },
{ "type": "Feature", "properties": { "nombre": "Camino sin nombre", "longitud_km": 9.43 }, "geometry": { "type": "LineString", "coordinates": [ [ -66.6487, -36.2726 ], [ -66.6387, -36.2182 ], [ -66.6488, -36.1894 ] ] } },
{ "type": "Feature", "properties": { "nombre": "Camino sin nombre", "longitud_km": 5.34 }, "geometry": { "type": "LineString", "coordinates": [ [ -66.729, -36.2105 ], [ -66.7263, -36.2183 ], [ -66.7359, -36.25 ], [ -66.7336, -36.2571 ] ] } },
{ "type": "Feature", "properties": { "nombre": "Camino sin nombre", "longitud_km": 5.26 }, "geometry": { "type": "LineString", "coordinates": [ [ -64.613, -36.2609 ], [ -64.6279, -36.2729 ], [ -64.643, -36.3007 ] ] } },
{ "type": "Feature", "properties": { "nombre": "Camino sin nombre", "longitud_km": 8.8 }, "geometry": { "type": "LineString", "coordinates": [ [ -66.7659, -36.2113 ], [ -66.783, -36.2893 ] ] } },
{ "type": "Feature", "properties": { "nombre": "Camino sin nombre", "longitud_km": 19.96 }, "geometry": { "type": "LineString", "coordinates": [ [ -66.839, -36.2858 ], [ -66.8316, -36.2742 ], [ -66.8176, -36.2662 ], [ -66.8209, -36.2559 ], [ -66.8092, -36.2444 ], [ -66.8013, -36.2249 ], [ -66.7885, -36.2142 ], [ -66.7746, -36.1801 ], [ -66.741, -36.1633 ], [ -66.7276, -36.1511 ], [ -66.7256, -36.1435 ] ] } },
{ "type": "Feature", "properties": { "nombre": "Camino sin nombre", "longitud_km": 7.52 }, "geometry": { "type": "LineString", "coordinates": [ [ -63.72, -36.3124 ], [ -63.6363, -36.3144 ] ] } },
{ "type": "Feature", "properties": { "nombre": "Camino sin nombre", "longitud_km": 6.24 }, "geometry": { "type": "LineString", "coordinates": [ [ -63.7894, -36.3121 ], [ -63.72, -36.3124 ] ] } },
{ "type": "Feature", "properties": { "nombre": "Camino sin nombre", "longitud_km": 6.66 }, "geometry": { "type": "LineString", "coordinates": [ [ -63.7894, -36.3121 ], [ -63.7897, -36.2521 ] ] } },
{ "type": "Feature", "properties": { "nombre": "Camino sin nombre", "longitud_km": 10.0 }, "geometry": { "type": "LineString", "coordinates": [ [ -63.9429, -36.3113 ], [ -63.8315, -36.3118 ] ] } },
{ "type": "Feature", "properties": { "nombre": "Camino sin nombre", "longitud_km": 5.19 }, "geometry": { "type": "LineString", "coordinates": [ [ -63.5805, -36.314 ], [ -63.5805, -36.2672 ] ] } },
{ "type": "Feature", "properties": { "nombre": "Camino sin nombre", "longitud_km": 3.78 }, "geometry": { "type": "LineString", "coordinates": [ [ -63.8315, -36.3126 ], [ -63.7894, -36.3121 ] ] } },
{ "type": "Feature", "properties": { "nombre": "Camino sin nombre", "longitud_km": 4.9 }, "geometry": { "type": "LineString", "coordinates": [ [ -64.5564, -36.3055 ], [ -64.5554, -36.2614 ] ] } },
{ "type": "Feature", "properties": { "nombre": "Camino sin nombre", "longitud_km": 4.95 }, "geometry": { "type": "LineString", "coordinates": [ [ -64.5209, -36.3061 ], [ -64.5148, -36.2618 ] ] } },
{ "type": "Feature", "properties": { "nombre": "Camino sin nombre", "longitud_km": 3.19 }, "geometry": { "type": "LineString", "coordinates": [ [ -64.5564, -36.3055 ], [ -64.5209, -36.3061 ] ] } },
{ "type": "Feature", "properties": { "nombre": "Camino sin nombre", "longitud_km": 5.01 }, "geometry": { "type": "LineString", "coordinates": [ [ -63.6363, -36.3144 ], [ -63.5805, -36.314 ] ] } },
{ "type": "Feature", "properties": { "nombre": "Camino sin nombre", "longitud_km": 6.3 }, "geometry": { "type": "LineString", "coordinates": [ [ -64.9816, -36.2544 ], [ -64.9756, -36.2773 ], [ -64.9625, -36.2773 ], [ -64.9631, -36.3 ] ] } },
{ "type": "Feature", "properties": { "nombre": "Camino sin nombre", "longitud_km": 7.98 }, "geometry": { "type": "LineString", "coordinates": [ [ -64.9202, -36.2551 ], [ -64.9208, -36.278 ], [ -64.9329, -36.3005 ], [ -64.9631, -36.3 ] ] } },
{ "type": "Feature", "properties": { "nombre": "Camino sin nombre", "longitud_km": 10.04 }, "geometry": { "type": "LineString", "coordinates": [ [ -63.9429, -36.3118 ], [ -64.0546, -36.3116 ] ] } },
{ "type": "Feature", "properties": { "nombre": "Camino sin nombre", "longitud_km": 5.02 }, "geometry": { "type": "LineString", "coordinates": [ [ -64.0543, -36.2664 ], [ -64.0546, -36.3116 ] ] } },
{ "type": "Feature", "properties": { "nombre": "Camino sin nombre", "longitud_km": 1.83 }, "geometry": { "type": "LineString", "coordinates": [ [ -64.5209, -36.3061 ], [ -64.5005, -36.3069 ] ] } },
{ "type": "Feature", "properties": { "nombre": "Camino sin nombre", "longitud_km": 5.01 }, "geometry": { "type": "LineString", "coordinates": [ [ -64.5004, -36.3069 ], [ -64.4446, -36.3078 ] ] } },
{ "type": "Feature", "properties": { "nombre": "Camino sin nombre", "longitud_km": 5.01 }, "geometry": { "type": "LineString", "coordinates": [ [ -64.3887, -36.3083 ], [ -64.3878, -36.2632 ] ] } },
{ "type": "Feature", "properties": { "nombre": "Camino sin nombre", "longitud_km": 5.02 }, "geometry": { "type": "LineString", "coordinates": [ [ -64.4446, -36.3078 ], [ -64.3887, -36.3083 ] ] } },
{ "type": "Feature", "properties": { "nombre": "Camino sin nombre", "longitud_km": 5.0 }, "geometry": { "type": "LineString", "coordinates": [ [ -64.4446, -36.3078 ], [ -64.4437, -36.2627 ] ] } },
{ "type": "Feature", "properties": { "nombre": "Camino sin nombre", "longitud_km": 0.11 }, "geometry": { "type": "LineString", "coordinates": [ [ -64.5565, -36.3065 ], [ -64.5564, -36.3055 ] ] } },
{ "type": "Feature", "properties": { "nombre": "Camino sin nombre", "longitud_km": 5.0 }, "geometry": { "type": "LineString", "coordinates": [ [ -64.724, -36.3044 ], [ -64.7228, -36.2594 ] ] } },
{ "type": "Feature", "properties": { "nombre": "Camino sin nombre", "longitud_km": 5.06 }, "geometry": { "type": "LineString", "coordinates": [ [ -65.0598, -36.2992 ], [ -65.0592, -36.2536 ] ] } },
{ "type": "Feature", "properties": { "nombre": "Camino sin nombre", "longitud_km": 9.89 }, "geometry": { "type": "LineString", "coordinates": [ [ -64.3887, -36.3083 ], [ -64.2786, -36.3101 ] ] } },
{ "type": "Feature", "properties": { "nombre": "Camino sin nombre", "longitud_km": 5.01 }, "geometry": { "type": "LineString", "coordinates": [ [ -64.6123, -36.3062 ], [ -64.5565, -36.3065 ] ] } },
{ "type": "Feature", "properties": { "nombre": "Camino sin nombre", "longitud_km": 5.03 }, "geometry": { "type": "LineString", "coordinates": [ [ -64.6123, -36.3062 ], [ -64.6116, -36.2609 ] ] } },
{ "type": "Feature", "properties": { "nombre": "Camino sin nombre", "longitud_km": 5.02 }, "geometry": { "type": "LineString", "coordinates": [ [ -64.7798, -36.304 ], [ -64.7788, -36.2588 ] ] } },
{ "type": "Feature", "properties": { "nombre": "Camino sin nombre", "longitud_km": 6.44 }, "geometry": { "type": "LineString", "coordinates": [ [ -64.8076, -36.2584 ], [ -64.8064, -36.2799 ], [ -64.7923, -36.2812 ], [ -64.7798, -36.304 ] ] } },
{ "type": "Feature", "properties": { "nombre": "Camino sin nombre", "longitud_km": 6.09 }, "geometry": { "type": "LineString", "coordinates": [ [ -65.1834, -36.2975 ], [ -65.171, -36.2977 ], [ -65.1702, -36.2529 ] ] } },
{ "type": "Feature", "properties": { "nombre": "Camino sin nombre", "longitud_km": 10.09 }, "geometry": { "type": "LineString", "coordinates": [ [ -64.1678, -36.3119 ], [ -64.1109, -36.3117 ], [ -64.1108, -36.2668 ] ] } },
{ "type": "Feature", "properties": { "nombre": "Camino sin nombre", "longitud_km": 5.13 }, "geometry": { "type": "LineString", "coordinates": [ [ -67.1448, -36.214 ], [ -67.1878, -36.2444 ] ] } },
{ "type": "Feature", "properties": { "nombre": "Camino sin nombre", "longitud_km": 4.94 }, "geometry": { "type": "LineString", "coordinates": [ [ -64.2228, -36.3116 ], [ -64.1678, -36.3119 ] ] } },
{ "type": "Feature", "properties": { "nombre": "Camino sin nombre", "longitud_km": 5.05 }, "geometry": { "type": "LineString", "coordinates": [ [ -64.2225, -36.2661 ], [ -64.2228, -36.3116 ] ] } },
{ "type": "Feature", "properties": { "nombre": "Camino sin nombre", "longitud_km": 8.88 }, "geometry": { "type": "LineString", "coordinates": [ [ -65.2823, -36.2961 ], [ -65.1834, -36.2975 ] ] } },
{ "type": "Feature", "properties": { "nombre": "Camino sin nombre", "longitud_km": 4.14 }, "geometry": { "type": "LineString", "coordinates": [ [ -65.3284, -36.2952 ], [ -65.2823, -36.2961 ] ] } },
{ "type": "Feature", "properties": { "nombre": "Camino sin nombre", "longitud_km": 5.06 }, "geometry": { "type": "LineString", "coordinates": [ [ -65.3284, -36.2952 ], [ -65.3271, -36.2496 ] ] } },
{ "type": "Feature", "properties": { "nombre": "Camino sin nombre", "longitud_km": 5.01 }, "geometry": { "type": "LineString", "coordinates": [ [ -64.2786, -36.3108 ], [ -64.2228, -36.3116 ] ] } },
{ "type": "Feature", "properties": { "nombre": "Camino sin nombre", "longitud_km": 5.9 }, "geometry": { "type": "LineString", "coordinates": [ [ -65.3941, -36.2942 ], [ -65.3284, -36.2952 ] ] } },
{ "type": "Feature", "properties": { "nombre": "Camino sin nombre", "longitud_km": 5.84 }, "geometry": { "type": "LineString", "coordinates": [ [ -67.1878, -36.2444 ], [ -67.1959, -36.2445 ], [ -67.2149, -36.2295 ], [ -67.2429, -36.2201 ] ] } },
{ "type": "Feature", "properties": { "nombre": "Camino sin nombre", "longitud_km": 5.73 }, "geometry": { "type": "LineString", "coordinates": [ [ -65.4517, -36.2805 ], [ -65.4332, -36.2807 ], [ -65.4204, -36.292 ], [ -65.3941, -36.2942 ] ] } },
{ "type": "Feature", "properties": { "nombre": "Camino sin nombre", "longitud_km": 1.2 }, "geometry": { "type": "LineString", "coordinates": [ [ -64.0824, -36.3565 ], [ -64.0826, -36.3457 ] ] } },
{ "type": "Feature", "properties": { "nombre": "Camino sin nombre", "longitud_km": 11.2 }, "geometry": { "type": "LineString", "coordinates": [ [ -65.616, -36.2949 ], [ -65.6131, -36.194 ] ] } },
{ "type": "Feature", "properties": { "nombre": "Camino sin nombre", "longitud_km": 4.09 }, "geometry": { "type": "LineString", "coordinates": [ [ -66.9403, -36.257 ], [ -66.9858, -36.2577 ] ] } },
{ "type": "Feature", "properties": { "nombre": "Camino sin nombre", "longitud_km": 8.13 }, "geometry": { "type": "LineString", "coordinates": [ [ -67.254, -36.2251 ], [ -67.2706, -36.2412 ], [ -67.2864, -36.2388 ], [ -67.3337, -36.2475 ] ] } },
{ "type": "Feature", "properties": { "nombre": "Camino sin nombre", "longitud_km": 1.05 }, "geometry": { "type": "LineString", "coordinates": [ [ -64.78, -36.3134 ], [ -64.7798, -36.304 ] ] } },
{ "type": "Feature", "properties": { "nombre": "Camino sin nombre", "longitud_km": 7.13 }, "geometry": { "type": "LineString", "coordinates": [ [ -66.9858, -36.2577 ], [ -67.0651, -36.2583 ] ] } },
{ "type": "Feature", "properties": { "nombre": "Camino sin nombre", "longitud_km": 9.09 }, "geometry": { "type": "LineString", "coordinates": [ [ -67.0632, -36.1794 ], [ -67.0706, -36.1871 ], [ -67.071, -36.2465 ], [ -67.0651, -36.2583 ] ] } },
{ "type": "Feature", "properties": { "nombre": "Camino sin nombre", "longitud_km": 7.85 }, "geometry": { "type": "LineString", "coordinates": [ [ -66.7336, -36.2571 ], [ -66.7048, -36.2656 ], [ -66.6487, -36.2726 ] ] } },
{ "type": "Feature", "properties": { "nombre": "Camino sin nombre", "longitud_km": 1.77 }, "geometry": { "type": "LineString", "coordinates": [ [ -65.1975, -36.3087 ], [ -65.1834, -36.2975 ] ] } },
{ "type": "Feature", "properties": { "nombre": "Camino sin nombre", "longitud_km": 9.69 }, "geometry": { "type": "LineString", "coordinates": [ [ -64.9631, -36.3 ], [ -64.9704, -36.307 ], [ -65.0055, -36.3121 ], [ -65.0219, -36.3098 ], [ -65.0319, -36.2993 ], [ -65.0598, -36.2992 ] ] } },
{ "type": "Feature", "properties": { "nombre": "Camino sin nombre", "longitud_km": 11.84 }, "geometry": { "type": "LineString", "coordinates": [ [ -67.3866, -36.2492 ], [ -67.3859, -36.2115 ], [ -67.3682, -36.1912 ], [ -67.3629, -36.1679 ], [ -67.371, -36.1556 ], [ -67.3671, -36.1499 ] ] } },
{ "type": "Feature", "properties": { "nombre": "Camino sin nombre", "longitud_km": 4.76 }, "geometry": { "type": "LineString", "coordinates": [ [ -67.3337, -36.2475 ], [ -67.3866, -36.2492 ] ] } },
{ "type": "Feature", "properties": { "nombre": "Camino sin nombre", "longitud_km": 3.06 }, "geometry": { "type": "LineString", "coordinates": [ [ -65.4665, -36.3054 ], [ -65.452, -36.2804 ] ] } },
{ "type": "Feature", "properties": { "nombre": "Camino sin nombre", "longitud_km": 12.79 }, "geometry": { "type": "LineString", "coordinates": [ [ -67.4638, -36.2479 ], [ -67.4649, -36.1564 ], [ -67.4788, -36.1354 ] ] } },
{ "type": "Feature", "properties": { "nombre": "Camino sin nombre", "longitud_km": 4.14 }, "geometry": { "type": "LineString", "coordinates": [ [ -65.5036, -36.2742 ], [ -65.4977, -36.2856 ], [ -65.4866, -36.2926 ], [ -65.4846, -36.306 ] ] } },
{ "type": "Feature", "properties": { "nombre": "Camino sin nombre", "longitud_km": 10.63 }, "geometry": { "type": "LineString", "coordinates": [ [ -67.0651, -36.2583 ], [ -67.1834, -36.2588 ] ] } },
{ "type": "Feature", "properties": { "nombre": "Camino sin nombre", "longitud_km": 1.65 }, "geometry": { "type": "LineString", "coordinates": [ [ -67.1834, -36.2588 ], [ -67.1878, -36.2444 ] ] } },
{ "type": "Feature", "properties": { "nombre": "Camino sin nombre", "longitud_km": 5.73 }, "geometry": { "type": "LineString", "coordinates": [ [ -66.2194, -36.2795 ], [ -66.2751, -36.3046 ] ] } },
{ "type": "Feature", "properties": { "nombre": "Camino sin nombre", "longitud_km": 0.18 }, "geometry": { "type": "LineString", "coordinates": [ [ -67.4628, -36.2493 ], [ -67.4638, -36.2479 ] ] } },
{ "type": "Feature", "properties": { "nombre": "Camino sin nombre", "longitud_km": 3.63 }, "geometry": { "type": "LineString", "coordinates": [ [ -64.78, -36.3134 ], [ -64.7405, -36.3207 ] ] } },
{ "type": "Feature", "properties": { "nombre": "Camino sin nombre", "longitud_km": 1.18 }, "geometry": { "type": "LineString", "coordinates": [ [ -65.6162, -36.3055 ], [ -65.616, -36.2949 ] ] } },
{ "type": "Feature", "properties": { "nombre": "Camino sin nombre", "longitud_km": 3.11 }, "geometry": { "type": "LineString", "coordinates": [ [ -67.3866, -36.2492 ], [ -67.4206, -36.2544 ] ] } },
{ "type": "Feature", "properties": { "nombre": "Camino sin nombre", "longitud_km": 4.54 }, "geometry": { "type": "LineString", "coordinates": [ [ -67.4628, -36.2493 ], [ -67.4357, -36.2417 ], [ -67.4206, -36.2544 ] ] } },
{ "type": "Feature", "properties": { "nombre": "Camino sin nombre", "longitud_km": 15.11 }, "geometry": { "type": "LineString", "coordinates": [ [ -66.6487, -36.2726 ], [ -66.5829, -36.2834 ], [ -66.5239, -36.2802 ], [ -66.4826, -36.2857 ] ] } },
{ "type": "Feature", "properties": { "nombre": "Camino sin nombre", "longitud_km": 5.83 }, "geometry": { "type": "LineString", "coordinates": [ [ -65.7387, -36.2644 ], [ -65.7041, -36.3088 ] ] } },
{ "type": "Feature", "properties": { "nombre": "Camino sin nombre", "longitud_km": 4.28 }, "geometry": { "type": "LineString", "coordinates": [ [ -67.4206, -36.2544 ], [ -67.445, -36.2585 ], [ -67.4605, -36.254 ], [ -67.4628, -36.2493 ] ] } },
{ "type": "Feature", "properties": { "nombre": "Camino sin nombre", "longitud_km": 8.06 }, "geometry": { "type": "LineString", "coordinates": [ [ -67.0651, -36.2583 ], [ -67.0195, -36.2747 ], [ -66.9858, -36.2577 ] ] } },
{ "type": "Feature", "properties": { "nombre": "Camino sin nombre", "longitud_km": 22.77 }, "geometry": { "type": "LineString", "coordinates": [ [ -67.6908, -36.3067 ], [ -67.6624, -36.308 ], [ -67.6351, -36.2953 ], [ -67.555, -36.2971 ], [ -67.5178, -36.279 ], [ -67.4965, -36.258 ], [ -67.4736, -36.247 ], [ -67.4638, -36.2479 ] ] } },
{ "type": "Feature", "properties": { "nombre": "Camino sin nombre", "longitud_km": 4.85 }, "geometry": { "type": "LineString", "coordinates": [ [ -63.5805, -36.3577 ], [ -63.5805, -36.314 ] ] } },
{ "type": "Feature", "properties": { "nombre": "Camino sin nombre", "longitud_km": 4.82 }, "geometry": { "type": "LineString", "coordinates": [ [ -65.8709, -36.3146 ], [ -65.8734, -36.2712 ] ] } },
{ "type": "Feature", "properties": { "nombre": "Camino sin nombre", "longitud_km": 5.7 }, "geometry": { "type": "LineString", "coordinates": [ [ -66.7336, -36.2571 ], [ -66.783, -36.2893 ] ] } },
{ "type": "Feature", "properties": { "nombre": "Camino sin nombre", "longitud_km": 7.37 }, "geometry": { "type": "LineString", "coordinates": [ [ -65.926, -36.3164 ], [ -65.9254, -36.3023 ], [ -65.8734, -36.2712 ] ] } },
{ "type": "Feature", "properties": { "nombre": "Camino sin nombre", "longitud_km": 1.95 }, "geometry": { "type": "LineString", "coordinates": [ [ -65.9606, -36.3177 ], [ -65.9605, -36.3087 ], [ -65.9519, -36.3038 ] ] } },
{ "type": "Feature", "properties": { "nombre": "Camino sin nombre", "longitud_km": 9.11 }, "geometry": { "type": "LineString", "coordinates": [ [ -66.2194, -36.2795 ], [ -66.2037, -36.2902 ], [ -66.1306, -36.3182 ] ] } },
{ "type": "Feature", "properties": { "nombre": "Camino sin nombre", "longitud_km": 1.29 }, "geometry": { "type": "LineString", "coordinates": [ [ -63.4304, -36.3572 ], [ -63.416, -36.3572 ] ] } },
{ "type": "Feature", "properties": { "nombre": "Camino sin nombre", "longitud_km": 0.8 }, "geometry": { "type": "LineString", "coordinates": [ [ -63.4393, -36.3572 ], [ -63.4304, -36.3572 ] ] } },
{ "type": "Feature", "properties": { "nombre": "Camino sin nombre", "longitud_km": 4.07 }, "geometry": { "type": "LineString", "coordinates": [ [ -66.3871, -36.3104 ], [ -66.4205, -36.2856 ] ] } },
{ "type": "Feature", "properties": { "nombre": "Camino sin nombre", "longitud_km": 2.29 }, "geometry": { "type": "LineString", "coordinates": [ [ -66.8735, -36.2783 ], [ -66.8796, -36.2932 ], [ -66.8744, -36.2956 ] ] } },
{ "type": "Feature", "properties": { "nombre": "Camino sin nombre", "longitud_km": 12.67 }, "geometry": { "type": "LineString", "coordinates": [ [ -63.5805, -36.3577 ], [ -63.4393, -36.3572 ] ] } },
{ "type": "Feature", "properties": { "nombre": "Camino sin nombre", "longitud_km": 5.01 }, "geometry": { "type": "LineString", "coordinates": [ [ -63.6363, -36.3577 ], [ -63.5805, -36.3577 ] ] } },
{ "type": "Feature", "properties": { "nombre": "Camino sin nombre", "longitud_km": 4.81 }, "geometry": { "type": "LineString", "coordinates": [ [ -63.6363, -36.3144 ], [ -63.6363, -36.3577 ] ] } },
{ "type": "Feature", "properties": { "nombre": "Camino sin nombre", "longitud_km": 5.0 }, "geometry": { "type": "LineString", "coordinates": [ [ -63.6921, -36.3576 ], [ -63.6363, -36.3577 ] ] } },
{ "type": "Feature", "properties": { "nombre": "Camino sin nombre", "longitud_km": 1.74 }, "geometry": { "type": "LineString", "coordinates": [ [ -63.6921, -36.3576 ], [ -63.692, -36.3419 ] ] } },
{ "type": "Feature", "properties": { "nombre": "Camino sin nombre", "longitud_km": 5.0 }, "geometry": { "type": "LineString", "coordinates": [ [ -63.72, -36.3124 ], [ -63.7205, -36.3575 ] ] } },
{ "type": "Feature", "properties": { "nombre": "Camino sin nombre", "longitud_km": 2.55 }, "geometry": { "type": "LineString", "coordinates": [ [ -63.7205, -36.3575 ], [ -63.6921, -36.3576 ] ] } },
{ "type": "Feature", "properties": { "nombre": "Camino sin nombre", "longitud_km": 9.98 }, "geometry": { "type": "LineString", "coordinates": [ [ -63.8317, -36.357 ], [ -63.7205, -36.3575 ] ] } },
{ "type": "Feature", "properties": { "nombre": "Camino sin nombre", "longitud_km": 1.24 }, "geometry": { "type": "LineString", "coordinates": [ [ -66.783, -36.2893 ], [ -66.7875, -36.2999 ] ] } },
{ "type": "Feature", "properties": { "nombre": "Camino sin nombre", "longitud_km": 10.02 }, "geometry": { "type": "LineString", "coordinates": [ [ -63.9433, -36.3566 ], [ -63.8317, -36.357 ] ] } },
{ "type": "Feature", "properties": { "nombre": "Camino sin nombre", "longitud_km": 4.97 }, "geometry": { "type": "LineString", "coordinates": [ [ -64.3896, -36.3531 ], [ -64.3887, -36.3083 ] ] } },
{ "type": "Feature", "properties": { "nombre": "Camino sin nombre", "longitud_km": 4.97 }, "geometry": { "type": "LineString", "coordinates": [ [ -64.4452, -36.3526 ], [ -64.4446, -36.3078 ] ] } },
{ "type": "Feature", "properties": { "nombre": "Camino sin nombre", "longitud_km": 10.0 }, "geometry": { "type": "LineString", "coordinates": [ [ -64.0547, -36.3568 ], [ -63.9433, -36.3566 ] ] } },
{ "type": "Feature", "properties": { "nombre": "Camino sin nombre", "longitud_km": 5.01 }, "geometry": { "type": "LineString", "coordinates": [ [ -64.0546, -36.3116 ], [ -64.0547, -36.3568 ] ] } },
{ "type": "Feature", "properties": { "nombre": "Camino sin nombre", "longitud_km": 2.48 }, "geometry": { "type": "LineString", "coordinates": [ [ -64.0824, -36.3565 ], [ -64.0547, -36.3568 ] ] } },
{ "type": "Feature", "properties": { "nombre": "Camino sin nombre", "longitud_km": 5.03 }, "geometry": { "type": "LineString", "coordinates": [ [ -64.4452, -36.3526 ], [ -64.5013, -36.3522 ] ] } },
{ "type": "Feature", "properties": { "nombre": "Camino sin nombre", "longitud_km": 4.96 }, "geometry": { "type": "LineString", "coordinates": [ [ -65.0605, -36.3439 ], [ -65.0598, -36.2992 ] ] } },
{ "type": "Feature", "properties": { "nombre": "Camino sin nombre", "longitud_km": 5.0 }, "geometry": { "type": "LineString", "coordinates": [ [ -64.5571, -36.3515 ], [ -64.5565, -36.3065 ] ] } },
{ "type": "Feature", "properties": { "nombre": "Camino sin nombre", "longitud_km": 5.01 }, "geometry": { "type": "LineString", "coordinates": [ [ -64.5013, -36.3522 ], [ -64.5571, -36.3515 ] ] } },
{ "type": "Feature", "properties": { "nombre": "Camino sin nombre", "longitud_km": 2.69 }, "geometry": { "type": "LineString", "coordinates": [ [ -64.1124, -36.3565 ], [ -64.0824, -36.3565 ] ] } },
{ "type": "Feature", "properties": { "nombre": "Camino sin nombre", "longitud_km": 4.92 }, "geometry": { "type": "LineString", "coordinates": [ [ -64.1678, -36.3119 ], [ -64.1685, -36.3562 ] ] } },
{ "type": "Feature", "properties": { "nombre": "Camino sin nombre", "longitud_km": 5.04 }, "geometry": { "type": "LineString", "coordinates": [ [ -64.1685, -36.3562 ], [ -64.1124, -36.3565 ] ] } },
{ "type": "Feature", "properties": { "nombre": "Camino sin nombre", "longitud_km": 5.01 }, "geometry": { "type": "LineString", "coordinates": [ [ -64.5571, -36.3515 ], [ -64.6129, -36.351 ] ] } },
{ "type": "Feature", "properties": { "nombre": "Camino sin nombre", "longitud_km": 4.98 }, "geometry": { "type": "LineString", "coordinates": [ [ -64.6129, -36.351 ], [ -64.6123, -36.3062 ] ] } },
{ "type": "Feature", "properties": { "nombre": "Camino sin nombre", "longitud_km": 4.9 }, "geometry": { "type": "LineString", "coordinates": [ [ -64.2231, -36.356 ], [ -64.1685, -36.3562 ] ] } },
{ "type": "Feature", "properties": { "nombre": "Camino sin nombre", "longitud_km": 4.97 }, "geometry": { "type": "LineString", "coordinates": [ [ -65.1159, -36.3435 ], [ -65.0605, -36.3439 ] ] } },
{ "type": "Feature", "properties": { "nombre": "Camino sin nombre", "longitud_km": 4.92 }, "geometry": { "type": "LineString", "coordinates": [ [ -64.2228, -36.3116 ], [ -64.2231, -36.356 ] ] } },
{ "type": "Feature", "properties": { "nombre": "Camino sin nombre", "longitud_km": 9.92 }, "geometry": { "type": "LineString", "coordinates": [ [ -64.3896, -36.3531 ], [ -64.2792, -36.3555 ] ] } },
{ "type": "Feature", "properties": { "nombre": "Camino sin nombre", "longitud_km": 5.03 }, "geometry": { "type": "LineString", "coordinates": [ [ -64.2792, -36.3555 ], [ -64.2231, -36.356 ] ] } },
{ "type": "Feature", "properties": { "nombre": "Camino sin nombre", "longitud_km": 13.51 }, "geometry": { "type": "LineString", "coordinates": [ [ -64.6129, -36.351 ], [ -64.6896, -36.3501 ], [ -64.6904, -36.3268 ], [ -64.7158, -36.3054 ], [ -64.724, -36.3044 ] ] } },
{ "type": "Feature", "properties": { "nombre": "Camino sin nombre", "longitud_km": 4.19 }, "geometry": { "type": "LineString", "coordinates": [ [ -65.1625, -36.3429 ], [ -65.1159, -36.3435 ] ] } },
{ "type": "Feature", "properties": { "nombre": "Camino sin nombre", "longitud_km": 10.27 }, "geometry": { "type": "LineString", "coordinates": [ [ -65.1625, -36.3429 ], [ -65.1621, -36.3255 ], [ -65.1527, -36.3157 ], [ -65.1518, -36.253 ] ] } },
{ "type": "Feature", "properties": { "nombre": "Camino sin nombre", "longitud_km": 0.88 }, "geometry": { "type": "LineString", "coordinates": [ [ -65.1723, -36.343 ], [ -65.1625, -36.3429 ] ] } },
{ "type": "Feature", "properties": { "nombre": "Camino sin nombre", "longitud_km": 9.98 }, "geometry": { "type": "LineString", "coordinates": [ [ -65.2835, -36.3412 ], [ -65.1723, -36.343 ] ] } },
{ "type": "Feature", "properties": { "nombre": "Camino sin nombre", "longitud_km": 5.14 }, "geometry": { "type": "LineString", "coordinates": [ [ -65.3408, -36.3404 ], [ -65.2835, -36.3412 ] ] } },
{ "type": "Feature", "properties": { "nombre": "Camino sin nombre", "longitud_km": 5.13 }, "geometry": { "type": "LineString", "coordinates": [ [ -65.3408, -36.3404 ], [ -65.3284, -36.2952 ] ] } },
{ "type": "Feature", "properties": { "nombre": "Camino sin nombre", "longitud_km": 4.89 }, "geometry": { "type": "LineString", "coordinates": [ [ -65.3952, -36.3395 ], [ -65.3408, -36.3404 ] ] } },
{ "type": "Feature", "properties": { "nombre": "Camino sin nombre", "longitud_km": 5.76 }, "geometry": { "type": "LineString", "coordinates": [ [ -65.5311, -36.3374 ], [ -65.5345, -36.3001 ], [ -65.5258, -36.2875 ] ] } },
{ "type": "Feature", "properties": { "nombre": "Camino sin nombre", "longitud_km": 12.2 }, "geometry": { "type": "LineString", "coordinates": [ [ -65.5311, -36.3374 ], [ -65.3952, -36.3395 ] ] } },
{ "type": "Feature", "properties": { "nombre": "Camino sin nombre", "longitud_km": 0.79 }, "geometry": { "type": "LineString", "coordinates": [ [ -65.1161, -36.3506 ], [ -65.1159, -36.3435 ] ] } },
{ "type": "Feature", "properties": { "nombre": "Camino sin nombre", "longitud_km": 4.86 }, "geometry": { "type": "LineString", "coordinates": [ [ -66.6598, -36.3155 ], [ -66.6487, -36.2726 ] ] } },
{ "type": "Feature", "properties": { "nombre": "Camino sin nombre", "longitud_km": 6.27 }, "geometry": { "type": "LineString", "coordinates": [ [ -67.3036, -36.2955 ], [ -67.312, -36.292 ], [ -67.3134, -36.2763 ], [ -67.3337, -36.2475 ] ] } },
{ "type": "Feature", "properties": { "nombre": "Camino sin nombre", "longitud_km": 6.78 }, "geometry": { "type": "LineString", "coordinates": [ [ -66.9462, -36.3079 ], [ -66.8913, -36.305 ], [ -66.8744, -36.2956 ] ] } },
{ "type": "Feature", "properties": { "nombre": "Camino sin nombre", "longitud_km": 5.81 }, "geometry": { "type": "LineString", "coordinates": [ [ -66.9462, -36.3079 ], [ -66.9411, -36.2838 ], [ -66.9454, -36.2718 ], [ -66.9403, -36.257 ] ] } },
{ "type": "Feature", "properties": { "nombre": "Camino sin nombre", "longitud_km": 1.55 }, "geometry": { "type": "LineString", "coordinates": [ [ -66.1306, -36.3182 ], [ -66.1303, -36.3321 ] ] } },
{ "type": "Feature", "properties": { "nombre": "Camino sin nombre", "longitud_km": 1.29 }, "geometry": { "type": "LineString", "coordinates": [ [ -65.1721, -36.3546 ], [ -65.1723, -36.343 ] ] } },
{ "type": "Feature", "properties": { "nombre": "Camino sin nombre", "longitud_km": 4.19 }, "geometry": { "type": "LineString", "coordinates": [ [ -66.9902, -36.3005 ], [ -66.9659, -36.3096 ], [ -66.9462, -36.3079 ] ] } },
{ "type": "Feature", "properties": { "nombre": "Camino sin nombre", "longitud_km": 4.52 }, "geometry": { "type": "LineString", "coordinates": [ [ -66.2751, -36.3046 ], [ -66.2535, -36.3189 ], [ -66.242, -36.3346 ] ] } },
{ "type": "Feature", "properties": { "nombre": "Camino sin nombre", "longitud_km": 5.21 }, "geometry": { "type": "LineString", "coordinates": [ [ -65.1721, -36.3546 ], [ -65.1567, -36.357 ], [ -65.1436, -36.3516 ], [ -65.1161, -36.3506 ] ] } },
{ "type": "Feature", "properties": { "nombre": "Camino sin nombre", "longitud_km": 12.58 }, "geometry": { "type": "LineString", "coordinates": [ [ -67.1834, -36.2588 ], [ -67.2188, -36.2788 ], [ -67.2324, -36.2937 ], [ -67.2596, -36.2945 ], [ -67.2759, -36.3011 ], [ -67.3036, -36.2955 ] ] } },
{ "type": "Feature", "properties": { "nombre": "Camino sin nombre", "longitud_km": 1.81 }, "geometry": { "type": "LineString", "coordinates": [ [ -64.613, -36.3673 ], [ -64.6129, -36.351 ] ] } },
{ "type": "Feature", "properties": { "nombre": "Camino sin nombre", "longitud_km": 1.69 }, "geometry": { "type": "LineString", "coordinates": [ [ -64.6318, -36.3673 ], [ -64.613, -36.3673 ] ] } },
{ "type": "Feature", "properties": { "nombre": "Camino sin nombre", "longitud_km": 2.71 }, "geometry": { "type": "LineString", "coordinates": [ [ -66.7875, -36.2999 ], [ -66.7897, -36.3047 ], [ -66.7746, -36.3197 ] ] } },
{ "type": "Feature", "properties": { "nombre": "Camino sin nombre", "longitud_km": 4.74 }, "geometry": { "type": "LineString", "coordinates": [ [ -65.7041, -36.3088 ], [ -65.701, -36.3515 ] ] } },
{ "type": "Feature", "properties": { "nombre": "Camino sin nombre", "longitud_km": 2.62 }, "geometry": { "type": "LineString", "coordinates": [ [ -63.7205, -36.3575 ], [ -63.7206, -36.381 ] ] } },
{ "type": "Feature", "properties": { "nombre": "Camino sin nombre", "longitud_km": 1.44 }, "geometry": { "type": "LineString", "coordinates": [ [ -66.0759, -36.3316 ], [ -66.0821, -36.3435 ] ] } },
{ "type": "Feature", "properties": { "nombre": "Camino sin nombre", "longitud_km": 1.71 }, "geometry": { "type": "LineString", "coordinates": [ [ -63.7206, -36.381 ], [ -63.7396, -36.3818 ] ] } },
{ "type": "Feature", "properties": { "nombre": "Camino sin nombre", "longitud_km": 2.49 }, "geometry": { "type": "LineString", "coordinates": [ [ -65.0608, -36.3663 ], [ -65.0605, -36.3439 ] ] } },
{ "type": "Feature", "properties": { "nombre": "Camino sin nombre", "longitud_km": 3.22 }, "geometry": { "type": "LineString", "coordinates": [ [ -66.3915, -36.3367 ], [ -66.3889, -36.3198 ], [ -66.3834, -36.3147 ], [ -66.3871, -36.3104 ] ] } },
{ "type": "Feature", "properties": { "nombre": "Camino sin nombre", "longitud_km": 3.66 }, "geometry": { "type": "LineString", "coordinates": [ [ -65.9669, -36.3509 ], [ -65.9679, -36.318 ] ] } },
{ "type": "Feature", "properties": { "nombre": "Camino sin nombre", "longitud_km": 6.13 }, "geometry": { "type": "LineString", "coordinates": [ [ -66.4857, -36.338 ], [ -66.4748, -36.3154 ], [ -66.4765, -36.2946 ], [ -66.4826, -36.2857 ] ] } },
{ "type": "Feature", "properties": { "nombre": "Camino sin nombre", "longitud_km": 1.83 }, "geometry": { "type": "LineString", "coordinates": [ [ -66.1303, -36.3321 ], [ -66.1298, -36.3486 ] ] } },
{ "type": "Feature", "properties": { "nombre": "Camino sin nombre", "longitud_km": 6.07 }, "geometry": { "type": "LineString", "coordinates": [ [ -65.8122, -36.3565 ], [ -65.8513, -36.3211 ], [ -65.8515, -36.3139 ] ] } },
{ "type": "Feature", "properties": { "nombre": "Camino sin nombre", "longitud_km": 4.61 }, "geometry": { "type": "LineString", "coordinates": [ [ -65.9191, -36.3578 ], [ -65.9216, -36.3162 ] ] } },
{ "type": "Feature", "properties": { "nombre": "Camino sin nombre", "longitud_km": 17.07 }, "geometry": { "type": "LineString", "coordinates": [ [ -63.4179, -36.4047 ], [ -63.3855, -36.3948 ], [ -63.3855, -36.269 ] ] } },
{ "type": "Feature", "properties": { "nombre": "Camino sin nombre", "longitud_km": 3.36 }, "geometry": { "type": "LineString", "coordinates": [ [ -63.7206, -36.381 ], [ -63.7207, -36.4114 ] ] } },
{ "type": "Feature", "properties": { "nombre": "Camino sin nombre", "longitud_km": 4.24 }, "geometry": { "type": "LineString", "coordinates": [ [ -63.4304, -36.3572 ], [ -63.4302, -36.3954 ] ] } },
{ "type": "Feature", "properties": { "nombre": "Camino sin nombre", "longitud_km": 0.71 }, "geometry": { "type": "LineString", "coordinates": [ [ -63.4302, -36.3954 ], [ -63.4381, -36.3951 ] ] } },
{ "type": "Feature", "properties": { "nombre": "Camino sin nombre", "longitud_km": 4.88 }, "geometry": { "type": "LineString", "coordinates": [ [ -66.7539, -36.3466 ], [ -66.7313, -36.3066 ] ] } },
{ "type": "Feature", "properties": { "nombre": "Camino sin nombre", "longitud_km": 3.51 }, "geometry": { "type": "LineString", "coordinates": [ [ -66.7746, -36.3197 ], [ -66.7539, -36.3466 ] ] } },
{ "type": "Feature", "properties": { "nombre": "Camino sin nombre", "longitud_km": 4.52 }, "geometry": { "type": "LineString", "coordinates": [ [ -66.4683, -36.3377 ], [ -66.4499, -36.3507 ], [ -66.425, -36.3568 ] ] } },
{ "type": "Feature", "properties": { "nombre": "Camino sin nombre", "longitud_km": 4.94 }, "geometry": { "type": "LineString", "coordinates": [ [ -64.0547, -36.3568 ], [ -64.0553, -36.4014 ] ] } },
{ "type": "Feature", "properties": { "nombre": "Camino sin nombre", "longitud_km": 5.02 }, "geometry": { "type": "LineString", "coordinates": [ [ -64.1112, -36.4012 ], [ -64.0553, -36.4014 ] ] } },
{ "type": "Feature", "properties": { "nombre": "Camino sin nombre", "longitud_km": 4.96 }, "geometry": { "type": "LineString", "coordinates": [ [ -64.1124, -36.3565 ], [ -64.1112, -36.4012 ] ] } },
{ "type": "Feature", "properties": { "nombre": "Camino sin nombre", "longitud_km": 5.01 }, "geometry": { "type": "LineString", "coordinates": [ [ -64.4455, -36.3977 ], [ -64.4452, -36.3526 ] ] } },
{ "type": "Feature", "properties": { "nombre": "Camino sin nombre", "longitud_km": 5.08 }, "geometry": { "type": "LineString", "coordinates": [ [ -64.5021, -36.3976 ], [ -64.4455, -36.3977 ] ] } },
{ "type": "Feature", "properties": { "nombre": "Camino sin nombre", "longitud_km": 5.04 }, "geometry": { "type": "LineString", "coordinates": [ [ -64.3898, -36.3985 ], [ -64.3896, -36.3531 ] ] } },
{ "type": "Feature", "properties": { "nombre": "Camino sin nombre", "longitud_km": 5.0 }, "geometry": { "type": "LineString", "coordinates": [ [ -64.4455, -36.3977 ], [ -64.3898, -36.3985 ] ] } },
{ "type": "Feature", "properties": { "nombre": "Camino sin nombre", "longitud_km": 4.97 }, "geometry": { "type": "LineString", "coordinates": [ [ -64.1685, -36.3562 ], [ -64.1675, -36.401 ] ] } },
{ "type": "Feature", "properties": { "nombre": "Camino sin nombre", "longitud_km": 5.05 }, "geometry": { "type": "LineString", "coordinates": [ [ -64.1675, -36.401 ], [ -64.1112, -36.4012 ] ] } },
{ "type": "Feature", "properties": { "nombre": "Camino sin nombre", "longitud_km": 4.96 }, "geometry": { "type": "LineString", "coordinates": [ [ -64.2231, -36.356 ], [ -64.223, -36.4007 ] ] } },
{ "type": "Feature", "properties": { "nombre": "Camino sin nombre", "longitud_km": 4.98 }, "geometry": { "type": "LineString", "coordinates": [ [ -64.223, -36.4007 ], [ -64.1675, -36.401 ] ] } },
{ "type": "Feature", "properties": { "nombre": "Camino sin nombre", "longitud_km": 2.54 }, "geometry": { "type": "LineString", "coordinates": [ [ -65.0612, -36.3892 ], [ -65.0608, -36.3663 ] ] } },
{ "type": "Feature", "properties": { "nombre": "Camino sin nombre", "longitud_km": 5.03 }, "geometry": { "type": "LineString", "coordinates": [ [ -64.5577, -36.3969 ], [ -64.5571, -36.3515 ] ] } },
{ "type": "Feature", "properties": { "nombre": "Camino sin nombre", "longitud_km": 1.4 }, "geometry": { "type": "LineString", "coordinates": [ [ -64.5733, -36.3966 ], [ -64.5577, -36.3969 ] ] } },
{ "type": "Feature", "properties": { "nombre": "Camino sin nombre", "longitud_km": 1.45 }, "geometry": { "type": "LineString", "coordinates": [ [ -64.5577, -36.3969 ], [ -64.5415, -36.3971 ] ] } },
{ "type": "Feature", "properties": { "nombre": "Camino sin nombre", "longitud_km": 3.54 }, "geometry": { "type": "LineString", "coordinates": [ [ -64.5415, -36.3971 ], [ -64.5021, -36.3976 ] ] } },
{ "type": "Feature", "properties": { "nombre": "Camino sin nombre", "longitud_km": 0.95 }, "geometry": { "type": "LineString", "coordinates": [ [ -63.4277, -36.4079 ], [ -63.4179, -36.4047 ] ] } },
{ "type": "Feature", "properties": { "nombre": "Camino sin nombre", "longitud_km": 4.83 }, "geometry": { "type": "LineString", "coordinates": [ [ -65.0608, -36.3663 ], [ -65.0235, -36.3798 ], [ -65.0252, -36.3901 ] ] } },
{ "type": "Feature", "properties": { "nombre": "Camino sin nombre", "longitud_km": 3.24 }, "geometry": { "type": "LineString", "coordinates": [ [ -65.0612, -36.3892 ], [ -65.0252, -36.3901 ] ] } },
{ "type": "Feature", "properties": { "nombre": "Camino sin nombre", "longitud_km": 3.23 }, "geometry": { "type": "LineString", "coordinates": [ [ -64.6132, -36.3964 ], [ -64.613, -36.3673 ] ] } },
{ "type": "Feature", "properties": { "nombre": "Camino sin nombre", "longitud_km": 2.44 }, "geometry": { "type": "LineString", "coordinates": [ [ -64.7523, -36.3946 ], [ -64.7251, -36.395 ] ] } },
{ "type": "Feature", "properties": { "nombre": "Camino sin nombre", "longitud_km": 10.25 }, "geometry": { "type": "LineString", "coordinates": [ [ -64.7208, -36.3951 ], [ -64.7209, -36.3832 ], [ -64.7247, -36.3814 ], [ -64.724, -36.3044 ] ] } },
{ "type": "Feature", "properties": { "nombre": "Camino sin nombre", "longitud_km": 0.39 }, "geometry": { "type": "LineString", "coordinates": [ [ -64.7251, -36.395 ], [ -64.7208, -36.3951 ] ] } },
{ "type": "Feature", "properties": { "nombre": "Camino sin nombre", "longitud_km": 0.89 }, "geometry": { "type": "LineString", "coordinates": [ [ -64.7208, -36.3951 ], [ -64.7109, -36.3952 ] ] } },
{ "type": "Feature", "properties": { "nombre": "Camino sin nombre", "longitud_km": 1.25 }, "geometry": { "type": "LineString", "coordinates": [ [ -64.7103, -36.384 ], [ -64.7103, -36.3953 ] ] } },
{ "type": "Feature", "properties": { "nombre": "Camino sin nombre", "longitud_km": 0.05 }, "geometry": { "type": "LineString", "coordinates": [ [ -64.7109, -36.3952 ], [ -64.7103, -36.3953 ] ] } },
{ "type": "Feature", "properties": { "nombre": "Camino sin nombre", "longitud_km": 3.58 }, "geometry": { "type": "LineString", "coordinates": [ [ -64.6132, -36.3964 ], [ -64.5733, -36.3966 ] ] } },
{ "type": "Feature", "properties": { "nombre": "Camino sin nombre", "longitud_km": 5.05 }, "geometry": { "type": "LineString", "coordinates": [ [ -64.2793, -36.4008 ], [ -64.223, -36.4007 ] ] } },
{ "type": "Feature", "properties": { "nombre": "Camino sin nombre", "longitud_km": 9.92 }, "geometry": { "type": "LineString", "coordinates": [ [ -64.3898, -36.3985 ], [ -64.2793, -36.4008 ] ] } },
{ "type": "Feature", "properties": { "nombre": "Camino sin nombre", "longitud_km": 8.71 }, "geometry": { "type": "LineString", "coordinates": [ [ -64.7103, -36.3953 ], [ -64.6132, -36.3964 ] ] } },
{ "type": "Feature", "properties": { "nombre": "Camino sin nombre", "longitud_km": 2.59 }, "geometry": { "type": "LineString", "coordinates": [ [ -64.7811, -36.3944 ], [ -64.7523, -36.3946 ] ] } },
{ "type": "Feature", "properties": { "nombre": "Camino sin nombre", "longitud_km": 8.99 }, "geometry": { "type": "LineString", "coordinates": [ [ -64.7811, -36.3944 ], [ -64.78, -36.3134 ] ] } },
{ "type": "Feature", "properties": { "nombre": "Camino sin nombre", "longitud_km": 16.73 }, "geometry": { "type": "LineString", "coordinates": [ [ -64.8647, -36.3933 ], [ -64.8667, -36.3596 ], [ -64.8465, -36.3013 ], [ -64.8543, -36.3013 ], [ -64.8545, -36.2915 ], [ -64.8642, -36.2871 ], [ -64.8573, -36.2735 ], [ -64.8572, -36.2569 ] ] } },
{ "type": "Feature", "properties": { "nombre": "Camino sin nombre", "longitud_km": 2.48 }, "geometry": { "type": "LineString", "coordinates": [ [ -64.8647, -36.3933 ], [ -64.837, -36.3938 ] ] } },
{ "type": "Feature", "properties": { "nombre": "Camino sin nombre", "longitud_km": 5.02 }, "geometry": { "type": "LineString", "coordinates": [ [ -64.837, -36.3938 ], [ -64.7811, -36.3944 ] ] } },
{ "type": "Feature", "properties": { "nombre": "Camino sin nombre", "longitud_km": 5.66 }, "geometry": { "type": "LineString", "coordinates": [ [ -65.0252, -36.3901 ], [ -64.9622, -36.3922 ] ] } },
{ "type": "Feature", "properties": { "nombre": "Camino sin nombre", "longitud_km": 8.75 }, "geometry": { "type": "LineString", "coordinates": [ [ -64.9622, -36.3922 ], [ -64.8647, -36.3933 ] ] } },
{ "type": "Feature", "properties": { "nombre": "Camino sin nombre", "longitud_km": 1.42 }, "geometry": { "type": "LineString", "coordinates": [ [ -63.4302, -36.3954 ], [ -63.4277, -36.4079 ] ] } },
{ "type": "Feature", "properties": { "nombre": "Camino sin nombre", "longitud_km": 1.57 }, "geometry": { "type": "LineString", "coordinates": [ [ -66.2282, -36.3642 ], [ -66.2108, -36.3657 ] ] } },
{ "type": "Feature", "properties": { "nombre": "Camino sin nombre", "longitud_km": 3.82 }, "geometry": { "type": "LineString", "coordinates": [ [ -66.7746, -36.3197 ], [ -66.7967, -36.3492 ] ] } },
{ "type": "Feature", "properties": { "nombre": "Camino sin nombre", "longitud_km": 3.61 }, "geometry": { "type": "LineString", "coordinates": [ [ -65.7296, -36.3552 ], [ -65.7298, -36.3702 ], [ -65.7137, -36.3819 ] ] } },
{ "type": "Feature", "properties": { "nombre": "Camino sin nombre", "longitud_km": 10.21 }, "geometry": { "type": "LineString", "coordinates": [ [ -66.8395, -36.2866 ], [ -66.8481, -36.2936 ], [ -66.8409, -36.2972 ], [ -66.8445, -36.3004 ], [ -66.8322, -36.3041 ], [ -66.8278, -36.3241 ], [ -66.8198, -36.3241 ], [ -66.8094, -36.345 ], [ -66.7967, -36.3492 ] ] } },
{ "type": "Feature", "properties": { "nombre": "Camino sin nombre", "longitud_km": 3.95 }, "geometry": { "type": "LineString", "coordinates": [ [ -65.701, -36.3515 ], [ -65.6998, -36.3723 ], [ -65.7137, -36.3819 ] ] } },
{ "type": "Feature", "properties": { "nombre": "Camino sin nombre", "longitud_km": 0.47 }, "geometry": { "type": "LineString", "coordinates": [ [ -66.241, -36.3647 ], [ -66.241, -36.3689 ] ] } },
{ "type": "Feature", "properties": { "nombre": "Camino sin nombre", "longitud_km": 3.63 }, "geometry": { "type": "LineString", "coordinates": [ [ -63.7207, -36.4114 ], [ -63.6874, -36.4118 ], [ -63.6873, -36.406 ] ] } },
{ "type": "Feature", "properties": { "nombre": "Camino sin nombre", "longitud_km": 3.59 }, "geometry": { "type": "LineString", "coordinates": [ [ -66.4028, -36.3369 ], [ -66.4077, -36.3505 ], [ -66.3965, -36.3663 ] ] } },
{ "type": "Feature", "properties": { "nombre": "Camino sin nombre", "longitud_km": 1.94 }, "geometry": { "type": "LineString", "coordinates": [ [ -65.8839, -36.3626 ], [ -65.8872, -36.3799 ] ] } },
{ "type": "Feature", "properties": { "nombre": "Camino sin nombre", "longitud_km": 3.11 }, "geometry": { "type": "LineString", "coordinates": [ [ -66.425, -36.3568 ], [ -66.4144, -36.3596 ], [ -66.4089, -36.3674 ], [ -66.3965, -36.3663 ] ] } },
{ "type": "Feature", "properties": { "nombre": "Camino sin nombre", "longitud_km": 1.21 }, "geometry": { "type": "LineString", "coordinates": [ [ -63.9429, -36.4135 ], [ -63.9565, -36.4133 ] ] } },
{ "type": "Feature", "properties": { "nombre": "Camino sin nombre", "longitud_km": 7.45 }, "geometry": { "type": "LineString", "coordinates": [ [ -66.3198, -36.373 ], [ -66.2994, -36.3697 ], [ -66.2981, -36.3657 ], [ -66.241, -36.3689 ] ] } },
{ "type": "Feature", "properties": { "nombre": "Camino sin nombre", "longitud_km": 2.96 }, "geometry": { "type": "LineString", "coordinates": [ [ -66.3526, -36.376 ], [ -66.3198, -36.373 ] ] } },
{ "type": "Feature", "properties": { "nombre": "Camino sin nombre", "longitud_km": 4.37 }, "geometry": { "type": "LineString", "coordinates": [ [ -66.3965, -36.3663 ], [ -66.3848, -36.3756 ], [ -66.3526, -36.376 ] ] } },
{ "type": "Feature", "properties": { "nombre": "Camino sin nombre", "longitud_km": 2.52 }, "geometry": { "type": "LineString", "coordinates": [ [ -65.3413, -36.4303 ], [ -65.3131, -36.4307 ] ] } },
{ "type": "Feature", "properties": { "nombre": "Camino sin nombre", "longitud_km": 14.22 }, "geometry": { "type": "LineString", "coordinates": [ [ -63.6281, -36.4476 ], [ -63.5805, -36.4474 ], [ -63.5805, -36.3577 ] ] } },
{ "type": "Feature", "properties": { "nombre": "Camino sin nombre", "longitud_km": 0.86 }, "geometry": { "type": "LineString", "coordinates": [ [ -66.3198, -36.373 ], [ -66.3223, -36.3806 ] ] } },
{ "type": "Feature", "properties": { "nombre": "Camino sin nombre", "longitud_km": 2.43 }, "geometry": { "type": "LineString", "coordinates": [ [ -64.7523, -36.3946 ], [ -64.7469, -36.416 ] ] } },
{ "type": "Feature", "properties": { "nombre": "Camino sin nombre", "longitud_km": 2.52 }, "geometry": { "type": "LineString", "coordinates": [ [ -64.5733, -36.3966 ], [ -64.5773, -36.4191 ] ] } },
{ "type": "Feature", "properties": { "nombre": "Camino sin nombre", "longitud_km": 6.15 }, "geometry": { "type": "LineString", "coordinates": [ [ -65.1724, -36.4099 ], [ -65.1721, -36.3546 ] ] } },
{ "type": "Feature", "properties": { "nombre": "Camino sin nombre", "longitud_km": 7.19 }, "geometry": { "type": "LineString", "coordinates": [ [ -66.9739, -36.3641 ], [ -66.9597, -36.359 ], [ -66.9462, -36.3079 ] ] } },
{ "type": "Feature", "properties": { "nombre": "Camino sin nombre", "longitud_km": 5.92 }, "geometry": { "type": "LineString", "coordinates": [ [ -66.9739, -36.3641 ], [ -66.9871, -36.3485 ], [ -67.0104, -36.3361 ], [ -67.0186, -36.3262 ] ] } },
{ "type": "Feature", "properties": { "nombre": "Camino sin nombre", "longitud_km": 12.65 }, "geometry": { "type": "LineString", "coordinates": [ [ -65.8872, -36.3799 ], [ -65.9022, -36.396 ], [ -65.9653, -36.3936 ], [ -65.9669, -36.3509 ] ] } },
{ "type": "Feature", "properties": { "nombre": "Camino sin nombre", "longitud_km": 3.01 }, "geometry": { "type": "LineString", "coordinates": [ [ -64.9622, -36.3922 ], [ -64.9688, -36.4028 ], [ -64.9675, -36.4181 ] ] } },
{ "type": "Feature", "properties": { "nombre": "Camino sin nombre", "longitud_km": 5.01 }, "geometry": { "type": "LineString", "coordinates": [ [ -64.1675, -36.401 ], [ -64.1679, -36.4461 ] ] } },
{ "type": "Feature", "properties": { "nombre": "Camino sin nombre", "longitud_km": 9.19 }, "geometry": { "type": "LineString", "coordinates": [ [ -65.5644, -36.4089 ], [ -65.5544, -36.405 ], [ -65.5348, -36.3831 ], [ -65.5377, -36.369 ], [ -65.5303, -36.3486 ], [ -65.5311, -36.3374 ] ] } },
{ "type": "Feature", "properties": { "nombre": "Camino sin nombre", "longitud_km": 5.07 }, "geometry": { "type": "LineString", "coordinates": [ [ -66.7967, -36.3492 ], [ -66.7837, -36.3542 ], [ -66.7849, -36.3653 ], [ -66.7767, -36.3708 ], [ -66.7782, -36.385 ] ] } },
{ "type": "Feature", "properties": { "nombre": "Camino sin nombre", "longitud_km": 8.44 }, "geometry": { "type": "LineString", "coordinates": [ [ -65.1165, -36.4267 ], [ -65.1161, -36.3506 ] ] } },
{ "type": "Feature", "properties": { "nombre": "Camino sin nombre", "longitud_km": 8.13 }, "geometry": { "type": "LineString", "coordinates": [ [ -65.0612, -36.3892 ], [ -65.0946, -36.3882 ], [ -65.0956, -36.4144 ], [ -65.1042, -36.4142 ], [ -65.1058, -36.4272 ] ] } },
{ "type": "Feature", "properties": { "nombre": "Camino sin nombre", "longitud_km": 5.7 }, "geometry": { "type": "LineString", "coordinates": [ [ -65.1724, -36.4099 ], [ -65.1476, -36.4268 ], [ -65.1165, -36.4267 ] ] } },
{ "type": "Feature", "properties": { "nombre": "Camino sin nombre", "longitud_km": 2.54 }, "geometry": { "type": "LineString", "coordinates": [ [ -64.4187, -36.4432 ], [ -64.3903, -36.4437 ] ] } },
{ "type": "Feature", "properties": { "nombre": "Camino sin nombre", "longitud_km": 1.54 }, "geometry": { "type": "LineString", "coordinates": [ [ -65.8089, -36.4145 ], [ -65.7952, -36.4061 ] ] } },
{ "type": "Feature", "properties": { "nombre": "Camino sin nombre", "longitud_km": 8.77 }, "geometry": { "type": "LineString", "coordinates": [ [ -65.8872, -36.3799 ], [ -65.8661, -36.3914 ], [ -65.8097, -36.4031 ], [ -65.8089, -36.4145 ] ] } },
{ "type": "Feature", "properties": { "nombre": "Camino sin nombre", "longitud_km": 0.77 }, "geometry": { "type": "LineString", "coordinates": [ [ -65.8089, -36.4145 ], [ -65.8175, -36.4147 ] ] } },
{ "type": "Feature", "properties": { "nombre": "Camino sin nombre", "longitud_km": 0.06 }, "geometry": { "type": "LineString", "coordinates": [ [ -64.1679, -36.4461 ], [ -64.1672, -36.4461 ] ] } },
{ "type": "Feature", "properties": { "nombre": "Camino sin nombre", "longitud_km": 1.31 }, "geometry": { "type": "LineString", "coordinates": [ [ -64.5029, -36.4422 ], [ -64.5174, -36.4422 ] ] } },
{ "type": "Feature", "properties": { "nombre": "Camino sin nombre", "longitud_km": 5.09 }, "geometry": { "type": "LineString", "coordinates": [ [ -65.5644, -36.4089 ], [ -65.5887, -36.4103 ], [ -65.6188, -36.4201 ] ] } },
{ "type": "Feature", "properties": { "nombre": "Camino sin nombre", "longitud_km": 12.72 }, "geometry": { "type": "LineString", "coordinates": [ [ -65.6188, -36.4201 ], [ -65.6162, -36.3055 ] ] } },
{ "type": "Feature", "properties": { "nombre": "Camino sin nombre", "longitud_km": 0.81 }, "geometry": { "type": "LineString", "coordinates": [ [ -63.637, -36.4477 ], [ -63.6281, -36.4476 ] ] } },
{ "type": "Feature", "properties": { "nombre": "Camino sin nombre", "longitud_km": 9.98 }, "geometry": { "type": "LineString", "coordinates": [ [ -63.6363, -36.3577 ], [ -63.637, -36.4477 ] ] } },
{ "type": "Feature", "properties": { "nombre": "Camino sin nombre", "longitud_km": 4.73 }, "geometry": { "type": "LineString", "coordinates": [ [ -65.0614, -36.4318 ], [ -65.0612, -36.3892 ] ] } },
{ "type": "Feature", "properties": { "nombre": "Camino sin nombre", "longitud_km": 7.52 }, "geometry": { "type": "LineString", "coordinates": [ [ -63.7209, -36.448 ], [ -63.637, -36.4477 ] ] } },
{ "type": "Feature", "properties": { "nombre": "Camino sin nombre", "longitud_km": 4.06 }, "geometry": { "type": "LineString", "coordinates": [ [ -63.7207, -36.4114 ], [ -63.7209, -36.448 ] ] } },
{ "type": "Feature", "properties": { "nombre": "Camino sin nombre", "longitud_km": 9.95 }, "geometry": { "type": "LineString", "coordinates": [ [ -63.8319, -36.447 ], [ -63.7209, -36.448 ] ] } },
{ "type": "Feature", "properties": { "nombre": "Camino sin nombre", "longitud_km": 9.98 }, "geometry": { "type": "LineString", "coordinates": [ [ -63.9432, -36.4469 ], [ -63.8319, -36.447 ] ] } },
{ "type": "Feature", "properties": { "nombre": "Camino sin nombre", "longitud_km": 2.35 }, "geometry": { "type": "LineString", "coordinates": [ [ -63.9694, -36.4468 ], [ -63.9432, -36.4469 ] ] } },
{ "type": "Feature", "properties": { "nombre": "Camino sin nombre", "longitud_km": 9.46 }, "geometry": { "type": "LineString", "coordinates": [ [ -64.65, -36.4398 ], [ -64.6592, -36.4322 ], [ -64.6623, -36.4178 ], [ -64.711, -36.4159 ], [ -64.7109, -36.3952 ] ] } },
{ "type": "Feature", "properties": { "nombre": "Camino sin nombre", "longitud_km": 6.81 }, "geometry": { "type": "LineString", "coordinates": [ [ -64.0453, -36.4467 ], [ -63.9694, -36.4468 ] ] } },
{ "type": "Feature", "properties": { "nombre": "Camino sin nombre", "longitud_km": 0.92 }, "geometry": { "type": "LineString", "coordinates": [ [ -64.0556, -36.4467 ], [ -64.0453, -36.4467 ] ] } },
{ "type": "Feature", "properties": { "nombre": "Camino sin nombre", "longitud_km": 5.03 }, "geometry": { "type": "LineString", "coordinates": [ [ -64.0553, -36.4014 ], [ -64.0556, -36.4467 ] ] } },
{ "type": "Feature", "properties": { "nombre": "Camino sin nombre", "longitud_km": 1.59 }, "geometry": { "type": "LineString", "coordinates": [ [ -64.4187, -36.4432 ], [ -64.4293, -36.4318 ] ] } },
{ "type": "Feature", "properties": { "nombre": "Camino sin nombre", "longitud_km": 5.03 }, "geometry": { "type": "LineString", "coordinates": [ [ -64.1112, -36.4012 ], [ -64.1112, -36.4465 ] ] } },
{ "type": "Feature", "properties": { "nombre": "Camino sin nombre", "longitud_km": 3.22 }, "geometry": { "type": "LineString", "coordinates": [ [ -64.0915, -36.4468 ], [ -64.0556, -36.4467 ] ] } },
{ "type": "Feature", "properties": { "nombre": "Camino sin nombre", "longitud_km": 1.77 }, "geometry": { "type": "LineString", "coordinates": [ [ -64.1112, -36.4465 ], [ -64.0915, -36.4468 ] ] } },
{ "type": "Feature", "properties": { "nombre": "Camino sin nombre", "longitud_km": 5.02 }, "geometry": { "type": "LineString", "coordinates": [ [ -64.3903, -36.4437 ], [ -64.3898, -36.3985 ] ] } },
{ "type": "Feature", "properties": { "nombre": "Camino sin nombre", "longitud_km": 6.58 }, "geometry": { "type": "LineString", "coordinates": [ [ -64.5174, -36.4422 ], [ -64.5177, -36.4197 ], [ -64.5408, -36.4145 ], [ -64.5415, -36.3971 ] ] } },
{ "type": "Feature", "properties": { "nombre": "Camino sin nombre", "longitud_km": 5.02 }, "geometry": { "type": "LineString", "coordinates": [ [ -64.1672, -36.4461 ], [ -64.1112, -36.4465 ] ] } },
{ "type": "Feature", "properties": { "nombre": "Camino sin nombre", "longitud_km": 4.99 }, "geometry": { "type": "LineString", "coordinates": [ [ -64.5587, -36.4418 ], [ -64.5577, -36.3969 ] ] } },
{ "type": "Feature", "properties": { "nombre": "Camino sin nombre", "longitud_km": 4.98 }, "geometry": { "type": "LineString", "coordinates": [ [ -64.5587, -36.4418 ], [ -64.6143, -36.4411 ] ] } },
{ "type": "Feature", "properties": { "nombre": "Camino sin nombre", "longitud_km": 4.96 }, "geometry": { "type": "LineString", "coordinates": [ [ -64.6143, -36.4411 ], [ -64.6132, -36.3964 ] ] } },
{ "type": "Feature", "properties": { "nombre": "Camino sin nombre", "longitud_km": 4.97 }, "geometry": { "type": "LineString", "coordinates": [ [ -64.2233, -36.4458 ], [ -64.1679, -36.4461 ] ] } },
{ "type": "Feature", "properties": { "nombre": "Camino sin nombre", "longitud_km": 5.01 }, "geometry": { "type": "LineString", "coordinates": [ [ -64.223, -36.4007 ], [ -64.2233, -36.4458 ] ] } },
{ "type": "Feature", "properties": { "nombre": "Camino sin nombre", "longitud_km": 3.7 }, "geometry": { "type": "LineString", "coordinates": [ [ -64.5174, -36.4422 ], [ -64.5587, -36.4418 ] ] } },
{ "type": "Feature", "properties": { "nombre": "Camino sin nombre", "longitud_km": 2.45 }, "geometry": { "type": "LineString", "coordinates": [ [ -64.6143, -36.4411 ], [ -64.6416, -36.4409 ] ] } },
{ "type": "Feature", "properties": { "nombre": "Camino sin nombre", "longitud_km": 0.76 }, "geometry": { "type": "LineString", "coordinates": [ [ -64.6416, -36.4409 ], [ -64.65, -36.4398 ] ] } },
{ "type": "Feature", "properties": { "nombre": "Camino sin nombre", "longitud_km": 4.99 }, "geometry": { "type": "LineString", "coordinates": [ [ -64.3903, -36.4437 ], [ -64.3347, -36.4449 ] ] } },
{ "type": "Feature", "properties": { "nombre": "Camino sin nombre", "longitud_km": 1.98 }, "geometry": { "type": "LineString", "coordinates": [ [ -66.7587, -36.3933 ], [ -66.7782, -36.385 ] ] } },
{ "type": "Feature", "properties": { "nombre": "Camino sin nombre", "longitud_km": 5.07 }, "geometry": { "type": "LineString", "coordinates": [ [ -64.2798, -36.4457 ], [ -64.2233, -36.4458 ] ] } },
{ "type": "Feature", "properties": { "nombre": "Camino sin nombre", "longitud_km": 4.92 }, "geometry": { "type": "LineString", "coordinates": [ [ -64.3347, -36.4449 ], [ -64.2798, -36.4457 ] ] } },
{ "type": "Feature", "properties": { "nombre": "Camino sin nombre", "longitud_km": 15.11 }, "geometry": { "type": "LineString", "coordinates": [ [ -65.2853, -36.4313 ], [ -65.2672, -36.4316 ], [ -65.263, -36.409 ], [ -65.2293, -36.4093 ], [ -65.2292, -36.4007 ], [ -65.2201, -36.3889 ], [ -65.2045, -36.398 ], [ -65.1975, -36.4098 ], [ -65.1724, -36.4099 ] ] } },
{ "type": "Feature", "properties": { "nombre": "Camino sin nombre", "longitud_km": 2.5 }, "geometry": { "type": "LineString", "coordinates": [ [ -65.3131, -36.4307 ], [ -65.2853, -36.4313 ] ] } },
{ "type": "Feature", "properties": { "nombre": "Camino sin nombre", "longitud_km": 10.36 }, "geometry": { "type": "LineString", "coordinates": [ [ -65.3413, -36.4303 ], [ -65.3416, -36.3775 ], [ -65.3495, -36.3712 ], [ -65.3408, -36.3404 ] ] } },
{ "type": "Feature", "properties": { "nombre": "Camino sin nombre", "longitud_km": 5.03 }, "geometry": { "type": "LineString", "coordinates": [ [ -65.3973, -36.4298 ], [ -65.3413, -36.4303 ] ] } },
{ "type": "Feature", "properties": { "nombre": "Camino sin nombre", "longitud_km": 5.91 }, "geometry": { "type": "LineString", "coordinates": [ [ -65.0614, -36.4318 ], [ -65.1162, -36.4355 ], [ -65.1165, -36.4267 ] ] } },
{ "type": "Feature", "properties": { "nombre": "Camino sin nombre", "longitud_km": 6.22 }, "geometry": { "type": "LineString", "coordinates": [ [ -65.5087, -36.4285 ], [ -65.5087, -36.4193 ], [ -65.5336, -36.4185 ], [ -65.5644, -36.4089 ] ] } },
{ "type": "Feature", "properties": { "nombre": "Camino sin nombre", "longitud_km": 8.16 }, "geometry": { "type": "LineString", "coordinates": [ [ -66.7539, -36.3466 ], [ -66.7248, -36.3766 ], [ -66.7433, -36.394 ], [ -66.7587, -36.3933 ] ] } },
{ "type": "Feature", "properties": { "nombre": "Camino sin nombre", "longitud_km": 10.04 }, "geometry": { "type": "LineString", "coordinates": [ [ -65.5087, -36.4285 ], [ -65.4785, -36.4333 ], [ -65.3973, -36.4298 ] ] } },
{ "type": "Feature", "properties": { "nombre": "Camino sin nombre", "longitud_km": 1.01 }, "geometry": { "type": "LineString", "coordinates": [ [ -64.4249, -36.4508 ], [ -64.4187, -36.4432 ] ] } },
{ "type": "Feature", "properties": { "nombre": "Camino sin nombre", "longitud_km": 4.37 }, "geometry": { "type": "LineString", "coordinates": [ [ -66.6747, -36.4032 ], [ -66.7155, -36.3817 ] ] } },
{ "type": "Feature", "properties": { "nombre": "Camino sin nombre", "longitud_km": 14.79 }, "geometry": { "type": "LineString", "coordinates": [ [ -67.1834, -36.2588 ], [ -67.1612, -36.3457 ], [ -67.1624, -36.3902 ] ] } },
{ "type": "Feature", "properties": { "nombre": "Camino sin nombre", "longitud_km": 5.42 }, "geometry": { "type": "LineString", "coordinates": [ [ -65.6665, -36.4064 ], [ -65.6769, -36.4142 ], [ -65.6771, -36.4191 ], [ -65.7125, -36.4344 ] ] } },
{ "type": "Feature", "properties": { "nombre": "Camino sin nombre", "longitud_km": 7.1 }, "geometry": { "type": "LineString", "coordinates": [ [ -65.7137, -36.3819 ], [ -65.7124, -36.3998 ], [ -65.7188, -36.4119 ], [ -65.7266, -36.4121 ], [ -65.7257, -36.4233 ], [ -65.7125, -36.4344 ] ] } },
{ "type": "Feature", "properties": { "nombre": "Camino sin nombre", "longitud_km": 0.88 }, "geometry": { "type": "LineString", "coordinates": [ [ -63.4701, -36.4262 ], [ -63.4695, -36.4341 ] ] } },
{ "type": "Feature", "properties": { "nombre": "Camino sin nombre", "longitud_km": 6.8 }, "geometry": { "type": "LineString", "coordinates": [ [ -64.8556, -36.4526 ], [ -64.8653, -36.4383 ], [ -64.8647, -36.3933 ] ] } },
{ "type": "Feature", "properties": { "nombre": "Camino sin nombre", "longitud_km": 8.9 }, "geometry": { "type": "LineString", "coordinates": [ [ -66.8997, -36.4056 ], [ -66.88, -36.396 ], [ -66.8662, -36.3812 ], [ -66.8545, -36.381 ], [ -66.8303, -36.3537 ] ] } },
{ "type": "Feature", "properties": { "nombre": "Camino sin nombre", "longitud_km": 13.41 }, "geometry": { "type": "LineString", "coordinates": [ [ -66.8744, -36.2956 ], [ -66.8681, -36.3197 ], [ -66.8942, -36.339 ], [ -66.9007, -36.351 ], [ -66.8997, -36.4056 ] ] } },
{ "type": "Feature", "properties": { "nombre": "Camino sin nombre", "longitud_km": 14.19 }, "geometry": { "type": "LineString", "coordinates": [ [ -67.3036, -36.2955 ], [ -67.2945, -36.3544 ], [ -67.2845, -36.3508 ], [ -67.2573, -36.3628 ], [ -67.2406, -36.3947 ] ] } },
{ "type": "Feature", "properties": { "nombre": "Camino sin nombre", "longitud_km": 2.74 }, "geometry": { "type": "LineString", "coordinates": [ [ -63.6176, -36.4694 ], [ -63.6278, -36.4587 ], [ -63.6281, -36.4476 ] ] } },
{ "type": "Feature", "properties": { "nombre": "Camino sin nombre", "longitud_km": 9.56 }, "geometry": { "type": "LineString", "coordinates": [ [ -66.5183, -36.3386 ], [ -66.5311, -36.3778 ], [ -66.5457, -36.3971 ], [ -66.5466, -36.42 ] ] } },
{ "type": "Feature", "properties": { "nombre": "Camino sin nombre", "longitud_km": 6.44 }, "geometry": { "type": "LineString", "coordinates": [ [ -64.0349, -36.4691 ], [ -63.9884, -36.4576 ], [ -63.9694, -36.4468 ] ] } },
{ "type": "Feature", "properties": { "nombre": "Camino sin nombre", "longitud_km": 2.66 }, "geometry": { "type": "LineString", "coordinates": [ [ -64.0453, -36.4467 ], [ -64.0349, -36.4691 ] ] } },
{ "type": "Feature", "properties": { "nombre": "Camino sin nombre", "longitud_km": 3.73 }, "geometry": { "type": "LineString", "coordinates": [ [ -64.894, -36.4527 ], [ -64.8786, -36.459 ], [ -64.8556, -36.4526 ] ] } },
{ "type": "Feature", "properties": { "nombre": "Camino sin nombre", "longitud_km": 4.52 }, "geometry": { "type": "LineString", "coordinates": [ [ -65.7125, -36.4344 ], [ -65.7347, -36.4427 ], [ -65.7501, -36.4405 ], [ -65.7566, -36.434 ] ] } },
{ "type": "Feature", "properties": { "nombre": "Camino sin nombre", "longitud_km": 8.23 }, "geometry": { "type": "LineString", "coordinates": [ [ -64.894, -36.4527 ], [ -64.911, -36.4592 ], [ -64.9225, -36.4572 ], [ -64.9263, -36.4376 ], [ -64.9214, -36.4323 ], [ -64.9208, -36.4154 ], [ -64.9147, -36.412 ] ] } },
{ "type": "Feature", "properties": { "nombre": "Camino sin nombre", "longitud_km": 2.19 }, "geometry": { "type": "LineString", "coordinates": [ [ -64.8385, -36.4595 ], [ -64.8516, -36.461 ], [ -64.8556, -36.4526 ] ] } },
{ "type": "Feature", "properties": { "nombre": "Camino sin nombre", "longitud_km": 0.93 }, "geometry": { "type": "LineString", "coordinates": [ [ -64.0446, -36.472 ], [ -64.0349, -36.4691 ] ] } },
{ "type": "Feature", "properties": { "nombre": "Camino sin nombre", "longitud_km": 1.86 }, "geometry": { "type": "LineString", "coordinates": [ [ -63.637, -36.4755 ], [ -63.6176, -36.4694 ] ] } },
{ "type": "Feature", "properties": { "nombre": "Camino sin nombre", "longitud_km": 3.09 }, "geometry": { "type": "LineString", "coordinates": [ [ -63.637, -36.4477 ], [ -63.637, -36.4755 ] ] } },
{ "type": "Feature", "properties": { "nombre": "Camino sin nombre", "longitud_km": 0.51 }, "geometry": { "type": "LineString", "coordinates": [ [ -67.1431, -36.4023 ], [ -67.1391, -36.4056 ] ] } },
{ "type": "Feature", "properties": { "nombre": "Camino sin nombre", "longitud_km": 1.8 }, "geometry": { "type": "LineString", "coordinates": [ [ -64.5234, -36.4694 ], [ -64.5033, -36.4691 ] ] } },
{ "type": "Feature", "properties": { "nombre": "Camino sin nombre", "longitud_km": 5.06 }, "geometry": { "type": "LineString", "coordinates": [ [ -64.3915, -36.4893 ], [ -64.3903, -36.4437 ] ] } },
{ "type": "Feature", "properties": { "nombre": "Camino sin nombre", "longitud_km": 10.15 }, "geometry": { "type": "LineString", "coordinates": [ [ -66.4857, -36.4295 ], [ -66.4742, -36.4281 ], [ -66.4431, -36.3914 ], [ -66.425, -36.3568 ] ] } },
{ "type": "Feature", "properties": { "nombre": "Camino sin nombre", "longitud_km": 0.32 }, "geometry": { "type": "LineString", "coordinates": [ [ -66.4893, -36.4296 ], [ -66.4857, -36.4295 ] ] } },
{ "type": "Feature", "properties": { "nombre": "Camino sin nombre", "longitud_km": 3.61 }, "geometry": { "type": "LineString", "coordinates": [ [ -65.0619, -36.4643 ], [ -65.0614, -36.4318 ] ] } },
{ "type": "Feature", "properties": { "nombre": "Camino sin nombre", "longitud_km": 2.25 }, "geometry": { "type": "LineString", "coordinates": [ [ -65.0619, -36.4643 ], [ -65.0368, -36.4641 ] ] } },
{ "type": "Feature", "properties": { "nombre": "Camino sin nombre", "longitud_km": 2.91 }, "geometry": { "type": "LineString", "coordinates": [ [ -64.075, -36.4814 ], [ -64.0446, -36.472 ] ] } },
{ "type": "Feature", "properties": { "nombre": "Camino sin nombre", "longitud_km": 4.12 }, "geometry": { "type": "LineString", "coordinates": [ [ -64.0915, -36.4468 ], [ -64.075, -36.4814 ] ] } },
{ "type": "Feature", "properties": { "nombre": "Camino sin nombre", "longitud_km": 1.38 }, "geometry": { "type": "LineString", "coordinates": [ [ -66.5029, -36.4353 ], [ -66.4893, -36.4296 ] ] } },
{ "type": "Feature", "properties": { "nombre": "Camino sin nombre", "longitud_km": 4.27 }, "geometry": { "type": "LineString", "coordinates": [ [ -66.5029, -36.4353 ], [ -66.5466, -36.42 ] ] } },
{ "type": "Feature", "properties": { "nombre": "Camino sin nombre", "longitud_km": 5.22 }, "geometry": { "type": "LineString", "coordinates": [ [ -66.7782, -36.385 ], [ -66.7878, -36.3911 ], [ -66.802, -36.4265 ] ] } },
{ "type": "Feature", "properties": { "nombre": "Camino sin nombre", "longitud_km": 8.22 }, "geometry": { "type": "LineString", "coordinates": [ [ -67.0229, -36.422 ], [ -66.9986, -36.401 ], [ -66.9897, -36.371 ], [ -66.9739, -36.3641 ] ] } },
{ "type": "Feature", "properties": { "nombre": "Camino sin nombre", "longitud_km": 9.41 }, "geometry": { "type": "LineString", "coordinates": [ [ -64.7262, -36.4798 ], [ -64.7251, -36.395 ] ] } },
{ "type": "Feature", "properties": { "nombre": "Camino sin nombre", "longitud_km": 5.77 }, "geometry": { "type": "LineString", "coordinates": [ [ -64.1353, -36.4998 ], [ -64.075, -36.4814 ] ] } },
{ "type": "Feature", "properties": { "nombre": "Camino sin nombre", "longitud_km": 3.31 }, "geometry": { "type": "LineString", "coordinates": [ [ -66.8997, -36.4056 ], [ -66.8998, -36.4354 ] ] } },
{ "type": "Feature", "properties": { "nombre": "Camino sin nombre", "longitud_km": 4.97 }, "geometry": { "type": "LineString", "coordinates": [ [ -64.3352, -36.4898 ], [ -64.3347, -36.4449 ] ] } },
{ "type": "Feature", "properties": { "nombre": "Camino sin nombre", "longitud_km": 4.32 }, "geometry": { "type": "LineString", "coordinates": [ [ -64.3352, -36.4898 ], [ -64.3635, -36.4893 ], [ -64.3632, -36.4731 ] ] } },
{ "type": "Feature", "properties": { "nombre": "Camino sin nombre", "longitud_km": 5.35 }, "geometry": { "type": "LineString", "coordinates": [ [ -66.7587, -36.3933 ], [ -66.7712, -36.4175 ], [ -66.7617, -36.4381 ] ] } },
{ "type": "Feature", "properties": { "nombre": "Camino sin nombre", "longitud_km": 4.0 }, "geometry": { "type": "LineString", "coordinates": [ [ -66.802, -36.4265 ], [ -66.7843, -36.4369 ], [ -66.7617, -36.4381 ] ] } },
{ "type": "Feature", "properties": { "nombre": "Camino sin nombre", "longitud_km": 10.04 }, "geometry": { "type": "LineString", "coordinates": [ [ -64.5035, -36.4875 ], [ -64.3915, -36.4893 ] ] } },
{ "type": "Feature", "properties": { "nombre": "Camino sin nombre", "longitud_km": 9.11 }, "geometry": { "type": "LineString", "coordinates": [ [ -66.7617, -36.4381 ], [ -66.7174, -36.4336 ], [ -66.6747, -36.4032 ] ] } },
{ "type": "Feature", "properties": { "nombre": "Camino sin nombre", "longitud_km": 2.49 }, "geometry": { "type": "LineString", "coordinates": [ [ -65.2858, -36.4762 ], [ -65.3135, -36.4758 ] ] } },
{ "type": "Feature", "properties": { "nombre": "Camino sin nombre", "longitud_km": 5.0 }, "geometry": { "type": "LineString", "coordinates": [ [ -65.3135, -36.4758 ], [ -65.3131, -36.4307 ] ] } },
{ "type": "Feature", "properties": { "nombre": "Camino sin nombre", "longitud_km": 2.6 }, "geometry": { "type": "LineString", "coordinates": [ [ -65.3135, -36.4758 ], [ -65.3425, -36.4757 ] ] } },
{ "type": "Feature", "properties": { "nombre": "Camino sin nombre", "longitud_km": 5.04 }, "geometry": { "type": "LineString", "coordinates": [ [ -65.3425, -36.4757 ], [ -65.3413, -36.4303 ] ] } },
{ "type": "Feature", "properties": { "nombre": "Camino sin nombre", "longitud_km": 4.92 }, "geometry": { "type": "LineString", "coordinates": [ [ -65.5098, -36.4728 ], [ -65.5087, -36.4285 ] ] } },
{ "type": "Feature", "properties": { "nombre": "Camino sin nombre", "longitud_km": 5.01 }, "geometry": { "type": "LineString", "coordinates": [ [ -65.3425, -36.4757 ], [ -65.3984, -36.4753 ] ] } },
{ "type": "Feature", "properties": { "nombre": "Camino sin nombre", "longitud_km": 9.99 }, "geometry": { "type": "LineString", "coordinates": [ [ -65.3984, -36.4753 ], [ -65.5098, -36.4728 ] ] } },
{ "type": "Feature", "properties": { "nombre": "Camino sin nombre", "longitud_km": 3.94 }, "geometry": { "type": "LineString", "coordinates": [ [ -65.2231, -36.4791 ], [ -65.2671, -36.4788 ] ] } },
{ "type": "Feature", "properties": { "nombre": "Camino sin nombre", "longitud_km": 1.67 }, "geometry": { "type": "LineString", "coordinates": [ [ -65.2671, -36.4788 ], [ -65.2857, -36.4774 ] ] } },
{ "type": "Feature", "properties": { "nombre": "Camino sin nombre", "longitud_km": 5.99 }, "geometry": { "type": "LineString", "coordinates": [ [ -64.6616, -36.4902 ], [ -64.6583, -36.4781 ], [ -64.6635, -36.4702 ], [ -64.6613, -36.4587 ], [ -64.65, -36.4398 ] ] } },
{ "type": "Feature", "properties": { "nombre": "Camino sin nombre", "longitud_km": 5.9 }, "geometry": { "type": "LineString", "coordinates": [ [ -64.7262, -36.4798 ], [ -64.6616, -36.4902 ] ] } },
{ "type": "Feature", "properties": { "nombre": "Camino sin nombre", "longitud_km": 4.75 }, "geometry": { "type": "LineString", "coordinates": [ [ -67.0168, -36.4378 ], [ -66.9638, -36.4374 ] ] } },
{ "type": "Feature", "properties": { "nombre": "Camino sin nombre", "longitud_km": 8.0 }, "geometry": { "type": "LineString", "coordinates": [ [ -63.7209, -36.5002 ], [ -63.637, -36.4755 ] ] } },
{ "type": "Feature", "properties": { "nombre": "Camino sin nombre", "longitud_km": 5.79 }, "geometry": { "type": "LineString", "coordinates": [ [ -63.7209, -36.448 ], [ -63.7209, -36.5002 ] ] } },
{ "type": "Feature", "properties": { "nombre": "Camino sin nombre", "longitud_km": 5.74 }, "geometry": { "type": "LineString", "coordinates": [ [ -66.9638, -36.4374 ], [ -66.8998, -36.4354 ] ] } },
{ "type": "Feature", "properties": { "nombre": "Camino sin nombre", "longitud_km": 6.1 }, "geometry": { "type": "LineString", "coordinates": [ [ -65.6207, -36.475 ], [ -65.6188, -36.4201 ] ] } },
{ "type": "Feature", "properties": { "nombre": "Camino sin nombre", "longitud_km": 2.5 }, "geometry": { "type": "LineString", "coordinates": [ [ -65.0619, -36.4868 ], [ -65.0619, -36.4643 ] ] } },
{ "type": "Feature", "properties": { "nombre": "Camino sin nombre", "longitud_km": 4.26 }, "geometry": { "type": "LineString", "coordinates": [ [ -66.5466, -36.42 ], [ -66.5656, -36.4338 ], [ -66.5695, -36.4513 ] ] } },
{ "type": "Feature", "properties": { "nombre": "Camino sin nombre", "longitud_km": 10.83 }, "geometry": { "type": "LineString", "coordinates": [ [ -66.5695, -36.4513 ], [ -66.6747, -36.4032 ] ] } },
{ "type": "Feature", "properties": { "nombre": "Camino sin nombre", "longitud_km": 14.7 }, "geometry": { "type": "LineString", "coordinates": [ [ -65.0619, -36.4868 ], [ -65.1104, -36.4862 ], [ -65.1178, -36.4805 ], [ -65.2231, -36.4791 ] ] } },
{ "type": "Feature", "properties": { "nombre": "Camino sin nombre", "longitud_km": 9.22 }, "geometry": { "type": "LineString", "coordinates": [ [ -64.5035, -36.4875 ], [ -64.5585, -36.4958 ], [ -64.6054, -36.4956 ] ] } },
{ "type": "Feature", "properties": { "nombre": "Camino sin nombre", "longitud_km": 7.38 }, "geometry": { "type": "LineString", "coordinates": [ [ -64.6054, -36.4956 ], [ -64.6039, -36.4762 ], [ -64.6077, -36.4687 ], [ -64.6416, -36.4409 ] ] } },
{ "type": "Feature", "properties": { "nombre": "Camino sin nombre", "longitud_km": 3.0 }, "geometry": { "type": "LineString", "coordinates": [ [ -66.5261, -36.4549 ], [ -66.5029, -36.4353 ] ] } },
{ "type": "Feature", "properties": { "nombre": "Camino sin nombre", "longitud_km": 12.99 }, "geometry": { "type": "LineString", "coordinates": [ [ -67.1391, -36.4056 ], [ -67.1221, -36.4299 ], [ -67.105, -36.4301 ], [ -67.0981, -36.4379 ], [ -67.0168, -36.4378 ] ] } },
{ "type": "Feature", "properties": { "nombre": "Camino sin nombre", "longitud_km": 0.91 }, "geometry": { "type": "LineString", "coordinates": [ [ -63.7209, -36.5002 ], [ -63.7209, -36.5084 ] ] } },
{ "type": "Feature", "properties": { "nombre": "Camino sin nombre", "longitud_km": 7.59 }, "geometry": { "type": "LineString", "coordinates": [ [ -63.86, -36.5085 ], [ -63.9142, -36.5067 ], [ -63.944, -36.5116 ] ] } },
{ "type": "Feature", "properties": { "nombre": "Camino sin nombre", "longitud_km": 2.48 }, "geometry": { "type": "LineString", "coordinates": [ [ -63.86, -36.5085 ], [ -63.8322, -36.5087 ] ] } },
{ "type": "Feature", "properties": { "nombre": "Camino sin nombre", "longitud_km": 10.15 }, "geometry": { "type": "LineString", "coordinates": [ [ -63.8322, -36.5087 ], [ -63.7522, -36.5092 ], [ -63.7209, -36.5002 ] ] } },
{ "type": "Feature", "properties": { "nombre": "Camino sin nombre", "longitud_km": 1.41 }, "geometry": { "type": "LineString", "coordinates": [ [ -66.9638, -36.4374 ], [ -66.9561, -36.4485 ] ] } },
{ "type": "Feature", "properties": { "nombre": "Camino sin nombre", "longitud_km": 10.77 }, "geometry": { "type": "LineString", "coordinates": [ [ -66.3526, -36.376 ], [ -66.3724, -36.4175 ], [ -66.3771, -36.4478 ], [ -66.3906, -36.4669 ] ] } },
{ "type": "Feature", "properties": { "nombre": "Camino sin nombre", "longitud_km": 9.65 }, "geometry": { "type": "LineString", "coordinates": [ [ -66.4857, -36.4295 ], [ -66.4631, -36.4441 ], [ -66.4018, -36.4593 ], [ -66.3906, -36.4669 ] ] } },
{ "type": "Feature", "properties": { "nombre": "Camino sin nombre", "longitud_km": 3.17 }, "geometry": { "type": "LineString", "coordinates": [ [ -64.1685, -36.5095 ], [ -64.1353, -36.4998 ] ] } },
{ "type": "Feature", "properties": { "nombre": "Camino sin nombre", "longitud_km": 7.04 }, "geometry": { "type": "LineString", "coordinates": [ [ -64.1672, -36.4461 ], [ -64.1685, -36.5095 ] ] } },
{ "type": "Feature", "properties": { "nombre": "Camino sin nombre", "longitud_km": 20.32 }, "geometry": { "type": "LineString", "coordinates": [ [ -65.8175, -36.4147 ], [ -65.9286, -36.4175 ], [ -65.9416, -36.4497 ], [ -65.96, -36.4663 ], [ -65.9881, -36.467 ], [ -65.9869, -36.4814 ] ] } },
{ "type": "Feature", "properties": { "nombre": "Camino sin nombre", "longitud_km": 2.44 }, "geometry": { "type": "LineString", "coordinates": [ [ -65.9869, -36.4814 ], [ -66.0141, -36.4798 ] ] } },
{ "type": "Feature", "properties": { "nombre": "Camino sin nombre", "longitud_km": 4.52 }, "geometry": { "type": "LineString", "coordinates": [ [ -66.5722, -36.4686 ], [ -66.5439, -36.4649 ], [ -66.5261, -36.4549 ] ] } },
{ "type": "Feature", "properties": { "nombre": "Camino sin nombre", "longitud_km": 1.94 }, "geometry": { "type": "LineString", "coordinates": [ [ -66.5695, -36.4513 ], [ -66.5722, -36.4686 ] ] } },
{ "type": "Feature", "properties": { "nombre": "Camino sin nombre", "longitud_km": 9.48 }, "geometry": { "type": "LineString", "coordinates": [ [ -65.5559, -36.4949 ], [ -65.5339, -36.4717 ], [ -65.5356, -36.4421 ], [ -65.526, -36.4335 ], [ -65.5087, -36.4285 ] ] } },
{ "type": "Feature", "properties": { "nombre": "Camino sin nombre", "longitud_km": 2.56 }, "geometry": { "type": "LineString", "coordinates": [ [ -65.2671, -36.4788 ], [ -65.2595, -36.501 ] ] } },
{ "type": "Feature", "properties": { "nombre": "Camino sin nombre", "longitud_km": 16.07 }, "geometry": { "type": "LineString", "coordinates": [ [ -66.0821, -36.3435 ], [ -66.0901, -36.352 ], [ -66.1088, -36.4208 ], [ -66.1036, -36.4683 ], [ -66.095, -36.4827 ] ] } },
{ "type": "Feature", "properties": { "nombre": "Camino sin nombre", "longitud_km": 1.88 }, "geometry": { "type": "LineString", "coordinates": [ [ -66.095, -36.4827 ], [ -66.084, -36.4765 ], [ -66.0789, -36.481 ] ] } },
{ "type": "Feature", "properties": { "nombre": "Camino sin nombre", "longitud_km": 6.21 }, "geometry": { "type": "LineString", "coordinates": [ [ -64.0446, -36.472 ], [ -64.0182, -36.5237 ] ] } },
{ "type": "Feature", "properties": { "nombre": "Camino sin nombre", "longitud_km": 2.83 }, "geometry": { "type": "LineString", "coordinates": [ [ -65.6216, -36.5005 ], [ -65.6207, -36.475 ] ] } },
{ "type": "Feature", "properties": { "nombre": "Camino sin nombre", "longitud_km": 2.52 }, "geometry": { "type": "LineString", "coordinates": [ [ -65.6498, -36.5013 ], [ -65.6216, -36.5005 ] ] } },
{ "type": "Feature", "properties": { "nombre": "Camino sin nombre", "longitud_km": 3.98 }, "geometry": { "type": "LineString", "coordinates": [ [ -65.6207, -36.475 ], [ -65.645, -36.4928 ], [ -65.6498, -36.5013 ] ] } },
{ "type": "Feature", "properties": { "nombre": "Camino sin nombre", "longitud_km": 5.97 }, "geometry": { "type": "LineString", "coordinates": [ [ -63.944, -36.5116 ], [ -64.0078, -36.5274 ] ] } },
{ "type": "Feature", "properties": { "nombre": "Camino sin nombre", "longitud_km": 6.91 }, "geometry": { "type": "LineString", "coordinates": [ [ -64.0349, -36.4691 ], [ -64.0078, -36.5274 ] ] } },
{ "type": "Feature", "properties": { "nombre": "Camino sin nombre", "longitud_km": 1.48 }, "geometry": { "type": "LineString", "coordinates": [ [ -64.0078, -36.5274 ], [ -64.0153, -36.53 ], [ -64.0182, -36.5237 ] ] } },
{ "type": "Feature", "properties": { "nombre": "Camino sin nombre", "longitud_km": 5.12 }, "geometry": { "type": "LineString", "coordinates": [ [ -65.7069, -36.5024 ], [ -65.6498, -36.5013 ] ] } },
{ "type": "Feature", "properties": { "nombre": "Camino sin nombre", "longitud_km": 4.96 }, "geometry": { "type": "LineString", "coordinates": [ [ -63.6645, -36.5374 ], [ -63.6092, -36.5374 ] ] } },
{ "type": "Feature", "properties": { "nombre": "Camino sin nombre", "longitud_km": 16.2 }, "geometry": { "type": "LineString", "coordinates": [ [ -67.1799, -36.4599 ], [ -67.2222, -36.4576 ], [ -67.2286, -36.4501 ], [ -67.2468, -36.447 ], [ -67.2223, -36.4315 ], [ -67.2137, -36.4192 ], [ -67.1714, -36.3984 ], [ -67.1685, -36.3905 ] ] } },
{ "type": "Feature", "properties": { "nombre": "Camino sin nombre", "longitud_km": 5.0 }, "geometry": { "type": "LineString", "coordinates": [ [ -64.2244, -36.5361 ], [ -64.1685, -36.5362 ] ] } },
{ "type": "Feature", "properties": { "nombre": "Camino sin nombre", "longitud_km": 12.05 }, "geometry": { "type": "LineString", "coordinates": [ [ -65.7925, -36.4787 ], [ -65.7795, -36.4808 ], [ -65.77, -36.4887 ], [ -65.7349, -36.4863 ], [ -65.7292, -36.4807 ], [ -65.7116, -36.4797 ], [ -65.7221, -36.5027 ], [ -65.7069, -36.5024 ] ] } },
{ "type": "Feature", "properties": { "nombre": "Camino sin nombre", "longitud_km": 5.02 }, "geometry": { "type": "LineString", "coordinates": [ [ -63.7206, -36.5374 ], [ -63.6645, -36.5374 ] ] } },
{ "type": "Feature", "properties": { "nombre": "Camino sin nombre", "longitud_km": 6.49 }, "geometry": { "type": "LineString", "coordinates": [ [ -66.0789, -36.481 ], [ -66.0527, -36.4973 ], [ -66.0138, -36.4925 ] ] } },
{ "type": "Feature", "properties": { "nombre": "Camino sin nombre", "longitud_km": 4.46 }, "geometry": { "type": "LineString", "coordinates": [ [ -66.0136, -36.4997 ], [ -65.9857, -36.499 ], [ -65.9869, -36.4814 ] ] } },
{ "type": "Feature", "properties": { "nombre": "Camino sin nombre", "longitud_km": 3.1 }, "geometry": { "type": "LineString", "coordinates": [ [ -64.0505, -36.5338 ], [ -64.0182, -36.5237 ] ] } },
{ "type": "Feature", "properties": { "nombre": "Camino sin nombre", "longitud_km": 6.21 }, "geometry": { "type": "LineString", "coordinates": [ [ -64.075, -36.4814 ], [ -64.0505, -36.5338 ] ] } },
{ "type": "Feature", "properties": { "nombre": "Camino sin nombre", "longitud_km": 11.49 }, "geometry": { "type": "LineString", "coordinates": [ [ -63.4968, -36.4341 ], [ -63.4968, -36.5376 ] ] } },
{ "type": "Feature", "properties": { "nombre": "Camino sin nombre", "longitud_km": 3.29 }, "geometry": { "type": "LineString", "coordinates": [ [ -66.5242, -36.4887 ], [ -66.4875, -36.4885 ] ] } },
{ "type": "Feature", "properties": { "nombre": "Camino sin nombre", "longitud_km": 5.07 }, "geometry": { "type": "LineString", "coordinates": [ [ -63.4968, -36.5376 ], [ -63.4401, -36.5375 ] ] } },
{ "type": "Feature", "properties": { "nombre": "Camino sin nombre", "longitud_km": 6.63 }, "geometry": { "type": "LineString", "coordinates": [ [ -63.6092, -36.5374 ], [ -63.609, -36.4777 ] ] } },
{ "type": "Feature", "properties": { "nombre": "Camino sin nombre", "longitud_km": 0.11 }, "geometry": { "type": "LineString", "coordinates": [ [ -63.6092, -36.5374 ], [ -63.608, -36.5374 ] ] } },
{ "type": "Feature", "properties": { "nombre": "Camino sin nombre", "longitud_km": 9.96 }, "geometry": { "type": "LineString", "coordinates": [ [ -63.608, -36.5374 ], [ -63.4968, -36.5376 ] ] } },
{ "type": "Feature", "properties": { "nombre": "Camino sin nombre", "longitud_km": 6.55 }, "geometry": { "type": "LineString", "coordinates": [ [ -66.4893, -36.4296 ], [ -66.4875, -36.4885 ] ] } },
{ "type": "Feature", "properties": { "nombre": "Camino sin nombre", "longitud_km": 3.23 }, "geometry": { "type": "LineString", "coordinates": [ [ -63.7206, -36.5374 ], [ -63.7209, -36.5084 ] ] } },
{ "type": "Feature", "properties": { "nombre": "Camino sin nombre", "longitud_km": 14.12 }, "geometry": { "type": "LineString", "coordinates": [ [ -65.8473, -36.5059 ], [ -65.8457, -36.4796 ], [ -65.8285, -36.4602 ], [ -65.8081, -36.451 ], [ -65.8341, -36.4492 ], [ -65.8175, -36.4147 ] ] } },
{ "type": "Feature", "properties": { "nombre": "Camino sin nombre", "longitud_km": 6.92 }, "geometry": { "type": "LineString", "coordinates": [ [ -63.7978, -36.5373 ], [ -63.7206, -36.5374 ] ] } },
{ "type": "Feature", "properties": { "nombre": "Camino sin nombre", "longitud_km": 3.76 }, "geometry": { "type": "LineString", "coordinates": [ [ -66.5261, -36.4549 ], [ -66.5242, -36.4887 ] ] } },
{ "type": "Feature", "properties": { "nombre": "Camino sin nombre", "longitud_km": 0.35 }, "geometry": { "type": "LineString", "coordinates": [ [ -64.0505, -36.5338 ], [ -64.0491, -36.5367 ] ] } },
{ "type": "Feature", "properties": { "nombre": "Camino sin nombre", "longitud_km": 0.74 }, "geometry": { "type": "LineString", "coordinates": [ [ -64.0574, -36.5368 ], [ -64.0491, -36.5367 ] ] } },
{ "type": "Feature", "properties": { "nombre": "Camino sin nombre", "longitud_km": 3.12 }, "geometry": { "type": "LineString", "coordinates": [ [ -64.0153, -36.53 ], [ -64.0491, -36.5367 ] ] } },
{ "type": "Feature", "properties": { "nombre": "Camino sin nombre", "longitud_km": 5.39 }, "geometry": { "type": "LineString", "coordinates": [ [ -64.1176, -36.5366 ], [ -64.0574, -36.5368 ] ] } },
{ "type": "Feature", "properties": { "nombre": "Camino sin nombre", "longitud_km": 4.38 }, "geometry": { "type": "LineString", "coordinates": [ [ -64.1353, -36.4998 ], [ -64.1176, -36.5366 ] ] } },
{ "type": "Feature", "properties": { "nombre": "Camino sin nombre", "longitud_km": 4.56 }, "geometry": { "type": "LineString", "coordinates": [ [ -64.1685, -36.5362 ], [ -64.1176, -36.5366 ] ] } },
{ "type": "Feature", "properties": { "nombre": "Camino sin nombre", "longitud_km": 2.96 }, "geometry": { "type": "LineString", "coordinates": [ [ -64.1685, -36.5095 ], [ -64.1689, -36.5362 ] ] } },
{ "type": "Feature", "properties": { "nombre": "Camino sin nombre", "longitud_km": 4.97 }, "geometry": { "type": "LineString", "coordinates": [ [ -64.3915, -36.5341 ], [ -64.3915, -36.4893 ] ] } },
{ "type": "Feature", "properties": { "nombre": "Camino sin nombre", "longitud_km": 10.02 }, "geometry": { "type": "LineString", "coordinates": [ [ -64.2233, -36.4458 ], [ -64.2244, -36.5361 ] ] } },
{ "type": "Feature", "properties": { "nombre": "Camino sin nombre", "longitud_km": 5.03 }, "geometry": { "type": "LineString", "coordinates": [ [ -64.3359, -36.5351 ], [ -64.3352, -36.4898 ] ] } },
{ "type": "Feature", "properties": { "nombre": "Camino sin nombre", "longitud_km": 4.98 }, "geometry": { "type": "LineString", "coordinates": [ [ -64.28, -36.536 ], [ -64.2244, -36.5361 ] ] } },
{ "type": "Feature", "properties": { "nombre": "Camino sin nombre", "longitud_km": 4.06 }, "geometry": { "type": "LineString", "coordinates": [ [ -64.6082, -36.5321 ], [ -64.6054, -36.4956 ] ] } },
{ "type": "Feature", "properties": { "nombre": "Camino sin nombre", "longitud_km": 4.59 }, "geometry": { "type": "LineString", "coordinates": [ [ -64.6617, -36.5316 ], [ -64.6616, -36.4902 ] ] } },
{ "type": "Feature", "properties": { "nombre": "Camino sin nombre", "longitud_km": 9.8 }, "geometry": { "type": "LineString", "coordinates": [ [ -64.8683, -36.5287 ], [ -64.8781, -36.519 ], [ -64.8955, -36.5132 ], [ -64.894, -36.4527 ] ] } },
{ "type": "Feature", "properties": { "nombre": "Camino sin nombre", "longitud_km": 5.66 }, "geometry": { "type": "LineString", "coordinates": [ [ -64.7262, -36.5308 ], [ -64.7262, -36.4798 ] ] } },
{ "type": "Feature", "properties": { "nombre": "Camino sin nombre", "longitud_km": 11.66 }, "geometry": { "type": "LineString", "coordinates": [ [ -64.8123, -36.5296 ], [ -64.8118, -36.5133 ], [ -64.792, -36.5078 ], [ -64.783, -36.5005 ], [ -64.7828, -36.4914 ], [ -64.7542, -36.4912 ], [ -64.754, -36.4849 ], [ -64.7262, -36.4798 ] ] } },
{ "type": "Feature", "properties": { "nombre": "Camino sin nombre", "longitud_km": 3.19 }, "geometry": { "type": "LineString", "coordinates": [ [ -66.3906, -36.4669 ], [ -66.3963, -36.4952 ] ] } },
{ "type": "Feature", "properties": { "nombre": "Camino sin nombre", "longitud_km": 4.37 }, "geometry": { "type": "LineString", "coordinates": [ [ -65.0636, -36.5262 ], [ -65.0619, -36.4868 ] ] } },
{ "type": "Feature", "properties": { "nombre": "Camino sin nombre", "longitud_km": 5.09 }, "geometry": { "type": "LineString", "coordinates": [ [ -65.3436, -36.5215 ], [ -65.3425, -36.4757 ] ] } },
{ "type": "Feature", "properties": { "nombre": "Camino sin nombre", "longitud_km": 4.97 }, "geometry": { "type": "LineString", "coordinates": [ [ -65.3436, -36.5215 ], [ -65.3991, -36.5205 ] ] } },
{ "type": "Feature", "properties": { "nombre": "Camino sin nombre", "longitud_km": 4.17 }, "geometry": { "type": "LineString", "coordinates": [ [ -65.3991, -36.5205 ], [ -65.3986, -36.4829 ] ] } },
{ "type": "Feature", "properties": { "nombre": "Camino sin nombre", "longitud_km": 5.4 }, "geometry": { "type": "LineString", "coordinates": [ [ -65.5079, -36.5184 ], [ -65.5105, -36.4929 ], [ -65.5052, -36.4876 ], [ -65.5101, -36.4827 ], [ -65.5098, -36.4728 ] ] } },
{ "type": "Feature", "properties": { "nombre": "Camino sin nombre", "longitud_km": 1.98 }, "geometry": { "type": "LineString", "coordinates": [ [ -66.3963, -36.4952 ], [ -66.4183, -36.4955 ] ] } },
{ "type": "Feature", "properties": { "nombre": "Camino sin nombre", "longitud_km": 9.74 }, "geometry": { "type": "LineString", "coordinates": [ [ -65.3991, -36.5205 ], [ -65.5079, -36.5184 ] ] } },
{ "type": "Feature", "properties": { "nombre": "Camino sin nombre", "longitud_km": 5.74 }, "geometry": { "type": "LineString", "coordinates": [ [ -65.2185, -36.5244 ], [ -65.2081, -36.5143 ], [ -65.2223, -36.4968 ], [ -65.2231, -36.4791 ] ] } },
{ "type": "Feature", "properties": { "nombre": "Camino sin nombre", "longitud_km": 2.01 }, "geometry": { "type": "LineString", "coordinates": [ [ -65.5079, -36.5184 ], [ -65.5304, -36.5182 ] ] } },
{ "type": "Feature", "properties": { "nombre": "Camino sin nombre", "longitud_km": 3.8 }, "geometry": { "type": "LineString", "coordinates": [ [ -65.5559, -36.4949 ], [ -65.5427, -36.4972 ], [ -65.5304, -36.5182 ] ] } },
{ "type": "Feature", "properties": { "nombre": "Camino sin nombre", "longitud_km": 2.61 }, "geometry": { "type": "LineString", "coordinates": [ [ -65.564, -36.5176 ], [ -65.5559, -36.4949 ] ] } },
{ "type": "Feature", "properties": { "nombre": "Camino sin nombre", "longitud_km": 3.01 }, "geometry": { "type": "LineString", "coordinates": [ [ -65.5304, -36.5182 ], [ -65.564, -36.5176 ] ] } },
{ "type": "Feature", "properties": { "nombre": "Camino sin nombre", "longitud_km": 1.77 }, "geometry": { "type": "LineString", "coordinates": [ [ -65.6216, -36.5164 ], [ -65.6216, -36.5005 ] ] } },
{ "type": "Feature", "properties": { "nombre": "Camino sin nombre", "longitud_km": 5.16 }, "geometry": { "type": "LineString", "coordinates": [ [ -65.564, -36.5176 ], [ -65.6216, -36.5164 ] ] } },
{ "type": "Feature", "properties": { "nombre": "Camino sin nombre", "longitud_km": 5.07 }, "geometry": { "type": "LineString", "coordinates": [ [ -65.2869, -36.5239 ], [ -65.3434, -36.5215 ] ] } },
{ "type": "Feature", "properties": { "nombre": "Camino sin nombre", "longitud_km": 0.8 }, "geometry": { "type": "LineString", "coordinates": [ [ -64.0574, -36.5368 ], [ -64.0573, -36.544 ] ] } },
{ "type": "Feature", "properties": { "nombre": "Camino sin nombre", "longitud_km": 6.93 }, "geometry": { "type": "LineString", "coordinates": [ [ -66.0789, -36.481 ], [ -66.0689, -36.5124 ], [ -66.0696, -36.5424 ] ] } },
{ "type": "Feature", "properties": { "nombre": "Camino sin nombre", "longitud_km": 1.11 }, "geometry": { "type": "LineString", "coordinates": [ [ -65.511, -36.5281 ], [ -65.5079, -36.5184 ] ] } },
{ "type": "Feature", "properties": { "nombre": "Camino sin nombre", "longitud_km": 6.39 }, "geometry": { "type": "LineString", "coordinates": [ [ -66.095, -36.4827 ], [ -66.1099, -36.4826 ], [ -66.1171, -36.4889 ], [ -66.1367, -36.5223 ] ] } },
{ "type": "Feature", "properties": { "nombre": "Camino sin nombre", "longitud_km": 1.56 }, "geometry": { "type": "LineString", "coordinates": [ [ -65.2292, -36.5354 ], [ -65.2185, -36.5244 ] ] } },
{ "type": "Feature", "properties": { "nombre": "Camino sin nombre", "longitud_km": 19.29 }, "geometry": { "type": "LineString", "coordinates": [ [ -66.2108, -36.3657 ], [ -66.1956, -36.3643 ], [ -66.1895, -36.3708 ], [ -66.1796, -36.407 ], [ -66.1746, -36.41 ], [ -66.1683, -36.4674 ], [ -66.1752, -36.4707 ], [ -66.1705, -36.5064 ], [ -66.1796, -36.5147 ] ] } },
{ "type": "Feature", "properties": { "nombre": "Camino sin nombre", "longitud_km": 20.69 }, "geometry": { "type": "LineString", "coordinates": [ [ -66.241, -36.3689 ], [ -66.238, -36.4676 ], [ -66.2463, -36.4685 ], [ -66.2446, -36.5495 ] ] } },
{ "type": "Feature", "properties": { "nombre": "Camino sin nombre", "longitud_km": 20.47 }, "geometry": { "type": "LineString", "coordinates": [ [ -66.241, -36.3689 ], [ -66.2805, -36.4105 ], [ -66.2963, -36.438 ], [ -66.293, -36.5034 ], [ -66.2742, -36.5223 ], [ -66.2713, -36.5284 ], [ -66.2745, -36.5333 ] ] } },
{ "type": "Feature", "properties": { "nombre": "Camino sin nombre", "longitud_km": 2.02 }, "geometry": { "type": "LineString", "coordinates": [ [ -65.0638, -36.5444 ], [ -65.0636, -36.5262 ] ] } },
{ "type": "Feature", "properties": { "nombre": "Camino sin nombre", "longitud_km": 3.93 }, "geometry": { "type": "LineString", "coordinates": [ [ -66.1796, -36.5147 ], [ -66.1367, -36.5223 ] ] } },
{ "type": "Feature", "properties": { "nombre": "Camino sin nombre", "longitud_km": 0.26 }, "geometry": { "type": "LineString", "coordinates": [ [ -66.1367, -36.5223 ], [ -66.1385, -36.5242 ] ] } },
{ "type": "Feature", "properties": { "nombre": "Camino sin nombre", "longitud_km": 6.92 }, "geometry": { "type": "LineString", "coordinates": [ [ -66.3963, -36.4952 ], [ -66.4012, -36.516 ], [ -66.4266, -36.5518 ] ] } },
{ "type": "Feature", "properties": { "nombre": "Camino sin nombre", "longitud_km": 11.64 }, "geometry": { "type": "LineString", "coordinates": [ [ -65.0638, -36.5444 ], [ -65.1234, -36.5508 ], [ -65.1348, -36.54 ], [ -65.1625, -36.5417 ], [ -65.1753, -36.5247 ] ] } },
{ "type": "Feature", "properties": { "nombre": "Camino sin nombre", "longitud_km": 5.04 }, "geometry": { "type": "LineString", "coordinates": [ [ -66.4875, -36.4885 ], [ -66.4872, -36.5093 ], [ -66.4761, -36.5322 ] ] } },
{ "type": "Feature", "properties": { "nombre": "Camino sin nombre", "longitud_km": 3.24 }, "geometry": { "type": "LineString", "coordinates": [ [ -64.1689, -36.5362 ], [ -64.1692, -36.5654 ] ] } },
{ "type": "Feature", "properties": { "nombre": "Camino sin nombre", "longitud_km": 8.07 }, "geometry": { "type": "LineString", "coordinates": [ [ -66.8998, -36.4354 ], [ -66.9091, -36.4906 ], [ -66.9059, -36.5074 ] ] } },
{ "type": "Feature", "properties": { "nombre": "Camino sin nombre", "longitud_km": 1.2 }, "geometry": { "type": "LineString", "coordinates": [ [ -64.1692, -36.5654 ], [ -64.1825, -36.5654 ] ] } },
{ "type": "Feature", "properties": { "nombre": "Camino sin nombre", "longitud_km": 10.56 }, "geometry": { "type": "LineString", "coordinates": [ [ -66.5242, -36.4887 ], [ -66.5175, -36.4971 ], [ -66.5155, -36.5823 ] ] } },
{ "type": "Feature", "properties": { "nombre": "Camino sin nombre", "longitud_km": 4.18 }, "geometry": { "type": "LineString", "coordinates": [ [ -65.5914, -36.5481 ], [ -65.564, -36.5176 ] ] } },
{ "type": "Feature", "properties": { "nombre": "Camino sin nombre", "longitud_km": 13.97 }, "geometry": { "type": "LineString", "coordinates": [ [ -66.7221, -36.5183 ], [ -66.7482, -36.5032 ], [ -66.7913, -36.4877 ], [ -66.802, -36.4265 ] ] } },
{ "type": "Feature", "properties": { "nombre": "Camino sin nombre", "longitud_km": 5.01 }, "geometry": { "type": "LineString", "coordinates": [ [ -64.2809, -36.5722 ], [ -64.2249, -36.5722 ] ] } },
{ "type": "Feature", "properties": { "nombre": "Camino sin nombre", "longitud_km": 12.2 }, "geometry": { "type": "LineString", "coordinates": [ [ -66.6901, -36.5196 ], [ -66.665, -36.5026 ], [ -66.6234, -36.4925 ], [ -66.5831, -36.4701 ], [ -66.5722, -36.4686 ] ] } },
{ "type": "Feature", "properties": { "nombre": "Camino sin nombre", "longitud_km": 3.17 }, "geometry": { "type": "LineString", "coordinates": [ [ -66.6901, -36.5196 ], [ -66.7035, -36.513 ], [ -66.7221, -36.5183 ] ] } },
{ "type": "Feature", "properties": { "nombre": "Camino sin nombre", "longitud_km": 4.01 }, "geometry": { "type": "LineString", "coordinates": [ [ -64.2244, -36.5361 ], [ -64.2249, -36.5722 ] ] } },
{ "type": "Feature", "properties": { "nombre": "Camino sin nombre", "longitud_km": 6.87 }, "geometry": { "type": "LineString", "coordinates": [ [ -65.7266, -36.5479 ], [ -65.7055, -36.5471 ], [ -65.7069, -36.5024 ] ] } },
{ "type": "Feature", "properties": { "nombre": "Camino sin nombre", "longitud_km": 0.11 }, "geometry": { "type": "LineString", "coordinates": [ [ -65.7278, -36.548 ], [ -65.7266, -36.5479 ] ] } },
{ "type": "Feature", "properties": { "nombre": "Camino sin nombre", "longitud_km": 6.92 }, "geometry": { "type": "LineString", "coordinates": [ [ -66.1385, -36.5242 ], [ -66.1019, -36.5226 ], [ -66.0696, -36.5424 ] ] } },
{ "type": "Feature", "properties": { "nombre": "Camino sin nombre", "longitud_km": 4.58 }, "geometry": { "type": "LineString", "coordinates": [ [ -63.8885, -36.5376 ], [ -63.8892, -36.5789 ] ] } },
{ "type": "Feature", "properties": { "nombre": "Camino sin nombre", "longitud_km": 5.53 }, "geometry": { "type": "LineString", "coordinates": [ [ -65.7895, -36.5499 ], [ -65.7278, -36.548 ] ] } },
{ "type": "Feature", "properties": { "nombre": "Camino sin nombre", "longitud_km": 1.41 }, "geometry": { "type": "LineString", "coordinates": [ [ -64.1692, -36.5654 ], [ -64.1693, -36.5781 ] ] } },
{ "type": "Feature", "properties": { "nombre": "Camino sin nombre", "longitud_km": 5.53 }, "geometry": { "type": "LineString", "coordinates": [ [ -66.2745, -36.5333 ], [ -66.3023, -36.5389 ], [ -66.3351, -36.5358 ] ] } },
{ "type": "Feature", "properties": { "nombre": "Camino sin nombre", "longitud_km": 11.1 }, "geometry": { "type": "LineString", "coordinates": [ [ -65.8465, -36.5515 ], [ -65.8466, -36.5397 ], [ -65.8325, -36.5394 ], [ -65.8328, -36.523 ], [ -65.8411, -36.5067 ], [ -65.8193, -36.499 ], [ -65.8473, -36.5059 ] ] } },
{ "type": "Feature", "properties": { "nombre": "Camino sin nombre", "longitud_km": 5.16 }, "geometry": { "type": "LineString", "coordinates": [ [ -66.0696, -36.5424 ], [ -66.0126, -36.5498 ] ] } },
{ "type": "Feature", "properties": { "nombre": "Camino sin nombre", "longitud_km": 1.97 }, "geometry": { "type": "LineString", "coordinates": [ [ -64.8193, -36.5743 ], [ -64.8413, -36.574 ] ] } },
{ "type": "Feature", "properties": { "nombre": "Camino sin nombre", "longitud_km": 8.09 }, "geometry": { "type": "LineString", "coordinates": [ [ -64.8193, -36.5743 ], [ -64.7848, -36.5749 ], [ -64.7763, -36.5304 ] ] } },
{ "type": "Feature", "properties": { "nombre": "Camino sin nombre", "longitud_km": 5.09 }, "geometry": { "type": "LineString", "coordinates": [ [ -64.3366, -36.581 ], [ -64.3359, -36.5351 ] ] } },
{ "type": "Feature", "properties": { "nombre": "Camino sin nombre", "longitud_km": 4.99 }, "geometry": { "type": "LineString", "coordinates": [ [ -64.3366, -36.581 ], [ -64.2808, -36.5815 ] ] } },
{ "type": "Feature", "properties": { "nombre": "Camino sin nombre", "longitud_km": 4.97 }, "geometry": { "type": "LineString", "coordinates": [ [ -64.3921, -36.5812 ], [ -64.3366, -36.581 ] ] } },
{ "type": "Feature", "properties": { "nombre": "Camino sin nombre", "longitud_km": 8.25 }, "geometry": { "type": "LineString", "coordinates": [ [ -64.4591, -36.5602 ], [ -64.4366, -36.5607 ], [ -64.4368, -36.5695 ], [ -64.3919, -36.5701 ], [ -64.3921, -36.5812 ] ] } },
{ "type": "Feature", "properties": { "nombre": "Camino sin nombre", "longitud_km": 4.97 }, "geometry": { "type": "LineString", "coordinates": [ [ -65.3999, -36.5653 ], [ -65.3991, -36.5205 ] ] } },
{ "type": "Feature", "properties": { "nombre": "Camino sin nombre", "longitud_km": 1.16 }, "geometry": { "type": "LineString", "coordinates": [ [ -65.3999, -36.5653 ], [ -65.387, -36.5658 ] ] } },
{ "type": "Feature", "properties": { "nombre": "Camino sin nombre", "longitud_km": 7.36 }, "geometry": { "type": "LineString", "coordinates": [ [ -65.4821, -36.5641 ], [ -65.3999, -36.5653 ] ] } },
{ "type": "Feature", "properties": { "nombre": "Camino sin nombre", "longitud_km": 7.0 }, "geometry": { "type": "LineString", "coordinates": [ [ -65.511, -36.5281 ], [ -65.4877, -36.531 ], [ -65.4804, -36.5431 ], [ -65.4863, -36.5467 ], [ -65.4733, -36.5575 ], [ -65.4821, -36.5641 ] ] } },
{ "type": "Feature", "properties": { "nombre": "Camino sin nombre", "longitud_km": 8.87 }, "geometry": { "type": "LineString", "coordinates": [ [ -65.387, -36.5658 ], [ -65.2879, -36.5683 ] ] } },
{ "type": "Feature", "properties": { "nombre": "Camino sin nombre", "longitud_km": 0.04 }, "geometry": { "type": "LineString", "coordinates": [ [ -65.2879, -36.5683 ], [ -65.2875, -36.5683 ] ] } },
{ "type": "Feature", "properties": { "nombre": "Camino sin nombre", "longitud_km": 2.63 }, "geometry": { "type": "LineString", "coordinates": [ [ -65.5114, -36.5642 ], [ -65.4821, -36.5641 ] ] } },
{ "type": "Feature", "properties": { "nombre": "Camino sin nombre", "longitud_km": 4.0 }, "geometry": { "type": "LineString", "coordinates": [ [ -65.5114, -36.5642 ], [ -65.511, -36.5281 ] ] } },
{ "type": "Feature", "properties": { "nombre": "Camino sin nombre", "longitud_km": 7.78 }, "geometry": { "type": "LineString", "coordinates": [ [ -65.5914, -36.5481 ], [ -65.5462, -36.5582 ], [ -65.5373, -36.5532 ], [ -65.5114, -36.5642 ] ] } },
{ "type": "Feature", "properties": { "nombre": "Camino sin nombre", "longitud_km": 3.47 }, "geometry": { "type": "LineString", "coordinates": [ [ -65.6229, -36.5619 ], [ -65.6086, -36.5621 ], [ -65.5914, -36.5481 ] ] } },
{ "type": "Feature", "properties": { "nombre": "Camino sin nombre", "longitud_km": 5.05 }, "geometry": { "type": "LineString", "coordinates": [ [ -65.6229, -36.5619 ], [ -65.6216, -36.5164 ] ] } },
{ "type": "Feature", "properties": { "nombre": "Camino sin nombre", "longitud_km": 9.82 }, "geometry": { "type": "LineString", "coordinates": [ [ -65.9561, -36.5548 ], [ -65.8465, -36.5515 ] ] } },
{ "type": "Feature", "properties": { "nombre": "Camino sin nombre", "longitud_km": 15.11 }, "geometry": { "type": "LineString", "coordinates": [ [ -65.9561, -36.5548 ], [ -65.9573, -36.5091 ], [ -65.886, -36.5069 ], [ -65.8807, -36.5031 ], [ -65.8473, -36.5059 ] ] } },
{ "type": "Feature", "properties": { "nombre": "Camino sin nombre", "longitud_km": 2.59 }, "geometry": { "type": "LineString", "coordinates": [ [ -65.985, -36.5555 ], [ -65.9561, -36.5548 ] ] } },
{ "type": "Feature", "properties": { "nombre": "Camino sin nombre", "longitud_km": 4.55 }, "geometry": { "type": "LineString", "coordinates": [ [ -66.0, -36.5195 ], [ -65.9875, -36.5274 ], [ -65.985, -36.5555 ] ] } },
{ "type": "Feature", "properties": { "nombre": "Camino sin nombre", "longitud_km": 2.47 }, "geometry": { "type": "LineString", "coordinates": [ [ -66.0125, -36.556 ], [ -65.985, -36.5555 ] ] } },
{ "type": "Feature", "properties": { "nombre": "Camino sin nombre", "longitud_km": 2.81 }, "geometry": { "type": "LineString", "coordinates": [ [ -66.2446, -36.5495 ], [ -66.276, -36.5493 ] ] } },
{ "type": "Feature", "properties": { "nombre": "Camino sin nombre", "longitud_km": 1.78 }, "geometry": { "type": "LineString", "coordinates": [ [ -66.2745, -36.5333 ], [ -66.276, -36.5493 ] ] } },
{ "type": "Feature", "properties": { "nombre": "Camino sin nombre", "longitud_km": 19.4 }, "geometry": { "type": "LineString", "coordinates": [ [ -67.2071, -36.5215 ], [ -67.2008, -36.516 ], [ -67.1516, -36.5076 ], [ -67.1142, -36.5074 ], [ -67.0963, -36.4963 ], [ -67.0606, -36.4949 ], [ -67.0462, -36.5 ], [ -67.0367, -36.4912 ], [ -67.0061, -36.4875 ] ] } },
{ "type": "Feature", "properties": { "nombre": "Camino sin nombre", "longitud_km": 15.53 }, "geometry": { "type": "LineString", "coordinates": [ [ -67.2071, -36.5215 ], [ -67.2903, -36.4921 ], [ -67.332, -36.4675 ], [ -67.3626, -36.4648 ] ] } },
{ "type": "Feature", "properties": { "nombre": "Camino sin nombre", "longitud_km": 1.16 }, "geometry": { "type": "LineString", "coordinates": [ [ -64.0571, -36.5934 ], [ -64.0441, -36.5934 ] ] } },
{ "type": "Feature", "properties": { "nombre": "Camino sin nombre", "longitud_km": 5.49 }, "geometry": { "type": "LineString", "coordinates": [ [ -64.0573, -36.544 ], [ -64.0571, -36.5934 ] ] } },
{ "type": "Feature", "properties": { "nombre": "Camino sin nombre", "longitud_km": 1.2 }, "geometry": { "type": "LineString", "coordinates": [ [ -64.3921, -36.5812 ], [ -64.3922, -36.592 ] ] } },
{ "type": "Feature", "properties": { "nombre": "Camino sin nombre", "longitud_km": 4.93 }, "geometry": { "type": "LineString", "coordinates": [ [ -66.4761, -36.5322 ], [ -66.4266, -36.5518 ] ] } },
{ "type": "Feature", "properties": { "nombre": "Camino sin nombre", "longitud_km": 1.93 }, "geometry": { "type": "LineString", "coordinates": [ [ -64.1693, -36.5781 ], [ -64.1692, -36.5955 ] ] } },
{ "type": "Feature", "properties": { "nombre": "Camino sin nombre", "longitud_km": 1.29 }, "geometry": { "type": "LineString", "coordinates": [ [ -64.1692, -36.5955 ], [ -64.1548, -36.5946 ] ] } },
{ "type": "Feature", "properties": { "nombre": "Camino sin nombre", "longitud_km": 1.61 }, "geometry": { "type": "LineString", "coordinates": [ [ -64.8199, -36.5888 ], [ -64.8193, -36.5743 ] ] } },
{ "type": "Feature", "properties": { "nombre": "Camino sin nombre", "longitud_km": 21.41 }, "geometry": { "type": "LineString", "coordinates": [ [ -67.4776, -36.5582 ], [ -67.4924, -36.5448 ], [ -67.5001, -36.5424 ], [ -67.5149, -36.5481 ], [ -67.5237, -36.5452 ], [ -67.5885, -36.5109 ], [ -67.659, -36.509 ], [ -67.6644, -36.5123 ], [ -67.6877, -36.5 ] ] } },
{ "type": "Feature", "properties": { "nombre": "Camino sin nombre", "longitud_km": 2.92 }, "geometry": { "type": "LineString", "coordinates": [ [ -64.2249, -36.5722 ], [ -64.2255, -36.5985 ] ] } },
{ "type": "Feature", "properties": { "nombre": "Camino sin nombre", "longitud_km": 2.0 }, "geometry": { "type": "LineString", "coordinates": [ [ -66.9849, -36.5392 ], [ -66.965, -36.531 ] ] } },
{ "type": "Feature", "properties": { "nombre": "Camino sin nombre", "longitud_km": 1.75 }, "geometry": { "type": "LineString", "coordinates": [ [ -65.6235, -36.5777 ], [ -65.6229, -36.5619 ] ] } },
{ "type": "Feature", "properties": { "nombre": "Camino sin nombre", "longitud_km": 7.26 }, "geometry": { "type": "LineString", "coordinates": [ [ -64.6171, -36.5975 ], [ -64.6156, -36.5321 ] ] } },
{ "type": "Feature", "properties": { "nombre": "Camino sin nombre", "longitud_km": 1.69 }, "geometry": { "type": "LineString", "coordinates": [ [ -64.6171, -36.5975 ], [ -64.6339, -36.5905 ] ] } },
{ "type": "Feature", "properties": { "nombre": "Camino sin nombre", "longitud_km": 6.24 }, "geometry": { "type": "LineString", "coordinates": [ [ -66.2002, -36.5813 ], [ -66.2184, -36.5698 ], [ -66.2442, -36.566 ], [ -66.2446, -36.5495 ] ] } },
{ "type": "Feature", "properties": { "nombre": "Camino sin nombre", "longitud_km": 2.7 }, "geometry": { "type": "LineString", "coordinates": [ [ -64.3368, -36.6053 ], [ -64.3366, -36.581 ] ] } },
{ "type": "Feature", "properties": { "nombre": "Camino sin nombre", "longitud_km": 5.18 }, "geometry": { "type": "LineString", "coordinates": [ [ -64.3368, -36.6053 ], [ -64.3922, -36.592 ] ] } },
{ "type": "Feature", "properties": { "nombre": "Camino sin nombre", "longitud_km": 2.82 }, "geometry": { "type": "LineString", "coordinates": [ [ -66.276, -36.5493 ], [ -66.2848, -36.5507 ], [ -66.2831, -36.5688 ] ] } },
{ "type": "Feature", "properties": { "nombre": "Camino sin nombre", "longitud_km": 7.08 }, "geometry": { "type": "LineString", "coordinates": [ [ -65.9002, -36.5806 ], [ -65.8795, -36.5667 ], [ -65.8461, -36.5667 ], [ -65.8465, -36.5515 ] ] } },
{ "type": "Feature", "properties": { "nombre": "Camino sin nombre", "longitud_km": 0.12 }, "geometry": { "type": "LineString", "coordinates": [ [ -65.461, -36.8345 ], [ -65.461, -36.8335 ] ] } },
{ "type": "Feature", "properties": { "nombre": "Camino sin nombre", "longitud_km": 16.52 }, "geometry": { "type": "LineString", "coordinates": [ [ -65.0646, -36.6004 ], [ -65.025, -36.5778 ], [ -65.0084, -36.5581 ], [ -64.9085, -36.5281 ] ] } },
{ "type": "Feature", "properties": { "nombre": "Camino sin nombre", "longitud_km": 6.21 }, "geometry": { "type": "LineString", "coordinates": [ [ -65.0646, -36.6004 ], [ -65.0638, -36.5444 ] ] } },
{ "type": "Feature", "properties": { "nombre": "Camino sin nombre", "longitud_km": 1.89 }, "geometry": { "type": "LineString", "coordinates": [ [ -64.1692, -36.5955 ], [ -64.1693, -36.6126 ] ] } },
{ "type": "Feature", "properties": { "nombre": "Camino sin nombre", "longitud_km": 5.0 }, "geometry": { "type": "LineString", "coordinates": [ [ -64.2252, -36.6129 ], [ -64.1693, -36.6126 ] ] } },
{ "type": "Feature", "properties": { "nombre": "Camino sin nombre", "longitud_km": 1.6 }, "geometry": { "type": "LineString", "coordinates": [ [ -64.2255, -36.5985 ], [ -64.2252, -36.6129 ] ] } },
{ "type": "Feature", "properties": { "nombre": "Camino sin nombre", "longitud_km": 0.13 }, "geometry": { "type": "LineString", "coordinates": [ [ -65.0646, -36.6015 ], [ -65.0646, -36.6004 ] ] } },
{ "type": "Feature", "properties": { "nombre": "Camino sin nombre", "longitud_km": 8.98 }, "geometry": { "type": "LineString", "coordinates": [ [ -63.4968, -36.5376 ], [ -63.4977, -36.6186 ] ] } },
{ "type": "Feature", "properties": { "nombre": "Camino sin nombre", "longitud_km": 9.97 }, "geometry": { "type": "LineString", "coordinates": [ [ -63.6092, -36.6185 ], [ -63.4977, -36.6186 ] ] } },
{ "type": "Feature", "properties": { "nombre": "Camino sin nombre", "longitud_km": 9.0 }, "geometry": { "type": "LineString", "coordinates": [ [ -63.6092, -36.6185 ], [ -63.608, -36.5374 ] ] } },
{ "type": "Feature", "properties": { "nombre": "Camino sin nombre", "longitud_km": 5.59 }, "geometry": { "type": "LineString", "coordinates": [ [ -64.2811, -36.6048 ], [ -64.313, -36.6144 ], [ -64.3215, -36.6064 ], [ -64.3368, -36.6053 ] ] } },
{ "type": "Feature", "properties": { "nombre": "Camino sin nombre", "longitud_km": 3.63 }, "geometry": { "type": "LineString", "coordinates": [ [ -65.6539, -36.5932 ], [ -65.6439, -36.5885 ], [ -65.6401, -36.5791 ], [ -65.6235, -36.5777 ] ] } },
{ "type": "Feature", "properties": { "nombre": "Camino sin nombre", "longitud_km": 8.45 }, "geometry": { "type": "LineString", "coordinates": [ [ -65.7266, -36.5479 ], [ -65.6673, -36.575 ], [ -65.6539, -36.5932 ] ] } },
{ "type": "Feature", "properties": { "nombre": "Camino sin nombre", "longitud_km": 9.96 }, "geometry": { "type": "LineString", "coordinates": [ [ -63.9445, -36.5374 ], [ -63.945, -36.6272 ] ] } },
{ "type": "Feature", "properties": { "nombre": "Camino sin nombre", "longitud_km": 4.61 }, "geometry": { "type": "LineString", "coordinates": [ [ -66.0696, -36.5424 ], [ -66.0622, -36.5836 ] ] } },
{ "type": "Feature", "properties": { "nombre": "Camino sin nombre", "longitud_km": 7.89 }, "geometry": { "type": "LineString", "coordinates": [ [ -66.1796, -36.5147 ], [ -66.1906, -36.5258 ], [ -66.1887, -36.5489 ], [ -66.2002, -36.5813 ] ] } },
{ "type": "Feature", "properties": { "nombre": "Camino sin nombre", "longitud_km": 7.23 }, "geometry": { "type": "LineString", "coordinates": [ [ -66.1385, -36.5242 ], [ -66.1565, -36.5699 ], [ -66.169, -36.5838 ] ] } },
{ "type": "Feature", "properties": { "nombre": "Camino sin nombre", "longitud_km": 0.02 }, "geometry": { "type": "LineString", "coordinates": [ [ -63.945, -36.6272 ], [ -63.9447, -36.6272 ] ] } },
{ "type": "Feature", "properties": { "nombre": "Camino sin nombre", "longitud_km": 10.02 }, "geometry": { "type": "LineString", "coordinates": [ [ -63.9447, -36.6272 ], [ -63.8328, -36.6271 ] ] } },
{ "type": "Feature", "properties": { "nombre": "Camino sin nombre", "longitud_km": 2.69 }, "geometry": { "type": "LineString", "coordinates": [ [ -64.6175, -36.6218 ], [ -64.6171, -36.5975 ] ] } },
{ "type": "Feature", "properties": { "nombre": "Camino sin nombre", "longitud_km": 11.97 }, "geometry": { "type": "LineString", "coordinates": [ [ -66.0622, -36.5836 ], [ -66.0, -36.593 ], [ -65.9894, -36.5808 ], [ -65.9794, -36.5754 ], [ -65.9712, -36.5771 ], [ -65.9561, -36.5548 ] ] } },
{ "type": "Feature", "properties": { "nombre": "Camino sin nombre", "longitud_km": 5.97 }, "geometry": { "type": "LineString", "coordinates": [ [ -66.2831, -36.5688 ], [ -66.3123, -36.5594 ], [ -66.3251, -36.5683 ], [ -66.332, -36.582 ] ] } },
{ "type": "Feature", "properties": { "nombre": "Camino sin nombre", "longitud_km": 4.13 }, "geometry": { "type": "LineString", "coordinates": [ [ -66.332, -36.582 ], [ -66.3748, -36.5682 ] ] } },
{ "type": "Feature", "properties": { "nombre": "Camino sin nombre", "longitud_km": 0.99 }, "geometry": { "type": "LineString", "coordinates": [ [ -63.6092, -36.6274 ], [ -63.6092, -36.6185 ] ] } },
{ "type": "Feature", "properties": { "nombre": "Camino sin nombre", "longitud_km": 4.99 }, "geometry": { "type": "LineString", "coordinates": [ [ -63.6651, -36.6274 ], [ -63.6092, -36.6274 ] ] } },
{ "type": "Feature", "properties": { "nombre": "Camino sin nombre", "longitud_km": 4.95 }, "geometry": { "type": "LineString", "coordinates": [ [ -63.7204, -36.6274 ], [ -63.6651, -36.6274 ] ] } },
{ "type": "Feature", "properties": { "nombre": "Camino sin nombre", "longitud_km": 9.98 }, "geometry": { "type": "LineString", "coordinates": [ [ -63.7204, -36.6274 ], [ -63.7206, -36.5374 ] ] } },
{ "type": "Feature", "properties": { "nombre": "Camino sin nombre", "longitud_km": 10.05 }, "geometry": { "type": "LineString", "coordinates": [ [ -63.8328, -36.6271 ], [ -63.7204, -36.6274 ] ] } },
{ "type": "Feature", "properties": { "nombre": "Camino sin nombre", "longitud_km": 3.71 }, "geometry": { "type": "LineString", "coordinates": [ [ -64.0571, -36.5934 ], [ -64.0572, -36.6269 ] ] } },
{ "type": "Feature", "properties": { "nombre": "Camino sin nombre", "longitud_km": 2.54 }, "geometry": { "type": "LineString", "coordinates": [ [ -64.6175, -36.6218 ], [ -64.5891, -36.6217 ] ] } },
{ "type": "Feature", "properties": { "nombre": "Camino sin nombre", "longitud_km": 10.04 }, "geometry": { "type": "LineString", "coordinates": [ [ -64.0572, -36.6269 ], [ -63.945, -36.6272 ] ] } },
{ "type": "Feature", "properties": { "nombre": "Camino sin nombre", "longitud_km": 1.54 }, "geometry": { "type": "LineString", "coordinates": [ [ -64.1693, -36.6126 ], [ -64.1694, -36.6265 ] ] } },
{ "type": "Feature", "properties": { "nombre": "Camino sin nombre", "longitud_km": 1.25 }, "geometry": { "type": "LineString", "coordinates": [ [ -64.5891, -36.6217 ], [ -64.5752, -36.6217 ] ] } },
{ "type": "Feature", "properties": { "nombre": "Camino sin nombre", "longitud_km": 9.35 }, "geometry": { "type": "LineString", "coordinates": [ [ -64.9463, -36.6179 ], [ -64.8418, -36.6193 ] ] } },
{ "type": "Feature", "properties": { "nombre": "Camino sin nombre", "longitud_km": 10.84 }, "geometry": { "type": "LineString", "coordinates": [ [ -64.5891, -36.6217 ], [ -64.5882, -36.5757 ], [ -64.5774, -36.5744 ], [ -64.5803, -36.557 ], [ -64.5724, -36.5325 ] ] } },
{ "type": "Feature", "properties": { "nombre": "Camino sin nombre", "longitud_km": 10.03 }, "geometry": { "type": "LineString", "coordinates": [ [ -64.1694, -36.6265 ], [ -64.0572, -36.6269 ] ] } },
{ "type": "Feature", "properties": { "nombre": "Camino sin nombre", "longitud_km": 1.45 }, "geometry": { "type": "LineString", "coordinates": [ [ -64.2252, -36.6129 ], [ -64.2253, -36.626 ] ] } },
{ "type": "Feature", "properties": { "nombre": "Camino sin nombre", "longitud_km": 10.0 }, "geometry": { "type": "LineString", "coordinates": [ [ -64.5052, -36.6229 ], [ -64.5039, -36.5328 ] ] } },
{ "type": "Feature", "properties": { "nombre": "Camino sin nombre", "longitud_km": 6.26 }, "geometry": { "type": "LineString", "coordinates": [ [ -64.5752, -36.6217 ], [ -64.5052, -36.6229 ] ] } },
{ "type": "Feature", "properties": { "nombre": "Camino sin nombre", "longitud_km": 4.63 }, "geometry": { "type": "LineString", "coordinates": [ [ -64.3922, -36.592 ], [ -64.3924, -36.606 ], [ -64.404, -36.6058 ], [ -64.4039, -36.6241 ] ] } },
{ "type": "Feature", "properties": { "nombre": "Camino sin nombre", "longitud_km": 5.02 }, "geometry": { "type": "LineString", "coordinates": [ [ -64.4039, -36.6241 ], [ -64.46, -36.6234 ] ] } },
{ "type": "Feature", "properties": { "nombre": "Camino sin nombre", "longitud_km": 5.0 }, "geometry": { "type": "LineString", "coordinates": [ [ -64.2253, -36.626 ], [ -64.1694, -36.6265 ] ] } },
{ "type": "Feature", "properties": { "nombre": "Camino sin nombre", "longitud_km": 3.27 }, "geometry": { "type": "LineString", "coordinates": [ [ -64.3673, -36.6245 ], [ -64.4039, -36.6241 ] ] } },
{ "type": "Feature", "properties": { "nombre": "Camino sin nombre", "longitud_km": 4.17 }, "geometry": { "type": "LineString", "coordinates": [ [ -64.2719, -36.6257 ], [ -64.2253, -36.626 ] ] } },
{ "type": "Feature", "properties": { "nombre": "Camino sin nombre", "longitud_km": 4.04 }, "geometry": { "type": "LineString", "coordinates": [ [ -64.46, -36.6234 ], [ -64.5052, -36.6229 ] ] } },
{ "type": "Feature", "properties": { "nombre": "Camino sin nombre", "longitud_km": 10.05 }, "geometry": { "type": "LineString", "coordinates": [ [ -64.7299, -36.6207 ], [ -64.6175, -36.6218 ] ] } },
{ "type": "Feature", "properties": { "nombre": "Camino sin nombre", "longitud_km": 9.97 }, "geometry": { "type": "LineString", "coordinates": [ [ -64.7299, -36.6207 ], [ -64.7262, -36.5308 ] ] } },
{ "type": "Feature", "properties": { "nombre": "Camino sin nombre", "longitud_km": 10.02 }, "geometry": { "type": "LineString", "coordinates": [ [ -64.8418, -36.6193 ], [ -64.7299, -36.6207 ] ] } },
{ "type": "Feature", "properties": { "nombre": "Camino sin nombre", "longitud_km": 1.6 }, "geometry": { "type": "LineString", "coordinates": [ [ -65.0648, -36.6159 ], [ -65.0646, -36.6015 ] ] } },
{ "type": "Feature", "properties": { "nombre": "Camino sin nombre", "longitud_km": 2.71 }, "geometry": { "type": "LineString", "coordinates": [ [ -64.9463, -36.6179 ], [ -64.9404, -36.594 ] ] } },
{ "type": "Feature", "properties": { "nombre": "Camino sin nombre", "longitud_km": 7.09 }, "geometry": { "type": "LineString", "coordinates": [ [ -66.4761, -36.5322 ], [ -66.467, -36.5536 ], [ -66.4721, -36.5771 ], [ -66.4925, -36.583 ] ] } },
{ "type": "Feature", "properties": { "nombre": "Camino sin nombre", "longitud_km": 2.06 }, "geometry": { "type": "LineString", "coordinates": [ [ -66.4925, -36.583 ], [ -66.5155, -36.5823 ] ] } },
{ "type": "Feature", "properties": { "nombre": "Camino sin nombre", "longitud_km": 5.8 }, "geometry": { "type": "LineString", "coordinates": [ [ -65.1203, -36.6156 ], [ -65.0779, -36.616 ], [ -65.0646, -36.6015 ] ] } },
{ "type": "Feature", "properties": { "nombre": "Camino sin nombre", "longitud_km": 2.27 }, "geometry": { "type": "LineString", "coordinates": [ [ -65.1199, -36.5952 ], [ -65.1203, -36.6156 ] ] } },
{ "type": "Feature", "properties": { "nombre": "Camino sin nombre", "longitud_km": 10.6 }, "geometry": { "type": "LineString", "coordinates": [ [ -65.0648, -36.6159 ], [ -64.9463, -36.6179 ] ] } },
{ "type": "Feature", "properties": { "nombre": "Camino sin nombre", "longitud_km": 6.64 }, "geometry": { "type": "LineString", "coordinates": [ [ -65.3435, -36.612 ], [ -65.3767, -36.5887 ], [ -65.387, -36.5658 ] ] } },
{ "type": "Feature", "properties": { "nombre": "Camino sin nombre", "longitud_km": 4.98 }, "geometry": { "type": "LineString", "coordinates": [ [ -65.5118, -36.609 ], [ -65.5114, -36.5642 ] ] } },
{ "type": "Feature", "properties": { "nombre": "Camino sin nombre", "longitud_km": 0.99 }, "geometry": { "type": "LineString", "coordinates": [ [ -64.3226, -36.6409 ], [ -64.3147, -36.6472 ] ] } },
{ "type": "Feature", "properties": { "nombre": "Camino sin nombre", "longitud_km": 18.51 }, "geometry": { "type": "LineString", "coordinates": [ [ -66.5155, -36.5823 ], [ -66.5443, -36.5814 ], [ -66.6084, -36.5614 ], [ -66.6604, -36.5562 ], [ -66.6813, -36.5431 ], [ -66.6901, -36.5196 ] ] } },
{ "type": "Feature", "properties": { "nombre": "Camino sin nombre", "longitud_km": 4.96 }, "geometry": { "type": "LineString", "coordinates": [ [ -65.2881, -36.6139 ], [ -65.3435, -36.612 ] ] } },
{ "type": "Feature", "properties": { "nombre": "Camino sin nombre", "longitud_km": 0.35 }, "geometry": { "type": "LineString", "coordinates": [ [ -65.1203, -36.6156 ], [ -65.1193, -36.6187 ] ] } },
{ "type": "Feature", "properties": { "nombre": "Camino sin nombre", "longitud_km": 2.94 }, "geometry": { "type": "LineString", "coordinates": [ [ -66.2831, -36.5688 ], [ -66.2892, -36.5948 ] ] } },
{ "type": "Feature", "properties": { "nombre": "Camino sin nombre", "longitud_km": 15.57 }, "geometry": { "type": "LineString", "coordinates": [ [ -65.5118, -36.609 ], [ -65.3575, -36.6117 ], [ -65.3471, -36.6172 ], [ -65.3435, -36.612 ] ] } },
{ "type": "Feature", "properties": { "nombre": "Camino sin nombre", "longitud_km": 5.13 }, "geometry": { "type": "LineString", "coordinates": [ [ -64.3143, -36.6341 ], [ -64.3251, -36.6255 ], [ -64.3673, -36.6245 ] ] } },
{ "type": "Feature", "properties": { "nombre": "Camino sin nombre", "longitud_km": 6.63 }, "geometry": { "type": "LineString", "coordinates": [ [ -65.2311, -36.5793 ], [ -65.2472, -36.5854 ], [ -65.26, -36.615 ], [ -65.2729, -36.6245 ] ] } },
{ "type": "Feature", "properties": { "nombre": "Camino sin nombre", "longitud_km": 1.38 }, "geometry": { "type": "LineString", "coordinates": [ [ -65.2884, -36.6245 ], [ -65.2729, -36.6245 ] ] } },
{ "type": "Feature", "properties": { "nombre": "Camino sin nombre", "longitud_km": 12.42 }, "geometry": { "type": "LineString", "coordinates": [ [ -63.4977, -36.6186 ], [ -63.4977, -36.6498 ], [ -63.3976, -36.6502 ] ] } },
{ "type": "Feature", "properties": { "nombre": "Camino sin nombre", "longitud_km": 1.9 }, "geometry": { "type": "LineString", "coordinates": [ [ -63.8115, -36.6495 ], [ -63.8327, -36.6495 ] ] } },
{ "type": "Feature", "properties": { "nombre": "Camino sin nombre", "longitud_km": 5.21 }, "geometry": { "type": "LineString", "coordinates": [ [ -65.6246, -36.6246 ], [ -65.6235, -36.5777 ] ] } },
{ "type": "Feature", "properties": { "nombre": "Camino sin nombre", "longitud_km": 4.41 }, "geometry": { "type": "LineString", "coordinates": [ [ -65.6539, -36.5932 ], [ -65.6454, -36.6069 ], [ -65.6246, -36.6246 ] ] } },
{ "type": "Feature", "properties": { "nombre": "Camino sin nombre", "longitud_km": 2.94 }, "geometry": { "type": "LineString", "coordinates": [ [ -66.332, -36.582 ], [ -66.3323, -36.5997 ], [ -66.3378, -36.6073 ] ] } },
{ "type": "Feature", "properties": { "nombre": "Camino sin nombre", "longitud_km": 5.95 }, "geometry": { "type": "LineString", "coordinates": [ [ -66.1486, -36.6126 ], [ -66.1598, -36.5984 ], [ -66.2002, -36.5813 ] ] } },
{ "type": "Feature", "properties": { "nombre": "Camino sin nombre", "longitud_km": 4.05 }, "geometry": { "type": "LineString", "coordinates": [ [ -64.3147, -36.6472 ], [ -64.2823, -36.6218 ] ] } },
{ "type": "Feature", "properties": { "nombre": "Camino sin nombre", "longitud_km": 0.84 }, "geometry": { "type": "LineString", "coordinates": [ [ -63.3851, -36.6526 ], [ -63.3943, -36.6542 ] ] } },
{ "type": "Feature", "properties": { "nombre": "Camino sin nombre", "longitud_km": 2.22 }, "geometry": { "type": "LineString", "coordinates": [ [ -65.2321, -36.6371 ], [ -65.232, -36.6295 ], [ -65.2166, -36.6302 ] ] } },
{ "type": "Feature", "properties": { "nombre": "Camino sin nombre", "longitud_km": 4.52 }, "geometry": { "type": "LineString", "coordinates": [ [ -65.1482, -36.639 ], [ -65.1478, -36.6292 ], [ -65.1207, -36.6276 ], [ -65.1193, -36.6187 ] ] } },
{ "type": "Feature", "properties": { "nombre": "Camino sin nombre", "longitud_km": 6.2 }, "geometry": { "type": "LineString", "coordinates": [ [ -65.2166, -36.6302 ], [ -65.1482, -36.639 ] ] } },
{ "type": "Feature", "properties": { "nombre": "Camino sin nombre", "longitud_km": 4.08 }, "geometry": { "type": "LineString", "coordinates": [ [ -66.0622, -36.5836 ], [ -66.071, -36.6197 ] ] } },
{ "type": "Feature", "properties": { "nombre": "Camino sin nombre", "longitud_km": 10.78 }, "geometry": { "type": "LineString", "coordinates": [ [ -66.4583, -36.6091 ], [ -66.3378, -36.6073 ] ] } },
{ "type": "Feature", "properties": { "nombre": "Camino sin nombre", "longitud_km": 7.03 }, "geometry": { "type": "LineString", "coordinates": [ [ -66.4266, -36.5518 ], [ -66.4451, -36.5948 ], [ -66.4583, -36.6091 ] ] } },
{ "type": "Feature", "properties": { "nombre": "Camino sin nombre", "longitud_km": 5.06 }, "geometry": { "type": "LineString", "coordinates": [ [ -64.8419, -36.6437 ], [ -64.7854, -36.6467 ] ] } },
{ "type": "Feature", "properties": { "nombre": "Camino sin nombre", "longitud_km": 4.54 }, "geometry": { "type": "LineString", "coordinates": [ [ -64.3673, -36.6245 ], [ -64.3709, -36.6273 ], [ -64.3391, -36.6539 ] ] } },
{ "type": "Feature", "properties": { "nombre": "Camino sin nombre", "longitud_km": 3.19 }, "geometry": { "type": "LineString", "coordinates": [ [ -64.6178, -36.6506 ], [ -64.6175, -36.6218 ] ] } },
{ "type": "Feature", "properties": { "nombre": "Camino sin nombre", "longitud_km": 4.46 }, "geometry": { "type": "LineString", "coordinates": [ [ -65.2729, -36.6245 ], [ -65.2513, -36.6412 ], [ -65.2321, -36.6371 ] ] } },
{ "type": "Feature", "properties": { "nombre": "Camino sin nombre", "longitud_km": 1.04 }, "geometry": { "type": "LineString", "coordinates": [ [ -63.3853, -36.6619 ], [ -63.3851, -36.6526 ] ] } },
{ "type": "Feature", "properties": { "nombre": "Camino sin nombre", "longitud_km": 4.01 }, "geometry": { "type": "LineString", "coordinates": [ [ -65.0652, -36.6521 ], [ -65.0648, -36.6159 ] ] } },
{ "type": "Feature", "properties": { "nombre": "Camino sin nombre", "longitud_km": 9.95 }, "geometry": { "type": "LineString", "coordinates": [ [ -64.6178, -36.6506 ], [ -64.6465, -36.654 ], [ -64.6501, -36.6447 ], [ -64.6863, -36.6435 ], [ -64.7112, -36.6464 ], [ -64.712, -36.6535 ] ] } },
{ "type": "Feature", "properties": { "nombre": "Camino sin nombre", "longitud_km": 1.51 }, "geometry": { "type": "LineString", "coordinates": [ [ -64.1695, -36.6602 ], [ -64.1526, -36.6603 ] ] } },
{ "type": "Feature", "properties": { "nombre": "Camino sin nombre", "longitud_km": 3.74 }, "geometry": { "type": "LineString", "coordinates": [ [ -64.1694, -36.6265 ], [ -64.1695, -36.6602 ] ] } },
{ "type": "Feature", "properties": { "nombre": "Camino sin nombre", "longitud_km": 9.69 }, "geometry": { "type": "LineString", "coordinates": [ [ -67.2071, -36.5215 ], [ -67.1633, -36.5685 ], [ -67.16, -36.5818 ], [ -67.1492, -36.594 ] ] } },
{ "type": "Feature", "properties": { "nombre": "Camino sin nombre", "longitud_km": 1.78 }, "geometry": { "type": "LineString", "coordinates": [ [ -65.2177, -36.6462 ], [ -65.2166, -36.6302 ] ] } },
{ "type": "Feature", "properties": { "nombre": "Camino sin nombre", "longitud_km": 1.63 }, "geometry": { "type": "LineString", "coordinates": [ [ -65.2321, -36.6371 ], [ -65.2177, -36.6462 ] ] } },
{ "type": "Feature", "properties": { "nombre": "Camino sin nombre", "longitud_km": 10.17 }, "geometry": { "type": "LineString", "coordinates": [ [ -65.6036, -36.6413 ], [ -65.5781, -36.6245 ], [ -65.5682, -36.6143 ], [ -65.5682, -36.6077 ], [ -65.5118, -36.609 ] ] } },
{ "type": "Feature", "properties": { "nombre": "Camino sin nombre", "longitud_km": 2.63 }, "geometry": { "type": "LineString", "coordinates": [ [ -65.6246, -36.6246 ], [ -65.6036, -36.6413 ] ] } },
{ "type": "Feature", "properties": { "nombre": "Camino sin nombre", "longitud_km": 10.13 }, "geometry": { "type": "LineString", "coordinates": [ [ -65.7361, -36.6384 ], [ -65.7306, -36.6262 ], [ -65.7278, -36.548 ] ] } },
{ "type": "Feature", "properties": { "nombre": "Camino sin nombre", "longitud_km": 6.57 }, "geometry": { "type": "LineString", "coordinates": [ [ -65.1193, -36.6187 ], [ -65.1007, -36.6221 ], [ -65.0933, -36.6385 ], [ -65.0652, -36.6521 ] ] } },
{ "type": "Feature", "properties": { "nombre": "Camino sin nombre", "longitud_km": 9.68 }, "geometry": { "type": "LineString", "coordinates": [ [ -65.7361, -36.6384 ], [ -65.7007, -36.6381 ], [ -65.6539, -36.5932 ] ] } },
{ "type": "Feature", "properties": { "nombre": "Camino sin nombre", "longitud_km": 4.45 }, "geometry": { "type": "LineString", "coordinates": [ [ -66.4749, -36.6194 ], [ -66.4829, -36.6077 ], [ -66.4849, -36.5916 ], [ -66.4925, -36.583 ] ] } },
{ "type": "Feature", "properties": { "nombre": "Camino sin nombre", "longitud_km": 4.69 }, "geometry": { "type": "LineString", "coordinates": [ [ -64.7854, -36.6467 ], [ -64.7483, -36.6469 ], [ -64.743, -36.6586 ] ] } },
{ "type": "Feature", "properties": { "nombre": "Camino sin nombre", "longitud_km": 5.78 }, "geometry": { "type": "LineString", "coordinates": [ [ -63.7203, -36.6794 ], [ -63.7204, -36.6274 ] ] } },
{ "type": "Feature", "properties": { "nombre": "Camino sin nombre", "longitud_km": 1.81 }, "geometry": { "type": "LineString", "coordinates": [ [ -66.4583, -36.6091 ], [ -66.4692, -36.6229 ] ] } },
{ "type": "Feature", "properties": { "nombre": "Camino sin nombre", "longitud_km": 0.64 }, "geometry": { "type": "LineString", "coordinates": [ [ -66.4692, -36.6229 ], [ -66.4749, -36.6194 ] ] } },
{ "type": "Feature", "properties": { "nombre": "Camino sin nombre", "longitud_km": 4.01 }, "geometry": { "type": "LineString", "coordinates": [ [ -67.5, -36.5894 ], [ -67.4776, -36.5582 ] ] } },
{ "type": "Feature", "properties": { "nombre": "Camino sin nombre", "longitud_km": 1.36 }, "geometry": { "type": "LineString", "coordinates": [ [ -63.3853, -36.6619 ], [ -63.3859, -36.6742 ] ] } },
{ "type": "Feature", "properties": { "nombre": "Camino sin nombre", "longitud_km": 1.24 }, "geometry": { "type": "LineString", "coordinates": [ [ -64.1695, -36.6602 ], [ -64.1695, -36.6714 ] ] } },
{ "type": "Feature", "properties": { "nombre": "Camino sin nombre", "longitud_km": 9.9 }, "geometry": { "type": "LineString", "coordinates": [ [ -67.0149, -36.6107 ], [ -67.021, -36.5968 ], [ -67.0201, -36.5576 ], [ -67.0136, -36.5489 ], [ -66.9849, -36.5392 ] ] } },
{ "type": "Feature", "properties": { "nombre": "Camino sin nombre", "longitud_km": 3.77 }, "geometry": { "type": "LineString", "coordinates": [ [ -64.4664, -36.6595 ], [ -64.5058, -36.6717 ] ] } },
{ "type": "Feature", "properties": { "nombre": "Camino sin nombre", "longitud_km": 5.41 }, "geometry": { "type": "LineString", "coordinates": [ [ -64.5058, -36.6717 ], [ -64.5052, -36.6229 ] ] } },
{ "type": "Feature", "properties": { "nombre": "Camino sin nombre", "longitud_km": 9.54 }, "geometry": { "type": "LineString", "coordinates": [ [ -66.071, -36.6197 ], [ -66.094, -36.6239 ], [ -66.1304, -36.6407 ], [ -66.133, -36.6258 ], [ -66.1486, -36.6126 ] ] } },
{ "type": "Feature", "properties": { "nombre": "Camino sin nombre", "longitud_km": 0.68 }, "geometry": { "type": "LineString", "coordinates": [ [ -64.5058, -36.6717 ], [ -64.5132, -36.6731 ] ] } },
{ "type": "Feature", "properties": { "nombre": "Camino sin nombre", "longitud_km": 3.85 }, "geometry": { "type": "LineString", "coordinates": [ [ -64.5132, -36.6731 ], [ -64.527, -36.6621 ], [ -64.5321, -36.6434 ] ] } },
{ "type": "Feature", "properties": { "nombre": "Camino sin nombre", "longitud_km": 1.7 }, "geometry": { "type": "LineString", "coordinates": [ [ -65.7425, -36.6529 ], [ -65.7361, -36.6384 ] ] } },
{ "type": "Feature", "properties": { "nombre": "Camino sin nombre", "longitud_km": 5.88 }, "geometry": { "type": "LineString", "coordinates": [ [ -64.5752, -36.6217 ], [ -64.5809, -36.6746 ] ] } },
{ "type": "Feature", "properties": { "nombre": "Camino sin nombre", "longitud_km": 0.95 }, "geometry": { "type": "LineString", "coordinates": [ [ -64.1695, -36.6714 ], [ -64.1696, -36.68 ] ] } },
{ "type": "Feature", "properties": { "nombre": "Camino sin nombre", "longitud_km": 1.55 }, "geometry": { "type": "LineString", "coordinates": [ [ -64.187, -36.6798 ], [ -64.1696, -36.68 ] ] } },
{ "type": "Feature", "properties": { "nombre": "Camino sin nombre", "longitud_km": 11.16 }, "geometry": { "type": "LineString", "coordinates": [ [ -67.3705, -36.6061 ], [ -67.3915, -36.5874 ], [ -67.4776, -36.5582 ] ] } },
{ "type": "Feature", "properties": { "nombre": "Camino sin nombre", "longitud_km": 9.41 }, "geometry": { "type": "LineString", "coordinates": [ [ -64.2253, -36.626 ], [ -64.2257, -36.6796 ], [ -64.187, -36.6798 ] ] } },
{ "type": "Feature", "properties": { "nombre": "Camino sin nombre", "longitud_km": 10.27 }, "geometry": { "type": "LineString", "coordinates": [ [ -64.3147, -36.6472 ], [ -64.2907, -36.6669 ], [ -64.307, -36.6801 ], [ -64.3311, -36.6604 ], [ -64.3147, -36.6472 ] ] } },
{ "type": "Feature", "properties": { "nombre": "Camino sin nombre", "longitud_km": 1.43 }, "geometry": { "type": "LineString", "coordinates": [ [ -67.3705, -36.6061 ], [ -67.3865, -36.6065 ] ] } },
{ "type": "Feature", "properties": { "nombre": "Camino sin nombre", "longitud_km": 6.14 }, "geometry": { "type": "LineString", "coordinates": [ [ -64.5132, -36.6731 ], [ -64.5404, -36.6783 ], [ -64.5809, -36.6746 ] ] } },
{ "type": "Feature", "properties": { "nombre": "Camino sin nombre", "longitud_km": 12.5 }, "geometry": { "type": "LineString", "coordinates": [ [ -63.6093, -36.7401 ], [ -63.6092, -36.6274 ] ] } },
{ "type": "Feature", "properties": { "nombre": "Camino sin nombre", "longitud_km": 8.15 }, "geometry": { "type": "LineString", "coordinates": [ [ -67.2841, -36.5931 ], [ -67.3606, -36.6107 ], [ -67.3705, -36.6061 ] ] } },
{ "type": "Feature", "properties": { "nombre": "Camino sin nombre", "longitud_km": 1.07 }, "geometry": { "type": "LineString", "coordinates": [ [ -63.8326, -36.6896 ], [ -63.8446, -36.6897 ] ] } },
{ "type": "Feature", "properties": { "nombre": "Camino sin nombre", "longitud_km": 2.77 }, "geometry": { "type": "LineString", "coordinates": [ [ -66.4835, -36.6451 ], [ -66.4692, -36.6229 ] ] } },
{ "type": "Feature", "properties": { "nombre": "Camino sin nombre", "longitud_km": 4.53 }, "geometry": { "type": "LineString", "coordinates": [ [ -66.4749, -36.6194 ], [ -66.4957, -36.6238 ], [ -66.4835, -36.6451 ] ] } },
{ "type": "Feature", "properties": { "nombre": "Camino sin nombre", "longitud_km": 2.36 }, "geometry": { "type": "LineString", "coordinates": [ [ -67.0149, -36.6107 ], [ -67.0216, -36.6313 ] ] } },
{ "type": "Feature", "properties": { "nombre": "Camino sin nombre", "longitud_km": 13.88 }, "geometry": { "type": "LineString", "coordinates": [ [ -67.1492, -36.594 ], [ -67.1395, -36.5983 ], [ -67.1242, -36.6181 ], [ -67.1109, -36.6226 ], [ -67.0545, -36.6109 ], [ -67.0454, -36.6127 ], [ -67.0216, -36.6313 ] ] } },
{ "type": "Feature", "properties": { "nombre": "Camino sin nombre", "longitud_km": 2.03 }, "geometry": { "type": "LineString", "coordinates": [ [ -64.3714, -36.6795 ], [ -64.3876, -36.6924 ] ] } },
{ "type": "Feature", "properties": { "nombre": "Camino sin nombre", "longitud_km": 1.04 }, "geometry": { "type": "LineString", "coordinates": [ [ -64.3876, -36.6924 ], [ -64.396, -36.686 ] ] } },
{ "type": "Feature", "properties": { "nombre": "Camino sin nombre", "longitud_km": 8.71 }, "geometry": { "type": "LineString", "coordinates": [ [ -64.1695, -36.6714 ], [ -64.1137, -36.6719 ], [ -64.1135, -36.6869 ], [ -64.1012, -36.6933 ], [ -64.0991, -36.6999 ] ] } },
{ "type": "Feature", "properties": { "nombre": "Camino sin nombre", "longitud_km": 5.04 }, "geometry": { "type": "LineString", "coordinates": [ [ -64.0577, -36.7172 ], [ -64.0013, -36.7174 ] ] } },
{ "type": "Feature", "properties": { "nombre": "Camino sin nombre", "longitud_km": 5.0 }, "geometry": { "type": "LineString", "coordinates": [ [ -65.6254, -36.6797 ], [ -65.6152, -36.6741 ], [ -65.6162, -36.6634 ], [ -65.6036, -36.6413 ] ] } },
{ "type": "Feature", "properties": { "nombre": "Camino sin nombre", "longitud_km": 6.12 }, "geometry": { "type": "LineString", "coordinates": [ [ -65.6254, -36.6797 ], [ -65.6246, -36.6246 ] ] } },
{ "type": "Feature", "properties": { "nombre": "Camino sin nombre", "longitud_km": 4.7 }, "geometry": { "type": "LineString", "coordinates": [ [ -67.0149, -36.6107 ], [ -67.0039, -36.6151 ], [ -66.9979, -36.6251 ], [ -67.0127, -36.6429 ] ] } },
{ "type": "Feature", "properties": { "nombre": "Camino sin nombre", "longitud_km": 1.51 }, "geometry": { "type": "LineString", "coordinates": [ [ -67.0216, -36.6313 ], [ -67.0127, -36.6429 ] ] } },
{ "type": "Feature", "properties": { "nombre": "Camino sin nombre", "longitud_km": 3.85 }, "geometry": { "type": "LineString", "coordinates": [ [ -64.187, -36.6798 ], [ -64.1875, -36.6938 ], [ -64.209, -36.7052 ] ] } },
{ "type": "Feature", "properties": { "nombre": "Camino sin nombre", "longitud_km": 6.31 }, "geometry": { "type": "LineString", "coordinates": [ [ -65.7425, -36.6529 ], [ -65.7365, -36.6457 ], [ -65.7296, -36.6498 ], [ -65.6993, -36.6831 ] ] } },
{ "type": "Feature", "properties": { "nombre": "Camino sin nombre", "longitud_km": 10.03 }, "geometry": { "type": "LineString", "coordinates": [ [ -64.1699, -36.7173 ], [ -64.0577, -36.7172 ] ] } },
{ "type": "Feature", "properties": { "nombre": "Camino sin nombre", "longitud_km": 4.95 }, "geometry": { "type": "LineString", "coordinates": [ [ -65.7806, -36.6853 ], [ -65.7425, -36.6529 ] ] } },
{ "type": "Feature", "properties": { "nombre": "Camino sin nombre", "longitud_km": 20.01 }, "geometry": { "type": "LineString", "coordinates": [ [ -63.3853, -36.7177 ], [ -63.4692, -36.7178 ], [ -63.4694, -36.7479 ], [ -63.4693, -36.763 ], [ -63.3853, -36.7628 ] ] } },
{ "type": "Feature", "properties": { "nombre": "Camino sin nombre", "longitud_km": 19.14 }, "geometry": { "type": "LineString", "coordinates": [ [ -65.8033, -36.6863 ], [ -65.7918, -36.6689 ], [ -65.8115, -36.663 ], [ -65.8298, -36.64 ], [ -65.826, -36.6371 ], [ -65.8305, -36.6285 ], [ -65.8216, -36.6202 ], [ -65.8274, -36.6087 ], [ -65.8474, -36.6095 ], [ -65.8543, -36.6036 ], [ -65.8748, -36.6035 ], [ -65.9002, -36.5806 ] ] } },
{ "type": "Feature", "properties": { "nombre": "Camino sin nombre", "longitud_km": 5.49 }, "geometry": { "type": "LineString", "coordinates": [ [ -65.0662, -36.7015 ], [ -65.0652, -36.6521 ] ] } },
{ "type": "Feature", "properties": { "nombre": "Camino sin nombre", "longitud_km": 2.48 }, "geometry": { "type": "LineString", "coordinates": [ [ -65.0837, -36.6841 ], [ -65.0662, -36.7015 ] ] } },
{ "type": "Feature", "properties": { "nombre": "Camino sin nombre", "longitud_km": 4.23 }, "geometry": { "type": "LineString", "coordinates": [ [ -63.721, -36.7175 ], [ -63.7207, -36.6794 ] ] } },
{ "type": "Feature", "properties": { "nombre": "Camino sin nombre", "longitud_km": 2.14 }, "geometry": { "type": "LineString", "coordinates": [ [ -63.7772, -36.7174 ], [ -63.7771, -36.6981 ] ] } },
{ "type": "Feature", "properties": { "nombre": "Camino sin nombre", "longitud_km": 2.51 }, "geometry": { "type": "LineString", "coordinates": [ [ -63.7491, -36.7176 ], [ -63.721, -36.7175 ] ] } },
{ "type": "Feature", "properties": { "nombre": "Camino sin nombre", "longitud_km": 4.96 }, "geometry": { "type": "LineString", "coordinates": [ [ -63.8327, -36.7171 ], [ -63.7772, -36.7174 ] ] } },
{ "type": "Feature", "properties": { "nombre": "Camino sin nombre", "longitud_km": 2.52 }, "geometry": { "type": "LineString", "coordinates": [ [ -63.7772, -36.7174 ], [ -63.7491, -36.7176 ] ] } },
{ "type": "Feature", "properties": { "nombre": "Camino sin nombre", "longitud_km": 3.08 }, "geometry": { "type": "LineString", "coordinates": [ [ -64.3631, -36.712 ], [ -64.3876, -36.6924 ] ] } },
{ "type": "Feature", "properties": { "nombre": "Camino sin nombre", "longitud_km": 5.01 }, "geometry": { "type": "LineString", "coordinates": [ [ -63.8888, -36.7173 ], [ -63.8327, -36.7171 ] ] } },
{ "type": "Feature", "properties": { "nombre": "Camino sin nombre", "longitud_km": 4.14 }, "geometry": { "type": "LineString", "coordinates": [ [ -64.1696, -36.68 ], [ -64.1699, -36.7173 ] ] } },
{ "type": "Feature", "properties": { "nombre": "Camino sin nombre", "longitud_km": 1.5 }, "geometry": { "type": "LineString", "coordinates": [ [ -64.5073, -36.7583 ], [ -64.507, -36.7448 ] ] } },
{ "type": "Feature", "properties": { "nombre": "Camino sin nombre", "longitud_km": 5.07 }, "geometry": { "type": "LineString", "coordinates": [ [ -63.9456, -36.7177 ], [ -63.8888, -36.7173 ] ] } },
{ "type": "Feature", "properties": { "nombre": "Camino sin nombre", "longitud_km": 10.04 }, "geometry": { "type": "LineString", "coordinates": [ [ -63.9447, -36.6272 ], [ -63.9456, -36.7177 ] ] } },
{ "type": "Feature", "properties": { "nombre": "Camino sin nombre", "longitud_km": 4.97 }, "geometry": { "type": "LineString", "coordinates": [ [ -64.0013, -36.7174 ], [ -63.9456, -36.7177 ] ] } },
{ "type": "Feature", "properties": { "nombre": "Camino sin nombre", "longitud_km": 10.02 }, "geometry": { "type": "LineString", "coordinates": [ [ -64.0572, -36.6269 ], [ -64.0577, -36.7172 ] ] } },
{ "type": "Feature", "properties": { "nombre": "Camino sin nombre", "longitud_km": 4.56 }, "geometry": { "type": "LineString", "coordinates": [ [ -64.5064, -36.7128 ], [ -64.5058, -36.6717 ] ] } },
{ "type": "Feature", "properties": { "nombre": "Camino sin nombre", "longitud_km": 4.52 }, "geometry": { "type": "LineString", "coordinates": [ [ -64.5809, -36.6746 ], [ -64.5871, -36.6831 ], [ -64.5858, -36.6988 ], [ -64.5912, -36.7021 ], [ -64.5908, -36.7118 ] ] } },
{ "type": "Feature", "properties": { "nombre": "Camino sin nombre", "longitud_km": 6.75 }, "geometry": { "type": "LineString", "coordinates": [ [ -64.6182, -36.7114 ], [ -64.6178, -36.6506 ] ] } },
{ "type": "Feature", "properties": { "nombre": "Camino sin nombre", "longitud_km": 3.41 }, "geometry": { "type": "LineString", "coordinates": [ [ -64.6709, -36.7108 ], [ -64.6738, -36.7065 ], [ -64.6685, -36.7067 ], [ -64.6854, -36.6899 ] ] } },
{ "type": "Feature", "properties": { "nombre": "Camino sin nombre", "longitud_km": 9.93 }, "geometry": { "type": "LineString", "coordinates": [ [ -64.7301, -36.7101 ], [ -64.7299, -36.6207 ] ] } },
{ "type": "Feature", "properties": { "nombre": "Camino sin nombre", "longitud_km": 3.79 }, "geometry": { "type": "LineString", "coordinates": [ [ -64.4537, -36.7139 ], [ -64.4581, -36.7064 ], [ -64.4782, -36.705 ], [ -64.4806, -36.6956 ] ] } },
{ "type": "Feature", "properties": { "nombre": "Camino sin nombre", "longitud_km": 9.02 }, "geometry": { "type": "LineString", "coordinates": [ [ -64.8155, -36.709 ], [ -64.8142, -36.6868 ], [ -64.797, -36.6806 ], [ -64.7861, -36.6706 ], [ -64.793, -36.6646 ], [ -64.7858, -36.6632 ], [ -64.7854, -36.6467 ] ] } },
{ "type": "Feature", "properties": { "nombre": "Camino sin nombre", "longitud_km": 3.47 }, "geometry": { "type": "LineString", "coordinates": [ [ -64.3876, -36.6924 ], [ -64.4153, -36.7144 ] ] } },
{ "type": "Feature", "properties": { "nombre": "Camino sin nombre", "longitud_km": 11.15 }, "geometry": { "type": "LineString", "coordinates": [ [ -64.9122, -36.7083 ], [ -64.9118, -36.6855 ], [ -64.8979, -36.658 ], [ -64.884, -36.6577 ], [ -64.8419, -36.6437 ] ] } },
{ "type": "Feature", "properties": { "nombre": "Camino sin nombre", "longitud_km": 12.04 }, "geometry": { "type": "LineString", "coordinates": [ [ -65.8958, -36.689 ], [ -65.9002, -36.5806 ] ] } },
{ "type": "Feature", "properties": { "nombre": "Camino sin nombre", "longitud_km": 6.86 }, "geometry": { "type": "LineString", "coordinates": [ [ -65.0461, -36.7069 ], [ -65.0411, -36.6698 ], [ -65.0215, -36.6749 ], [ -65.0145, -36.6695 ] ] } },
{ "type": "Feature", "properties": { "nombre": "Camino sin nombre", "longitud_km": 0.57 }, "geometry": { "type": "LineString", "coordinates": [ [ -65.0663, -36.7067 ], [ -65.0662, -36.7015 ] ] } },
{ "type": "Feature", "properties": { "nombre": "Camino sin nombre", "longitud_km": 2.51 }, "geometry": { "type": "LineString", "coordinates": [ [ -65.9238, -36.6887 ], [ -65.8958, -36.689 ] ] } },
{ "type": "Feature", "properties": { "nombre": "Camino sin nombre", "longitud_km": 10.14 }, "geometry": { "type": "LineString", "coordinates": [ [ -65.1482, -36.639 ], [ -65.1248, -36.6621 ], [ -65.1355, -36.6716 ], [ -65.1487, -36.6714 ], [ -65.165, -36.69 ], [ -65.1653, -36.7053 ] ] } },
{ "type": "Feature", "properties": { "nombre": "Camino sin nombre", "longitud_km": 7.31 }, "geometry": { "type": "LineString", "coordinates": [ [ -65.2338, -36.7043 ], [ -65.2323, -36.6536 ], [ -65.227, -36.6475 ], [ -65.2177, -36.6462 ] ] } },
{ "type": "Feature", "properties": { "nombre": "Camino sin nombre", "longitud_km": 13.1 }, "geometry": { "type": "LineString", "coordinates": [ [ -65.3965, -36.7012 ], [ -65.3966, -36.6836 ], [ -65.3873, -36.6701 ], [ -65.3667, -36.6676 ], [ -65.3569, -36.6565 ], [ -65.2892, -36.6577 ] ] } },
{ "type": "Feature", "properties": { "nombre": "Camino sin nombre", "longitud_km": 2.77 }, "geometry": { "type": "LineString", "coordinates": [ [ -65.2541, -36.6804 ], [ -65.2647, -36.7038 ] ] } },
{ "type": "Feature", "properties": { "nombre": "Camino sin nombre", "longitud_km": 0.09 }, "geometry": { "type": "LineString", "coordinates": [ [ -65.9238, -36.6895 ], [ -65.9238, -36.6887 ] ] } },
{ "type": "Feature", "properties": { "nombre": "Camino sin nombre", "longitud_km": 1.9 }, "geometry": { "type": "LineString", "coordinates": [ [ -65.6263, -36.6968 ], [ -65.6254, -36.6797 ] ] } },
{ "type": "Feature", "properties": { "nombre": "Camino sin nombre", "longitud_km": 15.9 }, "geometry": { "type": "LineString", "coordinates": [ [ -65.4024, -36.7012 ], [ -65.4561, -36.6555 ], [ -65.4794, -36.6574 ], [ -65.5022, -36.6708 ], [ -65.5137, -36.67 ], [ -65.5141, -36.6994 ] ] } },
{ "type": "Feature", "properties": { "nombre": "Camino sin nombre", "longitud_km": 2.84 }, "geometry": { "type": "LineString", "coordinates": [ [ -65.9515, -36.69 ], [ -65.9516, -36.6868 ], [ -65.9238, -36.6887 ] ] } },
{ "type": "Feature", "properties": { "nombre": "Camino sin nombre", "longitud_km": 0.81 }, "geometry": { "type": "LineString", "coordinates": [ [ -64.7304, -36.7174 ], [ -64.7301, -36.7101 ] ] } },
{ "type": "Feature", "properties": { "nombre": "Camino sin nombre", "longitud_km": 8.24 }, "geometry": { "type": "LineString", "coordinates": [ [ -66.063, -36.6918 ], [ -66.065, -36.6483 ], [ -66.0612, -36.6375 ], [ -66.071, -36.6197 ] ] } },
{ "type": "Feature", "properties": { "nombre": "Camino sin nombre", "longitud_km": 1.4 }, "geometry": { "type": "LineString", "coordinates": [ [ -63.7491, -36.7176 ], [ -63.7492, -36.7302 ] ] } },
{ "type": "Feature", "properties": { "nombre": "Camino sin nombre", "longitud_km": 2.72 }, "geometry": { "type": "LineString", "coordinates": [ [ -67.0127, -36.6429 ], [ -67.0208, -36.6665 ] ] } },
{ "type": "Feature", "properties": { "nombre": "Camino sin nombre", "longitud_km": 9.34 }, "geometry": { "type": "LineString", "coordinates": [ [ -66.1486, -36.6126 ], [ -66.1627, -36.6333 ], [ -66.1666, -36.6937 ] ] } },
{ "type": "Feature", "properties": { "nombre": "Camino sin nombre", "longitud_km": 1.76 }, "geometry": { "type": "LineString", "coordinates": [ [ -64.5066, -36.7286 ], [ -64.5064, -36.7128 ] ] } },
{ "type": "Feature", "properties": { "nombre": "Camino sin nombre", "longitud_km": 11.7 }, "geometry": { "type": "LineString", "coordinates": [ [ -66.2892, -36.5948 ], [ -66.2679, -36.625 ], [ -66.2603, -36.6954 ] ] } },
{ "type": "Feature", "properties": { "nombre": "Camino sin nombre", "longitud_km": 2.02 }, "geometry": { "type": "LineString", "coordinates": [ [ -64.5638, -36.7303 ], [ -64.5636, -36.7121 ] ] } },
{ "type": "Feature", "properties": { "nombre": "Camino sin nombre", "longitud_km": 3.28 }, "geometry": { "type": "LineString", "coordinates": [ [ -63.8888, -36.7173 ], [ -63.8888, -36.7361 ], [ -63.8757, -36.7383 ] ] } },
{ "type": "Feature", "properties": { "nombre": "Camino sin nombre", "longitud_km": 4.99 }, "geometry": { "type": "LineString", "coordinates": [ [ -63.6652, -36.7402 ], [ -63.6093, -36.7401 ] ] } },
{ "type": "Feature", "properties": { "nombre": "Camino sin nombre", "longitud_km": 5.02 }, "geometry": { "type": "LineString", "coordinates": [ [ -63.7213, -36.7404 ], [ -63.6652, -36.7402 ] ] } },
{ "type": "Feature", "properties": { "nombre": "Camino sin nombre", "longitud_km": 2.54 }, "geometry": { "type": "LineString", "coordinates": [ [ -63.7213, -36.7404 ], [ -63.721, -36.7175 ] ] } },
{ "type": "Feature", "properties": { "nombre": "Camino sin nombre", "longitud_km": 12.03 }, "geometry": { "type": "LineString", "coordinates": [ [ -66.2892, -36.5948 ], [ -66.3231, -36.6478 ], [ -66.326, -36.6965 ] ] } },
{ "type": "Feature", "properties": { "nombre": "Camino sin nombre", "longitud_km": 2.33 }, "geometry": { "type": "LineString", "coordinates": [ [ -65.1082, -36.7271 ], [ -65.1078, -36.7061 ] ] } },
{ "type": "Feature", "properties": { "nombre": "Camino sin nombre", "longitud_km": 5.42 }, "geometry": { "type": "LineString", "coordinates": [ [ -64.5638, -36.7303 ], [ -64.528, -36.7282 ], [ -64.5194, -36.7334 ], [ -64.5066, -36.7286 ] ] } },
{ "type": "Feature", "properties": { "nombre": "Camino sin nombre", "longitud_km": 2.49 }, "geometry": { "type": "LineString", "coordinates": [ [ -65.1419, -36.7281 ], [ -65.1405, -36.7057 ] ] } },
{ "type": "Feature", "properties": { "nombre": "Camino sin nombre", "longitud_km": 10.64 }, "geometry": { "type": "LineString", "coordinates": [ [ -66.3378, -36.6073 ], [ -66.3414, -36.6198 ], [ -66.3593, -36.6449 ], [ -66.3583, -36.6542 ], [ -66.3655, -36.6712 ], [ -66.3565, -36.697 ] ] } },
{ "type": "Feature", "properties": { "nombre": "Camino sin nombre", "longitud_km": 2.25 }, "geometry": { "type": "LineString", "coordinates": [ [ -65.0667, -36.7269 ], [ -65.0663, -36.7067 ] ] } },
{ "type": "Feature", "properties": { "nombre": "Camino sin nombre", "longitud_km": 2.62 }, "geometry": { "type": "LineString", "coordinates": [ [ -64.6187, -36.735 ], [ -64.6182, -36.7114 ] ] } },
{ "type": "Feature", "properties": { "nombre": "Camino sin nombre", "longitud_km": 1.76 }, "geometry": { "type": "LineString", "coordinates": [ [ -64.6348, -36.7259 ], [ -64.6187, -36.735 ] ] } },
{ "type": "Feature", "properties": { "nombre": "Camino sin nombre", "longitud_km": 3.71 }, "geometry": { "type": "LineString", "coordinates": [ [ -65.1082, -36.7271 ], [ -65.0667, -36.7269 ] ] } },
{ "type": "Feature", "properties": { "nombre": "Camino sin nombre", "longitud_km": 10.49 }, "geometry": { "type": "LineString", "coordinates": [ [ -67.1119, -36.6758 ], [ -67.1522, -36.6153 ], [ -67.1589, -36.6118 ], [ -67.1492, -36.594 ] ] } },
{ "type": "Feature", "properties": { "nombre": "Camino sin nombre", "longitud_km": 3.01 }, "geometry": { "type": "LineString", "coordinates": [ [ -65.1419, -36.7281 ], [ -65.1082, -36.7271 ] ] } },
{ "type": "Feature", "properties": { "nombre": "Camino sin nombre", "longitud_km": 3.62 }, "geometry": { "type": "LineString", "coordinates": [ [ -66.4403, -36.6659 ], [ -66.4379, -36.6984 ] ] } },
{ "type": "Feature", "properties": { "nombre": "Camino sin nombre", "longitud_km": 4.27 }, "geometry": { "type": "LineString", "coordinates": [ [ -65.0668, -36.7302 ], [ -65.0482, -36.7304 ], [ -65.0461, -36.7069 ] ] } },
{ "type": "Feature", "properties": { "nombre": "Camino sin nombre", "longitud_km": 0.36 }, "geometry": { "type": "LineString", "coordinates": [ [ -65.0668, -36.7302 ], [ -65.0667, -36.7269 ] ] } },
{ "type": "Feature", "properties": { "nombre": "Camino sin nombre", "longitud_km": 2.31 }, "geometry": { "type": "LineString", "coordinates": [ [ -66.0642, -36.6917 ], [ -66.0781, -36.7093 ] ] } },
{ "type": "Feature", "properties": { "nombre": "Camino sin nombre", "longitud_km": 2.23 }, "geometry": { "type": "LineString", "coordinates": [ [ -64.7308, -36.7375 ], [ -64.7304, -36.7174 ] ] } },
{ "type": "Feature", "properties": { "nombre": "Camino sin nombre", "longitud_km": 6.49 }, "geometry": { "type": "LineString", "coordinates": [ [ -66.485, -36.6992 ], [ -66.4963, -36.6664 ], [ -66.494, -36.6553 ], [ -66.4835, -36.6451 ] ] } },
{ "type": "Feature", "properties": { "nombre": "Camino sin nombre", "longitud_km": 3.13 }, "geometry": { "type": "LineString", "coordinates": [ [ -64.7865, -36.7375 ], [ -64.7864, -36.7093 ] ] } },
{ "type": "Feature", "properties": { "nombre": "Camino sin nombre", "longitud_km": 2.98 }, "geometry": { "type": "LineString", "coordinates": [ [ -65.2033, -36.7317 ], [ -65.2018, -36.7049 ] ] } },
{ "type": "Feature", "properties": { "nombre": "Camino sin nombre", "longitud_km": 2.1 }, "geometry": { "type": "LineString", "coordinates": [ [ -65.2033, -36.7317 ], [ -65.2109, -36.7235 ], [ -65.2217, -36.7229 ] ] } },
{ "type": "Feature", "properties": { "nombre": "Camino sin nombre", "longitud_km": 0.69 }, "geometry": { "type": "LineString", "coordinates": [ [ -64.6189, -36.7412 ], [ -64.6187, -36.735 ] ] } },
{ "type": "Feature", "properties": { "nombre": "Camino sin nombre", "longitud_km": 4.41 }, "geometry": { "type": "LineString", "coordinates": [ [ -65.7039, -36.7229 ], [ -65.7089, -36.6833 ] ] } },
{ "type": "Feature", "properties": { "nombre": "Camino sin nombre", "longitud_km": 1.48 }, "geometry": { "type": "LineString", "coordinates": [ [ -64.5643, -36.7436 ], [ -64.5638, -36.7303 ] ] } },
{ "type": "Feature", "properties": { "nombre": "Camino sin nombre", "longitud_km": 0.12 }, "geometry": { "type": "LineString", "coordinates": [ [ -64.5643, -36.7436 ], [ -64.563, -36.7437 ] ] } },
{ "type": "Feature", "properties": { "nombre": "Camino sin nombre", "longitud_km": 3.03 }, "geometry": { "type": "LineString", "coordinates": [ [ -64.563, -36.7437 ], [ -64.5291, -36.7442 ] ] } },
{ "type": "Feature", "properties": { "nombre": "Camino sin nombre", "longitud_km": 4.88 }, "geometry": { "type": "LineString", "coordinates": [ [ -64.6189, -36.7412 ], [ -64.5643, -36.7436 ] ] } },
{ "type": "Feature", "properties": { "nombre": "Camino sin nombre", "longitud_km": 37.27 }, "geometry": { "type": "LineString", "coordinates": [ [ -67.3236, -36.6738 ], [ -67.378, -36.6583 ], [ -67.4251, -36.6516 ], [ -67.4715, -36.6695 ], [ -67.5, -36.6653 ], [ -67.5317, -36.67 ], [ -67.5391, -36.6661 ], [ -67.5405, -36.657 ], [ -67.5481, -36.6512 ], [ -67.5841, -36.6443 ], [ -67.6382, -36.6466 ], [ -67.6664, -36.6292 ], [ -67.662, -36.6221 ], [ -67.6674, -36.6165 ], [ -67.6806, -36.6123 ], [ -67.6874, -36.6161 ] ] } },
{ "type": "Feature", "properties": { "nombre": "Camino sin nombre", "longitud_km": 1.79 }, "geometry": { "type": "LineString", "coordinates": [ [ -64.507, -36.7448 ], [ -64.5066, -36.7286 ] ] } },
{ "type": "Feature", "properties": { "nombre": "Camino sin nombre", "longitud_km": 1.98 }, "geometry": { "type": "LineString", "coordinates": [ [ -64.5291, -36.7442 ], [ -64.507, -36.7448 ] ] } },
{ "type": "Feature", "properties": { "nombre": "Camino sin nombre", "longitud_km": 6.29 }, "geometry": { "type": "LineString", "coordinates": [ [ -64.7865, -36.7375 ], [ -64.7825, -36.7411 ], [ -64.7589, -36.741 ], [ -64.7304, -36.7174 ] ] } },
{ "type": "Feature", "properties": { "nombre": "Camino sin nombre", "longitud_km": 3.43 }, "geometry": { "type": "LineString", "coordinates": [ [ -65.6272, -36.7277 ], [ -65.6263, -36.6968 ] ] } },
{ "type": "Feature", "properties": { "nombre": "Camino sin nombre", "longitud_km": 1.76 }, "geometry": { "type": "LineString", "coordinates": [ [ -64.3943, -36.7498 ], [ -64.4139, -36.7502 ] ] } },
{ "type": "Feature", "properties": { "nombre": "Camino sin nombre", "longitud_km": 2.17 }, "geometry": { "type": "LineString", "coordinates": [ [ -64.7185, -36.7474 ], [ -64.7184, -36.7378 ], [ -64.7308, -36.7375 ] ] } },
{ "type": "Feature", "properties": { "nombre": "Camino sin nombre", "longitud_km": 1.62 }, "geometry": { "type": "LineString", "coordinates": [ [ -64.1346, -36.7608 ], [ -64.1366, -36.7463 ] ] } },
{ "type": "Feature", "properties": { "nombre": "Camino sin nombre", "longitud_km": 2.59 }, "geometry": { "type": "LineString", "coordinates": [ [ -64.3943, -36.7498 ], [ -64.3655, -36.7526 ] ] } },
{ "type": "Feature", "properties": { "nombre": "Camino sin nombre", "longitud_km": 4.31 }, "geometry": { "type": "LineString", "coordinates": [ [ -64.6863, -36.7496 ], [ -64.685, -36.7107 ] ] } },
{ "type": "Feature", "properties": { "nombre": "Camino sin nombre", "longitud_km": 7.45 }, "geometry": { "type": "LineString", "coordinates": [ [ -65.7826, -36.7301 ], [ -65.7065, -36.7284 ], [ -65.7039, -36.7229 ] ] } },
{ "type": "Feature", "properties": { "nombre": "Camino sin nombre", "longitud_km": 0.97 }, "geometry": { "type": "LineString", "coordinates": [ [ -64.5634, -36.7524 ], [ -64.563, -36.7437 ] ] } },
{ "type": "Feature", "properties": { "nombre": "Camino sin nombre", "longitud_km": 5.0 }, "geometry": { "type": "LineString", "coordinates": [ [ -63.3853, -36.7628 ], [ -63.3853, -36.7177 ] ] } },
{ "type": "Feature", "properties": { "nombre": "Camino sin nombre", "longitud_km": 3.12 }, "geometry": { "type": "LineString", "coordinates": [ [ -64.1695, -36.7605 ], [ -64.1346, -36.7608 ] ] } },
{ "type": "Feature", "properties": { "nombre": "Camino sin nombre", "longitud_km": 4.8 }, "geometry": { "type": "LineString", "coordinates": [ [ -64.1699, -36.7173 ], [ -64.1695, -36.7605 ] ] } },
{ "type": "Feature", "properties": { "nombre": "Camino sin nombre", "longitud_km": 10.58 }, "geometry": { "type": "LineString", "coordinates": [ [ -66.0288, -36.6914 ], [ -66.0288, -36.6986 ], [ -66.0061, -36.726 ], [ -66.0059, -36.7363 ], [ -65.9503, -36.7349 ] ] } },
{ "type": "Feature", "properties": { "nombre": "Camino sin nombre", "longitud_km": 23.63 }, "geometry": { "type": "LineString", "coordinates": [ [ -66.7221, -36.5183 ], [ -66.7275, -36.5282 ], [ -66.7235, -36.5404 ], [ -66.7439, -36.5974 ], [ -66.7845, -36.6205 ], [ -66.7999, -36.6527 ], [ -66.7982, -36.6734 ], [ -66.7786, -36.7045 ] ] } },
{ "type": "Feature", "properties": { "nombre": "Camino sin nombre", "longitud_km": 8.41 }, "geometry": { "type": "LineString", "coordinates": [ [ -67.0208, -36.6665 ], [ -67.0137, -36.6753 ], [ -66.9919, -36.6839 ], [ -66.9786, -36.6966 ], [ -66.9596, -36.6995 ], [ -66.9473, -36.7086 ] ] } },
{ "type": "Feature", "properties": { "nombre": "Camino sin nombre", "longitud_km": 2.22 }, "geometry": { "type": "LineString", "coordinates": [ [ -65.8076, -36.7319 ], [ -65.7827, -36.7314 ] ] } },
{ "type": "Feature", "properties": { "nombre": "Camino sin nombre", "longitud_km": 4.85 }, "geometry": { "type": "LineString", "coordinates": [ [ -65.8076, -36.7319 ], [ -65.7835, -36.6927 ] ] } },
{ "type": "Feature", "properties": { "nombre": "Camino sin nombre", "longitud_km": 3.52 }, "geometry": { "type": "LineString", "coordinates": [ [ -67.0208, -36.6665 ], [ -67.0261, -36.6979 ] ] } },
{ "type": "Feature", "properties": { "nombre": "Camino sin nombre", "longitud_km": 0.94 }, "geometry": { "type": "LineString", "coordinates": [ [ -64.1137, -36.761 ], [ -64.1136, -36.7525 ] ] } },
{ "type": "Feature", "properties": { "nombre": "Camino sin nombre", "longitud_km": 1.86 }, "geometry": { "type": "LineString", "coordinates": [ [ -64.1346, -36.7608 ], [ -64.1137, -36.761 ] ] } },
{ "type": "Feature", "properties": { "nombre": "Camino sin nombre", "longitud_km": 4.96 }, "geometry": { "type": "LineString", "coordinates": [ [ -64.0577, -36.7172 ], [ -64.0578, -36.7619 ] ] } },
{ "type": "Feature", "properties": { "nombre": "Camino sin nombre", "longitud_km": 4.99 }, "geometry": { "type": "LineString", "coordinates": [ [ -64.1137, -36.761 ], [ -64.0578, -36.7619 ] ] } },
{ "type": "Feature", "properties": { "nombre": "Camino sin nombre", "longitud_km": 2.53 }, "geometry": { "type": "LineString", "coordinates": [ [ -64.3946, -36.7589 ], [ -64.3663, -36.7592 ] ] } },
{ "type": "Feature", "properties": { "nombre": "Camino sin nombre", "longitud_km": 1.01 }, "geometry": { "type": "LineString", "coordinates": [ [ -64.3946, -36.7589 ], [ -64.3943, -36.7498 ] ] } },
{ "type": "Feature", "properties": { "nombre": "Camino sin nombre", "longitud_km": 10.09 }, "geometry": { "type": "LineString", "coordinates": [ [ -64.2825, -36.7603 ], [ -64.1695, -36.7605 ] ] } },
{ "type": "Feature", "properties": { "nombre": "Camino sin nombre", "longitud_km": 7.49 }, "geometry": { "type": "LineString", "coordinates": [ [ -64.3663, -36.7592 ], [ -64.2825, -36.7603 ] ] } },
{ "type": "Feature", "properties": { "nombre": "Camino sin nombre", "longitud_km": 4.88 }, "geometry": { "type": "LineString", "coordinates": [ [ -65.8622, -36.733 ], [ -65.8076, -36.7319 ] ] } },
{ "type": "Feature", "properties": { "nombre": "Camino sin nombre", "longitud_km": 5.57 }, "geometry": { "type": "LineString", "coordinates": [ [ -65.8622, -36.733 ], [ -65.8432, -36.706 ], [ -65.8386, -36.6872 ] ] } },
{ "type": "Feature", "properties": { "nombre": "Camino sin nombre", "longitud_km": 0.04 }, "geometry": { "type": "LineString", "coordinates": [ [ -64.3946, -36.7593 ], [ -64.3946, -36.7589 ] ] } },
{ "type": "Feature", "properties": { "nombre": "Camino sin nombre", "longitud_km": 10.06 }, "geometry": { "type": "LineString", "coordinates": [ [ -64.5073, -36.7583 ], [ -64.3946, -36.7589 ] ] } },
{ "type": "Feature", "properties": { "nombre": "Camino sin nombre", "longitud_km": 1.41 }, "geometry": { "type": "LineString", "coordinates": [ [ -67.0261, -36.6979 ], [ -67.0409, -36.6937 ] ] } },
{ "type": "Feature", "properties": { "nombre": "Camino sin nombre", "longitud_km": 5.06 }, "geometry": { "type": "LineString", "coordinates": [ [ -64.8713, -36.7541 ], [ -64.8706, -36.7085 ] ] } },
{ "type": "Feature", "properties": { "nombre": "Camino sin nombre", "longitud_km": 2.51 }, "geometry": { "type": "LineString", "coordinates": [ [ -64.8713, -36.7541 ], [ -64.8432, -36.7544 ] ] } },
{ "type": "Feature", "properties": { "nombre": "Camino sin nombre", "longitud_km": 1.89 }, "geometry": { "type": "LineString", "coordinates": [ [ -65.2067, -36.7485 ], [ -65.2033, -36.7317 ] ] } },
{ "type": "Feature", "properties": { "nombre": "Camino sin nombre", "longitud_km": 7.48 }, "geometry": { "type": "LineString", "coordinates": [ [ -65.2903, -36.7447 ], [ -65.2067, -36.7485 ] ] } },
{ "type": "Feature", "properties": { "nombre": "Camino sin nombre", "longitud_km": 2.33 }, "geometry": { "type": "LineString", "coordinates": [ [ -65.0669, -36.7512 ], [ -65.0668, -36.7302 ] ] } },
{ "type": "Feature", "properties": { "nombre": "Camino sin nombre", "longitud_km": 5.38 }, "geometry": { "type": "LineString", "coordinates": [ [ -65.9224, -36.7345 ], [ -65.8622, -36.733 ] ] } },
{ "type": "Feature", "properties": { "nombre": "Camino sin nombre", "longitud_km": 4.99 }, "geometry": { "type": "LineString", "coordinates": [ [ -65.9224, -36.7345 ], [ -65.9238, -36.6895 ] ] } },
{ "type": "Feature", "properties": { "nombre": "Camino sin nombre", "longitud_km": 5.15 }, "geometry": { "type": "LineString", "coordinates": [ [ -65.5713, -36.7432 ], [ -65.5639, -36.7311 ], [ -65.5639, -36.6981 ] ] } },
{ "type": "Feature", "properties": { "nombre": "Camino sin nombre", "longitud_km": 5.58 }, "geometry": { "type": "LineString", "coordinates": [ [ -65.5713, -36.7432 ], [ -65.5831, -36.7432 ], [ -65.5994, -36.7329 ], [ -65.6153, -36.7336 ], [ -65.6272, -36.7277 ] ] } },
{ "type": "Feature", "properties": { "nombre": "Camino sin nombre", "longitud_km": 2.49 }, "geometry": { "type": "LineString", "coordinates": [ [ -65.9503, -36.7349 ], [ -65.9224, -36.7345 ] ] } },
{ "type": "Feature", "properties": { "nombre": "Camino sin nombre", "longitud_km": 4.99 }, "geometry": { "type": "LineString", "coordinates": [ [ -65.9503, -36.7349 ], [ -65.9515, -36.69 ] ] } },
{ "type": "Feature", "properties": { "nombre": "Camino sin nombre", "longitud_km": 13.72 }, "geometry": { "type": "LineString", "coordinates": [ [ -66.8856, -36.7084 ], [ -66.8859, -36.6944 ], [ -66.8759, -36.6884 ], [ -66.8674, -36.6689 ], [ -66.8324, -36.6325 ], [ -66.8235, -36.6103 ], [ -66.8316, -36.6173 ] ] } },
{ "type": "Feature", "properties": { "nombre": "Camino sin nombre", "longitud_km": 0.64 }, "geometry": { "type": "LineString", "coordinates": [ [ -64.5074, -36.7641 ], [ -64.5073, -36.7583 ] ] } },
{ "type": "Feature", "properties": { "nombre": "Camino sin nombre", "longitud_km": 6.02 }, "geometry": { "type": "LineString", "coordinates": [ [ -64.5291, -36.7442 ], [ -64.5295, -36.7528 ], [ -64.5405, -36.7539 ], [ -64.5438, -36.7606 ], [ -64.5074, -36.7641 ] ] } },
{ "type": "Feature", "properties": { "nombre": "Camino sin nombre", "longitud_km": 1.46 }, "geometry": { "type": "LineString", "coordinates": [ [ -67.0261, -36.6979 ], [ -67.0213, -36.7013 ], [ -67.0229, -36.7091 ] ] } },
{ "type": "Feature", "properties": { "nombre": "Camino sin nombre", "longitud_km": 1.21 }, "geometry": { "type": "LineString", "coordinates": [ [ -64.8569, -36.7675 ], [ -64.8434, -36.7677 ] ] } },
{ "type": "Feature", "properties": { "nombre": "Camino sin nombre", "longitud_km": 4.7 }, "geometry": { "type": "LineString", "coordinates": [ [ -66.3881, -36.6974 ], [ -66.3752, -36.7173 ], [ -66.3574, -36.7311 ] ] } },
{ "type": "Feature", "properties": { "nombre": "Camino sin nombre", "longitud_km": 7.68 }, "geometry": { "type": "LineString", "coordinates": [ [ -67.1119, -36.6758 ], [ -67.0906, -36.6702 ], [ -67.0713, -36.6751 ], [ -67.0708, -36.7099 ] ] } },
{ "type": "Feature", "properties": { "nombre": "Camino sin nombre", "longitud_km": 0.02 }, "geometry": { "type": "LineString", "coordinates": [ [ -67.0708, -36.7099 ], [ -67.0709, -36.7101 ] ] } },
{ "type": "Feature", "properties": { "nombre": "Camino sin nombre", "longitud_km": 4.76 }, "geometry": { "type": "LineString", "coordinates": [ [ -67.0798, -36.71 ], [ -67.1119, -36.6758 ] ] } },
{ "type": "Feature", "properties": { "nombre": "Camino sin nombre", "longitud_km": 8.05 }, "geometry": { "type": "LineString", "coordinates": [ [ -64.8434, -36.7663 ], [ -64.825, -36.7665 ], [ -64.8243, -36.7087 ] ] } },
{ "type": "Feature", "properties": { "nombre": "Camino sin nombre", "longitud_km": 4.47 }, "geometry": { "type": "LineString", "coordinates": [ [ -65.1521, -36.766 ], [ -65.1409, -36.7499 ], [ -65.1419, -36.7281 ] ] } },
{ "type": "Feature", "properties": { "nombre": "Camino sin nombre", "longitud_km": 3.44 }, "geometry": { "type": "LineString", "coordinates": [ [ -64.3946, -36.7593 ], [ -64.4246, -36.7787 ] ] } },
{ "type": "Feature", "properties": { "nombre": "Camino sin nombre", "longitud_km": 6.75 }, "geometry": { "type": "LineString", "coordinates": [ [ -67.0637, -36.7678 ], [ -67.0608, -36.7281 ], [ -67.07, -36.7207 ], [ -67.0709, -36.7101 ] ] } },
{ "type": "Feature", "properties": { "nombre": "Camino sin nombre", "longitud_km": 1.27 }, "geometry": { "type": "LineString", "coordinates": [ [ -66.3574, -36.7311 ], [ -66.3597, -36.7424 ] ] } },
{ "type": "Feature", "properties": { "nombre": "Camino sin nombre", "longitud_km": 4.92 }, "geometry": { "type": "LineString", "coordinates": [ [ -64.8991, -36.7754 ], [ -64.899, -36.7534 ], [ -64.8713, -36.7541 ] ] } },
{ "type": "Feature", "properties": { "nombre": "Camino sin nombre", "longitud_km": 4.55 }, "geometry": { "type": "LineString", "coordinates": [ [ -64.7313, -36.7785 ], [ -64.7308, -36.7375 ] ] } },
{ "type": "Feature", "properties": { "nombre": "Camino sin nombre", "longitud_km": 6.25 }, "geometry": { "type": "LineString", "coordinates": [ [ -64.7313, -36.7785 ], [ -64.7073, -36.7786 ], [ -64.7006, -36.7747 ], [ -64.6998, -36.7583 ], [ -64.6863, -36.7496 ] ] } },
{ "type": "Feature", "properties": { "nombre": "Camino sin nombre", "longitud_km": 4.72 }, "geometry": { "type": "LineString", "coordinates": [ [ -65.1521, -36.766 ], [ -65.1795, -36.7653 ], [ -65.204, -36.7707 ] ] } },
{ "type": "Feature", "properties": { "nombre": "Camino sin nombre", "longitud_km": 2.48 }, "geometry": { "type": "LineString", "coordinates": [ [ -65.204, -36.7707 ], [ -65.2067, -36.7485 ] ] } },
{ "type": "Feature", "properties": { "nombre": "Camino sin nombre", "longitud_km": 4.34 }, "geometry": { "type": "LineString", "coordinates": [ [ -64.6191, -36.7803 ], [ -64.6189, -36.7412 ] ] } },
{ "type": "Feature", "properties": { "nombre": "Camino sin nombre", "longitud_km": 2.46 }, "geometry": { "type": "LineString", "coordinates": [ [ -65.0669, -36.7734 ], [ -65.0669, -36.7512 ] ] } },
{ "type": "Feature", "properties": { "nombre": "Camino sin nombre", "longitud_km": 5.04 }, "geometry": { "type": "LineString", "coordinates": [ [ -64.9556, -36.7756 ], [ -64.8991, -36.7754 ] ] } },
{ "type": "Feature", "properties": { "nombre": "Camino sin nombre", "longitud_km": 7.49 }, "geometry": { "type": "LineString", "coordinates": [ [ -64.9556, -36.7756 ], [ -64.9546, -36.7081 ] ] } },
{ "type": "Feature", "properties": { "nombre": "Camino sin nombre", "longitud_km": 9.39 }, "geometry": { "type": "LineString", "coordinates": [ [ -64.6863, -36.7496 ], [ -64.6525, -36.7501 ], [ -64.6528, -36.7691 ], [ -64.6316, -36.7693 ], [ -64.6318, -36.7805 ], [ -64.6191, -36.7803 ] ] } },
{ "type": "Feature", "properties": { "nombre": "Camino sin nombre", "longitud_km": 4.48 }, "geometry": { "type": "LineString", "coordinates": [ [ -65.3291, -36.7702 ], [ -65.2903, -36.7447 ] ] } },
{ "type": "Feature", "properties": { "nombre": "Camino sin nombre", "longitud_km": 10.43 }, "geometry": { "type": "LineString", "coordinates": [ [ -65.3952, -36.7013 ], [ -65.3492, -36.7478 ], [ -65.3487, -36.7558 ], [ -65.3356, -36.7564 ], [ -65.3363, -36.7635 ], [ -65.3291, -36.7702 ] ] } },
{ "type": "Feature", "properties": { "nombre": "Camino sin nombre", "longitud_km": 7.75 }, "geometry": { "type": "LineString", "coordinates": [ [ -65.6514, -36.7639 ], [ -65.6775, -36.7502 ], [ -65.6992, -36.7493 ], [ -65.6978, -36.7383 ], [ -65.7039, -36.7229 ] ] } },
{ "type": "Feature", "properties": { "nombre": "Camino sin nombre", "longitud_km": 5.55 }, "geometry": { "type": "LineString", "coordinates": [ [ -65.6514, -36.7639 ], [ -65.6406, -36.7644 ], [ -65.6318, -36.7477 ], [ -65.6281, -36.7479 ], [ -65.6272, -36.7277 ] ] } },
{ "type": "Feature", "properties": { "nombre": "Camino sin nombre", "longitud_km": 1.18 }, "geometry": { "type": "LineString", "coordinates": [ [ -66.8729, -36.724 ], [ -66.8791, -36.7333 ] ] } },
{ "type": "Feature", "properties": { "nombre": "Camino sin nombre", "longitud_km": 1.53 }, "geometry": { "type": "LineString", "coordinates": [ [ -65.1518, -36.7798 ], [ -65.1521, -36.766 ] ] } },
{ "type": "Feature", "properties": { "nombre": "Camino sin nombre", "longitud_km": 0.5 }, "geometry": { "type": "LineString", "coordinates": [ [ -64.5573, -36.803 ], [ -64.5629, -36.803 ] ] } },
{ "type": "Feature", "properties": { "nombre": "Camino sin nombre", "longitud_km": 7.84 }, "geometry": { "type": "LineString", "coordinates": [ [ -65.1518, -36.7798 ], [ -65.1234, -36.7827 ], [ -65.0952, -36.7726 ], [ -65.0669, -36.7734 ] ] } },
{ "type": "Feature", "properties": { "nombre": "Camino sin nombre", "longitud_km": 3.87 }, "geometry": { "type": "LineString", "coordinates": [ [ -66.3574, -36.7311 ], [ -66.3262, -36.7553 ] ] } },
{ "type": "Feature", "properties": { "nombre": "Camino sin nombre", "longitud_km": 5.05 }, "geometry": { "type": "LineString", "coordinates": [ [ -63.3853, -36.8083 ], [ -63.3853, -36.7628 ] ] } },
{ "type": "Feature", "properties": { "nombre": "Camino sin nombre", "longitud_km": 6.73 }, "geometry": { "type": "LineString", "coordinates": [ [ -63.5251, -36.8088 ], [ -63.5255, -36.7632 ], [ -63.5378, -36.7518 ] ] } },
{ "type": "Feature", "properties": { "nombre": "Camino sin nombre", "longitud_km": 7.63 }, "geometry": { "type": "LineString", "coordinates": [ [ -66.4379, -36.6984 ], [ -66.4315, -36.7061 ], [ -66.4375, -36.7083 ], [ -66.4531, -36.7407 ], [ -66.4544, -36.7602 ] ] } },
{ "type": "Feature", "properties": { "nombre": "Camino sin nombre", "longitud_km": 9.94 }, "geometry": { "type": "LineString", "coordinates": [ [ -63.9456, -36.7177 ], [ -63.9459, -36.8072 ] ] } },
{ "type": "Feature", "properties": { "nombre": "Camino sin nombre", "longitud_km": 9.93 }, "geometry": { "type": "LineString", "coordinates": [ [ -64.0013, -36.7174 ], [ -64.0017, -36.8069 ] ] } },
{ "type": "Feature", "properties": { "nombre": "Camino sin nombre", "longitud_km": 7.71 }, "geometry": { "type": "LineString", "coordinates": [ [ -63.6094, -36.8096 ], [ -63.6093, -36.7401 ] ] } },
{ "type": "Feature", "properties": { "nombre": "Camino sin nombre", "longitud_km": 4.95 }, "geometry": { "type": "LineString", "coordinates": [ [ -64.0578, -36.7619 ], [ -64.0584, -36.8065 ] ] } },
{ "type": "Feature", "properties": { "nombre": "Camino sin nombre", "longitud_km": 4.92 }, "geometry": { "type": "LineString", "coordinates": [ [ -65.1519, -36.7949 ], [ -65.207, -36.7944 ] ] } },
{ "type": "Feature", "properties": { "nombre": "Camino sin nombre", "longitud_km": 7.62 }, "geometry": { "type": "LineString", "coordinates": [ [ -63.7214, -36.809 ], [ -63.7213, -36.7404 ] ] } },
{ "type": "Feature", "properties": { "nombre": "Camino sin nombre", "longitud_km": 5.06 }, "geometry": { "type": "LineString", "coordinates": [ [ -64.1695, -36.7605 ], [ -64.1703, -36.8061 ] ] } },
{ "type": "Feature", "properties": { "nombre": "Camino sin nombre", "longitud_km": 7.21 }, "geometry": { "type": "LineString", "coordinates": [ [ -64.2825, -36.8052 ], [ -64.3633, -36.8047 ] ] } },
{ "type": "Feature", "properties": { "nombre": "Camino sin nombre", "longitud_km": 4.37 }, "geometry": { "type": "LineString", "coordinates": [ [ -64.5074, -36.8035 ], [ -64.5074, -36.7641 ] ] } },
{ "type": "Feature", "properties": { "nombre": "Camino sin nombre", "longitud_km": 3.02 }, "geometry": { "type": "LineString", "coordinates": [ [ -64.5074, -36.8035 ], [ -64.5412, -36.8032 ] ] } },
{ "type": "Feature", "properties": { "nombre": "Camino sin nombre", "longitud_km": 1.43 }, "geometry": { "type": "LineString", "coordinates": [ [ -64.5412, -36.8032 ], [ -64.5573, -36.803 ] ] } },
{ "type": "Feature", "properties": { "nombre": "Camino sin nombre", "longitud_km": 1.41 }, "geometry": { "type": "LineString", "coordinates": [ [ -64.5573, -36.803 ], [ -64.5577, -36.7904 ] ] } },
{ "type": "Feature", "properties": { "nombre": "Camino sin nombre", "longitud_km": 5.61 }, "geometry": { "type": "LineString", "coordinates": [ [ -64.5629, -36.803 ], [ -64.5634, -36.7524 ] ] } },
{ "type": "Feature", "properties": { "nombre": "Camino sin nombre", "longitud_km": 0.98 }, "geometry": { "type": "LineString", "coordinates": [ [ -64.5629, -36.803 ], [ -64.5738, -36.8029 ] ] } },
{ "type": "Feature", "properties": { "nombre": "Camino sin nombre", "longitud_km": 0.27 }, "geometry": { "type": "LineString", "coordinates": [ [ -64.5738, -36.8029 ], [ -64.5768, -36.8029 ] ] } },
{ "type": "Feature", "properties": { "nombre": "Camino sin nombre", "longitud_km": 6.69 }, "geometry": { "type": "LineString", "coordinates": [ [ -64.5634, -36.7524 ], [ -64.5854, -36.7682 ], [ -64.5856, -36.7909 ], [ -64.5768, -36.8029 ] ] } },
{ "type": "Feature", "properties": { "nombre": "Camino sin nombre", "longitud_km": 2.45 }, "geometry": { "type": "LineString", "coordinates": [ [ -64.6194, -36.8024 ], [ -64.6191, -36.7803 ] ] } },
{ "type": "Feature", "properties": { "nombre": "Camino sin nombre", "longitud_km": 1.85 }, "geometry": { "type": "LineString", "coordinates": [ [ -64.6194, -36.8024 ], [ -64.6401, -36.802 ] ] } },
{ "type": "Feature", "properties": { "nombre": "Camino sin nombre", "longitud_km": 0.12 }, "geometry": { "type": "LineString", "coordinates": [ [ -64.6181, -36.8024 ], [ -64.6194, -36.8024 ] ] } },
{ "type": "Feature", "properties": { "nombre": "Camino sin nombre", "longitud_km": 3.68 }, "geometry": { "type": "LineString", "coordinates": [ [ -64.5768, -36.8029 ], [ -64.6181, -36.8024 ] ] } },
{ "type": "Feature", "properties": { "nombre": "Camino sin nombre", "longitud_km": 8.14 }, "geometry": { "type": "LineString", "coordinates": [ [ -64.6401, -36.802 ], [ -64.7313, -36.8014 ] ] } },
{ "type": "Feature", "properties": { "nombre": "Camino sin nombre", "longitud_km": 2.54 }, "geometry": { "type": "LineString", "coordinates": [ [ -64.7313, -36.8014 ], [ -64.7313, -36.7785 ] ] } },
{ "type": "Feature", "properties": { "nombre": "Camino sin nombre", "longitud_km": 2.49 }, "geometry": { "type": "LineString", "coordinates": [ [ -64.9557, -36.798 ], [ -64.9556, -36.7756 ] ] } },
{ "type": "Feature", "properties": { "nombre": "Camino sin nombre", "longitud_km": 2.61 }, "geometry": { "type": "LineString", "coordinates": [ [ -64.8995, -36.7989 ], [ -64.8991, -36.7754 ] ] } },
{ "type": "Feature", "properties": { "nombre": "Camino sin nombre", "longitud_km": 2.11 }, "geometry": { "type": "LineString", "coordinates": [ [ -64.8995, -36.7989 ], [ -64.9231, -36.7985 ] ] } },
{ "type": "Feature", "properties": { "nombre": "Camino sin nombre", "longitud_km": 2.91 }, "geometry": { "type": "LineString", "coordinates": [ [ -64.9231, -36.7985 ], [ -64.9557, -36.798 ] ] } },
{ "type": "Feature", "properties": { "nombre": "Camino sin nombre", "longitud_km": 7.01 }, "geometry": { "type": "LineString", "coordinates": [ [ -64.7874, -36.8007 ], [ -64.7865, -36.7375 ] ] } },
{ "type": "Feature", "properties": { "nombre": "Camino sin nombre", "longitud_km": 5.02 }, "geometry": { "type": "LineString", "coordinates": [ [ -64.7874, -36.8007 ], [ -64.8437, -36.7995 ] ] } },
{ "type": "Feature", "properties": { "nombre": "Camino sin nombre", "longitud_km": 5.01 }, "geometry": { "type": "LineString", "coordinates": [ [ -64.7313, -36.8014 ], [ -64.7874, -36.8007 ] ] } },
{ "type": "Feature", "properties": { "nombre": "Camino sin nombre", "longitud_km": 0.02 }, "geometry": { "type": "LineString", "coordinates": [ [ -64.9556, -36.7982 ], [ -64.9557, -36.798 ] ] } },
{ "type": "Feature", "properties": { "nombre": "Camino sin nombre", "longitud_km": 2.49 }, "geometry": { "type": "LineString", "coordinates": [ [ -64.8437, -36.7995 ], [ -64.8715, -36.7995 ] ] } },
{ "type": "Feature", "properties": { "nombre": "Camino sin nombre", "longitud_km": 2.5 }, "geometry": { "type": "LineString", "coordinates": [ [ -64.8715, -36.7995 ], [ -64.8995, -36.7989 ] ] } },
{ "type": "Feature", "properties": { "nombre": "Camino sin nombre", "longitud_km": 2.54 }, "geometry": { "type": "LineString", "coordinates": [ [ -65.0675, -36.7963 ], [ -65.0669, -36.7734 ] ] } },
{ "type": "Feature", "properties": { "nombre": "Camino sin nombre", "longitud_km": 1.68 }, "geometry": { "type": "LineString", "coordinates": [ [ -65.1519, -36.7949 ], [ -65.1518, -36.7798 ] ] } },
{ "type": "Feature", "properties": { "nombre": "Camino sin nombre", "longitud_km": 8.22 }, "geometry": { "type": "LineString", "coordinates": [ [ -65.0669, -36.7512 ], [ -65.0391, -36.7517 ], [ -65.0422, -36.759 ], [ -65.0341, -36.7596 ], [ -65.0343, -36.7971 ] ] } },
{ "type": "Feature", "properties": { "nombre": "Camino sin nombre", "longitud_km": 2.96 }, "geometry": { "type": "LineString", "coordinates": [ [ -65.0343, -36.7971 ], [ -65.0675, -36.7963 ] ] } },
{ "type": "Feature", "properties": { "nombre": "Camino sin nombre", "longitud_km": 0.03 }, "geometry": { "type": "LineString", "coordinates": [ [ -65.0675, -36.7966 ], [ -65.0675, -36.7963 ] ] } },
{ "type": "Feature", "properties": { "nombre": "Camino sin nombre", "longitud_km": 7.01 }, "geometry": { "type": "LineString", "coordinates": [ [ -64.9557, -36.798 ], [ -65.0343, -36.7971 ] ] } },
{ "type": "Feature", "properties": { "nombre": "Camino sin nombre", "longitud_km": 7.54 }, "geometry": { "type": "LineString", "coordinates": [ [ -65.0675, -36.7966 ], [ -65.1519, -36.7949 ] ] } },
{ "type": "Feature", "properties": { "nombre": "Camino sin nombre", "longitud_km": 2.64 }, "geometry": { "type": "LineString", "coordinates": [ [ -65.207, -36.7944 ], [ -65.204, -36.7707 ] ] } },
{ "type": "Feature", "properties": { "nombre": "Camino sin nombre", "longitud_km": 0.06 }, "geometry": { "type": "LineString", "coordinates": [ [ -65.2078, -36.7944 ], [ -65.207, -36.7944 ] ] } },
{ "type": "Feature", "properties": { "nombre": "Camino sin nombre", "longitud_km": 7.09 }, "geometry": { "type": "LineString", "coordinates": [ [ -65.9126, -36.7793 ], [ -65.9028, -36.7679 ], [ -65.889, -36.765 ], [ -65.8622, -36.733 ] ] } },
{ "type": "Feature", "properties": { "nombre": "Camino sin nombre", "longitud_km": 5.76 }, "geometry": { "type": "LineString", "coordinates": [ [ -65.9224, -36.7345 ], [ -65.9216, -36.7791 ], [ -65.9126, -36.7793 ] ] } },
{ "type": "Feature", "properties": { "nombre": "Camino sin nombre", "longitud_km": 7.5 }, "geometry": { "type": "LineString", "coordinates": [ [ -65.2078, -36.7944 ], [ -65.2917, -36.7933 ] ] } },
{ "type": "Feature", "properties": { "nombre": "Camino sin nombre", "longitud_km": 5.02 }, "geometry": { "type": "LineString", "coordinates": [ [ -65.3768, -36.7916 ], [ -65.3671, -36.7919 ], [ -65.3291, -36.7702 ] ] } },
{ "type": "Feature", "properties": { "nombre": "Camino sin nombre", "longitud_km": 4.94 }, "geometry": { "type": "LineString", "coordinates": [ [ -65.4322, -36.7908 ], [ -65.3768, -36.7916 ] ] } },
{ "type": "Feature", "properties": { "nombre": "Camino sin nombre", "longitud_km": 10.43 }, "geometry": { "type": "LineString", "coordinates": [ [ -65.4322, -36.7908 ], [ -65.4247, -36.7357 ], [ -65.4275, -36.7267 ], [ -65.4153, -36.7152 ], [ -65.4158, -36.701 ] ] } },
{ "type": "Feature", "properties": { "nombre": "Camino sin nombre", "longitud_km": 2.5 }, "geometry": { "type": "LineString", "coordinates": [ [ -65.4602, -36.7901 ], [ -65.4322, -36.7908 ] ] } },
{ "type": "Feature", "properties": { "nombre": "Camino sin nombre", "longitud_km": 5.01 }, "geometry": { "type": "LineString", "coordinates": [ [ -65.5163, -36.7892 ], [ -65.4602, -36.7901 ] ] } },
{ "type": "Feature", "properties": { "nombre": "Camino sin nombre", "longitud_km": 9.97 }, "geometry": { "type": "LineString", "coordinates": [ [ -65.5163, -36.7892 ], [ -65.5141, -36.6994 ] ] } },
{ "type": "Feature", "properties": { "nombre": "Camino sin nombre", "longitud_km": 5.94 }, "geometry": { "type": "LineString", "coordinates": [ [ -65.5828, -36.7881 ], [ -65.5163, -36.7892 ] ] } },
{ "type": "Feature", "properties": { "nombre": "Camino sin nombre", "longitud_km": 5.23 }, "geometry": { "type": "LineString", "coordinates": [ [ -65.5828, -36.7881 ], [ -65.5727, -36.7739 ], [ -65.5713, -36.7432 ] ] } },
{ "type": "Feature", "properties": { "nombre": "Camino sin nombre", "longitud_km": 10.85 }, "geometry": { "type": "LineString", "coordinates": [ [ -66.7911, -36.7047 ], [ -66.7784, -36.7187 ], [ -66.7652, -36.7246 ], [ -66.7661, -36.7294 ], [ -66.7774, -36.7345 ], [ -66.7615, -36.7538 ], [ -66.7521, -36.7574 ], [ -66.7261, -36.7528 ] ] } },
{ "type": "Feature", "properties": { "nombre": "Camino sin nombre", "longitud_km": 0.83 }, "geometry": { "type": "LineString", "coordinates": [ [ -63.8504, -36.8075 ], [ -63.8558, -36.8136 ] ] } },
{ "type": "Feature", "properties": { "nombre": "Camino sin nombre", "longitud_km": 1.31 }, "geometry": { "type": "LineString", "coordinates": [ [ -63.8558, -36.8136 ], [ -63.8682, -36.8072 ] ] } },
{ "type": "Feature", "properties": { "nombre": "Camino sin nombre", "longitud_km": 9.41 }, "geometry": { "type": "LineString", "coordinates": [ [ -65.9194, -36.7968 ], [ -65.9615, -36.7907 ], [ -65.9701, -36.7807 ], [ -66.0051, -36.7814 ], [ -66.0093, -36.7909 ] ] } },
{ "type": "Feature", "properties": { "nombre": "Camino sin nombre", "longitud_km": 2.44 }, "geometry": { "type": "LineString", "coordinates": [ [ -64.5994, -36.8107 ], [ -64.5738, -36.8029 ] ] } },
{ "type": "Feature", "properties": { "nombre": "Camino sin nombre", "longitud_km": 5.84 }, "geometry": { "type": "LineString", "coordinates": [ [ -65.6981, -36.7903 ], [ -65.6938, -36.7775 ], [ -65.6817, -36.7681 ], [ -65.6696, -36.7628 ], [ -65.6514, -36.7639 ] ] } },
{ "type": "Feature", "properties": { "nombre": "Camino sin nombre", "longitud_km": 1.91 }, "geometry": { "type": "LineString", "coordinates": [ [ -64.6181, -36.8024 ], [ -64.5994, -36.8107 ] ] } },
{ "type": "Feature", "properties": { "nombre": "Camino sin nombre", "longitud_km": 0.17 }, "geometry": { "type": "LineString", "coordinates": [ [ -64.5994, -36.8107 ], [ -64.5976, -36.811 ] ] } },
{ "type": "Feature", "properties": { "nombre": "Camino sin nombre", "longitud_km": 4.48 }, "geometry": { "type": "LineString", "coordinates": [ [ -64.5976, -36.811 ], [ -64.561, -36.8119 ], [ -64.5569, -36.8104 ], [ -64.5573, -36.803 ] ] } },
{ "type": "Feature", "properties": { "nombre": "Camino sin nombre", "longitud_km": 14.27 }, "geometry": { "type": "LineString", "coordinates": [ [ -66.0781, -36.7093 ], [ -66.0636, -36.7089 ], [ -66.061, -36.7818 ], [ -66.0287, -36.7818 ], [ -66.0093, -36.7909 ] ] } },
{ "type": "Feature", "properties": { "nombre": "Camino sin nombre", "longitud_km": 2.44 }, "geometry": { "type": "LineString", "coordinates": [ [ -63.8336, -36.8264 ], [ -63.8558, -36.8136 ] ] } },
{ "type": "Feature", "properties": { "nombre": "Camino sin nombre", "longitud_km": 0.39 }, "geometry": { "type": "LineString", "coordinates": [ [ -66.0093, -36.7909 ], [ -66.005, -36.7915 ] ] } },
{ "type": "Feature", "properties": { "nombre": "Camino sin nombre", "longitud_km": 2.04 }, "geometry": { "type": "LineString", "coordinates": [ [ -65.9126, -36.7793 ], [ -65.9194, -36.7968 ] ] } },
{ "type": "Feature", "properties": { "nombre": "Camino sin nombre", "longitud_km": 2.88 }, "geometry": { "type": "LineString", "coordinates": [ [ -63.4974, -36.8085 ], [ -63.4976, -36.8345 ] ] } },
{ "type": "Feature", "properties": { "nombre": "Camino sin nombre", "longitud_km": 7.76 }, "geometry": { "type": "LineString", "coordinates": [ [ -67.0229, -36.7091 ], [ -67.0434, -36.7563 ], [ -67.0636, -36.768 ] ] } },
{ "type": "Feature", "properties": { "nombre": "Camino sin nombre", "longitud_km": 0.03 }, "geometry": { "type": "LineString", "coordinates": [ [ -67.0637, -36.7678 ], [ -67.0636, -36.768 ] ] } },
{ "type": "Feature", "properties": { "nombre": "Camino sin nombre", "longitud_km": 0.33 }, "geometry": { "type": "LineString", "coordinates": [ [ -66.0047, -36.7995 ], [ -66.007, -36.8018 ] ] } },
{ "type": "Feature", "properties": { "nombre": "Camino sin nombre", "longitud_km": 9.22 }, "geometry": { "type": "LineString", "coordinates": [ [ -65.9097, -36.8135 ], [ -65.934, -36.8136 ], [ -65.9457, -36.8078 ], [ -65.9939, -36.8034 ], [ -66.0103, -36.8061 ] ] } },
{ "type": "Feature", "properties": { "nombre": "Camino sin nombre", "longitud_km": 3.69 }, "geometry": { "type": "LineString", "coordinates": [ [ -65.5988, -36.8148 ], [ -65.5986, -36.8034 ], [ -65.5909, -36.7896 ], [ -65.5828, -36.7881 ] ] } },
{ "type": "Feature", "properties": { "nombre": "Camino sin nombre", "longitud_km": 7.72 }, "geometry": { "type": "LineString", "coordinates": [ [ -65.5988, -36.8148 ], [ -65.6297, -36.798 ], [ -65.6307, -36.7864 ], [ -65.6514, -36.7639 ] ] } },
{ "type": "Feature", "properties": { "nombre": "Camino sin nombre", "longitud_km": 7.37 }, "geometry": { "type": "LineString", "coordinates": [ [ -66.2306, -36.7374 ], [ -66.2432, -36.7556 ], [ -66.2467, -36.7862 ], [ -66.2551, -36.7994 ] ] } },
{ "type": "Feature", "properties": { "nombre": "Camino sin nombre", "longitud_km": 0.56 }, "geometry": { "type": "LineString", "coordinates": [ [ -66.007, -36.8018 ], [ -66.0103, -36.8061 ] ] } },
{ "type": "Feature", "properties": { "nombre": "Camino sin nombre", "longitud_km": 3.48 }, "geometry": { "type": "LineString", "coordinates": [ [ -64.7318, -36.8327 ], [ -64.7313, -36.8014 ] ] } },
{ "type": "Feature", "properties": { "nombre": "Camino sin nombre", "longitud_km": 2.25 }, "geometry": { "type": "LineString", "coordinates": [ [ -64.757, -36.8327 ], [ -64.7318, -36.8327 ] ] } },
{ "type": "Feature", "properties": { "nombre": "Camino sin nombre", "longitud_km": 0.36 }, "geometry": { "type": "LineString", "coordinates": [ [ -65.5966, -36.8175 ], [ -65.5988, -36.8148 ] ] } },
{ "type": "Feature", "properties": { "nombre": "Camino sin nombre", "longitud_km": 2.95 }, "geometry": { "type": "LineString", "coordinates": [ [ -63.528, -36.845 ], [ -63.4976, -36.8345 ] ] } },
{ "type": "Feature", "properties": { "nombre": "Camino sin nombre", "longitud_km": 12.12 }, "geometry": { "type": "LineString", "coordinates": [ [ -65.068, -36.8297 ], [ -65.0403, -36.8302 ], [ -65.0397, -36.8196 ], [ -64.9839, -36.8199 ], [ -64.9556, -36.7982 ] ] } },
{ "type": "Feature", "properties": { "nombre": "Camino sin nombre", "longitud_km": 3.68 }, "geometry": { "type": "LineString", "coordinates": [ [ -65.068, -36.8297 ], [ -65.0675, -36.7966 ] ] } },
{ "type": "Feature", "properties": { "nombre": "Camino sin nombre", "longitud_km": 2.3 }, "geometry": { "type": "LineString", "coordinates": [ [ -65.9097, -36.8135 ], [ -65.9099, -36.802 ], [ -65.9194, -36.7968 ] ] } },
{ "type": "Feature", "properties": { "nombre": "Camino sin nombre", "longitud_km": 10.36 }, "geometry": { "type": "LineString", "coordinates": [ [ -66.007, -36.8018 ], [ -66.0665, -36.807 ], [ -66.0712, -36.8006 ], [ -66.0871, -36.8005 ], [ -66.1164, -36.809 ] ] } },
{ "type": "Feature", "properties": { "nombre": "Camino sin nombre", "longitud_km": 2.51 }, "geometry": { "type": "LineString", "coordinates": [ [ -63.6941, -36.8525 ], [ -63.666, -36.8525 ] ] } },
{ "type": "Feature", "properties": { "nombre": "Camino sin nombre", "longitud_km": 12.07 }, "geometry": { "type": "LineString", "coordinates": [ [ -66.0781, -36.7093 ], [ -66.0796, -36.7372 ], [ -66.1132, -36.7739 ], [ -66.1164, -36.809 ] ] } },
{ "type": "Feature", "properties": { "nombre": "Camino sin nombre", "longitud_km": 5.28 }, "geometry": { "type": "LineString", "coordinates": [ [ -67.3654, -36.74 ], [ -67.324, -36.774 ] ] } },
{ "type": "Feature", "properties": { "nombre": "Camino sin nombre", "longitud_km": 4.5 }, "geometry": { "type": "LineString", "coordinates": [ [ -64.5412, -36.8032 ], [ -64.5419, -36.8437 ] ] } },
{ "type": "Feature", "properties": { "nombre": "Camino sin nombre", "longitud_km": 4.77 }, "geometry": { "type": "LineString", "coordinates": [ [ -63.6097, -36.8526 ], [ -63.6094, -36.8096 ] ] } },
{ "type": "Feature", "properties": { "nombre": "Camino sin nombre", "longitud_km": 7.49 }, "geometry": { "type": "LineString", "coordinates": [ [ -63.6097, -36.8526 ], [ -63.5477, -36.8528 ], [ -63.528, -36.845 ] ] } },
{ "type": "Feature", "properties": { "nombre": "Camino sin nombre", "longitud_km": 5.02 }, "geometry": { "type": "LineString", "coordinates": [ [ -63.666, -36.8525 ], [ -63.6097, -36.8526 ] ] } },
{ "type": "Feature", "properties": { "nombre": "Camino sin nombre", "longitud_km": 0.11 }, "geometry": { "type": "LineString", "coordinates": [ [ -63.6941, -36.8534 ], [ -63.6941, -36.8525 ] ] } },
{ "type": "Feature", "properties": { "nombre": "Camino sin nombre", "longitud_km": 2.47 }, "geometry": { "type": "LineString", "coordinates": [ [ -63.7218, -36.8534 ], [ -63.6941, -36.8534 ] ] } },
{ "type": "Feature", "properties": { "nombre": "Camino sin nombre", "longitud_km": 4.93 }, "geometry": { "type": "LineString", "coordinates": [ [ -63.7218, -36.8534 ], [ -63.7214, -36.809 ] ] } },
{ "type": "Feature", "properties": { "nombre": "Camino sin nombre", "longitud_km": 10.93 }, "geometry": { "type": "LineString", "coordinates": [ [ -63.8336, -36.8264 ], [ -63.7875, -36.8531 ], [ -63.7218, -36.8534 ] ] } },
{ "type": "Feature", "properties": { "nombre": "Camino sin nombre", "longitud_km": 4.05 }, "geometry": { "type": "LineString", "coordinates": [ [ -64.788, -36.8443 ], [ -64.7878, -36.8325 ], [ -64.757, -36.8327 ] ] } },
{ "type": "Feature", "properties": { "nombre": "Camino sin nombre", "longitud_km": 4.39 }, "geometry": { "type": "LineString", "coordinates": [ [ -64.5852, -36.8479 ], [ -64.5711, -36.848 ], [ -64.5712, -36.8433 ], [ -64.5419, -36.8437 ] ] } },
{ "type": "Feature", "properties": { "nombre": "Camino sin nombre", "longitud_km": 4.41 }, "geometry": { "type": "LineString", "coordinates": [ [ -64.5976, -36.811 ], [ -64.5969, -36.8189 ], [ -64.5878, -36.8269 ], [ -64.5852, -36.8479 ] ] } },
{ "type": "Feature", "properties": { "nombre": "Camino sin nombre", "longitud_km": 3.12 }, "geometry": { "type": "LineString", "coordinates": [ [ -64.6201, -36.8475 ], [ -64.5852, -36.8479 ] ] } },
{ "type": "Feature", "properties": { "nombre": "Camino sin nombre", "longitud_km": 5.0 }, "geometry": { "type": "LineString", "coordinates": [ [ -64.6201, -36.8475 ], [ -64.6194, -36.8024 ] ] } },
{ "type": "Feature", "properties": { "nombre": "Camino sin nombre", "longitud_km": 6.86 }, "geometry": { "type": "LineString", "coordinates": [ [ -64.6868, -36.8466 ], [ -64.687, -36.8423 ], [ -64.6634, -36.8229 ], [ -64.6404, -36.8096 ], [ -64.6401, -36.802 ] ] } },
{ "type": "Feature", "properties": { "nombre": "Camino sin nombre", "longitud_km": 0.51 }, "geometry": { "type": "LineString", "coordinates": [ [ -64.6926, -36.8464 ], [ -64.6868, -36.8466 ] ] } },
{ "type": "Feature", "properties": { "nombre": "Camino sin nombre", "longitud_km": 5.95 }, "geometry": { "type": "LineString", "coordinates": [ [ -64.6868, -36.8466 ], [ -64.6201, -36.8475 ] ] } },
{ "type": "Feature", "properties": { "nombre": "Camino sin nombre", "longitud_km": 1.23 }, "geometry": { "type": "LineString", "coordinates": [ [ -65.0686, -36.8408 ], [ -65.068, -36.8297 ] ] } },
{ "type": "Feature", "properties": { "nombre": "Camino sin nombre", "longitud_km": 4.82 }, "geometry": { "type": "LineString", "coordinates": [ [ -65.461, -36.8335 ], [ -65.4602, -36.7901 ] ] } },
{ "type": "Feature", "properties": { "nombre": "Camino sin nombre", "longitud_km": 7.5 }, "geometry": { "type": "LineString", "coordinates": [ [ -64.9004, -36.8441 ], [ -64.8721, -36.8443 ], [ -64.8715, -36.7995 ] ] } },
{ "type": "Feature", "properties": { "nombre": "Camino sin nombre", "longitud_km": 5.01 }, "geometry": { "type": "LineString", "coordinates": [ [ -64.9004, -36.8441 ], [ -64.8995, -36.7989 ] ] } },
{ "type": "Feature", "properties": { "nombre": "Camino sin nombre", "longitud_km": 8.11 }, "geometry": { "type": "LineString", "coordinates": [ [ -64.9231, -36.7985 ], [ -64.9218, -36.8162 ], [ -64.9287, -36.8165 ], [ -64.9285, -36.8438 ], [ -64.9004, -36.8441 ] ] } },
{ "type": "Feature", "properties": { "nombre": "Camino sin nombre", "longitud_km": 5.03 }, "geometry": { "type": "LineString", "coordinates": [ [ -65.2098, -36.8397 ], [ -65.2078, -36.7944 ] ] } },
{ "type": "Feature", "properties": { "nombre": "Camino sin nombre", "longitud_km": 7.38 }, "geometry": { "type": "LineString", "coordinates": [ [ -65.2925, -36.8383 ], [ -65.2098, -36.8397 ] ] } },
{ "type": "Feature", "properties": { "nombre": "Camino sin nombre", "longitud_km": 7.6 }, "geometry": { "type": "LineString", "coordinates": [ [ -65.3777, -36.8368 ], [ -65.2925, -36.8383 ] ] } },
{ "type": "Feature", "properties": { "nombre": "Camino sin nombre", "longitud_km": 5.01 }, "geometry": { "type": "LineString", "coordinates": [ [ -65.3768, -36.7916 ], [ -65.3777, -36.8368 ] ] } },
{ "type": "Feature", "properties": { "nombre": "Camino sin nombre", "longitud_km": 2.47 }, "geometry": { "type": "LineString", "coordinates": [ [ -65.4054, -36.8362 ], [ -65.3777, -36.8368 ] ] } },
{ "type": "Feature", "properties": { "nombre": "Camino sin nombre", "longitud_km": 4.97 }, "geometry": { "type": "LineString", "coordinates": [ [ -65.461, -36.8345 ], [ -65.4054, -36.8362 ] ] } },
{ "type": "Feature", "properties": { "nombre": "Camino sin nombre", "longitud_km": 5.03 }, "geometry": { "type": "LineString", "coordinates": [ [ -65.5174, -36.8344 ], [ -65.461, -36.8335 ] ] } },
{ "type": "Feature", "properties": { "nombre": "Camino sin nombre", "longitud_km": 5.02 }, "geometry": { "type": "LineString", "coordinates": [ [ -65.5174, -36.8344 ], [ -65.5163, -36.7892 ] ] } },
{ "type": "Feature", "properties": { "nombre": "Camino sin nombre", "longitud_km": 7.56 }, "geometry": { "type": "LineString", "coordinates": [ [ -65.5966, -36.8175 ], [ -65.5638, -36.8335 ], [ -65.5174, -36.8344 ] ] } },
{ "type": "Feature", "properties": { "nombre": "Camino sin nombre", "longitud_km": 5.26 }, "geometry": { "type": "LineString", "coordinates": [ [ -65.1276, -36.8424 ], [ -65.0686, -36.8408 ] ] } },
{ "type": "Feature", "properties": { "nombre": "Camino sin nombre", "longitud_km": 2.29 }, "geometry": { "type": "LineString", "coordinates": [ [ -65.1276, -36.8424 ], [ -65.1532, -36.8424 ] ] } },
{ "type": "Feature", "properties": { "nombre": "Camino sin nombre", "longitud_km": 5.27 }, "geometry": { "type": "LineString", "coordinates": [ [ -65.1532, -36.8424 ], [ -65.1519, -36.7949 ] ] } },
{ "type": "Feature", "properties": { "nombre": "Camino sin nombre", "longitud_km": 15.34 }, "geometry": { "type": "LineString", "coordinates": [ [ -64.4496, -36.8531 ], [ -64.4492, -36.8148 ], [ -64.3947, -36.8155 ], [ -64.3946, -36.7593 ] ] } },
{ "type": "Feature", "properties": { "nombre": "Camino sin nombre", "longitud_km": 6.99 }, "geometry": { "type": "LineString", "coordinates": [ [ -64.4496, -36.8531 ], [ -64.3711, -36.8541 ] ] } },
{ "type": "Feature", "properties": { "nombre": "Camino sin nombre", "longitud_km": 5.5 }, "geometry": { "type": "LineString", "coordinates": [ [ -64.5079, -36.8531 ], [ -64.5074, -36.8035 ] ] } },
{ "type": "Feature", "properties": { "nombre": "Camino sin nombre", "longitud_km": 3.03 }, "geometry": { "type": "LineString", "coordinates": [ [ -64.5419, -36.8527 ], [ -64.5079, -36.8531 ] ] } },
{ "type": "Feature", "properties": { "nombre": "Camino sin nombre", "longitud_km": 0.99 }, "geometry": { "type": "LineString", "coordinates": [ [ -64.5419, -36.8437 ], [ -64.5419, -36.8527 ] ] } },
{ "type": "Feature", "properties": { "nombre": "Camino sin nombre", "longitud_km": 3.65 }, "geometry": { "type": "LineString", "coordinates": [ [ -64.7322, -36.8549 ], [ -64.6926, -36.8464 ] ] } },
{ "type": "Feature", "properties": { "nombre": "Camino sin nombre", "longitud_km": 2.46 }, "geometry": { "type": "LineString", "coordinates": [ [ -64.7322, -36.8549 ], [ -64.7318, -36.8327 ] ] } },
{ "type": "Feature", "properties": { "nombre": "Camino sin nombre", "longitud_km": 3.68 }, "geometry": { "type": "LineString", "coordinates": [ [ -66.2551, -36.7994 ], [ -66.228, -36.8244 ] ] } },
{ "type": "Feature", "properties": { "nombre": "Camino sin nombre", "longitud_km": 2.97 }, "geometry": { "type": "LineString", "coordinates": [ [ -66.0103, -36.8061 ], [ -66.0165, -36.8148 ], [ -66.0186, -36.8314 ] ] } },
{ "type": "Feature", "properties": { "nombre": "Camino sin nombre", "longitud_km": 11.74 }, "geometry": { "type": "LineString", "coordinates": [ [ -67.324, -36.774 ], [ -67.3032, -36.7774 ], [ -67.2833, -36.7895 ], [ -67.2373, -36.7838 ], [ -67.2016, -36.7958 ] ] } },
{ "type": "Feature", "properties": { "nombre": "Camino sin nombre", "longitud_km": 2.8 }, "geometry": { "type": "LineString", "coordinates": [ [ -64.3746, -36.8617 ], [ -64.4061, -36.8611 ] ] } },
{ "type": "Feature", "properties": { "nombre": "Camino sin nombre", "longitud_km": 1.76 }, "geometry": { "type": "LineString", "coordinates": [ [ -64.7503, -36.8612 ], [ -64.7322, -36.8549 ] ] } },
{ "type": "Feature", "properties": { "nombre": "Camino sin nombre", "longitud_km": 0.93 }, "geometry": { "type": "LineString", "coordinates": [ [ -64.76, -36.8643 ], [ -64.7503, -36.8612 ] ] } },
{ "type": "Feature", "properties": { "nombre": "Camino sin nombre", "longitud_km": 3.79 }, "geometry": { "type": "LineString", "coordinates": [ [ -64.76, -36.8643 ], [ -64.7598, -36.8435 ], [ -64.7536, -36.8364 ], [ -64.757, -36.8327 ] ] } },
{ "type": "Feature", "properties": { "nombre": "Camino sin nombre", "longitud_km": 0.07 }, "geometry": { "type": "LineString", "coordinates": [ [ -64.7605, -36.8648 ], [ -64.76, -36.8643 ] ] } },
{ "type": "Feature", "properties": { "nombre": "Camino sin nombre", "longitud_km": 4.98 }, "geometry": { "type": "LineString", "coordinates": [ [ -63.6941, -36.8534 ], [ -63.6939, -36.8759 ], [ -63.666, -36.8759 ] ] } },
{ "type": "Feature", "properties": { "nombre": "Camino sin nombre", "longitud_km": 13.85 }, "geometry": { "type": "LineString", "coordinates": [ [ -67.2016, -36.7958 ], [ -67.1565, -36.8055 ], [ -67.1206, -36.8025 ], [ -67.1029, -36.7972 ], [ -67.0637, -36.7678 ] ] } },
{ "type": "Feature", "properties": { "nombre": "Camino sin nombre", "longitud_km": 20.32 }, "geometry": { "type": "LineString", "coordinates": [ [ -66.399, -36.832 ], [ -66.453, -36.8296 ], [ -66.4747, -36.8458 ], [ -66.4796, -36.8615 ], [ -66.4873, -36.8689 ], [ -66.4878, -36.9099 ], [ -66.4292, -36.9234 ] ] } },
{ "type": "Feature", "properties": { "nombre": "Camino sin nombre", "longitud_km": 5.72 }, "geometry": { "type": "LineString", "coordinates": [ [ -64.8453, -36.8676 ], [ -64.788, -36.8443 ] ] } },
{ "type": "Feature", "properties": { "nombre": "Camino sin nombre", "longitud_km": 3.97 }, "geometry": { "type": "LineString", "coordinates": [ [ -67.362, -36.8065 ], [ -67.4064, -36.8041 ] ] } },
{ "type": "Feature", "properties": { "nombre": "Camino sin nombre", "longitud_km": 5.23 }, "geometry": { "type": "LineString", "coordinates": [ [ -67.362, -36.8065 ], [ -67.349, -36.8034 ], [ -67.3436, -36.7909 ], [ -67.324, -36.774 ] ] } },
{ "type": "Feature", "properties": { "nombre": "Camino sin nombre", "longitud_km": 4.12 }, "geometry": { "type": "LineString", "coordinates": [ [ -67.3897, -36.778 ], [ -67.3798, -36.7824 ], [ -67.362, -36.8065 ] ] } },
{ "type": "Feature", "properties": { "nombre": "Camino sin nombre", "longitud_km": 2.71 }, "geometry": { "type": "LineString", "coordinates": [ [ -64.7888, -36.8737 ], [ -64.7605, -36.8648 ] ] } },
{ "type": "Feature", "properties": { "nombre": "Camino sin nombre", "longitud_km": 3.27 }, "geometry": { "type": "LineString", "coordinates": [ [ -64.7888, -36.8737 ], [ -64.788, -36.8443 ] ] } },
{ "type": "Feature", "properties": { "nombre": "Camino sin nombre", "longitud_km": 10.44 }, "geometry": { "type": "LineString", "coordinates": [ [ -66.7964, -36.8277 ], [ -66.76, -36.8174 ], [ -66.6818, -36.813 ] ] } },
{ "type": "Feature", "properties": { "nombre": "Camino sin nombre", "longitud_km": 12.18 }, "geometry": { "type": "LineString", "coordinates": [ [ -65.7151, -36.8649 ], [ -65.6937, -36.8461 ], [ -65.6475, -36.8399 ], [ -65.5966, -36.8175 ] ] } },
{ "type": "Feature", "properties": { "nombre": "Camino sin nombre", "longitud_km": 4.95 }, "geometry": { "type": "LineString", "coordinates": [ [ -63.722, -36.898 ], [ -63.7218, -36.8534 ] ] } },
{ "type": "Feature", "properties": { "nombre": "Camino sin nombre", "longitud_km": 6.74 }, "geometry": { "type": "LineString", "coordinates": [ [ -66.2551, -36.7994 ], [ -66.2802, -36.8353 ], [ -66.2875, -36.854 ] ] } },
{ "type": "Feature", "properties": { "nombre": "Camino sin nombre", "longitud_km": 10.94 }, "geometry": { "type": "LineString", "coordinates": [ [ -66.2875, -36.854 ], [ -66.3084, -36.8453 ], [ -66.3209, -36.8458 ], [ -66.3241, -36.8378 ], [ -66.3351, -36.8333 ], [ -66.399, -36.832 ] ] } },
{ "type": "Feature", "properties": { "nombre": "Camino sin nombre", "longitud_km": 9.66 }, "geometry": { "type": "LineString", "coordinates": [ [ -66.9476, -36.7592 ], [ -66.9245, -36.7769 ], [ -66.9058, -36.8174 ], [ -66.9072, -36.8356 ] ] } },
{ "type": "Feature", "properties": { "nombre": "Camino sin nombre", "longitud_km": 5.54 }, "geometry": { "type": "LineString", "coordinates": [ [ -66.9609, -36.8107 ], [ -66.9072, -36.8356 ] ] } },
{ "type": "Feature", "properties": { "nombre": "Camino sin nombre", "longitud_km": 10.0 }, "geometry": { "type": "LineString", "coordinates": [ [ -63.8342, -36.8977 ], [ -63.722, -36.898 ] ] } },
{ "type": "Feature", "properties": { "nombre": "Camino sin nombre", "longitud_km": 4.28 }, "geometry": { "type": "LineString", "coordinates": [ [ -66.9755, -36.8221 ], [ -67.0056, -36.8237 ], [ -67.0191, -36.8329 ] ] } },
{ "type": "Feature", "properties": { "nombre": "Camino sin nombre", "longitud_km": 8.53 }, "geometry": { "type": "LineString", "coordinates": [ [ -67.0636, -36.768 ], [ -67.0375, -36.7872 ], [ -67.0336, -36.8061 ], [ -67.0191, -36.8329 ] ] } },
{ "type": "Feature", "properties": { "nombre": "Camino sin nombre", "longitud_km": 10.02 }, "geometry": { "type": "LineString", "coordinates": [ [ -63.8881, -36.8073 ], [ -63.8902, -36.8976 ] ] } },
{ "type": "Feature", "properties": { "nombre": "Camino sin nombre", "longitud_km": 5.0 }, "geometry": { "type": "LineString", "coordinates": [ [ -63.8902, -36.8976 ], [ -63.8342, -36.8977 ] ] } },
{ "type": "Feature", "properties": { "nombre": "Camino sin nombre", "longitud_km": 10.77 }, "geometry": { "type": "LineString", "coordinates": [ [ -66.0186, -36.8314 ], [ -66.0775, -36.8553 ], [ -66.1321, -36.8599 ] ] } },
{ "type": "Feature", "properties": { "nombre": "Camino sin nombre", "longitud_km": 5.91 }, "geometry": { "type": "LineString", "coordinates": [ [ -66.1164, -36.809 ], [ -66.1218, -36.8449 ], [ -66.1321, -36.8599 ] ] } },
{ "type": "Feature", "properties": { "nombre": "Camino sin nombre", "longitud_km": 16.81 }, "geometry": { "type": "LineString", "coordinates": [ [ -65.834, -36.8677 ], [ -65.8492, -36.8249 ], [ -65.8517, -36.8006 ], [ -65.8424, -36.8002 ], [ -65.8369, -36.7939 ], [ -65.8373, -36.7841 ], [ -65.8172, -36.7552 ], [ -65.8076, -36.7319 ] ] } },
{ "type": "Feature", "properties": { "nombre": "Camino sin nombre", "longitud_km": 20.05 }, "geometry": { "type": "LineString", "coordinates": [ [ -64.1703, -36.8061 ], [ -64.1711, -36.8965 ], [ -64.2835, -36.8957 ] ] } },
{ "type": "Feature", "properties": { "nombre": "Camino sin nombre", "longitud_km": 0.6 }, "geometry": { "type": "LineString", "coordinates": [ [ -64.5423, -36.8932 ], [ -64.5355, -36.8931 ] ] } },
{ "type": "Feature", "properties": { "nombre": "Camino sin nombre", "longitud_km": 4.49 }, "geometry": { "type": "LineString", "coordinates": [ [ -64.5419, -36.8527 ], [ -64.5423, -36.8932 ] ] } },
{ "type": "Feature", "properties": { "nombre": "Camino sin nombre", "longitud_km": 4.52 }, "geometry": { "type": "LineString", "coordinates": [ [ -64.5083, -36.8938 ], [ -64.5079, -36.8531 ] ] } },
{ "type": "Feature", "properties": { "nombre": "Camino sin nombre", "longitud_km": 2.42 }, "geometry": { "type": "LineString", "coordinates": [ [ -64.5355, -36.8931 ], [ -64.5083, -36.8938 ] ] } },
{ "type": "Feature", "properties": { "nombre": "Camino sin nombre", "longitud_km": 4.98 }, "geometry": { "type": "LineString", "coordinates": [ [ -64.6208, -36.8924 ], [ -64.6201, -36.8475 ] ] } },
{ "type": "Feature", "properties": { "nombre": "Camino sin nombre", "longitud_km": 1.36 }, "geometry": { "type": "LineString", "coordinates": [ [ -64.6361, -36.8921 ], [ -64.6208, -36.8924 ] ] } },
{ "type": "Feature", "properties": { "nombre": "Camino sin nombre", "longitud_km": 4.65 }, "geometry": { "type": "LineString", "coordinates": [ [ -64.4502, -36.8946 ], [ -64.3981, -36.8946 ] ] } },
{ "type": "Feature", "properties": { "nombre": "Camino sin nombre", "longitud_km": 4.6 }, "geometry": { "type": "LineString", "coordinates": [ [ -64.4496, -36.8531 ], [ -64.4502, -36.8946 ] ] } },
{ "type": "Feature", "properties": { "nombre": "Camino sin nombre", "longitud_km": 0.14 }, "geometry": { "type": "LineString", "coordinates": [ [ -64.4518, -36.8946 ], [ -64.4502, -36.8946 ] ] } },
{ "type": "Feature", "properties": { "nombre": "Camino sin nombre", "longitud_km": 7.0 }, "geometry": { "type": "LineString", "coordinates": [ [ -64.6208, -36.8924 ], [ -64.5423, -36.8932 ] ] } },
{ "type": "Feature", "properties": { "nombre": "Camino sin nombre", "longitud_km": 5.04 }, "geometry": { "type": "LineString", "coordinates": [ [ -64.5083, -36.8938 ], [ -64.4518, -36.8946 ] ] } },
{ "type": "Feature", "properties": { "nombre": "Camino sin nombre", "longitud_km": 1.12 }, "geometry": { "type": "LineString", "coordinates": [ [ -64.6487, -36.8923 ], [ -64.6361, -36.8921 ] ] } },
{ "type": "Feature", "properties": { "nombre": "Camino sin nombre", "longitud_km": 8.72 }, "geometry": { "type": "LineString", "coordinates": [ [ -64.6926, -36.8464 ], [ -64.6862, -36.8539 ], [ -64.6778, -36.854 ], [ -64.6785, -36.8699 ], [ -64.6486, -36.8696 ], [ -64.6487, -36.8923 ] ] } },
{ "type": "Feature", "properties": { "nombre": "Camino sin nombre", "longitud_km": 10.01 }, "geometry": { "type": "LineString", "coordinates": [ [ -64.9578, -36.8884 ], [ -64.9013, -36.8889 ], [ -64.9004, -36.8441 ] ] } },
{ "type": "Feature", "properties": { "nombre": "Camino sin nombre", "longitud_km": 10.01 }, "geometry": { "type": "LineString", "coordinates": [ [ -64.9578, -36.8884 ], [ -64.9556, -36.7982 ] ] } },
{ "type": "Feature", "properties": { "nombre": "Camino sin nombre", "longitud_km": 5.71 }, "geometry": { "type": "LineString", "coordinates": [ [ -65.1532, -36.8424 ], [ -65.1639, -36.8424 ], [ -65.1682, -36.8851 ] ] } },
{ "type": "Feature", "properties": { "nombre": "Camino sin nombre", "longitud_km": 3.83 }, "geometry": { "type": "LineString", "coordinates": [ [ -65.1682, -36.8851 ], [ -65.2112, -36.8845 ] ] } },
{ "type": "Feature", "properties": { "nombre": "Camino sin nombre", "longitud_km": 4.97 }, "geometry": { "type": "LineString", "coordinates": [ [ -65.2112, -36.8845 ], [ -65.2098, -36.8397 ] ] } },
{ "type": "Feature", "properties": { "nombre": "Camino sin nombre", "longitud_km": 4.44 }, "geometry": { "type": "LineString", "coordinates": [ [ -65.2537, -36.8707 ], [ -65.2636, -36.8837 ], [ -65.2944, -36.8835 ] ] } },
{ "type": "Feature", "properties": { "nombre": "Camino sin nombre", "longitud_km": 8.48 }, "geometry": { "type": "LineString", "coordinates": [ [ -65.6317, -36.8781 ], [ -65.6319, -36.8711 ], [ -65.6052, -36.8606 ], [ -65.6097, -36.8446 ], [ -65.5966, -36.8175 ] ] } },
{ "type": "Feature", "properties": { "nombre": "Camino sin nombre", "longitud_km": 5.56 }, "geometry": { "type": "LineString", "coordinates": [ [ -64.8456, -36.8945 ], [ -64.7888, -36.8737 ] ] } },
{ "type": "Feature", "properties": { "nombre": "Camino sin nombre", "longitud_km": 0.76 }, "geometry": { "type": "LineString", "coordinates": [ [ -64.5391, -36.8993 ], [ -64.5355, -36.8931 ] ] } },
{ "type": "Feature", "properties": { "nombre": "Camino sin nombre", "longitud_km": 13.3 }, "geometry": { "type": "LineString", "coordinates": [ [ -66.8551, -36.7435 ], [ -66.8769, -36.7937 ], [ -66.8687, -36.7974 ], [ -66.8697, -36.8062 ], [ -66.8342, -36.8476 ] ] } },
{ "type": "Feature", "properties": { "nombre": "Camino sin nombre", "longitud_km": 4.24 }, "geometry": { "type": "LineString", "coordinates": [ [ -66.7867, -36.8487 ], [ -66.8342, -36.8476 ] ] } },
{ "type": "Feature", "properties": { "nombre": "Camino sin nombre", "longitud_km": 0.59 }, "geometry": { "type": "LineString", "coordinates": [ [ -65.6316, -36.8834 ], [ -65.6317, -36.8781 ] ] } },
{ "type": "Feature", "properties": { "nombre": "Camino sin nombre", "longitud_km": 3.08 }, "geometry": { "type": "LineString", "coordinates": [ [ -65.6661, -36.8849 ], [ -65.6316, -36.8834 ] ] } },
{ "type": "Feature", "properties": { "nombre": "Camino sin nombre", "longitud_km": 2.85 }, "geometry": { "type": "LineString", "coordinates": [ [ -65.8589, -36.8838 ], [ -65.834, -36.8677 ] ] } },
{ "type": "Feature", "properties": { "nombre": "Camino sin nombre", "longitud_km": 10.48 }, "geometry": { "type": "LineString", "coordinates": [ [ -65.8589, -36.8838 ], [ -65.8823, -36.8684 ], [ -65.8894, -36.8684 ], [ -65.8912, -36.8334 ], [ -65.9009, -36.8333 ], [ -65.9063, -36.8281 ], [ -65.9097, -36.8135 ] ] } },
{ "type": "Feature", "properties": { "nombre": "Camino sin nombre", "longitud_km": 0.02 }, "geometry": { "type": "LineString", "coordinates": [ [ -65.8589, -36.884 ], [ -65.8589, -36.8838 ] ] } },
{ "type": "Feature", "properties": { "nombre": "Camino sin nombre", "longitud_km": 9.41 }, "geometry": { "type": "LineString", "coordinates": [ [ -63.4976, -36.8345 ], [ -63.498, -36.9193 ] ] } },
{ "type": "Feature", "properties": { "nombre": "Camino sin nombre", "longitud_km": 4.93 }, "geometry": { "type": "LineString", "coordinates": [ [ -63.5534, -36.919 ], [ -63.498, -36.9193 ] ] } },
{ "type": "Feature", "properties": { "nombre": "Camino sin nombre", "longitud_km": 5.06 }, "geometry": { "type": "LineString", "coordinates": [ [ -63.6102, -36.9191 ], [ -63.5534, -36.919 ] ] } },
{ "type": "Feature", "properties": { "nombre": "Camino sin nombre", "longitud_km": 6.98 }, "geometry": { "type": "LineString", "coordinates": [ [ -63.6102, -36.9191 ], [ -63.6114, -36.903 ], [ -63.6167, -36.899 ], [ -63.6659, -36.9096 ] ] } },
{ "type": "Feature", "properties": { "nombre": "Camino sin nombre", "longitud_km": 8.8 }, "geometry": { "type": "LineString", "coordinates": [ [ -64.9128, -36.9061 ], [ -64.8846, -36.889 ], [ -64.8637, -36.8893 ], [ -64.866, -36.8727 ], [ -64.8453, -36.8676 ] ] } },
{ "type": "Feature", "properties": { "nombre": "Camino sin nombre", "longitud_km": 2.03 }, "geometry": { "type": "LineString", "coordinates": [ [ -64.6209, -36.9106 ], [ -64.6208, -36.8924 ] ] } },
{ "type": "Feature", "properties": { "nombre": "Camino sin nombre", "longitud_km": 1.06 }, "geometry": { "type": "LineString", "coordinates": [ [ -64.6328, -36.9111 ], [ -64.6209, -36.9106 ] ] } },
{ "type": "Feature", "properties": { "nombre": "Camino sin nombre", "longitud_km": 2.12 }, "geometry": { "type": "LineString", "coordinates": [ [ -64.6328, -36.9111 ], [ -64.6361, -36.8921 ] ] } },
{ "type": "Feature", "properties": { "nombre": "Camino sin nombre", "longitud_km": 4.55 }, "geometry": { "type": "LineString", "coordinates": [ [ -64.6772, -36.9105 ], [ -64.6767, -36.892 ], [ -64.6487, -36.8923 ] ] } },
{ "type": "Feature", "properties": { "nombre": "Camino sin nombre", "longitud_km": 6.99 }, "geometry": { "type": "LineString", "coordinates": [ [ -65.3509, -36.9007 ], [ -65.3503, -36.8826 ], [ -65.2944, -36.8835 ] ] } },
{ "type": "Feature", "properties": { "nombre": "Camino sin nombre", "longitud_km": 4.0 }, "geometry": { "type": "LineString", "coordinates": [ [ -63.7225, -36.934 ], [ -63.722, -36.898 ] ] } },
{ "type": "Feature", "properties": { "nombre": "Camino sin nombre", "longitud_km": 11.51 }, "geometry": { "type": "LineString", "coordinates": [ [ -67.2016, -36.7958 ], [ -67.2313, -36.7991 ], [ -67.2578, -36.8092 ], [ -67.3101, -36.8463 ] ] } },
{ "type": "Feature", "properties": { "nombre": "Camino sin nombre", "longitud_km": 6.4 }, "geometry": { "type": "LineString", "coordinates": [ [ -67.362, -36.8065 ], [ -67.3101, -36.8463 ] ] } },
{ "type": "Feature", "properties": { "nombre": "Camino sin nombre", "longitud_km": 1.69 }, "geometry": { "type": "LineString", "coordinates": [ [ -67.684, -36.8173 ], [ -67.6835, -36.8325 ] ] } },
{ "type": "Feature", "properties": { "nombre": "Camino sin nombre", "longitud_km": 11.95 }, "geometry": { "type": "LineString", "coordinates": [ [ -66.0186, -36.8314 ], [ -66.0145, -36.8629 ], [ -66.0225, -36.8795 ], [ -65.9596, -36.9085 ] ] } },
{ "type": "Feature", "properties": { "nombre": "Camino sin nombre", "longitud_km": 6.49 }, "geometry": { "type": "LineString", "coordinates": [ [ -64.7336, -36.9133 ], [ -64.7322, -36.8549 ] ] } },
{ "type": "Feature", "properties": { "nombre": "Camino sin nombre", "longitud_km": 2.9 }, "geometry": { "type": "LineString", "coordinates": [ [ -64.6772, -36.9105 ], [ -64.7094, -36.914 ] ] } },
{ "type": "Feature", "properties": { "nombre": "Camino sin nombre", "longitud_km": 2.15 }, "geometry": { "type": "LineString", "coordinates": [ [ -64.7094, -36.914 ], [ -64.7336, -36.9133 ] ] } },
{ "type": "Feature", "properties": { "nombre": "Camino sin nombre", "longitud_km": 0.48 }, "geometry": { "type": "LineString", "coordinates": [ [ -64.6773, -36.9148 ], [ -64.6772, -36.9105 ] ] } },
{ "type": "Feature", "properties": { "nombre": "Camino sin nombre", "longitud_km": 7.7 }, "geometry": { "type": "LineString", "coordinates": [ [ -65.124, -36.9082 ], [ -65.1237, -36.886 ], [ -65.1284, -36.8857 ], [ -65.1276, -36.8424 ] ] } },
{ "type": "Feature", "properties": { "nombre": "Camino sin nombre", "longitud_km": 4.05 }, "geometry": { "type": "LineString", "coordinates": [ [ -67.0191, -36.8329 ], [ -67.052, -36.8581 ] ] } },
{ "type": "Feature", "properties": { "nombre": "Camino sin nombre", "longitud_km": 10.65 }, "geometry": { "type": "LineString", "coordinates": [ [ -67.0637, -36.7678 ], [ -67.0616, -36.7774 ], [ -67.0731, -36.7954 ], [ -67.0713, -36.8215 ], [ -67.052, -36.8581 ] ] } },
{ "type": "Feature", "properties": { "nombre": "Camino sin nombre", "longitud_km": 7.61 }, "geometry": { "type": "LineString", "coordinates": [ [ -65.0702, -36.9093 ], [ -65.0686, -36.8408 ] ] } },
{ "type": "Feature", "properties": { "nombre": "Camino sin nombre", "longitud_km": 6.54 }, "geometry": { "type": "LineString", "coordinates": [ [ -64.747, -36.9147 ], [ -64.7473, -36.8786 ], [ -64.743, -36.8723 ], [ -64.7504, -36.8708 ], [ -64.7503, -36.8612 ] ] } },
{ "type": "Feature", "properties": { "nombre": "Camino sin nombre", "longitud_km": 6.82 }, "geometry": { "type": "LineString", "coordinates": [ [ -64.747, -36.9147 ], [ -64.762, -36.9143 ], [ -64.7605, -36.8648 ] ] } },
{ "type": "Feature", "properties": { "nombre": "Camino sin nombre", "longitud_km": 0.18 }, "geometry": { "type": "LineString", "coordinates": [ [ -64.7336, -36.9149 ], [ -64.7336, -36.9133 ] ] } },
{ "type": "Feature", "properties": { "nombre": "Camino sin nombre", "longitud_km": 1.19 }, "geometry": { "type": "LineString", "coordinates": [ [ -64.7336, -36.9149 ], [ -64.747, -36.9147 ] ] } },
{ "type": "Feature", "properties": { "nombre": "Camino sin nombre", "longitud_km": 3.99 }, "geometry": { "type": "LineString", "coordinates": [ [ -65.6739, -36.9134 ], [ -65.668, -36.9078 ], [ -65.6324, -36.9068 ] ] } },
{ "type": "Feature", "properties": { "nombre": "Camino sin nombre", "longitud_km": 4.07 }, "geometry": { "type": "LineString", "coordinates": [ [ -64.6773, -36.9148 ], [ -64.6528, -36.9165 ], [ -64.6328, -36.9111 ] ] } },
{ "type": "Feature", "properties": { "nombre": "Camino sin nombre", "longitud_km": 0.48 }, "geometry": { "type": "LineString", "coordinates": [ [ -65.3511, -36.905 ], [ -65.3509, -36.9007 ] ] } },
{ "type": "Feature", "properties": { "nombre": "Camino sin nombre", "longitud_km": 2.18 }, "geometry": { "type": "LineString", "coordinates": [ [ -66.7719, -36.8694 ], [ -66.762, -36.8514 ] ] } },
{ "type": "Feature", "properties": { "nombre": "Camino sin nombre", "longitud_km": 0.98 }, "geometry": { "type": "LineString", "coordinates": [ [ -65.3965, -36.9064 ], [ -65.4074, -36.9063 ] ] } },
{ "type": "Feature", "properties": { "nombre": "Camino sin nombre", "longitud_km": 7.79 }, "geometry": { "type": "LineString", "coordinates": [ [ -65.4074, -36.9063 ], [ -65.4054, -36.8362 ] ] } },
{ "type": "Feature", "properties": { "nombre": "Camino sin nombre", "longitud_km": 1.97 }, "geometry": { "type": "LineString", "coordinates": [ [ -63.498, -36.9193 ], [ -63.4979, -36.937 ] ] } },
{ "type": "Feature", "properties": { "nombre": "Camino sin nombre", "longitud_km": 5.07 }, "geometry": { "type": "LineString", "coordinates": [ [ -65.0702, -36.9093 ], [ -65.0772, -36.9135 ], [ -65.0856, -36.9094 ], [ -65.124, -36.9082 ] ] } },
{ "type": "Feature", "properties": { "nombre": "Camino sin nombre", "longitud_km": 5.21 }, "geometry": { "type": "LineString", "coordinates": [ [ -64.4518, -36.8946 ], [ -64.4957, -36.9255 ] ] } },
{ "type": "Feature", "properties": { "nombre": "Camino sin nombre", "longitud_km": 2.6 }, "geometry": { "type": "LineString", "coordinates": [ [ -65.6324, -36.9068 ], [ -65.6316, -36.8834 ] ] } },
{ "type": "Feature", "properties": { "nombre": "Camino sin nombre", "longitud_km": 6.55 }, "geometry": { "type": "LineString", "coordinates": [ [ -63.6661, -36.934 ], [ -63.6116, -36.9343 ], [ -63.6102, -36.9191 ] ] } },
{ "type": "Feature", "properties": { "nombre": "Camino sin nombre", "longitud_km": 14.01 }, "geometry": { "type": "LineString", "coordinates": [ [ -64.4055, -36.9281 ], [ -64.3855, -36.9263 ], [ -64.3851, -36.9179 ], [ -64.3736, -36.9174 ], [ -64.3736, -36.9129 ], [ -64.3399, -36.9131 ], [ -64.3363, -36.8949 ], [ -64.2835, -36.8957 ] ] } },
{ "type": "Feature", "properties": { "nombre": "Camino sin nombre", "longitud_km": 5.02 }, "geometry": { "type": "LineString", "coordinates": [ [ -63.7225, -36.934 ], [ -63.6661, -36.934 ] ] } },
{ "type": "Feature", "properties": { "nombre": "Camino sin nombre", "longitud_km": 5.49 }, "geometry": { "type": "LineString", "coordinates": [ [ -65.3509, -36.9007 ], [ -65.3229, -36.9029 ], [ -65.2953, -36.9181 ] ] } },
{ "type": "Feature", "properties": { "nombre": "Camino sin nombre", "longitud_km": 6.77 }, "geometry": { "type": "LineString", "coordinates": [ [ -66.8342, -36.8476 ], [ -66.8536, -36.8506 ], [ -66.8757, -36.8643 ], [ -66.8771, -36.8741 ], [ -66.8618, -36.8779 ] ] } },
{ "type": "Feature", "properties": { "nombre": "Camino sin nombre", "longitud_km": 2.52 }, "geometry": { "type": "LineString", "coordinates": [ [ -64.7058, -36.9366 ], [ -64.7341, -36.936 ] ] } },
{ "type": "Feature", "properties": { "nombre": "Camino sin nombre", "longitud_km": 4.5 }, "geometry": { "type": "LineString", "coordinates": [ [ -65.8323, -36.9082 ], [ -65.834, -36.8677 ] ] } },
{ "type": "Feature", "properties": { "nombre": "Camino sin nombre", "longitud_km": 3.59 }, "geometry": { "type": "LineString", "coordinates": [ [ -65.8323, -36.9082 ], [ -65.8589, -36.884 ] ] } },
{ "type": "Feature", "properties": { "nombre": "Camino sin nombre", "longitud_km": 9.24 }, "geometry": { "type": "LineString", "coordinates": [ [ -66.1833, -36.9408 ], [ -66.1826, -36.9334 ], [ -66.1935, -36.933 ], [ -66.192, -36.9226 ], [ -66.2004, -36.9192 ], [ -66.2194, -36.8967 ], [ -66.2466, -36.8979 ] ] } },
{ "type": "Feature", "properties": { "nombre": "Camino sin nombre", "longitud_km": 5.85 }, "geometry": { "type": "LineString", "coordinates": [ [ -66.2273, -36.8498 ], [ -66.2436, -36.8709 ], [ -66.2425, -36.8917 ], [ -66.2466, -36.8979 ] ] } },
{ "type": "Feature", "properties": { "nombre": "Camino sin nombre", "longitud_km": 17.42 }, "geometry": { "type": "LineString", "coordinates": [ [ -63.3855, -36.9436 ], [ -63.3853, -36.8328 ], [ -63.3561, -36.8258 ], [ -63.3355, -36.8117 ] ] } },
{ "type": "Feature", "properties": { "nombre": "Camino sin nombre", "longitud_km": 1.18 }, "geometry": { "type": "LineString", "coordinates": [ [ -63.4873, -36.9434 ], [ -63.4979, -36.937 ] ] } },
{ "type": "Feature", "properties": { "nombre": "Camino sin nombre", "longitud_km": 9.08 }, "geometry": { "type": "LineString", "coordinates": [ [ -63.3855, -36.9436 ], [ -63.4873, -36.9434 ] ] } },
{ "type": "Feature", "properties": { "nombre": "Camino sin nombre", "longitud_km": 1.01 }, "geometry": { "type": "LineString", "coordinates": [ [ -63.7223, -36.9431 ], [ -63.7225, -36.934 ] ] } },
{ "type": "Feature", "properties": { "nombre": "Camino sin nombre", "longitud_km": 4.98 }, "geometry": { "type": "LineString", "coordinates": [ [ -63.8902, -36.8976 ], [ -63.8902, -36.9425 ] ] } },
{ "type": "Feature", "properties": { "nombre": "Camino sin nombre", "longitud_km": 4.97 }, "geometry": { "type": "LineString", "coordinates": [ [ -63.8902, -36.9425 ], [ -63.8343, -36.943 ] ] } },
{ "type": "Feature", "properties": { "nombre": "Camino sin nombre", "longitud_km": 9.98 }, "geometry": { "type": "LineString", "coordinates": [ [ -63.8343, -36.943 ], [ -63.7223, -36.9431 ] ] } },
{ "type": "Feature", "properties": { "nombre": "Camino sin nombre", "longitud_km": 2.95 }, "geometry": { "type": "LineString", "coordinates": [ [ -64.6217, -36.9372 ], [ -64.6209, -36.9106 ] ] } },
{ "type": "Feature", "properties": { "nombre": "Camino sin nombre", "longitud_km": 2.86 }, "geometry": { "type": "LineString", "coordinates": [ [ -64.7058, -36.9366 ], [ -64.7053, -36.9141 ], [ -64.7094, -36.914 ] ] } },
{ "type": "Feature", "properties": { "nombre": "Camino sin nombre", "longitud_km": 7.8 }, "geometry": { "type": "LineString", "coordinates": [ [ -64.5412, -36.9381 ], [ -64.565, -36.9295 ], [ -64.5644, -36.9005 ], [ -64.5391, -36.8993 ] ] } },
{ "type": "Feature", "properties": { "nombre": "Camino sin nombre", "longitud_km": 9.71 }, "geometry": { "type": "LineString", "coordinates": [ [ -64.5089, -36.9387 ], [ -64.4413, -36.9392 ], [ -64.4267, -36.9278 ], [ -64.4058, -36.9287 ] ] } },
{ "type": "Feature", "properties": { "nombre": "Camino sin nombre", "longitud_km": 5.92 }, "geometry": { "type": "LineString", "coordinates": [ [ -64.5391, -36.8993 ], [ -64.5363, -36.9112 ], [ -64.5212, -36.9255 ], [ -64.5094, -36.9256 ], [ -64.5089, -36.9387 ] ] } },
{ "type": "Feature", "properties": { "nombre": "Camino sin nombre", "longitud_km": 1.9 }, "geometry": { "type": "LineString", "coordinates": [ [ -64.5089, -36.9387 ], [ -64.5303, -36.9384 ] ] } },
{ "type": "Feature", "properties": { "nombre": "Camino sin nombre", "longitud_km": 0.97 }, "geometry": { "type": "LineString", "coordinates": [ [ -64.5303, -36.9384 ], [ -64.5412, -36.9381 ] ] } },
{ "type": "Feature", "properties": { "nombre": "Camino sin nombre", "longitud_km": 4.7 }, "geometry": { "type": "LineString", "coordinates": [ [ -64.5412, -36.9381 ], [ -64.594, -36.9376 ] ] } },
{ "type": "Feature", "properties": { "nombre": "Camino sin nombre", "longitud_km": 2.47 }, "geometry": { "type": "LineString", "coordinates": [ [ -64.594, -36.9376 ], [ -64.6217, -36.9372 ] ] } },
{ "type": "Feature", "properties": { "nombre": "Camino sin nombre", "longitud_km": 2.34 }, "geometry": { "type": "LineString", "coordinates": [ [ -65.0707, -36.9304 ], [ -65.0702, -36.9093 ] ] } },
{ "type": "Feature", "properties": { "nombre": "Camino sin nombre", "longitud_km": 2.34 }, "geometry": { "type": "LineString", "coordinates": [ [ -64.7341, -36.936 ], [ -64.7336, -36.9149 ] ] } },
{ "type": "Feature", "properties": { "nombre": "Camino sin nombre", "longitud_km": 6.72 }, "geometry": { "type": "LineString", "coordinates": [ [ -65.1831, -36.9287 ], [ -65.1823, -36.8961 ], [ -65.1648, -36.8963 ], [ -65.1649, -36.8851 ], [ -65.1682, -36.8851 ] ] } },
{ "type": "Feature", "properties": { "nombre": "Camino sin nombre", "longitud_km": 5.0 }, "geometry": { "type": "LineString", "coordinates": [ [ -64.6217, -36.9372 ], [ -64.6778, -36.9369 ] ] } },
{ "type": "Feature", "properties": { "nombre": "Camino sin nombre", "longitud_km": 2.45 }, "geometry": { "type": "LineString", "coordinates": [ [ -64.6778, -36.9369 ], [ -64.6773, -36.9148 ] ] } },
{ "type": "Feature", "properties": { "nombre": "Camino sin nombre", "longitud_km": 2.49 }, "geometry": { "type": "LineString", "coordinates": [ [ -64.7058, -36.9366 ], [ -64.6778, -36.9369 ] ] } },
{ "type": "Feature", "properties": { "nombre": "Camino sin nombre", "longitud_km": 1.08 }, "geometry": { "type": "LineString", "coordinates": [ [ -63.4873, -36.9434 ], [ -63.4979, -36.9482 ] ] } },
{ "type": "Feature", "properties": { "nombre": "Camino sin nombre", "longitud_km": 1.24 }, "geometry": { "type": "LineString", "coordinates": [ [ -63.4979, -36.937 ], [ -63.4979, -36.9482 ] ] } },
{ "type": "Feature", "properties": { "nombre": "Camino sin nombre", "longitud_km": 5.01 }, "geometry": { "type": "LineString", "coordinates": [ [ -64.7341, -36.936 ], [ -64.7903, -36.9358 ] ] } },
{ "type": "Feature", "properties": { "nombre": "Camino sin nombre", "longitud_km": 10.73 }, "geometry": { "type": "LineString", "coordinates": [ [ -65.9596, -36.9085 ], [ -65.9115, -36.913 ], [ -65.9098, -36.9012 ], [ -65.8966, -36.8949 ], [ -65.872, -36.8927 ], [ -65.8589, -36.884 ] ] } },
{ "type": "Feature", "properties": { "nombre": "Camino sin nombre", "longitud_km": 5.0 }, "geometry": { "type": "LineString", "coordinates": [ [ -64.7903, -36.9358 ], [ -64.8464, -36.935 ] ] } },
{ "type": "Feature", "properties": { "nombre": "Camino sin nombre", "longitud_km": 1.66 }, "geometry": { "type": "LineString", "coordinates": [ [ -64.8464, -36.935 ], [ -64.865, -36.9347 ] ] } },
{ "type": "Feature", "properties": { "nombre": "Camino sin nombre", "longitud_km": 4.77 }, "geometry": { "type": "LineString", "coordinates": [ [ -65.1242, -36.9305 ], [ -65.0707, -36.9304 ] ] } },
{ "type": "Feature", "properties": { "nombre": "Camino sin nombre", "longitud_km": 2.47 }, "geometry": { "type": "LineString", "coordinates": [ [ -65.1242, -36.9305 ], [ -65.124, -36.9082 ] ] } },
{ "type": "Feature", "properties": { "nombre": "Camino sin nombre", "longitud_km": 13.33 }, "geometry": { "type": "LineString", "coordinates": [ [ -64.865, -36.9347 ], [ -64.9585, -36.9334 ], [ -64.9578, -36.8884 ] ] } },
{ "type": "Feature", "properties": { "nombre": "Camino sin nombre", "longitud_km": 6.23 }, "geometry": { "type": "LineString", "coordinates": [ [ -65.4082, -36.9258 ], [ -65.3925, -36.92 ], [ -65.383, -36.9052 ], [ -65.3511, -36.905 ] ] } },
{ "type": "Feature", "properties": { "nombre": "Camino sin nombre", "longitud_km": 2.17 }, "geometry": { "type": "LineString", "coordinates": [ [ -65.4082, -36.9258 ], [ -65.4074, -36.9063 ] ] } },
{ "type": "Feature", "properties": { "nombre": "Camino sin nombre", "longitud_km": 0.85 }, "geometry": { "type": "LineString", "coordinates": [ [ -63.4979, -36.9482 ], [ -63.5074, -36.9492 ] ] } },
{ "type": "Feature", "properties": { "nombre": "Camino sin nombre", "longitud_km": 0.17 }, "geometry": { "type": "LineString", "coordinates": [ [ -65.1832, -36.9302 ], [ -65.1831, -36.9287 ] ] } },
{ "type": "Feature", "properties": { "nombre": "Camino sin nombre", "longitud_km": 2.4 }, "geometry": { "type": "LineString", "coordinates": [ [ -65.2101, -36.9309 ], [ -65.1832, -36.9302 ] ] } },
{ "type": "Feature", "properties": { "nombre": "Camino sin nombre", "longitud_km": 5.15 }, "geometry": { "type": "LineString", "coordinates": [ [ -65.2101, -36.9309 ], [ -65.2112, -36.8845 ] ] } },
{ "type": "Feature", "properties": { "nombre": "Camino sin nombre", "longitud_km": 0.1 }, "geometry": { "type": "LineString", "coordinates": [ [ -65.2112, -36.9309 ], [ -65.2101, -36.9309 ] ] } },
{ "type": "Feature", "properties": { "nombre": "Camino sin nombre", "longitud_km": 2.23 }, "geometry": { "type": "LineString", "coordinates": [ [ -65.27, -36.9309 ], [ -65.2674, -36.9109 ] ] } },
{ "type": "Feature", "properties": { "nombre": "Camino sin nombre", "longitud_km": 2.66 }, "geometry": { "type": "LineString", "coordinates": [ [ -65.2953, -36.9181 ], [ -65.27, -36.9309 ] ] } },
{ "type": "Feature", "properties": { "nombre": "Camino sin nombre", "longitud_km": 2.56 }, "geometry": { "type": "LineString", "coordinates": [ [ -65.24, -36.9315 ], [ -65.2112, -36.9309 ] ] } },
{ "type": "Feature", "properties": { "nombre": "Camino sin nombre", "longitud_km": 0.49 }, "geometry": { "type": "LineString", "coordinates": [ [ -64.5303, -36.9428 ], [ -64.5303, -36.9384 ] ] } },
{ "type": "Feature", "properties": { "nombre": "Camino sin nombre", "longitud_km": 2.73 }, "geometry": { "type": "LineString", "coordinates": [ [ -64.5, -36.9464 ], [ -64.5303, -36.9428 ] ] } },
{ "type": "Feature", "properties": { "nombre": "Camino sin nombre", "longitud_km": 6.01 }, "geometry": { "type": "LineString", "coordinates": [ [ -65.1831, -36.9287 ], [ -65.1454, -36.9299 ], [ -65.1433, -36.9369 ], [ -65.1242, -36.9305 ] ] } },
{ "type": "Feature", "properties": { "nombre": "Camino sin nombre", "longitud_km": 1.79 }, "geometry": { "type": "LineString", "coordinates": [ [ -64.7945, -36.9515 ], [ -64.7903, -36.9358 ] ] } },
{ "type": "Feature", "properties": { "nombre": "Camino sin nombre", "longitud_km": 1.14 }, "geometry": { "type": "LineString", "coordinates": [ [ -65.0708, -36.9407 ], [ -65.0707, -36.9304 ] ] } },
{ "type": "Feature", "properties": { "nombre": "Camino sin nombre", "longitud_km": 2.7 }, "geometry": { "type": "LineString", "coordinates": [ [ -65.6336, -36.9312 ], [ -65.6324, -36.9068 ] ] } },
{ "type": "Feature", "properties": { "nombre": "Camino sin nombre", "longitud_km": 4.19 }, "geometry": { "type": "LineString", "coordinates": [ [ -65.6739, -36.9134 ], [ -65.6419, -36.931 ], [ -65.6336, -36.9312 ] ] } },
{ "type": "Feature", "properties": { "nombre": "Camino sin nombre", "longitud_km": 2.72 }, "geometry": { "type": "LineString", "coordinates": [ [ -65.2959, -36.944 ], [ -65.27, -36.9309 ] ] } },
{ "type": "Feature", "properties": { "nombre": "Camino sin nombre", "longitud_km": 2.36 }, "geometry": { "type": "LineString", "coordinates": [ [ -64.7346, -36.9573 ], [ -64.7341, -36.936 ] ] } },
{ "type": "Feature", "properties": { "nombre": "Camino sin nombre", "longitud_km": 5.69 }, "geometry": { "type": "LineString", "coordinates": [ [ -64.7945, -36.9515 ], [ -64.7902, -36.9572 ], [ -64.7346, -36.9573 ] ] } },
{ "type": "Feature", "properties": { "nombre": "Camino sin nombre", "longitud_km": 2.15 }, "geometry": { "type": "LineString", "coordinates": [ [ -65.2124, -36.9503 ], [ -65.2112, -36.9309 ] ] } },
{ "type": "Feature", "properties": { "nombre": "Camino sin nombre", "longitud_km": 9.63 }, "geometry": { "type": "LineString", "coordinates": [ [ -64.5303, -36.9428 ], [ -64.5656, -36.9503 ], [ -64.566, -36.9592 ], [ -64.5968, -36.9614 ], [ -64.594, -36.9376 ] ] } },
{ "type": "Feature", "properties": { "nombre": "Camino sin nombre", "longitud_km": 11.14 }, "geometry": { "type": "LineString", "coordinates": [ [ -66.399, -36.832 ], [ -66.4021, -36.842 ], [ -66.3935, -36.875 ], [ -66.4292, -36.9234 ] ] } },
{ "type": "Feature", "properties": { "nombre": "Camino sin nombre", "longitud_km": 4.17 }, "geometry": { "type": "LineString", "coordinates": [ [ -66.8618, -36.8779 ], [ -66.8491, -36.8975 ], [ -66.8568, -36.9118 ] ] } },
{ "type": "Feature", "properties": { "nombre": "Camino sin nombre", "longitud_km": 12.2 }, "geometry": { "type": "LineString", "coordinates": [ [ -66.8618, -36.8779 ], [ -66.8028, -36.8851 ], [ -66.737, -36.9175 ] ] } },
{ "type": "Feature", "properties": { "nombre": "Camino sin nombre", "longitud_km": 0.29 }, "geometry": { "type": "LineString", "coordinates": [ [ -67.0547, -36.9101 ], [ -67.0525, -36.912 ] ] } },
{ "type": "Feature", "properties": { "nombre": "Camino sin nombre", "longitud_km": 1.24 }, "geometry": { "type": "LineString", "coordinates": [ [ -64.8469, -36.9664 ], [ -64.833, -36.9668 ] ] } },
{ "type": "Feature", "properties": { "nombre": "Camino sin nombre", "longitud_km": 27.11 }, "geometry": { "type": "LineString", "coordinates": [ [ -67.6835, -36.8325 ], [ -67.6893, -36.8489 ], [ -67.6908, -36.887 ], [ -67.6853, -36.8948 ], [ -67.6905, -36.9543 ], [ -67.6843, -37.0 ], [ -67.6938, -37.0174 ], [ -67.6953, -37.0731 ] ] } },
{ "type": "Feature", "properties": { "nombre": "Camino sin nombre", "longitud_km": 4.3 }, "geometry": { "type": "LineString", "coordinates": [ [ -64.865, -36.9347 ], [ -64.8653, -36.9508 ], [ -64.855, -36.9542 ], [ -64.8469, -36.9664 ] ] } },
{ "type": "Feature", "properties": { "nombre": "Camino sin nombre", "longitud_km": 4.15 }, "geometry": { "type": "LineString", "coordinates": [ [ -64.833, -36.9668 ], [ -64.8095, -36.9654 ], [ -64.7945, -36.9515 ] ] } },
{ "type": "Feature", "properties": { "nombre": "Camino sin nombre", "longitud_km": 0.26 }, "geometry": { "type": "LineString", "coordinates": [ [ -63.3855, -36.9908 ], [ -63.3855, -36.9885 ] ] } },
{ "type": "Feature", "properties": { "nombre": "Camino sin nombre", "longitud_km": 11.7 }, "geometry": { "type": "LineString", "coordinates": [ [ -65.7751, -36.9563 ], [ -65.7185, -36.954 ], [ -65.7182, -36.94 ], [ -65.6798, -36.9128 ], [ -65.6739, -36.9134 ] ] } },
{ "type": "Feature", "properties": { "nombre": "Camino sin nombre", "longitud_km": 4.98 }, "geometry": { "type": "LineString", "coordinates": [ [ -63.3855, -36.9885 ], [ -63.3855, -36.9436 ] ] } },
{ "type": "Feature", "properties": { "nombre": "Camino sin nombre", "longitud_km": 4.46 }, "geometry": { "type": "LineString", "coordinates": [ [ -63.4979, -36.9482 ], [ -63.498, -36.9884 ] ] } },
{ "type": "Feature", "properties": { "nombre": "Camino sin nombre", "longitud_km": 10.01 }, "geometry": { "type": "LineString", "coordinates": [ [ -63.498, -36.9884 ], [ -63.3855, -36.9885 ] ] } },
{ "type": "Feature", "properties": { "nombre": "Camino sin nombre", "longitud_km": 4.72 }, "geometry": { "type": "LineString", "coordinates": [ [ -63.5511, -36.9884 ], [ -63.498, -36.9884 ] ] } },
{ "type": "Feature", "properties": { "nombre": "Camino sin nombre", "longitud_km": 7.71 }, "geometry": { "type": "LineString", "coordinates": [ [ -63.5534, -36.919 ], [ -63.5511, -36.9884 ] ] } },
{ "type": "Feature", "properties": { "nombre": "Camino sin nombre", "longitud_km": 0.26 }, "geometry": { "type": "LineString", "coordinates": [ [ -63.554, -36.9884 ], [ -63.5511, -36.9884 ] ] } },
{ "type": "Feature", "properties": { "nombre": "Camino sin nombre", "longitud_km": 0.13 }, "geometry": { "type": "LineString", "coordinates": [ [ -65.7996, -36.9562 ], [ -65.8001, -36.9574 ] ] } },
{ "type": "Feature", "properties": { "nombre": "Camino sin nombre", "longitud_km": 2.66 }, "geometry": { "type": "LineString", "coordinates": [ [ -64.9595, -36.9784 ], [ -64.9894, -36.9778 ] ] } },
{ "type": "Feature", "properties": { "nombre": "Camino sin nombre", "longitud_km": 5.52 }, "geometry": { "type": "LineString", "coordinates": [ [ -63.7332, -36.9882 ], [ -63.7222, -36.9821 ], [ -63.7223, -36.9431 ] ] } },
{ "type": "Feature", "properties": { "nombre": "Camino sin nombre", "longitud_km": 8.73 }, "geometry": { "type": "LineString", "coordinates": [ [ -66.2766, -36.9548 ], [ -66.2674, -36.9583 ], [ -66.2385, -36.9474 ], [ -66.1833, -36.9408 ] ] } },
{ "type": "Feature", "properties": { "nombre": "Camino sin nombre", "longitud_km": 10.02 }, "geometry": { "type": "LineString", "coordinates": [ [ -63.6665, -36.9887 ], [ -63.554, -36.9884 ] ] } },
{ "type": "Feature", "properties": { "nombre": "Camino sin nombre", "longitud_km": 11.26 }, "geometry": { "type": "LineString", "coordinates": [ [ -66.1321, -36.8599 ], [ -66.1406, -36.8661 ], [ -66.1452, -36.8946 ], [ -66.1707, -36.9195 ], [ -66.1727, -36.9407 ], [ -66.1809, -36.9481 ] ] } },
{ "type": "Feature", "properties": { "nombre": "Camino sin nombre", "longitud_km": 0.83 }, "geometry": { "type": "LineString", "coordinates": [ [ -66.1809, -36.9481 ], [ -66.1833, -36.9408 ] ] } },
{ "type": "Feature", "properties": { "nombre": "Camino sin nombre", "longitud_km": 4.02 }, "geometry": { "type": "LineString", "coordinates": [ [ -63.7783, -36.9882 ], [ -63.7332, -36.9882 ] ] } },
{ "type": "Feature", "properties": { "nombre": "Camino sin nombre", "longitud_km": 5.01 }, "geometry": { "type": "LineString", "coordinates": [ [ -63.8902, -36.9425 ], [ -63.8907, -36.9876 ] ] } },
{ "type": "Feature", "properties": { "nombre": "Camino sin nombre", "longitud_km": 5.0 }, "geometry": { "type": "LineString", "coordinates": [ [ -63.8345, -36.9879 ], [ -63.7783, -36.9882 ] ] } },
{ "type": "Feature", "properties": { "nombre": "Camino sin nombre", "longitud_km": 5.02 }, "geometry": { "type": "LineString", "coordinates": [ [ -63.9472, -36.9877 ], [ -63.8907, -36.9876 ] ] } },
{ "type": "Feature", "properties": { "nombre": "Camino sin nombre", "longitud_km": 3.08 }, "geometry": { "type": "LineString", "coordinates": [ [ -63.9817, -36.9876 ], [ -63.9472, -36.9877 ] ] } },
{ "type": "Feature", "properties": { "nombre": "Camino sin nombre", "longitud_km": 20.06 }, "geometry": { "type": "LineString", "coordinates": [ [ -64.0584, -36.8065 ], [ -64.0596, -36.9872 ] ] } },
{ "type": "Feature", "properties": { "nombre": "Camino sin nombre", "longitud_km": 6.93 }, "geometry": { "type": "LineString", "coordinates": [ [ -64.0596, -36.9872 ], [ -63.9817, -36.9876 ] ] } },
{ "type": "Feature", "properties": { "nombre": "Camino sin nombre", "longitud_km": 10.0 }, "geometry": { "type": "LineString", "coordinates": [ [ -64.2841, -36.9853 ], [ -64.1719, -36.9865 ] ] } },
{ "type": "Feature", "properties": { "nombre": "Camino sin nombre", "longitud_km": 9.08 }, "geometry": { "type": "LineString", "coordinates": [ [ -64.6778, -36.9369 ], [ -64.6784, -36.963 ], [ -64.6948, -36.9631 ], [ -64.7098, -36.974 ], [ -64.7169, -36.9685 ], [ -64.7351, -36.9796 ] ] } },
{ "type": "Feature", "properties": { "nombre": "Camino sin nombre", "longitud_km": 2.47 }, "geometry": { "type": "LineString", "coordinates": [ [ -64.7351, -36.9796 ], [ -64.7346, -36.9573 ] ] } },
{ "type": "Feature", "properties": { "nombre": "Camino sin nombre", "longitud_km": 10.0 }, "geometry": { "type": "LineString", "coordinates": [ [ -64.1719, -36.9865 ], [ -64.0596, -36.9872 ] ] } },
{ "type": "Feature", "properties": { "nombre": "Camino sin nombre", "longitud_km": 4.98 }, "geometry": { "type": "LineString", "coordinates": [ [ -63.7223, -36.9902 ], [ -63.6665, -36.9887 ] ] } },
{ "type": "Feature", "properties": { "nombre": "Camino sin nombre", "longitud_km": 1.15 }, "geometry": { "type": "LineString", "coordinates": [ [ -64.5, -36.9843 ], [ -64.5129, -36.9843 ] ] } },
{ "type": "Feature", "properties": { "nombre": "Camino sin nombre", "longitud_km": 4.66 }, "geometry": { "type": "LineString", "coordinates": [ [ -64.5318, -36.9842 ], [ -64.5355, -36.9677 ], [ -64.5303, -36.9428 ] ] } },
{ "type": "Feature", "properties": { "nombre": "Camino sin nombre", "longitud_km": 1.49 }, "geometry": { "type": "LineString", "coordinates": [ [ -64.5318, -36.9842 ], [ -64.5485, -36.984 ] ] } },
{ "type": "Feature", "properties": { "nombre": "Camino sin nombre", "longitud_km": 1.68 }, "geometry": { "type": "LineString", "coordinates": [ [ -64.5129, -36.9843 ], [ -64.5318, -36.9842 ] ] } },
{ "type": "Feature", "properties": { "nombre": "Camino sin nombre", "longitud_km": 16.62 }, "geometry": { "type": "LineString", "coordinates": [ [ -64.5485, -36.984 ], [ -64.7352, -36.9815 ] ] } },
{ "type": "Feature", "properties": { "nombre": "Camino sin nombre", "longitud_km": 0.21 }, "geometry": { "type": "LineString", "coordinates": [ [ -64.7352, -36.9815 ], [ -64.7351, -36.9796 ] ] } },
{ "type": "Feature", "properties": { "nombre": "Camino sin nombre", "longitud_km": 1.09 }, "geometry": { "type": "LineString", "coordinates": [ [ -64.8189, -36.9802 ], [ -64.8311, -36.9801 ] ] } },
{ "type": "Feature", "properties": { "nombre": "Camino sin nombre", "longitud_km": 1.48 }, "geometry": { "type": "LineString", "coordinates": [ [ -64.833, -36.9668 ], [ -64.8311, -36.9801 ] ] } },
{ "type": "Feature", "properties": { "nombre": "Camino sin nombre", "longitud_km": 1.25 }, "geometry": { "type": "LineString", "coordinates": [ [ -63.7332, -36.9882 ], [ -63.7308, -36.992 ], [ -63.7223, -36.9902 ] ] } },
{ "type": "Feature", "properties": { "nombre": "Camino sin nombre", "longitud_km": 1.36 }, "geometry": { "type": "LineString", "coordinates": [ [ -64.7352, -36.9815 ], [ -64.7504, -36.9814 ] ] } },
{ "type": "Feature", "properties": { "nombre": "Camino sin nombre", "longitud_km": 6.09 }, "geometry": { "type": "LineString", "coordinates": [ [ -64.7504, -36.9814 ], [ -64.8189, -36.9802 ] ] } },
{ "type": "Feature", "properties": { "nombre": "Camino sin nombre", "longitud_km": 1.45 }, "geometry": { "type": "LineString", "coordinates": [ [ -64.8311, -36.9801 ], [ -64.8473, -36.9801 ] ] } },
{ "type": "Feature", "properties": { "nombre": "Camino sin nombre", "longitud_km": 2.38 }, "geometry": { "type": "LineString", "coordinates": [ [ -64.9894, -36.9778 ], [ -65.0161, -36.9774 ] ] } },
{ "type": "Feature", "properties": { "nombre": "Camino sin nombre", "longitud_km": 6.4 }, "geometry": { "type": "LineString", "coordinates": [ [ -65.0708, -36.9407 ], [ -65.0543, -36.9407 ], [ -65.0546, -36.9482 ], [ -65.0433, -36.9492 ], [ -65.0434, -36.977 ] ] } },
{ "type": "Feature", "properties": { "nombre": "Camino sin nombre", "longitud_km": 21.57 }, "geometry": { "type": "LineString", "coordinates": [ [ -64.9291, -36.9789 ], [ -64.9306, -36.9594 ], [ -64.9593, -36.9667 ], [ -64.9589, -36.9471 ], [ -64.9728, -36.9501 ], [ -64.9924, -36.9429 ], [ -64.9975, -36.9328 ], [ -65.0309, -36.932 ], [ -65.0297, -36.9012 ], [ -65.0702, -36.9093 ] ] } },
{ "type": "Feature", "properties": { "nombre": "Camino sin nombre", "longitud_km": 2.71 }, "geometry": { "type": "LineString", "coordinates": [ [ -64.9291, -36.9789 ], [ -64.9595, -36.9784 ] ] } },
{ "type": "Feature", "properties": { "nombre": "Camino sin nombre", "longitud_km": 1.97 }, "geometry": { "type": "LineString", "coordinates": [ [ -64.9069, -36.9793 ], [ -64.9291, -36.9789 ] ] } },
{ "type": "Feature", "properties": { "nombre": "Camino sin nombre", "longitud_km": 2.31 }, "geometry": { "type": "LineString", "coordinates": [ [ -64.8809, -36.9797 ], [ -64.9069, -36.9793 ] ] } },
{ "type": "Feature", "properties": { "nombre": "Camino sin nombre", "longitud_km": 1.09 }, "geometry": { "type": "LineString", "coordinates": [ [ -64.8473, -36.9801 ], [ -64.8596, -36.9801 ] ] } },
{ "type": "Feature", "properties": { "nombre": "Camino sin nombre", "longitud_km": 1.91 }, "geometry": { "type": "LineString", "coordinates": [ [ -64.8596, -36.9801 ], [ -64.8809, -36.9797 ] ] } },
{ "type": "Feature", "properties": { "nombre": "Camino sin nombre", "longitud_km": 0.5 }, "geometry": { "type": "LineString", "coordinates": [ [ -65.0379, -36.9772 ], [ -65.0434, -36.977 ] ] } },
{ "type": "Feature", "properties": { "nombre": "Camino sin nombre", "longitud_km": 2.54 }, "geometry": { "type": "LineString", "coordinates": [ [ -65.0434, -36.977 ], [ -65.072, -36.9768 ] ] } },
{ "type": "Feature", "properties": { "nombre": "Camino sin nombre", "longitud_km": 4.01 }, "geometry": { "type": "LineString", "coordinates": [ [ -65.072, -36.9768 ], [ -65.0708, -36.9407 ] ] } },
{ "type": "Feature", "properties": { "nombre": "Camino sin nombre", "longitud_km": 4.94 }, "geometry": { "type": "LineString", "coordinates": [ [ -65.1844, -36.9748 ], [ -65.1832, -36.9302 ] ] } },
{ "type": "Feature", "properties": { "nombre": "Camino sin nombre", "longitud_km": 1.94 }, "geometry": { "type": "LineString", "coordinates": [ [ -65.0161, -36.9774 ], [ -65.0379, -36.9772 ] ] } },
{ "type": "Feature", "properties": { "nombre": "Camino sin nombre", "longitud_km": 5.11 }, "geometry": { "type": "LineString", "coordinates": [ [ -65.4093, -36.9718 ], [ -65.4082, -36.9258 ] ] } },
{ "type": "Feature", "properties": { "nombre": "Camino sin nombre", "longitud_km": 11.03 }, "geometry": { "type": "LineString", "coordinates": [ [ -66.2875, -36.854 ], [ -66.2857, -36.9114 ], [ -66.2914, -36.9402 ], [ -66.3007, -36.9505 ] ] } },
{ "type": "Feature", "properties": { "nombre": "Camino sin nombre", "longitud_km": 3.35 }, "geometry": { "type": "LineString", "coordinates": [ [ -65.4469, -36.9713 ], [ -65.4093, -36.9718 ] ] } },
{ "type": "Feature", "properties": { "nombre": "Camino sin nombre", "longitud_km": 4.5 }, "geometry": { "type": "LineString", "coordinates": [ [ -65.4093, -36.9718 ], [ -65.4347, -36.9585 ], [ -65.4469, -36.9713 ] ] } },
{ "type": "Feature", "properties": { "nombre": "Camino sin nombre", "longitud_km": 13.63 }, "geometry": { "type": "LineString", "coordinates": [ [ -65.3511, -36.905 ], [ -65.3535, -36.9732 ], [ -65.2959, -36.944 ] ] } },
{ "type": "Feature", "properties": { "nombre": "Camino sin nombre", "longitud_km": 1.65 }, "geometry": { "type": "LineString", "coordinates": [ [ -65.4655, -36.9709 ], [ -65.4469, -36.9713 ] ] } },
{ "type": "Feature", "properties": { "nombre": "Camino sin nombre", "longitud_km": 19.73 }, "geometry": { "type": "LineString", "coordinates": [ [ -65.4655, -36.9709 ], [ -65.4655, -36.9643 ], [ -65.4906, -36.9611 ], [ -65.5021, -36.8951 ], [ -65.4936, -36.8805 ], [ -65.4857, -36.8804 ], [ -65.4856, -36.8574 ], [ -65.4902, -36.8467 ], [ -65.4761, -36.8447 ], [ -65.461, -36.8345 ] ] } },
{ "type": "Feature", "properties": { "nombre": "Camino sin nombre", "longitud_km": 4.83 }, "geometry": { "type": "LineString", "coordinates": [ [ -65.5197, -36.9698 ], [ -65.4655, -36.9709 ] ] } },
{ "type": "Feature", "properties": { "nombre": "Camino sin nombre", "longitud_km": 0.17 }, "geometry": { "type": "LineString", "coordinates": [ [ -65.5197, -36.9698 ], [ -65.5217, -36.9698 ] ] } },
{ "type": "Feature", "properties": { "nombre": "Camino sin nombre", "longitud_km": 15.03 }, "geometry": { "type": "LineString", "coordinates": [ [ -65.5217, -36.9698 ], [ -65.5174, -36.8344 ] ] } },
{ "type": "Feature", "properties": { "nombre": "Camino sin nombre", "longitud_km": 4.96 }, "geometry": { "type": "LineString", "coordinates": [ [ -64.7653, -37.0259 ], [ -64.764, -37.0039 ], [ -64.7358, -37.004 ] ] } },
{ "type": "Feature", "properties": { "nombre": "Camino sin nombre", "longitud_km": 3.7 }, "geometry": { "type": "LineString", "coordinates": [ [ -63.3855, -37.0241 ], [ -63.3855, -36.9908 ] ] } },
{ "type": "Feature", "properties": { "nombre": "Camino sin nombre", "longitud_km": 15.01 }, "geometry": { "type": "LineString", "coordinates": [ [ -65.6317, -36.8781 ], [ -65.6176, -36.8782 ], [ -65.5912, -36.9001 ], [ -65.5738, -36.9396 ], [ -65.5217, -36.9698 ] ] } },
{ "type": "Feature", "properties": { "nombre": "Camino sin nombre", "longitud_km": 21.8 }, "geometry": { "type": "LineString", "coordinates": [ [ -65.9596, -36.9085 ], [ -65.9325, -36.9352 ], [ -65.9652, -36.938 ], [ -65.9642, -36.9605 ], [ -65.9402, -36.9602 ], [ -65.9268, -36.969 ], [ -65.9125, -36.9689 ], [ -65.9088, -36.9775 ], [ -65.875, -36.9769 ], [ -65.864, -36.9699 ], [ -65.838, -36.9681 ] ] } },
{ "type": "Feature", "properties": { "nombre": "Camino sin nombre", "longitud_km": 0.75 }, "geometry": { "type": "LineString", "coordinates": [ [ -66.3007, -36.9505 ], [ -66.3088, -36.9526 ] ] } },
{ "type": "Feature", "properties": { "nombre": "Camino sin nombre", "longitud_km": 2.04 }, "geometry": { "type": "LineString", "coordinates": [ [ -65.9991, -36.9613 ], [ -66.0, -36.943 ] ] } },
{ "type": "Feature", "properties": { "nombre": "Camino sin nombre", "longitud_km": 0.08 }, "geometry": { "type": "LineString", "coordinates": [ [ -66.0, -36.9613 ], [ -65.9991, -36.9613 ] ] } },
{ "type": "Feature", "properties": { "nombre": "Camino sin nombre", "longitud_km": 3.15 }, "geometry": { "type": "LineString", "coordinates": [ [ -68.0178, -36.8932 ], [ -68.0097, -36.8656 ] ] } },
{ "type": "Feature", "properties": { "nombre": "Camino sin nombre", "longitud_km": 7.38 }, "geometry": { "type": "LineString", "coordinates": [ [ -66.2466, -36.8979 ], [ -66.2532, -36.9 ], [ -66.2616, -36.914 ], [ -66.2692, -36.9378 ], [ -66.2661, -36.946 ], [ -66.2766, -36.9548 ] ] } },
{ "type": "Feature", "properties": { "nombre": "Camino sin nombre", "longitud_km": 2.32 }, "geometry": { "type": "LineString", "coordinates": [ [ -66.3007, -36.9505 ], [ -66.2832, -36.9505 ], [ -66.2766, -36.9548 ] ] } },
{ "type": "Feature", "properties": { "nombre": "Camino sin nombre", "longitud_km": 3.57 }, "geometry": { "type": "LineString", "coordinates": [ [ -65.838, -36.9681 ], [ -65.8001, -36.9574 ] ] } },
{ "type": "Feature", "properties": { "nombre": "Camino sin nombre", "longitud_km": 5.05 }, "geometry": { "type": "LineString", "coordinates": [ [ -63.498, -36.9884 ], [ -63.4982, -37.0338 ] ] } },
{ "type": "Feature", "properties": { "nombre": "Camino sin nombre", "longitud_km": 5.02 }, "geometry": { "type": "LineString", "coordinates": [ [ -63.5544, -37.0337 ], [ -63.554, -36.9884 ] ] } },
{ "type": "Feature", "properties": { "nombre": "Camino sin nombre", "longitud_km": 7.71 }, "geometry": { "type": "LineString", "coordinates": [ [ -65.838, -36.9681 ], [ -65.8458, -36.9583 ], [ -65.8434, -36.9521 ], [ -65.8314, -36.9496 ], [ -65.8323, -36.9082 ] ] } },
{ "type": "Feature", "properties": { "nombre": "Camino sin nombre", "longitud_km": 2.27 }, "geometry": { "type": "LineString", "coordinates": [ [ -63.7223, -36.9902 ], [ -63.7226, -37.0107 ] ] } },
{ "type": "Feature", "properties": { "nombre": "Camino sin nombre", "longitud_km": 2.51 }, "geometry": { "type": "LineString", "coordinates": [ [ -63.7787, -37.0108 ], [ -63.7783, -36.9882 ] ] } },
{ "type": "Feature", "properties": { "nombre": "Camino sin nombre", "longitud_km": 2.53 }, "geometry": { "type": "LineString", "coordinates": [ [ -63.8911, -37.0104 ], [ -63.8907, -36.9876 ] ] } },
{ "type": "Feature", "properties": { "nombre": "Camino sin nombre", "longitud_km": 2.48 }, "geometry": { "type": "LineString", "coordinates": [ [ -63.9472, -36.9877 ], [ -63.9475, -37.01 ] ] } },
{ "type": "Feature", "properties": { "nombre": "Camino sin nombre", "longitud_km": 2.84 }, "geometry": { "type": "LineString", "coordinates": [ [ -67.4723, -36.9166 ], [ -67.4409, -36.9208 ] ] } },
{ "type": "Feature", "properties": { "nombre": "Camino sin nombre", "longitud_km": 1.09 }, "geometry": { "type": "LineString", "coordinates": [ [ -64.7352, -36.9914 ], [ -64.7352, -36.9815 ] ] } },
{ "type": "Feature", "properties": { "nombre": "Camino sin nombre", "longitud_km": 2.77 }, "geometry": { "type": "LineString", "coordinates": [ [ -63.9817, -36.9876 ], [ -63.9819, -37.0126 ] ] } },
{ "type": "Feature", "properties": { "nombre": "Camino sin nombre", "longitud_km": 10.24 }, "geometry": { "type": "LineString", "coordinates": [ [ -67.0001, -36.8489 ], [ -66.9813, -36.8898 ], [ -66.9861, -36.9164 ], [ -66.9807, -36.9378 ] ] } },
{ "type": "Feature", "properties": { "nombre": "Camino sin nombre", "longitud_km": 2.5 }, "geometry": { "type": "LineString", "coordinates": [ [ -64.7352, -36.9914 ], [ -64.7508, -36.9914 ], [ -64.7504, -36.9814 ] ] } },
{ "type": "Feature", "properties": { "nombre": "Camino sin nombre", "longitud_km": 5.0 }, "geometry": { "type": "LineString", "coordinates": [ [ -64.0601, -37.0323 ], [ -64.0596, -36.9872 ] ] } },
{ "type": "Feature", "properties": { "nombre": "Camino sin nombre", "longitud_km": 14.54 }, "geometry": { "type": "LineString", "coordinates": [ [ -66.9072, -36.8356 ], [ -66.9146, -36.8838 ], [ -66.9305, -36.9171 ], [ -66.9503, -36.9318 ], [ -66.9807, -36.9378 ] ] } },
{ "type": "Feature", "properties": { "nombre": "Camino sin nombre", "longitud_km": 16.72 }, "geometry": { "type": "LineString", "coordinates": [ [ -65.9991, -36.9613 ], [ -65.9993, -36.9674 ], [ -66.0234, -36.9783 ], [ -66.0351, -36.9787 ], [ -66.035, -37.0117 ], [ -66.0683, -37.0267 ], [ -66.0988, -37.0696 ] ] } },
{ "type": "Feature", "properties": { "nombre": "Camino sin nombre", "longitud_km": 4.43 }, "geometry": { "type": "LineString", "coordinates": [ [ -64.1721, -37.0264 ], [ -64.1719, -36.9865 ] ] } },
{ "type": "Feature", "properties": { "nombre": "Camino sin nombre", "longitud_km": 3.13 }, "geometry": { "type": "LineString", "coordinates": [ [ -66.3088, -36.9526 ], [ -66.3143, -36.9576 ], [ -66.341, -36.9604 ] ] } },
{ "type": "Feature", "properties": { "nombre": "Camino sin nombre", "longitud_km": 2.02 }, "geometry": { "type": "LineString", "coordinates": [ [ -64.5671, -37.0082 ], [ -64.5476, -36.9988 ] ] } },
{ "type": "Feature", "properties": { "nombre": "Camino sin nombre", "longitud_km": 9.14 }, "geometry": { "type": "LineString", "coordinates": [ [ -66.4292, -36.9234 ], [ -66.4179, -36.9299 ], [ -66.3886, -36.9329 ], [ -66.356, -36.9481 ], [ -66.341, -36.9604 ] ] } },
{ "type": "Feature", "properties": { "nombre": "Camino sin nombre", "longitud_km": 4.24 }, "geometry": { "type": "LineString", "coordinates": [ [ -66.1809, -36.9481 ], [ -66.2006, -36.9828 ] ] } },
{ "type": "Feature", "properties": { "nombre": "Camino sin nombre", "longitud_km": 7.7 }, "geometry": { "type": "LineString", "coordinates": [ [ -67.0525, -36.912 ], [ -67.0362, -36.9295 ], [ -67.0151, -36.9399 ], [ -66.9807, -36.9378 ] ] } },
{ "type": "Feature", "properties": { "nombre": "Camino sin nombre", "longitud_km": 0.96 }, "geometry": { "type": "LineString", "coordinates": [ [ -65.831, -36.9747 ], [ -65.838, -36.9681 ] ] } },
{ "type": "Feature", "properties": { "nombre": "Camino sin nombre", "longitud_km": 1.4 }, "geometry": { "type": "LineString", "coordinates": [ [ -64.7358, -37.004 ], [ -64.7352, -36.9914 ] ] } },
{ "type": "Feature", "properties": { "nombre": "Camino sin nombre", "longitud_km": 2.02 }, "geometry": { "type": "LineString", "coordinates": [ [ -65.0527, -36.9911 ], [ -65.0379, -36.9772 ] ] } },
{ "type": "Feature", "properties": { "nombre": "Camino sin nombre", "longitud_km": 3.48 }, "geometry": { "type": "LineString", "coordinates": [ [ -64.5476, -36.9988 ], [ -64.5129, -36.9843 ] ] } },
{ "type": "Feature", "properties": { "nombre": "Camino sin nombre", "longitud_km": 1.64 }, "geometry": { "type": "LineString", "coordinates": [ [ -64.5476, -36.9988 ], [ -64.5485, -36.984 ] ] } },
{ "type": "Feature", "properties": { "nombre": "Camino sin nombre", "longitud_km": 1.58 }, "geometry": { "type": "LineString", "coordinates": [ [ -65.0723, -36.991 ], [ -65.072, -36.9768 ] ] } },
{ "type": "Feature", "properties": { "nombre": "Camino sin nombre", "longitud_km": 7.44 }, "geometry": { "type": "LineString", "coordinates": [ [ -64.5101, -37.0168 ], [ -64.5101, -37.0054 ], [ -64.4455, -36.985 ] ] } },
{ "type": "Feature", "properties": { "nombre": "Camino sin nombre", "longitud_km": 1.79 }, "geometry": { "type": "LineString", "coordinates": [ [ -64.8809, -36.9958 ], [ -64.8809, -36.9797 ] ] } },
{ "type": "Feature", "properties": { "nombre": "Camino sin nombre", "longitud_km": 3.42 }, "geometry": { "type": "LineString", "coordinates": [ [ -64.8596, -36.9801 ], [ -64.8602, -36.9943 ], [ -64.8809, -36.9958 ] ] } },
{ "type": "Feature", "properties": { "nombre": "Camino sin nombre", "longitud_km": 3.98 }, "geometry": { "type": "LineString", "coordinates": [ [ -64.9069, -36.9793 ], [ -64.9068, -36.9943 ], [ -64.8809, -36.9958 ] ] } },
{ "type": "Feature", "properties": { "nombre": "Camino sin nombre", "longitud_km": 19.66 }, "geometry": { "type": "LineString", "coordinates": [ [ -67.052, -36.8581 ], [ -67.0716, -36.8752 ], [ -67.0852, -36.8961 ], [ -67.1332, -36.9237 ], [ -67.2355, -36.9356 ] ] } },
{ "type": "Feature", "properties": { "nombre": "Camino sin nombre", "longitud_km": 12.58 }, "geometry": { "type": "LineString", "coordinates": [ [ -67.3101, -36.8463 ], [ -67.2678, -36.9003 ], [ -67.24, -36.9122 ], [ -67.2411, -36.9232 ], [ -67.2355, -36.9356 ] ] } },
{ "type": "Feature", "properties": { "nombre": "Camino sin nombre", "longitud_km": 6.29 }, "geometry": { "type": "LineString", "coordinates": [ [ -64.7358, -37.004 ], [ -64.707, -37.0037 ], [ -64.7071, -36.9928 ], [ -64.7352, -36.9914 ] ] } },
{ "type": "Feature", "properties": { "nombre": "Camino sin nombre", "longitud_km": 4.99 }, "geometry": { "type": "LineString", "coordinates": [ [ -63.7226, -37.0107 ], [ -63.7787, -37.0108 ] ] } },
{ "type": "Feature", "properties": { "nombre": "Camino sin nombre", "longitud_km": 11.32 }, "geometry": { "type": "LineString", "coordinates": [ [ -66.3088, -36.9526 ], [ -66.3028, -36.9579 ], [ -66.3023, -36.9689 ], [ -66.2397, -36.9731 ], [ -66.2249, -36.9804 ], [ -66.2006, -36.9828 ] ] } },
{ "type": "Feature", "properties": { "nombre": "Camino sin nombre", "longitud_km": 5.0 }, "geometry": { "type": "LineString", "coordinates": [ [ -63.7787, -37.0108 ], [ -63.8349, -37.0106 ] ] } },
{ "type": "Feature", "properties": { "nombre": "Camino sin nombre", "longitud_km": 5.01 }, "geometry": { "type": "LineString", "coordinates": [ [ -63.8911, -37.0104 ], [ -63.8349, -37.0106 ] ] } },
{ "type": "Feature", "properties": { "nombre": "Camino sin nombre", "longitud_km": 5.02 }, "geometry": { "type": "LineString", "coordinates": [ [ -63.8911, -37.0104 ], [ -63.9475, -37.01 ] ] } },
{ "type": "Feature", "properties": { "nombre": "Camino sin nombre", "longitud_km": 5.06 }, "geometry": { "type": "LineString", "coordinates": [ [ -64.8208, -37.0258 ], [ -64.8189, -36.9802 ] ] } },
{ "type": "Feature", "properties": { "nombre": "Camino sin nombre", "longitud_km": 2.15 }, "geometry": { "type": "LineString", "coordinates": [ [ -64.9595, -36.9784 ], [ -64.9599, -36.9978 ] ] } },
{ "type": "Feature", "properties": { "nombre": "Camino sin nombre", "longitud_km": 5.07 }, "geometry": { "type": "LineString", "coordinates": [ [ -64.9353, -37.024 ], [ -64.9336, -36.9995 ], [ -64.9599, -36.9978 ] ] } },
{ "type": "Feature", "properties": { "nombre": "Camino sin nombre", "longitud_km": 2.89 }, "geometry": { "type": "LineString", "coordinates": [ [ -64.9599, -36.9978 ], [ -64.9606, -37.0238 ] ] } },
{ "type": "Feature", "properties": { "nombre": "Camino sin nombre", "longitud_km": 1.77 }, "geometry": { "type": "LineString", "coordinates": [ [ -66.341, -36.9604 ], [ -66.3578, -36.969 ] ] } },
{ "type": "Feature", "properties": { "nombre": "Camino sin nombre", "longitud_km": 5.06 }, "geometry": { "type": "LineString", "coordinates": [ [ -64.993, -37.0233 ], [ -64.9894, -36.9778 ] ] } },
{ "type": "Feature", "properties": { "nombre": "Camino sin nombre", "longitud_km": 5.12 }, "geometry": { "type": "LineString", "coordinates": [ [ -65.0166, -37.0235 ], [ -65.0161, -36.9774 ] ] } },
{ "type": "Feature", "properties": { "nombre": "Camino sin nombre", "longitud_km": 2.03 }, "geometry": { "type": "LineString", "coordinates": [ [ -65.073, -36.9993 ], [ -65.0527, -36.9911 ] ] } },
{ "type": "Feature", "properties": { "nombre": "Camino sin nombre", "longitud_km": 0.93 }, "geometry": { "type": "LineString", "coordinates": [ [ -65.073, -36.9993 ], [ -65.0723, -36.991 ] ] } },
{ "type": "Feature", "properties": { "nombre": "Camino sin nombre", "longitud_km": 8.66 }, "geometry": { "type": "LineString", "coordinates": [ [ -65.0735, -37.0446 ], [ -65.0451, -37.0448 ], [ -65.0446, -37.004 ], [ -65.0527, -36.9911 ] ] } },
{ "type": "Feature", "properties": { "nombre": "Camino sin nombre", "longitud_km": 5.03 }, "geometry": { "type": "LineString", "coordinates": [ [ -65.0735, -37.0446 ], [ -65.073, -36.9993 ] ] } },
{ "type": "Feature", "properties": { "nombre": "Camino sin nombre", "longitud_km": 6.77 }, "geometry": { "type": "LineString", "coordinates": [ [ -65.1378, -37.0208 ], [ -65.0846, -37.0005 ], [ -65.0723, -36.991 ] ] } },
{ "type": "Feature", "properties": { "nombre": "Camino sin nombre", "longitud_km": 10.25 }, "geometry": { "type": "LineString", "coordinates": [ [ -65.1378, -37.0208 ], [ -65.1287, -37.011 ], [ -65.128, -36.9761 ], [ -65.1844, -36.9748 ] ] } },
{ "type": "Feature", "properties": { "nombre": "Camino sin nombre", "longitud_km": 3.67 }, "geometry": { "type": "LineString", "coordinates": [ [ -65.8001, -36.9574 ], [ -65.8134, -36.9887 ] ] } },
{ "type": "Feature", "properties": { "nombre": "Camino sin nombre", "longitud_km": 2.22 }, "geometry": { "type": "LineString", "coordinates": [ [ -65.8134, -36.9887 ], [ -65.831, -36.9747 ] ] } },
{ "type": "Feature", "properties": { "nombre": "Camino sin nombre", "longitud_km": 4.0 }, "geometry": { "type": "LineString", "coordinates": [ [ -65.4104, -37.0078 ], [ -65.4093, -36.9718 ] ] } },
{ "type": "Feature", "properties": { "nombre": "Camino sin nombre", "longitud_km": 4.69 }, "geometry": { "type": "LineString", "coordinates": [ [ -65.4664, -37.0126 ], [ -65.4624, -36.9787 ], [ -65.4655, -36.9709 ] ] } },
{ "type": "Feature", "properties": { "nombre": "Camino sin nombre", "longitud_km": 6.4 }, "geometry": { "type": "LineString", "coordinates": [ [ -65.5684, -37.0106 ], [ -65.5676, -37.005 ], [ -65.5197, -36.9698 ] ] } },
{ "type": "Feature", "properties": { "nombre": "Camino sin nombre", "longitud_km": 8.98 }, "geometry": { "type": "LineString", "coordinates": [ [ -66.3578, -36.969 ], [ -66.4497, -36.9701 ], [ -66.4493, -36.9772 ] ] } },
{ "type": "Feature", "properties": { "nombre": "Camino sin nombre", "longitud_km": 8.02 }, "geometry": { "type": "LineString", "coordinates": [ [ -65.6407, -36.9987 ], [ -65.6348, -36.9986 ], [ -65.6336, -36.9312 ] ] } },
{ "type": "Feature", "properties": { "nombre": "Camino sin nombre", "longitud_km": 1.06 }, "geometry": { "type": "LineString", "coordinates": [ [ -65.6478, -36.9911 ], [ -65.6407, -36.9987 ] ] } },
{ "type": "Feature", "properties": { "nombre": "Camino sin nombre", "longitud_km": 11.39 }, "geometry": { "type": "LineString", "coordinates": [ [ -65.5217, -36.9698 ], [ -65.5777, -36.9688 ], [ -65.5784, -36.9912 ], [ -65.584, -36.9912 ], [ -65.5907, -36.999 ], [ -65.5684, -37.0106 ] ] } },
{ "type": "Feature", "properties": { "nombre": "Camino sin nombre", "longitud_km": 7.39 }, "geometry": { "type": "LineString", "coordinates": [ [ -65.691, -36.9959 ], [ -65.6698, -36.9953 ], [ -65.6487, -37.0169 ], [ -65.6369, -37.005 ], [ -65.6407, -36.9987 ] ] } },
{ "type": "Feature", "properties": { "nombre": "Camino sin nombre", "longitud_km": 5.0 }, "geometry": { "type": "LineString", "coordinates": [ [ -63.8352, -37.0331 ], [ -63.8914, -37.0328 ] ] } },
{ "type": "Feature", "properties": { "nombre": "Camino sin nombre", "longitud_km": 10.76 }, "geometry": { "type": "LineString", "coordinates": [ [ -66.7354, -36.9196 ], [ -66.7088, -36.9312 ], [ -66.6814, -36.9614 ], [ -66.7157, -36.9835 ] ] } },
{ "type": "Feature", "properties": { "nombre": "Camino sin nombre", "longitud_km": 11.54 }, "geometry": { "type": "LineString", "coordinates": [ [ -64.1721, -37.0264 ], [ -64.2282, -37.0265 ], [ -64.2282, -37.0131 ], [ -64.285, -37.0125 ] ] } },
{ "type": "Feature", "properties": { "nombre": "Camino sin nombre", "longitud_km": 2.54 }, "geometry": { "type": "LineString", "coordinates": [ [ -63.7226, -37.0107 ], [ -63.7227, -37.0335 ] ] } },
{ "type": "Feature", "properties": { "nombre": "Camino sin nombre", "longitud_km": 4.32 }, "geometry": { "type": "LineString", "coordinates": [ [ -65.7729, -37.0024 ], [ -65.8, -37.0022 ], [ -65.8134, -36.9887 ] ] } },
{ "type": "Feature", "properties": { "nombre": "Camino sin nombre", "longitud_km": 3.15 }, "geometry": { "type": "LineString", "coordinates": [ [ -65.8313, -37.0031 ], [ -65.831, -36.9747 ] ] } },
{ "type": "Feature", "properties": { "nombre": "Camino sin nombre", "longitud_km": 1.09 }, "geometry": { "type": "LineString", "coordinates": [ [ -63.3856, -37.034 ], [ -63.3855, -37.0241 ] ] } },
{ "type": "Feature", "properties": { "nombre": "Camino sin nombre", "longitud_km": 2.19 }, "geometry": { "type": "LineString", "coordinates": [ [ -63.4101, -37.0339 ], [ -63.3856, -37.034 ] ] } },
{ "type": "Feature", "properties": { "nombre": "Camino sin nombre", "longitud_km": 7.83 }, "geometry": { "type": "LineString", "coordinates": [ [ -63.4982, -37.0338 ], [ -63.4101, -37.0339 ] ] } },
{ "type": "Feature", "properties": { "nombre": "Camino sin nombre", "longitud_km": 5.0 }, "geometry": { "type": "LineString", "coordinates": [ [ -63.4982, -37.0338 ], [ -63.5544, -37.0337 ] ] } },
{ "type": "Feature", "properties": { "nombre": "Camino sin nombre", "longitud_km": 9.99 }, "geometry": { "type": "LineString", "coordinates": [ [ -63.5544, -37.0337 ], [ -63.6667, -37.0335 ] ] } },
{ "type": "Feature", "properties": { "nombre": "Camino sin nombre", "longitud_km": 4.98 }, "geometry": { "type": "LineString", "coordinates": [ [ -63.7227, -37.0335 ], [ -63.6667, -37.0335 ] ] } },
{ "type": "Feature", "properties": { "nombre": "Camino sin nombre", "longitud_km": 4.98 }, "geometry": { "type": "LineString", "coordinates": [ [ -63.7227, -37.0335 ], [ -63.7786, -37.0335 ] ] } },
{ "type": "Feature", "properties": { "nombre": "Camino sin nombre", "longitud_km": 2.51 }, "geometry": { "type": "LineString", "coordinates": [ [ -63.7786, -37.0335 ], [ -63.7787, -37.0108 ] ] } },
{ "type": "Feature", "properties": { "nombre": "Camino sin nombre", "longitud_km": 5.03 }, "geometry": { "type": "LineString", "coordinates": [ [ -63.7786, -37.0335 ], [ -63.8352, -37.0331 ] ] } },
{ "type": "Feature", "properties": { "nombre": "Camino sin nombre", "longitud_km": 5.68 }, "geometry": { "type": "LineString", "coordinates": [ [ -64.5101, -37.0168 ], [ -64.5173, -37.0106 ], [ -64.5671, -37.0258 ] ] } },
{ "type": "Feature", "properties": { "nombre": "Camino sin nombre", "longitud_km": 1.95 }, "geometry": { "type": "LineString", "coordinates": [ [ -64.5671, -37.0258 ], [ -64.5671, -37.0082 ] ] } },
{ "type": "Feature", "properties": { "nombre": "Camino sin nombre", "longitud_km": 2.48 }, "geometry": { "type": "LineString", "coordinates": [ [ -63.8914, -37.0328 ], [ -63.8911, -37.0104 ] ] } },
{ "type": "Feature", "properties": { "nombre": "Camino sin nombre", "longitud_km": 2.5 }, "geometry": { "type": "LineString", "coordinates": [ [ -63.9475, -37.01 ], [ -63.9478, -37.0325 ] ] } },
{ "type": "Feature", "properties": { "nombre": "Camino sin nombre", "longitud_km": 5.02 }, "geometry": { "type": "LineString", "coordinates": [ [ -63.8914, -37.0328 ], [ -63.9478, -37.0325 ] ] } },
{ "type": "Feature", "properties": { "nombre": "Camino sin nombre", "longitud_km": 10.48 }, "geometry": { "type": "LineString", "coordinates": [ [ -64.0601, -37.0323 ], [ -64.1496, -37.0315 ], [ -64.1497, -37.0267 ], [ -64.1721, -37.0264 ] ] } },
{ "type": "Feature", "properties": { "nombre": "Camino sin nombre", "longitud_km": 9.41 }, "geometry": { "type": "LineString", "coordinates": [ [ -66.7354, -36.9196 ], [ -66.7579, -36.9366 ], [ -66.7665, -36.9363 ], [ -66.7809, -36.9446 ], [ -66.7992, -36.9602 ], [ -66.8086, -36.976 ] ] } },
{ "type": "Feature", "properties": { "nombre": "Camino sin nombre", "longitud_km": 9.02 }, "geometry": { "type": "LineString", "coordinates": [ [ -67.0525, -36.912 ], [ -67.0684, -36.9564 ], [ -67.1103, -36.9665 ] ] } },
{ "type": "Feature", "properties": { "nombre": "Camino sin nombre", "longitud_km": 2.8 }, "geometry": { "type": "LineString", "coordinates": [ [ -64.7362, -37.0292 ], [ -64.7358, -37.004 ] ] } },
{ "type": "Feature", "properties": { "nombre": "Camino sin nombre", "longitud_km": 0.68 }, "geometry": { "type": "LineString", "coordinates": [ [ -64.7827, -37.0256 ], [ -64.7827, -37.0195 ] ] } },
{ "type": "Feature", "properties": { "nombre": "Camino sin nombre", "longitud_km": 5.73 }, "geometry": { "type": "LineString", "coordinates": [ [ -65.4664, -37.0126 ], [ -65.4121, -37.0157 ], [ -65.4104, -37.0078 ] ] } },
{ "type": "Feature", "properties": { "nombre": "Camino sin nombre", "longitud_km": 4.24 }, "geometry": { "type": "LineString", "coordinates": [ [ -65.1854, -37.0209 ], [ -65.1378, -37.0208 ] ] } },
{ "type": "Feature", "properties": { "nombre": "Camino sin nombre", "longitud_km": 15.17 }, "geometry": { "type": "LineString", "coordinates": [ [ -66.2006, -36.9828 ], [ -66.1517, -36.9856 ], [ -66.1101, -37.0252 ], [ -66.1077, -37.0478 ], [ -66.0988, -37.0696 ] ] } },
{ "type": "Feature", "properties": { "nombre": "Camino sin nombre", "longitud_km": 6.78 }, "geometry": { "type": "LineString", "coordinates": [ [ -64.2885, -37.0304 ], [ -64.3524, -37.0302 ], [ -64.3635, -37.0343 ] ] } },
{ "type": "Feature", "properties": { "nombre": "Camino sin nombre", "longitud_km": 2.99 }, "geometry": { "type": "LineString", "coordinates": [ [ -64.3635, -37.0343 ], [ -64.3971, -37.0342 ] ] } },
{ "type": "Feature", "properties": { "nombre": "Camino sin nombre", "longitud_km": 6.43 }, "geometry": { "type": "LineString", "coordinates": [ [ -64.464, -37.03 ], [ -64.3971, -37.0299 ], [ -64.3971, -37.0342 ] ] } },
{ "type": "Feature", "properties": { "nombre": "Camino sin nombre", "longitud_km": 1.63 }, "geometry": { "type": "LineString", "coordinates": [ [ -64.5671, -37.0258 ], [ -64.5673, -37.0404 ] ] } },
{ "type": "Feature", "properties": { "nombre": "Camino sin nombre", "longitud_km": 14.26 }, "geometry": { "type": "LineString", "coordinates": [ [ -66.2006, -36.9828 ], [ -66.186, -36.993 ], [ -66.163, -37.0426 ], [ -66.1628, -37.0945 ], [ -66.1697, -37.1006 ] ] } },
{ "type": "Feature", "properties": { "nombre": "Camino sin nombre", "longitud_km": 3.59 }, "geometry": { "type": "LineString", "coordinates": [ [ -66.2006, -36.9828 ], [ -66.2124, -36.991 ], [ -66.2228, -37.0089 ] ] } },
{ "type": "Feature", "properties": { "nombre": "Camino sin nombre", "longitud_km": 10.94 }, "geometry": { "type": "LineString", "coordinates": [ [ -66.3578, -36.969 ], [ -66.3763, -36.9858 ], [ -66.3824, -37.0 ], [ -66.377, -37.0238 ], [ -66.3777, -37.0481 ], [ -66.3688, -37.0585 ] ] } },
{ "type": "Feature", "properties": { "nombre": "Camino sin nombre", "longitud_km": 0.99 }, "geometry": { "type": "LineString", "coordinates": [ [ -66.2231, -37.0 ], [ -66.2228, -37.0089 ] ] } },
{ "type": "Feature", "properties": { "nombre": "Camino sin nombre", "longitud_km": 1.47 }, "geometry": { "type": "LineString", "coordinates": [ [ -64.8201, -37.0258 ], [ -64.8213, -37.039 ] ] } },
{ "type": "Feature", "properties": { "nombre": "Camino sin nombre", "longitud_km": 1.58 }, "geometry": { "type": "LineString", "coordinates": [ [ -64.9146, -37.0244 ], [ -64.9147, -37.0386 ] ] } },
{ "type": "Feature", "properties": { "nombre": "Camino sin nombre", "longitud_km": 4.98 }, "geometry": { "type": "LineString", "coordinates": [ [ -65.4104, -37.0078 ], [ -65.3828, -37.0124 ], [ -65.3823, -37.0281 ], [ -65.3746, -37.0304 ] ] } },
{ "type": "Feature", "properties": { "nombre": "Camino sin nombre", "longitud_km": 5.09 }, "geometry": { "type": "LineString", "coordinates": [ [ -64.5673, -37.0404 ], [ -64.6242, -37.0452 ] ] } },
{ "type": "Feature", "properties": { "nombre": "Camino sin nombre", "longitud_km": 7.6 }, "geometry": { "type": "LineString", "coordinates": [ [ -64.6242, -37.0452 ], [ -64.6237, -37.0261 ], [ -64.589, -37.0186 ], [ -64.5671, -37.0082 ] ] } },
{ "type": "Feature", "properties": { "nombre": "Camino sin nombre", "longitud_km": 2.04 }, "geometry": { "type": "LineString", "coordinates": [ [ -64.8765, -37.0248 ], [ -64.8755, -37.0432 ] ] } },
{ "type": "Feature", "properties": { "nombre": "Camino sin nombre", "longitud_km": 2.48 }, "geometry": { "type": "LineString", "coordinates": [ [ -63.8916, -37.0551 ], [ -63.8914, -37.0328 ] ] } },
{ "type": "Feature", "properties": { "nombre": "Camino sin nombre", "longitud_km": 5.0 }, "geometry": { "type": "LineString", "coordinates": [ [ -63.8354, -37.0556 ], [ -63.8916, -37.0551 ] ] } },
{ "type": "Feature", "properties": { "nombre": "Camino sin nombre", "longitud_km": 2.48 }, "geometry": { "type": "LineString", "coordinates": [ [ -63.9478, -37.0325 ], [ -63.9479, -37.0549 ] ] } },
{ "type": "Feature", "properties": { "nombre": "Camino sin nombre", "longitud_km": 5.01 }, "geometry": { "type": "LineString", "coordinates": [ [ -63.8916, -37.0551 ], [ -63.9479, -37.0549 ] ] } },
{ "type": "Feature", "properties": { "nombre": "Camino sin nombre", "longitud_km": 4.87 }, "geometry": { "type": "LineString", "coordinates": [ [ -65.3746, -37.0304 ], [ -65.3204, -37.0366 ] ] } },
{ "type": "Feature", "properties": { "nombre": "Camino sin nombre", "longitud_km": 2.76 }, "geometry": { "type": "LineString", "coordinates": [ [ -63.4982, -37.0338 ], [ -63.4981, -37.0587 ] ] } },
{ "type": "Feature", "properties": { "nombre": "Camino sin nombre", "longitud_km": 7.54 }, "geometry": { "type": "LineString", "coordinates": [ [ -65.2689, -37.0392 ], [ -65.2189, -37.0361 ], [ -65.1856, -37.0287 ] ] } },
{ "type": "Feature", "properties": { "nombre": "Camino sin nombre", "longitud_km": 1.97 }, "geometry": { "type": "LineString", "coordinates": [ [ -65.3204, -37.0366 ], [ -65.2984, -37.0389 ] ] } },
{ "type": "Feature", "properties": { "nombre": "Camino sin nombre", "longitud_km": 2.56 }, "geometry": { "type": "LineString", "coordinates": [ [ -64.6242, -37.0452 ], [ -64.6524, -37.05 ] ] } },
{ "type": "Feature", "properties": { "nombre": "Camino sin nombre", "longitud_km": 2.62 }, "geometry": { "type": "LineString", "coordinates": [ [ -65.2984, -37.0389 ], [ -65.2689, -37.0392 ] ] } },
{ "type": "Feature", "properties": { "nombre": "Camino sin nombre", "longitud_km": 2.15 }, "geometry": { "type": "LineString", "coordinates": [ [ -63.4981, -37.0587 ], [ -63.4741, -37.0612 ] ] } },
{ "type": "Feature", "properties": { "nombre": "Camino sin nombre", "longitud_km": 2.99 }, "geometry": { "type": "LineString", "coordinates": [ [ -63.7227, -37.0335 ], [ -63.7229, -37.0605 ] ] } },
{ "type": "Feature", "properties": { "nombre": "Camino sin nombre", "longitud_km": 4.95 }, "geometry": { "type": "LineString", "coordinates": [ [ -63.7786, -37.0606 ], [ -63.7229, -37.0605 ] ] } },
{ "type": "Feature", "properties": { "nombre": "Camino sin nombre", "longitud_km": 3.01 }, "geometry": { "type": "LineString", "coordinates": [ [ -63.7786, -37.0606 ], [ -63.7786, -37.0335 ] ] } },
{ "type": "Feature", "properties": { "nombre": "Camino sin nombre", "longitud_km": 9.76 }, "geometry": { "type": "LineString", "coordinates": [ [ -64.6524, -37.05 ], [ -64.6537, -37.0344 ], [ -64.7035, -37.0473 ], [ -64.7032, -37.051 ], [ -64.7364, -37.0487 ] ] } },
{ "type": "Feature", "properties": { "nombre": "Camino sin nombre", "longitud_km": 4.15 }, "geometry": { "type": "LineString", "coordinates": [ [ -64.2884, -37.0347 ], [ -64.3069, -37.0348 ], [ -64.3071, -37.0574 ] ] } },
{ "type": "Feature", "properties": { "nombre": "Camino sin nombre", "longitud_km": 3.02 }, "geometry": { "type": "LineString", "coordinates": [ [ -64.3071, -37.0574 ], [ -64.3411, -37.0572 ] ] } },
{ "type": "Feature", "properties": { "nombre": "Camino sin nombre", "longitud_km": 20.83 }, "geometry": { "type": "LineString", "coordinates": [ [ -66.9807, -36.9378 ], [ -66.978, -36.9459 ], [ -66.9666, -36.9506 ], [ -66.9555, -36.9452 ], [ -66.9101, -37.0225 ], [ -66.9062, -37.0955 ] ] } },
{ "type": "Feature", "properties": { "nombre": "Camino sin nombre", "longitud_km": 2.02 }, "geometry": { "type": "LineString", "coordinates": [ [ -64.3411, -37.0572 ], [ -64.3638, -37.0573 ] ] } },
{ "type": "Feature", "properties": { "nombre": "Camino sin nombre", "longitud_km": 2.55 }, "geometry": { "type": "LineString", "coordinates": [ [ -64.3635, -37.0343 ], [ -64.3638, -37.0573 ] ] } },
{ "type": "Feature", "properties": { "nombre": "Camino sin nombre", "longitud_km": 4.89 }, "geometry": { "type": "LineString", "coordinates": [ [ -64.5113, -37.0608 ], [ -64.5101, -37.0168 ] ] } },
{ "type": "Feature", "properties": { "nombre": "Camino sin nombre", "longitud_km": 2.1 }, "geometry": { "type": "LineString", "coordinates": [ [ -64.5113, -37.0608 ], [ -64.5349, -37.0592 ] ] } },
{ "type": "Feature", "properties": { "nombre": "Camino sin nombre", "longitud_km": 9.81 }, "geometry": { "type": "LineString", "coordinates": [ [ -67.1103, -36.9665 ], [ -67.1742, -37.0189 ], [ -67.193, -37.0177 ] ] } },
{ "type": "Feature", "properties": { "nombre": "Camino sin nombre", "longitud_km": 2.99 }, "geometry": { "type": "LineString", "coordinates": [ [ -64.3638, -37.0573 ], [ -64.386, -37.057 ], [ -64.3861, -37.066 ] ] } },
{ "type": "Feature", "properties": { "nombre": "Camino sin nombre", "longitud_km": 0.99 }, "geometry": { "type": "LineString", "coordinates": [ [ -64.3861, -37.066 ], [ -64.3973, -37.0661 ] ] } },
{ "type": "Feature", "properties": { "nombre": "Camino sin nombre", "longitud_km": 3.55 }, "geometry": { "type": "LineString", "coordinates": [ [ -64.3971, -37.0342 ], [ -64.3973, -37.0661 ] ] } },
{ "type": "Feature", "properties": { "nombre": "Camino sin nombre", "longitud_km": 9.39 }, "geometry": { "type": "LineString", "coordinates": [ [ -67.2355, -36.9356 ], [ -67.2244, -36.9699 ], [ -67.2085, -36.9966 ], [ -67.2076, -37.0162 ] ] } },
{ "type": "Feature", "properties": { "nombre": "Camino sin nombre", "longitud_km": 2.09 }, "geometry": { "type": "LineString", "coordinates": [ [ -63.9479, -37.0549 ], [ -63.9476, -37.0737 ] ] } },
{ "type": "Feature", "properties": { "nombre": "Camino sin nombre", "longitud_km": 5.01 }, "geometry": { "type": "LineString", "coordinates": [ [ -63.4101, -37.0339 ], [ -63.4135, -37.0789 ] ] } },
{ "type": "Feature", "properties": { "nombre": "Camino sin nombre", "longitud_km": 5.02 }, "geometry": { "type": "LineString", "coordinates": [ [ -63.3857, -37.0792 ], [ -63.3856, -37.034 ] ] } },
{ "type": "Feature", "properties": { "nombre": "Camino sin nombre", "longitud_km": 2.47 }, "geometry": { "type": "LineString", "coordinates": [ [ -63.4135, -37.0789 ], [ -63.3857, -37.0792 ] ] } },
{ "type": "Feature", "properties": { "nombre": "Camino sin nombre", "longitud_km": 5.01 }, "geometry": { "type": "LineString", "coordinates": [ [ -63.4698, -37.0789 ], [ -63.4135, -37.0789 ] ] } },
{ "type": "Feature", "properties": { "nombre": "Camino sin nombre", "longitud_km": 2.52 }, "geometry": { "type": "LineString", "coordinates": [ [ -63.4982, -37.0789 ], [ -63.4698, -37.0789 ] ] } },
{ "type": "Feature", "properties": { "nombre": "Camino sin nombre", "longitud_km": 2.24 }, "geometry": { "type": "LineString", "coordinates": [ [ -63.4981, -37.0587 ], [ -63.4982, -37.0789 ] ] } },
{ "type": "Feature", "properties": { "nombre": "Camino sin nombre", "longitud_km": 5.04 }, "geometry": { "type": "LineString", "coordinates": [ [ -63.5549, -37.0788 ], [ -63.4982, -37.0789 ] ] } },
{ "type": "Feature", "properties": { "nombre": "Camino sin nombre", "longitud_km": 5.01 }, "geometry": { "type": "LineString", "coordinates": [ [ -63.5549, -37.0788 ], [ -63.5544, -37.0337 ] ] } },
{ "type": "Feature", "properties": { "nombre": "Camino sin nombre", "longitud_km": 4.92 }, "geometry": { "type": "LineString", "coordinates": [ [ -63.5549, -37.0788 ], [ -63.6102, -37.0788 ] ] } },
{ "type": "Feature", "properties": { "nombre": "Camino sin nombre", "longitud_km": 4.6 }, "geometry": { "type": "LineString", "coordinates": [ [ -63.6102, -37.0788 ], [ -63.6104, -37.044 ], [ -63.6033, -37.0407 ] ] } },
{ "type": "Feature", "properties": { "nombre": "Camino sin nombre", "longitud_km": 0.04 }, "geometry": { "type": "LineString", "coordinates": [ [ -63.6107, -37.0788 ], [ -63.6102, -37.0788 ] ] } },
{ "type": "Feature", "properties": { "nombre": "Camino sin nombre", "longitud_km": 2.02 }, "geometry": { "type": "LineString", "coordinates": [ [ -63.6107, -37.0788 ], [ -63.6334, -37.0788 ] ] } },
{ "type": "Feature", "properties": { "nombre": "Camino sin nombre", "longitud_km": 2.03 }, "geometry": { "type": "LineString", "coordinates": [ [ -63.6334, -37.0788 ], [ -63.6562, -37.0788 ] ] } },
{ "type": "Feature", "properties": { "nombre": "Camino sin nombre", "longitud_km": 0.98 }, "geometry": { "type": "LineString", "coordinates": [ [ -63.6562, -37.0788 ], [ -63.6672, -37.0788 ] ] } },
{ "type": "Feature", "properties": { "nombre": "Camino sin nombre", "longitud_km": 2.0 }, "geometry": { "type": "LineString", "coordinates": [ [ -63.7229, -37.0605 ], [ -63.7229, -37.0785 ] ] } },
{ "type": "Feature", "properties": { "nombre": "Camino sin nombre", "longitud_km": 2.05 }, "geometry": { "type": "LineString", "coordinates": [ [ -63.6998, -37.0786 ], [ -63.7229, -37.0785 ] ] } },
{ "type": "Feature", "properties": { "nombre": "Camino sin nombre", "longitud_km": 2.9 }, "geometry": { "type": "LineString", "coordinates": [ [ -63.6672, -37.0788 ], [ -63.6998, -37.0786 ] ] } },
{ "type": "Feature", "properties": { "nombre": "Camino sin nombre", "longitud_km": 1.96 }, "geometry": { "type": "LineString", "coordinates": [ [ -63.779, -37.0782 ], [ -63.7786, -37.0606 ] ] } },
{ "type": "Feature", "properties": { "nombre": "Camino sin nombre", "longitud_km": 5.0 }, "geometry": { "type": "LineString", "coordinates": [ [ -63.779, -37.0782 ], [ -63.8353, -37.0779 ] ] } },
{ "type": "Feature", "properties": { "nombre": "Camino sin nombre", "longitud_km": 4.99 }, "geometry": { "type": "LineString", "coordinates": [ [ -63.7229, -37.0785 ], [ -63.779, -37.0782 ] ] } },
{ "type": "Feature", "properties": { "nombre": "Camino sin nombre", "longitud_km": 2.49 }, "geometry": { "type": "LineString", "coordinates": [ [ -63.8913, -37.0776 ], [ -63.8916, -37.0551 ] ] } },
{ "type": "Feature", "properties": { "nombre": "Camino sin nombre", "longitud_km": 0.22 }, "geometry": { "type": "LineString", "coordinates": [ [ -63.8913, -37.0776 ], [ -63.8937, -37.0775 ] ] } },
{ "type": "Feature", "properties": { "nombre": "Camino sin nombre", "longitud_km": 4.98 }, "geometry": { "type": "LineString", "coordinates": [ [ -63.8353, -37.0779 ], [ -63.8913, -37.0776 ] ] } },
{ "type": "Feature", "properties": { "nombre": "Camino sin nombre", "longitud_km": 0.4 }, "geometry": { "type": "LineString", "coordinates": [ [ -63.9476, -37.0737 ], [ -63.9477, -37.0773 ] ] } },
{ "type": "Feature", "properties": { "nombre": "Camino sin nombre", "longitud_km": 4.8 }, "geometry": { "type": "LineString", "coordinates": [ [ -63.9477, -37.0773 ], [ -63.8937, -37.0775 ] ] } },
{ "type": "Feature", "properties": { "nombre": "Camino sin nombre", "longitud_km": 5.02 }, "geometry": { "type": "LineString", "coordinates": [ [ -64.0039, -37.0769 ], [ -63.9476, -37.0737 ] ] } },
{ "type": "Feature", "properties": { "nombre": "Camino sin nombre", "longitud_km": 5.01 }, "geometry": { "type": "LineString", "coordinates": [ [ -64.0603, -37.0769 ], [ -64.0039, -37.0769 ] ] } },
{ "type": "Feature", "properties": { "nombre": "Camino sin nombre", "longitud_km": 4.96 }, "geometry": { "type": "LineString", "coordinates": [ [ -64.0603, -37.0769 ], [ -64.0601, -37.0323 ] ] } },
{ "type": "Feature", "properties": { "nombre": "Camino sin nombre", "longitud_km": 5.54 }, "geometry": { "type": "LineString", "coordinates": [ [ -64.1725, -37.0763 ], [ -64.1721, -37.0264 ] ] } },
{ "type": "Feature", "properties": { "nombre": "Camino sin nombre", "longitud_km": 9.98 }, "geometry": { "type": "LineString", "coordinates": [ [ -64.1725, -37.0763 ], [ -64.0603, -37.0769 ] ] } },
{ "type": "Feature", "properties": { "nombre": "Camino sin nombre", "longitud_km": 10.03 }, "geometry": { "type": "LineString", "coordinates": [ [ -64.2853, -37.0755 ], [ -64.1725, -37.0763 ] ] } },
{ "type": "Feature", "properties": { "nombre": "Camino sin nombre", "longitud_km": 1.96 }, "geometry": { "type": "LineString", "coordinates": [ [ -64.3073, -37.0755 ], [ -64.2853, -37.0755 ] ] } },
{ "type": "Feature", "properties": { "nombre": "Camino sin nombre", "longitud_km": 2.0 }, "geometry": { "type": "LineString", "coordinates": [ [ -64.3071, -37.0574 ], [ -64.3073, -37.0755 ] ] } },
{ "type": "Feature", "properties": { "nombre": "Camino sin nombre", "longitud_km": 3.04 }, "geometry": { "type": "LineString", "coordinates": [ [ -64.3414, -37.0753 ], [ -64.3073, -37.0755 ] ] } },
{ "type": "Feature", "properties": { "nombre": "Camino sin nombre", "longitud_km": 2.0 }, "geometry": { "type": "LineString", "coordinates": [ [ -64.3411, -37.0572 ], [ -64.3414, -37.0753 ] ] } },
{ "type": "Feature", "properties": { "nombre": "Camino sin nombre", "longitud_km": 3.99 }, "geometry": { "type": "LineString", "coordinates": [ [ -64.3863, -37.0751 ], [ -64.3414, -37.0753 ] ] } },
{ "type": "Feature", "properties": { "nombre": "Camino sin nombre", "longitud_km": 1.01 }, "geometry": { "type": "LineString", "coordinates": [ [ -64.3861, -37.066 ], [ -64.3863, -37.0751 ] ] } },
{ "type": "Feature", "properties": { "nombre": "Camino sin nombre", "longitud_km": 1.0 }, "geometry": { "type": "LineString", "coordinates": [ [ -64.3975, -37.075 ], [ -64.3863, -37.0751 ] ] } },
{ "type": "Feature", "properties": { "nombre": "Camino sin nombre", "longitud_km": 0.98 }, "geometry": { "type": "LineString", "coordinates": [ [ -64.3973, -37.0661 ], [ -64.3975, -37.075 ] ] } },
{ "type": "Feature", "properties": { "nombre": "Camino sin nombre", "longitud_km": 2.04 }, "geometry": { "type": "LineString", "coordinates": [ [ -64.4205, -37.0748 ], [ -64.3975, -37.075 ] ] } },
{ "type": "Feature", "properties": { "nombre": "Camino sin nombre", "longitud_km": 2.99 }, "geometry": { "type": "LineString", "coordinates": [ [ -64.3973, -37.0661 ], [ -64.42, -37.0661 ], [ -64.4205, -37.0748 ] ] } },
{ "type": "Feature", "properties": { "nombre": "Camino sin nombre", "longitud_km": 3.62 }, "geometry": { "type": "LineString", "coordinates": [ [ -64.5676, -37.0731 ], [ -64.5673, -37.0404 ] ] } },
{ "type": "Feature", "properties": { "nombre": "Camino sin nombre", "longitud_km": 7.07 }, "geometry": { "type": "LineString", "coordinates": [ [ -64.5, -37.0744 ], [ -64.4205, -37.0748 ] ] } },
{ "type": "Feature", "properties": { "nombre": "Camino sin nombre", "longitud_km": 1.59 }, "geometry": { "type": "LineString", "coordinates": [ [ -65.8836, -37.0488 ], [ -65.8658, -37.0482 ] ] } },
{ "type": "Feature", "properties": { "nombre": "Camino sin nombre", "longitud_km": 10.02 }, "geometry": { "type": "LineString", "coordinates": [ [ -65.8313, -37.0031 ], [ -65.8474, -37.0034 ], [ -65.8487, -37.0 ], [ -65.8846, -37.0041 ], [ -65.8836, -37.0488 ] ] } },
{ "type": "Feature", "properties": { "nombre": "Camino sin nombre", "longitud_km": 8.59 }, "geometry": { "type": "LineString", "coordinates": [ [ -64.5676, -37.0731 ], [ -64.6274, -37.0716 ], [ -64.6524, -37.05 ] ] } },
{ "type": "Feature", "properties": { "nombre": "Camino sin nombre", "longitud_km": 0.88 }, "geometry": { "type": "LineString", "coordinates": [ [ -65.8935, -37.0491 ], [ -65.8836, -37.0488 ] ] } },
{ "type": "Feature", "properties": { "nombre": "Camino sin nombre", "longitud_km": 2.49 }, "geometry": { "type": "LineString", "coordinates": [ [ -65.0735, -37.0446 ], [ -65.0739, -37.0671 ] ] } },
{ "type": "Feature", "properties": { "nombre": "Camino sin nombre", "longitud_km": 0.26 }, "geometry": { "type": "LineString", "coordinates": [ [ -64.7366, -37.0727 ], [ -64.7365, -37.0703 ] ] } },
{ "type": "Feature", "properties": { "nombre": "Camino sin nombre", "longitud_km": 5.63 }, "geometry": { "type": "LineString", "coordinates": [ [ -65.1378, -37.0208 ], [ -65.1383, -37.0286 ], [ -65.127, -37.0341 ], [ -65.1299, -37.0663 ] ] } },
{ "type": "Feature", "properties": { "nombre": "Camino sin nombre", "longitud_km": 5.05 }, "geometry": { "type": "LineString", "coordinates": [ [ -65.4117, -37.0614 ], [ -65.3993, -37.0495 ], [ -65.3829, -37.045 ], [ -65.3746, -37.0304 ] ] } },
{ "type": "Feature", "properties": { "nombre": "Camino sin nombre", "longitud_km": 7.94 }, "geometry": { "type": "LineString", "coordinates": [ [ -65.4664, -37.0126 ], [ -65.4619, -37.0222 ], [ -65.414, -37.0447 ], [ -65.4117, -37.0614 ] ] } },
{ "type": "Feature", "properties": { "nombre": "Camino sin nombre", "longitud_km": 5.94 }, "geometry": { "type": "LineString", "coordinates": [ [ -65.9403, -37.0335 ], [ -65.9398, -37.05 ], [ -65.8935, -37.0491 ] ] } },
{ "type": "Feature", "properties": { "nombre": "Camino sin nombre", "longitud_km": 5.06 }, "geometry": { "type": "LineString", "coordinates": [ [ -63.4135, -37.0789 ], [ -63.4138, -37.1245 ] ] } },
{ "type": "Feature", "properties": { "nombre": "Camino sin nombre", "longitud_km": 1.16 }, "geometry": { "type": "LineString", "coordinates": [ [ -63.5551, -37.0893 ], [ -63.5549, -37.0788 ] ] } },
{ "type": "Feature", "properties": { "nombre": "Camino sin nombre", "longitud_km": 1.74 }, "geometry": { "type": "LineString", "coordinates": [ [ -63.5551, -37.0893 ], [ -63.5356, -37.0895 ] ] } },
{ "type": "Feature", "properties": { "nombre": "Camino sin nombre", "longitud_km": 5.02 }, "geometry": { "type": "LineString", "coordinates": [ [ -63.3856, -37.1244 ], [ -63.3857, -37.0792 ] ] } },
{ "type": "Feature", "properties": { "nombre": "Camino sin nombre", "longitud_km": 1.31 }, "geometry": { "type": "LineString", "coordinates": [ [ -67.193, -37.0177 ], [ -67.2076, -37.0162 ] ] } },
{ "type": "Feature", "properties": { "nombre": "Camino sin nombre", "longitud_km": 7.55 }, "geometry": { "type": "LineString", "coordinates": [ [ -65.5684, -37.0106 ], [ -65.5716, -37.021 ], [ -65.5649, -37.0328 ], [ -65.5423, -37.0508 ], [ -65.5326, -37.0679 ] ] } },
{ "type": "Feature", "properties": { "nombre": "Camino sin nombre", "longitud_km": 2.32 }, "geometry": { "type": "LineString", "coordinates": [ [ -65.5065, -37.0689 ], [ -65.5326, -37.0679 ] ] } },
{ "type": "Feature", "properties": { "nombre": "Camino sin nombre", "longitud_km": 0.97 }, "geometry": { "type": "LineString", "coordinates": [ [ -63.6562, -37.0973 ], [ -63.6671, -37.0973 ] ] } },
{ "type": "Feature", "properties": { "nombre": "Camino sin nombre", "longitud_km": 2.88 }, "geometry": { "type": "LineString", "coordinates": [ [ -64.5106, -37.0867 ], [ -64.5113, -37.0608 ] ] } },
{ "type": "Feature", "properties": { "nombre": "Camino sin nombre", "longitud_km": 8.63 }, "geometry": { "type": "LineString", "coordinates": [ [ -64.8194, -37.0833 ], [ -64.8184, -37.0769 ], [ -64.7979, -37.0672 ], [ -64.7364, -37.0498 ] ] } },
{ "type": "Feature", "properties": { "nombre": "Camino sin nombre", "longitud_km": 2.65 }, "geometry": { "type": "LineString", "coordinates": [ [ -64.8492, -37.0828 ], [ -64.8194, -37.0833 ] ] } },
{ "type": "Feature", "properties": { "nombre": "Camino sin nombre", "longitud_km": 1.99 }, "geometry": { "type": "LineString", "coordinates": [ [ -63.8937, -37.0775 ], [ -63.8941, -37.0955 ] ] } },
{ "type": "Feature", "properties": { "nombre": "Camino sin nombre", "longitud_km": 4.82 }, "geometry": { "type": "LineString", "coordinates": [ [ -63.8941, -37.0955 ], [ -63.9483, -37.0951 ] ] } },
{ "type": "Feature", "properties": { "nombre": "Camino sin nombre", "longitud_km": 1.98 }, "geometry": { "type": "LineString", "coordinates": [ [ -63.9477, -37.0773 ], [ -63.9483, -37.0951 ] ] } },
{ "type": "Feature", "properties": { "nombre": "Camino sin nombre", "longitud_km": 2.05 }, "geometry": { "type": "LineString", "coordinates": [ [ -63.6334, -37.0788 ], [ -63.6334, -37.0973 ] ] } },
{ "type": "Feature", "properties": { "nombre": "Camino sin nombre", "longitud_km": 2.06 }, "geometry": { "type": "LineString", "coordinates": [ [ -63.6111, -37.0974 ], [ -63.6107, -37.0788 ] ] } },
{ "type": "Feature", "properties": { "nombre": "Camino sin nombre", "longitud_km": 1.98 }, "geometry": { "type": "LineString", "coordinates": [ [ -63.6111, -37.0974 ], [ -63.6334, -37.0973 ] ] } },
{ "type": "Feature", "properties": { "nombre": "Camino sin nombre", "longitud_km": 2.03 }, "geometry": { "type": "LineString", "coordinates": [ [ -63.6334, -37.0973 ], [ -63.6562, -37.0973 ] ] } },
{ "type": "Feature", "properties": { "nombre": "Camino sin nombre", "longitud_km": 2.05 }, "geometry": { "type": "LineString", "coordinates": [ [ -63.6562, -37.0788 ], [ -63.6562, -37.0973 ] ] } },
{ "type": "Feature", "properties": { "nombre": "Camino sin nombre", "longitud_km": 0.97 }, "geometry": { "type": "LineString", "coordinates": [ [ -63.6671, -37.0973 ], [ -63.678, -37.0973 ] ] } },
{ "type": "Feature", "properties": { "nombre": "Camino sin nombre", "longitud_km": 1.96 }, "geometry": { "type": "LineString", "coordinates": [ [ -63.678, -37.0973 ], [ -63.7, -37.0973 ] ] } },
{ "type": "Feature", "properties": { "nombre": "Camino sin nombre", "longitud_km": 2.07 }, "geometry": { "type": "LineString", "coordinates": [ [ -63.6998, -37.0786 ], [ -63.7, -37.0973 ] ] } },
{ "type": "Feature", "properties": { "nombre": "Camino sin nombre", "longitud_km": 2.02 }, "geometry": { "type": "LineString", "coordinates": [ [ -63.7, -37.0973 ], [ -63.7228, -37.0972 ] ] } },
{ "type": "Feature", "properties": { "nombre": "Camino sin nombre", "longitud_km": 2.08 }, "geometry": { "type": "LineString", "coordinates": [ [ -63.7229, -37.0785 ], [ -63.7228, -37.0972 ] ] } },
{ "type": "Feature", "properties": { "nombre": "Camino sin nombre", "longitud_km": 2.17 }, "geometry": { "type": "LineString", "coordinates": [ [ -65.4117, -37.0614 ], [ -65.413, -37.0714 ], [ -65.4226, -37.0769 ] ] } },
{ "type": "Feature", "properties": { "nombre": "Camino sin nombre", "longitud_km": 7.51 }, "geometry": { "type": "LineString", "coordinates": [ [ -65.4226, -37.0769 ], [ -65.5065, -37.0689 ] ] } },
{ "type": "Feature", "properties": { "nombre": "Camino sin nombre", "longitud_km": 10.77 }, "geometry": { "type": "LineString", "coordinates": [ [ -65.8313, -37.0031 ], [ -65.8263, -37.0705 ], [ -65.7895, -37.0703 ] ] } },
{ "type": "Feature", "properties": { "nombre": "Camino sin nombre", "longitud_km": 5.84 }, "geometry": { "type": "LineString", "coordinates": [ [ -64.9141, -37.0912 ], [ -64.8492, -37.0828 ] ] } },
{ "type": "Feature", "properties": { "nombre": "Camino sin nombre", "longitud_km": 1.89 }, "geometry": { "type": "LineString", "coordinates": [ [ -66.39, -37.059 ], [ -66.3688, -37.0585 ] ] } },
{ "type": "Feature", "properties": { "nombre": "Camino sin nombre", "longitud_km": 4.26 }, "geometry": { "type": "LineString", "coordinates": [ [ -64.9619, -37.0915 ], [ -64.9141, -37.0912 ] ] } },
{ "type": "Feature", "properties": { "nombre": "Camino sin nombre", "longitud_km": 7.5 }, "geometry": { "type": "LineString", "coordinates": [ [ -64.9619, -37.0915 ], [ -64.9606, -37.0238 ] ] } },
{ "type": "Feature", "properties": { "nombre": "Camino sin nombre", "longitud_km": 6.34 }, "geometry": { "type": "LineString", "coordinates": [ [ -64.8025, -37.0944 ], [ -64.7366, -37.0727 ] ] } },
{ "type": "Feature", "properties": { "nombre": "Camino sin nombre", "longitud_km": 2.87 }, "geometry": { "type": "LineString", "coordinates": [ [ -64.8194, -37.0833 ], [ -64.8076, -37.0815 ], [ -64.8074, -37.0938 ], [ -64.8025, -37.0944 ] ] } },
{ "type": "Feature", "properties": { "nombre": "Camino sin nombre", "longitud_km": 24.66 }, "geometry": { "type": "LineString", "coordinates": [ [ -66.4493, -36.9772 ], [ -66.465, -36.9918 ], [ -66.5058, -37.0161 ], [ -66.5551, -37.0165 ], [ -66.5607, -37.0214 ], [ -66.6133, -37.0198 ], [ -66.6544, -37.0377 ], [ -66.667, -37.0499 ], [ -66.6923, -37.051 ] ] } },
{ "type": "Feature", "properties": { "nombre": "Camino sin nombre", "longitud_km": 0.69 }, "geometry": { "type": "LineString", "coordinates": [ [ -64.9621, -37.0976 ], [ -64.9619, -37.0915 ] ] } },
{ "type": "Feature", "properties": { "nombre": "Camino sin nombre", "longitud_km": 5.89 }, "geometry": { "type": "LineString", "coordinates": [ [ -65.4226, -37.0769 ], [ -65.3586, -37.0908 ] ] } },
{ "type": "Feature", "properties": { "nombre": "Camino sin nombre", "longitud_km": 5.08 }, "geometry": { "type": "LineString", "coordinates": [ [ -65.0192, -37.0996 ], [ -64.9621, -37.0976 ] ] } },
{ "type": "Feature", "properties": { "nombre": "Camino sin nombre", "longitud_km": 3.59 }, "geometry": { "type": "LineString", "coordinates": [ [ -65.0258, -37.0677 ], [ -65.0192, -37.0996 ] ] } },
{ "type": "Feature", "properties": { "nombre": "Camino sin nombre", "longitud_km": 4.29 }, "geometry": { "type": "LineString", "coordinates": [ [ -64.8496, -37.103 ], [ -64.8025, -37.0944 ] ] } },
{ "type": "Feature", "properties": { "nombre": "Camino sin nombre", "longitud_km": 4.61 }, "geometry": { "type": "LineString", "coordinates": [ [ -64.5497, -37.1078 ], [ -64.5307, -37.1079 ], [ -64.5309, -37.0975 ], [ -64.5109, -37.0973 ] ] } },
{ "type": "Feature", "properties": { "nombre": "Camino sin nombre", "longitud_km": 2.07 }, "geometry": { "type": "LineString", "coordinates": [ [ -64.5497, -37.1078 ], [ -64.549, -37.0892 ] ] } },
{ "type": "Feature", "properties": { "nombre": "Camino sin nombre", "longitud_km": 1.61 }, "geometry": { "type": "LineString", "coordinates": [ [ -64.5677, -37.1077 ], [ -64.5497, -37.1078 ] ] } },
{ "type": "Feature", "properties": { "nombre": "Camino sin nombre", "longitud_km": 3.84 }, "geometry": { "type": "LineString", "coordinates": [ [ -64.5677, -37.1077 ], [ -64.5676, -37.0731 ] ] } },
{ "type": "Feature", "properties": { "nombre": "Camino sin nombre", "longitud_km": 6.74 }, "geometry": { "type": "LineString", "coordinates": [ [ -65.3384, -37.0955 ], [ -65.3204, -37.0366 ] ] } },
{ "type": "Feature", "properties": { "nombre": "Camino sin nombre", "longitud_km": 1.87 }, "geometry": { "type": "LineString", "coordinates": [ [ -65.3586, -37.0908 ], [ -65.3384, -37.0955 ] ] } },
{ "type": "Feature", "properties": { "nombre": "Camino sin nombre", "longitud_km": 5.04 }, "geometry": { "type": "LineString", "coordinates": [ [ -64.1728, -37.1217 ], [ -64.1725, -37.0763 ] ] } },
{ "type": "Feature", "properties": { "nombre": "Camino sin nombre", "longitud_km": 14.82 }, "geometry": { "type": "LineString", "coordinates": [ [ -65.2689, -37.0392 ], [ -65.2777, -37.0498 ], [ -65.2682, -37.0641 ], [ -65.2721, -37.097 ], [ -65.2297, -37.0975 ], [ -65.1868, -37.0824 ] ] } },
{ "type": "Feature", "properties": { "nombre": "Camino sin nombre", "longitud_km": 4.32 }, "geometry": { "type": "LineString", "coordinates": [ [ -65.8836, -37.0488 ], [ -65.8825, -37.0877 ] ] } },
{ "type": "Feature", "properties": { "nombre": "Camino sin nombre", "longitud_km": 1.49 }, "geometry": { "type": "LineString", "coordinates": [ [ -65.8992, -37.088 ], [ -65.8825, -37.0877 ] ] } },
{ "type": "Feature", "properties": { "nombre": "Camino sin nombre", "longitud_km": 3.53 }, "geometry": { "type": "LineString", "coordinates": [ [ -65.3384, -37.0955 ], [ -65.3003, -37.1046 ] ] } },
{ "type": "Feature", "properties": { "nombre": "Camino sin nombre", "longitud_km": 4.7 }, "geometry": { "type": "LineString", "coordinates": [ [ -65.8935, -37.0491 ], [ -65.9052, -37.0619 ], [ -65.8992, -37.088 ] ] } },
{ "type": "Feature", "properties": { "nombre": "Camino sin nombre", "longitud_km": 5.01 }, "geometry": { "type": "LineString", "coordinates": [ [ -63.4698, -37.0789 ], [ -63.4701, -37.1241 ] ] } },
{ "type": "Feature", "properties": { "nombre": "Camino sin nombre", "longitud_km": 5.04 }, "geometry": { "type": "LineString", "coordinates": [ [ -63.4982, -37.0789 ], [ -63.4984, -37.1243 ] ] } },
{ "type": "Feature", "properties": { "nombre": "Camino sin nombre", "longitud_km": 3.89 }, "geometry": { "type": "LineString", "coordinates": [ [ -63.555, -37.1243 ], [ -63.5551, -37.0893 ] ] } },
{ "type": "Feature", "properties": { "nombre": "Camino sin nombre", "longitud_km": 2.96 }, "geometry": { "type": "LineString", "coordinates": [ [ -63.6562, -37.0973 ], [ -63.6554, -37.124 ] ] } },
{ "type": "Feature", "properties": { "nombre": "Camino sin nombre", "longitud_km": 2.98 }, "geometry": { "type": "LineString", "coordinates": [ [ -63.6107, -37.1243 ], [ -63.6111, -37.0974 ] ] } },
{ "type": "Feature", "properties": { "nombre": "Camino sin nombre", "longitud_km": 2.98 }, "geometry": { "type": "LineString", "coordinates": [ [ -63.6334, -37.0973 ], [ -63.6334, -37.1242 ] ] } },
{ "type": "Feature", "properties": { "nombre": "Camino sin nombre", "longitud_km": 2.96 }, "geometry": { "type": "LineString", "coordinates": [ [ -63.678, -37.0973 ], [ -63.6775, -37.124 ] ] } },
{ "type": "Feature", "properties": { "nombre": "Camino sin nombre", "longitud_km": 2.97 }, "geometry": { "type": "LineString", "coordinates": [ [ -63.7228, -37.0972 ], [ -63.7228, -37.124 ] ] } },
{ "type": "Feature", "properties": { "nombre": "Camino sin nombre", "longitud_km": 2.97 }, "geometry": { "type": "LineString", "coordinates": [ [ -63.7, -37.0973 ], [ -63.7, -37.1241 ] ] } },
{ "type": "Feature", "properties": { "nombre": "Camino sin nombre", "longitud_km": 5.06 }, "geometry": { "type": "LineString", "coordinates": [ [ -63.779, -37.1238 ], [ -63.779, -37.0782 ] ] } },
{ "type": "Feature", "properties": { "nombre": "Camino sin nombre", "longitud_km": 5.04 }, "geometry": { "type": "LineString", "coordinates": [ [ -64.0039, -37.0769 ], [ -64.005, -37.1223 ] ] } },
{ "type": "Feature", "properties": { "nombre": "Camino sin nombre", "longitud_km": 5.03 }, "geometry": { "type": "LineString", "coordinates": [ [ -64.0603, -37.0769 ], [ -64.0604, -37.1222 ] ] } },
{ "type": "Feature", "properties": { "nombre": "Camino sin nombre", "longitud_km": 5.03 }, "geometry": { "type": "LineString", "coordinates": [ [ -64.3414, -37.0753 ], [ -64.3423, -37.1206 ] ] } },
{ "type": "Feature", "properties": { "nombre": "Camino sin nombre", "longitud_km": 4.99 }, "geometry": { "type": "LineString", "coordinates": [ [ -64.3975, -37.075 ], [ -64.3983, -37.12 ] ] } },
{ "type": "Feature", "properties": { "nombre": "Camino sin nombre", "longitud_km": 1.22 }, "geometry": { "type": "LineString", "coordinates": [ [ -64.5679, -37.1186 ], [ -64.5677, -37.1077 ] ] } },
{ "type": "Feature", "properties": { "nombre": "Camino sin nombre", "longitud_km": 4.44 }, "geometry": { "type": "LineString", "coordinates": [ [ -67.193, -37.0177 ], [ -67.1954, -37.033 ], [ -67.2059, -37.0427 ], [ -67.2072, -37.0544 ] ] } },
{ "type": "Feature", "properties": { "nombre": "Camino sin nombre", "longitud_km": 7.69 }, "geometry": { "type": "LineString", "coordinates": [ [ -67.2076, -37.0162 ], [ -67.218, -37.0173 ], [ -67.2404, -37.0442 ], [ -67.2072, -37.0544 ] ] } },
{ "type": "Feature", "properties": { "nombre": "Camino sin nombre", "longitud_km": 4.6 }, "geometry": { "type": "LineString", "coordinates": [ [ -64.7383, -37.1173 ], [ -64.6866, -37.1172 ] ] } },
{ "type": "Feature", "properties": { "nombre": "Camino sin nombre", "longitud_km": 4.95 }, "geometry": { "type": "LineString", "coordinates": [ [ -64.7383, -37.1173 ], [ -64.7366, -37.0727 ] ] } },
{ "type": "Feature", "properties": { "nombre": "Camino sin nombre", "longitud_km": 0.46 }, "geometry": { "type": "LineString", "coordinates": [ [ -63.779, -37.1279 ], [ -63.779, -37.1238 ] ] } },
{ "type": "Feature", "properties": { "nombre": "Camino sin nombre", "longitud_km": 1.9 }, "geometry": { "type": "LineString", "coordinates": [ [ -63.779, -37.1279 ], [ -63.7994, -37.123 ] ] } },
{ "type": "Feature", "properties": { "nombre": "Camino sin nombre", "longitud_km": 10.22 }, "geometry": { "type": "LineString", "coordinates": [ [ -65.3003, -37.1046 ], [ -65.2946, -37.109 ], [ -65.1875, -37.1102 ] ] } },
{ "type": "Feature", "properties": { "nombre": "Camino sin nombre", "longitud_km": 4.28 }, "geometry": { "type": "LineString", "coordinates": [ [ -63.8941, -37.0955 ], [ -63.8947, -37.1225 ], [ -63.9032, -37.1239 ], [ -63.9036, -37.1284 ] ] } },
{ "type": "Feature", "properties": { "nombre": "Camino sin nombre", "longitud_km": 2.58 }, "geometry": { "type": "LineString", "coordinates": [ [ -65.0192, -37.0996 ], [ -65.0196, -37.1114 ], [ -65.0334, -37.1145 ] ] } },
{ "type": "Feature", "properties": { "nombre": "Camino sin nombre", "longitud_km": 0.96 }, "geometry": { "type": "LineString", "coordinates": [ [ -63.4138, -37.1245 ], [ -63.4139, -37.1331 ] ] } },
{ "type": "Feature", "properties": { "nombre": "Camino sin nombre", "longitud_km": 0.43 }, "geometry": { "type": "LineString", "coordinates": [ [ -63.4188, -37.1332 ], [ -63.4139, -37.1331 ] ] } },
{ "type": "Feature", "properties": { "nombre": "Camino sin nombre", "longitud_km": 0.48 }, "geometry": { "type": "LineString", "coordinates": [ [ -63.7789, -37.1322 ], [ -63.779, -37.1279 ] ] } },
{ "type": "Feature", "properties": { "nombre": "Camino sin nombre", "longitud_km": 3.82 }, "geometry": { "type": "LineString", "coordinates": [ [ -63.7789, -37.1322 ], [ -63.8199, -37.122 ] ] } },
{ "type": "Feature", "properties": { "nombre": "Camino sin nombre", "longitud_km": 1.66 }, "geometry": { "type": "LineString", "coordinates": [ [ -63.4267, -37.142 ], [ -63.4265, -37.1332 ], [ -63.4188, -37.1332 ] ] } },
{ "type": "Feature", "properties": { "nombre": "Camino sin nombre", "longitud_km": 3.26 }, "geometry": { "type": "LineString", "coordinates": [ [ -66.7328, -37.0694 ], [ -66.6982, -37.0791 ] ] } },
{ "type": "Feature", "properties": { "nombre": "Camino sin nombre", "longitud_km": 13.11 }, "geometry": { "type": "LineString", "coordinates": [ [ -66.2228, -37.0089 ], [ -66.2783, -37.0493 ], [ -66.2559, -37.0617 ], [ -66.2355, -37.0844 ], [ -66.2355, -37.0927 ] ] } },
{ "type": "Feature", "properties": { "nombre": "Camino sin nombre", "longitud_km": 1.86 }, "geometry": { "type": "LineString", "coordinates": [ [ -63.6554, -37.124 ], [ -63.6553, -37.1285 ], [ -63.6668, -37.1365 ] ] } },
{ "type": "Feature", "properties": { "nombre": "Camino sin nombre", "longitud_km": 8.61 }, "geometry": { "type": "LineString", "coordinates": [ [ -64.9333, -37.1229 ], [ -64.8619, -37.117 ], [ -64.8627, -37.1091 ], [ -64.8496, -37.103 ] ] } },
{ "type": "Feature", "properties": { "nombre": "Camino sin nombre", "longitud_km": 4.13 }, "geometry": { "type": "LineString", "coordinates": [ [ -64.9141, -37.0912 ], [ -64.9273, -37.1 ], [ -64.9333, -37.1229 ] ] } },
{ "type": "Feature", "properties": { "nombre": "Camino sin nombre", "longitud_km": 4.42 }, "geometry": { "type": "LineString", "coordinates": [ [ -63.9483, -37.0951 ], [ -63.9481, -37.1349 ] ] } },
{ "type": "Feature", "properties": { "nombre": "Camino sin nombre", "longitud_km": 0.91 }, "geometry": { "type": "LineString", "coordinates": [ [ -64.9435, -37.1239 ], [ -64.9333, -37.1229 ] ] } },
{ "type": "Feature", "properties": { "nombre": "Camino sin nombre", "longitud_km": 1.95 }, "geometry": { "type": "LineString", "coordinates": [ [ -63.4414, -37.1242 ], [ -63.4416, -37.1418 ] ] } },
{ "type": "Feature", "properties": { "nombre": "Camino sin nombre", "longitud_km": 1.32 }, "geometry": { "type": "LineString", "coordinates": [ [ -63.4416, -37.1418 ], [ -63.4267, -37.142 ] ] } },
{ "type": "Feature", "properties": { "nombre": "Camino sin nombre", "longitud_km": 0.72 }, "geometry": { "type": "LineString", "coordinates": [ [ -63.4267, -37.142 ], [ -63.4187, -37.1421 ] ] } },
{ "type": "Feature", "properties": { "nombre": "Camino sin nombre", "longitud_km": 1.97 }, "geometry": { "type": "LineString", "coordinates": [ [ -63.3856, -37.1422 ], [ -63.3856, -37.1244 ] ] } },
{ "type": "Feature", "properties": { "nombre": "Camino sin nombre", "longitud_km": 0.99 }, "geometry": { "type": "LineString", "coordinates": [ [ -63.3967, -37.1422 ], [ -63.3856, -37.1422 ] ] } },
{ "type": "Feature", "properties": { "nombre": "Camino sin nombre", "longitud_km": 2.5 }, "geometry": { "type": "LineString", "coordinates": [ [ -63.4139, -37.1331 ], [ -63.3967, -37.1334 ], [ -63.3967, -37.1422 ] ] } },
{ "type": "Feature", "properties": { "nombre": "Camino sin nombre", "longitud_km": 1.95 }, "geometry": { "type": "LineString", "coordinates": [ [ -63.4187, -37.1421 ], [ -63.3967, -37.1422 ] ] } },
{ "type": "Feature", "properties": { "nombre": "Camino sin nombre", "longitud_km": 6.54 }, "geometry": { "type": "LineString", "coordinates": [ [ -66.1697, -37.1006 ], [ -66.189, -37.0885 ], [ -66.21, -37.0846 ], [ -66.2355, -37.0927 ] ] } },
{ "type": "Feature", "properties": { "nombre": "Camino sin nombre", "longitud_km": 1.92 }, "geometry": { "type": "LineString", "coordinates": [ [ -63.7228, -37.124 ], [ -63.7232, -37.1413 ] ] } },
{ "type": "Feature", "properties": { "nombre": "Camino sin nombre", "longitud_km": 5.17 }, "geometry": { "type": "LineString", "coordinates": [ [ -63.7232, -37.1413 ], [ -63.779, -37.1279 ] ] } },
{ "type": "Feature", "properties": { "nombre": "Camino sin nombre", "longitud_km": 1.11 }, "geometry": { "type": "LineString", "coordinates": [ [ -63.6668, -37.1365 ], [ -63.6776, -37.1415 ] ] } },
{ "type": "Feature", "properties": { "nombre": "Camino sin nombre", "longitud_km": 1.95 }, "geometry": { "type": "LineString", "coordinates": [ [ -63.6775, -37.124 ], [ -63.6776, -37.1415 ] ] } },
{ "type": "Feature", "properties": { "nombre": "Camino sin nombre", "longitud_km": 1.92 }, "geometry": { "type": "LineString", "coordinates": [ [ -63.6776, -37.1415 ], [ -63.6992, -37.1415 ] ] } },
{ "type": "Feature", "properties": { "nombre": "Camino sin nombre", "longitud_km": 0.95 }, "geometry": { "type": "LineString", "coordinates": [ [ -63.6669, -37.1461 ], [ -63.6776, -37.146 ] ] } },
{ "type": "Feature", "properties": { "nombre": "Camino sin nombre", "longitud_km": 2.13 }, "geometry": { "type": "LineString", "coordinates": [ [ -63.6992, -37.1415 ], [ -63.7232, -37.1413 ] ] } },
{ "type": "Feature", "properties": { "nombre": "Camino sin nombre", "longitud_km": 2.02 }, "geometry": { "type": "LineString", "coordinates": [ [ -67.2072, -37.0544 ], [ -67.1975, -37.0708 ] ] } },
{ "type": "Feature", "properties": { "nombre": "Camino sin nombre", "longitud_km": 0.46 }, "geometry": { "type": "LineString", "coordinates": [ [ -63.7232, -37.1413 ], [ -63.7233, -37.1454 ] ] } },
{ "type": "Feature", "properties": { "nombre": "Camino sin nombre", "longitud_km": 5.15 }, "geometry": { "type": "LineString", "coordinates": [ [ -63.7233, -37.1454 ], [ -63.7789, -37.1322 ] ] } },
{ "type": "Feature", "properties": { "nombre": "Camino sin nombre", "longitud_km": 0.48 }, "geometry": { "type": "LineString", "coordinates": [ [ -63.6992, -37.1415 ], [ -63.6994, -37.1459 ] ] } },
{ "type": "Feature", "properties": { "nombre": "Camino sin nombre", "longitud_km": 2.12 }, "geometry": { "type": "LineString", "coordinates": [ [ -63.6994, -37.1459 ], [ -63.7233, -37.1454 ] ] } },
{ "type": "Feature", "properties": { "nombre": "Camino sin nombre", "longitud_km": 0.5 }, "geometry": { "type": "LineString", "coordinates": [ [ -63.6776, -37.1415 ], [ -63.6776, -37.146 ] ] } },
{ "type": "Feature", "properties": { "nombre": "Camino sin nombre", "longitud_km": 1.94 }, "geometry": { "type": "LineString", "coordinates": [ [ -63.6776, -37.146 ], [ -63.6994, -37.1459 ] ] } },
{ "type": "Feature", "properties": { "nombre": "Camino sin nombre", "longitud_km": 2.48 }, "geometry": { "type": "LineString", "coordinates": [ [ -63.6334, -37.1242 ], [ -63.6334, -37.1465 ] ] } },
{ "type": "Feature", "properties": { "nombre": "Camino sin nombre", "longitud_km": 2.98 }, "geometry": { "type": "LineString", "coordinates": [ [ -63.6334, -37.1465 ], [ -63.6669, -37.1461 ] ] } },
{ "type": "Feature", "properties": { "nombre": "Camino sin nombre", "longitud_km": 2.04 }, "geometry": { "type": "LineString", "coordinates": [ [ -63.8812, -37.15 ], [ -63.8815, -37.1683 ] ] } },
{ "type": "Feature", "properties": { "nombre": "Camino sin nombre", "longitud_km": 2.5 }, "geometry": { "type": "LineString", "coordinates": [ [ -63.6107, -37.1243 ], [ -63.6108, -37.1468 ] ] } },
{ "type": "Feature", "properties": { "nombre": "Camino sin nombre", "longitud_km": 2.01 }, "geometry": { "type": "LineString", "coordinates": [ [ -63.6334, -37.1465 ], [ -63.6108, -37.1468 ] ] } },
{ "type": "Feature", "properties": { "nombre": "Camino sin nombre", "longitud_km": 19.7 }, "geometry": { "type": "LineString", "coordinates": [ [ -65.5326, -37.0679 ], [ -65.5788, -37.0789 ], [ -65.6086, -37.0937 ], [ -65.6496, -37.1053 ], [ -65.743, -37.1184 ] ] } },
{ "type": "Feature", "properties": { "nombre": "Camino sin nombre", "longitud_km": 15.2 }, "geometry": { "type": "LineString", "coordinates": [ [ -65.743, -37.1184 ], [ -65.7307, -37.0943 ], [ -65.7391, -37.0847 ], [ -65.7442, -37.0685 ], [ -65.749, -37.024 ], [ -65.7454, -37.0127 ], [ -65.7572, -37.003 ], [ -65.7729, -37.0024 ] ] } },
{ "type": "Feature", "properties": { "nombre": "Camino sin nombre", "longitud_km": 2.48 }, "geometry": { "type": "LineString", "coordinates": [ [ -64.5813, -37.1408 ], [ -64.5816, -37.1185 ] ] } },
{ "type": "Feature", "properties": { "nombre": "Camino sin nombre", "longitud_km": 1.15 }, "geometry": { "type": "LineString", "coordinates": [ [ -64.5813, -37.1408 ], [ -64.5684, -37.141 ] ] } },
{ "type": "Feature", "properties": { "nombre": "Camino sin nombre", "longitud_km": 2.37 }, "geometry": { "type": "LineString", "coordinates": [ [ -64.5128, -37.1207 ], [ -64.5128, -37.142 ] ] } },
{ "type": "Feature", "properties": { "nombre": "Camino sin nombre", "longitud_km": 4.95 }, "geometry": { "type": "LineString", "coordinates": [ [ -64.5684, -37.141 ], [ -64.5128, -37.142 ] ] } },
{ "type": "Feature", "properties": { "nombre": "Camino sin nombre", "longitud_km": 1.77 }, "geometry": { "type": "LineString", "coordinates": [ [ -66.2355, -37.0927 ], [ -66.243, -37.1075 ] ] } },
{ "type": "Feature", "properties": { "nombre": "Camino sin nombre", "longitud_km": 3.0 }, "geometry": { "type": "LineString", "coordinates": [ [ -63.5538, -37.1513 ], [ -63.555, -37.1243 ] ] } },
{ "type": "Feature", "properties": { "nombre": "Camino sin nombre", "longitud_km": 5.09 }, "geometry": { "type": "LineString", "coordinates": [ [ -63.6108, -37.1468 ], [ -63.5538, -37.1513 ] ] } },
{ "type": "Feature", "properties": { "nombre": "Camino sin nombre", "longitud_km": 1.13 }, "geometry": { "type": "LineString", "coordinates": [ [ -64.5128, -37.1431 ], [ -64.5, -37.1432 ] ] } },
{ "type": "Feature", "properties": { "nombre": "Camino sin nombre", "longitud_km": 0.13 }, "geometry": { "type": "LineString", "coordinates": [ [ -64.5128, -37.142 ], [ -64.5128, -37.1431 ] ] } },
{ "type": "Feature", "properties": { "nombre": "Camino sin nombre", "longitud_km": 5.32 }, "geometry": { "type": "LineString", "coordinates": [ [ -63.9484, -37.1349 ], [ -64.0047, -37.1512 ] ] } },
{ "type": "Feature", "properties": { "nombre": "Camino sin nombre", "longitud_km": 13.11 }, "geometry": { "type": "LineString", "coordinates": [ [ -66.3688, -37.0585 ], [ -66.3348, -37.0582 ], [ -66.2796, -37.0949 ], [ -66.2545, -37.1082 ], [ -66.243, -37.1075 ] ] } },
{ "type": "Feature", "properties": { "nombre": "Camino sin nombre", "longitud_km": 2.54 }, "geometry": { "type": "LineString", "coordinates": [ [ -64.7382, -37.1402 ], [ -64.7383, -37.1173 ] ] } },
{ "type": "Feature", "properties": { "nombre": "Camino sin nombre", "longitud_km": 2.38 }, "geometry": { "type": "LineString", "coordinates": [ [ -63.9036, -37.1284 ], [ -63.9039, -37.1498 ] ] } },
{ "type": "Feature", "properties": { "nombre": "Camino sin nombre", "longitud_km": 2.79 }, "geometry": { "type": "LineString", "coordinates": [ [ -63.8809, -37.1249 ], [ -63.8812, -37.15 ] ] } },
{ "type": "Feature", "properties": { "nombre": "Camino sin nombre", "longitud_km": 2.02 }, "geometry": { "type": "LineString", "coordinates": [ [ -63.8812, -37.15 ], [ -63.9039, -37.1498 ] ] } },
{ "type": "Feature", "properties": { "nombre": "Camino sin nombre", "longitud_km": 4.06 }, "geometry": { "type": "LineString", "coordinates": [ [ -63.8355, -37.1503 ], [ -63.8812, -37.15 ] ] } },
{ "type": "Feature", "properties": { "nombre": "Camino sin nombre", "longitud_km": 3.96 }, "geometry": { "type": "LineString", "coordinates": [ [ -63.9039, -37.1498 ], [ -63.9485, -37.1501 ] ] } },
{ "type": "Feature", "properties": { "nombre": "Camino sin nombre", "longitud_km": 1.69 }, "geometry": { "type": "LineString", "coordinates": [ [ -63.9481, -37.1349 ], [ -63.9485, -37.1501 ] ] } },
{ "type": "Feature", "properties": { "nombre": "Camino sin nombre", "longitud_km": 1.26 }, "geometry": { "type": "LineString", "coordinates": [ [ -66.1697, -37.1006 ], [ -66.1731, -37.1116 ] ] } },
{ "type": "Feature", "properties": { "nombre": "Camino sin nombre", "longitud_km": 2.38 }, "geometry": { "type": "LineString", "coordinates": [ [ -65.743, -37.1184 ], [ -65.7694, -37.1219 ] ] } },
{ "type": "Feature", "properties": { "nombre": "Camino sin nombre", "longitud_km": 3.21 }, "geometry": { "type": "LineString", "coordinates": [ [ -64.0047, -37.1512 ], [ -64.005, -37.1223 ] ] } },
{ "type": "Feature", "properties": { "nombre": "Camino sin nombre", "longitud_km": 10.0 }, "geometry": { "type": "LineString", "coordinates": [ [ -64.1728, -37.1217 ], [ -64.1737, -37.2118 ] ] } },
{ "type": "Feature", "properties": { "nombre": "Camino sin nombre", "longitud_km": 2.07 }, "geometry": { "type": "LineString", "coordinates": [ [ -63.5538, -37.1513 ], [ -63.5311, -37.1552 ] ] } },
{ "type": "Feature", "properties": { "nombre": "Camino sin nombre", "longitud_km": 0.61 }, "geometry": { "type": "LineString", "coordinates": [ [ -64.0113, -37.1525 ], [ -64.0047, -37.1512 ] ] } },
{ "type": "Feature", "properties": { "nombre": "Camino sin nombre", "longitud_km": 5.75 }, "geometry": { "type": "LineString", "coordinates": [ [ -66.6438, -37.0819 ], [ -66.653, -37.0906 ], [ -66.7022, -37.0996 ] ] } },
{ "type": "Feature", "properties": { "nombre": "Camino sin nombre", "longitud_km": 8.12 }, "geometry": { "type": "LineString", "coordinates": [ [ -65.1299, -37.0663 ], [ -65.1306, -37.1395 ] ] } },
{ "type": "Feature", "properties": { "nombre": "Camino sin nombre", "longitud_km": 13.69 }, "geometry": { "type": "LineString", "coordinates": [ [ -66.9538, -37.0134 ], [ -66.9347, -37.0069 ], [ -66.9363, -37.0232 ], [ -66.9288, -37.0372 ], [ -66.9319, -37.0476 ], [ -66.928, -37.0558 ], [ -66.9414, -37.0674 ], [ -66.9062, -37.0955 ] ] } },
{ "type": "Feature", "properties": { "nombre": "Camino sin nombre", "longitud_km": 10.55 }, "geometry": { "type": "LineString", "coordinates": [ [ -65.1011, -37.0667 ], [ -65.1067, -37.1103 ], [ -65.1051, -37.1411 ], [ -65.1305, -37.1396 ] ] } },
{ "type": "Feature", "properties": { "nombre": "Camino sin nombre", "longitud_km": 3.69 }, "geometry": { "type": "LineString", "coordinates": [ [ -64.061, -37.1555 ], [ -64.0604, -37.1222 ] ] } },
{ "type": "Feature", "properties": { "nombre": "Camino sin nombre", "longitud_km": 1.97 }, "geometry": { "type": "LineString", "coordinates": [ [ -63.9485, -37.1501 ], [ -63.9487, -37.1679 ] ] } },
{ "type": "Feature", "properties": { "nombre": "Camino sin nombre", "longitud_km": 4.42 }, "geometry": { "type": "LineString", "coordinates": [ [ -64.061, -37.1555 ], [ -64.0113, -37.1525 ] ] } },
{ "type": "Feature", "properties": { "nombre": "Camino sin nombre", "longitud_km": 1.94 }, "geometry": { "type": "LineString", "coordinates": [ [ -63.3857, -37.1597 ], [ -63.3856, -37.1422 ] ] } },
{ "type": "Feature", "properties": { "nombre": "Camino sin nombre", "longitud_km": 2.81 }, "geometry": { "type": "LineString", "coordinates": [ [ -67.1975, -37.0708 ], [ -67.1737, -37.0876 ] ] } },
{ "type": "Feature", "properties": { "nombre": "Camino sin nombre", "longitud_km": 0.97 }, "geometry": { "type": "LineString", "coordinates": [ [ -63.3857, -37.1597 ], [ -63.3963, -37.1619 ] ] } },
{ "type": "Feature", "properties": { "nombre": "Camino sin nombre", "longitud_km": 2.18 }, "geometry": { "type": "LineString", "coordinates": [ [ -63.3967, -37.1422 ], [ -63.3963, -37.1619 ] ] } },
{ "type": "Feature", "properties": { "nombre": "Camino sin nombre", "longitud_km": 4.15 }, "geometry": { "type": "LineString", "coordinates": [ [ -63.4984, -37.1243 ], [ -63.4984, -37.1618 ] ] } },
{ "type": "Feature", "properties": { "nombre": "Camino sin nombre", "longitud_km": 1.73 }, "geometry": { "type": "LineString", "coordinates": [ [ -63.4222, -37.1665 ], [ -63.4416, -37.1646 ] ] } },
{ "type": "Feature", "properties": { "nombre": "Camino sin nombre", "longitud_km": 0.3 }, "geometry": { "type": "LineString", "coordinates": [ [ -63.4188, -37.1665 ], [ -63.4222, -37.1665 ] ] } },
{ "type": "Feature", "properties": { "nombre": "Camino sin nombre", "longitud_km": 2.07 }, "geometry": { "type": "LineString", "coordinates": [ [ -63.3963, -37.1619 ], [ -63.4188, -37.1665 ] ] } },
{ "type": "Feature", "properties": { "nombre": "Camino sin nombre", "longitud_km": 1.92 }, "geometry": { "type": "LineString", "coordinates": [ [ -64.7942, -37.1615 ], [ -64.7726, -37.1618 ] ] } },
{ "type": "Feature", "properties": { "nombre": "Camino sin nombre", "longitud_km": 0.9 }, "geometry": { "type": "LineString", "coordinates": [ [ -63.5285, -37.1631 ], [ -63.5311, -37.1552 ] ] } },
{ "type": "Feature", "properties": { "nombre": "Camino sin nombre", "longitud_km": 4.04 }, "geometry": { "type": "LineString", "coordinates": [ [ -64.3318, -37.1207 ], [ -64.3262, -37.1569 ] ] } },
{ "type": "Feature", "properties": { "nombre": "Camino sin nombre", "longitud_km": 2.53 }, "geometry": { "type": "LineString", "coordinates": [ [ -63.4416, -37.1418 ], [ -63.4416, -37.1646 ] ] } },
{ "type": "Feature", "properties": { "nombre": "Camino sin nombre", "longitud_km": 2.39 }, "geometry": { "type": "LineString", "coordinates": [ [ -63.5311, -37.1552 ], [ -63.5137, -37.1577 ], [ -63.5137, -37.1651 ] ] } },
{ "type": "Feature", "properties": { "nombre": "Camino sin nombre", "longitud_km": 1.34 }, "geometry": { "type": "LineString", "coordinates": [ [ -63.5285, -37.1631 ], [ -63.5137, -37.1651 ] ] } },
{ "type": "Feature", "properties": { "nombre": "Camino sin nombre", "longitud_km": 1.45 }, "geometry": { "type": "LineString", "coordinates": [ [ -64.626, -37.1634 ], [ -64.6097, -37.1635 ] ] } },
{ "type": "Feature", "properties": { "nombre": "Camino sin nombre", "longitud_km": 4.05 }, "geometry": { "type": "LineString", "coordinates": [ [ -63.7785, -37.1687 ], [ -63.7789, -37.1322 ] ] } },
{ "type": "Feature", "properties": { "nombre": "Camino sin nombre", "longitud_km": 4.75 }, "geometry": { "type": "LineString", "coordinates": [ [ -63.4701, -37.1241 ], [ -63.4695, -37.1669 ] ] } },
{ "type": "Feature", "properties": { "nombre": "Camino sin nombre", "longitud_km": 2.63 }, "geometry": { "type": "LineString", "coordinates": [ [ -63.4695, -37.1669 ], [ -63.4984, -37.1618 ] ] } },
{ "type": "Feature", "properties": { "nombre": "Camino sin nombre", "longitud_km": 2.49 }, "geometry": { "type": "LineString", "coordinates": [ [ -63.4416, -37.1646 ], [ -63.4695, -37.1669 ] ] } },
{ "type": "Feature", "properties": { "nombre": "Camino sin nombre", "longitud_km": 0.6 }, "geometry": { "type": "LineString", "coordinates": [ [ -63.4984, -37.1618 ], [ -63.4984, -37.1671 ] ] } },
{ "type": "Feature", "properties": { "nombre": "Camino sin nombre", "longitud_km": 1.38 }, "geometry": { "type": "LineString", "coordinates": [ [ -63.5137, -37.1651 ], [ -63.4984, -37.1671 ] ] } },
{ "type": "Feature", "properties": { "nombre": "Camino sin nombre", "longitud_km": 1.06 }, "geometry": { "type": "LineString", "coordinates": [ [ -63.3857, -37.1693 ], [ -63.3857, -37.1597 ] ] } },
{ "type": "Feature", "properties": { "nombre": "Camino sin nombre", "longitud_km": 0.96 }, "geometry": { "type": "LineString", "coordinates": [ [ -63.3857, -37.1693 ], [ -63.3965, -37.1697 ] ] } },
{ "type": "Feature", "properties": { "nombre": "Camino sin nombre", "longitud_km": 0.87 }, "geometry": { "type": "LineString", "coordinates": [ [ -63.3963, -37.1619 ], [ -63.3965, -37.1697 ] ] } },
{ "type": "Feature", "properties": { "nombre": "Camino sin nombre", "longitud_km": 0.94 }, "geometry": { "type": "LineString", "coordinates": [ [ -63.6672, -37.1689 ], [ -63.6778, -37.1689 ] ] } },
{ "type": "Feature", "properties": { "nombre": "Camino sin nombre", "longitud_km": 2.54 }, "geometry": { "type": "LineString", "coordinates": [ [ -63.6776, -37.146 ], [ -63.6778, -37.1689 ] ] } },
{ "type": "Feature", "properties": { "nombre": "Camino sin nombre", "longitud_km": 2.51 }, "geometry": { "type": "LineString", "coordinates": [ [ -63.6334, -37.1465 ], [ -63.6331, -37.1691 ] ] } },
{ "type": "Feature", "properties": { "nombre": "Camino sin nombre", "longitud_km": 3.03 }, "geometry": { "type": "LineString", "coordinates": [ [ -63.6672, -37.1689 ], [ -63.6331, -37.1691 ] ] } },
{ "type": "Feature", "properties": { "nombre": "Camino sin nombre", "longitud_km": 0.06 }, "geometry": { "type": "LineString", "coordinates": [ [ -63.6331, -37.1691 ], [ -63.6325, -37.1692 ] ] } },
{ "type": "Feature", "properties": { "nombre": "Camino sin nombre", "longitud_km": 0.98 }, "geometry": { "type": "LineString", "coordinates": [ [ -63.6325, -37.1692 ], [ -63.6215, -37.1692 ] ] } },
{ "type": "Feature", "properties": { "nombre": "Camino sin nombre", "longitud_km": 2.5 }, "geometry": { "type": "LineString", "coordinates": [ [ -63.6108, -37.1468 ], [ -63.6106, -37.1693 ] ] } },
{ "type": "Feature", "properties": { "nombre": "Camino sin nombre", "longitud_km": 0.96 }, "geometry": { "type": "LineString", "coordinates": [ [ -63.6215, -37.1692 ], [ -63.6106, -37.1693 ] ] } },
{ "type": "Feature", "properties": { "nombre": "Camino sin nombre", "longitud_km": 0.96 }, "geometry": { "type": "LineString", "coordinates": [ [ -63.6106, -37.1693 ], [ -63.5997, -37.1694 ] ] } },
{ "type": "Feature", "properties": { "nombre": "Camino sin nombre", "longitud_km": 7.2 }, "geometry": { "type": "LineString", "coordinates": [ [ -63.5997, -37.1694 ], [ -63.5273, -37.1699 ], [ -63.5285, -37.1631 ] ] } },
{ "type": "Feature", "properties": { "nombre": "Camino sin nombre", "longitud_km": 1.99 }, "geometry": { "type": "LineString", "coordinates": [ [ -63.6778, -37.1689 ], [ -63.7002, -37.1689 ] ] } },
{ "type": "Feature", "properties": { "nombre": "Camino sin nombre", "longitud_km": 2.56 }, "geometry": { "type": "LineString", "coordinates": [ [ -63.6994, -37.1459 ], [ -63.7002, -37.1689 ] ] } },
{ "type": "Feature", "properties": { "nombre": "Camino sin nombre", "longitud_km": 2.02 }, "geometry": { "type": "LineString", "coordinates": [ [ -63.7002, -37.1689 ], [ -63.723, -37.1689 ] ] } },
{ "type": "Feature", "properties": { "nombre": "Camino sin nombre", "longitud_km": 2.61 }, "geometry": { "type": "LineString", "coordinates": [ [ -63.7233, -37.1454 ], [ -63.723, -37.1689 ] ] } },
{ "type": "Feature", "properties": { "nombre": "Camino sin nombre", "longitud_km": 1.12 }, "geometry": { "type": "LineString", "coordinates": [ [ -63.7785, -37.1687 ], [ -63.7912, -37.1687 ] ] } },
{ "type": "Feature", "properties": { "nombre": "Camino sin nombre", "longitud_km": 2.04 }, "geometry": { "type": "LineString", "coordinates": [ [ -63.723, -37.1689 ], [ -63.746, -37.169 ] ] } },
{ "type": "Feature", "properties": { "nombre": "Camino sin nombre", "longitud_km": 2.89 }, "geometry": { "type": "LineString", "coordinates": [ [ -63.746, -37.169 ], [ -63.7785, -37.1687 ] ] } },
{ "type": "Feature", "properties": { "nombre": "Camino sin nombre", "longitud_km": 3.95 }, "geometry": { "type": "LineString", "coordinates": [ [ -63.7912, -37.1687 ], [ -63.8356, -37.1686 ] ] } },
{ "type": "Feature", "properties": { "nombre": "Camino sin nombre", "longitud_km": 4.07 }, "geometry": { "type": "LineString", "coordinates": [ [ -63.8356, -37.1686 ], [ -63.8815, -37.1683 ] ] } },
{ "type": "Feature", "properties": { "nombre": "Camino sin nombre", "longitud_km": 2.01 }, "geometry": { "type": "LineString", "coordinates": [ [ -63.8815, -37.1683 ], [ -63.9042, -37.1682 ] ] } },
{ "type": "Feature", "properties": { "nombre": "Camino sin nombre", "longitud_km": 2.04 }, "geometry": { "type": "LineString", "coordinates": [ [ -63.9039, -37.1498 ], [ -63.9042, -37.1682 ] ] } },
{ "type": "Feature", "properties": { "nombre": "Camino sin nombre", "longitud_km": 3.95 }, "geometry": { "type": "LineString", "coordinates": [ [ -63.9042, -37.1682 ], [ -63.9487, -37.1679 ] ] } },
{ "type": "Feature", "properties": { "nombre": "Camino sin nombre", "longitud_km": 4.22 }, "geometry": { "type": "LineString", "coordinates": [ [ -65.7689, -37.1377 ], [ -65.8163, -37.1384 ] ] } },
{ "type": "Feature", "properties": { "nombre": "Camino sin nombre", "longitud_km": 2.95 }, "geometry": { "type": "LineString", "coordinates": [ [ -65.8163, -37.1384 ], [ -65.8495, -37.139 ] ] } },
{ "type": "Feature", "properties": { "nombre": "Camino sin nombre", "longitud_km": 1.14 }, "geometry": { "type": "LineString", "coordinates": [ [ -64.5128, -37.1643 ], [ -64.5, -37.1644 ] ] } },
{ "type": "Feature", "properties": { "nombre": "Camino sin nombre", "longitud_km": 2.35 }, "geometry": { "type": "LineString", "coordinates": [ [ -64.5128, -37.1431 ], [ -64.5128, -37.1643 ] ] } },
{ "type": "Feature", "properties": { "nombre": "Camino sin nombre", "longitud_km": 4.97 }, "geometry": { "type": "LineString", "coordinates": [ [ -64.5688, -37.1639 ], [ -64.5128, -37.1643 ] ] } },
{ "type": "Feature", "properties": { "nombre": "Camino sin nombre", "longitud_km": 1.25 }, "geometry": { "type": "LineString", "coordinates": [ [ -63.3965, -37.1697 ], [ -63.4097, -37.1736 ] ] } },
{ "type": "Feature", "properties": { "nombre": "Camino sin nombre", "longitud_km": 1.08 }, "geometry": { "type": "LineString", "coordinates": [ [ -64.581, -37.1638 ], [ -64.5688, -37.1639 ] ] } },
{ "type": "Feature", "properties": { "nombre": "Camino sin nombre", "longitud_km": 2.55 }, "geometry": { "type": "LineString", "coordinates": [ [ -64.581, -37.1638 ], [ -64.5813, -37.1408 ] ] } },
{ "type": "Feature", "properties": { "nombre": "Camino sin nombre", "longitud_km": 2.55 }, "geometry": { "type": "LineString", "coordinates": [ [ -64.6097, -37.1635 ], [ -64.581, -37.1638 ] ] } },
{ "type": "Feature", "properties": { "nombre": "Camino sin nombre", "longitud_km": 5.18 }, "geometry": { "type": "LineString", "coordinates": [ [ -64.6097, -37.1635 ], [ -64.6052, -37.1351 ], [ -64.597, -37.1183 ] ] } },
{ "type": "Feature", "properties": { "nombre": "Camino sin nombre", "longitud_km": 5.75 }, "geometry": { "type": "LineString", "coordinates": [ [ -65.8825, -37.0877 ], [ -65.8807, -37.1395 ] ] } },
{ "type": "Feature", "properties": { "nombre": "Camino sin nombre", "longitud_km": 1.1 }, "geometry": { "type": "LineString", "coordinates": [ [ -63.4097, -37.1736 ], [ -63.4221, -37.1738 ] ] } },
{ "type": "Feature", "properties": { "nombre": "Camino sin nombre", "longitud_km": 0.81 }, "geometry": { "type": "LineString", "coordinates": [ [ -63.4222, -37.1665 ], [ -63.4221, -37.1738 ] ] } },
{ "type": "Feature", "properties": { "nombre": "Camino sin nombre", "longitud_km": 0.63 }, "geometry": { "type": "LineString", "coordinates": [ [ -64.6332, -37.1633 ], [ -64.626, -37.1634 ] ] } },
{ "type": "Feature", "properties": { "nombre": "Camino sin nombre", "longitud_km": 5.21 }, "geometry": { "type": "LineString", "coordinates": [ [ -64.6332, -37.1633 ], [ -64.6335, -37.1513 ], [ -64.6255, -37.1408 ], [ -64.6255, -37.1182 ] ] } },
{ "type": "Feature", "properties": { "nombre": "Camino sin nombre", "longitud_km": 4.34 }, "geometry": { "type": "LineString", "coordinates": [ [ -64.682, -37.1629 ], [ -64.6332, -37.1633 ] ] } },
{ "type": "Feature", "properties": { "nombre": "Camino sin nombre", "longitud_km": 5.05 }, "geometry": { "type": "LineString", "coordinates": [ [ -64.682, -37.1629 ], [ -64.6814, -37.1174 ] ] } },
{ "type": "Feature", "properties": { "nombre": "Camino sin nombre", "longitud_km": 2.43 }, "geometry": { "type": "LineString", "coordinates": [ [ -64.7094, -37.1626 ], [ -64.682, -37.1629 ] ] } },
{ "type": "Feature", "properties": { "nombre": "Camino sin nombre", "longitud_km": 2.61 }, "geometry": { "type": "LineString", "coordinates": [ [ -64.7094, -37.1626 ], [ -64.7109, -37.1391 ] ] } },
{ "type": "Feature", "properties": { "nombre": "Camino sin nombre", "longitud_km": 5.43 }, "geometry": { "type": "LineString", "coordinates": [ [ -64.7726, -37.1618 ], [ -64.7711, -37.1393 ], [ -64.7382, -37.1402 ] ] } },
{ "type": "Feature", "properties": { "nombre": "Camino sin nombre", "longitud_km": 2.56 }, "geometry": { "type": "LineString", "coordinates": [ [ -64.7382, -37.1623 ], [ -64.7094, -37.1626 ] ] } },
{ "type": "Feature", "properties": { "nombre": "Camino sin nombre", "longitud_km": 2.46 }, "geometry": { "type": "LineString", "coordinates": [ [ -64.7382, -37.1623 ], [ -64.7382, -37.1402 ] ] } },
{ "type": "Feature", "properties": { "nombre": "Camino sin nombre", "longitud_km": 3.05 }, "geometry": { "type": "LineString", "coordinates": [ [ -64.7726, -37.1618 ], [ -64.7382, -37.1623 ] ] } },
{ "type": "Feature", "properties": { "nombre": "Camino sin nombre", "longitud_km": 21.42 }, "geometry": { "type": "LineString", "coordinates": [ [ -65.8992, -37.088 ], [ -65.9037, -37.1063 ], [ -65.9189, -37.1091 ], [ -65.9274, -37.1241 ], [ -65.9269, -37.1387 ], [ -65.9222, -37.1419 ], [ -65.9266, -37.1631 ], [ -65.9165, -37.187 ], [ -65.9267, -37.2656 ] ] } },
{ "type": "Feature", "properties": { "nombre": "Camino sin nombre", "longitud_km": 8.45 }, "geometry": { "type": "LineString", "coordinates": [ [ -66.0988, -37.0696 ], [ -66.0897, -37.0747 ], [ -66.0845, -37.0852 ], [ -66.0892, -37.0886 ], [ -66.0798, -37.1066 ], [ -66.0866, -37.1281 ], [ -66.084, -37.1371 ] ] } },
{ "type": "Feature", "properties": { "nombre": "Camino sin nombre", "longitud_km": 1.07 }, "geometry": { "type": "LineString", "coordinates": [ [ -64.5128, -37.1643 ], [ -64.5137, -37.1739 ] ] } },
{ "type": "Feature", "properties": { "nombre": "Camino sin nombre", "longitud_km": 8.42 }, "geometry": { "type": "LineString", "coordinates": [ [ -66.1731, -37.1116 ], [ -66.084, -37.1371 ] ] } },
{ "type": "Feature", "properties": { "nombre": "Camino sin nombre", "longitud_km": 3.22 }, "geometry": { "type": "LineString", "coordinates": [ [ -63.4984, -37.1671 ], [ -63.4984, -37.1962 ] ] } },
{ "type": "Feature", "properties": { "nombre": "Camino sin nombre", "longitud_km": 1.95 }, "geometry": { "type": "LineString", "coordinates": [ [ -66.084, -37.1371 ], [ -66.0876, -37.1545 ] ] } },
{ "type": "Feature", "properties": { "nombre": "Camino sin nombre", "longitud_km": 1.89 }, "geometry": { "type": "LineString", "coordinates": [ [ -63.4221, -37.1738 ], [ -63.4283, -37.1738 ], [ -63.4298, -37.1858 ] ] } },
{ "type": "Feature", "properties": { "nombre": "Camino sin nombre", "longitud_km": 6.29 }, "geometry": { "type": "LineString", "coordinates": [ [ -66.1731, -37.1116 ], [ -66.1537, -37.1325 ], [ -66.1475, -37.1627 ] ] } },
{ "type": "Feature", "properties": { "nombre": "Camino sin nombre", "longitud_km": 11.83 }, "geometry": { "type": "LineString", "coordinates": [ [ -64.0055, -37.2578 ], [ -64.0047, -37.1512 ] ] } },
{ "type": "Feature", "properties": { "nombre": "Camino sin nombre", "longitud_km": 6.87 }, "geometry": { "type": "LineString", "coordinates": [ [ -66.1731, -37.1116 ], [ -66.1855, -37.1527 ], [ -66.2, -37.1686 ] ] } },
{ "type": "Feature", "properties": { "nombre": "Camino sin nombre", "longitud_km": 2.01 }, "geometry": { "type": "LineString", "coordinates": [ [ -63.6325, -37.1692 ], [ -63.6329, -37.1873 ] ] } },
{ "type": "Feature", "properties": { "nombre": "Camino sin nombre", "longitud_km": 2.02 }, "geometry": { "type": "LineString", "coordinates": [ [ -63.6215, -37.1692 ], [ -63.621, -37.1874 ] ] } },
{ "type": "Feature", "properties": { "nombre": "Camino sin nombre", "longitud_km": 2.03 }, "geometry": { "type": "LineString", "coordinates": [ [ -63.5997, -37.1694 ], [ -63.5996, -37.1876 ] ] } },
{ "type": "Feature", "properties": { "nombre": "Camino sin nombre", "longitud_km": 0.66 }, "geometry": { "type": "LineString", "coordinates": [ [ -64.5137, -37.1739 ], [ -64.5147, -37.1798 ] ] } },
{ "type": "Feature", "properties": { "nombre": "Camino sin nombre", "longitud_km": 1.76 }, "geometry": { "type": "LineString", "coordinates": [ [ -63.4097, -37.1736 ], [ -63.4095, -37.1894 ] ] } },
{ "type": "Feature", "properties": { "nombre": "Camino sin nombre", "longitud_km": 1.85 }, "geometry": { "type": "LineString", "coordinates": [ [ -63.4095, -37.1894 ], [ -63.4298, -37.1858 ] ] } },
{ "type": "Feature", "properties": { "nombre": "Camino sin nombre", "longitud_km": 6.73 }, "geometry": { "type": "LineString", "coordinates": [ [ -65.1875, -37.1102 ], [ -65.189, -37.1708 ] ] } },
{ "type": "Feature", "properties": { "nombre": "Camino sin nombre", "longitud_km": 7.11 }, "geometry": { "type": "LineString", "coordinates": [ [ -66.243, -37.1075 ], [ -66.2547, -37.1436 ], [ -66.2505, -37.151 ], [ -66.2528, -37.1695 ] ] } },
{ "type": "Feature", "properties": { "nombre": "Camino sin nombre", "longitud_km": 13.04 }, "geometry": { "type": "LineString", "coordinates": [ [ -66.3306, -37.1628 ], [ -66.3333, -37.0912 ], [ -66.3438, -37.089 ], [ -66.355, -37.0687 ], [ -66.3688, -37.0585 ] ] } },
{ "type": "Feature", "properties": { "nombre": "Camino sin nombre", "longitud_km": 1.17 }, "geometry": { "type": "LineString", "coordinates": [ [ -63.4298, -37.1858 ], [ -63.4373, -37.1945 ] ] } },
{ "type": "Feature", "properties": { "nombre": "Camino sin nombre", "longitud_km": 6.28 }, "geometry": { "type": "LineString", "coordinates": [ [ -64.5694, -37.1865 ], [ -64.533, -37.1859 ], [ -64.5321, -37.1732 ], [ -64.5137, -37.1739 ] ] } },
{ "type": "Feature", "properties": { "nombre": "Camino sin nombre", "longitud_km": 2.47 }, "geometry": { "type": "LineString", "coordinates": [ [ -64.7387, -37.1846 ], [ -64.7382, -37.1623 ] ] } },
{ "type": "Feature", "properties": { "nombre": "Camino sin nombre", "longitud_km": 5.4 }, "geometry": { "type": "LineString", "coordinates": [ [ -63.5592, -37.1961 ], [ -63.4984, -37.1962 ] ] } },
{ "type": "Feature", "properties": { "nombre": "Camino sin nombre", "longitud_km": 2.55 }, "geometry": { "type": "LineString", "coordinates": [ [ -63.3856, -37.1923 ], [ -63.3857, -37.1693 ] ] } },
{ "type": "Feature", "properties": { "nombre": "Camino sin nombre", "longitud_km": 13.8 }, "geometry": { "type": "LineString", "coordinates": [ [ -64.3983, -37.12 ], [ -64.3994, -37.2444 ] ] } },
{ "type": "Feature", "properties": { "nombre": "Camino sin nombre", "longitud_km": 3.6 }, "geometry": { "type": "LineString", "coordinates": [ [ -63.5997, -37.1962 ], [ -63.5592, -37.1961 ] ] } },
{ "type": "Feature", "properties": { "nombre": "Camino sin nombre", "longitud_km": 2.54 }, "geometry": { "type": "LineString", "coordinates": [ [ -64.7103, -37.1855 ], [ -64.7094, -37.1626 ] ] } },
{ "type": "Feature", "properties": { "nombre": "Camino sin nombre", "longitud_km": 2.52 }, "geometry": { "type": "LineString", "coordinates": [ [ -64.7387, -37.1846 ], [ -64.7103, -37.1855 ] ] } },
{ "type": "Feature", "properties": { "nombre": "Camino sin nombre", "longitud_km": 2.6 }, "geometry": { "type": "LineString", "coordinates": [ [ -64.6823, -37.1863 ], [ -64.682, -37.1629 ] ] } },
{ "type": "Feature", "properties": { "nombre": "Camino sin nombre", "longitud_km": 2.48 }, "geometry": { "type": "LineString", "coordinates": [ [ -64.7103, -37.1855 ], [ -64.6823, -37.1863 ] ] } },
{ "type": "Feature", "properties": { "nombre": "Camino sin nombre", "longitud_km": 6.27 }, "geometry": { "type": "LineString", "coordinates": [ [ -64.8398, -37.1867 ], [ -64.8252, -37.1858 ], [ -64.8133, -37.1773 ], [ -64.8141, -37.1612 ], [ -64.7942, -37.1615 ] ] } },
{ "type": "Feature", "properties": { "nombre": "Camino sin nombre", "longitud_km": 1.06 }, "geometry": { "type": "LineString", "coordinates": [ [ -64.8512, -37.184 ], [ -64.8398, -37.1867 ] ] } },
{ "type": "Feature", "properties": { "nombre": "Camino sin nombre", "longitud_km": 1.14 }, "geometry": { "type": "LineString", "coordinates": [ [ -63.3856, -37.2025 ], [ -63.3856, -37.1923 ] ] } },
{ "type": "Feature", "properties": { "nombre": "Camino sin nombre", "longitud_km": 1.9 }, "geometry": { "type": "LineString", "coordinates": [ [ -63.4069, -37.2025 ], [ -63.3856, -37.2025 ] ] } },
{ "type": "Feature", "properties": { "nombre": "Camino sin nombre", "longitud_km": 0.18 }, "geometry": { "type": "LineString", "coordinates": [ [ -63.409, -37.2026 ], [ -63.4069, -37.2025 ] ] } },
{ "type": "Feature", "properties": { "nombre": "Camino sin nombre", "longitud_km": 1.46 }, "geometry": { "type": "LineString", "coordinates": [ [ -63.4095, -37.1894 ], [ -63.409, -37.2026 ] ] } },
{ "type": "Feature", "properties": { "nombre": "Camino sin nombre", "longitud_km": 2.52 }, "geometry": { "type": "LineString", "coordinates": [ [ -63.4373, -37.2027 ], [ -63.409, -37.2026 ] ] } },
{ "type": "Feature", "properties": { "nombre": "Camino sin nombre", "longitud_km": 0.91 }, "geometry": { "type": "LineString", "coordinates": [ [ -63.4373, -37.1945 ], [ -63.4373, -37.2027 ] ] } },
{ "type": "Feature", "properties": { "nombre": "Camino sin nombre", "longitud_km": 4.04 }, "geometry": { "type": "LineString", "coordinates": [ [ -65.1212, -37.1613 ], [ -65.1469, -37.1708 ], [ -65.151, -37.1842 ] ] } },
{ "type": "Feature", "properties": { "nombre": "Camino sin nombre", "longitud_km": 3.69 }, "geometry": { "type": "LineString", "coordinates": [ [ -65.151, -37.1842 ], [ -65.189, -37.1708 ] ] } },
{ "type": "Feature", "properties": { "nombre": "Camino sin nombre", "longitud_km": 5.31 }, "geometry": { "type": "LineString", "coordinates": [ [ -66.1395, -37.1624 ], [ -66.1301, -37.1556 ], [ -66.1062, -37.1552 ], [ -66.0948, -37.1493 ], [ -66.0876, -37.1545 ] ] } },
{ "type": "Feature", "properties": { "nombre": "Camino sin nombre", "longitud_km": 0.71 }, "geometry": { "type": "LineString", "coordinates": [ [ -66.1395, -37.1624 ], [ -66.1475, -37.1627 ] ] } },
{ "type": "Feature", "properties": { "nombre": "Camino sin nombre", "longitud_km": 2.17 }, "geometry": { "type": "LineString", "coordinates": [ [ -63.5814, -37.2042 ], [ -63.5592, -37.1961 ] ] } },
{ "type": "Feature", "properties": { "nombre": "Camino sin nombre", "longitud_km": 5.74 }, "geometry": { "type": "LineString", "coordinates": [ [ -63.4373, -37.1945 ], [ -63.4457, -37.2011 ], [ -63.4983, -37.2052 ] ] } },
{ "type": "Feature", "properties": { "nombre": "Camino sin nombre", "longitud_km": 1.0 }, "geometry": { "type": "LineString", "coordinates": [ [ -63.4984, -37.1962 ], [ -63.4983, -37.2052 ] ] } },
{ "type": "Feature", "properties": { "nombre": "Camino sin nombre", "longitud_km": 1.25 }, "geometry": { "type": "LineString", "coordinates": [ [ -64.5696, -37.1957 ], [ -64.5837, -37.1957 ] ] } },
{ "type": "Feature", "properties": { "nombre": "Camino sin nombre", "longitud_km": 2.84 }, "geometry": { "type": "LineString", "coordinates": [ [ -64.5147, -37.1798 ], [ -64.5098, -37.1837 ], [ -64.5137, -37.1875 ], [ -64.5002, -37.1981 ] ] } },
{ "type": "Feature", "properties": { "nombre": "Camino sin nombre", "longitud_km": 3.89 }, "geometry": { "type": "LineString", "coordinates": [ [ -64.6262, -37.1985 ], [ -64.626, -37.1634 ] ] } },
{ "type": "Feature", "properties": { "nombre": "Camino sin nombre", "longitud_km": 5.0 }, "geometry": { "type": "LineString", "coordinates": [ [ -64.6825, -37.1983 ], [ -64.6262, -37.1985 ] ] } },
{ "type": "Feature", "properties": { "nombre": "Camino sin nombre", "longitud_km": 1.33 }, "geometry": { "type": "LineString", "coordinates": [ [ -64.6825, -37.1983 ], [ -64.6823, -37.1863 ] ] } },
{ "type": "Feature", "properties": { "nombre": "Camino sin nombre", "longitud_km": 4.71 }, "geometry": { "type": "LineString", "coordinates": [ [ -66.1475, -37.1627 ], [ -66.2, -37.1686 ] ] } },
{ "type": "Feature", "properties": { "nombre": "Camino sin nombre", "longitud_km": 1.66 }, "geometry": { "type": "LineString", "coordinates": [ [ -66.2, -37.1686 ], [ -66.2187, -37.1687 ] ] } },
{ "type": "Feature", "properties": { "nombre": "Camino sin nombre", "longitud_km": 8.14 }, "geometry": { "type": "LineString", "coordinates": [ [ -67.8966, -37.1196 ], [ -67.9051, -37.1118 ], [ -67.9352, -37.1051 ], [ -67.9462, -37.1031 ], [ -67.9547, -37.1086 ], [ -67.9792, -37.1043 ] ] } },
{ "type": "Feature", "properties": { "nombre": "Camino sin nombre", "longitud_km": 7.24 }, "geometry": { "type": "LineString", "coordinates": [ [ -65.7243, -37.1819 ], [ -65.743, -37.1184 ] ] } },
{ "type": "Feature", "properties": { "nombre": "Camino sin nombre", "longitud_km": 3.01 }, "geometry": { "type": "LineString", "coordinates": [ [ -66.2187, -37.1687 ], [ -66.2526, -37.1695 ] ] } },
{ "type": "Feature", "properties": { "nombre": "Camino sin nombre", "longitud_km": 0.02 }, "geometry": { "type": "LineString", "coordinates": [ [ -66.2526, -37.1695 ], [ -66.2528, -37.1695 ] ] } },
{ "type": "Feature", "properties": { "nombre": "Camino sin nombre", "longitud_km": 3.79 }, "geometry": { "type": "LineString", "coordinates": [ [ -65.767, -37.1828 ], [ -65.7243, -37.1819 ] ] } },
{ "type": "Feature", "properties": { "nombre": "Camino sin nombre", "longitud_km": 7.44 }, "geometry": { "type": "LineString", "coordinates": [ [ -63.5997, -37.2009 ], [ -63.6001, -37.2139 ], [ -63.6676, -37.214 ] ] } },
{ "type": "Feature", "properties": { "nombre": "Camino sin nombre", "longitud_km": 1.39 }, "geometry": { "type": "LineString", "coordinates": [ [ -63.3855, -37.215 ], [ -63.3856, -37.2025 ] ] } },
{ "type": "Feature", "properties": { "nombre": "Camino sin nombre", "longitud_km": 5.01 }, "geometry": { "type": "LineString", "coordinates": [ [ -63.7002, -37.1689 ], [ -63.7009, -37.2141 ] ] } },
{ "type": "Feature", "properties": { "nombre": "Camino sin nombre", "longitud_km": 2.0 }, "geometry": { "type": "LineString", "coordinates": [ [ -63.7234, -37.2139 ], [ -63.7009, -37.2141 ] ] } },
{ "type": "Feature", "properties": { "nombre": "Camino sin nombre", "longitud_km": 2.96 }, "geometry": { "type": "LineString", "coordinates": [ [ -63.7009, -37.2141 ], [ -63.6676, -37.214 ] ] } },
{ "type": "Feature", "properties": { "nombre": "Camino sin nombre", "longitud_km": 2.01 }, "geometry": { "type": "LineString", "coordinates": [ [ -63.746, -37.2138 ], [ -63.7234, -37.2139 ] ] } },
{ "type": "Feature", "properties": { "nombre": "Camino sin nombre", "longitud_km": 4.98 }, "geometry": { "type": "LineString", "coordinates": [ [ -63.746, -37.169 ], [ -63.746, -37.2138 ] ] } },
{ "type": "Feature", "properties": { "nombre": "Camino sin nombre", "longitud_km": 4.01 }, "geometry": { "type": "LineString", "coordinates": [ [ -63.7912, -37.2136 ], [ -63.746, -37.2138 ] ] } },
{ "type": "Feature", "properties": { "nombre": "Camino sin nombre", "longitud_km": 4.98 }, "geometry": { "type": "LineString", "coordinates": [ [ -63.7912, -37.1687 ], [ -63.7912, -37.2136 ] ] } },
{ "type": "Feature", "properties": { "nombre": "Camino sin nombre", "longitud_km": 3.97 }, "geometry": { "type": "LineString", "coordinates": [ [ -63.8359, -37.2137 ], [ -63.7912, -37.2136 ] ] } },
{ "type": "Feature", "properties": { "nombre": "Camino sin nombre", "longitud_km": 5.01 }, "geometry": { "type": "LineString", "coordinates": [ [ -64.1737, -37.2118 ], [ -64.211, -37.2099 ], [ -64.2277, -37.2027 ] ] } },
{ "type": "Feature", "properties": { "nombre": "Camino sin nombre", "longitud_km": 9.19 }, "geometry": { "type": "LineString", "coordinates": [ [ -65.8163, -37.1384 ], [ -65.815, -37.1828 ], [ -65.767, -37.1828 ] ] } },
{ "type": "Feature", "properties": { "nombre": "Camino sin nombre", "longitud_km": 6.87 }, "geometry": { "type": "LineString", "coordinates": [ [ -66.2528, -37.1695 ], [ -66.3301, -37.1715 ] ] } },
{ "type": "Feature", "properties": { "nombre": "Camino sin nombre", "longitud_km": 0.97 }, "geometry": { "type": "LineString", "coordinates": [ [ -66.3301, -37.1715 ], [ -66.3306, -37.1628 ] ] } },
{ "type": "Feature", "properties": { "nombre": "Camino sin nombre", "longitud_km": 11.99 }, "geometry": { "type": "LineString", "coordinates": [ [ -66.9062, -37.0955 ], [ -66.796, -37.1579 ] ] } },
{ "type": "Feature", "properties": { "nombre": "Camino sin nombre", "longitud_km": 2.0 }, "geometry": { "type": "LineString", "coordinates": [ [ -66.7726, -37.1411 ], [ -66.777, -37.1587 ] ] } },
{ "type": "Feature", "properties": { "nombre": "Camino sin nombre", "longitud_km": 2.53 }, "geometry": { "type": "LineString", "coordinates": [ [ -64.7389, -37.2074 ], [ -64.7387, -37.1846 ] ] } },
{ "type": "Feature", "properties": { "nombre": "Camino sin nombre", "longitud_km": 1.49 }, "geometry": { "type": "LineString", "coordinates": [ [ -64.7557, -37.2071 ], [ -64.7389, -37.2074 ] ] } },
{ "type": "Feature", "properties": { "nombre": "Camino sin nombre", "longitud_km": 5.8 }, "geometry": { "type": "LineString", "coordinates": [ [ -64.7557, -37.2071 ], [ -64.7619, -37.2037 ], [ -64.7606, -37.1796 ], [ -64.7731, -37.1701 ], [ -64.7726, -37.1618 ] ] } },
{ "type": "Feature", "properties": { "nombre": "Camino sin nombre", "longitud_km": 3.51 }, "geometry": { "type": "LineString", "coordinates": [ [ -64.7952, -37.2066 ], [ -64.7557, -37.2071 ] ] } },
{ "type": "Feature", "properties": { "nombre": "Camino sin nombre", "longitud_km": 5.01 }, "geometry": { "type": "LineString", "coordinates": [ [ -64.7952, -37.2066 ], [ -64.7942, -37.1615 ] ] } },
{ "type": "Feature", "properties": { "nombre": "Camino sin nombre", "longitud_km": 1.94 }, "geometry": { "type": "LineString", "coordinates": [ [ -64.8171, -37.2063 ], [ -64.7952, -37.2066 ] ] } },
{ "type": "Feature", "properties": { "nombre": "Camino sin nombre", "longitud_km": 1.03 }, "geometry": { "type": "LineString", "coordinates": [ [ -64.8288, -37.2061 ], [ -64.8171, -37.2063 ] ] } },
{ "type": "Feature", "properties": { "nombre": "Camino sin nombre", "longitud_km": 2.74 }, "geometry": { "type": "LineString", "coordinates": [ [ -64.8398, -37.1867 ], [ -64.8292, -37.191 ], [ -64.8288, -37.2061 ] ] } },
{ "type": "Feature", "properties": { "nombre": "Camino sin nombre", "longitud_km": 2.04 }, "geometry": { "type": "LineString", "coordinates": [ [ -64.8517, -37.2058 ], [ -64.8288, -37.2061 ] ] } },
{ "type": "Feature", "properties": { "nombre": "Camino sin nombre", "longitud_km": 9.97 }, "geometry": { "type": "LineString", "coordinates": [ [ -64.8517, -37.2058 ], [ -64.8936, -37.2052 ], [ -64.8935, -37.1828 ], [ -64.8512, -37.184 ] ] } },
{ "type": "Feature", "properties": { "nombre": "Camino sin nombre", "longitud_km": 1.11 }, "geometry": { "type": "LineString", "coordinates": [ [ -66.777, -37.1587 ], [ -66.7648, -37.161 ] ] } },
{ "type": "Feature", "properties": { "nombre": "Camino sin nombre", "longitud_km": 6.9 }, "geometry": { "type": "LineString", "coordinates": [ [ -66.6959, -37.1278 ], [ -66.721, -37.1467 ], [ -66.7597, -37.162 ] ] } },
{ "type": "Feature", "properties": { "nombre": "Camino sin nombre", "longitud_km": 0.47 }, "geometry": { "type": "LineString", "coordinates": [ [ -66.7648, -37.161 ], [ -66.7597, -37.162 ] ] } },
{ "type": "Feature", "properties": { "nombre": "Camino sin nombre", "longitud_km": 4.8 }, "geometry": { "type": "LineString", "coordinates": [ [ -66.726, -37.1641 ], [ -66.6721, -37.1608 ] ] } },
{ "type": "Feature", "properties": { "nombre": "Camino sin nombre", "longitud_km": 3.0 }, "geometry": { "type": "LineString", "coordinates": [ [ -66.7597, -37.162 ], [ -66.726, -37.1641 ] ] } },
{ "type": "Feature", "properties": { "nombre": "Camino sin nombre", "longitud_km": 8.66 }, "geometry": { "type": "LineString", "coordinates": [ [ -64.1737, -37.2118 ], [ -64.1749, -37.2899 ] ] } },
{ "type": "Feature", "properties": { "nombre": "Camino sin nombre", "longitud_km": 17.74 }, "geometry": { "type": "LineString", "coordinates": [ [ -65.4858, -37.1978 ], [ -65.4648, -37.1925 ], [ -65.4606, -37.1824 ], [ -65.4636, -37.163 ], [ -65.4707, -37.1522 ], [ -65.4688, -37.1063 ], [ -65.5018, -37.0929 ], [ -65.5065, -37.0689 ] ] } },
{ "type": "Feature", "properties": { "nombre": "Camino sin nombre", "longitud_km": 1.13 }, "geometry": { "type": "LineString", "coordinates": [ [ -66.7879, -37.1639 ], [ -66.777, -37.1587 ] ] } },
{ "type": "Feature", "properties": { "nombre": "Camino sin nombre", "longitud_km": 0.98 }, "geometry": { "type": "LineString", "coordinates": [ [ -66.796, -37.1579 ], [ -66.7879, -37.1639 ] ] } },
{ "type": "Feature", "properties": { "nombre": "Camino sin nombre", "longitud_km": 21.84 }, "geometry": { "type": "LineString", "coordinates": [ [ -65.7243, -37.1819 ], [ -65.6545, -37.1857 ], [ -65.6536, -37.1919 ], [ -65.6082, -37.1974 ], [ -65.4858, -37.1978 ] ] } },
{ "type": "Feature", "properties": { "nombre": "Camino sin nombre", "longitud_km": 19.56 }, "geometry": { "type": "LineString", "coordinates": [ [ -67.1751, -37.0945 ], [ -67.0424, -37.1412 ], [ -67.018, -37.1538 ], [ -66.9727, -37.1609 ] ] } },
{ "type": "Feature", "properties": { "nombre": "Camino sin nombre", "longitud_km": 18.46 }, "geometry": { "type": "LineString", "coordinates": [ [ -64.1183, -37.2766 ], [ -64.1176, -37.1674 ], [ -64.061, -37.1674 ], [ -64.061, -37.1555 ] ] } },
{ "type": "Feature", "properties": { "nombre": "Camino sin nombre", "longitud_km": 13.3 }, "geometry": { "type": "LineString", "coordinates": [ [ -65.3586, -37.0908 ], [ -65.3595, -37.1356 ], [ -65.3556, -37.1511 ], [ -65.3279, -37.206 ] ] } },
{ "type": "Feature", "properties": { "nombre": "Camino sin nombre", "longitud_km": 9.21 }, "geometry": { "type": "LineString", "coordinates": [ [ -67.7756, -37.133 ], [ -67.8355, -37.0931 ], [ -67.8517, -37.0772 ] ] } },
{ "type": "Feature", "properties": { "nombre": "Camino sin nombre", "longitud_km": 5.84 }, "geometry": { "type": "LineString", "coordinates": [ [ -66.9727, -37.1609 ], [ -66.9073, -37.1667 ] ] } },
{ "type": "Feature", "properties": { "nombre": "Camino sin nombre", "longitud_km": 10.91 }, "geometry": { "type": "LineString", "coordinates": [ [ -67.7756, -37.133 ], [ -67.8083, -37.1338 ], [ -67.8966, -37.1196 ] ] } },
{ "type": "Feature", "properties": { "nombre": "Camino sin nombre", "longitud_km": 5.99 }, "geometry": { "type": "LineString", "coordinates": [ [ -63.4983, -37.2052 ], [ -63.499, -37.2592 ] ] } },
{ "type": "Feature", "properties": { "nombre": "Camino sin nombre", "longitud_km": 10.01 }, "geometry": { "type": "LineString", "coordinates": [ [ -63.9487, -37.1679 ], [ -63.9487, -37.258 ] ] } },
{ "type": "Feature", "properties": { "nombre": "Camino sin nombre", "longitud_km": 10.53 }, "geometry": { "type": "LineString", "coordinates": [ [ -66.9073, -37.1667 ], [ -66.8896, -37.165 ], [ -66.8785, -37.1696 ], [ -66.86, -37.1581 ], [ -66.8441, -37.1543 ], [ -66.796, -37.1579 ] ] } },
{ "type": "Feature", "properties": { "nombre": "Camino sin nombre", "longitud_km": 5.75 }, "geometry": { "type": "LineString", "coordinates": [ [ -66.0876, -37.1545 ], [ -66.0627, -37.1782 ], [ -66.0668, -37.1988 ] ] } },
{ "type": "Feature", "properties": { "nombre": "Camino sin nombre", "longitud_km": 2.57 }, "geometry": { "type": "LineString", "coordinates": [ [ -63.3856, -37.2382 ], [ -63.3855, -37.215 ] ] } },
{ "type": "Feature", "properties": { "nombre": "Camino sin nombre", "longitud_km": 2.09 }, "geometry": { "type": "LineString", "coordinates": [ [ -63.3856, -37.2382 ], [ -63.4091, -37.2381 ] ] } },
{ "type": "Feature", "properties": { "nombre": "Camino sin nombre", "longitud_km": 3.0 }, "geometry": { "type": "LineString", "coordinates": [ [ -66.1006, -37.1984 ], [ -66.0668, -37.1988 ] ] } },
{ "type": "Feature", "properties": { "nombre": "Camino sin nombre", "longitud_km": 2.98 }, "geometry": { "type": "LineString", "coordinates": [ [ -64.8524, -37.2508 ], [ -64.8189, -37.2512 ] ] } },
{ "type": "Feature", "properties": { "nombre": "Camino sin nombre", "longitud_km": 12.36 }, "geometry": { "type": "LineString", "coordinates": [ [ -64.4545, -37.1197 ], [ -64.4555, -37.2311 ] ] } },
{ "type": "Feature", "properties": { "nombre": "Camino sin nombre", "longitud_km": 2.42 }, "geometry": { "type": "LineString", "coordinates": [ [ -66.759, -37.1805 ], [ -66.7678, -37.1679 ], [ -66.7648, -37.161 ] ] } },
{ "type": "Feature", "properties": { "nombre": "Camino sin nombre", "longitud_km": 1.22 }, "geometry": { "type": "LineString", "coordinates": [ [ -64.5702, -37.2306 ], [ -64.5839, -37.2307 ] ] } },
{ "type": "Feature", "properties": { "nombre": "Camino sin nombre", "longitud_km": 0.53 }, "geometry": { "type": "LineString", "coordinates": [ [ -63.3856, -37.243 ], [ -63.3856, -37.2382 ] ] } },
{ "type": "Feature", "properties": { "nombre": "Camino sin nombre", "longitud_km": 2.27 }, "geometry": { "type": "LineString", "coordinates": [ [ -66.9073, -37.1667 ], [ -66.8991, -37.1732 ], [ -66.8963, -37.1841 ] ] } },
{ "type": "Feature", "properties": { "nombre": "Camino sin nombre", "longitud_km": 4.04 }, "geometry": { "type": "LineString", "coordinates": [ [ -66.8963, -37.1841 ], [ -66.9414, -37.1887 ] ] } },
{ "type": "Feature", "properties": { "nombre": "Camino sin nombre", "longitud_km": 4.2 }, "geometry": { "type": "LineString", "coordinates": [ [ -66.9414, -37.1887 ], [ -66.9661, -37.1709 ], [ -66.9727, -37.1609 ] ] } },
{ "type": "Feature", "properties": { "nombre": "Camino sin nombre", "longitud_km": 11.09 }, "geometry": { "type": "LineString", "coordinates": [ [ -67.6953, -37.0731 ], [ -67.691, -37.1152 ], [ -67.7328, -37.1622 ] ] } },
{ "type": "Feature", "properties": { "nombre": "Camino sin nombre", "longitud_km": 4.99 }, "geometry": { "type": "LineString", "coordinates": [ [ -67.7328, -37.1622 ], [ -67.7756, -37.133 ] ] } },
{ "type": "Feature", "properties": { "nombre": "Camino sin nombre", "longitud_km": 1.03 }, "geometry": { "type": "LineString", "coordinates": [ [ -63.4418, -37.2595 ], [ -63.4302, -37.2595 ] ] } },
{ "type": "Feature", "properties": { "nombre": "Camino sin nombre", "longitud_km": 1.82 }, "geometry": { "type": "LineString", "coordinates": [ [ -63.3856, -37.2594 ], [ -63.3856, -37.243 ] ] } },
{ "type": "Feature", "properties": { "nombre": "Camino sin nombre", "longitud_km": 1.94 }, "geometry": { "type": "LineString", "coordinates": [ [ -63.4075, -37.2595 ], [ -63.3856, -37.2594 ] ] } },
{ "type": "Feature", "properties": { "nombre": "Camino sin nombre", "longitud_km": 0.55 }, "geometry": { "type": "LineString", "coordinates": [ [ -63.4136, -37.2595 ], [ -63.4075, -37.2595 ] ] } },
{ "type": "Feature", "properties": { "nombre": "Camino sin nombre", "longitud_km": 6.89 }, "geometry": { "type": "LineString", "coordinates": [ [ -63.4069, -37.2025 ], [ -63.4072, -37.2153 ], [ -63.4137, -37.2153 ], [ -63.4136, -37.2595 ] ] } },
{ "type": "Feature", "properties": { "nombre": "Camino sin nombre", "longitud_km": 1.47 }, "geometry": { "type": "LineString", "coordinates": [ [ -63.4302, -37.2595 ], [ -63.4136, -37.2595 ] ] } },
{ "type": "Feature", "properties": { "nombre": "Camino sin nombre", "longitud_km": 10.6 }, "geometry": { "type": "LineString", "coordinates": [ [ -63.499, -37.2592 ], [ -63.5551, -37.2596 ], [ -63.5842, -37.3046 ] ] } },
{ "type": "Feature", "properties": { "nombre": "Camino sin nombre", "longitud_km": 6.82 }, "geometry": { "type": "LineString", "coordinates": [ [ -63.4373, -37.2027 ], [ -63.4349, -37.2326 ], [ -63.4421, -37.234 ], [ -63.4418, -37.2595 ] ] } },
{ "type": "Feature", "properties": { "nombre": "Camino sin nombre", "longitud_km": 0.78 }, "geometry": { "type": "LineString", "coordinates": [ [ -63.4506, -37.2595 ], [ -63.4418, -37.2595 ] ] } },
{ "type": "Feature", "properties": { "nombre": "Camino sin nombre", "longitud_km": 0.26 }, "geometry": { "type": "LineString", "coordinates": [ [ -63.4506, -37.2595 ], [ -63.4506, -37.2572 ] ] } },
{ "type": "Feature", "properties": { "nombre": "Camino sin nombre", "longitud_km": 4.29 }, "geometry": { "type": "LineString", "coordinates": [ [ -63.499, -37.2592 ], [ -63.4506, -37.2595 ] ] } },
{ "type": "Feature", "properties": { "nombre": "Camino sin nombre", "longitud_km": 3.02 }, "geometry": { "type": "LineString", "coordinates": [ [ -63.667, -37.2592 ], [ -63.7011, -37.2591 ] ] } },
{ "type": "Feature", "properties": { "nombre": "Camino sin nombre", "longitud_km": 5.0 }, "geometry": { "type": "LineString", "coordinates": [ [ -63.7009, -37.2141 ], [ -63.7011, -37.2591 ] ] } },
{ "type": "Feature", "properties": { "nombre": "Camino sin nombre", "longitud_km": 2.0 }, "geometry": { "type": "LineString", "coordinates": [ [ -63.7011, -37.2591 ], [ -63.7236, -37.259 ] ] } },
{ "type": "Feature", "properties": { "nombre": "Camino sin nombre", "longitud_km": 5.0 }, "geometry": { "type": "LineString", "coordinates": [ [ -63.7234, -37.2139 ], [ -63.7236, -37.259 ] ] } },
{ "type": "Feature", "properties": { "nombre": "Camino sin nombre", "longitud_km": 10.01 }, "geometry": { "type": "LineString", "coordinates": [ [ -63.8359, -37.2585 ], [ -63.9487, -37.258 ] ] } },
{ "type": "Feature", "properties": { "nombre": "Camino sin nombre", "longitud_km": 5.04 }, "geometry": { "type": "LineString", "coordinates": [ [ -63.9487, -37.258 ], [ -64.0055, -37.2578 ] ] } },
{ "type": "Feature", "properties": { "nombre": "Camino sin nombre", "longitud_km": 10.72 }, "geometry": { "type": "LineString", "coordinates": [ [ -64.0055, -37.2578 ], [ -64.0587, -37.2578 ], [ -64.0618, -37.2648 ], [ -64.1183, -37.2766 ] ] } },
{ "type": "Feature", "properties": { "nombre": "Camino sin nombre", "longitud_km": 8.3 }, "geometry": { "type": "LineString", "coordinates": [ [ -64.5233, -37.2542 ], [ -64.5147, -37.1798 ] ] } },
{ "type": "Feature", "properties": { "nombre": "Camino sin nombre", "longitud_km": 5.0 }, "geometry": { "type": "LineString", "coordinates": [ [ -64.6269, -37.2532 ], [ -64.5706, -37.2536 ] ] } },
{ "type": "Feature", "properties": { "nombre": "Camino sin nombre", "longitud_km": 6.07 }, "geometry": { "type": "LineString", "coordinates": [ [ -64.6269, -37.2532 ], [ -64.6262, -37.1985 ] ] } },
{ "type": "Feature", "properties": { "nombre": "Camino sin nombre", "longitud_km": 4.98 }, "geometry": { "type": "LineString", "coordinates": [ [ -64.6831, -37.2527 ], [ -64.6269, -37.2532 ] ] } },
{ "type": "Feature", "properties": { "nombre": "Camino sin nombre", "longitud_km": 6.04 }, "geometry": { "type": "LineString", "coordinates": [ [ -64.6831, -37.2527 ], [ -64.6825, -37.1983 ] ] } },
{ "type": "Feature", "properties": { "nombre": "Camino sin nombre", "longitud_km": 6.01 }, "geometry": { "type": "LineString", "coordinates": [ [ -67.7204, -37.1705 ], [ -67.7129, -37.1561 ], [ -67.6713, -37.1368 ] ] } },
{ "type": "Feature", "properties": { "nombre": "Camino sin nombre", "longitud_km": 1.44 }, "geometry": { "type": "LineString", "coordinates": [ [ -67.7204, -37.1705 ], [ -67.7328, -37.1622 ] ] } },
{ "type": "Feature", "properties": { "nombre": "Camino sin nombre", "longitud_km": 1.56 }, "geometry": { "type": "LineString", "coordinates": [ [ -64.7007, -37.2525 ], [ -64.6831, -37.2527 ] ] } },
{ "type": "Feature", "properties": { "nombre": "Camino sin nombre", "longitud_km": 3.44 }, "geometry": { "type": "LineString", "coordinates": [ [ -64.7395, -37.2522 ], [ -64.7007, -37.2525 ] ] } },
{ "type": "Feature", "properties": { "nombre": "Camino sin nombre", "longitud_km": 4.97 }, "geometry": { "type": "LineString", "coordinates": [ [ -64.7395, -37.2522 ], [ -64.7389, -37.2074 ] ] } },
{ "type": "Feature", "properties": { "nombre": "Camino sin nombre", "longitud_km": 0.03 }, "geometry": { "type": "LineString", "coordinates": [ [ -64.7397, -37.2522 ], [ -64.7395, -37.2522 ] ] } },
{ "type": "Feature", "properties": { "nombre": "Camino sin nombre", "longitud_km": 4.01 }, "geometry": { "type": "LineString", "coordinates": [ [ -64.785, -37.2516 ], [ -64.7397, -37.2522 ] ] } },
{ "type": "Feature", "properties": { "nombre": "Camino sin nombre", "longitud_km": 5.99 }, "geometry": { "type": "LineString", "coordinates": [ [ -64.785, -37.2516 ], [ -64.7843, -37.2155 ], [ -64.7955, -37.2155 ], [ -64.7952, -37.2066 ] ] } },
{ "type": "Feature", "properties": { "nombre": "Camino sin nombre", "longitud_km": 1.01 }, "geometry": { "type": "LineString", "coordinates": [ [ -64.7963, -37.2515 ], [ -64.785, -37.2516 ] ] } },
{ "type": "Feature", "properties": { "nombre": "Camino sin nombre", "longitud_km": 2.0 }, "geometry": { "type": "LineString", "coordinates": [ [ -64.8189, -37.2512 ], [ -64.7963, -37.2515 ] ] } },
{ "type": "Feature", "properties": { "nombre": "Camino sin nombre", "longitud_km": 4.99 }, "geometry": { "type": "LineString", "coordinates": [ [ -64.8189, -37.2512 ], [ -64.8171, -37.2063 ] ] } },
{ "type": "Feature", "properties": { "nombre": "Camino sin nombre", "longitud_km": 3.44 }, "geometry": { "type": "LineString", "coordinates": [ [ -64.8912, -37.2503 ], [ -64.8524, -37.2508 ] ] } },
{ "type": "Feature", "properties": { "nombre": "Camino sin nombre", "longitud_km": 8.5 }, "geometry": { "type": "LineString", "coordinates": [ [ -64.8912, -37.2503 ], [ -64.8909, -37.237 ], [ -64.921, -37.2038 ], [ -64.9324, -37.1835 ] ] } },
{ "type": "Feature", "properties": { "nombre": "Camino sin nombre", "longitud_km": 6.59 }, "geometry": { "type": "LineString", "coordinates": [ [ -64.9654, -37.2493 ], [ -64.8912, -37.2503 ] ] } },
{ "type": "Feature", "properties": { "nombre": "Camino sin nombre", "longitud_km": 16.84 }, "geometry": { "type": "LineString", "coordinates": [ [ -64.9654, -37.2493 ], [ -64.9621, -37.0976 ] ] } },
{ "type": "Feature", "properties": { "nombre": "Camino sin nombre", "longitud_km": 4.99 }, "geometry": { "type": "LineString", "coordinates": [ [ -65.0216, -37.2485 ], [ -64.9654, -37.2493 ] ] } },
{ "type": "Feature", "properties": { "nombre": "Camino sin nombre", "longitud_km": 4.53 }, "geometry": { "type": "LineString", "coordinates": [ [ -65.0216, -37.2485 ], [ -65.021, -37.2077 ] ] } },
{ "type": "Feature", "properties": { "nombre": "Camino sin nombre", "longitud_km": 5.04 }, "geometry": { "type": "LineString", "coordinates": [ [ -65.0784, -37.2477 ], [ -65.0216, -37.2485 ] ] } },
{ "type": "Feature", "properties": { "nombre": "Camino sin nombre", "longitud_km": 5.01 }, "geometry": { "type": "LineString", "coordinates": [ [ -65.1348, -37.2468 ], [ -65.0784, -37.2477 ] ] } },
{ "type": "Feature", "properties": { "nombre": "Camino sin nombre", "longitud_km": 3.0 }, "geometry": { "type": "LineString", "coordinates": [ [ -65.1686, -37.2466 ], [ -65.1348, -37.2468 ] ] } },
{ "type": "Feature", "properties": { "nombre": "Camino sin nombre", "longitud_km": 8.34 }, "geometry": { "type": "LineString", "coordinates": [ [ -65.151, -37.1842 ], [ -65.1515, -37.2034 ], [ -65.162, -37.202 ], [ -65.1609, -37.241 ], [ -65.1686, -37.2466 ] ] } },
{ "type": "Feature", "properties": { "nombre": "Camino sin nombre", "longitud_km": 10.37 }, "geometry": { "type": "LineString", "coordinates": [ [ -65.189, -37.1708 ], [ -65.1909, -37.2464 ], [ -65.1686, -37.2466 ] ] } },
{ "type": "Feature", "properties": { "nombre": "Camino sin nombre", "longitud_km": 6.29 }, "geometry": { "type": "LineString", "coordinates": [ [ -66.726, -37.1641 ], [ -66.7226, -37.1953 ], [ -66.7373, -37.2087 ], [ -66.7423, -37.2023 ] ] } },
{ "type": "Feature", "properties": { "nombre": "Camino sin nombre", "longitud_km": 2.38 }, "geometry": { "type": "LineString", "coordinates": [ [ -66.8963, -37.1841 ], [ -66.8939, -37.1987 ], [ -66.8974, -37.2048 ] ] } },
{ "type": "Feature", "properties": { "nombre": "Camino sin nombre", "longitud_km": 2.32 }, "geometry": { "type": "LineString", "coordinates": [ [ -64.5233, -37.2542 ], [ -64.5139, -37.2604 ], [ -64.5, -37.2597 ] ] } },
{ "type": "Feature", "properties": { "nombre": "Camino sin nombre", "longitud_km": 27.08 }, "geometry": { "type": "LineString", "coordinates": [ [ -66.4493, -36.9772 ], [ -66.4415, -37.2211 ] ] } },
{ "type": "Feature", "properties": { "nombre": "Camino sin nombre", "longitud_km": 4.61 }, "geometry": { "type": "LineString", "coordinates": [ [ -66.8974, -37.2048 ], [ -66.9285, -37.2015 ], [ -66.9414, -37.1887 ] ] } },
{ "type": "Feature", "properties": { "nombre": "Camino sin nombre", "longitud_km": 4.45 }, "geometry": { "type": "LineString", "coordinates": [ [ -66.0668, -37.1988 ], [ -66.0822, -37.2167 ], [ -66.0854, -37.2349 ] ] } },
{ "type": "Feature", "properties": { "nombre": "Camino sin nombre", "longitud_km": 8.74 }, "geometry": { "type": "LineString", "coordinates": [ [ -66.1067, -37.2344 ], [ -66.1082, -37.2249 ], [ -66.1236, -37.2097 ], [ -66.1239, -37.1956 ], [ -66.1395, -37.1624 ] ] } },
{ "type": "Feature", "properties": { "nombre": "Camino sin nombre", "longitud_km": 2.8 }, "geometry": { "type": "LineString", "coordinates": [ [ -66.1485, -37.2097 ], [ -66.1479, -37.2349 ] ] } },
{ "type": "Feature", "properties": { "nombre": "Camino sin nombre", "longitud_km": 11.38 }, "geometry": { "type": "LineString", "coordinates": [ [ -67.6713, -37.1368 ], [ -67.6079, -37.1837 ], [ -67.5666, -37.1889 ] ] } },
{ "type": "Feature", "properties": { "nombre": "Camino sin nombre", "longitud_km": 8.22 }, "geometry": { "type": "LineString", "coordinates": [ [ -66.7788, -37.2177 ], [ -66.7886, -37.206 ], [ -66.8026, -37.2016 ], [ -66.8041, -37.1869 ], [ -66.8107, -37.1791 ], [ -66.7879, -37.1639 ] ] } },
{ "type": "Feature", "properties": { "nombre": "Camino sin nombre", "longitud_km": 7.48 }, "geometry": { "type": "LineString", "coordinates": [ [ -66.2187, -37.1687 ], [ -66.2167, -37.2361 ] ] } },
{ "type": "Feature", "properties": { "nombre": "Camino sin nombre", "longitud_km": 8.68 }, "geometry": { "type": "LineString", "coordinates": [ [ -66.3306, -37.1628 ], [ -66.3671, -37.2177 ], [ -66.3666, -37.2337 ] ] } },
{ "type": "Feature", "properties": { "nombre": "Camino sin nombre", "longitud_km": 7.51 }, "geometry": { "type": "LineString", "coordinates": [ [ -66.2526, -37.1695 ], [ -66.25, -37.1868 ], [ -66.2558, -37.2368 ] ] } },
{ "type": "Feature", "properties": { "nombre": "Camino sin nombre", "longitud_km": 2.55 }, "geometry": { "type": "LineString", "coordinates": [ [ -63.3856, -37.2824 ], [ -63.3856, -37.2594 ] ] } },
{ "type": "Feature", "properties": { "nombre": "Camino sin nombre", "longitud_km": 1.94 }, "geometry": { "type": "LineString", "coordinates": [ [ -63.4075, -37.2825 ], [ -63.3856, -37.2824 ] ] } },
{ "type": "Feature", "properties": { "nombre": "Camino sin nombre", "longitud_km": 2.55 }, "geometry": { "type": "LineString", "coordinates": [ [ -63.4075, -37.2595 ], [ -63.4075, -37.2825 ] ] } },
{ "type": "Feature", "properties": { "nombre": "Camino sin nombre", "longitud_km": 2.92 }, "geometry": { "type": "LineString", "coordinates": [ [ -63.4302, -37.2595 ], [ -63.4302, -37.2858 ] ] } },
{ "type": "Feature", "properties": { "nombre": "Camino sin nombre", "longitud_km": 2.01 }, "geometry": { "type": "LineString", "coordinates": [ [ -63.4075, -37.2857 ], [ -63.4302, -37.2858 ] ] } },
{ "type": "Feature", "properties": { "nombre": "Camino sin nombre", "longitud_km": 2.93 }, "geometry": { "type": "LineString", "coordinates": [ [ -63.499, -37.2592 ], [ -63.4989, -37.2856 ] ] } },
{ "type": "Feature", "properties": { "nombre": "Camino sin nombre", "longitud_km": 1.8 }, "geometry": { "type": "LineString", "coordinates": [ [ -63.4302, -37.2858 ], [ -63.4504, -37.2858 ] ] } },
{ "type": "Feature", "properties": { "nombre": "Camino sin nombre", "longitud_km": 7.4 }, "geometry": { "type": "LineString", "coordinates": [ [ -66.3282, -37.2382 ], [ -66.3301, -37.1715 ] ] } },
{ "type": "Feature", "properties": { "nombre": "Camino sin nombre", "longitud_km": 0.36 }, "geometry": { "type": "LineString", "coordinates": [ [ -63.4075, -37.2825 ], [ -63.4075, -37.2857 ] ] } },
{ "type": "Feature", "properties": { "nombre": "Camino sin nombre", "longitud_km": 2.92 }, "geometry": { "type": "LineString", "coordinates": [ [ -63.4504, -37.2858 ], [ -63.4506, -37.2595 ] ] } },
{ "type": "Feature", "properties": { "nombre": "Camino sin nombre", "longitud_km": 2.12 }, "geometry": { "type": "LineString", "coordinates": [ [ -63.475, -37.2858 ], [ -63.4989, -37.2856 ] ] } },
{ "type": "Feature", "properties": { "nombre": "Camino sin nombre", "longitud_km": 2.17 }, "geometry": { "type": "LineString", "coordinates": [ [ -63.4504, -37.2858 ], [ -63.475, -37.2858 ] ] } },
{ "type": "Feature", "properties": { "nombre": "Camino sin nombre", "longitud_km": 5.9 }, "geometry": { "type": "LineString", "coordinates": [ [ -67.6642, -37.1978 ], [ -67.6944, -37.1875 ], [ -67.7204, -37.1705 ] ] } },
{ "type": "Feature", "properties": { "nombre": "Camino sin nombre", "longitud_km": 5.5 }, "geometry": { "type": "LineString", "coordinates": [ [ -64.572, -37.2828 ], [ -64.5528, -37.2779 ], [ -64.5233, -37.2542 ] ] } },
{ "type": "Feature", "properties": { "nombre": "Camino sin nombre", "longitud_km": 3.6 }, "geometry": { "type": "LineString", "coordinates": [ [ -63.7236, -37.259 ], [ -63.7238, -37.2915 ] ] } },
{ "type": "Feature", "properties": { "nombre": "Camino sin nombre", "longitud_km": 5.23 }, "geometry": { "type": "LineString", "coordinates": [ [ -64.1183, -37.2766 ], [ -64.1749, -37.2899 ] ] } },
{ "type": "Feature", "properties": { "nombre": "Camino sin nombre", "longitud_km": 1.47 }, "geometry": { "type": "LineString", "coordinates": [ [ -63.3856, -37.2956 ], [ -63.3856, -37.2824 ] ] } },
{ "type": "Feature", "properties": { "nombre": "Camino sin nombre", "longitud_km": 6.88 }, "geometry": { "type": "LineString", "coordinates": [ [ -63.7236, -37.259 ], [ -63.7576, -37.259 ], [ -63.7578, -37.2938 ] ] } },
{ "type": "Feature", "properties": { "nombre": "Camino sin nombre", "longitud_km": 3.02 }, "geometry": { "type": "LineString", "coordinates": [ [ -63.7238, -37.2915 ], [ -63.7578, -37.2938 ] ] } },
{ "type": "Feature", "properties": { "nombre": "Camino sin nombre", "longitud_km": 10.99 }, "geometry": { "type": "LineString", "coordinates": [ [ -66.6606, -37.1651 ], [ -66.6678, -37.1882 ], [ -66.6806, -37.1993 ], [ -66.68, -37.2097 ], [ -66.674, -37.2144 ], [ -66.7042, -37.2327 ], [ -66.7069, -37.2453 ] ] } },
{ "type": "Feature", "properties": { "nombre": "Camino sin nombre", "longitud_km": 4.29 }, "geometry": { "type": "LineString", "coordinates": [ [ -65.0797, -37.2864 ], [ -65.0784, -37.2477 ] ] } },
{ "type": "Feature", "properties": { "nombre": "Camino sin nombre", "longitud_km": 6.74 }, "geometry": { "type": "LineString", "coordinates": [ [ -65.1348, -37.2468 ], [ -65.0882, -37.2858 ], [ -65.0797, -37.2864 ] ] } },
{ "type": "Feature", "properties": { "nombre": "Camino sin nombre", "longitud_km": 9.98 }, "geometry": { "type": "LineString", "coordinates": [ [ -67.589, -37.2528 ], [ -67.5968, -37.2472 ], [ -67.6023, -37.2506 ], [ -67.6153, -37.2482 ], [ -67.6205, -37.2331 ], [ -67.6642, -37.1978 ] ] } },
{ "type": "Feature", "properties": { "nombre": "Camino sin nombre", "longitud_km": 10.56 }, "geometry": { "type": "LineString", "coordinates": [ [ -64.6836, -37.2937 ], [ -64.5919, -37.279 ], [ -64.5834, -37.2868 ], [ -64.572, -37.2828 ] ] } },
{ "type": "Feature", "properties": { "nombre": "Camino sin nombre", "longitud_km": 4.55 }, "geometry": { "type": "LineString", "coordinates": [ [ -64.6836, -37.2937 ], [ -64.6831, -37.2527 ] ] } },
{ "type": "Feature", "properties": { "nombre": "Camino sin nombre", "longitud_km": 2.12 }, "geometry": { "type": "LineString", "coordinates": [ [ -63.4989, -37.2856 ], [ -63.4988, -37.3047 ] ] } },
{ "type": "Feature", "properties": { "nombre": "Camino sin nombre", "longitud_km": 4.98 }, "geometry": { "type": "LineString", "coordinates": [ [ -63.4988, -37.3047 ], [ -63.5551, -37.3047 ] ] } },
{ "type": "Feature", "properties": { "nombre": "Camino sin nombre", "longitud_km": 2.58 }, "geometry": { "type": "LineString", "coordinates": [ [ -63.5551, -37.3047 ], [ -63.5842, -37.3046 ] ] } },
{ "type": "Feature", "properties": { "nombre": "Camino sin nombre", "longitud_km": 7.37 }, "geometry": { "type": "LineString", "coordinates": [ [ -63.5842, -37.3046 ], [ -63.6674, -37.3043 ] ] } },
{ "type": "Feature", "properties": { "nombre": "Camino sin nombre", "longitud_km": 5.0 }, "geometry": { "type": "LineString", "coordinates": [ [ -63.6674, -37.3043 ], [ -63.7238, -37.3043 ] ] } },
{ "type": "Feature", "properties": { "nombre": "Camino sin nombre", "longitud_km": 1.42 }, "geometry": { "type": "LineString", "coordinates": [ [ -63.7238, -37.2915 ], [ -63.7238, -37.3043 ] ] } },
{ "type": "Feature", "properties": { "nombre": "Camino sin nombre", "longitud_km": 5.19 }, "geometry": { "type": "LineString", "coordinates": [ [ -64.1749, -37.2899 ], [ -64.2316, -37.3012 ] ] } },
{ "type": "Feature", "properties": { "nombre": "Camino sin nombre", "longitud_km": 10.43 }, "geometry": { "type": "LineString", "coordinates": [ [ -64.1749, -37.2899 ], [ -64.1762, -37.3839 ] ] } },
{ "type": "Feature", "properties": { "nombre": "Camino sin nombre", "longitud_km": 1.12 }, "geometry": { "type": "LineString", "coordinates": [ [ -64.6958, -37.2964 ], [ -64.6836, -37.2937 ] ] } },
{ "type": "Feature", "properties": { "nombre": "Camino sin nombre", "longitud_km": 4.88 }, "geometry": { "type": "LineString", "coordinates": [ [ -64.6958, -37.2964 ], [ -64.7007, -37.2525 ] ] } },
{ "type": "Feature", "properties": { "nombre": "Camino sin nombre", "longitud_km": 0.5 }, "geometry": { "type": "LineString", "coordinates": [ [ -65.0797, -37.2864 ], [ -65.0775, -37.2905 ] ] } },
{ "type": "Feature", "properties": { "nombre": "Camino sin nombre", "longitud_km": 0.42 }, "geometry": { "type": "LineString", "coordinates": [ [ -63.4988, -37.3047 ], [ -63.4988, -37.3085 ] ] } },
{ "type": "Feature", "properties": { "nombre": "Camino sin nombre", "longitud_km": 2.54 }, "geometry": { "type": "LineString", "coordinates": [ [ -63.475, -37.2858 ], [ -63.4752, -37.3086 ] ] } },
{ "type": "Feature", "properties": { "nombre": "Camino sin nombre", "longitud_km": 2.09 }, "geometry": { "type": "LineString", "coordinates": [ [ -63.4988, -37.3085 ], [ -63.4752, -37.3086 ] ] } },
{ "type": "Feature", "properties": { "nombre": "Camino sin nombre", "longitud_km": 2.55 }, "geometry": { "type": "LineString", "coordinates": [ [ -63.4504, -37.3088 ], [ -63.4504, -37.2858 ] ] } },
{ "type": "Feature", "properties": { "nombre": "Camino sin nombre", "longitud_km": 2.2 }, "geometry": { "type": "LineString", "coordinates": [ [ -63.4752, -37.3086 ], [ -63.4504, -37.3088 ] ] } },
{ "type": "Feature", "properties": { "nombre": "Camino sin nombre", "longitud_km": 5.85 }, "geometry": { "type": "LineString", "coordinates": [ [ -65.1686, -37.2466 ], [ -65.15, -37.2723 ], [ -65.1672, -37.2907 ] ] } },
{ "type": "Feature", "properties": { "nombre": "Camino sin nombre", "longitud_km": 4.41 }, "geometry": { "type": "LineString", "coordinates": [ [ -66.756, -37.251 ], [ -66.7069, -37.2453 ] ] } },
{ "type": "Feature", "properties": { "nombre": "Camino sin nombre", "longitud_km": 3.51 }, "geometry": { "type": "LineString", "coordinates": [ [ -65.0223, -37.2936 ], [ -64.9827, -37.2941 ] ] } },
{ "type": "Feature", "properties": { "nombre": "Camino sin nombre", "longitud_km": 5.0 }, "geometry": { "type": "LineString", "coordinates": [ [ -65.0223, -37.2936 ], [ -65.0216, -37.2485 ] ] } },
{ "type": "Feature", "properties": { "nombre": "Camino sin nombre", "longitud_km": 4.91 }, "geometry": { "type": "LineString", "coordinates": [ [ -65.0775, -37.2905 ], [ -65.0223, -37.2936 ] ] } },
{ "type": "Feature", "properties": { "nombre": "Camino sin nombre", "longitud_km": 7.96 }, "geometry": { "type": "LineString", "coordinates": [ [ -65.1672, -37.2907 ], [ -65.0775, -37.2905 ] ] } },
{ "type": "Feature", "properties": { "nombre": "Camino sin nombre", "longitud_km": 1.62 }, "geometry": { "type": "LineString", "coordinates": [ [ -65.9399, -37.2617 ], [ -65.933, -37.2752 ] ] } },
{ "type": "Feature", "properties": { "nombre": "Camino sin nombre", "longitud_km": 2.23 }, "geometry": { "type": "LineString", "coordinates": [ [ -65.1924, -37.2915 ], [ -65.1672, -37.2907 ] ] } },
{ "type": "Feature", "properties": { "nombre": "Camino sin nombre", "longitud_km": 17.37 }, "geometry": { "type": "LineString", "coordinates": [ [ -65.189, -37.1708 ], [ -65.208, -37.1728 ], [ -65.2243, -37.1862 ], [ -65.2183, -37.2025 ], [ -65.2227, -37.2817 ], [ -65.1924, -37.2915 ] ] } },
{ "type": "Feature", "properties": { "nombre": "Camino sin nombre", "longitud_km": 2.57 }, "geometry": { "type": "LineString", "coordinates": [ [ -63.3856, -37.2956 ], [ -63.3651, -37.3119 ] ] } },
{ "type": "Feature", "properties": { "nombre": "Camino sin nombre", "longitud_km": 2.93 }, "geometry": { "type": "LineString", "coordinates": [ [ -63.4075, -37.2857 ], [ -63.4075, -37.3121 ] ] } },
{ "type": "Feature", "properties": { "nombre": "Camino sin nombre", "longitud_km": 3.85 }, "geometry": { "type": "LineString", "coordinates": [ [ -65.5069, -37.2863 ], [ -65.4636, -37.2848 ] ] } },
{ "type": "Feature", "properties": { "nombre": "Camino sin nombre", "longitud_km": 10.33 }, "geometry": { "type": "LineString", "coordinates": [ [ -65.4858, -37.1978 ], [ -65.4853, -37.2084 ], [ -65.5, -37.2258 ], [ -65.507, -37.2432 ], [ -65.5069, -37.2863 ] ] } },
{ "type": "Feature", "properties": { "nombre": "Camino sin nombre", "longitud_km": 2.01 }, "geometry": { "type": "LineString", "coordinates": [ [ -63.4075, -37.3121 ], [ -63.4302, -37.3123 ] ] } },
{ "type": "Feature", "properties": { "nombre": "Camino sin nombre", "longitud_km": 2.93 }, "geometry": { "type": "LineString", "coordinates": [ [ -63.4302, -37.2858 ], [ -63.4302, -37.3123 ] ] } },
{ "type": "Feature", "properties": { "nombre": "Camino sin nombre", "longitud_km": 0.87 }, "geometry": { "type": "LineString", "coordinates": [ [ -63.7238, -37.3043 ], [ -63.7238, -37.3121 ] ] } },
{ "type": "Feature", "properties": { "nombre": "Camino sin nombre", "longitud_km": 2.01 }, "geometry": { "type": "LineString", "coordinates": [ [ -63.7578, -37.2938 ], [ -63.7579, -37.3119 ] ] } },
{ "type": "Feature", "properties": { "nombre": "Camino sin nombre", "longitud_km": 3.02 }, "geometry": { "type": "LineString", "coordinates": [ [ -63.7238, -37.3121 ], [ -63.7579, -37.3119 ] ] } },
{ "type": "Feature", "properties": { "nombre": "Camino sin nombre", "longitud_km": 2.0 }, "geometry": { "type": "LineString", "coordinates": [ [ -63.7238, -37.3121 ], [ -63.7242, -37.3301 ] ] } },
{ "type": "Feature", "properties": { "nombre": "Camino sin nombre", "longitud_km": 6.98 }, "geometry": { "type": "LineString", "coordinates": [ [ -63.7579, -37.3119 ], [ -63.8366, -37.3113 ] ] } },
{ "type": "Feature", "properties": { "nombre": "Camino sin nombre", "longitud_km": 10.0 }, "geometry": { "type": "LineString", "coordinates": [ [ -63.9487, -37.258 ], [ -63.95, -37.3481 ] ] } },
{ "type": "Feature", "properties": { "nombre": "Camino sin nombre", "longitud_km": 0.96 }, "geometry": { "type": "LineString", "coordinates": [ [ -64.6951, -37.305 ], [ -64.6958, -37.2964 ] ] } },
{ "type": "Feature", "properties": { "nombre": "Camino sin nombre", "longitud_km": 9.49 }, "geometry": { "type": "LineString", "coordinates": [ [ -67.5561, -37.2369 ], [ -67.5133, -37.2167 ], [ -67.4761, -37.2249 ], [ -67.461, -37.2338 ] ] } },
{ "type": "Feature", "properties": { "nombre": "Camino sin nombre", "longitud_km": 5.19 }, "geometry": { "type": "LineString", "coordinates": [ [ -64.2316, -37.3012 ], [ -64.2883, -37.3129 ] ] } },
{ "type": "Feature", "properties": { "nombre": "Camino sin nombre", "longitud_km": 1.77 }, "geometry": { "type": "LineString", "coordinates": [ [ -63.4988, -37.3085 ], [ -63.4988, -37.3244 ] ] } },
{ "type": "Feature", "properties": { "nombre": "Camino sin nombre", "longitud_km": 4.19 }, "geometry": { "type": "LineString", "coordinates": [ [ -64.7402, -37.3092 ], [ -64.6958, -37.2964 ] ] } },
{ "type": "Feature", "properties": { "nombre": "Camino sin nombre", "longitud_km": 6.32 }, "geometry": { "type": "LineString", "coordinates": [ [ -64.7402, -37.3092 ], [ -64.7395, -37.2522 ] ] } },
{ "type": "Feature", "properties": { "nombre": "Camino sin nombre", "longitud_km": 1.38 }, "geometry": { "type": "LineString", "coordinates": [ [ -63.4302, -37.3123 ], [ -63.4332, -37.3245 ] ] } },
{ "type": "Feature", "properties": { "nombre": "Camino sin nombre", "longitud_km": 1.57 }, "geometry": { "type": "LineString", "coordinates": [ [ -63.4332, -37.3245 ], [ -63.4508, -37.3245 ] ] } },
{ "type": "Feature", "properties": { "nombre": "Camino sin nombre", "longitud_km": 1.74 }, "geometry": { "type": "LineString", "coordinates": [ [ -63.4504, -37.3088 ], [ -63.4508, -37.3245 ] ] } },
{ "type": "Feature", "properties": { "nombre": "Camino sin nombre", "longitud_km": 0.81 }, "geometry": { "type": "LineString", "coordinates": [ [ -63.4508, -37.3245 ], [ -63.46, -37.3245 ] ] } },
{ "type": "Feature", "properties": { "nombre": "Camino sin nombre", "longitud_km": 3.44 }, "geometry": { "type": "LineString", "coordinates": [ [ -63.46, -37.3245 ], [ -63.4988, -37.3244 ] ] } },
{ "type": "Feature", "properties": { "nombre": "Camino sin nombre", "longitud_km": 1.13 }, "geometry": { "type": "LineString", "coordinates": [ [ -64.5428, -37.3171 ], [ -64.5556, -37.3168 ] ] } },
{ "type": "Feature", "properties": { "nombre": "Camino sin nombre", "longitud_km": 2.52 }, "geometry": { "type": "LineString", "coordinates": [ [ -63.3651, -37.3119 ], [ -63.3855, -37.3277 ] ] } },
{ "type": "Feature", "properties": { "nombre": "Camino sin nombre", "longitud_km": 3.56 }, "geometry": { "type": "LineString", "coordinates": [ [ -63.3855, -37.3277 ], [ -63.3856, -37.2956 ] ] } },
{ "type": "Feature", "properties": { "nombre": "Camino sin nombre", "longitud_km": 2.03 }, "geometry": { "type": "LineString", "coordinates": [ [ -63.7579, -37.3119 ], [ -63.7581, -37.3303 ] ] } },
{ "type": "Feature", "properties": { "nombre": "Camino sin nombre", "longitud_km": 3.01 }, "geometry": { "type": "LineString", "coordinates": [ [ -63.7242, -37.3301 ], [ -63.7581, -37.3303 ] ] } },
{ "type": "Feature", "properties": { "nombre": "Camino sin nombre", "longitud_km": 3.01 }, "geometry": { "type": "LineString", "coordinates": [ [ -63.7581, -37.3303 ], [ -63.7921, -37.3302 ] ] } },
{ "type": "Feature", "properties": { "nombre": "Camino sin nombre", "longitud_km": 3.96 }, "geometry": { "type": "LineString", "coordinates": [ [ -63.7921, -37.3302 ], [ -63.8368, -37.3299 ] ] } },
{ "type": "Feature", "properties": { "nombre": "Camino sin nombre", "longitud_km": 0.92 }, "geometry": { "type": "LineString", "coordinates": [ [ -63.4988, -37.3244 ], [ -63.4989, -37.3327 ] ] } },
{ "type": "Feature", "properties": { "nombre": "Camino sin nombre", "longitud_km": 7.45 }, "geometry": { "type": "LineString", "coordinates": [ [ -64.5428, -37.3171 ], [ -64.541, -37.3079 ], [ -64.5275, -37.2995 ], [ -64.515, -37.2993 ], [ -64.5137, -37.3041 ], [ -64.5202, -37.3105 ], [ -64.5, -37.3242 ] ] } },
{ "type": "Feature", "properties": { "nombre": "Camino sin nombre", "longitud_km": 3.25 }, "geometry": { "type": "LineString", "coordinates": [ [ -63.5355, -37.3343 ], [ -63.4989, -37.3327 ] ] } },
{ "type": "Feature", "properties": { "nombre": "Camino sin nombre", "longitud_km": 1.76 }, "geometry": { "type": "LineString", "coordinates": [ [ -63.5553, -37.3343 ], [ -63.5355, -37.3343 ] ] } },
{ "type": "Feature", "properties": { "nombre": "Camino sin nombre", "longitud_km": 3.29 }, "geometry": { "type": "LineString", "coordinates": [ [ -63.5551, -37.3047 ], [ -63.5553, -37.3343 ] ] } },
{ "type": "Feature", "properties": { "nombre": "Camino sin nombre", "longitud_km": 3.35 }, "geometry": { "type": "LineString", "coordinates": [ [ -64.7733, -37.3237 ], [ -64.7402, -37.3092 ] ] } },
{ "type": "Feature", "properties": { "nombre": "Camino sin nombre", "longitud_km": 9.56 }, "geometry": { "type": "LineString", "coordinates": [ [ -64.7733, -37.3237 ], [ -64.7691, -37.3198 ], [ -64.7683, -37.2969 ], [ -64.7557, -37.2956 ], [ -64.7568, -37.2707 ], [ -64.7397, -37.2522 ] ] } },
{ "type": "Feature", "properties": { "nombre": "Camino sin nombre", "longitud_km": 3.05 }, "geometry": { "type": "LineString", "coordinates": [ [ -65.1924, -37.2915 ], [ -65.1931, -37.319 ] ] } },
{ "type": "Feature", "properties": { "nombre": "Camino sin nombre", "longitud_km": 0.78 }, "geometry": { "type": "LineString", "coordinates": [ [ -64.7686, -37.3297 ], [ -64.7733, -37.3237 ] ] } },
{ "type": "Feature", "properties": { "nombre": "Camino sin nombre", "longitud_km": 2.8 }, "geometry": { "type": "LineString", "coordinates": [ [ -63.46, -37.3245 ], [ -63.4599, -37.3497 ] ] } },
{ "type": "Feature", "properties": { "nombre": "Camino sin nombre", "longitud_km": 11.15 }, "geometry": { "type": "LineString", "coordinates": [ [ -64.7963, -37.2515 ], [ -64.7975, -37.3312 ], [ -64.7733, -37.3237 ] ] } },
{ "type": "Feature", "properties": { "nombre": "Camino sin nombre", "longitud_km": 27.96 }, "geometry": { "type": "LineString", "coordinates": [ [ -66.0519, -37.2408 ], [ -66.0603, -37.2552 ], [ -66.0545, -37.2698 ], [ -66.0653, -37.2907 ], [ -66.0324, -37.3061 ], [ -66.0155, -37.308 ], [ -65.9804, -37.3 ], [ -65.9494, -37.3049 ], [ -65.928, -37.3012 ], [ -65.9001, -37.3023 ], [ -65.8724, -37.3105 ], [ -65.8291, -37.3001 ] ] } },
{ "type": "Feature", "properties": { "nombre": "Camino sin nombre", "longitud_km": 1.87 }, "geometry": { "type": "LineString", "coordinates": [ [ -63.4989, -37.3327 ], [ -63.4989, -37.3495 ] ] } },
{ "type": "Feature", "properties": { "nombre": "Camino sin nombre", "longitud_km": 2.43 }, "geometry": { "type": "LineString", "coordinates": [ [ -63.3855, -37.3496 ], [ -63.3855, -37.3277 ] ] } },
{ "type": "Feature", "properties": { "nombre": "Camino sin nombre", "longitud_km": 1.96 }, "geometry": { "type": "LineString", "coordinates": [ [ -63.4077, -37.3497 ], [ -63.3855, -37.3496 ] ] } },
{ "type": "Feature", "properties": { "nombre": "Camino sin nombre", "longitud_km": 4.18 }, "geometry": { "type": "LineString", "coordinates": [ [ -63.4075, -37.3121 ], [ -63.4077, -37.3497 ] ] } },
{ "type": "Feature", "properties": { "nombre": "Camino sin nombre", "longitud_km": 2.26 }, "geometry": { "type": "LineString", "coordinates": [ [ -63.4332, -37.3497 ], [ -63.4077, -37.3497 ] ] } },
{ "type": "Feature", "properties": { "nombre": "Camino sin nombre", "longitud_km": 2.79 }, "geometry": { "type": "LineString", "coordinates": [ [ -63.4332, -37.3245 ], [ -63.4332, -37.3497 ] ] } },
{ "type": "Feature", "properties": { "nombre": "Camino sin nombre", "longitud_km": 0.78 }, "geometry": { "type": "LineString", "coordinates": [ [ -63.442, -37.3497 ], [ -63.4332, -37.3497 ] ] } },
{ "type": "Feature", "properties": { "nombre": "Camino sin nombre", "longitud_km": 1.58 }, "geometry": { "type": "LineString", "coordinates": [ [ -63.4599, -37.3497 ], [ -63.442, -37.3497 ] ] } },
{ "type": "Feature", "properties": { "nombre": "Camino sin nombre", "longitud_km": 2.0 }, "geometry": { "type": "LineString", "coordinates": [ [ -63.7583, -37.3483 ], [ -63.7581, -37.3303 ] ] } },
{ "type": "Feature", "properties": { "nombre": "Camino sin nombre", "longitud_km": 1.67 }, "geometry": { "type": "LineString", "coordinates": [ [ -63.5553, -37.3343 ], [ -63.5551, -37.3494 ] ] } },
{ "type": "Feature", "properties": { "nombre": "Camino sin nombre", "longitud_km": 1.69 }, "geometry": { "type": "LineString", "coordinates": [ [ -63.5356, -37.3495 ], [ -63.5355, -37.3343 ] ] } },
{ "type": "Feature", "properties": { "nombre": "Camino sin nombre", "longitud_km": 1.72 }, "geometry": { "type": "LineString", "coordinates": [ [ -63.5551, -37.3494 ], [ -63.5356, -37.3495 ] ] } },
{ "type": "Feature", "properties": { "nombre": "Camino sin nombre", "longitud_km": 0.27 }, "geometry": { "type": "LineString", "coordinates": [ [ -63.5356, -37.3495 ], [ -63.5326, -37.3495 ] ] } },
{ "type": "Feature", "properties": { "nombre": "Camino sin nombre", "longitud_km": 2.99 }, "geometry": { "type": "LineString", "coordinates": [ [ -63.5326, -37.3495 ], [ -63.4989, -37.3495 ] ] } },
{ "type": "Feature", "properties": { "nombre": "Camino sin nombre", "longitud_km": 3.97 }, "geometry": { "type": "LineString", "coordinates": [ [ -63.4989, -37.3495 ], [ -63.4868, -37.3433 ], [ -63.4795, -37.3497 ], [ -63.4599, -37.3497 ] ] } },
{ "type": "Feature", "properties": { "nombre": "Camino sin nombre", "longitud_km": 2.04 }, "geometry": { "type": "LineString", "coordinates": [ [ -63.7242, -37.3301 ], [ -63.724, -37.3485 ] ] } },
{ "type": "Feature", "properties": { "nombre": "Camino sin nombre", "longitud_km": 3.04 }, "geometry": { "type": "LineString", "coordinates": [ [ -63.7583, -37.3483 ], [ -63.724, -37.3485 ] ] } },
{ "type": "Feature", "properties": { "nombre": "Camino sin nombre", "longitud_km": 3.03 }, "geometry": { "type": "LineString", "coordinates": [ [ -63.7925, -37.3482 ], [ -63.7583, -37.3483 ] ] } },
{ "type": "Feature", "properties": { "nombre": "Camino sin nombre", "longitud_km": 2.0 }, "geometry": { "type": "LineString", "coordinates": [ [ -63.7921, -37.3302 ], [ -63.7925, -37.3482 ] ] } },
{ "type": "Feature", "properties": { "nombre": "Camino sin nombre", "longitud_km": 3.93 }, "geometry": { "type": "LineString", "coordinates": [ [ -63.8368, -37.3481 ], [ -63.7925, -37.3482 ] ] } },
{ "type": "Feature", "properties": { "nombre": "Camino sin nombre", "longitud_km": 10.71 }, "geometry": { "type": "LineString", "coordinates": [ [ -63.6675, -37.3493 ], [ -63.5968, -37.3494 ], [ -63.5867, -37.341 ], [ -63.5754, -37.3493 ], [ -63.5551, -37.3494 ] ] } },
{ "type": "Feature", "properties": { "nombre": "Camino sin nombre", "longitud_km": 5.01 }, "geometry": { "type": "LineString", "coordinates": [ [ -63.6675, -37.3493 ], [ -63.724, -37.3485 ] ] } },
{ "type": "Feature", "properties": { "nombre": "Camino sin nombre", "longitud_km": 5.01 }, "geometry": { "type": "LineString", "coordinates": [ [ -63.8368, -37.3481 ], [ -63.8933, -37.3486 ] ] } },
{ "type": "Feature", "properties": { "nombre": "Camino sin nombre", "longitud_km": 5.02 }, "geometry": { "type": "LineString", "coordinates": [ [ -63.8933, -37.3486 ], [ -63.95, -37.3481 ] ] } },
{ "type": "Feature", "properties": { "nombre": "Camino sin nombre", "longitud_km": 4.98 }, "geometry": { "type": "LineString", "coordinates": [ [ -63.95, -37.3481 ], [ -64.0062, -37.3477 ] ] } },
{ "type": "Feature", "properties": { "nombre": "Camino sin nombre", "longitud_km": 9.97 }, "geometry": { "type": "LineString", "coordinates": [ [ -64.0062, -37.3477 ], [ -64.0055, -37.2578 ] ] } },
{ "type": "Feature", "properties": { "nombre": "Camino sin nombre", "longitud_km": 5.01 }, "geometry": { "type": "LineString", "coordinates": [ [ -64.0062, -37.3477 ], [ -64.0627, -37.3476 ] ] } },
{ "type": "Feature", "properties": { "nombre": "Camino sin nombre", "longitud_km": 2.0 }, "geometry": { "type": "LineString", "coordinates": [ [ -64.0627, -37.3476 ], [ -64.0853, -37.3475 ] ] } },
{ "type": "Feature", "properties": { "nombre": "Camino sin nombre", "longitud_km": 3.87 }, "geometry": { "type": "LineString", "coordinates": [ [ -65.7064, -37.3206 ], [ -65.7224, -37.3452 ], [ -65.7224, -37.3523 ] ] } },
{ "type": "Feature", "properties": { "nombre": "Camino sin nombre", "longitud_km": 5.99 }, "geometry": { "type": "LineString", "coordinates": [ [ -64.5614, -37.3437 ], [ -64.629, -37.3429 ] ] } },
{ "type": "Feature", "properties": { "nombre": "Camino sin nombre", "longitud_km": 2.41 }, "geometry": { "type": "LineString", "coordinates": [ [ -64.629, -37.3429 ], [ -64.6562, -37.3426 ] ] } },
{ "type": "Feature", "properties": { "nombre": "Camino sin nombre", "longitud_km": 2.51 }, "geometry": { "type": "LineString", "coordinates": [ [ -64.6562, -37.3426 ], [ -64.6846, -37.3422 ] ] } },
{ "type": "Feature", "properties": { "nombre": "Camino sin nombre", "longitud_km": 3.25 }, "geometry": { "type": "LineString", "coordinates": [ [ -63.4989, -37.3495 ], [ -63.4988, -37.3788 ] ] } },
{ "type": "Feature", "properties": { "nombre": "Camino sin nombre", "longitud_km": 5.38 }, "geometry": { "type": "LineString", "coordinates": [ [ -64.6846, -37.3422 ], [ -64.6836, -37.2937 ] ] } },
{ "type": "Feature", "properties": { "nombre": "Camino sin nombre", "longitud_km": 2.48 }, "geometry": { "type": "LineString", "coordinates": [ [ -64.6846, -37.3422 ], [ -64.7126, -37.342 ] ] } },
{ "type": "Feature", "properties": { "nombre": "Camino sin nombre", "longitud_km": 2.49 }, "geometry": { "type": "LineString", "coordinates": [ [ -64.7126, -37.342 ], [ -64.7407, -37.3419 ] ] } },
{ "type": "Feature", "properties": { "nombre": "Camino sin nombre", "longitud_km": 3.63 }, "geometry": { "type": "LineString", "coordinates": [ [ -64.7407, -37.3419 ], [ -64.7402, -37.3092 ] ] } },
{ "type": "Feature", "properties": { "nombre": "Camino sin nombre", "longitud_km": 10.01 }, "geometry": { "type": "LineString", "coordinates": [ [ -64.7407, -37.3419 ], [ -64.8537, -37.3408 ] ] } },
{ "type": "Feature", "properties": { "nombre": "Camino sin nombre", "longitud_km": 2.54 }, "geometry": { "type": "LineString", "coordinates": [ [ -64.8537, -37.3408 ], [ -64.8824, -37.3405 ] ] } },
{ "type": "Feature", "properties": { "nombre": "Camino sin nombre", "longitud_km": 11.27 }, "geometry": { "type": "LineString", "coordinates": [ [ -64.8824, -37.3405 ], [ -64.882, -37.2952 ], [ -64.8681, -37.2954 ], [ -64.867, -37.2617 ], [ -64.8526, -37.2623 ] ] } },
{ "type": "Feature", "properties": { "nombre": "Camino sin nombre", "longitud_km": 7.55 }, "geometry": { "type": "LineString", "coordinates": [ [ -64.8824, -37.3405 ], [ -64.9675, -37.3395 ] ] } },
{ "type": "Feature", "properties": { "nombre": "Camino sin nombre", "longitud_km": 10.01 }, "geometry": { "type": "LineString", "coordinates": [ [ -64.9675, -37.3395 ], [ -64.9654, -37.2493 ] ] } },
{ "type": "Feature", "properties": { "nombre": "Camino sin nombre", "longitud_km": 4.83 }, "geometry": { "type": "LineString", "coordinates": [ [ -65.5069, -37.2863 ], [ -65.5028, -37.3297 ] ] } },
{ "type": "Feature", "properties": { "nombre": "Camino sin nombre", "longitud_km": 5.96 }, "geometry": { "type": "LineString", "coordinates": [ [ -67.5257, -37.271 ], [ -67.589, -37.2528 ] ] } },
{ "type": "Feature", "properties": { "nombre": "Camino sin nombre", "longitud_km": 8.7 }, "geometry": { "type": "LineString", "coordinates": [ [ -65.3622, -37.3343 ], [ -65.361, -37.2559 ] ] } },
{ "type": "Feature", "properties": { "nombre": "Camino sin nombre", "longitud_km": 17.03 }, "geometry": { "type": "LineString", "coordinates": [ [ -67.8966, -37.1196 ], [ -67.9365, -37.1491 ], [ -67.9456, -37.1908 ], [ -67.9788, -37.2531 ] ] } },
{ "type": "Feature", "properties": { "nombre": "Camino sin nombre", "longitud_km": 20.85 }, "geometry": { "type": "LineString", "coordinates": [ [ -65.653, -37.3297 ], [ -65.6622, -37.3127 ], [ -65.6962, -37.311 ], [ -65.7063, -37.2749 ], [ -65.6953, -37.2696 ], [ -65.6973, -37.2576 ], [ -65.7083, -37.2463 ], [ -65.7091, -37.2265 ], [ -65.7175, -37.2224 ], [ -65.7243, -37.1819 ] ] } },
{ "type": "Feature", "properties": { "nombre": "Camino sin nombre", "longitud_km": 0.99 }, "geometry": { "type": "LineString", "coordinates": [ [ -63.7925, -37.3482 ], [ -63.7925, -37.3571 ] ] } },
{ "type": "Feature", "properties": { "nombre": "Camino sin nombre", "longitud_km": 1.01 }, "geometry": { "type": "LineString", "coordinates": [ [ -63.7583, -37.3574 ], [ -63.7583, -37.3483 ] ] } },
{ "type": "Feature", "properties": { "nombre": "Camino sin nombre", "longitud_km": 3.03 }, "geometry": { "type": "LineString", "coordinates": [ [ -63.7925, -37.3571 ], [ -63.7583, -37.3574 ] ] } },
{ "type": "Feature", "properties": { "nombre": "Camino sin nombre", "longitud_km": 5.72 }, "geometry": { "type": "LineString", "coordinates": [ [ -64.4585, -37.3515 ], [ -64.4574, -37.3 ] ] } },
{ "type": "Feature", "properties": { "nombre": "Camino sin nombre", "longitud_km": 1.16 }, "geometry": { "type": "LineString", "coordinates": [ [ -63.3855, -37.36 ], [ -63.3855, -37.3496 ] ] } },
{ "type": "Feature", "properties": { "nombre": "Camino sin nombre", "longitud_km": 7.9 }, "geometry": { "type": "LineString", "coordinates": [ [ -64.5618, -37.3503 ], [ -64.5381, -37.3513 ], [ -64.5383, -37.3441 ], [ -64.5294, -37.3442 ], [ -64.5289, -37.3173 ], [ -64.5428, -37.3171 ] ] } },
{ "type": "Feature", "properties": { "nombre": "Camino sin nombre", "longitud_km": 9.99 }, "geometry": { "type": "LineString", "coordinates": [ [ -63.442, -37.3497 ], [ -63.4422, -37.4396 ] ] } },
{ "type": "Feature", "properties": { "nombre": "Camino sin nombre", "longitud_km": 1.11 }, "geometry": { "type": "LineString", "coordinates": [ [ -64.5, -37.3429 ], [ -64.5039, -37.3524 ] ] } },
{ "type": "Feature", "properties": { "nombre": "Camino sin nombre", "longitud_km": 1.05 }, "geometry": { "type": "LineString", "coordinates": [ [ -67.5257, -37.271 ], [ -67.534, -37.2777 ] ] } },
{ "type": "Feature", "properties": { "nombre": "Camino sin nombre", "longitud_km": 7.34 }, "geometry": { "type": "LineString", "coordinates": [ [ -67.4703, -37.2384 ], [ -67.4867, -37.2673 ], [ -67.504, -37.2898 ], [ -67.5125, -37.2939 ] ] } },
{ "type": "Feature", "properties": { "nombre": "Camino sin nombre", "longitud_km": 5.04 }, "geometry": { "type": "LineString", "coordinates": [ [ -64.1195, -37.3926 ], [ -64.1195, -37.3554 ], [ -64.1297, -37.3567 ] ] } },
{ "type": "Feature", "properties": { "nombre": "Camino sin nombre", "longitud_km": 2.03 }, "geometry": { "type": "LineString", "coordinates": [ [ -63.724, -37.3485 ], [ -63.724, -37.3668 ] ] } },
{ "type": "Feature", "properties": { "nombre": "Camino sin nombre", "longitud_km": 1.04 }, "geometry": { "type": "LineString", "coordinates": [ [ -63.7583, -37.3668 ], [ -63.7583, -37.3574 ] ] } },
{ "type": "Feature", "properties": { "nombre": "Camino sin nombre", "longitud_km": 1.05 }, "geometry": { "type": "LineString", "coordinates": [ [ -63.7925, -37.3571 ], [ -63.7924, -37.3666 ] ] } },
{ "type": "Feature", "properties": { "nombre": "Camino sin nombre", "longitud_km": 30.05 }, "geometry": { "type": "LineString", "coordinates": [ [ -66.1038, -37.2344 ], [ -66.0982, -37.5051 ] ] } },
{ "type": "Feature", "properties": { "nombre": "Camino sin nombre", "longitud_km": 34.33 }, "geometry": { "type": "LineString", "coordinates": [ [ -66.2167, -37.2361 ], [ -66.2107, -37.5453 ] ] } },
{ "type": "Feature", "properties": { "nombre": "Camino sin nombre", "longitud_km": 7.54 }, "geometry": { "type": "LineString", "coordinates": [ [ -64.2316, -37.3012 ], [ -64.2328, -37.3691 ] ] } },
{ "type": "Feature", "properties": { "nombre": "Camino sin nombre", "longitud_km": 5.03 }, "geometry": { "type": "LineString", "coordinates": [ [ -64.2328, -37.3691 ], [ -64.2896, -37.3686 ] ] } },
{ "type": "Feature", "properties": { "nombre": "Camino sin nombre", "longitud_km": 10.58 }, "geometry": { "type": "LineString", "coordinates": [ [ -66.6102, -37.3267 ], [ -66.4907, -37.3282 ] ] } },
{ "type": "Feature", "properties": { "nombre": "Camino sin nombre", "longitud_km": 1.02 }, "geometry": { "type": "LineString", "coordinates": [ [ -63.7812, -37.3848 ], [ -63.7811, -37.394 ] ] } },
{ "type": "Feature", "properties": { "nombre": "Camino sin nombre", "longitud_km": 0.84 }, "geometry": { "type": "LineString", "coordinates": [ [ -64.6297, -37.4098 ], [ -64.6392, -37.4099 ] ] } },
{ "type": "Feature", "properties": { "nombre": "Camino sin nombre", "longitud_km": 4.09 }, "geometry": { "type": "LineString", "coordinates": [ [ -64.6079, -37.3679 ], [ -64.6101, -37.3588 ], [ -64.6058, -37.354 ], [ -64.629, -37.3429 ] ] } },
{ "type": "Feature", "properties": { "nombre": "Camino sin nombre", "longitud_km": 3.2 }, "geometry": { "type": "LineString", "coordinates": [ [ -63.5551, -37.3494 ], [ -63.5557, -37.3782 ] ] } },
{ "type": "Feature", "properties": { "nombre": "Camino sin nombre", "longitud_km": 3.21 }, "geometry": { "type": "LineString", "coordinates": [ [ -63.5326, -37.3495 ], [ -63.5328, -37.3784 ] ] } },
{ "type": "Feature", "properties": { "nombre": "Camino sin nombre", "longitud_km": 2.04 }, "geometry": { "type": "LineString", "coordinates": [ [ -63.5557, -37.3782 ], [ -63.5328, -37.3784 ] ] } },
{ "type": "Feature", "properties": { "nombre": "Camino sin nombre", "longitud_km": 3.01 }, "geometry": { "type": "LineString", "coordinates": [ [ -63.5328, -37.3784 ], [ -63.4988, -37.3788 ] ] } },
{ "type": "Feature", "properties": { "nombre": "Camino sin nombre", "longitud_km": 13.42 }, "geometry": { "type": "LineString", "coordinates": [ [ -66.7069, -37.2453 ], [ -66.707, -37.2568 ], [ -66.6996, -37.2726 ], [ -66.6122, -37.3172 ], [ -66.6102, -37.3267 ] ] } },
{ "type": "Feature", "properties": { "nombre": "Camino sin nombre", "longitud_km": 1.46 }, "geometry": { "type": "LineString", "coordinates": [ [ -63.7601, -37.3848 ], [ -63.7723, -37.3759 ] ] } },
{ "type": "Feature", "properties": { "nombre": "Camino sin nombre", "longitud_km": 2.0 }, "geometry": { "type": "LineString", "coordinates": [ [ -63.7582, -37.3848 ], [ -63.7583, -37.3668 ] ] } },
{ "type": "Feature", "properties": { "nombre": "Camino sin nombre", "longitud_km": 0.17 }, "geometry": { "type": "LineString", "coordinates": [ [ -63.7582, -37.3848 ], [ -63.7601, -37.3848 ] ] } },
{ "type": "Feature", "properties": { "nombre": "Camino sin nombre", "longitud_km": 6.78 }, "geometry": { "type": "LineString", "coordinates": [ [ -63.4988, -37.3788 ], [ -63.499, -37.4399 ] ] } },
{ "type": "Feature", "properties": { "nombre": "Camino sin nombre", "longitud_km": 5.65 }, "geometry": { "type": "LineString", "coordinates": [ [ -64.6562, -37.3426 ], [ -64.6563, -37.3711 ], [ -64.6284, -37.373 ] ] } },
{ "type": "Feature", "properties": { "nombre": "Camino sin nombre", "longitud_km": 3.59 }, "geometry": { "type": "LineString", "coordinates": [ [ -64.5727, -37.3728 ], [ -64.604, -37.3745 ], [ -64.6079, -37.3679 ] ] } },
{ "type": "Feature", "properties": { "nombre": "Camino sin nombre", "longitud_km": 4.99 }, "geometry": { "type": "LineString", "coordinates": [ [ -63.8938, -37.3936 ], [ -63.8933, -37.3486 ] ] } },
{ "type": "Feature", "properties": { "nombre": "Camino sin nombre", "longitud_km": 0.52 }, "geometry": { "type": "LineString", "coordinates": [ [ -66.6102, -37.3267 ], [ -66.61, -37.3314 ] ] } },
{ "type": "Feature", "properties": { "nombre": "Camino sin nombre", "longitud_km": 1.99 }, "geometry": { "type": "LineString", "coordinates": [ [ -63.7241, -37.3847 ], [ -63.724, -37.3668 ] ] } },
{ "type": "Feature", "properties": { "nombre": "Camino sin nombre", "longitud_km": 3.02 }, "geometry": { "type": "LineString", "coordinates": [ [ -63.7241, -37.3847 ], [ -63.7582, -37.3848 ] ] } },
{ "type": "Feature", "properties": { "nombre": "Camino sin nombre", "longitud_km": 1.87 }, "geometry": { "type": "LineString", "coordinates": [ [ -63.7601, -37.3848 ], [ -63.7812, -37.3848 ] ] } },
{ "type": "Feature", "properties": { "nombre": "Camino sin nombre", "longitud_km": 1.26 }, "geometry": { "type": "LineString", "coordinates": [ [ -63.7723, -37.3759 ], [ -63.7812, -37.3848 ] ] } },
{ "type": "Feature", "properties": { "nombre": "Camino sin nombre", "longitud_km": 3.68 }, "geometry": { "type": "LineString", "coordinates": [ [ -65.5539, -37.3598 ], [ -65.5614, -37.3271 ] ] } },
{ "type": "Feature", "properties": { "nombre": "Camino sin nombre", "longitud_km": 1.0 }, "geometry": { "type": "LineString", "coordinates": [ [ -63.7812, -37.3848 ], [ -63.7925, -37.3848 ] ] } },
{ "type": "Feature", "properties": { "nombre": "Camino sin nombre", "longitud_km": 2.02 }, "geometry": { "type": "LineString", "coordinates": [ [ -63.7924, -37.3666 ], [ -63.7925, -37.3848 ] ] } },
{ "type": "Feature", "properties": { "nombre": "Camino sin nombre", "longitud_km": 3.96 }, "geometry": { "type": "LineString", "coordinates": [ [ -63.7925, -37.3848 ], [ -63.8372, -37.3846 ] ] } },
{ "type": "Feature", "properties": { "nombre": "Camino sin nombre", "longitud_km": 1.51 }, "geometry": { "type": "LineString", "coordinates": [ [ -64.2328, -37.3826 ], [ -64.2328, -37.3691 ] ] } },
{ "type": "Feature", "properties": { "nombre": "Camino sin nombre", "longitud_km": 2.97 }, "geometry": { "type": "LineString", "coordinates": [ [ -63.7475, -37.3941 ], [ -63.7811, -37.394 ] ] } },
{ "type": "Feature", "properties": { "nombre": "Camino sin nombre", "longitud_km": 2.23 }, "geometry": { "type": "LineString", "coordinates": [ [ -64.5503, -37.3804 ], [ -64.5503, -37.3603 ] ] } },
{ "type": "Feature", "properties": { "nombre": "Camino sin nombre", "longitud_km": 4.19 }, "geometry": { "type": "LineString", "coordinates": [ [ -65.5028, -37.3297 ], [ -65.5006, -37.3674 ] ] } },
{ "type": "Feature", "properties": { "nombre": "Camino sin nombre", "longitud_km": 4.77 }, "geometry": { "type": "LineString", "coordinates": [ [ -64.0628, -37.3905 ], [ -64.0627, -37.3476 ] ] } },
{ "type": "Feature", "properties": { "nombre": "Camino sin nombre", "longitud_km": 8.35 }, "geometry": { "type": "LineString", "coordinates": [ [ -67.9788, -37.2531 ], [ -67.9294, -37.2655 ], [ -67.9062, -37.2938 ] ] } },
{ "type": "Feature", "properties": { "nombre": "Camino sin nombre", "longitud_km": 3.69 }, "geometry": { "type": "LineString", "coordinates": [ [ -65.6453, -37.3665 ], [ -65.6448, -37.3332 ] ] } },
{ "type": "Feature", "properties": { "nombre": "Camino sin nombre", "longitud_km": 4.99 }, "geometry": { "type": "LineString", "coordinates": [ [ -63.6678, -37.3944 ], [ -63.7241, -37.3942 ] ] } },
{ "type": "Feature", "properties": { "nombre": "Camino sin nombre", "longitud_km": 1.06 }, "geometry": { "type": "LineString", "coordinates": [ [ -63.7241, -37.3942 ], [ -63.7241, -37.3847 ] ] } },
{ "type": "Feature", "properties": { "nombre": "Camino sin nombre", "longitud_km": 2.08 }, "geometry": { "type": "LineString", "coordinates": [ [ -63.7241, -37.3942 ], [ -63.7475, -37.3941 ] ] } },
{ "type": "Feature", "properties": { "nombre": "Camino sin nombre", "longitud_km": 1.52 }, "geometry": { "type": "LineString", "coordinates": [ [ -63.7475, -37.3941 ], [ -63.7601, -37.3848 ] ] } },
{ "type": "Feature", "properties": { "nombre": "Camino sin nombre", "longitud_km": 1.02 }, "geometry": { "type": "LineString", "coordinates": [ [ -63.7925, -37.3848 ], [ -63.7926, -37.3939 ] ] } },
{ "type": "Feature", "properties": { "nombre": "Camino sin nombre", "longitud_km": 0.99 }, "geometry": { "type": "LineString", "coordinates": [ [ -63.7811, -37.394 ], [ -63.7923, -37.3939 ] ] } },
{ "type": "Feature", "properties": { "nombre": "Camino sin nombre", "longitud_km": 0.02 }, "geometry": { "type": "LineString", "coordinates": [ [ -63.7926, -37.3939 ], [ -63.7923, -37.3939 ] ] } },
{ "type": "Feature", "properties": { "nombre": "Camino sin nombre", "longitud_km": 3.96 }, "geometry": { "type": "LineString", "coordinates": [ [ -63.7926, -37.3939 ], [ -63.8373, -37.3937 ] ] } },
{ "type": "Feature", "properties": { "nombre": "Camino sin nombre", "longitud_km": 4.99 }, "geometry": { "type": "LineString", "coordinates": [ [ -63.95, -37.3481 ], [ -63.9495, -37.3931 ] ] } },
{ "type": "Feature", "properties": { "nombre": "Camino sin nombre", "longitud_km": 5.06 }, "geometry": { "type": "LineString", "coordinates": [ [ -64.0059, -37.3933 ], [ -64.0062, -37.3477 ] ] } },
{ "type": "Feature", "properties": { "nombre": "Camino sin nombre", "longitud_km": 5.0 }, "geometry": { "type": "LineString", "coordinates": [ [ -64.6854, -37.3873 ], [ -64.6846, -37.3422 ] ] } },
{ "type": "Feature", "properties": { "nombre": "Camino sin nombre", "longitud_km": 4.6 }, "geometry": { "type": "LineString", "coordinates": [ [ -65.363, -37.3758 ], [ -65.3622, -37.3343 ] ] } },
{ "type": "Feature", "properties": { "nombre": "Camino sin nombre", "longitud_km": 10.4 }, "geometry": { "type": "LineString", "coordinates": [ [ -65.3622, -37.3343 ], [ -65.3856, -37.334 ], [ -65.4109, -37.3435 ], [ -65.3924, -37.3544 ], [ -65.3926, -37.3604 ], [ -65.363, -37.3758 ] ] } },
{ "type": "Feature", "properties": { "nombre": "Camino sin nombre", "longitud_km": 6.39 }, "geometry": { "type": "LineString", "coordinates": [ [ -65.5028, -37.3297 ], [ -65.4983, -37.3292 ], [ -65.4637, -37.3755 ] ] } },
{ "type": "Feature", "properties": { "nombre": "Camino sin nombre", "longitud_km": 7.74 }, "geometry": { "type": "LineString", "coordinates": [ [ -64.9675, -37.3395 ], [ -65.0086, -37.3773 ], [ -65.0309, -37.3858 ] ] } },
{ "type": "Feature", "properties": { "nombre": "Camino sin nombre", "longitud_km": 2.99 }, "geometry": { "type": "LineString", "coordinates": [ [ -65.0309, -37.3858 ], [ -65.0645, -37.3825 ] ] } },
{ "type": "Feature", "properties": { "nombre": "Camino sin nombre", "longitud_km": 1.27 }, "geometry": { "type": "LineString", "coordinates": [ [ -65.7717, -37.3678 ], [ -65.7592, -37.3733 ] ] } },
{ "type": "Feature", "properties": { "nombre": "Camino sin nombre", "longitud_km": 5.8 }, "geometry": { "type": "LineString", "coordinates": [ [ -64.7134, -37.3942 ], [ -64.7126, -37.342 ] ] } },
{ "type": "Feature", "properties": { "nombre": "Camino sin nombre", "longitud_km": 3.18 }, "geometry": { "type": "LineString", "coordinates": [ [ -64.6201, -37.3984 ], [ -64.6203, -37.3698 ] ] } },
{ "type": "Feature", "properties": { "nombre": "Camino sin nombre", "longitud_km": 10.26 }, "geometry": { "type": "LineString", "coordinates": [ [ -65.7592, -37.3733 ], [ -65.7219, -37.3783 ], [ -65.6453, -37.3665 ] ] } },
{ "type": "Feature", "properties": { "nombre": "Camino sin nombre", "longitud_km": 11.8 }, "geometry": { "type": "LineString", "coordinates": [ [ -64.4028, -37.4331 ], [ -64.4025, -37.3899 ], [ -64.4202, -37.3899 ], [ -64.4197, -37.3409 ] ] } },
{ "type": "Feature", "properties": { "nombre": "Camino sin nombre", "longitud_km": 2.76 }, "geometry": { "type": "LineString", "coordinates": [ [ -66.61, -37.3314 ], [ -66.6108, -37.3563 ] ] } },
{ "type": "Feature", "properties": { "nombre": "Camino sin nombre", "longitud_km": 1.85 }, "geometry": { "type": "LineString", "coordinates": [ [ -63.7243, -37.4109 ], [ -63.7241, -37.3942 ] ] } },
{ "type": "Feature", "properties": { "nombre": "Camino sin nombre", "longitud_km": 2.78 }, "geometry": { "type": "LineString", "coordinates": [ [ -63.7243, -37.4109 ], [ -63.7475, -37.3941 ] ] } },
{ "type": "Feature", "properties": { "nombre": "Camino sin nombre", "longitud_km": 6.62 }, "geometry": { "type": "LineString", "coordinates": [ [ -64.7407, -37.3419 ], [ -64.7419, -37.4016 ] ] } },
{ "type": "Feature", "properties": { "nombre": "Camino sin nombre", "longitud_km": 7.96 }, "geometry": { "type": "LineString", "coordinates": [ [ -66.61, -37.3314 ], [ -66.5846, -37.3484 ], [ -66.5458, -37.3558 ], [ -66.5338, -37.3652 ] ] } },
{ "type": "Feature", "properties": { "nombre": "Camino sin nombre", "longitud_km": 1.12 }, "geometry": { "type": "LineString", "coordinates": [ [ -67.6265, -37.3337 ], [ -67.6159, -37.3282 ] ] } },
{ "type": "Feature", "properties": { "nombre": "Camino sin nombre", "longitud_km": 14.55 }, "geometry": { "type": "LineString", "coordinates": [ [ -67.6798, -37.3283 ], [ -67.6642, -37.1978 ] ] } },
{ "type": "Feature", "properties": { "nombre": "Camino sin nombre", "longitud_km": 19.87 }, "geometry": { "type": "LineString", "coordinates": [ [ -67.7328, -37.1622 ], [ -67.7459, -37.2046 ], [ -67.743, -37.2174 ], [ -67.6812, -37.3188 ], [ -67.6798, -37.3283 ] ] } },
{ "type": "Feature", "properties": { "nombre": "Camino sin nombre", "longitud_km": 1.84 }, "geometry": { "type": "LineString", "coordinates": [ [ -64.6297, -37.4098 ], [ -64.6202, -37.4069 ], [ -64.6201, -37.3984 ] ] } },
{ "type": "Feature", "properties": { "nombre": "Camino sin nombre", "longitud_km": 4.51 }, "geometry": { "type": "LineString", "coordinates": [ [ -64.6392, -37.4099 ], [ -64.6442, -37.4046 ], [ -64.6426, -37.3946 ], [ -64.6321, -37.381 ], [ -64.6415, -37.3784 ] ] } },
{ "type": "Feature", "properties": { "nombre": "Camino sin nombre", "longitud_km": 5.85 }, "geometry": { "type": "LineString", "coordinates": [ [ -64.6392, -37.4099 ], [ -64.6571, -37.4099 ], [ -64.657, -37.3947 ], [ -64.6711, -37.3946 ], [ -64.6654, -37.3835 ] ] } },
{ "type": "Feature", "properties": { "nombre": "Camino sin nombre", "longitud_km": 3.57 }, "geometry": { "type": "LineString", "coordinates": [ [ -65.0005, -37.4068 ], [ -65.0309, -37.3858 ] ] } },
{ "type": "Feature", "properties": { "nombre": "Camino sin nombre", "longitud_km": 4.68 }, "geometry": { "type": "LineString", "coordinates": [ [ -67.6793, -37.3317 ], [ -67.6265, -37.3337 ] ] } },
{ "type": "Feature", "properties": { "nombre": "Camino sin nombre", "longitud_km": 0.38 }, "geometry": { "type": "LineString", "coordinates": [ [ -67.6798, -37.3283 ], [ -67.6793, -37.3317 ] ] } },
{ "type": "Feature", "properties": { "nombre": "Camino sin nombre", "longitud_km": 20.84 }, "geometry": { "type": "LineString", "coordinates": [ [ -67.9062, -37.2938 ], [ -67.8851, -37.3033 ], [ -67.7906, -37.3261 ], [ -67.7212, -37.3248 ], [ -67.6793, -37.3317 ] ] } },
{ "type": "Feature", "properties": { "nombre": "Camino sin nombre", "longitud_km": 7.11 }, "geometry": { "type": "LineString", "coordinates": [ [ -64.8518, -37.3858 ], [ -64.8307, -37.3833 ], [ -64.7988, -37.3902 ], [ -64.7991, -37.4108 ] ] } },
{ "type": "Feature", "properties": { "nombre": "Camino sin nombre", "longitud_km": 2.48 }, "geometry": { "type": "LineString", "coordinates": [ [ -63.3657, -37.4097 ], [ -63.3858, -37.4253 ] ] } },
{ "type": "Feature", "properties": { "nombre": "Camino sin nombre", "longitud_km": 7.24 }, "geometry": { "type": "LineString", "coordinates": [ [ -63.3858, -37.4253 ], [ -63.3855, -37.36 ] ] } },
{ "type": "Feature", "properties": { "nombre": "Camino sin nombre", "longitud_km": 5.54 }, "geometry": { "type": "LineString", "coordinates": [ [ -63.6678, -37.4243 ], [ -63.7072, -37.4233 ], [ -63.7243, -37.4109 ] ] } },
{ "type": "Feature", "properties": { "nombre": "Camino sin nombre", "longitud_km": 21.69 }, "geometry": { "type": "LineString", "coordinates": [ [ -66.8974, -37.2048 ], [ -66.8886, -37.2311 ], [ -66.8949, -37.2507 ], [ -66.8831, -37.261 ], [ -66.8778, -37.2801 ], [ -66.8624, -37.2922 ], [ -66.8541, -37.3172 ], [ -66.8319, -37.3348 ], [ -66.8206, -37.3502 ], [ -66.7907, -37.3659 ] ] } },
{ "type": "Feature", "properties": { "nombre": "Camino sin nombre", "longitud_km": 3.97 }, "geometry": { "type": "LineString", "coordinates": [ [ -63.7924, -37.4301 ], [ -63.8373, -37.4299 ] ] } },
{ "type": "Feature", "properties": { "nombre": "Camino sin nombre", "longitud_km": 8.85 }, "geometry": { "type": "LineString", "coordinates": [ [ -64.8518, -37.3858 ], [ -64.9124, -37.3936 ], [ -64.9428, -37.4126 ] ] } },
{ "type": "Feature", "properties": { "nombre": "Camino sin nombre", "longitud_km": 2.29 }, "geometry": { "type": "LineString", "coordinates": [ [ -65.0005, -37.4068 ], [ -65.0257, -37.4115 ] ] } },
{ "type": "Feature", "properties": { "nombre": "Camino sin nombre", "longitud_km": 5.28 }, "geometry": { "type": "LineString", "coordinates": [ [ -66.6108, -37.3563 ], [ -66.6255, -37.3655 ], [ -66.6407, -37.3652 ], [ -66.6643, -37.3734 ] ] } },
{ "type": "Feature", "properties": { "nombre": "Camino sin nombre", "longitud_km": 11.52 }, "geometry": { "type": "LineString", "coordinates": [ [ -66.7907, -37.3659 ], [ -66.6823, -37.3639 ], [ -66.6643, -37.3734 ] ] } },
{ "type": "Feature", "properties": { "nombre": "Camino sin nombre", "longitud_km": 0.95 }, "geometry": { "type": "LineString", "coordinates": [ [ -67.6265, -37.3337 ], [ -67.6191, -37.3399 ] ] } },
{ "type": "Feature", "properties": { "nombre": "Camino sin nombre", "longitud_km": 2.14 }, "geometry": { "type": "LineString", "coordinates": [ [ -63.7243, -37.4109 ], [ -63.7245, -37.4302 ] ] } },
{ "type": "Feature", "properties": { "nombre": "Camino sin nombre", "longitud_km": 5.01 }, "geometry": { "type": "LineString", "coordinates": [ [ -63.7245, -37.4302 ], [ -63.781, -37.4301 ] ] } },
{ "type": "Feature", "properties": { "nombre": "Camino sin nombre", "longitud_km": 4.01 }, "geometry": { "type": "LineString", "coordinates": [ [ -63.7811, -37.394 ], [ -63.781, -37.4301 ] ] } },
{ "type": "Feature", "properties": { "nombre": "Camino sin nombre", "longitud_km": 1.0 }, "geometry": { "type": "LineString", "coordinates": [ [ -63.781, -37.4301 ], [ -63.7924, -37.4301 ] ] } },
{ "type": "Feature", "properties": { "nombre": "Camino sin nombre", "longitud_km": 4.01 }, "geometry": { "type": "LineString", "coordinates": [ [ -63.7923, -37.3939 ], [ -63.7924, -37.4301 ] ] } },
{ "type": "Feature", "properties": { "nombre": "Camino sin nombre", "longitud_km": 0.81 }, "geometry": { "type": "LineString", "coordinates": [ [ -64.8553, -37.4249 ], [ -64.855, -37.4176 ] ] } },
{ "type": "Feature", "properties": { "nombre": "Camino sin nombre", "longitud_km": 1.61 }, "geometry": { "type": "LineString", "coordinates": [ [ -63.3857, -37.4398 ], [ -63.3858, -37.4253 ] ] } },
{ "type": "Feature", "properties": { "nombre": "Camino sin nombre", "longitud_km": 3.01 }, "geometry": { "type": "LineString", "coordinates": [ [ -63.4198, -37.4397 ], [ -63.3857, -37.4398 ] ] } },
{ "type": "Feature", "properties": { "nombre": "Camino sin nombre", "longitud_km": 1.99 }, "geometry": { "type": "LineString", "coordinates": [ [ -63.4422, -37.4396 ], [ -63.4198, -37.4397 ] ] } },
{ "type": "Feature", "properties": { "nombre": "Camino sin nombre", "longitud_km": 5.02 }, "geometry": { "type": "LineString", "coordinates": [ [ -63.499, -37.4399 ], [ -63.4422, -37.4396 ] ] } },
{ "type": "Feature", "properties": { "nombre": "Camino sin nombre", "longitud_km": 3.07 }, "geometry": { "type": "LineString", "coordinates": [ [ -63.5337, -37.4399 ], [ -63.499, -37.4399 ] ] } },
{ "type": "Feature", "properties": { "nombre": "Camino sin nombre", "longitud_km": 6.83 }, "geometry": { "type": "LineString", "coordinates": [ [ -63.5328, -37.3784 ], [ -63.5337, -37.4399 ] ] } },
{ "type": "Feature", "properties": { "nombre": "Camino sin nombre", "longitud_km": 1.97 }, "geometry": { "type": "LineString", "coordinates": [ [ -63.5559, -37.4399 ], [ -63.5337, -37.4399 ] ] } },
{ "type": "Feature", "properties": { "nombre": "Camino sin nombre", "longitud_km": 6.85 }, "geometry": { "type": "LineString", "coordinates": [ [ -63.5557, -37.3782 ], [ -63.5559, -37.4399 ] ] } },
{ "type": "Feature", "properties": { "nombre": "Camino sin nombre", "longitud_km": 2.36 }, "geometry": { "type": "LineString", "coordinates": [ [ -63.6283, -37.4395 ], [ -63.6017, -37.4399 ] ] } },
{ "type": "Feature", "properties": { "nombre": "Camino sin nombre", "longitud_km": 10.35 }, "geometry": { "type": "LineString", "coordinates": [ [ -63.6003, -37.4399 ], [ -63.6076, -37.4261 ], [ -63.597, -37.4155 ], [ -63.5998, -37.4091 ], [ -63.6233, -37.4082 ], [ -63.6479, -37.4208 ], [ -63.6678, -37.422 ] ] } },
{ "type": "Feature", "properties": { "nombre": "Camino sin nombre", "longitud_km": 0.12 }, "geometry": { "type": "LineString", "coordinates": [ [ -63.6017, -37.4399 ], [ -63.6003, -37.4399 ] ] } },
{ "type": "Feature", "properties": { "nombre": "Camino sin nombre", "longitud_km": 3.93 }, "geometry": { "type": "LineString", "coordinates": [ [ -63.6003, -37.4399 ], [ -63.5559, -37.4399 ] ] } },
{ "type": "Feature", "properties": { "nombre": "Camino sin nombre", "longitud_km": 1.03 }, "geometry": { "type": "LineString", "coordinates": [ [ -63.7245, -37.4302 ], [ -63.7245, -37.4394 ] ] } },
{ "type": "Feature", "properties": { "nombre": "Camino sin nombre", "longitud_km": 5.03 }, "geometry": { "type": "LineString", "coordinates": [ [ -63.6676, -37.4394 ], [ -63.7245, -37.4394 ] ] } },
{ "type": "Feature", "properties": { "nombre": "Camino sin nombre", "longitud_km": 1.02 }, "geometry": { "type": "LineString", "coordinates": [ [ -63.781, -37.4301 ], [ -63.7811, -37.4393 ] ] } },
{ "type": "Feature", "properties": { "nombre": "Camino sin nombre", "longitud_km": 4.98 }, "geometry": { "type": "LineString", "coordinates": [ [ -63.7811, -37.4393 ], [ -63.8373, -37.4389 ] ] } },
{ "type": "Feature", "properties": { "nombre": "Camino sin nombre", "longitud_km": 5.01 }, "geometry": { "type": "LineString", "coordinates": [ [ -63.8943, -37.4387 ], [ -63.8938, -37.3936 ] ] } },
{ "type": "Feature", "properties": { "nombre": "Camino sin nombre", "longitud_km": 5.04 }, "geometry": { "type": "LineString", "coordinates": [ [ -63.8373, -37.4389 ], [ -63.8943, -37.4387 ] ] } },
{ "type": "Feature", "properties": { "nombre": "Camino sin nombre", "longitud_km": 5.04 }, "geometry": { "type": "LineString", "coordinates": [ [ -63.9495, -37.3931 ], [ -63.9498, -37.4386 ] ] } },
{ "type": "Feature", "properties": { "nombre": "Camino sin nombre", "longitud_km": 2.41 }, "geometry": { "type": "LineString", "coordinates": [ [ -63.9498, -37.4386 ], [ -63.9771, -37.4384 ] ] } },
{ "type": "Feature", "properties": { "nombre": "Camino sin nombre", "longitud_km": 5.06 }, "geometry": { "type": "LineString", "coordinates": [ [ -63.9769, -37.3928 ], [ -63.9771, -37.4384 ] ] } },
{ "type": "Feature", "properties": { "nombre": "Camino sin nombre", "longitud_km": 4.92 }, "geometry": { "type": "LineString", "coordinates": [ [ -63.8943, -37.4387 ], [ -63.9498, -37.4386 ] ] } },
{ "type": "Feature", "properties": { "nombre": "Camino sin nombre", "longitud_km": 2.66 }, "geometry": { "type": "LineString", "coordinates": [ [ -63.9771, -37.4384 ], [ -64.0071, -37.4382 ] ] } },
{ "type": "Feature", "properties": { "nombre": "Camino sin nombre", "longitud_km": 4.99 }, "geometry": { "type": "LineString", "coordinates": [ [ -64.0059, -37.3933 ], [ -64.0071, -37.4382 ] ] } },
{ "type": "Feature", "properties": { "nombre": "Camino sin nombre", "longitud_km": 5.26 }, "geometry": { "type": "LineString", "coordinates": [ [ -64.0636, -37.4379 ], [ -64.0628, -37.3905 ] ] } },
{ "type": "Feature", "properties": { "nombre": "Camino sin nombre", "longitud_km": 5.87 }, "geometry": { "type": "LineString", "coordinates": [ [ -64.1769, -37.4368 ], [ -64.1762, -37.3839 ] ] } },
{ "type": "Feature", "properties": { "nombre": "Camino sin nombre", "longitud_km": 5.0 }, "geometry": { "type": "LineString", "coordinates": [ [ -64.0071, -37.4382 ], [ -64.0636, -37.4379 ] ] } },
{ "type": "Feature", "properties": { "nombre": "Camino sin nombre", "longitud_km": 5.01 }, "geometry": { "type": "LineString", "coordinates": [ [ -64.0636, -37.4379 ], [ -64.1201, -37.4375 ] ] } },
{ "type": "Feature", "properties": { "nombre": "Camino sin nombre", "longitud_km": 4.98 }, "geometry": { "type": "LineString", "coordinates": [ [ -64.1195, -37.3926 ], [ -64.1201, -37.4375 ] ] } },
{ "type": "Feature", "properties": { "nombre": "Camino sin nombre", "longitud_km": 5.03 }, "geometry": { "type": "LineString", "coordinates": [ [ -64.1201, -37.4375 ], [ -64.1769, -37.4368 ] ] } },
{ "type": "Feature", "properties": { "nombre": "Camino sin nombre", "longitud_km": 5.98 }, "geometry": { "type": "LineString", "coordinates": [ [ -64.2334, -37.4366 ], [ -64.2328, -37.3826 ] ] } },
{ "type": "Feature", "properties": { "nombre": "Camino sin nombre", "longitud_km": 5.0 }, "geometry": { "type": "LineString", "coordinates": [ [ -64.2334, -37.4366 ], [ -64.1769, -37.4368 ] ] } },
{ "type": "Feature", "properties": { "nombre": "Camino sin nombre", "longitud_km": 5.04 }, "geometry": { "type": "LineString", "coordinates": [ [ -64.2904, -37.4362 ], [ -64.2334, -37.4366 ] ] } },
{ "type": "Feature", "properties": { "nombre": "Camino sin nombre", "longitud_km": 9.72 }, "geometry": { "type": "LineString", "coordinates": [ [ -64.2904, -37.4362 ], [ -64.4002, -37.4353 ] ] } },
{ "type": "Feature", "properties": { "nombre": "Camino sin nombre", "longitud_km": 5.36 }, "geometry": { "type": "LineString", "coordinates": [ [ -65.3645, -37.4241 ], [ -65.363, -37.3758 ] ] } },
{ "type": "Feature", "properties": { "nombre": "Camino sin nombre", "longitud_km": 4.42 }, "geometry": { "type": "LineString", "coordinates": [ [ -64.9639, -37.4339 ], [ -65.0005, -37.4068 ] ] } },
{ "type": "Feature", "properties": { "nombre": "Camino sin nombre", "longitud_km": 24.17 }, "geometry": { "type": "LineString", "coordinates": [ [ -67.6191, -37.3399 ], [ -67.6032, -37.3631 ], [ -67.4752, -37.4156 ], [ -67.4671, -37.4292 ], [ -67.4431, -37.4503 ], [ -67.4448, -37.4833 ] ] } },
{ "type": "Feature", "properties": { "nombre": "Camino sin nombre", "longitud_km": 2.71 }, "geometry": { "type": "LineString", "coordinates": [ [ -63.5838, -37.4597 ], [ -63.6017, -37.4399 ] ] } },
{ "type": "Feature", "properties": { "nombre": "Camino sin nombre", "longitud_km": 10.21 }, "geometry": { "type": "LineString", "coordinates": [ [ -65.0826, -37.4457 ], [ -65.0869, -37.4284 ], [ -65.0973, -37.4136 ], [ -65.1381, -37.4098 ], [ -65.138, -37.3852 ] ] } },
{ "type": "Feature", "properties": { "nombre": "Camino sin nombre", "longitud_km": 8.55 }, "geometry": { "type": "LineString", "coordinates": [ [ -65.196, -37.4451 ], [ -65.1959, -37.4254 ], [ -65.248, -37.3858 ] ] } },
{ "type": "Feature", "properties": { "nombre": "Camino sin nombre", "longitud_km": 2.44 }, "geometry": { "type": "LineString", "coordinates": [ [ -63.3856, -37.4668 ], [ -63.358, -37.4665 ] ] } },
{ "type": "Feature", "properties": { "nombre": "Camino sin nombre", "longitud_km": 3.0 }, "geometry": { "type": "LineString", "coordinates": [ [ -63.3856, -37.4668 ], [ -63.3857, -37.4398 ] ] } },
{ "type": "Feature", "properties": { "nombre": "Camino sin nombre", "longitud_km": 0.4 }, "geometry": { "type": "LineString", "coordinates": [ [ -65.0826, -37.4493 ], [ -65.0826, -37.4457 ] ] } },
{ "type": "Feature", "properties": { "nombre": "Camino sin nombre", "longitud_km": 3.0 }, "geometry": { "type": "LineString", "coordinates": [ [ -63.499, -37.4399 ], [ -63.499, -37.4669 ] ] } },
{ "type": "Feature", "properties": { "nombre": "Camino sin nombre", "longitud_km": 7.19 }, "geometry": { "type": "LineString", "coordinates": [ [ -63.5763, -37.4671 ], [ -63.5554, -37.4669 ], [ -63.5522, -37.4621 ], [ -63.499, -37.4669 ] ] } },
{ "type": "Feature", "properties": { "nombre": "Camino sin nombre", "longitud_km": 1.05 }, "geometry": { "type": "LineString", "coordinates": [ [ -63.5763, -37.4671 ], [ -63.5838, -37.4597 ] ] } },
{ "type": "Feature", "properties": { "nombre": "Camino sin nombre", "longitud_km": 3.4 }, "geometry": { "type": "LineString", "coordinates": [ [ -63.7811, -37.4393 ], [ -63.7812, -37.47 ] ] } },
{ "type": "Feature", "properties": { "nombre": "Camino sin nombre", "longitud_km": 16.64 }, "geometry": { "type": "LineString", "coordinates": [ [ -66.4695, -37.3633 ], [ -66.4959, -37.3767 ], [ -66.5234, -37.3719 ], [ -66.5207, -37.3883 ], [ -66.511, -37.3964 ], [ -66.5074, -37.4093 ], [ -66.4871, -37.4223 ], [ -66.4406, -37.4054 ] ] } },
{ "type": "Feature", "properties": { "nombre": "Camino sin nombre", "longitud_km": 5.86 }, "geometry": { "type": "LineString", "coordinates": [ [ -64.6302, -37.4627 ], [ -64.6297, -37.4098 ] ] } },
{ "type": "Feature", "properties": { "nombre": "Camino sin nombre", "longitud_km": 15.2 }, "geometry": { "type": "LineString", "coordinates": [ [ -64.6302, -37.4627 ], [ -64.6844, -37.4678 ], [ -64.7142, -37.4636 ], [ -64.7134, -37.3942 ] ] } },
{ "type": "Feature", "properties": { "nombre": "Camino sin nombre", "longitud_km": 4.31 }, "geometry": { "type": "LineString", "coordinates": [ [ -66.6633, -37.4251 ], [ -66.712, -37.4259 ] ] } },
{ "type": "Feature", "properties": { "nombre": "Camino sin nombre", "longitud_km": 4.97 }, "geometry": { "type": "LineString", "coordinates": [ [ -64.0071, -37.4382 ], [ -64.0068, -37.483 ] ] } },
{ "type": "Feature", "properties": { "nombre": "Camino sin nombre", "longitud_km": 1.58 }, "geometry": { "type": "LineString", "coordinates": [ [ -66.5891, -37.4182 ], [ -66.5927, -37.4225 ], [ -66.589, -37.431 ] ] } },
{ "type": "Feature", "properties": { "nombre": "Camino sin nombre", "longitud_km": 6.75 }, "geometry": { "type": "LineString", "coordinates": [ [ -66.589, -37.431 ], [ -66.6072, -37.4241 ], [ -66.6633, -37.4251 ] ] } },
{ "type": "Feature", "properties": { "nombre": "Camino sin nombre", "longitud_km": 2.03 }, "geometry": { "type": "LineString", "coordinates": [ [ -63.3855, -37.4851 ], [ -63.3856, -37.4668 ] ] } },
{ "type": "Feature", "properties": { "nombre": "Camino sin nombre", "longitud_km": 2.95 }, "geometry": { "type": "LineString", "coordinates": [ [ -63.4189, -37.485 ], [ -63.3855, -37.4851 ] ] } },
{ "type": "Feature", "properties": { "nombre": "Camino sin nombre", "longitud_km": 5.03 }, "geometry": { "type": "LineString", "coordinates": [ [ -63.4198, -37.4397 ], [ -63.4189, -37.485 ] ] } },
{ "type": "Feature", "properties": { "nombre": "Camino sin nombre", "longitud_km": 1.98 }, "geometry": { "type": "LineString", "coordinates": [ [ -63.499, -37.4669 ], [ -63.499, -37.4848 ] ] } },
{ "type": "Feature", "properties": { "nombre": "Camino sin nombre", "longitud_km": 2.03 }, "geometry": { "type": "LineString", "coordinates": [ [ -63.4419, -37.4851 ], [ -63.4189, -37.485 ] ] } },
{ "type": "Feature", "properties": { "nombre": "Camino sin nombre", "longitud_km": 5.04 }, "geometry": { "type": "LineString", "coordinates": [ [ -63.4422, -37.4396 ], [ -63.4419, -37.4851 ] ] } },
{ "type": "Feature", "properties": { "nombre": "Camino sin nombre", "longitud_km": 5.05 }, "geometry": { "type": "LineString", "coordinates": [ [ -63.499, -37.4848 ], [ -63.4419, -37.4851 ] ] } },
{ "type": "Feature", "properties": { "nombre": "Camino sin nombre", "longitud_km": 4.97 }, "geometry": { "type": "LineString", "coordinates": [ [ -63.668, -37.4843 ], [ -63.6118, -37.4843 ] ] } },
{ "type": "Feature", "properties": { "nombre": "Camino sin nombre", "longitud_km": 4.98 }, "geometry": { "type": "LineString", "coordinates": [ [ -63.6676, -37.4394 ], [ -63.668, -37.4843 ] ] } },
{ "type": "Feature", "properties": { "nombre": "Camino sin nombre", "longitud_km": 2.44 }, "geometry": { "type": "LineString", "coordinates": [ [ -63.5602, -37.4849 ], [ -63.5763, -37.4671 ] ] } },
{ "type": "Feature", "properties": { "nombre": "Camino sin nombre", "longitud_km": 5.41 }, "geometry": { "type": "LineString", "coordinates": [ [ -63.499, -37.4848 ], [ -63.5602, -37.4849 ] ] } },
{ "type": "Feature", "properties": { "nombre": "Camino sin nombre", "longitud_km": 5.0 }, "geometry": { "type": "LineString", "coordinates": [ [ -63.7245, -37.4842 ], [ -63.668, -37.4843 ] ] } },
{ "type": "Feature", "properties": { "nombre": "Camino sin nombre", "longitud_km": 4.97 }, "geometry": { "type": "LineString", "coordinates": [ [ -63.7245, -37.4394 ], [ -63.7245, -37.4842 ] ] } },
{ "type": "Feature", "properties": { "nombre": "Camino sin nombre", "longitud_km": 12.62 }, "geometry": { "type": "LineString", "coordinates": [ [ -66.6108, -37.3563 ], [ -66.5825, -37.3557 ], [ -66.5684, -37.3635 ], [ -66.5561, -37.3775 ], [ -66.5541, -37.3947 ], [ -66.5333, -37.4344 ] ] } },
{ "type": "Feature", "properties": { "nombre": "Camino sin nombre", "longitud_km": 4.99 }, "geometry": { "type": "LineString", "coordinates": [ [ -63.9498, -37.4386 ], [ -63.9509, -37.4835 ] ] } },
{ "type": "Feature", "properties": { "nombre": "Camino sin nombre", "longitud_km": 4.95 }, "geometry": { "type": "LineString", "coordinates": [ [ -63.9509, -37.4835 ], [ -64.0068, -37.483 ] ] } },
{ "type": "Feature", "properties": { "nombre": "Camino sin nombre", "longitud_km": 5.03 }, "geometry": { "type": "LineString", "coordinates": [ [ -63.8944, -37.484 ], [ -63.8943, -37.4387 ] ] } },
{ "type": "Feature", "properties": { "nombre": "Camino sin nombre", "longitud_km": 5.0 }, "geometry": { "type": "LineString", "coordinates": [ [ -63.8944, -37.484 ], [ -63.9509, -37.4835 ] ] } },
{ "type": "Feature", "properties": { "nombre": "Camino sin nombre", "longitud_km": 5.0 }, "geometry": { "type": "LineString", "coordinates": [ [ -63.8379, -37.4845 ], [ -63.8944, -37.484 ] ] } },
{ "type": "Feature", "properties": { "nombre": "Camino sin nombre", "longitud_km": 5.08 }, "geometry": { "type": "LineString", "coordinates": [ [ -64.0068, -37.483 ], [ -64.0643, -37.4827 ] ] } },
{ "type": "Feature", "properties": { "nombre": "Camino sin nombre", "longitud_km": 4.97 }, "geometry": { "type": "LineString", "coordinates": [ [ -64.0643, -37.4827 ], [ -64.0636, -37.4379 ] ] } },
{ "type": "Feature", "properties": { "nombre": "Camino sin nombre", "longitud_km": 4.96 }, "geometry": { "type": "LineString", "coordinates": [ [ -64.1201, -37.4375 ], [ -64.1209, -37.4822 ] ] } },
{ "type": "Feature", "properties": { "nombre": "Camino sin nombre", "longitud_km": 2.54 }, "geometry": { "type": "LineString", "coordinates": [ [ -64.0921, -37.4825 ], [ -64.1209, -37.4822 ] ] } },
{ "type": "Feature", "properties": { "nombre": "Camino sin nombre", "longitud_km": 2.47 }, "geometry": { "type": "LineString", "coordinates": [ [ -64.0643, -37.4827 ], [ -64.0921, -37.4825 ] ] } },
{ "type": "Feature", "properties": { "nombre": "Camino sin nombre", "longitud_km": 5.0 }, "geometry": { "type": "LineString", "coordinates": [ [ -64.2341, -37.4816 ], [ -64.2334, -37.4366 ] ] } },
{ "type": "Feature", "properties": { "nombre": "Camino sin nombre", "longitud_km": 2.99 }, "geometry": { "type": "LineString", "coordinates": [ [ -64.2341, -37.4816 ], [ -64.2679, -37.4812 ] ] } },
{ "type": "Feature", "properties": { "nombre": "Camino sin nombre", "longitud_km": 1.99 }, "geometry": { "type": "LineString", "coordinates": [ [ -64.2679, -37.4812 ], [ -64.2905, -37.4811 ] ] } },
{ "type": "Feature", "properties": { "nombre": "Camino sin nombre", "longitud_km": 5.02 }, "geometry": { "type": "LineString", "coordinates": [ [ -64.1209, -37.4822 ], [ -64.1776, -37.4823 ] ] } },
{ "type": "Feature", "properties": { "nombre": "Camino sin nombre", "longitud_km": 5.05 }, "geometry": { "type": "LineString", "coordinates": [ [ -64.1776, -37.4823 ], [ -64.1769, -37.4368 ] ] } },
{ "type": "Feature", "properties": { "nombre": "Camino sin nombre", "longitud_km": 17.22 }, "geometry": { "type": "LineString", "coordinates": [ [ -64.5742, -37.5235 ], [ -64.5739, -37.4611 ], [ -64.5844, -37.448 ], [ -64.5856, -37.4172 ], [ -64.609, -37.4169 ], [ -64.609, -37.3981 ], [ -64.6201, -37.3984 ] ] } },
{ "type": "Feature", "properties": { "nombre": "Camino sin nombre", "longitud_km": 6.68 }, "geometry": { "type": "LineString", "coordinates": [ [ -64.6312, -37.5229 ], [ -64.6302, -37.4627 ] ] } },
{ "type": "Feature", "properties": { "nombre": "Camino sin nombre", "longitud_km": 11.54 }, "geometry": { "type": "LineString", "coordinates": [ [ -65.6194, -37.4605 ], [ -65.6479, -37.4395 ], [ -65.6453, -37.3665 ] ] } },
{ "type": "Feature", "properties": { "nombre": "Camino sin nombre", "longitud_km": 0.57 }, "geometry": { "type": "LineString", "coordinates": [ [ -63.5564, -37.489 ], [ -63.5602, -37.4849 ] ] } },
{ "type": "Feature", "properties": { "nombre": "Camino sin nombre", "longitud_km": 1.86 }, "geometry": { "type": "LineString", "coordinates": [ [ -63.5564, -37.489 ], [ -63.5774, -37.4891 ] ] } },
{ "type": "Feature", "properties": { "nombre": "Camino sin nombre", "longitud_km": 3.04 }, "geometry": { "type": "LineString", "coordinates": [ [ -63.5774, -37.4891 ], [ -63.6118, -37.4891 ] ] } },
{ "type": "Feature", "properties": { "nombre": "Camino sin nombre", "longitud_km": 0.18 }, "geometry": { "type": "LineString", "coordinates": [ [ -63.5552, -37.4903 ], [ -63.5564, -37.489 ] ] } },
{ "type": "Feature", "properties": { "nombre": "Camino sin nombre", "longitud_km": 1.19 }, "geometry": { "type": "LineString", "coordinates": [ [ -66.7192, -37.435 ], [ -66.712, -37.4259 ] ] } },
{ "type": "Feature", "properties": { "nombre": "Camino sin nombre", "longitud_km": 5.48 }, "geometry": { "type": "LineString", "coordinates": [ [ -66.5333, -37.4344 ], [ -66.5451, -37.4417 ], [ -66.5603, -37.4418 ], [ -66.589, -37.431 ] ] } },
{ "type": "Feature", "properties": { "nombre": "Camino sin nombre", "longitud_km": 0.97 }, "geometry": { "type": "LineString", "coordinates": [ [ -64.1778, -37.4911 ], [ -64.1776, -37.4823 ] ] } },
{ "type": "Feature", "properties": { "nombre": "Camino sin nombre", "longitud_km": 2.85 }, "geometry": { "type": "LineString", "coordinates": [ [ -64.21, -37.4908 ], [ -64.1778, -37.4911 ] ] } },
{ "type": "Feature", "properties": { "nombre": "Camino sin nombre", "longitud_km": 1.0 }, "geometry": { "type": "LineString", "coordinates": [ [ -64.2347, -37.4906 ], [ -64.2341, -37.4816 ] ] } },
{ "type": "Feature", "properties": { "nombre": "Camino sin nombre", "longitud_km": 1.04 }, "geometry": { "type": "LineString", "coordinates": [ [ -64.2679, -37.4812 ], [ -64.2683, -37.4905 ] ] } },
{ "type": "Feature", "properties": { "nombre": "Camino sin nombre", "longitud_km": 7.25 }, "geometry": { "type": "LineString", "coordinates": [ [ -65.3628, -37.4753 ], [ -65.3488, -37.4578 ], [ -65.3103, -37.4254 ] ] } },
{ "type": "Feature", "properties": { "nombre": "Camino sin nombre", "longitud_km": 0.28 }, "geometry": { "type": "LineString", "coordinates": [ [ -65.3659, -37.4758 ], [ -65.3628, -37.4753 ] ] } },
{ "type": "Feature", "properties": { "nombre": "Camino sin nombre", "longitud_km": 5.74 }, "geometry": { "type": "LineString", "coordinates": [ [ -65.3659, -37.4758 ], [ -65.3645, -37.4241 ] ] } },
{ "type": "Feature", "properties": { "nombre": "Camino sin nombre", "longitud_km": 18.07 }, "geometry": { "type": "LineString", "coordinates": [ [ -65.3659, -37.4758 ], [ -65.4228, -37.4772 ], [ -65.4227, -37.468 ], [ -65.4662, -37.446 ], [ -65.4727, -37.4327 ], [ -65.4692, -37.4207 ], [ -65.4423, -37.3863 ] ] } },
{ "type": "Feature", "properties": { "nombre": "Camino sin nombre", "longitud_km": 4.57 }, "geometry": { "type": "LineString", "coordinates": [ [ -65.0277, -37.485 ], [ -65.0253, -37.4438 ] ] } },
{ "type": "Feature", "properties": { "nombre": "Camino sin nombre", "longitud_km": 5.34 }, "geometry": { "type": "LineString", "coordinates": [ [ -65.0277, -37.485 ], [ -65.0502, -37.469 ], [ -65.046, -37.4452 ] ] } },
{ "type": "Feature", "properties": { "nombre": "Camino sin nombre", "longitud_km": 1.75 }, "geometry": { "type": "LineString", "coordinates": [ [ -64.0068, -37.483 ], [ -64.007, -37.4988 ] ] } },
{ "type": "Feature", "properties": { "nombre": "Camino sin nombre", "longitud_km": 3.66 }, "geometry": { "type": "LineString", "coordinates": [ [ -64.2906, -37.4963 ], [ -64.3321, -37.4958 ] ] } },
{ "type": "Feature", "properties": { "nombre": "Camino sin nombre", "longitud_km": 1.99 }, "geometry": { "type": "LineString", "coordinates": [ [ -63.4419, -37.4851 ], [ -63.4419, -37.503 ] ] } },
{ "type": "Feature", "properties": { "nombre": "Camino sin nombre", "longitud_km": 5.05 }, "geometry": { "type": "LineString", "coordinates": [ [ -63.4989, -37.5032 ], [ -63.4419, -37.503 ] ] } },
{ "type": "Feature", "properties": { "nombre": "Camino sin nombre", "longitud_km": 2.04 }, "geometry": { "type": "LineString", "coordinates": [ [ -63.499, -37.4848 ], [ -63.4989, -37.5032 ] ] } },
{ "type": "Feature", "properties": { "nombre": "Camino sin nombre", "longitud_km": 7.16 }, "geometry": { "type": "LineString", "coordinates": [ [ -66.712, -37.4259 ], [ -66.7432, -37.4265 ], [ -66.7871, -37.4449 ] ] } },
{ "type": "Feature", "properties": { "nombre": "Camino sin nombre", "longitud_km": 9.12 }, "geometry": { "type": "LineString", "coordinates": [ [ -66.7907, -37.3659 ], [ -66.7865, -37.396 ], [ -66.777, -37.4189 ], [ -66.7856, -37.4312 ], [ -66.7871, -37.4449 ] ] } },
{ "type": "Feature", "properties": { "nombre": "Camino sin nombre", "longitud_km": 11.87 }, "geometry": { "type": "LineString", "coordinates": [ [ -67.6793, -37.3317 ], [ -67.6905, -37.4383 ] ] } },
{ "type": "Feature", "properties": { "nombre": "Camino sin nombre", "longitud_km": 5.02 }, "geometry": { "type": "LineString", "coordinates": [ [ -63.7245, -37.4842 ], [ -63.7249, -37.5294 ] ] } },
{ "type": "Feature", "properties": { "nombre": "Camino sin nombre", "longitud_km": 1.93 }, "geometry": { "type": "LineString", "coordinates": [ [ -64.3701, -37.4863 ], [ -64.3796, -37.5019 ] ] } },
{ "type": "Feature", "properties": { "nombre": "Camino sin nombre", "longitud_km": 2.99 }, "geometry": { "type": "LineString", "coordinates": [ [ -63.3853, -37.512 ], [ -63.3855, -37.4851 ] ] } },
{ "type": "Feature", "properties": { "nombre": "Camino sin nombre", "longitud_km": 5.01 }, "geometry": { "type": "LineString", "coordinates": [ [ -63.4419, -37.5121 ], [ -63.3853, -37.512 ] ] } },
{ "type": "Feature", "properties": { "nombre": "Camino sin nombre", "longitud_km": 1.01 }, "geometry": { "type": "LineString", "coordinates": [ [ -63.4419, -37.503 ], [ -63.4419, -37.5121 ] ] } },
{ "type": "Feature", "properties": { "nombre": "Camino sin nombre", "longitud_km": 0.26 }, "geometry": { "type": "LineString", "coordinates": [ [ -63.3852, -37.5144 ], [ -63.3853, -37.512 ] ] } },
{ "type": "Feature", "properties": { "nombre": "Camino sin nombre", "longitud_km": 5.05 }, "geometry": { "type": "LineString", "coordinates": [ [ -63.668, -37.4843 ], [ -63.6684, -37.5298 ] ] } },
{ "type": "Feature", "properties": { "nombre": "Camino sin nombre", "longitud_km": 1.72 }, "geometry": { "type": "LineString", "coordinates": [ [ -63.3854, -37.5299 ], [ -63.3852, -37.5144 ] ] } },
{ "type": "Feature", "properties": { "nombre": "Camino sin nombre", "longitud_km": 8.66 }, "geometry": { "type": "LineString", "coordinates": [ [ -63.3154, -37.5157 ], [ -63.3854, -37.5703 ] ] } },
{ "type": "Feature", "properties": { "nombre": "Camino sin nombre", "longitud_km": 1.99 }, "geometry": { "type": "LineString", "coordinates": [ [ -63.442, -37.5301 ], [ -63.4195, -37.5301 ] ] } },
{ "type": "Feature", "properties": { "nombre": "Camino sin nombre", "longitud_km": 2.0 }, "geometry": { "type": "LineString", "coordinates": [ [ -63.4419, -37.5121 ], [ -63.442, -37.5301 ] ] } },
{ "type": "Feature", "properties": { "nombre": "Camino sin nombre", "longitud_km": 3.01 }, "geometry": { "type": "LineString", "coordinates": [ [ -63.4195, -37.5301 ], [ -63.3854, -37.5299 ] ] } },
{ "type": "Feature", "properties": { "nombre": "Camino sin nombre", "longitud_km": 4.38 }, "geometry": { "type": "LineString", "coordinates": [ [ -63.5552, -37.4903 ], [ -63.5552, -37.5298 ] ] } },
{ "type": "Feature", "properties": { "nombre": "Camino sin nombre", "longitud_km": 4.93 }, "geometry": { "type": "LineString", "coordinates": [ [ -63.5393, -37.53 ], [ -63.5368, -37.5109 ], [ -63.5552, -37.4903 ] ] } },
{ "type": "Feature", "properties": { "nombre": "Camino sin nombre", "longitud_km": 1.4 }, "geometry": { "type": "LineString", "coordinates": [ [ -63.5552, -37.5298 ], [ -63.5393, -37.53 ] ] } },
{ "type": "Feature", "properties": { "nombre": "Camino sin nombre", "longitud_km": 2.01 }, "geometry": { "type": "LineString", "coordinates": [ [ -63.5779, -37.5298 ], [ -63.5552, -37.5298 ] ] } },
{ "type": "Feature", "properties": { "nombre": "Camino sin nombre", "longitud_km": 4.52 }, "geometry": { "type": "LineString", "coordinates": [ [ -63.5774, -37.4891 ], [ -63.5779, -37.5298 ] ] } },
{ "type": "Feature", "properties": { "nombre": "Camino sin nombre", "longitud_km": 1.61 }, "geometry": { "type": "LineString", "coordinates": [ [ -63.5393, -37.53 ], [ -63.5211, -37.5301 ] ] } },
{ "type": "Feature", "properties": { "nombre": "Camino sin nombre", "longitud_km": 5.03 }, "geometry": { "type": "LineString", "coordinates": [ [ -63.4989, -37.5302 ], [ -63.442, -37.5301 ] ] } },
{ "type": "Feature", "properties": { "nombre": "Camino sin nombre", "longitud_km": 3.0 }, "geometry": { "type": "LineString", "coordinates": [ [ -63.4989, -37.5032 ], [ -63.4989, -37.5302 ] ] } },
{ "type": "Feature", "properties": { "nombre": "Camino sin nombre", "longitud_km": 1.96 }, "geometry": { "type": "LineString", "coordinates": [ [ -63.5211, -37.5301 ], [ -63.4989, -37.5302 ] ] } },
{ "type": "Feature", "properties": { "nombre": "Camino sin nombre", "longitud_km": 4.96 }, "geometry": { "type": "LineString", "coordinates": [ [ -63.6123, -37.5296 ], [ -63.6684, -37.5298 ] ] } },
{ "type": "Feature", "properties": { "nombre": "Camino sin nombre", "longitud_km": 3.04 }, "geometry": { "type": "LineString", "coordinates": [ [ -63.6123, -37.5296 ], [ -63.5779, -37.5298 ] ] } },
{ "type": "Feature", "properties": { "nombre": "Camino sin nombre", "longitud_km": 5.0 }, "geometry": { "type": "LineString", "coordinates": [ [ -63.6684, -37.5298 ], [ -63.7249, -37.5294 ] ] } },
{ "type": "Feature", "properties": { "nombre": "Camino sin nombre", "longitud_km": 10.01 }, "geometry": { "type": "LineString", "coordinates": [ [ -63.7249, -37.5294 ], [ -63.8381, -37.5289 ] ] } },
{ "type": "Feature", "properties": { "nombre": "Camino sin nombre", "longitud_km": 9.94 }, "geometry": { "type": "LineString", "coordinates": [ [ -63.8381, -37.5289 ], [ -63.8946, -37.5286 ], [ -63.8944, -37.484 ] ] } },
{ "type": "Feature", "properties": { "nombre": "Camino sin nombre", "longitud_km": 4.98 }, "geometry": { "type": "LineString", "coordinates": [ [ -64.0648, -37.5276 ], [ -64.0643, -37.4827 ] ] } },
{ "type": "Feature", "properties": { "nombre": "Camino sin nombre", "longitud_km": 3.96 }, "geometry": { "type": "LineString", "coordinates": [ [ -64.1781, -37.5268 ], [ -64.1778, -37.4911 ] ] } },
{ "type": "Feature", "properties": { "nombre": "Camino sin nombre", "longitud_km": 2.48 }, "geometry": { "type": "LineString", "coordinates": [ [ -64.0648, -37.5276 ], [ -64.0929, -37.5277 ] ] } },
{ "type": "Feature", "properties": { "nombre": "Camino sin nombre", "longitud_km": 5.01 }, "geometry": { "type": "LineString", "coordinates": [ [ -64.0921, -37.4825 ], [ -64.0929, -37.5277 ] ] } },
{ "type": "Feature", "properties": { "nombre": "Camino sin nombre", "longitud_km": 5.02 }, "geometry": { "type": "LineString", "coordinates": [ [ -64.1209, -37.4822 ], [ -64.1214, -37.5275 ] ] } },
{ "type": "Feature", "properties": { "nombre": "Camino sin nombre", "longitud_km": 5.01 }, "geometry": { "type": "LineString", "coordinates": [ [ -64.1781, -37.5268 ], [ -64.1214, -37.5275 ] ] } },
{ "type": "Feature", "properties": { "nombre": "Camino sin nombre", "longitud_km": 2.51 }, "geometry": { "type": "LineString", "coordinates": [ [ -64.0929, -37.5277 ], [ -64.1214, -37.5275 ] ] } },
{ "type": "Feature", "properties": { "nombre": "Camino sin nombre", "longitud_km": 3.99 }, "geometry": { "type": "LineString", "coordinates": [ [ -64.2232, -37.5267 ], [ -64.1781, -37.5268 ] ] } },
{ "type": "Feature", "properties": { "nombre": "Camino sin nombre", "longitud_km": 3.01 }, "geometry": { "type": "LineString", "coordinates": [ [ -64.2232, -37.5267 ], [ -64.2231, -37.4996 ] ] } },
{ "type": "Feature", "properties": { "nombre": "Camino sin nombre", "longitud_km": 5.52 }, "geometry": { "type": "LineString", "coordinates": [ [ -64.2857, -37.5265 ], [ -64.2232, -37.5267 ] ] } },
{ "type": "Feature", "properties": { "nombre": "Camino sin nombre", "longitud_km": 0.98 }, "geometry": { "type": "LineString", "coordinates": [ [ -64.5854, -37.5234 ], [ -64.5742, -37.5235 ] ] } },
{ "type": "Feature", "properties": { "nombre": "Camino sin nombre", "longitud_km": 0.5 }, "geometry": { "type": "LineString", "coordinates": [ [ -64.5742, -37.5235 ], [ -64.5686, -37.5236 ] ] } },
{ "type": "Feature", "properties": { "nombre": "Camino sin nombre", "longitud_km": 4.05 }, "geometry": { "type": "LineString", "coordinates": [ [ -64.6312, -37.5229 ], [ -64.5854, -37.5234 ] ] } },
{ "type": "Feature", "properties": { "nombre": "Camino sin nombre", "longitud_km": 12.03 }, "geometry": { "type": "LineString", "coordinates": [ [ -64.5686, -37.5236 ], [ -64.461, -37.525 ], [ -64.4611, -37.5476 ] ] } },
{ "type": "Feature", "properties": { "nombre": "Camino sin nombre", "longitud_km": 2.57 }, "geometry": { "type": "LineString", "coordinates": [ [ -64.6603, -37.5229 ], [ -64.6312, -37.5229 ] ] } },
{ "type": "Feature", "properties": { "nombre": "Camino sin nombre", "longitud_km": 2.52 }, "geometry": { "type": "LineString", "coordinates": [ [ -64.6603, -37.5229 ], [ -64.655, -37.5165 ], [ -64.6566, -37.5015 ] ] } },
{ "type": "Feature", "properties": { "nombre": "Camino sin nombre", "longitud_km": 7.43 }, "geometry": { "type": "LineString", "coordinates": [ [ -64.7444, -37.5222 ], [ -64.6603, -37.5229 ] ] } },
{ "type": "Feature", "properties": { "nombre": "Camino sin nombre", "longitud_km": 15.88 }, "geometry": { "type": "LineString", "coordinates": [ [ -65.6194, -37.4605 ], [ -65.7015, -37.4608 ], [ -65.7195, -37.4654 ], [ -65.7442, -37.5249 ] ] } },
{ "type": "Feature", "properties": { "nombre": "Camino sin nombre", "longitud_km": 6.86 }, "geometry": { "type": "LineString", "coordinates": [ [ -64.9346, -37.5201 ], [ -64.857, -37.521 ] ] } },
{ "type": "Feature", "properties": { "nombre": "Camino sin nombre", "longitud_km": 11.05 }, "geometry": { "type": "LineString", "coordinates": [ [ -64.9407, -37.43 ], [ -64.9595, -37.4756 ], [ -64.9524, -37.4898 ], [ -64.9322, -37.5089 ], [ -64.9346, -37.5201 ] ] } },
{ "type": "Feature", "properties": { "nombre": "Camino sin nombre", "longitud_km": 9.96 }, "geometry": { "type": "LineString", "coordinates": [ [ -64.857, -37.521 ], [ -64.7444, -37.5222 ] ] } },
{ "type": "Feature", "properties": { "nombre": "Camino sin nombre", "longitud_km": 3.21 }, "geometry": { "type": "LineString", "coordinates": [ [ -64.971, -37.5199 ], [ -64.9346, -37.5201 ] ] } },
{ "type": "Feature", "properties": { "nombre": "Camino sin nombre", "longitud_km": 9.47 }, "geometry": { "type": "LineString", "coordinates": [ [ -64.971, -37.5199 ], [ -64.9691, -37.4346 ] ] } },
{ "type": "Feature", "properties": { "nombre": "Camino sin nombre", "longitud_km": 7.13 }, "geometry": { "type": "LineString", "coordinates": [ [ -65.3107, -37.5152 ], [ -65.3367, -37.5135 ], [ -65.3628, -37.4753 ] ] } },
{ "type": "Feature", "properties": { "nombre": "Camino sin nombre", "longitud_km": 2.75 }, "geometry": { "type": "LineString", "coordinates": [ [ -65.0021, -37.5198 ], [ -64.971, -37.5199 ] ] } },
{ "type": "Feature", "properties": { "nombre": "Camino sin nombre", "longitud_km": 9.12 }, "geometry": { "type": "LineString", "coordinates": [ [ -64.9963, -37.439 ], [ -65.0086, -37.4932 ], [ -65.0021, -37.5198 ] ] } },
{ "type": "Feature", "properties": { "nombre": "Camino sin nombre", "longitud_km": 2.27 }, "geometry": { "type": "LineString", "coordinates": [ [ -65.0278, -37.5196 ], [ -65.0021, -37.5198 ] ] } },
{ "type": "Feature", "properties": { "nombre": "Camino sin nombre", "longitud_km": 3.85 }, "geometry": { "type": "LineString", "coordinates": [ [ -65.0278, -37.5196 ], [ -65.0277, -37.485 ] ] } },
{ "type": "Feature", "properties": { "nombre": "Camino sin nombre", "longitud_km": 7.71 }, "geometry": { "type": "LineString", "coordinates": [ [ -65.084, -37.5187 ], [ -65.0826, -37.4493 ] ] } },
{ "type": "Feature", "properties": { "nombre": "Camino sin nombre", "longitud_km": 9.66 }, "geometry": { "type": "LineString", "coordinates": [ [ -65.1414, -37.5178 ], [ -65.1403, -37.4982 ], [ -65.1617, -37.4969 ], [ -65.1653, -37.4722 ], [ -65.1556, -37.4479 ] ] } },
{ "type": "Feature", "properties": { "nombre": "Camino sin nombre", "longitud_km": 5.08 }, "geometry": { "type": "LineString", "coordinates": [ [ -65.084, -37.5187 ], [ -65.1414, -37.5178 ] ] } },
{ "type": "Feature", "properties": { "nombre": "Camino sin nombre", "longitud_km": 13.03 }, "geometry": { "type": "LineString", "coordinates": [ [ -65.6063, -37.5588 ], [ -65.5999, -37.5208 ], [ -65.5939, -37.5105 ], [ -65.5921, -37.4649 ], [ -65.6194, -37.4605 ] ] } },
{ "type": "Feature", "properties": { "nombre": "Camino sin nombre", "longitud_km": 2.99 }, "geometry": { "type": "LineString", "coordinates": [ [ -63.4989, -37.5302 ], [ -63.499, -37.5572 ] ] } },
{ "type": "Feature", "properties": { "nombre": "Camino sin nombre", "longitud_km": 7.36 }, "geometry": { "type": "LineString", "coordinates": [ [ -65.9977, -37.5046 ], [ -65.9842, -37.515 ], [ -65.9217, -37.5278 ] ] } },
{ "type": "Feature", "properties": { "nombre": "Camino sin nombre", "longitud_km": 10.31 }, "geometry": { "type": "LineString", "coordinates": [ [ -64.4611, -37.5476 ], [ -64.3674, -37.5485 ], [ -64.3574, -37.5393 ], [ -64.3497, -37.5399 ] ] } },
{ "type": "Feature", "properties": { "nombre": "Camino sin nombre", "longitud_km": 2.51 }, "geometry": { "type": "LineString", "coordinates": [ [ -64.5689, -37.5462 ], [ -64.5686, -37.5236 ] ] } },
{ "type": "Feature", "properties": { "nombre": "Camino sin nombre", "longitud_km": 6.09 }, "geometry": { "type": "LineString", "coordinates": [ [ -64.5689, -37.5462 ], [ -64.5, -37.5471 ] ] } },
{ "type": "Feature", "properties": { "nombre": "Camino sin nombre", "longitud_km": 3.0 }, "geometry": { "type": "LineString", "coordinates": [ [ -63.442, -37.5301 ], [ -63.4422, -37.5571 ] ] } },
{ "type": "Feature", "properties": { "nombre": "Camino sin nombre", "longitud_km": 5.02 }, "geometry": { "type": "LineString", "coordinates": [ [ -63.4422, -37.5571 ], [ -63.499, -37.5572 ] ] } },
{ "type": "Feature", "properties": { "nombre": "Camino sin nombre", "longitud_km": 3.06 }, "geometry": { "type": "LineString", "coordinates": [ [ -63.5455, -37.5571 ], [ -63.5393, -37.53 ] ] } },
{ "type": "Feature", "properties": { "nombre": "Camino sin nombre", "longitud_km": 3.87 }, "geometry": { "type": "LineString", "coordinates": [ [ -63.5552, -37.5298 ], [ -63.5554, -37.5568 ], [ -63.5455, -37.5571 ] ] } },
{ "type": "Feature", "properties": { "nombre": "Camino sin nombre", "longitud_km": 22.66 }, "geometry": { "type": "LineString", "coordinates": [ [ -67.4448, -37.4833 ], [ -67.4667, -37.4699 ], [ -67.4934, -37.4759 ], [ -67.5309, -37.4731 ], [ -67.6218, -37.444 ], [ -67.6584, -37.4227 ], [ -67.6783, -37.4217 ] ] } },
{ "type": "Feature", "properties": { "nombre": "Camino sin nombre", "longitud_km": 2.94 }, "geometry": { "type": "LineString", "coordinates": [ [ -64.9715, -37.5464 ], [ -64.971, -37.5199 ] ] } },
{ "type": "Feature", "properties": { "nombre": "Camino sin nombre", "longitud_km": 8.66 }, "geometry": { "type": "LineString", "coordinates": [ [ -63.8384, -37.5588 ], [ -63.9364, -37.5595 ] ] } },
{ "type": "Feature", "properties": { "nombre": "Camino sin nombre", "longitud_km": 0.76 }, "geometry": { "type": "LineString", "coordinates": [ [ -65.7442, -37.5249 ], [ -65.7471, -37.5313 ] ] } },
{ "type": "Feature", "properties": { "nombre": "Camino sin nombre", "longitud_km": 2.34 }, "geometry": { "type": "LineString", "coordinates": [ [ -66.36, -37.5155 ], [ -66.3396, -37.5023 ] ] } },
{ "type": "Feature", "properties": { "nombre": "Camino sin nombre", "longitud_km": 2.5 }, "geometry": { "type": "LineString", "coordinates": [ [ -64.9715, -37.5464 ], [ -64.9432, -37.5477 ] ] } },
{ "type": "Feature", "properties": { "nombre": "Camino sin nombre", "longitud_km": 7.03 }, "geometry": { "type": "LineString", "coordinates": [ [ -65.9217, -37.5278 ], [ -65.8596, -37.5241 ], [ -65.8513, -37.5181 ], [ -65.8525, -37.5134 ] ] } },
{ "type": "Feature", "properties": { "nombre": "Camino sin nombre", "longitud_km": 2.59 }, "geometry": { "type": "LineString", "coordinates": [ [ -64.9432, -37.5477 ], [ -64.9139, -37.5485 ] ] } },
{ "type": "Feature", "properties": { "nombre": "Camino sin nombre", "longitud_km": 3.94 }, "geometry": { "type": "LineString", "coordinates": [ [ -63.4193, -37.5656 ], [ -63.4195, -37.5301 ] ] } },
{ "type": "Feature", "properties": { "nombre": "Camino sin nombre", "longitud_km": 4.49 }, "geometry": { "type": "LineString", "coordinates": [ [ -63.3854, -37.5703 ], [ -63.3854, -37.5299 ] ] } },
{ "type": "Feature", "properties": { "nombre": "Camino sin nombre", "longitud_km": 8.85 }, "geometry": { "type": "LineString", "coordinates": [ [ -63.3855, -37.6023 ], [ -63.3142, -37.5463 ] ] } },
{ "type": "Feature", "properties": { "nombre": "Camino sin nombre", "longitud_km": 0.55 }, "geometry": { "type": "LineString", "coordinates": [ [ -63.3855, -37.5753 ], [ -63.3854, -37.5703 ] ] } },
{ "type": "Feature", "properties": { "nombre": "Camino sin nombre", "longitud_km": 2.01 }, "geometry": { "type": "LineString", "coordinates": [ [ -63.4082, -37.5753 ], [ -63.3855, -37.5753 ] ] } },
{ "type": "Feature", "properties": { "nombre": "Camino sin nombre", "longitud_km": 5.0 }, "geometry": { "type": "LineString", "coordinates": [ [ -63.5211, -37.5301 ], [ -63.5218, -37.5751 ] ] } },
{ "type": "Feature", "properties": { "nombre": "Camino sin nombre", "longitud_km": 3.02 }, "geometry": { "type": "LineString", "coordinates": [ [ -63.4423, -37.5754 ], [ -63.4082, -37.5753 ] ] } },
{ "type": "Feature", "properties": { "nombre": "Camino sin nombre", "longitud_km": 2.03 }, "geometry": { "type": "LineString", "coordinates": [ [ -63.4422, -37.5571 ], [ -63.4423, -37.5754 ] ] } },
{ "type": "Feature", "properties": { "nombre": "Camino sin nombre", "longitud_km": 5.01 }, "geometry": { "type": "LineString", "coordinates": [ [ -63.5779, -37.5298 ], [ -63.5782, -37.5749 ] ] } },
{ "type": "Feature", "properties": { "nombre": "Camino sin nombre", "longitud_km": 2.57 }, "geometry": { "type": "LineString", "coordinates": [ [ -63.5782, -37.5749 ], [ -63.5491, -37.5751 ] ] } },
{ "type": "Feature", "properties": { "nombre": "Camino sin nombre", "longitud_km": 2.41 }, "geometry": { "type": "LineString", "coordinates": [ [ -63.5491, -37.5751 ], [ -63.5218, -37.5751 ] ] } },
{ "type": "Feature", "properties": { "nombre": "Camino sin nombre", "longitud_km": 2.03 }, "geometry": { "type": "LineString", "coordinates": [ [ -63.5491, -37.5751 ], [ -63.5455, -37.5571 ] ] } },
{ "type": "Feature", "properties": { "nombre": "Camino sin nombre", "longitud_km": 2.02 }, "geometry": { "type": "LineString", "coordinates": [ [ -63.499, -37.5572 ], [ -63.4991, -37.5754 ] ] } },
{ "type": "Feature", "properties": { "nombre": "Camino sin nombre", "longitud_km": 2.01 }, "geometry": { "type": "LineString", "coordinates": [ [ -63.5218, -37.5751 ], [ -63.4991, -37.5754 ] ] } },
{ "type": "Feature", "properties": { "nombre": "Camino sin nombre", "longitud_km": 5.01 }, "geometry": { "type": "LineString", "coordinates": [ [ -63.4423, -37.5754 ], [ -63.4991, -37.5754 ] ] } },
{ "type": "Feature", "properties": { "nombre": "Camino sin nombre", "longitud_km": 3.02 }, "geometry": { "type": "LineString", "coordinates": [ [ -63.6124, -37.575 ], [ -63.5782, -37.5749 ] ] } },
{ "type": "Feature", "properties": { "nombre": "Camino sin nombre", "longitud_km": 4.97 }, "geometry": { "type": "LineString", "coordinates": [ [ -63.6686, -37.5748 ], [ -63.6124, -37.575 ] ] } },
{ "type": "Feature", "properties": { "nombre": "Camino sin nombre", "longitud_km": 5.0 }, "geometry": { "type": "LineString", "coordinates": [ [ -63.6686, -37.5748 ], [ -63.6684, -37.5298 ] ] } },
{ "type": "Feature", "properties": { "nombre": "Camino sin nombre", "longitud_km": 4.14 }, "geometry": { "type": "LineString", "coordinates": [ [ -66.0982, -37.5051 ], [ -66.0872, -37.5203 ], [ -66.0971, -37.5385 ] ] } },
{ "type": "Feature", "properties": { "nombre": "Camino sin nombre", "longitud_km": 3.78 }, "geometry": { "type": "LineString", "coordinates": [ [ -66.1168, -37.5123 ], [ -66.1149, -37.5271 ], [ -66.1077, -37.5357 ], [ -66.0971, -37.5385 ] ] } },
{ "type": "Feature", "properties": { "nombre": "Camino sin nombre", "longitud_km": 7.53 }, "geometry": { "type": "LineString", "coordinates": [ [ -64.4611, -37.5476 ], [ -64.4621, -37.6155 ] ] } },
{ "type": "Feature", "properties": { "nombre": "Camino sin nombre", "longitud_km": 2.46 }, "geometry": { "type": "LineString", "coordinates": [ [ -64.5416, -37.5693 ], [ -64.5694, -37.5689 ] ] } },
{ "type": "Feature", "properties": { "nombre": "Camino sin nombre", "longitud_km": 2.52 }, "geometry": { "type": "LineString", "coordinates": [ [ -64.5694, -37.5689 ], [ -64.5689, -37.5462 ] ] } },
{ "type": "Feature", "properties": { "nombre": "Camino sin nombre", "longitud_km": 2.01 }, "geometry": { "type": "LineString", "coordinates": [ [ -64.5188, -37.5697 ], [ -64.5416, -37.5693 ] ] } },
{ "type": "Feature", "properties": { "nombre": "Camino sin nombre", "longitud_km": 6.55 }, "geometry": { "type": "LineString", "coordinates": [ [ -64.5694, -37.5689 ], [ -64.5863, -37.5689 ], [ -64.5854, -37.5234 ] ] } },
{ "type": "Feature", "properties": { "nombre": "Camino sin nombre", "longitud_km": 1.66 }, "geometry": { "type": "LineString", "coordinates": [ [ -64.5, -37.5701 ], [ -64.5188, -37.5697 ] ] } },
{ "type": "Feature", "properties": { "nombre": "Camino sin nombre", "longitud_km": 13.26 }, "geometry": { "type": "LineString", "coordinates": [ [ -66.4873, -37.5297 ], [ -66.4979, -37.5097 ], [ -66.4883, -37.4902 ], [ -66.4883, -37.4585 ], [ -66.4968, -37.4468 ], [ -66.5333, -37.4344 ] ] } },
{ "type": "Feature", "properties": { "nombre": "Camino sin nombre", "longitud_km": 5.78 }, "geometry": { "type": "LineString", "coordinates": [ [ -65.162, -37.5405 ], [ -65.1979, -37.5381 ], [ -65.1984, -37.5616 ] ] } },
{ "type": "Feature", "properties": { "nombre": "Camino sin nombre", "longitud_km": 0.94 }, "geometry": { "type": "LineString", "coordinates": [ [ -65.1984, -37.5616 ], [ -65.2091, -37.5616 ] ] } },
{ "type": "Feature", "properties": { "nombre": "Camino sin nombre", "longitud_km": 2.93 }, "geometry": { "type": "LineString", "coordinates": [ [ -65.2091, -37.5616 ], [ -65.2321, -37.5613 ], [ -65.2316, -37.5533 ] ] } },
{ "type": "Feature", "properties": { "nombre": "Camino sin nombre", "longitud_km": 5.78 }, "geometry": { "type": "LineString", "coordinates": [ [ -63.7253, -37.5815 ], [ -63.7249, -37.5294 ] ] } },
{ "type": "Feature", "properties": { "nombre": "Camino sin nombre", "longitud_km": 9.99 }, "geometry": { "type": "LineString", "coordinates": [ [ -63.7253, -37.5815 ], [ -63.8383, -37.5831 ] ] } },
{ "type": "Feature", "properties": { "nombre": "Camino sin nombre", "longitud_km": 4.61 }, "geometry": { "type": "LineString", "coordinates": [ [ -65.9639, -37.5522 ], [ -65.9217, -37.5278 ] ] } },
{ "type": "Feature", "properties": { "nombre": "Camino sin nombre", "longitud_km": 0.02 }, "geometry": { "type": "LineString", "coordinates": [ [ -65.964, -37.5523 ], [ -65.9639, -37.5522 ] ] } },
{ "type": "Feature", "properties": { "nombre": "Camino sin nombre", "longitud_km": 12.93 }, "geometry": { "type": "LineString", "coordinates": [ [ -66.0971, -37.5385 ], [ -66.0969, -37.5491 ], [ -65.964, -37.5523 ] ] } },
{ "type": "Feature", "properties": { "nombre": "Camino sin nombre", "longitud_km": 6.47 }, "geometry": { "type": "LineString", "coordinates": [ [ -65.0851, -37.577 ], [ -65.084, -37.5187 ] ] } },
{ "type": "Feature", "properties": { "nombre": "Camino sin nombre", "longitud_km": 6.68 }, "geometry": { "type": "LineString", "coordinates": [ [ -65.0296, -37.5798 ], [ -65.0278, -37.5196 ] ] } },
{ "type": "Feature", "properties": { "nombre": "Camino sin nombre", "longitud_km": 4.92 }, "geometry": { "type": "LineString", "coordinates": [ [ -65.0851, -37.577 ], [ -65.0296, -37.5798 ] ] } },
{ "type": "Feature", "properties": { "nombre": "Camino sin nombre", "longitud_km": 3.91 }, "geometry": { "type": "LineString", "coordinates": [ [ -64.9717, -37.5816 ], [ -64.9715, -37.5464 ] ] } },
{ "type": "Feature", "properties": { "nombre": "Camino sin nombre", "longitud_km": 5.12 }, "geometry": { "type": "LineString", "coordinates": [ [ -65.0296, -37.5798 ], [ -64.9717, -37.5816 ] ] } },
{ "type": "Feature", "properties": { "nombre": "Camino sin nombre", "longitud_km": 8.34 }, "geometry": { "type": "LineString", "coordinates": [ [ -64.2946, -37.595 ], [ -64.3376, -37.573 ], [ -64.3497, -37.5399 ] ] } },
{ "type": "Feature", "properties": { "nombre": "Camino sin nombre", "longitud_km": 7.13 }, "geometry": { "type": "LineString", "coordinates": [ [ -64.8725, -37.5876 ], [ -64.884, -37.5482 ], [ -64.9139, -37.5485 ] ] } },
{ "type": "Feature", "properties": { "nombre": "Camino sin nombre", "longitud_km": 7.55 }, "geometry": { "type": "LineString", "coordinates": [ [ -64.9139, -37.5485 ], [ -64.9142, -37.5732 ], [ -64.8999, -37.5872 ], [ -64.8816, -37.5813 ], [ -64.8725, -37.5876 ] ] } },
{ "type": "Feature", "properties": { "nombre": "Camino sin nombre", "longitud_km": 3.0 }, "geometry": { "type": "LineString", "coordinates": [ [ -63.3855, -37.6023 ], [ -63.3855, -37.5753 ] ] } },
{ "type": "Feature", "properties": { "nombre": "Camino sin nombre", "longitud_km": 2.32 }, "geometry": { "type": "LineString", "coordinates": [ [ -65.1984, -37.5616 ], [ -65.1991, -37.5824 ] ] } },
{ "type": "Feature", "properties": { "nombre": "Camino sin nombre", "longitud_km": 7.66 }, "geometry": { "type": "LineString", "coordinates": [ [ -64.632, -37.5919 ], [ -64.6312, -37.5229 ] ] } },
{ "type": "Feature", "properties": { "nombre": "Camino sin nombre", "longitud_km": 1.69 }, "geometry": { "type": "LineString", "coordinates": [ [ -64.7457, -37.589 ], [ -64.7647, -37.5909 ] ] } },
{ "type": "Feature", "properties": { "nombre": "Camino sin nombre", "longitud_km": 13.39 }, "geometry": { "type": "LineString", "coordinates": [ [ -64.7276, -37.5404 ], [ -64.7261, -37.5675 ], [ -64.7144, -37.5934 ], [ -64.6593, -37.5889 ], [ -64.632, -37.5919 ] ] } },
{ "type": "Feature", "properties": { "nombre": "Camino sin nombre", "longitud_km": 4.7 }, "geometry": { "type": "LineString", "coordinates": [ [ -66.711, -37.5525 ], [ -66.6835, -37.5418 ], [ -66.6612, -37.5389 ] ] } },
{ "type": "Feature", "properties": { "nombre": "Camino sin nombre", "longitud_km": 14.55 }, "geometry": { "type": "LineString", "coordinates": [ [ -66.7871, -37.4449 ], [ -66.7654, -37.449 ], [ -66.7599, -37.4775 ], [ -66.711, -37.5525 ] ] } },
{ "type": "Feature", "properties": { "nombre": "Camino sin nombre", "longitud_km": 15.06 }, "geometry": { "type": "LineString", "coordinates": [ [ -64.1214, -37.5275 ], [ -64.1186, -37.6014 ], [ -64.1228, -37.663 ] ] } },
{ "type": "Feature", "properties": { "nombre": "Camino sin nombre", "longitud_km": 3.21 }, "geometry": { "type": "LineString", "coordinates": [ [ -66.3417, -37.5441 ], [ -66.3239, -37.5531 ], [ -66.3231, -37.5652 ] ] } },
{ "type": "Feature", "properties": { "nombre": "Camino sin nombre", "longitud_km": 6.69 }, "geometry": { "type": "LineString", "coordinates": [ [ -64.4906, -37.6152 ], [ -64.5, -37.6027 ], [ -64.519, -37.6 ], [ -64.5188, -37.5697 ] ] } },
{ "type": "Feature", "properties": { "nombre": "Camino sin nombre", "longitud_km": 9.68 }, "geometry": { "type": "LineString", "coordinates": [ [ -64.1787, -37.614 ], [ -64.1781, -37.5268 ] ] } },
{ "type": "Feature", "properties": { "nombre": "Camino sin nombre", "longitud_km": 4.98 }, "geometry": { "type": "LineString", "coordinates": [ [ -63.4082, -37.5753 ], [ -63.4084, -37.6202 ] ] } },
{ "type": "Feature", "properties": { "nombre": "Camino sin nombre", "longitud_km": 0.96 }, "geometry": { "type": "LineString", "coordinates": [ [ -63.4193, -37.6202 ], [ -63.4084, -37.6202 ] ] } },
{ "type": "Feature", "properties": { "nombre": "Camino sin nombre", "longitud_km": 2.04 }, "geometry": { "type": "LineString", "coordinates": [ [ -63.4424, -37.6203 ], [ -63.4193, -37.6202 ] ] } },
{ "type": "Feature", "properties": { "nombre": "Camino sin nombre", "longitud_km": 4.99 }, "geometry": { "type": "LineString", "coordinates": [ [ -63.4424, -37.6203 ], [ -63.4423, -37.5754 ] ] } },
{ "type": "Feature", "properties": { "nombre": "Camino sin nombre", "longitud_km": 2.03 }, "geometry": { "type": "LineString", "coordinates": [ [ -63.3856, -37.6206 ], [ -63.3855, -37.6023 ] ] } },
{ "type": "Feature", "properties": { "nombre": "Camino sin nombre", "longitud_km": 2.02 }, "geometry": { "type": "LineString", "coordinates": [ [ -63.4084, -37.6202 ], [ -63.3856, -37.6206 ] ] } },
{ "type": "Feature", "properties": { "nombre": "Camino sin nombre", "longitud_km": 4.99 }, "geometry": { "type": "LineString", "coordinates": [ [ -63.4991, -37.5754 ], [ -63.4991, -37.6204 ] ] } },
{ "type": "Feature", "properties": { "nombre": "Camino sin nombre", "longitud_km": 5.01 }, "geometry": { "type": "LineString", "coordinates": [ [ -63.4991, -37.6204 ], [ -63.4424, -37.6203 ] ] } },
{ "type": "Feature", "properties": { "nombre": "Camino sin nombre", "longitud_km": 5.0 }, "geometry": { "type": "LineString", "coordinates": [ [ -63.5513, -37.6201 ], [ -63.5491, -37.5751 ] ] } },
{ "type": "Feature", "properties": { "nombre": "Camino sin nombre", "longitud_km": 2.37 }, "geometry": { "type": "LineString", "coordinates": [ [ -63.5782, -37.62 ], [ -63.5513, -37.6201 ] ] } },
{ "type": "Feature", "properties": { "nombre": "Camino sin nombre", "longitud_km": 5.01 }, "geometry": { "type": "LineString", "coordinates": [ [ -63.5782, -37.5749 ], [ -63.5782, -37.62 ] ] } },
{ "type": "Feature", "properties": { "nombre": "Camino sin nombre", "longitud_km": 3.02 }, "geometry": { "type": "LineString", "coordinates": [ [ -63.6124, -37.6199 ], [ -63.5782, -37.62 ] ] } },
{ "type": "Feature", "properties": { "nombre": "Camino sin nombre", "longitud_km": 5.02 }, "geometry": { "type": "LineString", "coordinates": [ [ -63.5218, -37.5751 ], [ -63.5216, -37.6203 ] ] } },
{ "type": "Feature", "properties": { "nombre": "Camino sin nombre", "longitud_km": 2.63 }, "geometry": { "type": "LineString", "coordinates": [ [ -63.5513, -37.6201 ], [ -63.5216, -37.6203 ] ] } },
{ "type": "Feature", "properties": { "nombre": "Camino sin nombre", "longitud_km": 0.05 }, "geometry": { "type": "LineString", "coordinates": [ [ -63.5216, -37.6203 ], [ -63.521, -37.6204 ] ] } },
{ "type": "Feature", "properties": { "nombre": "Camino sin nombre", "longitud_km": 1.93 }, "geometry": { "type": "LineString", "coordinates": [ [ -63.521, -37.6204 ], [ -63.4991, -37.6204 ] ] } },
{ "type": "Feature", "properties": { "nombre": "Camino sin nombre", "longitud_km": 4.97 }, "geometry": { "type": "LineString", "coordinates": [ [ -63.6124, -37.6199 ], [ -63.6687, -37.62 ] ] } },
{ "type": "Feature", "properties": { "nombre": "Camino sin nombre", "longitud_km": 5.02 }, "geometry": { "type": "LineString", "coordinates": [ [ -63.6687, -37.62 ], [ -63.6686, -37.5748 ] ] } },
{ "type": "Feature", "properties": { "nombre": "Camino sin nombre", "longitud_km": 9.45 }, "geometry": { "type": "LineString", "coordinates": [ [ -66.4873, -37.5297 ], [ -66.4423, -37.5532 ], [ -66.4118, -37.5549 ], [ -66.411, -37.5728 ] ] } },
{ "type": "Feature", "properties": { "nombre": "Camino sin nombre", "longitud_km": 4.99 }, "geometry": { "type": "LineString", "coordinates": [ [ -63.7818, -37.6195 ], [ -63.7254, -37.6204 ] ] } },
{ "type": "Feature", "properties": { "nombre": "Camino sin nombre", "longitud_km": 5.01 }, "geometry": { "type": "LineString", "coordinates": [ [ -63.8386, -37.6195 ], [ -63.7818, -37.6195 ] ] } },
{ "type": "Feature", "properties": { "nombre": "Camino sin nombre", "longitud_km": 1.99 }, "geometry": { "type": "LineString", "coordinates": [ [ -63.7254, -37.6204 ], [ -63.7028, -37.6202 ] ] } },
{ "type": "Feature", "properties": { "nombre": "Camino sin nombre", "longitud_km": 4.31 }, "geometry": { "type": "LineString", "coordinates": [ [ -63.7254, -37.6204 ], [ -63.7253, -37.5815 ] ] } },
{ "type": "Feature", "properties": { "nombre": "Camino sin nombre", "longitud_km": 15.06 }, "geometry": { "type": "LineString", "coordinates": [ [ -64.067, -37.6632 ], [ -64.0648, -37.5276 ] ] } },
{ "type": "Feature", "properties": { "nombre": "Camino sin nombre", "longitud_km": 5.01 }, "geometry": { "type": "LineString", "coordinates": [ [ -64.57, -37.6141 ], [ -64.5694, -37.5689 ] ] } },
{ "type": "Feature", "properties": { "nombre": "Camino sin nombre", "longitud_km": 0.5 }, "geometry": { "type": "LineString", "coordinates": [ [ -64.5757, -37.614 ], [ -64.57, -37.6141 ] ] } },
{ "type": "Feature", "properties": { "nombre": "Camino sin nombre", "longitud_km": 5.02 }, "geometry": { "type": "LineString", "coordinates": [ [ -64.5416, -37.5693 ], [ -64.5423, -37.6145 ] ] } },
{ "type": "Feature", "properties": { "nombre": "Camino sin nombre", "longitud_km": 2.44 }, "geometry": { "type": "LineString", "coordinates": [ [ -64.57, -37.6141 ], [ -64.5423, -37.6145 ] ] } },
{ "type": "Feature", "properties": { "nombre": "Camino sin nombre", "longitud_km": 7.99 }, "geometry": { "type": "LineString", "coordinates": [ [ -63.6885, -37.6226 ], [ -63.6883, -37.5842 ], [ -63.7073, -37.5726 ], [ -63.7073, -37.558 ] ] } },
{ "type": "Feature", "properties": { "nombre": "Camino sin nombre", "longitud_km": 1.28 }, "geometry": { "type": "LineString", "coordinates": [ [ -63.7028, -37.6202 ], [ -63.6885, -37.6226 ] ] } },
{ "type": "Feature", "properties": { "nombre": "Camino sin nombre", "longitud_km": 2.51 }, "geometry": { "type": "LineString", "coordinates": [ [ -64.4906, -37.6152 ], [ -64.4621, -37.6155 ] ] } },
{ "type": "Feature", "properties": { "nombre": "Camino sin nombre", "longitud_km": 4.57 }, "geometry": { "type": "LineString", "coordinates": [ [ -64.5423, -37.6145 ], [ -64.4906, -37.6152 ] ] } },
{ "type": "Feature", "properties": { "nombre": "Camino sin nombre", "longitud_km": 2.36 }, "geometry": { "type": "LineString", "coordinates": [ [ -64.6025, -37.6139 ], [ -64.5757, -37.614 ] ] } },
{ "type": "Feature", "properties": { "nombre": "Camino sin nombre", "longitud_km": 2.64 }, "geometry": { "type": "LineString", "coordinates": [ [ -64.6324, -37.6137 ], [ -64.6025, -37.6139 ] ] } },
{ "type": "Feature", "properties": { "nombre": "Camino sin nombre", "longitud_km": 2.43 }, "geometry": { "type": "LineString", "coordinates": [ [ -64.6324, -37.6137 ], [ -64.632, -37.5919 ] ] } },
{ "type": "Feature", "properties": { "nombre": "Camino sin nombre", "longitud_km": 10.04 }, "geometry": { "type": "LineString", "coordinates": [ [ -64.746, -37.6126 ], [ -64.6324, -37.6137 ] ] } },
{ "type": "Feature", "properties": { "nombre": "Camino sin nombre", "longitud_km": 4.94 }, "geometry": { "type": "LineString", "coordinates": [ [ -64.746, -37.6126 ], [ -64.802, -37.6119 ] ] } },
{ "type": "Feature", "properties": { "nombre": "Camino sin nombre", "longitud_km": 4.99 }, "geometry": { "type": "LineString", "coordinates": [ [ -64.802, -37.6119 ], [ -64.8585, -37.6113 ] ] } },
{ "type": "Feature", "properties": { "nombre": "Camino sin nombre", "longitud_km": 10.02 }, "geometry": { "type": "LineString", "coordinates": [ [ -64.8585, -37.6113 ], [ -64.857, -37.521 ] ] } },
{ "type": "Feature", "properties": { "nombre": "Camino sin nombre", "longitud_km": 1.71 }, "geometry": { "type": "LineString", "coordinates": [ [ -64.8585, -37.6113 ], [ -64.8778, -37.6112 ] ] } },
{ "type": "Feature", "properties": { "nombre": "Camino sin nombre", "longitud_km": 2.66 }, "geometry": { "type": "LineString", "coordinates": [ [ -64.8778, -37.6112 ], [ -64.8725, -37.5876 ] ] } },
{ "type": "Feature", "properties": { "nombre": "Camino sin nombre", "longitud_km": 4.17 }, "geometry": { "type": "LineString", "coordinates": [ [ -65.7735, -37.5939 ], [ -65.7566, -37.5588 ] ] } },
{ "type": "Feature", "properties": { "nombre": "Camino sin nombre", "longitud_km": 5.3 }, "geometry": { "type": "LineString", "coordinates": [ [ -64.8778, -37.6112 ], [ -64.9378, -37.6107 ] ] } },
{ "type": "Feature", "properties": { "nombre": "Camino sin nombre", "longitud_km": 7.26 }, "geometry": { "type": "LineString", "coordinates": [ [ -64.9432, -37.5477 ], [ -64.9436, -37.5921 ], [ -64.9372, -37.5965 ], [ -64.9378, -37.6107 ] ] } },
{ "type": "Feature", "properties": { "nombre": "Camino sin nombre", "longitud_km": 3.06 }, "geometry": { "type": "LineString", "coordinates": [ [ -64.9378, -37.6107 ], [ -64.9725, -37.6106 ] ] } },
{ "type": "Feature", "properties": { "nombre": "Camino sin nombre", "longitud_km": 3.22 }, "geometry": { "type": "LineString", "coordinates": [ [ -64.9725, -37.6106 ], [ -64.9717, -37.5816 ] ] } },
{ "type": "Feature", "properties": { "nombre": "Camino sin nombre", "longitud_km": 3.54 }, "geometry": { "type": "LineString", "coordinates": [ [ -65.0844, -37.6089 ], [ -65.0851, -37.577 ] ] } },
{ "type": "Feature", "properties": { "nombre": "Camino sin nombre", "longitud_km": 8.54 }, "geometry": { "type": "LineString", "coordinates": [ [ -65.181, -37.6076 ], [ -65.0844, -37.6089 ] ] } },
{ "type": "Feature", "properties": { "nombre": "Camino sin nombre", "longitud_km": 4.4 }, "geometry": { "type": "LineString", "coordinates": [ [ -65.1991, -37.5824 ], [ -65.1996, -37.6073 ], [ -65.181, -37.6076 ] ] } },
{ "type": "Feature", "properties": { "nombre": "Camino sin nombre", "longitud_km": 2.03 }, "geometry": { "type": "LineString", "coordinates": [ [ -65.2439, -37.6068 ], [ -65.221, -37.607 ] ] } },
{ "type": "Feature", "properties": { "nombre": "Camino sin nombre", "longitud_km": 5.94 }, "geometry": { "type": "LineString", "coordinates": [ [ -65.2091, -37.5616 ], [ -65.2416, -37.5984 ], [ -65.2439, -37.6068 ] ] } },
{ "type": "Feature", "properties": { "nombre": "Camino sin nombre", "longitud_km": 7.7 }, "geometry": { "type": "LineString", "coordinates": [ [ -65.5399, -37.6009 ], [ -65.5699, -37.5914 ], [ -65.6063, -37.5588 ] ] } },
{ "type": "Feature", "properties": { "nombre": "Camino sin nombre", "longitud_km": 6.03 }, "geometry": { "type": "LineString", "coordinates": [ [ -65.3123, -37.6059 ], [ -65.2439, -37.6068 ] ] } },
{ "type": "Feature", "properties": { "nombre": "Camino sin nombre", "longitud_km": 17.56 }, "geometry": { "type": "LineString", "coordinates": [ [ -65.4505, -37.6033 ], [ -65.4441, -37.5635 ], [ -65.3689, -37.5517 ], [ -65.3684, -37.5549 ], [ -65.3492, -37.5429 ], [ -65.3116, -37.5595 ] ] } },
{ "type": "Feature", "properties": { "nombre": "Camino sin nombre", "longitud_km": 7.9 }, "geometry": { "type": "LineString", "coordinates": [ [ -65.5399, -37.6009 ], [ -65.4505, -37.6033 ] ] } },
{ "type": "Feature", "properties": { "nombre": "Camino sin nombre", "longitud_km": 9.42 }, "geometry": { "type": "LineString", "coordinates": [ [ -65.6465, -37.5992 ], [ -65.5399, -37.6009 ] ] } },
{ "type": "Feature", "properties": { "nombre": "Camino sin nombre", "longitud_km": 6.14 }, "geometry": { "type": "LineString", "coordinates": [ [ -65.6063, -37.5588 ], [ -65.6372, -37.5782 ], [ -65.6354, -37.5865 ], [ -65.6465, -37.5992 ] ] } },
{ "type": "Feature", "properties": { "nombre": "Camino sin nombre", "longitud_km": 8.42 }, "geometry": { "type": "LineString", "coordinates": [ [ -65.4076, -37.6043 ], [ -65.3123, -37.6059 ] ] } },
{ "type": "Feature", "properties": { "nombre": "Camino sin nombre", "longitud_km": 3.79 }, "geometry": { "type": "LineString", "coordinates": [ [ -65.4505, -37.6033 ], [ -65.4076, -37.6043 ] ] } },
{ "type": "Feature", "properties": { "nombre": "Camino sin nombre", "longitud_km": 8.02 }, "geometry": { "type": "LineString", "coordinates": [ [ -65.8643, -37.5966 ], [ -65.7735, -37.5939 ] ] } },
{ "type": "Feature", "properties": { "nombre": "Camino sin nombre", "longitud_km": 5.57 }, "geometry": { "type": "LineString", "coordinates": [ [ -66.4873, -37.5297 ], [ -66.4898, -37.5798 ] ] } },
{ "type": "Feature", "properties": { "nombre": "Camino sin nombre", "longitud_km": 1.07 }, "geometry": { "type": "LineString", "coordinates": [ [ -63.669, -37.6297 ], [ -63.6687, -37.62 ] ] } },
{ "type": "Feature", "properties": { "nombre": "Camino sin nombre", "longitud_km": 1.9 }, "geometry": { "type": "LineString", "coordinates": [ [ -63.6885, -37.6226 ], [ -63.669, -37.6297 ] ] } },
{ "type": "Feature", "properties": { "nombre": "Camino sin nombre", "longitud_km": 1.13 }, "geometry": { "type": "LineString", "coordinates": [ [ -65.6525, -37.6048 ], [ -65.6522, -37.5992 ], [ -65.6465, -37.5992 ] ] } },
{ "type": "Feature", "properties": { "nombre": "Camino sin nombre", "longitud_km": 12.89 }, "geometry": { "type": "LineString", "coordinates": [ [ -65.7442, -37.5249 ], [ -65.6728, -37.5669 ], [ -65.6602, -37.6049 ], [ -65.6525, -37.6048 ] ] } },
{ "type": "Feature", "properties": { "nombre": "Camino sin nombre", "longitud_km": 1.9 }, "geometry": { "type": "LineString", "coordinates": [ [ -64.1791, -37.6311 ], [ -64.1787, -37.614 ] ] } },
{ "type": "Feature", "properties": { "nombre": "Camino sin nombre", "longitud_km": 11.18 }, "geometry": { "type": "LineString", "coordinates": [ [ -64.1791, -37.6311 ], [ -64.2132, -37.6172 ], [ -64.2403, -37.617 ], [ -64.2733, -37.6067 ], [ -64.2939, -37.5944 ] ] } },
{ "type": "Feature", "properties": { "nombre": "Camino sin nombre", "longitud_km": 1.37 }, "geometry": { "type": "LineString", "coordinates": [ [ -64.8587, -37.6237 ], [ -64.8585, -37.6113 ] ] } },
{ "type": "Feature", "properties": { "nombre": "Camino sin nombre", "longitud_km": 5.08 }, "geometry": { "type": "LineString", "coordinates": [ [ -63.7825, -37.6653 ], [ -63.7818, -37.6195 ] ] } },
{ "type": "Feature", "properties": { "nombre": "Camino sin nombre", "longitud_km": 2.03 }, "geometry": { "type": "LineString", "coordinates": [ [ -64.5423, -37.6145 ], [ -64.5418, -37.6328 ] ] } },
{ "type": "Feature", "properties": { "nombre": "Camino sin nombre", "longitud_km": 3.01 }, "geometry": { "type": "LineString", "coordinates": [ [ -64.5758, -37.6325 ], [ -64.5418, -37.6328 ] ] } },
{ "type": "Feature", "properties": { "nombre": "Camino sin nombre", "longitud_km": 2.05 }, "geometry": { "type": "LineString", "coordinates": [ [ -64.5758, -37.6325 ], [ -64.5757, -37.614 ] ] } },
{ "type": "Feature", "properties": { "nombre": "Camino sin nombre", "longitud_km": 2.43 }, "geometry": { "type": "LineString", "coordinates": [ [ -64.6033, -37.6324 ], [ -64.5758, -37.6325 ] ] } },
{ "type": "Feature", "properties": { "nombre": "Camino sin nombre", "longitud_km": 2.05 }, "geometry": { "type": "LineString", "coordinates": [ [ -64.6025, -37.6139 ], [ -64.6033, -37.6324 ] ] } },
{ "type": "Feature", "properties": { "nombre": "Camino sin nombre", "longitud_km": 1.65 }, "geometry": { "type": "LineString", "coordinates": [ [ -65.4514, -37.6181 ], [ -65.4505, -37.6033 ] ] } },
{ "type": "Feature", "properties": { "nombre": "Camino sin nombre", "longitud_km": 3.09 }, "geometry": { "type": "LineString", "coordinates": [ [ -64.6584, -37.6324 ], [ -64.6324, -37.6137 ] ] } },
{ "type": "Feature", "properties": { "nombre": "Camino sin nombre", "longitud_km": 15.01 }, "geometry": { "type": "LineString", "coordinates": [ [ -63.8386, -37.6195 ], [ -63.9518, -37.6188 ], [ -63.9529, -37.664 ] ] } },
{ "type": "Feature", "properties": { "nombre": "Camino sin nombre", "longitud_km": 5.04 }, "geometry": { "type": "LineString", "coordinates": [ [ -63.7031, -37.6656 ], [ -63.7028, -37.6202 ] ] } },
{ "type": "Feature", "properties": { "nombre": "Camino sin nombre", "longitud_km": 3.23 }, "geometry": { "type": "LineString", "coordinates": [ [ -64.9378, -37.6107 ], [ -64.9469, -37.6294 ], [ -64.9437, -37.6381 ] ] } },
{ "type": "Feature", "properties": { "nombre": "Camino sin nombre", "longitud_km": 5.21 }, "geometry": { "type": "LineString", "coordinates": [ [ -63.5782, -37.62 ], [ -63.5812, -37.6669 ] ] } },
{ "type": "Feature", "properties": { "nombre": "Camino sin nombre", "longitud_km": 4.02 }, "geometry": { "type": "LineString", "coordinates": [ [ -63.4196, -37.6564 ], [ -63.4193, -37.6202 ] ] } },
{ "type": "Feature", "properties": { "nombre": "Camino sin nombre", "longitud_km": 3.99 }, "geometry": { "type": "LineString", "coordinates": [ [ -63.4434, -37.6563 ], [ -63.4424, -37.6203 ] ] } },
{ "type": "Feature", "properties": { "nombre": "Camino sin nombre", "longitud_km": 3.98 }, "geometry": { "type": "LineString", "coordinates": [ [ -63.4991, -37.6204 ], [ -63.4995, -37.6562 ] ] } },
{ "type": "Feature", "properties": { "nombre": "Camino sin nombre", "longitud_km": 6.05 }, "geometry": { "type": "LineString", "coordinates": [ [ -63.5358, -37.6667 ], [ -63.5529, -37.659 ], [ -63.5513, -37.6201 ] ] } },
{ "type": "Feature", "properties": { "nombre": "Camino sin nombre", "longitud_km": 5.13 }, "geometry": { "type": "LineString", "coordinates": [ [ -63.521, -37.6204 ], [ -63.5212, -37.6666 ] ] } },
{ "type": "Feature", "properties": { "nombre": "Camino sin nombre", "longitud_km": 4.21 }, "geometry": { "type": "LineString", "coordinates": [ [ -63.3856, -37.6585 ], [ -63.3856, -37.6206 ] ] } },
{ "type": "Feature", "properties": { "nombre": "Camino sin nombre", "longitud_km": 3.24 }, "geometry": { "type": "LineString", "coordinates": [ [ -63.6572, -37.634 ], [ -63.6579, -37.6498 ], [ -63.6456, -37.6589 ] ] } },
{ "type": "Feature", "properties": { "nombre": "Camino sin nombre", "longitud_km": 8.31 }, "geometry": { "type": "LineString", "coordinates": [ [ -64.4693, -37.6385 ], [ -64.5, -37.6386 ], [ -64.5041, -37.6478 ], [ -64.5164, -37.6513 ], [ -64.5306, -37.633 ], [ -64.5418, -37.6328 ] ] } },
{ "type": "Feature", "properties": { "nombre": "Camino sin nombre", "longitud_km": 3.36 }, "geometry": { "type": "LineString", "coordinates": [ [ -64.69, -37.6493 ], [ -64.6584, -37.6324 ] ] } },
{ "type": "Feature", "properties": { "nombre": "Camino sin nombre", "longitud_km": 2.49 }, "geometry": { "type": "LineString", "coordinates": [ [ -63.3855, -37.681 ], [ -63.3856, -37.6585 ] ] } },
{ "type": "Feature", "properties": { "nombre": "Camino sin nombre", "longitud_km": 1.52 }, "geometry": { "type": "LineString", "coordinates": [ [ -64.707, -37.6513 ], [ -64.69, -37.6493 ] ] } },
{ "type": "Feature", "properties": { "nombre": "Camino sin nombre", "longitud_km": 2.94 }, "geometry": { "type": "LineString", "coordinates": [ [ -66.5794, -37.5879 ], [ -66.5759, -37.6031 ], [ -66.5657, -37.6106 ] ] } },
{ "type": "Feature", "properties": { "nombre": "Camino sin nombre", "longitud_km": 6.57 }, "geometry": { "type": "LineString", "coordinates": [ [ -64.746, -37.6126 ], [ -64.7175, -37.6323 ], [ -64.7181, -37.6525 ], [ -64.707, -37.6513 ] ] } },
{ "type": "Feature", "properties": { "nombre": "Camino sin nombre", "longitud_km": 1.0 }, "geometry": { "type": "LineString", "coordinates": [ [ -63.4877, -37.6651 ], [ -63.4875, -37.6561 ] ] } },
{ "type": "Feature", "properties": { "nombre": "Camino sin nombre", "longitud_km": 2.05 }, "geometry": { "type": "LineString", "coordinates": [ [ -63.4992, -37.6562 ], [ -63.4996, -37.6652 ], [ -63.4877, -37.6651 ] ] } },
{ "type": "Feature", "properties": { "nombre": "Camino sin nombre", "longitud_km": 6.37 }, "geometry": { "type": "LineString", "coordinates": [ [ -65.9193, -37.6313 ], [ -65.8834, -37.617 ], [ -65.8643, -37.5966 ] ] } },
{ "type": "Feature", "properties": { "nombre": "Camino sin nombre", "longitud_km": 10.26 }, "geometry": { "type": "LineString", "coordinates": [ [ -65.9193, -37.6313 ], [ -65.9214, -37.5982 ], [ -65.9395, -37.5888 ], [ -65.9484, -37.5677 ], [ -65.9639, -37.5522 ] ] } },
{ "type": "Feature", "properties": { "nombre": "Camino sin nombre", "longitud_km": 4.0 }, "geometry": { "type": "LineString", "coordinates": [ [ -63.6696, -37.6658 ], [ -63.669, -37.6297 ] ] } },
{ "type": "Feature", "properties": { "nombre": "Camino sin nombre", "longitud_km": 5.7 }, "geometry": { "type": "LineString", "coordinates": [ [ -66.3802, -37.57 ], [ -66.3799, -37.5982 ], [ -66.3701, -37.62 ] ] } },
{ "type": "Feature", "properties": { "nombre": "Camino sin nombre", "longitud_km": 5.54 }, "geometry": { "type": "LineString", "coordinates": [ [ -64.1313, -37.6635 ], [ -64.1791, -37.6311 ] ] } },
{ "type": "Feature", "properties": { "nombre": "Camino sin nombre", "longitud_km": 0.31 }, "geometry": { "type": "LineString", "coordinates": [ [ -63.5358, -37.6667 ], [ -63.5367, -37.6694 ] ] } },
{ "type": "Feature", "properties": { "nombre": "Camino sin nombre", "longitud_km": 0.33 }, "geometry": { "type": "LineString", "coordinates": [ [ -63.5212, -37.6666 ], [ -63.5212, -37.6696 ] ] } },
{ "type": "Feature", "properties": { "nombre": "Camino sin nombre", "longitud_km": 6.11 }, "geometry": { "type": "LineString", "coordinates": [ [ -64.802, -37.6119 ], [ -64.8025, -37.657 ], [ -64.79, -37.6572 ] ] } },
{ "type": "Feature", "properties": { "nombre": "Camino sin nombre", "longitud_km": 14.2 }, "geometry": { "type": "LineString", "coordinates": [ [ -65.4076, -37.6043 ], [ -65.4112, -37.6129 ], [ -65.4251, -37.6141 ], [ -65.4257, -37.6298 ], [ -65.3703, -37.6444 ], [ -65.3133, -37.65 ] ] } },
{ "type": "Feature", "properties": { "nombre": "Camino sin nombre", "longitud_km": 7.02 }, "geometry": { "type": "LineString", "coordinates": [ [ -66.3231, -37.5652 ], [ -66.3221, -37.6284 ] ] } },
{ "type": "Feature", "properties": { "nombre": "Camino sin nombre", "longitud_km": 4.35 }, "geometry": { "type": "LineString", "coordinates": [ [ -66.3701, -37.62 ], [ -66.3221, -37.6284 ] ] } },
{ "type": "Feature", "properties": { "nombre": "Camino sin nombre", "longitud_km": 7.76 }, "geometry": { "type": "LineString", "coordinates": [ [ -66.711, -37.5525 ], [ -66.6877, -37.5913 ], [ -66.6832, -37.618 ] ] } },
{ "type": "Feature", "properties": { "nombre": "Camino sin nombre", "longitud_km": 1.3 }, "geometry": { "type": "LineString", "coordinates": [ [ -66.3701, -37.62 ], [ -66.3655, -37.6311 ] ] } },
{ "type": "Feature", "properties": { "nombre": "Camino sin nombre", "longitud_km": 4.13 }, "geometry": { "type": "LineString", "coordinates": [ [ -64.6033, -37.6324 ], [ -64.6056, -37.6696 ] ] } },
{ "type": "Feature", "properties": { "nombre": "Camino sin nombre", "longitud_km": 1.2 }, "geometry": { "type": "LineString", "coordinates": [ [ -63.5216, -37.6803 ], [ -63.5212, -37.6696 ] ] } },
{ "type": "Feature", "properties": { "nombre": "Camino sin nombre", "longitud_km": 1.22 }, "geometry": { "type": "LineString", "coordinates": [ [ -63.5367, -37.6694 ], [ -63.5364, -37.6804 ] ] } },
{ "type": "Feature", "properties": { "nombre": "Camino sin nombre", "longitud_km": 2.4 }, "geometry": { "type": "LineString", "coordinates": [ [ -63.5786, -37.6803 ], [ -63.5515, -37.6804 ] ] } },
{ "type": "Feature", "properties": { "nombre": "Camino sin nombre", "longitud_km": 1.49 }, "geometry": { "type": "LineString", "coordinates": [ [ -63.5786, -37.6803 ], [ -63.5788, -37.6669 ] ] } },
{ "type": "Feature", "properties": { "nombre": "Camino sin nombre", "longitud_km": 4.08 }, "geometry": { "type": "LineString", "coordinates": [ [ -65.3134, -37.6524 ], [ -65.2684, -37.6608 ] ] } },
{ "type": "Feature", "properties": { "nombre": "Camino sin nombre", "longitud_km": 7.86 }, "geometry": { "type": "LineString", "coordinates": [ [ -66.3221, -37.6284 ], [ -66.2659, -37.6321 ], [ -66.2344, -37.639 ] ] } },
{ "type": "Feature", "properties": { "nombre": "Camino sin nombre", "longitud_km": 2.81 }, "geometry": { "type": "LineString", "coordinates": [ [ -64.7991, -37.6758 ], [ -64.8026, -37.6617 ], [ -64.79, -37.6572 ] ] } },
{ "type": "Feature", "properties": { "nombre": "Camino sin nombre", "longitud_km": 5.0 }, "geometry": { "type": "LineString", "coordinates": [ [ -63.7825, -37.6653 ], [ -63.7826, -37.7104 ] ] } },
{ "type": "Feature", "properties": { "nombre": "Camino sin nombre", "longitud_km": 4.16 }, "geometry": { "type": "LineString", "coordinates": [ [ -63.4169, -37.6552 ], [ -63.4025, -37.6909 ] ] } },
{ "type": "Feature", "properties": { "nombre": "Camino sin nombre", "longitud_km": 1.11 }, "geometry": { "type": "LineString", "coordinates": [ [ -63.3856, -37.691 ], [ -63.3855, -37.681 ] ] } },
{ "type": "Feature", "properties": { "nombre": "Camino sin nombre", "longitud_km": 1.49 }, "geometry": { "type": "LineString", "coordinates": [ [ -63.4025, -37.6909 ], [ -63.3856, -37.691 ] ] } },
{ "type": "Feature", "properties": { "nombre": "Camino sin nombre", "longitud_km": 1.49 }, "geometry": { "type": "LineString", "coordinates": [ [ -63.4194, -37.691 ], [ -63.4025, -37.6909 ] ] } },
{ "type": "Feature", "properties": { "nombre": "Camino sin nombre", "longitud_km": 3.84 }, "geometry": { "type": "LineString", "coordinates": [ [ -63.4194, -37.691 ], [ -63.4196, -37.6564 ] ] } },
{ "type": "Feature", "properties": { "nombre": "Camino sin nombre", "longitud_km": 2.86 }, "geometry": { "type": "LineString", "coordinates": [ [ -63.4877, -37.6651 ], [ -63.4878, -37.6909 ] ] } },
{ "type": "Feature", "properties": { "nombre": "Camino sin nombre", "longitud_km": 0.51 }, "geometry": { "type": "LineString", "coordinates": [ [ -63.4878, -37.6909 ], [ -63.482, -37.6909 ] ] } },
{ "type": "Feature", "properties": { "nombre": "Camino sin nombre", "longitud_km": 3.88 }, "geometry": { "type": "LineString", "coordinates": [ [ -63.4422, -37.6913 ], [ -63.442, -37.6563 ] ] } },
{ "type": "Feature", "properties": { "nombre": "Camino sin nombre", "longitud_km": 3.51 }, "geometry": { "type": "LineString", "coordinates": [ [ -63.482, -37.6909 ], [ -63.4422, -37.6913 ] ] } },
{ "type": "Feature", "properties": { "nombre": "Camino sin nombre", "longitud_km": 2.0 }, "geometry": { "type": "LineString", "coordinates": [ [ -63.4422, -37.6913 ], [ -63.4194, -37.691 ] ] } },
{ "type": "Feature", "properties": { "nombre": "Camino sin nombre", "longitud_km": 2.04 }, "geometry": { "type": "LineString", "coordinates": [ [ -63.5109, -37.6911 ], [ -63.4878, -37.6909 ] ] } },
{ "type": "Feature", "properties": { "nombre": "Camino sin nombre", "longitud_km": 1.24 }, "geometry": { "type": "LineString", "coordinates": [ [ -63.5109, -37.6911 ], [ -63.5112, -37.6799 ] ] } },
{ "type": "Feature", "properties": { "nombre": "Camino sin nombre", "longitud_km": 0.94 }, "geometry": { "type": "LineString", "coordinates": [ [ -63.5216, -37.691 ], [ -63.5109, -37.6911 ] ] } },
{ "type": "Feature", "properties": { "nombre": "Camino sin nombre", "longitud_km": 1.19 }, "geometry": { "type": "LineString", "coordinates": [ [ -63.5216, -37.691 ], [ -63.5216, -37.6803 ] ] } },
{ "type": "Feature", "properties": { "nombre": "Camino sin nombre", "longitud_km": 2.98 }, "geometry": { "type": "LineString", "coordinates": [ [ -63.5554, -37.6909 ], [ -63.5216, -37.691 ] ] } },
{ "type": "Feature", "properties": { "nombre": "Camino sin nombre", "longitud_km": 10.01 }, "geometry": { "type": "LineString", "coordinates": [ [ -64.4621, -37.6155 ], [ -64.4631, -37.7057 ] ] } },
{ "type": "Feature", "properties": { "nombre": "Camino sin nombre", "longitud_km": 2.03 }, "geometry": { "type": "LineString", "coordinates": [ [ -63.5554, -37.6909 ], [ -63.5785, -37.6909 ] ] } },
{ "type": "Feature", "properties": { "nombre": "Camino sin nombre", "longitud_km": 1.18 }, "geometry": { "type": "LineString", "coordinates": [ [ -63.5785, -37.6909 ], [ -63.5786, -37.6803 ] ] } },
{ "type": "Feature", "properties": { "nombre": "Camino sin nombre", "longitud_km": 3.1 }, "geometry": { "type": "LineString", "coordinates": [ [ -63.5785, -37.6909 ], [ -63.6136, -37.691 ] ] } },
{ "type": "Feature", "properties": { "nombre": "Camino sin nombre", "longitud_km": 6.18 }, "geometry": { "type": "LineString", "coordinates": [ [ -64.79, -37.6572 ], [ -64.775, -37.6573 ], [ -64.7715, -37.6787 ], [ -64.7991, -37.6758 ] ] } },
{ "type": "Feature", "properties": { "nombre": "Camino sin nombre", "longitud_km": 11.71 }, "geometry": { "type": "LineString", "coordinates": [ [ -65.8314, -37.6602 ], [ -65.7807, -37.6577 ], [ -65.7818, -37.6386 ], [ -65.775, -37.6209 ], [ -65.7774, -37.6047 ], [ -65.7735, -37.5939 ] ] } },
{ "type": "Feature", "properties": { "nombre": "Camino sin nombre", "longitud_km": 9.53 }, "geometry": { "type": "LineString", "coordinates": [ [ -65.8643, -37.5966 ], [ -65.8614, -37.6585 ], [ -65.8314, -37.6602 ] ] } },
{ "type": "Feature", "properties": { "nombre": "Camino sin nombre", "longitud_km": 10.33 }, "geometry": { "type": "LineString", "coordinates": [ [ -66.4801, -37.6434 ], [ -66.4348, -37.6315 ], [ -66.3655, -37.6311 ] ] } },
{ "type": "Feature", "properties": { "nombre": "Camino sin nombre", "longitud_km": 7.97 }, "geometry": { "type": "LineString", "coordinates": [ [ -66.4898, -37.5798 ], [ -66.4911, -37.5981 ], [ -66.4964, -37.5986 ], [ -66.4952, -37.6289 ], [ -66.4801, -37.6434 ] ] } },
{ "type": "Feature", "properties": { "nombre": "Camino sin nombre", "longitud_km": 6.1 }, "geometry": { "type": "LineString", "coordinates": [ [ -65.9786, -37.6585 ], [ -65.9413, -37.6455 ], [ -65.9193, -37.6313 ] ] } },
{ "type": "Feature", "properties": { "nombre": "Camino sin nombre", "longitud_km": 13.23 }, "geometry": { "type": "LineString", "coordinates": [ [ -65.9786, -37.6585 ], [ -65.9935, -37.6163 ], [ -65.9898, -37.5873 ], [ -65.9942, -37.5737 ], [ -65.964, -37.5523 ] ] } },
{ "type": "Feature", "properties": { "nombre": "Camino sin nombre", "longitud_km": 6.06 }, "geometry": { "type": "LineString", "coordinates": [ [ -64.6697, -37.6857 ], [ -64.6698, -37.665 ], [ -64.6584, -37.6324 ] ] } },
{ "type": "Feature", "properties": { "nombre": "Camino sin nombre", "longitud_km": 4.81 }, "geometry": { "type": "LineString", "coordinates": [ [ -64.6697, -37.6857 ], [ -64.6887, -37.6729 ], [ -64.69, -37.6493 ] ] } },
{ "type": "Feature", "properties": { "nombre": "Camino sin nombre", "longitud_km": 6.6 }, "geometry": { "type": "LineString", "coordinates": [ [ -66.5548, -37.646 ], [ -66.4801, -37.6434 ] ] } },
{ "type": "Feature", "properties": { "nombre": "Camino sin nombre", "longitud_km": 5.05 }, "geometry": { "type": "LineString", "coordinates": [ [ -66.5657, -37.6106 ], [ -66.5484, -37.6155 ], [ -66.5548, -37.646 ] ] } },
{ "type": "Feature", "properties": { "nombre": "Camino sin nombre", "longitud_km": 4.96 }, "geometry": { "type": "LineString", "coordinates": [ [ -63.6693, -37.6659 ], [ -63.6697, -37.7106 ] ] } },
{ "type": "Feature", "properties": { "nombre": "Camino sin nombre", "longitud_km": 5.55 }, "geometry": { "type": "LineString", "coordinates": [ [ -64.8606, -37.6862 ], [ -64.7991, -37.6758 ] ] } },
{ "type": "Feature", "properties": { "nombre": "Camino sin nombre", "longitud_km": 6.94 }, "geometry": { "type": "LineString", "coordinates": [ [ -64.8606, -37.6862 ], [ -64.8587, -37.6237 ] ] } },
{ "type": "Feature", "properties": { "nombre": "Camino sin nombre", "longitud_km": 7.52 }, "geometry": { "type": "LineString", "coordinates": [ [ -65.6541, -37.6726 ], [ -65.6525, -37.6048 ] ] } },
{ "type": "Feature", "properties": { "nombre": "Camino sin nombre", "longitud_km": 4.56 }, "geometry": { "type": "LineString", "coordinates": [ [ -65.6541, -37.6726 ], [ -65.6656, -37.6727 ], [ -65.6934, -37.6496 ] ] } },
{ "type": "Feature", "properties": { "nombre": "Camino sin nombre", "longitud_km": 1.72 }, "geometry": { "type": "LineString", "coordinates": [ [ -63.3856, -37.7065 ], [ -63.3856, -37.691 ] ] } },
{ "type": "Feature", "properties": { "nombre": "Camino sin nombre", "longitud_km": 5.01 }, "geometry": { "type": "LineString", "coordinates": [ [ -63.5568, -37.7109 ], [ -63.6136, -37.7105 ] ] } },
{ "type": "Feature", "properties": { "nombre": "Camino sin nombre", "longitud_km": 4.95 }, "geometry": { "type": "LineString", "coordinates": [ [ -63.6136, -37.7105 ], [ -63.6697, -37.7106 ] ] } },
{ "type": "Feature", "properties": { "nombre": "Camino sin nombre", "longitud_km": 9.95 }, "geometry": { "type": "LineString", "coordinates": [ [ -63.6697, -37.7106 ], [ -63.7826, -37.7104 ] ] } },
{ "type": "Feature", "properties": { "nombre": "Camino sin nombre", "longitud_km": 5.03 }, "geometry": { "type": "LineString", "coordinates": [ [ -63.7826, -37.7104 ], [ -63.8397, -37.7104 ] ] } },
{ "type": "Feature", "properties": { "nombre": "Camino sin nombre", "longitud_km": 3.1 }, "geometry": { "type": "LineString", "coordinates": [ [ -63.9893, -37.7096 ], [ -63.9542, -37.7101 ] ] } },
{ "type": "Feature", "properties": { "nombre": "Camino sin nombre", "longitud_km": 5.13 }, "geometry": { "type": "LineString", "coordinates": [ [ -63.9532, -37.7102 ], [ -63.9529, -37.664 ] ] } },
{ "type": "Feature", "properties": { "nombre": "Camino sin nombre", "longitud_km": 0.09 }, "geometry": { "type": "LineString", "coordinates": [ [ -63.9532, -37.7102 ], [ -63.9542, -37.7101 ] ] } },
{ "type": "Feature", "properties": { "nombre": "Camino sin nombre", "longitud_km": 10.01 }, "geometry": { "type": "LineString", "coordinates": [ [ -63.8397, -37.7104 ], [ -63.9532, -37.7102 ] ] } },
{ "type": "Feature", "properties": { "nombre": "Camino sin nombre", "longitud_km": 1.87 }, "geometry": { "type": "LineString", "coordinates": [ [ -64.6692, -37.7026 ], [ -64.6697, -37.6857 ] ] } },
{ "type": "Feature", "properties": { "nombre": "Camino sin nombre", "longitud_km": 5.67 }, "geometry": { "type": "LineString", "coordinates": [ [ -64.7084, -37.7024 ], [ -64.707, -37.6513 ] ] } },
{ "type": "Feature", "properties": { "nombre": "Camino sin nombre", "longitud_km": 7.97 }, "geometry": { "type": "LineString", "coordinates": [ [ -64.5763, -37.7043 ], [ -64.5758, -37.6325 ] ] } },
{ "type": "Feature", "properties": { "nombre": "Camino sin nombre", "longitud_km": 2.46 }, "geometry": { "type": "LineString", "coordinates": [ [ -64.5554, -37.7049 ], [ -64.5549, -37.6926 ], [ -64.5439, -37.6881 ] ] } },
{ "type": "Feature", "properties": { "nombre": "Camino sin nombre", "longitud_km": 2.93 }, "geometry": { "type": "LineString", "coordinates": [ [ -64.8039, -37.7019 ], [ -64.7991, -37.6758 ] ] } },
{ "type": "Feature", "properties": { "nombre": "Camino sin nombre", "longitud_km": 2.72 }, "geometry": { "type": "LineString", "coordinates": [ [ -63.482, -37.6909 ], [ -63.4782, -37.7054 ], [ -63.4814, -37.7148 ] ] } },
{ "type": "Feature", "properties": { "nombre": "Camino sin nombre", "longitud_km": 1.7 }, "geometry": { "type": "LineString", "coordinates": [ [ -64.8609, -37.7015 ], [ -64.8606, -37.6862 ] ] } },
{ "type": "Feature", "properties": { "nombre": "Camino sin nombre", "longitud_km": 11.55 }, "geometry": { "type": "LineString", "coordinates": [ [ -64.8587, -37.6237 ], [ -64.8806, -37.6236 ], [ -64.8968, -37.6508 ], [ -64.8917, -37.6747 ], [ -64.8689, -37.7014 ] ] } },
{ "type": "Feature", "properties": { "nombre": "Camino sin nombre", "longitud_km": 9.95 }, "geometry": { "type": "LineString", "coordinates": [ [ -64.9744, -37.7002 ], [ -64.9725, -37.6106 ] ] } },
{ "type": "Feature", "properties": { "nombre": "Camino sin nombre", "longitud_km": 5.2 }, "geometry": { "type": "LineString", "coordinates": [ [ -65.0232, -37.6538 ], [ -65.0132, -37.6869 ], [ -65.0145, -37.6997 ] ] } },
{ "type": "Feature", "properties": { "nombre": "Camino sin nombre", "longitud_km": 2.96 }, "geometry": { "type": "LineString", "coordinates": [ [ -65.8391, -37.6828 ], [ -65.8414, -37.6663 ], [ -65.8314, -37.6602 ] ] } },
{ "type": "Feature", "properties": { "nombre": "Camino sin nombre", "longitud_km": 13.31 }, "geometry": { "type": "LineString", "coordinates": [ [ -65.0308, -37.6997 ], [ -65.0296, -37.5798 ] ] } },
{ "type": "Feature", "properties": { "nombre": "Camino sin nombre", "longitud_km": 10.18 }, "geometry": { "type": "LineString", "coordinates": [ [ -65.0844, -37.6089 ], [ -65.0813, -37.6159 ], [ -65.0863, -37.6225 ], [ -65.0877, -37.6992 ] ] } },
{ "type": "Feature", "properties": { "nombre": "Camino sin nombre", "longitud_km": 10.32 }, "geometry": { "type": "LineString", "coordinates": [ [ -65.1733, -37.698 ], [ -65.1667, -37.6796 ], [ -65.1766, -37.6526 ], [ -65.1756, -37.6229 ], [ -65.181, -37.6076 ] ] } },
{ "type": "Feature", "properties": { "nombre": "Camino sin nombre", "longitud_km": 6.06 }, "geometry": { "type": "LineString", "coordinates": [ [ -65.2684, -37.6608 ], [ -65.2347, -37.6717 ], [ -65.2361, -37.6973 ] ] } },
{ "type": "Feature", "properties": { "nombre": "Camino sin nombre", "longitud_km": 1.91 }, "geometry": { "type": "LineString", "coordinates": [ [ -65.6546, -37.6898 ], [ -65.6541, -37.6726 ] ] } },
{ "type": "Feature", "properties": { "nombre": "Camino sin nombre", "longitud_km": 0.41 }, "geometry": { "type": "LineString", "coordinates": [ [ -65.0145, -37.6997 ], [ -65.0141, -37.7033 ] ] } },
{ "type": "Feature", "properties": { "nombre": "Camino sin nombre", "longitud_km": 3.37 }, "geometry": { "type": "LineString", "coordinates": [ [ -66.0, -37.6836 ], [ -65.9786, -37.6585 ] ] } },
{ "type": "Feature", "properties": { "nombre": "Camino sin nombre", "longitud_km": 3.04 }, "geometry": { "type": "LineString", "coordinates": [ [ -64.1229, -37.708 ], [ -64.1234, -37.7354 ] ] } },
{ "type": "Feature", "properties": { "nombre": "Camino sin nombre", "longitud_km": 1.37 }, "geometry": { "type": "LineString", "coordinates": [ [ -64.6639, -37.7124 ], [ -64.67, -37.709 ], [ -64.6692, -37.7026 ] ] } },
{ "type": "Feature", "properties": { "nombre": "Camino sin nombre", "longitud_km": 10.29 }, "geometry": { "type": "LineString", "coordinates": [ [ -66.1777, -37.6855 ], [ -66.1382, -37.6597 ], [ -66.118, -37.6522 ], [ -66.0909, -37.6526 ], [ -66.0767, -37.6466 ] ] } },
{ "type": "Feature", "properties": { "nombre": "Camino sin nombre", "longitud_km": 0.29 }, "geometry": { "type": "LineString", "coordinates": [ [ -66.181, -37.6855 ], [ -66.1777, -37.6855 ] ] } },
{ "type": "Feature", "properties": { "nombre": "Camino sin nombre", "longitud_km": 17.04 }, "geometry": { "type": "LineString", "coordinates": [ [ -66.2245, -37.5515 ], [ -66.2099, -37.5568 ], [ -66.2039, -37.5667 ], [ -66.2054, -37.5763 ], [ -66.1937, -37.5932 ], [ -66.1926, -37.6212 ], [ -66.1799, -37.6501 ], [ -66.1946, -37.6647 ], [ -66.181, -37.6855 ] ] } },
{ "type": "Feature", "properties": { "nombre": "Camino sin nombre", "longitud_km": 0.99 }, "geometry": { "type": "LineString", "coordinates": [ [ -64.0736, -37.7177 ], [ -64.0659, -37.7241 ] ] } },
{ "type": "Feature", "properties": { "nombre": "Camino sin nombre", "longitud_km": 1.9 }, "geometry": { "type": "LineString", "coordinates": [ [ -64.5785, -37.7043 ], [ -64.5788, -37.7214 ] ] } },
{ "type": "Feature", "properties": { "nombre": "Camino sin nombre", "longitud_km": 0.82 }, "geometry": { "type": "LineString", "coordinates": [ [ -64.0576, -37.7276 ], [ -64.0659, -37.7241 ] ] } },
{ "type": "Feature", "properties": { "nombre": "Camino sin nombre", "longitud_km": 15.85 }, "geometry": { "type": "LineString", "coordinates": [ [ -63.9542, -37.7101 ], [ -63.9549, -37.7263 ], [ -64.0057, -37.726 ], [ -64.0072, -37.7313 ], [ -64.0265, -37.731 ], [ -64.0259, -37.7091 ], [ -64.0808, -37.7083 ] ] } },
{ "type": "Feature", "properties": { "nombre": "Camino sin nombre", "longitud_km": 13.65 }, "geometry": { "type": "LineString", "coordinates": [ [ -66.3871, -37.6885 ], [ -66.2323, -37.6862 ] ] } },
{ "type": "Feature", "properties": { "nombre": "Camino sin nombre", "longitud_km": 7.04 }, "geometry": { "type": "LineString", "coordinates": [ [ -66.3655, -37.6311 ], [ -66.3853, -37.6487 ], [ -66.3871, -37.6885 ] ] } },
{ "type": "Feature", "properties": { "nombre": "Camino sin nombre", "longitud_km": 7.96 }, "geometry": { "type": "LineString", "coordinates": [ [ -64.5788, -37.7214 ], [ -64.6342, -37.7263 ], [ -64.6639, -37.7124 ] ] } },
{ "type": "Feature", "properties": { "nombre": "Camino sin nombre", "longitud_km": 6.32 }, "geometry": { "type": "LineString", "coordinates": [ [ -64.1234, -37.7354 ], [ -64.0663, -37.7358 ], [ -64.0659, -37.7241 ] ] } },
{ "type": "Feature", "properties": { "nombre": "Camino sin nombre", "longitud_km": 22.88 }, "geometry": { "type": "LineString", "coordinates": [ [ -67.4448, -37.4833 ], [ -67.4458, -37.5046 ], [ -67.4186, -37.5662 ], [ -67.3934, -37.5714 ], [ -67.3853, -37.5788 ], [ -67.3871, -37.6138 ], [ -67.3543, -37.661 ] ] } },
{ "type": "Feature", "properties": { "nombre": "Camino sin nombre", "longitud_km": 9.57 }, "geometry": { "type": "LineString", "coordinates": [ [ -66.4955, -37.6903 ], [ -66.3871, -37.6885 ] ] } },
{ "type": "Feature", "properties": { "nombre": "Camino sin nombre", "longitud_km": 5.67 }, "geometry": { "type": "LineString", "coordinates": [ [ -66.4801, -37.6434 ], [ -66.4955, -37.6595 ], [ -66.4955, -37.6903 ] ] } },
{ "type": "Feature", "properties": { "nombre": "Camino sin nombre", "longitud_km": 0.44 }, "geometry": { "type": "LineString", "coordinates": [ [ -66.5005, -37.6904 ], [ -66.4955, -37.6903 ] ] } },
{ "type": "Feature", "properties": { "nombre": "Camino sin nombre", "longitud_km": 2.74 }, "geometry": { "type": "LineString", "coordinates": [ [ -65.3875, -37.7195 ], [ -65.3871, -37.6948 ] ] } },
{ "type": "Feature", "properties": { "nombre": "Camino sin nombre", "longitud_km": 3.08 }, "geometry": { "type": "LineString", "coordinates": [ [ -64.8609, -37.7292 ], [ -64.8609, -37.7015 ] ] } },
{ "type": "Feature", "properties": { "nombre": "Camino sin nombre", "longitud_km": 5.6 }, "geometry": { "type": "LineString", "coordinates": [ [ -66.564, -37.6912 ], [ -66.5005, -37.6904 ] ] } },
{ "type": "Feature", "properties": { "nombre": "Camino sin nombre", "longitud_km": 5.09 }, "geometry": { "type": "LineString", "coordinates": [ [ -66.5548, -37.646 ], [ -66.564, -37.6912 ] ] } },
{ "type": "Feature", "properties": { "nombre": "Camino sin nombre", "longitud_km": 3.09 }, "geometry": { "type": "LineString", "coordinates": [ [ -65.0879, -37.727 ], [ -65.0877, -37.6992 ] ] } },
{ "type": "Feature", "properties": { "nombre": "Camino sin nombre", "longitud_km": 5.94 }, "geometry": { "type": "LineString", "coordinates": [ [ -63.4418, -37.7448 ], [ -63.4422, -37.6913 ] ] } },
{ "type": "Feature", "properties": { "nombre": "Camino sin nombre", "longitud_km": 4.28 }, "geometry": { "type": "LineString", "coordinates": [ [ -63.3857, -37.745 ], [ -63.3856, -37.7065 ] ] } },
{ "type": "Feature", "properties": { "nombre": "Camino sin nombre", "longitud_km": 2.95 }, "geometry": { "type": "LineString", "coordinates": [ [ -63.4191, -37.7453 ], [ -63.3857, -37.745 ] ] } },
{ "type": "Feature", "properties": { "nombre": "Camino sin nombre", "longitud_km": 2.0 }, "geometry": { "type": "LineString", "coordinates": [ [ -63.4191, -37.7453 ], [ -63.4418, -37.7448 ] ] } },
{ "type": "Feature", "properties": { "nombre": "Camino sin nombre", "longitud_km": 2.61 }, "geometry": { "type": "LineString", "coordinates": [ [ -66.5936, -37.6916 ], [ -66.564, -37.6912 ] ] } },
{ "type": "Feature", "properties": { "nombre": "Camino sin nombre", "longitud_km": 9.33 }, "geometry": { "type": "LineString", "coordinates": [ [ -66.5657, -37.6106 ], [ -66.5936, -37.6916 ] ] } },
{ "type": "Feature", "properties": { "nombre": "Camino sin nombre", "longitud_km": 3.84 }, "geometry": { "type": "LineString", "coordinates": [ [ -65.1694, -37.7271 ], [ -65.1769, -37.7225 ], [ -65.1792, -37.7125 ], [ -65.1709, -37.7031 ], [ -65.1733, -37.698 ] ] } },
{ "type": "Feature", "properties": { "nombre": "Camino sin nombre", "longitud_km": 3.51 }, "geometry": { "type": "LineString", "coordinates": [ [ -65.2361, -37.6973 ], [ -65.2277, -37.7147 ], [ -65.2325, -37.7271 ] ] } },
{ "type": "Feature", "properties": { "nombre": "Camino sin nombre", "longitud_km": 1.65 }, "geometry": { "type": "LineString", "coordinates": [ [ -67.1986, -37.6758 ], [ -67.1998, -37.661 ] ] } },
{ "type": "Feature", "properties": { "nombre": "Camino sin nombre", "longitud_km": 7.82 }, "geometry": { "type": "LineString", "coordinates": [ [ -65.0879, -37.727 ], [ -65.0606, -37.7336 ], [ -65.0141, -37.7033 ] ] } },
{ "type": "Feature", "properties": { "nombre": "Camino sin nombre", "longitud_km": 5.71 }, "geometry": { "type": "LineString", "coordinates": [ [ -65.2325, -37.7271 ], [ -65.2018, -37.733 ], [ -65.1694, -37.7271 ] ] } },
{ "type": "Feature", "properties": { "nombre": "Camino sin nombre", "longitud_km": 1.11 }, "geometry": { "type": "LineString", "coordinates": [ [ -63.4417, -37.7547 ], [ -63.4418, -37.7448 ] ] } },
{ "type": "Feature", "properties": { "nombre": "Camino sin nombre", "longitud_km": 17.67 }, "geometry": { "type": "LineString", "coordinates": [ [ -66.0372, -37.6843 ], [ -66.0688, -37.7071 ], [ -66.1101, -37.696 ], [ -66.1473, -37.6919 ], [ -66.1624, -37.71 ], [ -66.1746, -37.7128 ], [ -66.1789, -37.7101 ], [ -66.1777, -37.6855 ] ] } },
{ "type": "Feature", "properties": { "nombre": "Camino sin nombre", "longitud_km": 5.56 }, "geometry": { "type": "LineString", "coordinates": [ [ -63.6137, -37.7559 ], [ -63.6768, -37.7559 ] ] } },
{ "type": "Feature", "properties": { "nombre": "Camino sin nombre", "longitud_km": 1.35 }, "geometry": { "type": "LineString", "coordinates": [ [ -63.3858, -37.7572 ], [ -63.3857, -37.745 ] ] } },
{ "type": "Feature", "properties": { "nombre": "Camino sin nombre", "longitud_km": 19.73 }, "geometry": { "type": "LineString", "coordinates": [ [ -63.7826, -37.7104 ], [ -63.784, -37.7997 ], [ -63.7647, -37.8007 ], [ -63.7651, -37.8738 ] ] } },
{ "type": "Feature", "properties": { "nombre": "Camino sin nombre", "longitud_km": 2.14 }, "geometry": { "type": "LineString", "coordinates": [ [ -64.1234, -37.7354 ], [ -64.1237, -37.7547 ] ] } },
{ "type": "Feature", "properties": { "nombre": "Camino sin nombre", "longitud_km": 4.93 }, "geometry": { "type": "LineString", "coordinates": [ [ -65.3365, -37.7378 ], [ -65.3875, -37.7195 ] ] } },
{ "type": "Feature", "properties": { "nombre": "Camino sin nombre", "longitud_km": 8.65 }, "geometry": { "type": "LineString", "coordinates": [ [ -64.946, -37.7457 ], [ -64.9214, -37.7324 ], [ -64.9031, -37.7382 ], [ -64.8713, -37.7241 ], [ -64.8609, -37.7292 ] ] } },
{ "type": "Feature", "properties": { "nombre": "Camino sin nombre", "longitud_km": 9.51 }, "geometry": { "type": "LineString", "coordinates": [ [ -65.3875, -37.7195 ], [ -65.4348, -37.7111 ], [ -65.4677, -37.7216 ], [ -65.4838, -37.7356 ] ] } },
{ "type": "Feature", "properties": { "nombre": "Camino sin nombre", "longitud_km": 4.72 }, "geometry": { "type": "LineString", "coordinates": [ [ -65.4838, -37.7356 ], [ -65.4827, -37.6931 ] ] } },
{ "type": "Feature", "properties": { "nombre": "Camino sin nombre", "longitud_km": 8.7 }, "geometry": { "type": "LineString", "coordinates": [ [ -64.7169, -37.7495 ], [ -64.6651, -37.7497 ], [ -64.6639, -37.7124 ] ] } },
{ "type": "Feature", "properties": { "nombre": "Camino sin nombre", "longitud_km": 5.28 }, "geometry": { "type": "LineString", "coordinates": [ [ -64.7169, -37.7495 ], [ -64.7084, -37.7024 ] ] } },
{ "type": "Feature", "properties": { "nombre": "Camino sin nombre", "longitud_km": 2.75 }, "geometry": { "type": "LineString", "coordinates": [ [ -64.748, -37.7493 ], [ -64.7169, -37.7495 ] ] } },
{ "type": "Feature", "properties": { "nombre": "Camino sin nombre", "longitud_km": 5.32 }, "geometry": { "type": "LineString", "coordinates": [ [ -65.0141, -37.7033 ], [ -64.9972, -37.7205 ], [ -65.0046, -37.746 ] ] } },
{ "type": "Feature", "properties": { "nombre": "Camino sin nombre", "longitud_km": 2.52 }, "geometry": { "type": "LineString", "coordinates": [ [ -64.9743, -37.7489 ], [ -64.946, -37.7457 ] ] } },
{ "type": "Feature", "properties": { "nombre": "Camino sin nombre", "longitud_km": 5.4 }, "geometry": { "type": "LineString", "coordinates": [ [ -64.9743, -37.7489 ], [ -64.9744, -37.7002 ] ] } },
{ "type": "Feature", "properties": { "nombre": "Camino sin nombre", "longitud_km": 2.36 }, "geometry": { "type": "LineString", "coordinates": [ [ -66.5936, -37.6916 ], [ -66.6003, -37.7123 ] ] } },
{ "type": "Feature", "properties": { "nombre": "Camino sin nombre", "longitud_km": 6.06 }, "geometry": { "type": "LineString", "coordinates": [ [ -64.8076, -37.7564 ], [ -64.8039, -37.7019 ] ] } },
{ "type": "Feature", "properties": { "nombre": "Camino sin nombre", "longitud_km": 7.28 }, "geometry": { "type": "LineString", "coordinates": [ [ -64.8609, -37.7292 ], [ -64.8197, -37.726 ], [ -64.8212, -37.7305 ], [ -64.8076, -37.7564 ] ] } },
{ "type": "Feature", "properties": { "nombre": "Camino sin nombre", "longitud_km": 6.62 }, "geometry": { "type": "LineString", "coordinates": [ [ -65.1435, -37.754 ], [ -65.1442, -37.7462 ], [ -65.0989, -37.7236 ], [ -65.0879, -37.727 ] ] } },
{ "type": "Feature", "properties": { "nombre": "Camino sin nombre", "longitud_km": 3.75 }, "geometry": { "type": "LineString", "coordinates": [ [ -65.1435, -37.754 ], [ -65.1694, -37.7271 ] ] } },
{ "type": "Feature", "properties": { "nombre": "Camino sin nombre", "longitud_km": 6.03 }, "geometry": { "type": "LineString", "coordinates": [ [ -65.6564, -37.7441 ], [ -65.6546, -37.6898 ] ] } },
{ "type": "Feature", "properties": { "nombre": "Camino sin nombre", "longitud_km": 1.52 }, "geometry": { "type": "LineString", "coordinates": [ [ -65.6725, -37.7391 ], [ -65.6564, -37.7441 ] ] } },
{ "type": "Feature", "properties": { "nombre": "Camino sin nombre", "longitud_km": 6.63 }, "geometry": { "type": "LineString", "coordinates": [ [ -65.7475, -37.7438 ], [ -65.6725, -37.7391 ] ] } },
{ "type": "Feature", "properties": { "nombre": "Camino sin nombre", "longitud_km": 7.79 }, "geometry": { "type": "LineString", "coordinates": [ [ -63.4993, -37.7782 ], [ -63.4992, -37.7537 ], [ -63.4417, -37.7547 ] ] } },
{ "type": "Feature", "properties": { "nombre": "Camino sin nombre", "longitud_km": 2.57 }, "geometry": { "type": "LineString", "coordinates": [ [ -63.4993, -37.7782 ], [ -63.5284, -37.7784 ] ] } },
{ "type": "Feature", "properties": { "nombre": "Camino sin nombre", "longitud_km": 7.5 }, "geometry": { "type": "LineString", "coordinates": [ [ -63.5284, -37.7784 ], [ -63.6136, -37.7785 ] ] } },
{ "type": "Feature", "properties": { "nombre": "Camino sin nombre", "longitud_km": 1.66 }, "geometry": { "type": "LineString", "coordinates": [ [ -66.6003, -37.7123 ], [ -66.5904, -37.725 ] ] } },
{ "type": "Feature", "properties": { "nombre": "Camino sin nombre", "longitud_km": 4.56 }, "geometry": { "type": "LineString", "coordinates": [ [ -63.4995, -37.8193 ], [ -63.4993, -37.7782 ] ] } },
{ "type": "Feature", "properties": { "nombre": "Camino sin nombre", "longitud_km": 1.68 }, "geometry": { "type": "LineString", "coordinates": [ [ -65.3498, -37.753 ], [ -65.3319, -37.7581 ] ] } },
{ "type": "Feature", "properties": { "nombre": "Camino sin nombre", "longitud_km": 7.69 }, "geometry": { "type": "LineString", "coordinates": [ [ -65.0046, -37.746 ], [ -65.0218, -37.754 ], [ -65.0882, -37.7628 ] ] } },
{ "type": "Feature", "properties": { "nombre": "Camino sin nombre", "longitud_km": 3.97 }, "geometry": { "type": "LineString", "coordinates": [ [ -65.0882, -37.7628 ], [ -65.0879, -37.727 ] ] } },
{ "type": "Feature", "properties": { "nombre": "Camino sin nombre", "longitud_km": 4.01 }, "geometry": { "type": "LineString", "coordinates": [ [ -63.4192, -37.7814 ], [ -63.4191, -37.7453 ] ] } },
{ "type": "Feature", "properties": { "nombre": "Camino sin nombre", "longitud_km": 4.98 }, "geometry": { "type": "LineString", "coordinates": [ [ -63.4192, -37.7814 ], [ -63.4419, -37.7816 ], [ -63.4417, -37.7547 ] ] } },
{ "type": "Feature", "properties": { "nombre": "Camino sin nombre", "longitud_km": 3.37 }, "geometry": { "type": "LineString", "coordinates": [ [ -65.0043, -37.7678 ], [ -64.9743, -37.7489 ] ] } },
{ "type": "Feature", "properties": { "nombre": "Camino sin nombre", "longitud_km": 2.42 }, "geometry": { "type": "LineString", "coordinates": [ [ -65.0046, -37.746 ], [ -65.0043, -37.7678 ] ] } },
{ "type": "Feature", "properties": { "nombre": "Camino sin nombre", "longitud_km": 10.84 }, "geometry": { "type": "LineString", "coordinates": [ [ -65.6291, -37.7582 ], [ -65.5387, -37.692 ] ] } },
{ "type": "Feature", "properties": { "nombre": "Camino sin nombre", "longitud_km": 2.87 }, "geometry": { "type": "LineString", "coordinates": [ [ -65.6564, -37.7441 ], [ -65.6291, -37.7582 ] ] } },
{ "type": "Feature", "properties": { "nombre": "Camino sin nombre", "longitud_km": 5.5 }, "geometry": { "type": "LineString", "coordinates": [ [ -66.6569, -37.7314 ], [ -66.6156, -37.7135 ], [ -66.6003, -37.7123 ] ] } },
{ "type": "Feature", "properties": { "nombre": "Camino sin nombre", "longitud_km": 4.88 }, "geometry": { "type": "LineString", "coordinates": [ [ -65.0882, -37.7628 ], [ -65.1423, -37.7721 ] ] } },
{ "type": "Feature", "properties": { "nombre": "Camino sin nombre", "longitud_km": 2.02 }, "geometry": { "type": "LineString", "coordinates": [ [ -65.1423, -37.7721 ], [ -65.1435, -37.754 ] ] } },
{ "type": "Feature", "properties": { "nombre": "Camino sin nombre", "longitud_km": 3.07 }, "geometry": { "type": "LineString", "coordinates": [ [ -64.8076, -37.7564 ], [ -64.7872, -37.7789 ] ] } },
{ "type": "Feature", "properties": { "nombre": "Camino sin nombre", "longitud_km": 0.28 }, "geometry": { "type": "LineString", "coordinates": [ [ -65.1406, -37.7742 ], [ -65.1423, -37.7721 ] ] } },
{ "type": "Feature", "properties": { "nombre": "Camino sin nombre", "longitud_km": 13.9 }, "geometry": { "type": "LineString", "coordinates": [ [ -66.5005, -37.6904 ], [ -66.4949, -37.7017 ], [ -66.4989, -37.7337 ], [ -66.5433, -37.741 ], [ -66.5759, -37.7401 ], [ -66.5904, -37.725 ] ] } },
{ "type": "Feature", "properties": { "nombre": "Camino sin nombre", "longitud_km": 1.86 }, "geometry": { "type": "LineString", "coordinates": [ [ -63.5284, -37.7784 ], [ -63.5276, -37.7951 ] ] } },
{ "type": "Feature", "properties": { "nombre": "Camino sin nombre", "longitud_km": 3.79 }, "geometry": { "type": "LineString", "coordinates": [ [ -65.7475, -37.7438 ], [ -65.7678, -37.7569 ], [ -65.7766, -37.7683 ] ] } },
{ "type": "Feature", "properties": { "nombre": "Camino sin nombre", "longitud_km": 4.84 }, "geometry": { "type": "LineString", "coordinates": [ [ -63.3858, -37.8008 ], [ -63.3858, -37.7572 ] ] } },
{ "type": "Feature", "properties": { "nombre": "Camino sin nombre", "longitud_km": 5.04 }, "geometry": { "type": "LineString", "coordinates": [ [ -63.3858, -37.8008 ], [ -63.4184, -37.801 ], [ -63.4192, -37.7814 ] ] } },
{ "type": "Feature", "properties": { "nombre": "Camino sin nombre", "longitud_km": 10.67 }, "geometry": { "type": "LineString", "coordinates": [ [ -65.844, -37.7678 ], [ -65.818, -37.7466 ], [ -65.8259, -37.7054 ], [ -65.8391, -37.6828 ] ] } },
{ "type": "Feature", "properties": { "nombre": "Camino sin nombre", "longitud_km": 8.1 }, "geometry": { "type": "LineString", "coordinates": [ [ -64.5788, -37.7214 ], [ -64.5782, -37.7944 ] ] } },
{ "type": "Feature", "properties": { "nombre": "Camino sin nombre", "longitud_km": 4.97 }, "geometry": { "type": "LineString", "coordinates": [ [ -64.6346, -37.7947 ], [ -64.5782, -37.7944 ] ] } },
{ "type": "Feature", "properties": { "nombre": "Camino sin nombre", "longitud_km": 10.01 }, "geometry": { "type": "LineString", "coordinates": [ [ -64.7483, -37.7937 ], [ -64.6346, -37.7947 ] ] } },
{ "type": "Feature", "properties": { "nombre": "Camino sin nombre", "longitud_km": 5.5 }, "geometry": { "type": "LineString", "coordinates": [ [ -64.8107, -37.7929 ], [ -64.7483, -37.7937 ] ] } },
{ "type": "Feature", "properties": { "nombre": "Camino sin nombre", "longitud_km": 4.06 }, "geometry": { "type": "LineString", "coordinates": [ [ -64.8107, -37.7929 ], [ -64.8076, -37.7564 ] ] } },
{ "type": "Feature", "properties": { "nombre": "Camino sin nombre", "longitud_km": 6.99 }, "geometry": { "type": "LineString", "coordinates": [ [ -64.8611, -37.7922 ], [ -64.8609, -37.7292 ] ] } },
{ "type": "Feature", "properties": { "nombre": "Camino sin nombre", "longitud_km": 9.66 }, "geometry": { "type": "LineString", "coordinates": [ [ -65.4602, -37.8186 ], [ -65.4755, -37.7976 ], [ -65.4849, -37.7633 ], [ -65.4838, -37.7356 ] ] } },
{ "type": "Feature", "properties": { "nombre": "Camino sin nombre", "longitud_km": 4.44 }, "geometry": { "type": "LineString", "coordinates": [ [ -64.8611, -37.7923 ], [ -64.8107, -37.7929 ] ] } },
{ "type": "Feature", "properties": { "nombre": "Camino sin nombre", "longitud_km": 0.02 }, "geometry": { "type": "LineString", "coordinates": [ [ -64.8611, -37.7923 ], [ -64.8611, -37.7922 ] ] } },
{ "type": "Feature", "properties": { "nombre": "Camino sin nombre", "longitud_km": 2.86 }, "geometry": { "type": "LineString", "coordinates": [ [ -65.0886, -37.7885 ], [ -65.0882, -37.7628 ] ] } },
{ "type": "Feature", "properties": { "nombre": "Camino sin nombre", "longitud_km": 6.44 }, "geometry": { "type": "LineString", "coordinates": [ [ -65.6291, -37.7582 ], [ -65.6139, -37.7781 ], [ -65.5816, -37.8016 ] ] } },
{ "type": "Feature", "properties": { "nombre": "Camino sin nombre", "longitud_km": 2.5 }, "geometry": { "type": "LineString", "coordinates": [ [ -65.0043, -37.7678 ], [ -65.0003, -37.7901 ] ] } },
{ "type": "Feature", "properties": { "nombre": "Camino sin nombre", "longitud_km": 7.79 }, "geometry": { "type": "LineString", "coordinates": [ [ -65.0886, -37.7885 ], [ -65.0003, -37.7901 ] ] } },
{ "type": "Feature", "properties": { "nombre": "Camino sin nombre", "longitud_km": 1.03 }, "geometry": { "type": "LineString", "coordinates": [ [ -65.0003, -37.7901 ], [ -64.9886, -37.7903 ] ] } },
{ "type": "Feature", "properties": { "nombre": "Camino sin nombre", "longitud_km": 4.62 }, "geometry": { "type": "LineString", "coordinates": [ [ -64.9749, -37.7906 ], [ -64.9743, -37.7489 ] ] } },
{ "type": "Feature", "properties": { "nombre": "Camino sin nombre", "longitud_km": 1.21 }, "geometry": { "type": "LineString", "coordinates": [ [ -64.9886, -37.7903 ], [ -64.9749, -37.7906 ] ] } },
{ "type": "Feature", "properties": { "nombre": "Camino sin nombre", "longitud_km": 5.0 }, "geometry": { "type": "LineString", "coordinates": [ [ -64.9179, -37.7915 ], [ -64.8611, -37.7922 ] ] } },
{ "type": "Feature", "properties": { "nombre": "Camino sin nombre", "longitud_km": 7.57 }, "geometry": { "type": "LineString", "coordinates": [ [ -64.946, -37.7457 ], [ -64.918, -37.7456 ], [ -64.9179, -37.7915 ] ] } },
{ "type": "Feature", "properties": { "nombre": "Camino sin nombre", "longitud_km": 5.02 }, "geometry": { "type": "LineString", "coordinates": [ [ -64.9749, -37.7906 ], [ -64.9179, -37.7915 ] ] } },
{ "type": "Feature", "properties": { "nombre": "Camino sin nombre", "longitud_km": 3.54 }, "geometry": { "type": "LineString", "coordinates": [ [ -65.9197, -37.7722 ], [ -65.9054, -37.7591 ], [ -65.9134, -37.746 ] ] } },
{ "type": "Feature", "properties": { "nombre": "Camino sin nombre", "longitud_km": 0.8 }, "geometry": { "type": "LineString", "coordinates": [ [ -63.3858, -37.808 ], [ -63.3858, -37.8008 ] ] } },
{ "type": "Feature", "properties": { "nombre": "Camino sin nombre", "longitud_km": 6.96 }, "geometry": { "type": "LineString", "coordinates": [ [ -65.9197, -37.7722 ], [ -65.8953, -37.7702 ], [ -65.8651, -37.776 ], [ -65.844, -37.7678 ] ] } },
{ "type": "Feature", "properties": { "nombre": "Camino sin nombre", "longitud_km": 1.11 }, "geometry": { "type": "LineString", "coordinates": [ [ -63.3771, -37.8152 ], [ -63.3858, -37.808 ] ] } },
{ "type": "Feature", "properties": { "nombre": "Camino sin nombre", "longitud_km": 7.11 }, "geometry": { "type": "LineString", "coordinates": [ [ -65.844, -37.7678 ], [ -65.813, -37.7849 ], [ -65.8018, -37.7834 ], [ -65.7766, -37.7683 ] ] } },
{ "type": "Feature", "properties": { "nombre": "Camino sin nombre", "longitud_km": 2.03 }, "geometry": { "type": "LineString", "coordinates": [ [ -66.2046, -37.7774 ], [ -66.1815, -37.7769 ] ] } },
{ "type": "Feature", "properties": { "nombre": "Camino sin nombre", "longitud_km": 1.49 }, "geometry": { "type": "LineString", "coordinates": [ [ -63.3858, -37.8214 ], [ -63.3858, -37.808 ] ] } },
{ "type": "Feature", "properties": { "nombre": "Camino sin nombre", "longitud_km": 22.91 }, "geometry": { "type": "LineString", "coordinates": [ [ -63.8575, -37.8909 ], [ -63.9499, -37.8312 ], [ -63.9784, -37.8293 ], [ -63.9909, -37.8236 ], [ -63.9947, -37.821 ], [ -63.9818, -37.8155 ], [ -64.0199, -37.7925 ], [ -64.0402, -37.7745 ] ] } },
{ "type": "Feature", "properties": { "nombre": "Camino sin nombre", "longitud_km": 6.9 }, "geometry": { "type": "LineString", "coordinates": [ [ -64.5783, -37.8163 ], [ -64.5, -37.8143 ] ] } },
{ "type": "Feature", "properties": { "nombre": "Camino sin nombre", "longitud_km": 2.43 }, "geometry": { "type": "LineString", "coordinates": [ [ -64.5783, -37.8163 ], [ -64.5782, -37.7944 ] ] } },
{ "type": "Feature", "properties": { "nombre": "Camino sin nombre", "longitud_km": 24.28 }, "geometry": { "type": "LineString", "coordinates": [ [ -66.3871, -37.6885 ], [ -66.3766, -37.6989 ], [ -66.3746, -37.743 ], [ -66.3157, -37.7516 ], [ -66.3133, -37.7785 ], [ -66.2844, -37.7818 ], [ -66.2046, -37.7774 ] ] } },
{ "type": "Feature", "properties": { "nombre": "Camino sin nombre", "longitud_km": 1.41 }, "geometry": { "type": "LineString", "coordinates": [ [ -64.5941, -37.8179 ], [ -64.5783, -37.8163 ] ] } },
{ "type": "Feature", "properties": { "nombre": "Camino sin nombre", "longitud_km": 2.75 }, "geometry": { "type": "LineString", "coordinates": [ [ -64.9886, -37.7903 ], [ -65.0011, -37.813 ] ] } },
{ "type": "Feature", "properties": { "nombre": "Camino sin nombre", "longitud_km": 1.29 }, "geometry": { "type": "LineString", "coordinates": [ [ -63.3858, -37.833 ], [ -63.3858, -37.8214 ] ] } },
{ "type": "Feature", "properties": { "nombre": "Camino sin nombre", "longitud_km": 10.03 }, "geometry": { "type": "LineString", "coordinates": [ [ -67.4593, -37.6594 ], [ -67.4627, -37.7498 ] ] } },
{ "type": "Feature", "properties": { "nombre": "Camino sin nombre", "longitud_km": 8.3 }, "geometry": { "type": "LineString", "coordinates": [ [ -65.6725, -37.7391 ], [ -65.6777, -37.7523 ], [ -65.7062, -37.7817 ], [ -65.71, -37.8053 ] ] } },
{ "type": "Feature", "properties": { "nombre": "Camino sin nombre", "longitud_km": 3.15 }, "geometry": { "type": "LineString", "coordinates": [ [ -65.7456, -37.8021 ], [ -65.71, -37.8053 ] ] } },
{ "type": "Feature", "properties": { "nombre": "Camino sin nombre", "longitud_km": 3.5 }, "geometry": { "type": "LineString", "coordinates": [ [ -64.6346, -37.7947 ], [ -64.6355, -37.8262 ] ] } },
{ "type": "Feature", "properties": { "nombre": "Camino sin nombre", "longitud_km": 1.9 }, "geometry": { "type": "LineString", "coordinates": [ [ -64.6568, -37.8241 ], [ -64.6355, -37.8262 ] ] } },
{ "type": "Feature", "properties": { "nombre": "Camino sin nombre", "longitud_km": 15.54 }, "geometry": { "type": "LineString", "coordinates": [ [ -67.4627, -37.7498 ], [ -67.4471, -37.7543 ], [ -67.338, -37.6617 ] ] } },
{ "type": "Feature", "properties": { "nombre": "Camino sin nombre", "longitud_km": 3.75 }, "geometry": { "type": "LineString", "coordinates": [ [ -64.6355, -37.8262 ], [ -64.5941, -37.8179 ] ] } },
{ "type": "Feature", "properties": { "nombre": "Camino sin nombre", "longitud_km": 3.97 }, "geometry": { "type": "LineString", "coordinates": [ [ -63.4995, -37.8193 ], [ -63.5229, -37.82 ], [ -63.5225, -37.8372 ] ] } },
{ "type": "Feature", "properties": { "nombre": "Camino sin nombre", "longitud_km": 1.98 }, "geometry": { "type": "LineString", "coordinates": [ [ -63.5225, -37.8372 ], [ -63.545, -37.8373 ] ] } },
{ "type": "Feature", "properties": { "nombre": "Camino sin nombre", "longitud_km": 4.04 }, "geometry": { "type": "LineString", "coordinates": [ [ -63.545, -37.8373 ], [ -63.5445, -37.801 ] ] } },
{ "type": "Feature", "properties": { "nombre": "Camino sin nombre", "longitud_km": 2.1 }, "geometry": { "type": "LineString", "coordinates": [ [ -63.545, -37.8373 ], [ -63.5688, -37.8374 ] ] } },
{ "type": "Feature", "properties": { "nombre": "Camino sin nombre", "longitud_km": 5.92 }, "geometry": { "type": "LineString", "coordinates": [ [ -63.6135, -37.8187 ], [ -63.569, -37.8194 ], [ -63.5688, -37.8374 ] ] } },
{ "type": "Feature", "properties": { "nombre": "Camino sin nombre", "longitud_km": 1.91 }, "geometry": { "type": "LineString", "coordinates": [ [ -63.5688, -37.8374 ], [ -63.5905, -37.8374 ] ] } },
{ "type": "Feature", "properties": { "nombre": "Camino sin nombre", "longitud_km": 2.03 }, "geometry": { "type": "LineString", "coordinates": [ [ -63.5905, -37.8374 ], [ -63.6136, -37.8374 ] ] } },
{ "type": "Feature", "properties": { "nombre": "Camino sin nombre", "longitud_km": 5.18 }, "geometry": { "type": "LineString", "coordinates": [ [ -65.1381, -37.8208 ], [ -65.1406, -37.7742 ] ] } },
{ "type": "Feature", "properties": { "nombre": "Camino sin nombre", "longitud_km": 4.97 }, "geometry": { "type": "LineString", "coordinates": [ [ -64.8623, -37.8371 ], [ -64.8611, -37.7923 ] ] } },
{ "type": "Feature", "properties": { "nombre": "Camino sin nombre", "longitud_km": 3.0 }, "geometry": { "type": "LineString", "coordinates": [ [ -65.7716, -37.8195 ], [ -65.7456, -37.8021 ] ] } },
{ "type": "Feature", "properties": { "nombre": "Camino sin nombre", "longitud_km": 9.34 }, "geometry": { "type": "LineString", "coordinates": [ [ -65.1406, -37.7742 ], [ -65.1676, -37.7776 ], [ -65.1685, -37.8153 ], [ -65.1381, -37.8208 ] ] } },
{ "type": "Feature", "properties": { "nombre": "Camino sin nombre", "longitud_km": 5.19 }, "geometry": { "type": "LineString", "coordinates": [ [ -65.7766, -37.7683 ], [ -65.7698, -37.7852 ], [ -65.7774, -37.8065 ], [ -65.7842, -37.8109 ] ] } },
{ "type": "Feature", "properties": { "nombre": "Camino sin nombre", "longitud_km": 1.46 }, "geometry": { "type": "LineString", "coordinates": [ [ -65.7716, -37.8195 ], [ -65.7842, -37.8109 ] ] } },
{ "type": "Feature", "properties": { "nombre": "Camino sin nombre", "longitud_km": 8.23 }, "geometry": { "type": "LineString", "coordinates": [ [ -64.7489, -37.8296 ], [ -64.6928, -37.8319 ], [ -64.6568, -37.8241 ] ] } },
{ "type": "Feature", "properties": { "nombre": "Camino sin nombre", "longitud_km": 8.5 }, "geometry": { "type": "LineString", "coordinates": [ [ -65.5422, -37.7799 ], [ -65.5126, -37.8007 ], [ -65.4602, -37.8186 ] ] } },
{ "type": "Feature", "properties": { "nombre": "Camino sin nombre", "longitud_km": 2.49 }, "geometry": { "type": "LineString", "coordinates": [ [ -63.6419, -37.8462 ], [ -63.6136, -37.8464 ] ] } },
{ "type": "Feature", "properties": { "nombre": "Camino sin nombre", "longitud_km": 9.96 }, "geometry": { "type": "LineString", "coordinates": [ [ -64.7491, -37.8387 ], [ -64.8623, -37.8371 ] ] } },
{ "type": "Feature", "properties": { "nombre": "Camino sin nombre", "longitud_km": 6.29 }, "geometry": { "type": "LineString", "coordinates": [ [ -64.8623, -37.8371 ], [ -64.9337, -37.8365 ] ] } },
{ "type": "Feature", "properties": { "nombre": "Camino sin nombre", "longitud_km": 5.12 }, "geometry": { "type": "LineString", "coordinates": [ [ -65.9197, -37.7722 ], [ -65.9106, -37.7888 ], [ -65.9166, -37.8164 ] ] } },
{ "type": "Feature", "properties": { "nombre": "Camino sin nombre", "longitud_km": 1.98 }, "geometry": { "type": "LineString", "coordinates": [ [ -63.5905, -37.8374 ], [ -63.5908, -37.8552 ] ] } },
{ "type": "Feature", "properties": { "nombre": "Camino sin nombre", "longitud_km": 11.97 }, "geometry": { "type": "LineString", "coordinates": [ [ -65.7842, -37.8109 ], [ -65.8332, -37.8187 ], [ -65.858, -37.8105 ], [ -65.9166, -37.8164 ] ] } },
{ "type": "Feature", "properties": { "nombre": "Camino sin nombre", "longitud_km": 7.18 }, "geometry": { "type": "LineString", "coordinates": [ [ -64.9337, -37.8365 ], [ -64.9725, -37.8369 ], [ -64.9897, -37.8285 ], [ -65.0011, -37.813 ] ] } },
{ "type": "Feature", "properties": { "nombre": "Camino sin nombre", "longitud_km": 3.98 }, "geometry": { "type": "LineString", "coordinates": [ [ -63.4998, -37.8552 ], [ -63.4995, -37.8193 ] ] } },
{ "type": "Feature", "properties": { "nombre": "Camino sin nombre", "longitud_km": 2.0 }, "geometry": { "type": "LineString", "coordinates": [ [ -63.4998, -37.8552 ], [ -63.5226, -37.8554 ] ] } },
{ "type": "Feature", "properties": { "nombre": "Camino sin nombre", "longitud_km": 2.01 }, "geometry": { "type": "LineString", "coordinates": [ [ -63.5225, -37.8372 ], [ -63.5226, -37.8554 ] ] } },
{ "type": "Feature", "properties": { "nombre": "Camino sin nombre", "longitud_km": 2.0 }, "geometry": { "type": "LineString", "coordinates": [ [ -63.5226, -37.8554 ], [ -63.5453, -37.8554 ] ] } },
{ "type": "Feature", "properties": { "nombre": "Camino sin nombre", "longitud_km": 2.0 }, "geometry": { "type": "LineString", "coordinates": [ [ -63.5453, -37.8554 ], [ -63.545, -37.8373 ] ] } },
{ "type": "Feature", "properties": { "nombre": "Camino sin nombre", "longitud_km": 2.07 }, "geometry": { "type": "LineString", "coordinates": [ [ -63.5453, -37.8554 ], [ -63.5688, -37.8553 ] ] } },
{ "type": "Feature", "properties": { "nombre": "Camino sin nombre", "longitud_km": 1.99 }, "geometry": { "type": "LineString", "coordinates": [ [ -63.5688, -37.8374 ], [ -63.5688, -37.8553 ] ] } },
{ "type": "Feature", "properties": { "nombre": "Camino sin nombre", "longitud_km": 1.94 }, "geometry": { "type": "LineString", "coordinates": [ [ -63.5688, -37.8553 ], [ -63.5908, -37.8552 ] ] } },
{ "type": "Feature", "properties": { "nombre": "Camino sin nombre", "longitud_km": 2.01 }, "geometry": { "type": "LineString", "coordinates": [ [ -63.5908, -37.8552 ], [ -63.6137, -37.8552 ] ] } },
{ "type": "Feature", "properties": { "nombre": "Camino sin nombre", "longitud_km": 2.94 }, "geometry": { "type": "LineString", "coordinates": [ [ -63.3858, -37.8595 ], [ -63.3858, -37.833 ] ] } },
{ "type": "Feature", "properties": { "nombre": "Camino sin nombre", "longitud_km": 6.72 }, "geometry": { "type": "LineString", "coordinates": [ [ -65.3769, -37.7832 ], [ -65.3722, -37.7874 ], [ -65.3726, -37.8068 ], [ -65.3635, -37.8211 ], [ -65.3739, -37.8388 ] ] } },
{ "type": "Feature", "properties": { "nombre": "Camino sin nombre", "longitud_km": 4.36 }, "geometry": { "type": "LineString", "coordinates": [ [ -65.3739, -37.8388 ], [ -65.3738, -37.8356 ], [ -65.4188, -37.83 ] ] } },
{ "type": "Feature", "properties": { "nombre": "Camino sin nombre", "longitud_km": 14.55 }, "geometry": { "type": "LineString", "coordinates": [ [ -65.9166, -37.8164 ], [ -65.933, -37.8241 ], [ -65.9738, -37.8252 ], [ -65.9689, -37.8156 ], [ -65.9714, -37.7937 ], [ -65.9648, -37.7839 ], [ -65.9496, -37.7729 ], [ -65.9197, -37.7722 ] ] } },
{ "type": "Feature", "properties": { "nombre": "Camino sin nombre", "longitud_km": 1.01 }, "geometry": { "type": "LineString", "coordinates": [ [ -63.3783, -37.8665 ], [ -63.3858, -37.8595 ] ] } },
{ "type": "Feature", "properties": { "nombre": "Camino sin nombre", "longitud_km": 1.72 }, "geometry": { "type": "LineString", "coordinates": [ [ -67.4642, -37.79 ], [ -67.4836, -37.788 ] ] } },
{ "type": "Feature", "properties": { "nombre": "Camino sin nombre", "longitud_km": 1.98 }, "geometry": { "type": "LineString", "coordinates": [ [ -63.591, -37.8733 ], [ -63.5685, -37.8733 ] ] } },
{ "type": "Feature", "properties": { "nombre": "Camino sin nombre", "longitud_km": 14.32 }, "geometry": { "type": "LineString", "coordinates": [ [ -65.2325, -37.7271 ], [ -65.2434, -37.7532 ], [ -65.241, -37.7659 ], [ -65.2613, -37.7881 ], [ -65.2673, -37.8491 ] ] } },
{ "type": "Feature", "properties": { "nombre": "Camino sin nombre", "longitud_km": 2.02 }, "geometry": { "type": "LineString", "coordinates": [ [ -63.6138, -37.9095 ], [ -63.5909, -37.9092 ] ] } },
{ "type": "Feature", "properties": { "nombre": "Camino sin nombre", "longitud_km": 4.5 }, "geometry": { "type": "LineString", "coordinates": [ [ -65.4356, -37.8491 ], [ -65.449, -37.8469 ], [ -65.4602, -37.8186 ] ] } },
{ "type": "Feature", "properties": { "nombre": "Camino sin nombre", "longitud_km": 1.97 }, "geometry": { "type": "LineString", "coordinates": [ [ -63.5455, -37.8731 ], [ -63.5453, -37.8554 ] ] } },
{ "type": "Feature", "properties": { "nombre": "Camino sin nombre", "longitud_km": 1.98 }, "geometry": { "type": "LineString", "coordinates": [ [ -63.5226, -37.8554 ], [ -63.5227, -37.8733 ] ] } },
{ "type": "Feature", "properties": { "nombre": "Camino sin nombre", "longitud_km": 2.01 }, "geometry": { "type": "LineString", "coordinates": [ [ -63.5455, -37.8731 ], [ -63.5227, -37.8733 ] ] } },
{ "type": "Feature", "properties": { "nombre": "Camino sin nombre", "longitud_km": 2.03 }, "geometry": { "type": "LineString", "coordinates": [ [ -63.4998, -37.8734 ], [ -63.4998, -37.8552 ] ] } },
{ "type": "Feature", "properties": { "nombre": "Camino sin nombre", "longitud_km": 2.01 }, "geometry": { "type": "LineString", "coordinates": [ [ -63.5227, -37.8733 ], [ -63.4998, -37.8734 ] ] } },
{ "type": "Feature", "properties": { "nombre": "Camino sin nombre", "longitud_km": 2.02 }, "geometry": { "type": "LineString", "coordinates": [ [ -63.5685, -37.8733 ], [ -63.5455, -37.8731 ] ] } },
{ "type": "Feature", "properties": { "nombre": "Camino sin nombre", "longitud_km": 2.0 }, "geometry": { "type": "LineString", "coordinates": [ [ -63.5688, -37.8553 ], [ -63.5685, -37.8733 ] ] } },
{ "type": "Feature", "properties": { "nombre": "Camino sin nombre", "longitud_km": 4.47 }, "geometry": { "type": "LineString", "coordinates": [ [ -67.4627, -37.7498 ], [ -67.4642, -37.79 ] ] } },
{ "type": "Feature", "properties": { "nombre": "Camino sin nombre", "longitud_km": 2.01 }, "geometry": { "type": "LineString", "coordinates": [ [ -63.5908, -37.8552 ], [ -63.591, -37.8733 ] ] } },
{ "type": "Feature", "properties": { "nombre": "Camino sin nombre", "longitud_km": 2.02 }, "geometry": { "type": "LineString", "coordinates": [ [ -63.6139, -37.8733 ], [ -63.591, -37.8733 ] ] } },
{ "type": "Feature", "properties": { "nombre": "Camino sin nombre", "longitud_km": 1.12 }, "geometry": { "type": "LineString", "coordinates": [ [ -67.658, -37.7852 ], [ -67.6453, -37.7861 ] ] } },
{ "type": "Feature", "properties": { "nombre": "Camino sin nombre", "longitud_km": 0.84 }, "geometry": { "type": "LineString", "coordinates": [ [ -66.5913, -37.8262 ], [ -66.598, -37.8316 ] ] } },
{ "type": "Feature", "properties": { "nombre": "Camino sin nombre", "longitud_km": 2.98 }, "geometry": { "type": "LineString", "coordinates": [ [ -63.3858, -37.8864 ], [ -63.3858, -37.8595 ] ] } },
{ "type": "Feature", "properties": { "nombre": "Camino sin nombre", "longitud_km": 11.44 }, "geometry": { "type": "LineString", "coordinates": [ [ -66.5904, -37.725 ], [ -66.596, -37.7403 ], [ -66.5991, -37.7856 ], [ -66.5984, -37.8138 ], [ -66.5913, -37.8262 ] ] } },
{ "type": "Feature", "properties": { "nombre": "Camino sin nombre", "longitud_km": 9.83 }, "geometry": { "type": "LineString", "coordinates": [ [ -66.5913, -37.8262 ], [ -66.5531, -37.8201 ], [ -66.5416, -37.8277 ], [ -66.4846, -37.8349 ] ] } },
{ "type": "Feature", "properties": { "nombre": "Camino sin nombre", "longitud_km": 28.1 }, "geometry": { "type": "LineString", "coordinates": [ [ -67.4297, -37.8045 ], [ -67.2748, -37.8078 ], [ -67.1108, -37.8032 ] ] } },
{ "type": "Feature", "properties": { "nombre": "Camino sin nombre", "longitud_km": 4.6 }, "geometry": { "type": "LineString", "coordinates": [ [ -67.4642, -37.79 ], [ -67.4648, -37.8037 ], [ -67.4297, -37.8045 ] ] } },
{ "type": "Feature", "properties": { "nombre": "Camino sin nombre", "longitud_km": 5.49 }, "geometry": { "type": "LineString", "coordinates": [ [ -66.6561, -37.8246 ], [ -66.6446, -37.833 ], [ -66.598, -37.8316 ] ] } },
{ "type": "Feature", "properties": { "nombre": "Camino sin nombre", "longitud_km": 6.85 }, "geometry": { "type": "LineString", "coordinates": [ [ -63.9337, -37.8905 ], [ -64.0116, -37.8897 ] ] } },
{ "type": "Feature", "properties": { "nombre": "Camino sin nombre", "longitud_km": 3.35 }, "geometry": { "type": "LineString", "coordinates": [ [ -63.8956, -37.8907 ], [ -63.9337, -37.8905 ] ] } },
{ "type": "Feature", "properties": { "nombre": "Camino sin nombre", "longitud_km": 0.59 }, "geometry": { "type": "LineString", "coordinates": [ [ -63.3859, -37.8917 ], [ -63.3858, -37.8864 ] ] } },
{ "type": "Feature", "properties": { "nombre": "Camino sin nombre", "longitud_km": 2.0 }, "geometry": { "type": "LineString", "coordinates": [ [ -63.5227, -37.8733 ], [ -63.5227, -37.8913 ] ] } },
{ "type": "Feature", "properties": { "nombre": "Camino sin nombre", "longitud_km": 0.9 }, "geometry": { "type": "LineString", "coordinates": [ [ -63.3782, -37.8918 ], [ -63.3858, -37.8864 ] ] } },
{ "type": "Feature", "properties": { "nombre": "Camino sin nombre", "longitud_km": 2.01 }, "geometry": { "type": "LineString", "coordinates": [ [ -63.4997, -37.8915 ], [ -63.4998, -37.8734 ] ] } },
{ "type": "Feature", "properties": { "nombre": "Camino sin nombre", "longitud_km": 2.03 }, "geometry": { "type": "LineString", "coordinates": [ [ -63.4997, -37.8915 ], [ -63.5227, -37.8913 ] ] } },
{ "type": "Feature", "properties": { "nombre": "Camino sin nombre", "longitud_km": 3.99 }, "geometry": { "type": "LineString", "coordinates": [ [ -63.5227, -37.8913 ], [ -63.5681, -37.8913 ] ] } },
{ "type": "Feature", "properties": { "nombre": "Camino sin nombre", "longitud_km": 2.0 }, "geometry": { "type": "LineString", "coordinates": [ [ -63.5685, -37.8733 ], [ -63.5681, -37.8913 ] ] } },
{ "type": "Feature", "properties": { "nombre": "Camino sin nombre", "longitud_km": 10.01 }, "geometry": { "type": "LineString", "coordinates": [ [ -63.4997, -37.8915 ], [ -63.3859, -37.8917 ] ] } },
{ "type": "Feature", "properties": { "nombre": "Camino sin nombre", "longitud_km": 2.01 }, "geometry": { "type": "LineString", "coordinates": [ [ -63.5681, -37.8913 ], [ -63.5909, -37.8913 ] ] } },
{ "type": "Feature", "properties": { "nombre": "Camino sin nombre", "longitud_km": 1.99 }, "geometry": { "type": "LineString", "coordinates": [ [ -63.591, -37.8733 ], [ -63.5909, -37.8913 ] ] } },
{ "type": "Feature", "properties": { "nombre": "Camino sin nombre", "longitud_km": 2.02 }, "geometry": { "type": "LineString", "coordinates": [ [ -63.5909, -37.8913 ], [ -63.6139, -37.8912 ] ] } },
{ "type": "Feature", "properties": { "nombre": "Camino sin nombre", "longitud_km": 2.47 }, "geometry": { "type": "LineString", "coordinates": [ [ -63.6139, -37.8912 ], [ -63.642, -37.8913 ] ] } },
{ "type": "Feature", "properties": { "nombre": "Camino sin nombre", "longitud_km": 5.0 }, "geometry": { "type": "LineString", "coordinates": [ [ -63.642, -37.8913 ], [ -63.6419, -37.8462 ] ] } },
{ "type": "Feature", "properties": { "nombre": "Camino sin nombre", "longitud_km": 2.11 }, "geometry": { "type": "LineString", "coordinates": [ [ -63.642, -37.8913 ], [ -63.666, -37.8913 ] ] } },
{ "type": "Feature", "properties": { "nombre": "Camino sin nombre", "longitud_km": 0.35 }, "geometry": { "type": "LineString", "coordinates": [ [ -63.666, -37.8913 ], [ -63.67, -37.8913 ] ] } },
{ "type": "Feature", "properties": { "nombre": "Camino sin nombre", "longitud_km": 7.52 }, "geometry": { "type": "LineString", "coordinates": [ [ -63.67, -37.8913 ], [ -63.6704, -37.846 ], [ -63.6419, -37.8462 ] ] } },
{ "type": "Feature", "properties": { "nombre": "Camino sin nombre", "longitud_km": 5.96 }, "geometry": { "type": "LineString", "coordinates": [ [ -63.7277, -37.8912 ], [ -63.7275, -37.8522 ], [ -63.746, -37.8526 ] ] } },
{ "type": "Feature", "properties": { "nombre": "Camino sin nombre", "longitud_km": 5.08 }, "geometry": { "type": "LineString", "coordinates": [ [ -63.67, -37.8913 ], [ -63.7277, -37.8912 ] ] } },
{ "type": "Feature", "properties": { "nombre": "Camino sin nombre", "longitud_km": 1.35 }, "geometry": { "type": "LineString", "coordinates": [ [ -63.7281, -37.8912 ], [ -63.7434, -37.8913 ] ] } },
{ "type": "Feature", "properties": { "nombre": "Camino sin nombre", "longitud_km": 8.55 }, "geometry": { "type": "LineString", "coordinates": [ [ -63.7434, -37.8913 ], [ -63.8407, -37.8909 ] ] } },
{ "type": "Feature", "properties": { "nombre": "Camino sin nombre", "longitud_km": 1.48 }, "geometry": { "type": "LineString", "coordinates": [ [ -63.8407, -37.8909 ], [ -63.8575, -37.8909 ] ] } },
{ "type": "Feature", "properties": { "nombre": "Camino sin nombre", "longitud_km": 4.95 }, "geometry": { "type": "LineString", "coordinates": [ [ -64.0116, -37.8897 ], [ -64.0679, -37.8891 ] ] } },
{ "type": "Feature", "properties": { "nombre": "Camino sin nombre", "longitud_km": 3.35 }, "geometry": { "type": "LineString", "coordinates": [ [ -63.8575, -37.8909 ], [ -63.8956, -37.8907 ] ] } },
{ "type": "Feature", "properties": { "nombre": "Camino sin nombre", "longitud_km": 4.84 }, "geometry": { "type": "LineString", "coordinates": [ [ -64.8623, -37.8371 ], [ -64.8632, -37.8806 ] ] } },
{ "type": "Feature", "properties": { "nombre": "Camino sin nombre", "longitud_km": 9.85 }, "geometry": { "type": "LineString", "coordinates": [ [ -64.8632, -37.8806 ], [ -64.8873, -37.8746 ], [ -64.899, -37.8574 ], [ -64.9367, -37.8555 ], [ -64.9337, -37.8365 ] ] } },
{ "type": "Feature", "properties": { "nombre": "Camino sin nombre", "longitud_km": 12.24 }, "geometry": { "type": "LineString", "coordinates": [ [ -65.0011, -37.813 ], [ -65.0057, -37.834 ], [ -65.0392, -37.8708 ], [ -65.0518, -37.8793 ], [ -65.0903, -37.8786 ] ] } },
{ "type": "Feature", "properties": { "nombre": "Camino sin nombre", "longitud_km": 10.0 }, "geometry": { "type": "LineString", "coordinates": [ [ -65.0903, -37.8786 ], [ -65.0886, -37.7885 ] ] } },
{ "type": "Feature", "properties": { "nombre": "Camino sin nombre", "longitud_km": 3.95 }, "geometry": { "type": "LineString", "coordinates": [ [ -65.1352, -37.8779 ], [ -65.0903, -37.8786 ] ] } },
{ "type": "Feature", "properties": { "nombre": "Camino sin nombre", "longitud_km": 6.34 }, "geometry": { "type": "LineString", "coordinates": [ [ -65.1352, -37.8779 ], [ -65.1381, -37.8208 ] ] } },
{ "type": "Feature", "properties": { "nombre": "Camino sin nombre", "longitud_km": 0.85 }, "geometry": { "type": "LineString", "coordinates": [ [ -65.145, -37.8777 ], [ -65.1352, -37.8779 ] ] } },
{ "type": "Feature", "properties": { "nombre": "Camino sin nombre", "longitud_km": 5.02 }, "geometry": { "type": "LineString", "coordinates": [ [ -65.2019, -37.8767 ], [ -65.145, -37.8777 ] ] } },
{ "type": "Feature", "properties": { "nombre": "Camino sin nombre", "longitud_km": 6.68 }, "geometry": { "type": "LineString", "coordinates": [ [ -65.2673, -37.8491 ], [ -65.2322, -37.8565 ], [ -65.2019, -37.8767 ] ] } },
{ "type": "Feature", "properties": { "nombre": "Camino sin nombre", "longitud_km": 7.7 }, "geometry": { "type": "LineString", "coordinates": [ [ -65.2895, -37.8751 ], [ -65.2019, -37.8767 ] ] } },
{ "type": "Feature", "properties": { "nombre": "Camino sin nombre", "longitud_km": 2.26 }, "geometry": { "type": "LineString", "coordinates": [ [ -65.3152, -37.8747 ], [ -65.2895, -37.8751 ] ] } },
{ "type": "Feature", "properties": { "nombre": "Camino sin nombre", "longitud_km": 5.74 }, "geometry": { "type": "LineString", "coordinates": [ [ -65.2673, -37.8491 ], [ -65.2667, -37.8595 ], [ -65.3152, -37.8747 ] ] } },
{ "type": "Feature", "properties": { "nombre": "Camino sin nombre", "longitud_km": 0.29 }, "geometry": { "type": "LineString", "coordinates": [ [ -65.3185, -37.8746 ], [ -65.3152, -37.8747 ] ] } },
{ "type": "Feature", "properties": { "nombre": "Camino sin nombre", "longitud_km": 5.0 }, "geometry": { "type": "LineString", "coordinates": [ [ -65.3753, -37.8735 ], [ -65.3185, -37.8746 ] ] } },
{ "type": "Feature", "properties": { "nombre": "Camino sin nombre", "longitud_km": 3.86 }, "geometry": { "type": "LineString", "coordinates": [ [ -65.3753, -37.8735 ], [ -65.3739, -37.8388 ] ] } },
{ "type": "Feature", "properties": { "nombre": "Camino sin nombre", "longitud_km": 0.26 }, "geometry": { "type": "LineString", "coordinates": [ [ -63.8496, -37.8958 ], [ -63.8476, -37.894 ] ] } },
{ "type": "Feature", "properties": { "nombre": "Camino sin nombre", "longitud_km": 0.88 }, "geometry": { "type": "LineString", "coordinates": [ [ -63.8496, -37.8958 ], [ -63.8575, -37.8909 ] ] } },
{ "type": "Feature", "properties": { "nombre": "Camino sin nombre", "longitud_km": 13.93 }, "geometry": { "type": "LineString", "coordinates": [ [ -65.6592, -37.8696 ], [ -65.6564, -37.7441 ] ] } },
{ "type": "Feature", "properties": { "nombre": "Camino sin nombre", "longitud_km": 8.9 }, "geometry": { "type": "LineString", "coordinates": [ [ -65.71, -37.8053 ], [ -65.7061, -37.8199 ], [ -65.6946, -37.8343 ], [ -65.6916, -37.8501 ], [ -65.6592, -37.8696 ] ] } },
{ "type": "Feature", "properties": { "nombre": "Camino sin nombre", "longitud_km": 7.51 }, "geometry": { "type": "LineString", "coordinates": [ [ -65.8313, -37.8678 ], [ -65.7716, -37.8195 ] ] } },
{ "type": "Feature", "properties": { "nombre": "Camino sin nombre", "longitud_km": 8.33 }, "geometry": { "type": "LineString", "coordinates": [ [ -64.579, -37.8914 ], [ -64.5783, -37.8163 ] ] } },
{ "type": "Feature", "properties": { "nombre": "Camino sin nombre", "longitud_km": 9.59 }, "geometry": { "type": "LineString", "coordinates": [ [ -64.5941, -37.8179 ], [ -64.6107, -37.8638 ], [ -64.5999, -37.8809 ], [ -64.579, -37.8914 ] ] } },
{ "type": "Feature", "properties": { "nombre": "Camino sin nombre", "longitud_km": 2.4 }, "geometry": { "type": "LineString", "coordinates": [ [ -67.4254, -37.8259 ], [ -67.4297, -37.8045 ] ] } },
{ "type": "Feature", "properties": { "nombre": "Camino sin nombre", "longitud_km": 1.96 }, "geometry": { "type": "LineString", "coordinates": [ [ -63.5681, -37.8913 ], [ -63.5686, -37.909 ] ] } },
{ "type": "Feature", "properties": { "nombre": "Camino sin nombre", "longitud_km": 1.96 }, "geometry": { "type": "LineString", "coordinates": [ [ -63.5909, -37.9092 ], [ -63.5686, -37.909 ] ] } },
{ "type": "Feature", "properties": { "nombre": "Camino sin nombre", "longitud_km": 1.99 }, "geometry": { "type": "LineString", "coordinates": [ [ -63.5909, -37.8913 ], [ -63.5909, -37.9092 ] ] } },
{ "type": "Feature", "properties": { "nombre": "Camino sin nombre", "longitud_km": 0.25 }, "geometry": { "type": "LineString", "coordinates": [ [ -63.7458, -37.9086 ], [ -63.7431, -37.9078 ] ] } },
{ "type": "Feature", "properties": { "nombre": "Camino sin nombre", "longitud_km": 3.07 }, "geometry": { "type": "LineString", "coordinates": [ [ -63.7807, -37.9088 ], [ -63.7458, -37.9086 ] ] } },
{ "type": "Feature", "properties": { "nombre": "Camino sin nombre", "longitud_km": 2.4 }, "geometry": { "type": "LineString", "coordinates": [ [ -63.8406, -37.9013 ], [ -63.8279, -37.9084 ], [ -63.8161, -37.9088 ] ] } },
{ "type": "Feature", "properties": { "nombre": "Camino sin nombre", "longitud_km": 3.12 }, "geometry": { "type": "LineString", "coordinates": [ [ -63.8161, -37.9088 ], [ -63.7807, -37.9088 ] ] } },
{ "type": "Feature", "properties": { "nombre": "Camino sin nombre", "longitud_km": 2.21 }, "geometry": { "type": "LineString", "coordinates": [ [ -63.386, -37.9116 ], [ -63.3859, -37.8917 ] ] } },
{ "type": "Feature", "properties": { "nombre": "Camino sin nombre", "longitud_km": 9.16 }, "geometry": { "type": "LineString", "coordinates": [ [ -64.6465, -37.9019 ], [ -64.649, -37.8847 ], [ -64.6577, -37.8778 ], [ -64.65, -37.8491 ], [ -64.6556, -37.84 ], [ -64.6568, -37.8241 ] ] } },
{ "type": "Feature", "properties": { "nombre": "Camino sin nombre", "longitud_km": 2.82 }, "geometry": { "type": "LineString", "coordinates": [ [ -65.6592, -37.8696 ], [ -65.6343, -37.8856 ] ] } },
{ "type": "Feature", "properties": { "nombre": "Camino sin nombre", "longitud_km": 0.92 }, "geometry": { "type": "LineString", "coordinates": [ [ -63.3786, -37.9175 ], [ -63.386, -37.9116 ] ] } },
{ "type": "Feature", "properties": { "nombre": "Camino sin nombre", "longitud_km": 4.99 }, "geometry": { "type": "LineString", "coordinates": [ [ -64.0116, -37.8897 ], [ -64.0111, -37.9347 ] ] } },
{ "type": "Feature", "properties": { "nombre": "Camino sin nombre", "longitud_km": 3.35 }, "geometry": { "type": "LineString", "coordinates": [ [ -63.7095, -37.9187 ], [ -63.7271, -37.9081 ], [ -63.7431, -37.9078 ] ] } },
{ "type": "Feature", "properties": { "nombre": "Camino sin nombre", "longitud_km": 10.55 }, "geometry": { "type": "LineString", "coordinates": [ [ -66.4846, -37.8349 ], [ -66.4005, -37.8485 ], [ -66.384, -37.8722 ] ] } },
{ "type": "Feature", "properties": { "nombre": "Camino sin nombre", "longitud_km": 3.21 }, "geometry": { "type": "LineString", "coordinates": [ [ -63.666, -37.8913 ], [ -63.6667, -37.9202 ] ] } },
{ "type": "Feature", "properties": { "nombre": "Camino sin nombre", "longitud_km": 4.66 }, "geometry": { "type": "LineString", "coordinates": [ [ -63.6667, -37.9202 ], [ -63.6138, -37.9215 ] ] } },
{ "type": "Feature", "properties": { "nombre": "Camino sin nombre", "longitud_km": 8.82 }, "geometry": { "type": "LineString", "coordinates": [ [ -63.8406, -37.9013 ], [ -63.8414, -37.9808 ] ] } },
{ "type": "Feature", "properties": { "nombre": "Camino sin nombre", "longitud_km": 3.4 }, "geometry": { "type": "LineString", "coordinates": [ [ -63.8958, -37.9213 ], [ -63.8956, -37.8907 ] ] } },
{ "type": "Feature", "properties": { "nombre": "Camino sin nombre", "longitud_km": 4.33 }, "geometry": { "type": "LineString", "coordinates": [ [ -66.4846, -37.8349 ], [ -66.4839, -37.8739 ] ] } },
{ "type": "Feature", "properties": { "nombre": "Camino sin nombre", "longitud_km": 0.51 }, "geometry": { "type": "LineString", "coordinates": [ [ -63.6667, -37.9202 ], [ -63.6667, -37.9248 ] ] } },
{ "type": "Feature", "properties": { "nombre": "Camino sin nombre", "longitud_km": 2.03 }, "geometry": { "type": "LineString", "coordinates": [ [ -63.5686, -37.909 ], [ -63.569, -37.9273 ] ] } },
{ "type": "Feature", "properties": { "nombre": "Camino sin nombre", "longitud_km": 1.92 }, "geometry": { "type": "LineString", "coordinates": [ [ -63.5909, -37.9273 ], [ -63.569, -37.9273 ] ] } },
{ "type": "Feature", "properties": { "nombre": "Camino sin nombre", "longitud_km": 2.0 }, "geometry": { "type": "LineString", "coordinates": [ [ -63.5909, -37.9092 ], [ -63.5909, -37.9273 ] ] } },
{ "type": "Feature", "properties": { "nombre": "Camino sin nombre", "longitud_km": 2.01 }, "geometry": { "type": "LineString", "coordinates": [ [ -63.6137, -37.9272 ], [ -63.5909, -37.9273 ] ] } },
{ "type": "Feature", "properties": { "nombre": "Camino sin nombre", "longitud_km": 13.51 }, "geometry": { "type": "LineString", "coordinates": [ [ -65.6343, -37.8856 ], [ -65.5444, -37.8886 ], [ -65.4834, -37.9028 ] ] } },
{ "type": "Feature", "properties": { "nombre": "Camino sin nombre", "longitud_km": 4.87 }, "geometry": { "type": "LineString", "coordinates": [ [ -66.598, -37.8316 ], [ -66.5969, -37.8755 ] ] } },
{ "type": "Feature", "properties": { "nombre": "Camino sin nombre", "longitud_km": 3.92 }, "geometry": { "type": "LineString", "coordinates": [ [ -65.2895, -37.8751 ], [ -65.2829, -37.9101 ] ] } },
{ "type": "Feature", "properties": { "nombre": "Camino sin nombre", "longitud_km": 5.28 }, "geometry": { "type": "LineString", "coordinates": [ [ -63.7794, -37.9359 ], [ -63.7557, -37.9363 ], [ -63.7458, -37.9086 ] ] } },
{ "type": "Feature", "properties": { "nombre": "Camino sin nombre", "longitud_km": 3.73 }, "geometry": { "type": "LineString", "coordinates": [ [ -64.5796, -37.925 ], [ -64.579, -37.8914 ] ] } },
{ "type": "Feature", "properties": { "nombre": "Camino sin nombre", "longitud_km": 2.76 }, "geometry": { "type": "LineString", "coordinates": [ [ -63.386, -37.9365 ], [ -63.386, -37.9116 ] ] } },
{ "type": "Feature", "properties": { "nombre": "Camino sin nombre", "longitud_km": 4.96 }, "geometry": { "type": "LineString", "coordinates": [ [ -63.4996, -37.9363 ], [ -63.4997, -37.8915 ] ] } },
{ "type": "Feature", "properties": { "nombre": "Camino sin nombre", "longitud_km": 2.96 }, "geometry": { "type": "LineString", "coordinates": [ [ -63.8161, -37.9088 ], [ -63.8156, -37.9354 ] ] } },
{ "type": "Feature", "properties": { "nombre": "Camino sin nombre", "longitud_km": 7.1 }, "geometry": { "type": "LineString", "coordinates": [ [ -63.569, -37.9273 ], [ -63.5565, -37.9275 ], [ -63.5565, -37.9365 ], [ -63.4996, -37.9363 ] ] } },
{ "type": "Feature", "properties": { "nombre": "Camino sin nombre", "longitud_km": 5.47 }, "geometry": { "type": "LineString", "coordinates": [ [ -63.8209, -37.9809 ], [ -63.8203, -37.9353 ], [ -63.8156, -37.9354 ] ] } },
{ "type": "Feature", "properties": { "nombre": "Camino sin nombre", "longitud_km": 3.01 }, "geometry": { "type": "LineString", "coordinates": [ [ -63.7807, -37.9088 ], [ -63.7794, -37.9359 ] ] } },
{ "type": "Feature", "properties": { "nombre": "Camino sin nombre", "longitud_km": 3.18 }, "geometry": { "type": "LineString", "coordinates": [ [ -63.8156, -37.9354 ], [ -63.7794, -37.9359 ] ] } },
{ "type": "Feature", "properties": { "nombre": "Camino sin nombre", "longitud_km": 5.0 }, "geometry": { "type": "LineString", "coordinates": [ [ -63.9337, -37.8905 ], [ -63.9337, -37.9355 ] ] } },
{ "type": "Feature", "properties": { "nombre": "Camino sin nombre", "longitud_km": 0.92 }, "geometry": { "type": "LineString", "coordinates": [ [ -63.3785, -37.9423 ], [ -63.386, -37.9365 ] ] } },
{ "type": "Feature", "properties": { "nombre": "Camino sin nombre", "longitud_km": 2.71 }, "geometry": { "type": "LineString", "coordinates": [ [ -66.794, -37.8545 ], [ -66.7933, -37.879 ] ] } },
{ "type": "Feature", "properties": { "nombre": "Camino sin nombre", "longitud_km": 9.0 }, "geometry": { "type": "LineString", "coordinates": [ [ -64.5798, -37.9305 ], [ -64.5239, -37.8869 ], [ -64.5, -37.8863 ] ] } },
{ "type": "Feature", "properties": { "nombre": "Camino sin nombre", "longitud_km": 0.61 }, "geometry": { "type": "LineString", "coordinates": [ [ -64.5798, -37.9305 ], [ -64.5796, -37.925 ] ] } },
{ "type": "Feature", "properties": { "nombre": "Camino sin nombre", "longitud_km": 2.13 }, "geometry": { "type": "LineString", "coordinates": [ [ -65.2829, -37.9101 ], [ -65.2626, -37.9204 ] ] } },
{ "type": "Feature", "properties": { "nombre": "Camino sin nombre", "longitud_km": 3.69 }, "geometry": { "type": "LineString", "coordinates": [ [ -65.3197, -37.9194 ], [ -65.3037, -37.9219 ], [ -65.2829, -37.9101 ] ] } },
{ "type": "Feature", "properties": { "nombre": "Camino sin nombre", "longitud_km": 0.97 }, "geometry": { "type": "LineString", "coordinates": [ [ -66.7933, -37.879 ], [ -66.7927, -37.8877 ] ] } },
{ "type": "Feature", "properties": { "nombre": "Camino sin nombre", "longitud_km": 4.47 }, "geometry": { "type": "LineString", "coordinates": [ [ -66.3666, -37.9038 ], [ -66.367, -37.8987 ], [ -66.3392, -37.8712 ] ] } },
{ "type": "Feature", "properties": { "nombre": "Camino sin nombre", "longitud_km": 9.44 }, "geometry": { "type": "LineString", "coordinates": [ [ -64.7366, -37.9403 ], [ -64.6876, -37.9211 ], [ -64.6698, -37.9026 ], [ -64.6465, -37.9019 ] ] } },
{ "type": "Feature", "properties": { "nombre": "Camino sin nombre", "longitud_km": 1.38 }, "geometry": { "type": "LineString", "coordinates": [ [ -64.7495, -37.9331 ], [ -64.7366, -37.9403 ] ] } },
{ "type": "Feature", "properties": { "nombre": "Camino sin nombre", "longitud_km": 0.56 }, "geometry": { "type": "LineString", "coordinates": [ [ -66.3666, -37.9038 ], [ -66.3619, -37.9072 ] ] } },
{ "type": "Feature", "properties": { "nombre": "Camino sin nombre", "longitud_km": 3.74 }, "geometry": { "type": "LineString", "coordinates": [ [ -66.5943, -37.8755 ], [ -66.5832, -37.8895 ], [ -66.5841, -37.9066 ] ] } },
{ "type": "Feature", "properties": { "nombre": "Camino sin nombre", "longitud_km": 3.8 }, "geometry": { "type": "LineString", "coordinates": [ [ -64.0683, -37.957 ], [ -64.1115, -37.9565 ] ] } },
{ "type": "Feature", "properties": { "nombre": "Camino sin nombre", "longitud_km": 9.61 }, "geometry": { "type": "LineString", "coordinates": [ [ -65.2055, -37.9415 ], [ -65.1823, -37.926 ], [ -65.175, -37.9156 ], [ -65.1498, -37.9059 ], [ -65.145, -37.8777 ] ] } },
{ "type": "Feature", "properties": { "nombre": "Camino sin nombre", "longitud_km": 5.54 }, "geometry": { "type": "LineString", "coordinates": [ [ -65.2626, -37.9204 ], [ -65.2055, -37.9415 ] ] } },
{ "type": "Feature", "properties": { "nombre": "Camino sin nombre", "longitud_km": 0.02 }, "geometry": { "type": "LineString", "coordinates": [ [ -65.2055, -37.9415 ], [ -65.2054, -37.9416 ] ] } },
{ "type": "Feature", "properties": { "nombre": "Camino sin nombre", "longitud_km": 8.76 }, "geometry": { "type": "LineString", "coordinates": [ [ -65.7054, -37.9317 ], [ -65.6679, -37.8889 ], [ -65.6343, -37.8856 ] ] } },
{ "type": "Feature", "properties": { "nombre": "Camino sin nombre", "longitud_km": 1.23 }, "geometry": { "type": "LineString", "coordinates": [ [ -67.638, -37.8713 ], [ -67.652, -37.8715 ] ] } },
{ "type": "Feature", "properties": { "nombre": "Camino sin nombre", "longitud_km": 3.03 }, "geometry": { "type": "LineString", "coordinates": [ [ -63.3858, -37.9637 ], [ -63.386, -37.9365 ] ] } },
{ "type": "Feature", "properties": { "nombre": "Camino sin nombre", "longitud_km": 4.01 }, "geometry": { "type": "LineString", "coordinates": [ [ -63.569, -37.9273 ], [ -63.5692, -37.9634 ] ] } },
{ "type": "Feature", "properties": { "nombre": "Camino sin nombre", "longitud_km": 36.85 }, "geometry": { "type": "LineString", "coordinates": [ [ -64.8632, -37.8806 ], [ -64.8642, -37.9271 ], [ -64.8986, -37.9271 ], [ -64.9137, -37.9347 ], [ -65.0309, -37.938 ], [ -65.0681, -37.9318 ], [ -65.1019, -37.9365 ], [ -65.1107, -37.9335 ], [ -65.1339, -37.9456 ], [ -65.1556, -37.93 ], [ -65.2054, -37.9416 ] ] } },
{ "type": "Feature", "properties": { "nombre": "Camino sin nombre", "longitud_km": 3.08 }, "geometry": { "type": "LineString", "coordinates": [ [ -63.4997, -37.964 ], [ -63.4996, -37.9363 ] ] } },
{ "type": "Feature", "properties": { "nombre": "Camino sin nombre", "longitud_km": 6.11 }, "geometry": { "type": "LineString", "coordinates": [ [ -63.5692, -37.9634 ], [ -63.4997, -37.964 ] ] } },
{ "type": "Feature", "properties": { "nombre": "Camino sin nombre", "longitud_km": 1.92 }, "geometry": { "type": "LineString", "coordinates": [ [ -63.591, -37.9636 ], [ -63.5692, -37.9634 ] ] } },
{ "type": "Feature", "properties": { "nombre": "Camino sin nombre", "longitud_km": 4.03 }, "geometry": { "type": "LineString", "coordinates": [ [ -63.5909, -37.9273 ], [ -63.591, -37.9636 ] ] } },
{ "type": "Feature", "properties": { "nombre": "Camino sin nombre", "longitud_km": 0.6 }, "geometry": { "type": "LineString", "coordinates": [ [ -63.5978, -37.9636 ], [ -63.591, -37.9636 ] ] } },
{ "type": "Feature", "properties": { "nombre": "Camino sin nombre", "longitud_km": 1.39 }, "geometry": { "type": "LineString", "coordinates": [ [ -63.6136, -37.9638 ], [ -63.5978, -37.9636 ] ] } },
{ "type": "Feature", "properties": { "nombre": "Camino sin nombre", "longitud_km": 2.88 }, "geometry": { "type": "LineString", "coordinates": [ [ -67.6847, -37.8723 ], [ -67.652, -37.8715 ] ] } },
{ "type": "Feature", "properties": { "nombre": "Camino sin nombre", "longitud_km": 2.52 }, "geometry": { "type": "LineString", "coordinates": [ [ -67.713, -37.8687 ], [ -67.6847, -37.8723 ] ] } },
{ "type": "Feature", "properties": { "nombre": "Camino sin nombre", "longitud_km": 9.83 }, "geometry": { "type": "LineString", "coordinates": [ [ -67.5324, -37.8844 ], [ -67.5144, -37.8717 ], [ -67.4279, -37.8825 ] ] } },
{ "type": "Feature", "properties": { "nombre": "Camino sin nombre", "longitud_km": 7.49 }, "geometry": { "type": "LineString", "coordinates": [ [ -65.3896, -37.9426 ], [ -65.3708, -37.9365 ], [ -65.3594, -37.9187 ], [ -65.3197, -37.9194 ] ] } },
{ "type": "Feature", "properties": { "nombre": "Camino sin nombre", "longitud_km": 7.87 }, "geometry": { "type": "LineString", "coordinates": [ [ -65.3896, -37.9426 ], [ -65.3769, -37.9167 ], [ -65.3753, -37.8735 ] ] } },
{ "type": "Feature", "properties": { "nombre": "Camino sin nombre", "longitud_km": 0.62 }, "geometry": { "type": "LineString", "coordinates": [ [ -65.7103, -37.9358 ], [ -65.7054, -37.9317 ] ] } },
{ "type": "Feature", "properties": { "nombre": "Camino sin nombre", "longitud_km": 0.1 }, "geometry": { "type": "LineString", "coordinates": [ [ -65.39, -37.9434 ], [ -65.3896, -37.9426 ] ] } },
{ "type": "Feature", "properties": { "nombre": "Camino sin nombre", "longitud_km": 10.16 }, "geometry": { "type": "LineString", "coordinates": [ [ -65.4974, -37.9182 ], [ -65.4807, -37.9234 ], [ -65.4306, -37.9239 ], [ -65.39, -37.9434 ] ] } },
{ "type": "Feature", "properties": { "nombre": "Camino sin nombre", "longitud_km": 0.43 }, "geometry": { "type": "LineString", "coordinates": [ [ -63.591, -37.9636 ], [ -63.5916, -37.9674 ] ] } },
{ "type": "Feature", "properties": { "nombre": "Camino sin nombre", "longitud_km": 11.64 }, "geometry": { "type": "LineString", "coordinates": [ [ -65.7459, -37.9377 ], [ -65.7913, -37.9197 ], [ -65.808, -37.9024 ], [ -65.8211, -37.8972 ], [ -65.8293, -37.8867 ], [ -65.8313, -37.8678 ] ] } },
{ "type": "Feature", "properties": { "nombre": "Camino sin nombre", "longitud_km": 0.41 }, "geometry": { "type": "LineString", "coordinates": [ [ -65.7412, -37.938 ], [ -65.7459, -37.9377 ] ] } },
{ "type": "Feature", "properties": { "nombre": "Camino sin nombre", "longitud_km": 2.73 }, "geometry": { "type": "LineString", "coordinates": [ [ -65.7103, -37.9358 ], [ -65.7412, -37.938 ] ] } },
{ "type": "Feature", "properties": { "nombre": "Camino sin nombre", "longitud_km": 1.99 }, "geometry": { "type": "LineString", "coordinates": [ [ -63.3857, -37.9817 ], [ -63.3858, -37.9637 ] ] } },
{ "type": "Feature", "properties": { "nombre": "Camino sin nombre", "longitud_km": 3.92 }, "geometry": { "type": "LineString", "coordinates": [ [ -65.2626, -37.9204 ], [ -65.2625, -37.9557 ] ] } },
{ "type": "Feature", "properties": { "nombre": "Camino sin nombre", "longitud_km": 6.97 }, "geometry": { "type": "LineString", "coordinates": [ [ -64.6374, -37.968 ], [ -64.5796, -37.925 ] ] } },
{ "type": "Feature", "properties": { "nombre": "Camino sin nombre", "longitud_km": 7.83 }, "geometry": { "type": "LineString", "coordinates": [ [ -64.6374, -37.968 ], [ -64.6374, -37.9302 ], [ -64.6494, -37.922 ], [ -64.6465, -37.9019 ] ] } },
{ "type": "Feature", "properties": { "nombre": "Camino sin nombre", "longitud_km": 10.75 }, "geometry": { "type": "LineString", "coordinates": [ [ -63.6137, -37.9787 ], [ -63.7095, -37.9187 ] ] } },
{ "type": "Feature", "properties": { "nombre": "Camino sin nombre", "longitud_km": 2.0 }, "geometry": { "type": "LineString", "coordinates": [ [ -63.4083, -37.9816 ], [ -63.4311, -37.9815 ] ] } },
{ "type": "Feature", "properties": { "nombre": "Camino sin nombre", "longitud_km": 1.99 }, "geometry": { "type": "LineString", "coordinates": [ [ -63.3857, -37.9817 ], [ -63.4083, -37.9816 ] ] } },
{ "type": "Feature", "properties": { "nombre": "Camino sin nombre", "longitud_km": 6.02 }, "geometry": { "type": "LineString", "coordinates": [ [ -63.4311, -37.9815 ], [ -63.4995, -37.9817 ] ] } },
{ "type": "Feature", "properties": { "nombre": "Camino sin nombre", "longitud_km": 1.96 }, "geometry": { "type": "LineString", "coordinates": [ [ -63.5692, -37.9634 ], [ -63.5687, -37.981 ] ] } },
{ "type": "Feature", "properties": { "nombre": "Camino sin nombre", "longitud_km": 1.96 }, "geometry": { "type": "LineString", "coordinates": [ [ -63.4995, -37.9817 ], [ -63.4997, -37.964 ] ] } },
{ "type": "Feature", "properties": { "nombre": "Camino sin nombre", "longitud_km": 6.0 }, "geometry": { "type": "LineString", "coordinates": [ [ -63.5679, -37.9815 ], [ -63.4995, -37.9817 ] ] } },
{ "type": "Feature", "properties": { "nombre": "Camino sin nombre", "longitud_km": 2.07 }, "geometry": { "type": "LineString", "coordinates": [ [ -63.6137, -37.9818 ], [ -63.6373, -37.9816 ] ] } },
{ "type": "Feature", "properties": { "nombre": "Camino sin nombre", "longitud_km": 2.94 }, "geometry": { "type": "LineString", "coordinates": [ [ -63.6373, -37.9816 ], [ -63.6708, -37.9815 ] ] } },
{ "type": "Feature", "properties": { "nombre": "Camino sin nombre", "longitud_km": 3.52 }, "geometry": { "type": "LineString", "coordinates": [ [ -63.6708, -37.9815 ], [ -63.7108, -37.9815 ] ] } },
{ "type": "Feature", "properties": { "nombre": "Camino sin nombre", "longitud_km": 7.63 }, "geometry": { "type": "LineString", "coordinates": [ [ -63.7095, -37.9187 ], [ -63.7092, -37.9483 ], [ -63.7011, -37.9498 ], [ -63.7108, -37.9815 ] ] } },
{ "type": "Feature", "properties": { "nombre": "Camino sin nombre", "longitud_km": 5.01 }, "geometry": { "type": "LineString", "coordinates": [ [ -63.7794, -37.9359 ], [ -63.7797, -37.9811 ] ] } },
{ "type": "Feature", "properties": { "nombre": "Camino sin nombre", "longitud_km": 4.57 }, "geometry": { "type": "LineString", "coordinates": [ [ -63.7277, -37.9814 ], [ -63.7797, -37.9811 ] ] } },
{ "type": "Feature", "properties": { "nombre": "Camino sin nombre", "longitud_km": 0.4 }, "geometry": { "type": "LineString", "coordinates": [ [ -63.7797, -37.9811 ], [ -63.7843, -37.9811 ] ] } },
{ "type": "Feature", "properties": { "nombre": "Camino sin nombre", "longitud_km": 1.48 }, "geometry": { "type": "LineString", "coordinates": [ [ -63.7108, -37.9815 ], [ -63.7277, -37.9814 ] ] } },
{ "type": "Feature", "properties": { "nombre": "Camino sin nombre", "longitud_km": 1.8 }, "geometry": { "type": "LineString", "coordinates": [ [ -63.8209, -37.9809 ], [ -63.8414, -37.9808 ] ] } },
{ "type": "Feature", "properties": { "nombre": "Camino sin nombre", "longitud_km": 3.22 }, "geometry": { "type": "LineString", "coordinates": [ [ -63.7843, -37.9811 ], [ -63.8209, -37.9809 ] ] } },
{ "type": "Feature", "properties": { "nombre": "Camino sin nombre", "longitud_km": 4.98 }, "geometry": { "type": "LineString", "coordinates": [ [ -63.9545, -37.9797 ], [ -64.0113, -37.9795 ] ] } },
{ "type": "Feature", "properties": { "nombre": "Camino sin nombre", "longitud_km": 4.97 }, "geometry": { "type": "LineString", "coordinates": [ [ -64.0111, -37.9347 ], [ -64.0113, -37.9795 ] ] } },
{ "type": "Feature", "properties": { "nombre": "Camino sin nombre", "longitud_km": 1.21 }, "geometry": { "type": "LineString", "coordinates": [ [ -67.6367, -37.8913 ], [ -67.6505, -37.8919 ] ] } },
{ "type": "Feature", "properties": { "nombre": "Camino sin nombre", "longitud_km": 2.27 }, "geometry": { "type": "LineString", "coordinates": [ [ -67.652, -37.8715 ], [ -67.6505, -37.8919 ] ] } },
{ "type": "Feature", "properties": { "nombre": "Camino sin nombre", "longitud_km": 4.75 }, "geometry": { "type": "LineString", "coordinates": [ [ -63.8414, -37.9808 ], [ -63.8954, -37.9805 ] ] } },
{ "type": "Feature", "properties": { "nombre": "Camino sin nombre", "longitud_km": 5.2 }, "geometry": { "type": "LineString", "coordinates": [ [ -63.8954, -37.9805 ], [ -63.9545, -37.9797 ] ] } },
{ "type": "Feature", "properties": { "nombre": "Camino sin nombre", "longitud_km": 5.03 }, "geometry": { "type": "LineString", "coordinates": [ [ -64.0113, -37.9795 ], [ -64.0685, -37.9793 ] ] } },
{ "type": "Feature", "properties": { "nombre": "Camino sin nombre", "longitud_km": 0.8 }, "geometry": { "type": "LineString", "coordinates": [ [ -63.6137, -37.9787 ], [ -63.6061, -37.9827 ] ] } },
{ "type": "Feature", "properties": { "nombre": "Camino sin nombre", "longitud_km": 0.68 }, "geometry": { "type": "LineString", "coordinates": [ [ -63.6137, -37.9818 ], [ -63.6061, -37.9827 ] ] } },
{ "type": "Feature", "properties": { "nombre": "Camino sin nombre", "longitud_km": 4.71 }, "geometry": { "type": "LineString", "coordinates": [ [ -67.6505, -37.8919 ], [ -67.6764, -37.8931 ], [ -67.6847, -37.8723 ] ] } },
{ "type": "Feature", "properties": { "nombre": "Camino sin nombre", "longitud_km": 12.8 }, "geometry": { "type": "LineString", "coordinates": [ [ -65.9288, -37.9498 ], [ -65.8812, -37.9034 ], [ -65.8503, -37.8871 ], [ -65.8424, -37.8719 ], [ -65.8313, -37.8678 ] ] } },
{ "type": "Feature", "properties": { "nombre": "Camino sin nombre", "longitud_km": 3.38 }, "geometry": { "type": "LineString", "coordinates": [ [ -65.7406, -37.9546 ], [ -65.7103, -37.9358 ] ] } },
{ "type": "Feature", "properties": { "nombre": "Camino sin nombre", "longitud_km": 3.22 }, "geometry": { "type": "LineString", "coordinates": [ [ -65.7762, -37.9539 ], [ -65.7459, -37.9377 ] ] } },
{ "type": "Feature", "properties": { "nombre": "Camino sin nombre", "longitud_km": 1.3 }, "geometry": { "type": "LineString", "coordinates": [ [ -64.6489, -37.9754 ], [ -64.6374, -37.968 ] ] } },
{ "type": "Feature", "properties": { "nombre": "Camino sin nombre", "longitud_km": 0.93 }, "geometry": { "type": "LineString", "coordinates": [ [ -63.3857, -37.9901 ], [ -63.3857, -37.9817 ] ] } },
{ "type": "Feature", "properties": { "nombre": "Camino sin nombre", "longitud_km": 9.05 }, "geometry": { "type": "LineString", "coordinates": [ [ -64.7366, -37.9403 ], [ -64.7028, -37.9573 ], [ -64.6676, -37.9613 ], [ -64.6508, -37.9695 ], [ -64.6489, -37.9754 ] ] } },
{ "type": "Feature", "properties": { "nombre": "Camino sin nombre", "longitud_km": 3.14 }, "geometry": { "type": "LineString", "coordinates": [ [ -65.2054, -37.9416 ], [ -65.1892, -37.9668 ] ] } },
{ "type": "Feature", "properties": { "nombre": "Camino sin nombre", "longitud_km": 1.31 }, "geometry": { "type": "LineString", "coordinates": [ [ -65.5353, -37.9602 ], [ -65.5204, -37.9591 ] ] } },
{ "type": "Feature", "properties": { "nombre": "Camino sin nombre", "longitud_km": 4.37 }, "geometry": { "type": "LineString", "coordinates": [ [ -65.9775, -37.953 ], [ -65.9657, -37.949 ], [ -65.9288, -37.9498 ] ] } },
{ "type": "Feature", "properties": { "nombre": "Camino sin nombre", "longitud_km": 11.64 }, "geometry": { "type": "LineString", "coordinates": [ [ -66.4825, -37.9402 ], [ -66.427, -37.904 ], [ -66.3666, -37.9038 ] ] } },
{ "type": "Feature", "properties": { "nombre": "Camino sin nombre", "longitud_km": 7.37 }, "geometry": { "type": "LineString", "coordinates": [ [ -66.4839, -37.8739 ], [ -66.4825, -37.9402 ] ] } },
{ "type": "Feature", "properties": { "nombre": "Camino sin nombre", "longitud_km": 10.26 }, "geometry": { "type": "LineString", "coordinates": [ [ -66.5841, -37.9066 ], [ -66.5403, -37.9111 ], [ -66.5387, -37.9194 ], [ -66.4825, -37.9402 ] ] } },
{ "type": "Feature", "properties": { "nombre": "Camino sin nombre", "longitud_km": 11.21 }, "geometry": { "type": "LineString", "coordinates": [ [ -66.1038, -37.9514 ], [ -66.0881, -37.9337 ], [ -66.0835, -37.9214 ], [ -66.024, -37.9108 ], [ -66.0017, -37.9151 ] ] } },
{ "type": "Feature", "properties": { "nombre": "Camino sin nombre", "longitud_km": 12.77 }, "geometry": { "type": "LineString", "coordinates": [ [ -66.1881, -37.8694 ], [ -66.1694, -37.8896 ], [ -66.1576, -37.9114 ], [ -66.124, -37.9155 ], [ -66.1038, -37.9514 ] ] } },
{ "type": "Feature", "properties": { "nombre": "Camino sin nombre", "longitud_km": 0.65 }, "geometry": { "type": "LineString", "coordinates": [ [ -63.3805, -37.9942 ], [ -63.3857, -37.9901 ] ] } },
{ "type": "Feature", "properties": { "nombre": "Camino sin nombre", "longitud_km": 1.01 }, "geometry": { "type": "LineString", "coordinates": [ [ -64.6489, -37.9754 ], [ -64.6479, -37.9845 ] ] } },
{ "type": "Feature", "properties": { "nombre": "Camino sin nombre", "longitud_km": 3.03 }, "geometry": { "type": "LineString", "coordinates": [ [ -63.4083, -37.9816 ], [ -63.4085, -38.0088 ] ] } },
{ "type": "Feature", "properties": { "nombre": "Camino sin nombre", "longitud_km": 2.09 }, "geometry": { "type": "LineString", "coordinates": [ [ -63.3859, -38.0089 ], [ -63.3857, -37.9901 ] ] } },
{ "type": "Feature", "properties": { "nombre": "Camino sin nombre", "longitud_km": 2.03 }, "geometry": { "type": "LineString", "coordinates": [ [ -63.5687, -37.981 ], [ -63.5682, -37.9993 ] ] } },
{ "type": "Feature", "properties": { "nombre": "Camino sin nombre", "longitud_km": 3.03 }, "geometry": { "type": "LineString", "coordinates": [ [ -63.4311, -37.9815 ], [ -63.4312, -38.0088 ] ] } },
{ "type": "Feature", "properties": { "nombre": "Camino sin nombre", "longitud_km": 2.98 }, "geometry": { "type": "LineString", "coordinates": [ [ -63.4997, -38.0086 ], [ -63.4995, -37.9817 ] ] } },
{ "type": "Feature", "properties": { "nombre": "Camino sin nombre", "longitud_km": 9.35 }, "geometry": { "type": "LineString", "coordinates": [ [ -63.6061, -37.9827 ], [ -63.5224, -38.0348 ] ] } },
{ "type": "Feature", "properties": { "nombre": "Camino sin nombre", "longitud_km": 4.01 }, "geometry": { "type": "LineString", "coordinates": [ [ -63.6365, -38.0177 ], [ -63.6373, -37.9816 ] ] } },
{ "type": "Feature", "properties": { "nombre": "Camino sin nombre", "longitud_km": 1.99 }, "geometry": { "type": "LineString", "coordinates": [ [ -67.6505, -37.8919 ], [ -67.6491, -37.9098 ] ] } },
{ "type": "Feature", "properties": { "nombre": "Camino sin nombre", "longitud_km": 4.04 }, "geometry": { "type": "LineString", "coordinates": [ [ -63.6706, -38.0179 ], [ -63.6708, -37.9815 ] ] } },
{ "type": "Feature", "properties": { "nombre": "Camino sin nombre", "longitud_km": 4.04 }, "geometry": { "type": "LineString", "coordinates": [ [ -63.7277, -37.9814 ], [ -63.7275, -38.0179 ] ] } },
{ "type": "Feature", "properties": { "nombre": "Camino sin nombre", "longitud_km": 5.09 }, "geometry": { "type": "LineString", "coordinates": [ [ -63.7843, -37.9811 ], [ -63.7848, -38.0269 ] ] } },
{ "type": "Feature", "properties": { "nombre": "Camino sin nombre", "longitud_km": 5.05 }, "geometry": { "type": "LineString", "coordinates": [ [ -63.9555, -38.0251 ], [ -63.9545, -37.9797 ] ] } },
{ "type": "Feature", "properties": { "nombre": "Camino sin nombre", "longitud_km": 13.33 }, "geometry": { "type": "LineString", "coordinates": [ [ -66.2535, -37.9599 ], [ -66.1163, -37.9571 ], [ -66.1038, -37.9514 ] ] } },
{ "type": "Feature", "properties": { "nombre": "Camino sin nombre", "longitud_km": 13.01 }, "geometry": { "type": "LineString", "coordinates": [ [ -66.3619, -37.9072 ], [ -66.2686, -37.9246 ], [ -66.2541, -37.9327 ], [ -66.2535, -37.9599 ] ] } },
{ "type": "Feature", "properties": { "nombre": "Camino sin nombre", "longitud_km": 5.28 }, "geometry": { "type": "LineString", "coordinates": [ [ -65.9288, -37.9498 ], [ -65.8757, -37.9721 ] ] } },
{ "type": "Feature", "properties": { "nombre": "Camino sin nombre", "longitud_km": 9.14 }, "geometry": { "type": "LineString", "coordinates": [ [ -64.5546, -37.9981 ], [ -64.5542, -37.9949 ], [ -64.581, -37.9869 ], [ -64.5798, -37.9305 ] ] } },
{ "type": "Feature", "properties": { "nombre": "Camino sin nombre", "longitud_km": 1.47 }, "geometry": { "type": "LineString", "coordinates": [ [ -64.6479, -37.9845 ], [ -64.6474, -37.9977 ] ] } },
{ "type": "Feature", "properties": { "nombre": "Camino sin nombre", "longitud_km": 1.98 }, "geometry": { "type": "LineString", "coordinates": [ [ -63.4085, -38.0088 ], [ -63.3859, -38.0089 ] ] } },
{ "type": "Feature", "properties": { "nombre": "Camino sin nombre", "longitud_km": 2.0 }, "geometry": { "type": "LineString", "coordinates": [ [ -63.4312, -38.0088 ], [ -63.4085, -38.0088 ] ] } },
{ "type": "Feature", "properties": { "nombre": "Camino sin nombre", "longitud_km": 6.02 }, "geometry": { "type": "LineString", "coordinates": [ [ -63.4997, -38.0086 ], [ -63.4312, -38.0088 ] ] } },
{ "type": "Feature", "properties": { "nombre": "Camino sin nombre", "longitud_km": 9.22 }, "geometry": { "type": "LineString", "coordinates": [ [ -65.8684, -37.9759 ], [ -65.8468, -37.957 ], [ -65.827, -37.9565 ], [ -65.8125, -37.9504 ], [ -65.7762, -37.9539 ] ] } },
{ "type": "Feature", "properties": { "nombre": "Camino sin nombre", "longitud_km": 0.77 }, "geometry": { "type": "LineString", "coordinates": [ [ -65.8757, -37.9721 ], [ -65.8684, -37.9759 ] ] } },
{ "type": "Feature", "properties": { "nombre": "Camino sin nombre", "longitud_km": 2.74 }, "geometry": { "type": "LineString", "coordinates": [ [ -64.6479, -37.9845 ], [ -64.6237, -38.0 ] ] } },
{ "type": "Feature", "properties": { "nombre": "Camino sin nombre", "longitud_km": 0.52 }, "geometry": { "type": "LineString", "coordinates": [ [ -65.8635, -37.9786 ], [ -65.8684, -37.9759 ] ] } },
{ "type": "Feature", "properties": { "nombre": "Camino sin nombre", "longitud_km": 0.82 }, "geometry": { "type": "LineString", "coordinates": [ [ -63.4998, -38.016 ], [ -63.4997, -38.0086 ] ] } },
{ "type": "Feature", "properties": { "nombre": "Camino sin nombre", "longitud_km": 16.89 }, "geometry": { "type": "LineString", "coordinates": [ [ -65.1892, -37.9668 ], [ -65.036, -37.9691 ], [ -65.0363, -38.0 ] ] } },
{ "type": "Feature", "properties": { "nombre": "Camino sin nombre", "longitud_km": 3.0 }, "geometry": { "type": "LineString", "coordinates": [ [ -63.6706, -38.0179 ], [ -63.6365, -38.0177 ] ] } },
{ "type": "Feature", "properties": { "nombre": "Camino sin nombre", "longitud_km": 5.0 }, "geometry": { "type": "LineString", "coordinates": [ [ -63.7275, -38.0179 ], [ -63.6706, -38.0179 ] ] } },
{ "type": "Feature", "properties": { "nombre": "Camino sin nombre", "longitud_km": 4.09 }, "geometry": { "type": "LineString", "coordinates": [ [ -65.1892, -37.9668 ], [ -65.1822, -37.9779 ], [ -65.1882, -37.9828 ], [ -65.1931, -38.0 ] ] } },
{ "type": "Feature", "properties": { "nombre": "Camino sin nombre", "longitud_km": 6.5 }, "geometry": { "type": "LineString", "coordinates": [ [ -65.2055, -37.9415 ], [ -65.2076, -38.0 ] ] } },
{ "type": "Feature", "properties": { "nombre": "Camino sin nombre", "longitud_km": 10.61 }, "geometry": { "type": "LineString", "coordinates": [ [ -65.6326, -37.9927 ], [ -65.6245, -37.9845 ], [ -65.6629, -37.9714 ], [ -65.7054, -37.9317 ] ] } },
{ "type": "Feature", "properties": { "nombre": "Camino sin nombre", "longitud_km": 6.55 }, "geometry": { "type": "LineString", "coordinates": [ [ -65.4036, -38.0 ], [ -65.4039, -37.9923 ], [ -65.3887, -37.9637 ], [ -65.39, -37.9434 ] ] } },
{ "type": "Feature", "properties": { "nombre": "Camino sin nombre", "longitud_km": 5.03 }, "geometry": { "type": "LineString", "coordinates": [ [ -65.7716, -37.9927 ], [ -65.7406, -37.9546 ] ] } },
{ "type": "Feature", "properties": { "nombre": "Camino sin nombre", "longitud_km": 6.5 }, "geometry": { "type": "LineString", "coordinates": [ [ -65.7716, -37.9927 ], [ -65.791, -37.9871 ], [ -65.7894, -37.9755 ], [ -65.7946, -37.9654 ], [ -65.7892, -37.9579 ], [ -65.7762, -37.9539 ] ] } },
{ "type": "Feature", "properties": { "nombre": "Camino sin nombre", "longitud_km": 2.69 }, "geometry": { "type": "LineString", "coordinates": [ [ -65.8757, -37.9721 ], [ -65.8905, -37.9933 ] ] } },
{ "type": "Feature", "properties": { "nombre": "Camino sin nombre", "longitud_km": 5.14 }, "geometry": { "type": "LineString", "coordinates": [ [ -63.9555, -38.0251 ], [ -63.897, -38.0259 ] ] } },
{ "type": "Feature", "properties": { "nombre": "Camino sin nombre", "longitud_km": 1.04 }, "geometry": { "type": "LineString", "coordinates": [ [ -63.7278, -38.0272 ], [ -63.7275, -38.0179 ] ] } },
{ "type": "Feature", "properties": { "nombre": "Camino sin nombre", "longitud_km": 5.0 }, "geometry": { "type": "LineString", "coordinates": [ [ -63.7848, -38.0269 ], [ -63.7278, -38.0272 ] ] } },
{ "type": "Feature", "properties": { "nombre": "Camino sin nombre", "longitud_km": 3.87 }, "geometry": { "type": "LineString", "coordinates": [ [ -63.8288, -38.0267 ], [ -63.7848, -38.0269 ] ] } },
{ "type": "Feature", "properties": { "nombre": "Camino sin nombre", "longitud_km": 5.98 }, "geometry": { "type": "LineString", "coordinates": [ [ -63.897, -38.0259 ], [ -63.8288, -38.0267 ] ] } },
{ "type": "Feature", "properties": { "nombre": "Camino sin nombre", "longitud_km": 0.93 }, "geometry": { "type": "LineString", "coordinates": [ [ -65.7769, -38.0 ], [ -65.7716, -37.9927 ] ] } },
{ "type": "Feature", "properties": { "nombre": "Camino sin nombre", "longitud_km": 2.01 }, "geometry": { "type": "LineString", "coordinates": [ [ -63.6361, -38.0358 ], [ -63.6365, -38.0177 ] ] } },
{ "type": "Feature", "properties": { "nombre": "Camino sin nombre", "longitud_km": 1.98 }, "geometry": { "type": "LineString", "coordinates": [ [ -63.6361, -38.0358 ], [ -63.6136, -38.036 ] ] } },
{ "type": "Feature", "properties": { "nombre": "Camino sin nombre", "longitud_km": 8.0 }, "geometry": { "type": "LineString", "coordinates": [ [ -63.6136, -38.036 ], [ -63.5224, -38.0348 ] ] } },
{ "type": "Feature", "properties": { "nombre": "Camino sin nombre", "longitud_km": 3.03 }, "geometry": { "type": "LineString", "coordinates": [ [ -63.6706, -38.0357 ], [ -63.6361, -38.0358 ] ] } },
{ "type": "Feature", "properties": { "nombre": "Camino sin nombre", "longitud_km": 1.98 }, "geometry": { "type": "LineString", "coordinates": [ [ -63.6706, -38.0357 ], [ -63.6706, -38.0179 ] ] } },
{ "type": "Feature", "properties": { "nombre": "Camino sin nombre", "longitud_km": 5.03 }, "geometry": { "type": "LineString", "coordinates": [ [ -63.7279, -38.0356 ], [ -63.6706, -38.0357 ] ] } },
{ "type": "Feature", "properties": { "nombre": "Camino sin nombre", "longitud_km": 0.93 }, "geometry": { "type": "LineString", "coordinates": [ [ -63.7279, -38.0356 ], [ -63.7278, -38.0272 ] ] } },
{ "type": "Feature", "properties": { "nombre": "Camino sin nombre", "longitud_km": 4.97 }, "geometry": { "type": "LineString", "coordinates": [ [ -63.9562, -38.0699 ], [ -63.9555, -38.0251 ] ] } },
{ "type": "Feature", "properties": { "nombre": "Camino sin nombre", "longitud_km": 5.81 }, "geometry": { "type": "LineString", "coordinates": [ [ -66.1038, -37.9514 ], [ -66.0903, -37.9837 ], [ -66.091, -37.9921 ], [ -66.0986, -38.0 ] ] } },
{ "type": "Feature", "properties": { "nombre": "Camino sin nombre", "longitud_km": 4.93 }, "geometry": { "type": "LineString", "coordinates": [ [ -63.3858, -38.0533 ], [ -63.3859, -38.0089 ] ] } },
{ "type": "Feature", "properties": { "nombre": "Camino sin nombre", "longitud_km": 16.26 }, "geometry": { "type": "LineString", "coordinates": [ [ -66.8233, -37.9801 ], [ -66.8229, -37.9686 ], [ -66.6525, -37.9665 ] ] } },
{ "type": "Feature", "properties": { "nombre": "Camino sin nombre", "longitud_km": 4.45 }, "geometry": { "type": "LineString", "coordinates": [ [ -66.2535, -38.0 ], [ -66.2535, -37.9599 ] ] } },
{ "type": "Feature", "properties": { "nombre": "Camino sin nombre", "longitud_km": 10.57 }, "geometry": { "type": "LineString", "coordinates": [ [ -66.3745, -37.9983 ], [ -66.3777, -37.9962 ], [ -66.3682, -37.962 ], [ -66.369, -37.9133 ], [ -66.3619, -37.9072 ] ] } },
{ "type": "Feature", "properties": { "nombre": "Camino sin nombre", "longitud_km": 3.59 }, "geometry": { "type": "LineString", "coordinates": [ [ -63.4998, -38.0483 ], [ -63.4998, -38.016 ] ] } },
{ "type": "Feature", "properties": { "nombre": "Camino sin nombre", "longitud_km": 2.49 }, "geometry": { "type": "LineString", "coordinates": [ [ -63.5224, -38.0348 ], [ -63.4998, -38.0483 ] ] } },
{ "type": "Feature", "properties": { "nombre": "Camino sin nombre", "longitud_km": 6.71 }, "geometry": { "type": "LineString", "coordinates": [ [ -66.4825, -37.9402 ], [ -66.4767, -37.9551 ], [ -66.4773, -38.0 ] ] } },
{ "type": "Feature", "properties": { "nombre": "Camino sin nombre", "longitud_km": 0.34 }, "geometry": { "type": "LineString", "coordinates": [ [ -63.4998, -38.0514 ], [ -63.4998, -38.0483 ] ] } },
{ "type": "Feature", "properties": { "nombre": "Camino sin nombre", "longitud_km": 0.62 }, "geometry": { "type": "LineString", "coordinates": [ [ -63.4998, -38.0483 ], [ -63.4942, -38.0518 ] ] } },
{ "type": "Feature", "properties": { "nombre": "Camino sin nombre", "longitud_km": 0.49 }, "geometry": { "type": "LineString", "coordinates": [ [ -63.4998, -38.0514 ], [ -63.4942, -38.0518 ] ] } },
{ "type": "Feature", "properties": { "nombre": "Camino sin nombre", "longitud_km": 14.0 }, "geometry": { "type": "LineString", "coordinates": [ [ -66.5841, -37.9066 ], [ -66.5925, -37.9551 ], [ -66.5709, -37.9797 ], [ -66.5673, -37.9765 ], [ -66.5535, -37.9918 ], [ -66.525, -38.0 ] ] } },
{ "type": "Feature", "properties": { "nombre": "Camino sin nombre", "longitud_km": 4.85 }, "geometry": { "type": "LineString", "coordinates": [ [ -63.4312, -38.0525 ], [ -63.4312, -38.0088 ] ] } },
{ "type": "Feature", "properties": { "nombre": "Camino sin nombre", "longitud_km": 1.99 }, "geometry": { "type": "LineString", "coordinates": [ [ -63.4085, -38.0536 ], [ -63.3858, -38.0533 ] ] } },
{ "type": "Feature", "properties": { "nombre": "Camino sin nombre", "longitud_km": 4.96 }, "geometry": { "type": "LineString", "coordinates": [ [ -63.4085, -38.0536 ], [ -63.4085, -38.0088 ] ] } },
{ "type": "Feature", "properties": { "nombre": "Camino sin nombre", "longitud_km": 1.77 }, "geometry": { "type": "LineString", "coordinates": [ [ -63.4287, -38.0538 ], [ -63.4085, -38.0536 ] ] } },
{ "type": "Feature", "properties": { "nombre": "Camino sin nombre", "longitud_km": 0.15 }, "geometry": { "type": "LineString", "coordinates": [ [ -63.4312, -38.0538 ], [ -63.4312, -38.0525 ] ] } },
{ "type": "Feature", "properties": { "nombre": "Camino sin nombre", "longitud_km": 0.21 }, "geometry": { "type": "LineString", "coordinates": [ [ -63.4312, -38.0538 ], [ -63.4287, -38.0538 ] ] } },
{ "type": "Feature", "properties": { "nombre": "Camino sin nombre", "longitud_km": 5.54 }, "geometry": { "type": "LineString", "coordinates": [ [ -63.4942, -38.0518 ], [ -63.4312, -38.0538 ] ] } },
{ "type": "Feature", "properties": { "nombre": "Camino sin nombre", "longitud_km": 2.0 }, "geometry": { "type": "LineString", "coordinates": [ [ -63.4312, -38.0538 ], [ -63.4311, -38.0718 ] ] } },
{ "type": "Feature", "properties": { "nombre": "Camino sin nombre", "longitud_km": 4.09 }, "geometry": { "type": "LineString", "coordinates": [ [ -63.5224, -38.0348 ], [ -63.5226, -38.0716 ] ] } },
{ "type": "Feature", "properties": { "nombre": "Camino sin nombre", "longitud_km": 2.25 }, "geometry": { "type": "LineString", "coordinates": [ [ -63.4997, -38.0717 ], [ -63.4998, -38.0514 ] ] } },
{ "type": "Feature", "properties": { "nombre": "Camino sin nombre", "longitud_km": 3.6 }, "geometry": { "type": "LineString", "coordinates": [ [ -63.4942, -38.0518 ], [ -63.4621, -38.0719 ] ] } },
{ "type": "Feature", "properties": { "nombre": "Camino sin nombre", "longitud_km": 3.95 }, "geometry": { "type": "LineString", "coordinates": [ [ -63.6707, -38.0714 ], [ -63.6706, -38.0357 ] ] } },
{ "type": "Feature", "properties": { "nombre": "Camino sin nombre", "longitud_km": 3.95 }, "geometry": { "type": "LineString", "coordinates": [ [ -63.7279, -38.0713 ], [ -63.7279, -38.0356 ] ] } },
{ "type": "Feature", "properties": { "nombre": "Camino sin nombre", "longitud_km": 4.88 }, "geometry": { "type": "LineString", "coordinates": [ [ -63.8288, -38.0267 ], [ -63.828, -38.0706 ] ] } },
{ "type": "Feature", "properties": { "nombre": "Camino sin nombre", "longitud_km": 4.93 }, "geometry": { "type": "LineString", "coordinates": [ [ -63.7851, -38.0713 ], [ -63.7848, -38.0269 ] ] } },
{ "type": "Feature", "properties": { "nombre": "Camino sin nombre", "longitud_km": 2.53 }, "geometry": { "type": "LineString", "coordinates": [ [ -63.3858, -38.0761 ], [ -63.3858, -38.0533 ] ] } },
{ "type": "Feature", "properties": { "nombre": "Camino sin nombre", "longitud_km": 11.03 }, "geometry": { "type": "LineString", "coordinates": [ [ -67.755, -37.8998 ], [ -67.82, -37.9784 ], [ -67.8269, -37.9794 ] ] } },
{ "type": "Feature", "properties": { "nombre": "Camino sin nombre", "longitud_km": 2.75 }, "geometry": { "type": "LineString", "coordinates": [ [ -63.4621, -38.0719 ], [ -63.4345, -38.0837 ] ] } },
{ "type": "Feature", "properties": { "nombre": "Camino sin nombre", "longitud_km": 1.39 }, "geometry": { "type": "LineString", "coordinates": [ [ -63.4311, -38.0718 ], [ -63.4331, -38.0842 ] ] } },
{ "type": "Feature", "properties": { "nombre": "Camino sin nombre", "longitud_km": 0.14 }, "geometry": { "type": "LineString", "coordinates": [ [ -63.4345, -38.0837 ], [ -63.4331, -38.0842 ] ] } },
{ "type": "Feature", "properties": { "nombre": "Camino sin nombre", "longitud_km": 1.18 }, "geometry": { "type": "LineString", "coordinates": [ [ -64.198, -38.069 ], [ -64.1988, -38.0796 ] ] } },
{ "type": "Feature", "properties": { "nombre": "Camino sin nombre", "longitud_km": 2.67 }, "geometry": { "type": "LineString", "coordinates": [ [ -67.8425, -38.0 ], [ -67.8269, -37.9794 ] ] } },
{ "type": "Feature", "properties": { "nombre": "Camino sin nombre", "longitud_km": 5.21 }, "geometry": { "type": "LineString", "coordinates": [ [ -67.8766, -37.992 ], [ -67.8419, -37.9539 ] ] } },
{ "type": "Feature", "properties": { "nombre": "Camino sin nombre", "longitud_km": 7.67 }, "geometry": { "type": "LineString", "coordinates": [ [ -67.8766, -37.992 ], [ -67.8882, -37.9831 ], [ -67.8768, -37.9586 ], [ -67.8698, -37.9528 ], [ -67.8419, -37.9539 ] ] } },
{ "type": "Feature", "properties": { "nombre": "Camino sin nombre", "longitud_km": 1.84 }, "geometry": { "type": "LineString", "coordinates": [ [ -63.3857, -38.0927 ], [ -63.3858, -38.0761 ] ] } },
{ "type": "Feature", "properties": { "nombre": "Camino sin nombre", "longitud_km": 4.26 }, "geometry": { "type": "LineString", "coordinates": [ [ -63.4331, -38.0842 ], [ -63.3857, -38.0927 ] ] } },
{ "type": "Feature", "properties": { "nombre": "Camino sin nombre", "longitud_km": 3.93 }, "geometry": { "type": "LineString", "coordinates": [ [ -63.6708, -38.1068 ], [ -63.6707, -38.0714 ] ] } },
{ "type": "Feature", "properties": { "nombre": "Camino sin nombre", "longitud_km": 1.25 }, "geometry": { "type": "LineString", "coordinates": [ [ -67.8211, -37.9921 ], [ -67.8313, -38.0 ] ] } },
{ "type": "Feature", "properties": { "nombre": "Camino sin nombre", "longitud_km": 0.94 }, "geometry": { "type": "LineString", "coordinates": [ [ -67.8732, -38.0 ], [ -67.8766, -37.992 ] ] } },
{ "type": "Feature", "properties": { "nombre": "Camino sin nombre", "longitud_km": 5.02 }, "geometry": { "type": "LineString", "coordinates": [ [ -63.6708, -38.1068 ], [ -63.6136, -38.1066 ] ] } },
{ "type": "Feature", "properties": { "nombre": "Camino sin nombre", "longitud_km": 8.97 }, "geometry": { "type": "LineString", "coordinates": [ [ -63.7279, -38.0713 ], [ -63.728, -38.1069 ], [ -63.6708, -38.1068 ] ] } },
{ "type": "Feature", "properties": { "nombre": "Camino sin nombre", "longitud_km": 5.2 }, "geometry": { "type": "LineString", "coordinates": [ [ -63.3857, -38.0927 ], [ -63.3311, -38.1108 ] ] } },
{ "type": "Feature", "properties": { "nombre": "Camino sin nombre", "longitud_km": 4.13 }, "geometry": { "type": "LineString", "coordinates": [ [ -64.127, -38.0691 ], [ -64.1282, -38.1063 ] ] } },
{ "type": "Feature", "properties": { "nombre": "Camino sin nombre", "longitud_km": 3.74 }, "geometry": { "type": "LineString", "coordinates": [ [ -67.6889, -38.0211 ], [ -67.7315, -38.0219 ] ] } },
{ "type": "Feature", "properties": { "nombre": "Camino sin nombre", "longitud_km": 5.85 }, "geometry": { "type": "LineString", "coordinates": [ [ -67.7315, -38.0219 ], [ -67.7932, -38.0021 ] ] } },
{ "type": "Feature", "properties": { "nombre": "Camino sin nombre", "longitud_km": 5.33 }, "geometry": { "type": "LineString", "coordinates": [ [ -63.9567, -38.1179 ], [ -63.9562, -38.0699 ] ] } },
{ "type": "Feature", "properties": { "nombre": "Camino sin nombre", "longitud_km": 11.7 }, "geometry": { "type": "LineString", "coordinates": [ [ -67.8647, -38.0259 ], [ -67.7315, -38.0219 ] ] } },
{ "type": "Feature", "properties": { "nombre": "Camino sin nombre", "longitud_km": 4.31 }, "geometry": { "type": "LineString", "coordinates": [ [ -63.3857, -38.1316 ], [ -63.3857, -38.0927 ] ] } },
{ "type": "Feature", "properties": { "nombre": "Camino sin nombre", "longitud_km": 6.6 }, "geometry": { "type": "LineString", "coordinates": [ [ -63.5211, -38.0716 ], [ -63.5231, -38.1311 ] ] } },
{ "type": "Feature", "properties": { "nombre": "Camino sin nombre", "longitud_km": 7.6 }, "geometry": { "type": "LineString", "coordinates": [ [ -67.6561, -38.0533 ], [ -67.6675, -38.0432 ], [ -67.7315, -38.0219 ] ] } },
{ "type": "Feature", "properties": { "nombre": "Camino sin nombre", "longitud_km": 0.69 }, "geometry": { "type": "LineString", "coordinates": [ [ -67.8597, -38.0211 ], [ -67.8647, -38.0259 ] ] } },
{ "type": "Feature", "properties": { "nombre": "Camino sin nombre", "longitud_km": 1.89 }, "geometry": { "type": "LineString", "coordinates": [ [ -63.3656, -38.1378 ], [ -63.3857, -38.1316 ] ] } },
{ "type": "Feature", "properties": { "nombre": "Camino sin nombre", "longitud_km": 20.0 }, "geometry": { "type": "LineString", "coordinates": [ [ -63.6709, -38.1613 ], [ -63.7857, -38.1609 ], [ -63.7851, -38.0713 ] ] } },
{ "type": "Feature", "properties": { "nombre": "Camino sin nombre", "longitud_km": 2.69 }, "geometry": { "type": "LineString", "coordinates": [ [ -63.9567, -38.1179 ], [ -63.9777, -38.1356 ] ] } },
{ "type": "Feature", "properties": { "nombre": "Camino sin nombre", "longitud_km": 1.96 }, "geometry": { "type": "LineString", "coordinates": [ [ -67.6561, -38.0533 ], [ -67.6551, -38.0357 ] ] } },
{ "type": "Feature", "properties": { "nombre": "Camino sin nombre", "longitud_km": 10.05 }, "geometry": { "type": "LineString", "coordinates": [ [ -63.4996, -38.1623 ], [ -63.4997, -38.0717 ] ] } },
{ "type": "Feature", "properties": { "nombre": "Camino sin nombre", "longitud_km": 3.41 }, "geometry": { "type": "LineString", "coordinates": [ [ -63.3855, -38.1623 ], [ -63.3857, -38.1316 ] ] } },
{ "type": "Feature", "properties": { "nombre": "Camino sin nombre", "longitud_km": 5.02 }, "geometry": { "type": "LineString", "coordinates": [ [ -63.4428, -38.1623 ], [ -63.3855, -38.1623 ] ] } },
{ "type": "Feature", "properties": { "nombre": "Camino sin nombre", "longitud_km": 9.41 }, "geometry": { "type": "LineString", "coordinates": [ [ -63.4428, -38.1623 ], [ -63.4427, -38.117 ], [ -63.4347, -38.1168 ], [ -63.4345, -38.0837 ] ] } },
{ "type": "Feature", "properties": { "nombre": "Camino sin nombre", "longitud_km": 1.67 }, "geometry": { "type": "LineString", "coordinates": [ [ -63.6318, -38.1615 ], [ -63.6128, -38.1615 ] ] } },
{ "type": "Feature", "properties": { "nombre": "Camino sin nombre", "longitud_km": 1.44 }, "geometry": { "type": "LineString", "coordinates": [ [ -63.6318, -38.1615 ], [ -63.6283, -38.1488 ] ] } },
{ "type": "Feature", "properties": { "nombre": "Camino sin nombre", "longitud_km": 0.36 }, "geometry": { "type": "LineString", "coordinates": [ [ -63.6318, -38.1615 ], [ -63.636, -38.1615 ] ] } },
{ "type": "Feature", "properties": { "nombre": "Camino sin nombre", "longitud_km": 10.04 }, "geometry": { "type": "LineString", "coordinates": [ [ -63.5557, -38.1619 ], [ -63.5561, -38.0715 ] ] } },
{ "type": "Feature", "properties": { "nombre": "Camino sin nombre", "longitud_km": 5.0 }, "geometry": { "type": "LineString", "coordinates": [ [ -63.6128, -38.1615 ], [ -63.5557, -38.1619 ] ] } },
{ "type": "Feature", "properties": { "nombre": "Camino sin nombre", "longitud_km": 3.06 }, "geometry": { "type": "LineString", "coordinates": [ [ -63.636, -38.1615 ], [ -63.6709, -38.1613 ] ] } },
{ "type": "Feature", "properties": { "nombre": "Camino sin nombre", "longitud_km": 6.06 }, "geometry": { "type": "LineString", "coordinates": [ [ -63.6709, -38.1613 ], [ -63.6708, -38.1068 ] ] } },
{ "type": "Feature", "properties": { "nombre": "Camino sin nombre", "longitud_km": 4.92 }, "geometry": { "type": "LineString", "coordinates": [ [ -63.5557, -38.1619 ], [ -63.4996, -38.1623 ] ] } },
{ "type": "Feature", "properties": { "nombre": "Camino sin nombre", "longitud_km": 4.98 }, "geometry": { "type": "LineString", "coordinates": [ [ -63.4996, -38.1623 ], [ -63.4428, -38.1623 ] ] } },
{ "type": "Feature", "properties": { "nombre": "Camino sin nombre", "longitud_km": 14.56 }, "geometry": { "type": "LineString", "coordinates": [ [ -64.0706, -38.1596 ], [ -64.2367, -38.1583 ] ] } },
{ "type": "Feature", "properties": { "nombre": "Camino sin nombre", "longitud_km": 23.57 }, "geometry": { "type": "LineString", "coordinates": [ [ -64.0717, -38.2782 ], [ -64.07, -38.2635 ], [ -64.03, -38.1933 ], [ -64.0143, -38.1741 ], [ -63.9994, -38.1683 ], [ -63.9748, -38.1752 ], [ -63.9615, -38.1683 ], [ -63.9562, -38.1605 ], [ -63.9567, -38.1179 ] ] } },
{ "type": "Feature", "properties": { "nombre": "Camino sin nombre", "longitud_km": 0.94 }, "geometry": { "type": "LineString", "coordinates": [ [ -63.636, -38.1615 ], [ -63.6382, -38.1698 ] ] } },
{ "type": "Feature", "properties": { "nombre": "Camino sin nombre", "longitud_km": 12.53 }, "geometry": { "type": "LineString", "coordinates": [ [ -63.4993, -38.2752 ], [ -63.4996, -38.1623 ] ] } },
{ "type": "Feature", "properties": { "nombre": "Camino sin nombre", "longitud_km": 2.98 }, "geometry": { "type": "LineString", "coordinates": [ [ -63.5559, -38.1888 ], [ -63.5557, -38.1619 ] ] } },
{ "type": "Feature", "properties": { "nombre": "Camino sin nombre", "longitud_km": 3.57 }, "geometry": { "type": "LineString", "coordinates": [ [ -63.3854, -38.1944 ], [ -63.3855, -38.1623 ] ] } },
{ "type": "Feature", "properties": { "nombre": "Camino sin nombre", "longitud_km": 6.82 }, "geometry": { "type": "LineString", "coordinates": [ [ -67.1317, -38.1517 ], [ -67.1565, -38.195 ], [ -67.1557, -38.2089 ] ] } },
{ "type": "Feature", "properties": { "nombre": "Camino sin nombre", "longitud_km": 11.0 }, "geometry": { "type": "LineString", "coordinates": [ [ -67.6357, -38.1496 ], [ -67.6445, -38.0687 ], [ -67.6561, -38.0533 ] ] } },
{ "type": "Feature", "properties": { "nombre": "Camino sin nombre", "longitud_km": 12.21 }, "geometry": { "type": "LineString", "coordinates": [ [ -63.6418, -38.2517 ], [ -63.7213, -38.2506 ], [ -63.7776, -38.2343 ] ] } },
{ "type": "Feature", "properties": { "nombre": "Camino sin nombre", "longitud_km": 5.08 }, "geometry": { "type": "LineString", "coordinates": [ [ -63.6418, -38.2517 ], [ -63.6412, -38.2285 ], [ -63.6127, -38.2289 ] ] } },
{ "type": "Feature", "properties": { "nombre": "Camino sin nombre", "longitud_km": 2.54 }, "geometry": { "type": "LineString", "coordinates": [ [ -63.6127, -38.2522 ], [ -63.6418, -38.2517 ] ] } },
{ "type": "Feature", "properties": { "nombre": "Camino sin nombre", "longitud_km": 30.04 }, "geometry": { "type": "LineString", "coordinates": [ [ -64.4147, -38.247 ], [ -64.0716, -38.2496 ] ] } },
{ "type": "Feature", "properties": { "nombre": "Camino sin nombre", "longitud_km": 11.71 }, "geometry": { "type": "LineString", "coordinates": [ [ -63.443, -38.2678 ], [ -63.4428, -38.1623 ] ] } },
{ "type": "Feature", "properties": { "nombre": "Camino sin nombre", "longitud_km": 1.18 }, "geometry": { "type": "LineString", "coordinates": [ [ -63.7007, -38.261 ], [ -63.7027, -38.2715 ] ] } },
{ "type": "Feature", "properties": { "nombre": "Camino sin nombre", "longitud_km": 5.25 }, "geometry": { "type": "LineString", "coordinates": [ [ -63.4993, -38.2752 ], [ -63.4519, -38.2747 ], [ -63.443, -38.2678 ] ] } },
{ "type": "Feature", "properties": { "nombre": "Camino sin nombre", "longitud_km": 14.03 }, "geometry": { "type": "LineString", "coordinates": [ [ -66.6483, -38.145 ], [ -66.6474, -38.1643 ], [ -66.6565, -38.1668 ], [ -66.6595, -38.1754 ], [ -66.6463, -38.1903 ], [ -66.6441, -38.2627 ] ] } },
{ "type": "Feature", "properties": { "nombre": "Camino sin nombre", "longitud_km": 13.45 }, "geometry": { "type": "LineString", "coordinates": [ [ -64.523, -38.3341 ], [ -64.4147, -38.2481 ] ] } },
{ "type": "Feature", "properties": { "nombre": "Camino sin nombre", "longitud_km": 16.44 }, "geometry": { "type": "LineString", "coordinates": [ [ -63.3848, -38.3425 ], [ -63.3854, -38.1944 ] ] } },
{ "type": "Feature", "properties": { "nombre": "Camino sin nombre", "longitud_km": 9.5 }, "geometry": { "type": "LineString", "coordinates": [ [ -63.476, -38.3427 ], [ -63.4993, -38.3424 ], [ -63.4993, -38.2752 ] ] } },
{ "type": "Feature", "properties": { "nombre": "Camino sin nombre", "longitud_km": 5.02 }, "geometry": { "type": "LineString", "coordinates": [ [ -63.4422, -38.3427 ], [ -63.3848, -38.3425 ] ] } },
{ "type": "Feature", "properties": { "nombre": "Camino sin nombre", "longitud_km": 8.31 }, "geometry": { "type": "LineString", "coordinates": [ [ -63.4422, -38.3427 ], [ -63.443, -38.2678 ] ] } },
{ "type": "Feature", "properties": { "nombre": "Camino sin nombre", "longitud_km": 2.95 }, "geometry": { "type": "LineString", "coordinates": [ [ -63.476, -38.3427 ], [ -63.4422, -38.3427 ] ] } },
{ "type": "Feature", "properties": { "nombre": "Camino sin nombre", "longitud_km": 3.84 }, "geometry": { "type": "LineString", "coordinates": [ [ -66.6441, -38.2627 ], [ -66.6322, -38.2758 ], [ -66.6428, -38.2923 ] ] } },
{ "type": "Feature", "properties": { "nombre": "Camino sin nombre", "longitud_km": 3.47 }, "geometry": { "type": "LineString", "coordinates": [ [ -66.6441, -38.2627 ], [ -66.6434, -38.2808 ], [ -66.6471, -38.2855 ], [ -66.6428, -38.2923 ] ] } },
{ "type": "Feature", "properties": { "nombre": "Camino sin nombre", "longitud_km": 3.43 }, "geometry": { "type": "LineString", "coordinates": [ [ -63.3847, -38.3734 ], [ -63.3848, -38.3425 ] ] } },
{ "type": "Feature", "properties": { "nombre": "Camino sin nombre", "longitud_km": 20.73 }, "geometry": { "type": "LineString", "coordinates": [ [ -66.6428, -38.2923 ], [ -66.6398, -38.4791 ] ] } },
{ "type": "Feature", "properties": { "nombre": "Camino sin nombre", "longitud_km": 5.91 }, "geometry": { "type": "LineString", "coordinates": [ [ -63.4641, -38.4099 ], [ -63.3963, -38.4099 ] ] } },
{ "type": "Feature", "properties": { "nombre": "Camino sin nombre", "longitud_km": 0.78 }, "geometry": { "type": "LineString", "coordinates": [ [ -63.473, -38.41 ], [ -63.4641, -38.4099 ] ] } },
{ "type": "Feature", "properties": { "nombre": "Camino sin nombre", "longitud_km": 1.62 }, "geometry": { "type": "LineString", "coordinates": [ [ -63.3853, -38.4323 ], [ -63.3851, -38.4177 ] ] } },
{ "type": "Feature", "properties": { "nombre": "Camino sin nombre", "longitud_km": 7.47 }, "geometry": { "type": "LineString", "coordinates": [ [ -63.473, -38.41 ], [ -63.476, -38.3427 ] ] } },
{ "type": "Feature", "properties": { "nombre": "Camino sin nombre", "longitud_km": 4.82 }, "geometry": { "type": "LineString", "coordinates": [ [ -63.5282, -38.4099 ], [ -63.473, -38.41 ] ] } },
{ "type": "Feature", "properties": { "nombre": "Camino sin nombre", "longitud_km": 1.88 }, "geometry": { "type": "LineString", "coordinates": [ [ -63.3963, -38.4099 ], [ -63.3966, -38.4178 ], [ -63.3851, -38.4177 ] ] } },
{ "type": "Feature", "properties": { "nombre": "Camino sin nombre", "longitud_km": 2.49 }, "geometry": { "type": "LineString", "coordinates": [ [ -63.4641, -38.4099 ], [ -63.4632, -38.4323 ] ] } },
{ "type": "Feature", "properties": { "nombre": "Camino sin nombre", "longitud_km": 2.1 }, "geometry": { "type": "LineString", "coordinates": [ [ -63.3854, -38.4512 ], [ -63.3853, -38.4323 ] ] } },
{ "type": "Feature", "properties": { "nombre": "Camino sin nombre", "longitud_km": 0.32 }, "geometry": { "type": "LineString", "coordinates": [ [ -63.3854, -38.4541 ], [ -63.3854, -38.4512 ] ] } },
{ "type": "Feature", "properties": { "nombre": "Camino sin nombre", "longitud_km": 2.64 }, "geometry": { "type": "LineString", "coordinates": [ [ -63.3853, -38.4779 ], [ -63.3854, -38.4541 ] ] } },
{ "type": "Feature", "properties": { "nombre": "Camino sin nombre", "longitud_km": 5.05 }, "geometry": { "type": "LineString", "coordinates": [ [ -63.4422, -38.4778 ], [ -63.4425, -38.4323 ] ] } },
{ "type": "Feature", "properties": { "nombre": "Camino sin nombre", "longitud_km": 6.58 }, "geometry": { "type": "LineString", "coordinates": [ [ -63.5564, -38.4771 ], [ -63.481, -38.4774 ] ] } },
{ "type": "Feature", "properties": { "nombre": "Camino sin nombre", "longitud_km": 5.0 }, "geometry": { "type": "LineString", "coordinates": [ [ -63.5564, -38.4771 ], [ -63.5566, -38.4321 ] ] } },
{ "type": "Feature", "properties": { "nombre": "Camino sin nombre", "longitud_km": 4.97 }, "geometry": { "type": "LineString", "coordinates": [ [ -63.4422, -38.4778 ], [ -63.3853, -38.4779 ] ] } },
{ "type": "Feature", "properties": { "nombre": "Camino sin nombre", "longitud_km": 3.39 }, "geometry": { "type": "LineString", "coordinates": [ [ -63.481, -38.4774 ], [ -63.4422, -38.4778 ] ] } },
{ "type": "Feature", "properties": { "nombre": "Camino sin nombre", "longitud_km": 1.54 }, "geometry": { "type": "LineString", "coordinates": [ [ -63.481, -38.4774 ], [ -63.4826, -38.4912 ] ] } },
{ "type": "Feature", "properties": { "nombre": "Camino sin nombre", "longitud_km": 5.1 }, "geometry": { "type": "LineString", "coordinates": [ [ -63.5567, -38.5231 ], [ -63.5564, -38.4771 ] ] } },
{ "type": "Feature", "properties": { "nombre": "Camino sin nombre", "longitud_km": 7.56 }, "geometry": { "type": "LineString", "coordinates": [ [ -63.385, -38.546 ], [ -63.3853, -38.4779 ] ] } },
{ "type": "Feature", "properties": { "nombre": "Camino sin nombre", "longitud_km": 7.32 }, "geometry": { "type": "LineString", "coordinates": [ [ -63.385, -38.549 ], [ -63.3245, -38.5032 ] ] } },
{ "type": "Feature", "properties": { "nombre": "Camino sin nombre", "longitud_km": 0.33 }, "geometry": { "type": "LineString", "coordinates": [ [ -63.385, -38.549 ], [ -63.385, -38.546 ] ] } },
{ "type": "Feature", "properties": { "nombre": "Camino sin nombre", "longitud_km": 10.7 }, "geometry": { "type": "LineString", "coordinates": [ [ -63.385, -38.546 ], [ -63.4131, -38.5623 ], [ -63.4136, -38.5683 ], [ -63.4415, -38.5685 ], [ -63.4418, -38.5728 ], [ -63.4861, -38.5847 ] ] } },
{ "type": "Feature", "properties": { "nombre": "Camino sin nombre", "longitud_km": 17.08 }, "geometry": { "type": "LineString", "coordinates": [ [ -63.3848, -38.7028 ], [ -63.385, -38.549 ] ] } },
{ "type": "Feature", "properties": { "nombre": "Camino sin nombre", "longitud_km": 6.36 }, "geometry": { "type": "LineString", "coordinates": [ [ -63.5112, -38.5877 ], [ -63.527, -38.6056 ], [ -63.5712, -38.6134 ] ] } },
{ "type": "Feature", "properties": { "nombre": "Camino sin nombre", "longitud_km": 1.73 }, "geometry": { "type": "LineString", "coordinates": [ [ -63.5885, -38.6182 ], [ -63.5829, -38.6135 ], [ -63.5712, -38.6134 ] ] } },
{ "type": "Feature", "properties": { "nombre": "Camino sin nombre", "longitud_km": 1.57 }, "geometry": { "type": "LineString", "coordinates": [ [ -64.0754, -38.6633 ], [ -64.0932, -38.6608 ] ] } },
{ "type": "Feature", "properties": { "nombre": "Camino sin nombre", "longitud_km": 20.57 }, "geometry": { "type": "LineString", "coordinates": [ [ -63.4421, -38.7013 ], [ -63.4414, -38.6663 ], [ -63.4482, -38.6665 ], [ -63.4485, -38.66 ], [ -63.5591, -38.6581 ], [ -63.5793, -38.6341 ], [ -63.5704, -38.6243 ], [ -63.5712, -38.6134 ] ] } },
{ "type": "Feature", "properties": { "nombre": "Camino sin nombre", "longitud_km": 34.82 }, "geometry": { "type": "LineString", "coordinates": [ [ -64.4195, -38.6525 ], [ -64.3048, -38.6492 ], [ -64.2458, -38.6548 ], [ -64.2474, -38.6966 ], [ -64.0748, -38.6991 ] ] } },
{ "type": "Feature", "properties": { "nombre": "Camino sin nombre", "longitud_km": 9.99 }, "geometry": { "type": "LineString", "coordinates": [ [ -63.4421, -38.7013 ], [ -63.557, -38.7004 ] ] } },
{ "type": "Feature", "properties": { "nombre": "Camino sin nombre", "longitud_km": 4.99 }, "geometry": { "type": "LineString", "coordinates": [ [ -63.3848, -38.7028 ], [ -63.4421, -38.7013 ] ] } },
{ "type": "Feature", "properties": { "nombre": "Camino sin nombre", "longitud_km": 0.51 }, "geometry": { "type": "LineString", "coordinates": [ [ -63.3849, -38.7074 ], [ -63.3848, -38.7028 ] ] } },
{ "type": "Feature", "properties": { "nombre": "Camino sin nombre", "longitud_km": 2.3 }, "geometry": { "type": "LineString", "coordinates": [ [ -63.3665, -38.7223 ], [ -63.3849, -38.7074 ] ] } },
{ "type": "Feature", "properties": { "nombre": "Camino sin nombre", "longitud_km": 5.04 }, "geometry": { "type": "LineString", "coordinates": [ [ -63.4427, -38.7467 ], [ -63.4421, -38.7013 ] ] } },
{ "type": "Feature", "properties": { "nombre": "Camino sin nombre", "longitud_km": 22.73 }, "geometry": { "type": "LineString", "coordinates": [ [ -63.3846, -38.9122 ], [ -63.3849, -38.7074 ] ] } },
{ "type": "Feature", "properties": { "nombre": "Camino sin nombre", "longitud_km": 3.12 }, "geometry": { "type": "LineString", "coordinates": [ [ -64.2796, -38.863 ], [ -64.2702, -38.8359 ] ] } },
{ "type": "Feature", "properties": { "nombre": "Camino sin nombre", "longitud_km": 16.35 }, "geometry": { "type": "LineString", "coordinates": [ [ -63.3846, -38.9289 ], [ -63.1997, -38.9005 ] ] } },
{ "type": "Feature", "properties": { "nombre": "Camino sin nombre", "longitud_km": 1.82 }, "geometry": { "type": "LineString", "coordinates": [ [ -63.7309, -38.9098 ], [ -63.7475, -38.9107 ], [ -63.747, -38.9142 ] ] } },
{ "type": "Feature", "properties": { "nombre": "Camino sin nombre", "longitud_km": 1.85 }, "geometry": { "type": "LineString", "coordinates": [ [ -63.3846, -38.9289 ], [ -63.3846, -38.9122 ] ] } },
{ "type": "Feature", "properties": { "nombre": "Camino sin nombre", "longitud_km": 40.72 }, "geometry": { "type": "LineString", "coordinates": [ [ -63.8503, -38.9694 ], [ -63.5837, -38.9373 ], [ -63.4277, -38.9355 ], [ -63.3846, -38.9289 ] ] } },
{ "type": "Feature", "properties": { "nombre": "Camino sin nombre", "longitud_km": 2.47 }, "geometry": { "type": "LineString", "coordinates": [ [ -63.8503, -38.9694 ], [ -63.8667, -38.969 ], [ -63.8705, -38.9601 ] ] } },
{ "type": "Feature", "properties": { "nombre": "Camino sin nombre", "longitud_km": 16.46 }, "geometry": { "type": "LineString", "coordinates": [ [ -63.3842, -39.0771 ], [ -63.3846, -38.9289 ] ] } },
{ "type": "Feature", "properties": { "nombre": "Camino sin nombre", "longitud_km": 2.49 }, "geometry": { "type": "LineString", "coordinates": [ [ -63.7719, -39.0011 ], [ -63.7949, -38.9876 ] ] } },
{ "type": "Feature", "properties": { "nombre": "Camino sin nombre", "longitud_km": 5.21 }, "geometry": { "type": "LineString", "coordinates": [ [ -63.8503, -38.9694 ], [ -63.7949, -38.9876 ] ] } },
{ "type": "Feature", "properties": { "nombre": "Camino sin nombre", "longitud_km": 1.93 }, "geometry": { "type": "LineString", "coordinates": [ [ -63.7886, -39.0043 ], [ -63.7949, -38.9876 ] ] } },
{ "type": "Feature", "properties": { "nombre": "Camino sin nombre", "longitud_km": 1.5 }, "geometry": { "type": "LineString", "coordinates": [ [ -64.94, -36.0441 ], [ -64.9396, -36.0305 ] ] } },
{ "type": "Feature", "properties": { "nombre": "Camino sin nombre", "longitud_km": 3.45 }, "geometry": { "type": "LineString", "coordinates": [ [ -64.9403, -36.0752 ], [ -64.94, -36.0441 ] ] } },
{ "type": "Feature", "properties": { "nombre": "Camino sin nombre", "longitud_km": 7.0 }, "geometry": { "type": "LineString", "coordinates": [ [ -64.9438, -36.1381 ], [ -64.9403, -36.0752 ] ] } },
{ "type": "Feature", "properties": { "nombre": "Camino sin nombre", "longitud_km": 0.68 }, "geometry": { "type": "LineString", "coordinates": [ [ -65.5258, -36.2875 ], [ -65.5213, -36.2826 ] ] } },
{ "type": "Feature", "properties": { "nombre": "Camino sin nombre", "longitud_km": 0.52 }, "geometry": { "type": "LineString", "coordinates": [ [ -65.5316, -36.2877 ], [ -65.5258, -36.2875 ] ] } },
{ "type": "Feature", "properties": { "nombre": "Camino sin nombre", "longitud_km": 8.04 }, "geometry": { "type": "LineString", "coordinates": [ [ -65.616, -36.2949 ], [ -65.6138, -36.2893 ], [ -65.5316, -36.2877 ] ] } },
{ "type": "Feature", "properties": { "nombre": "Camino sin nombre", "longitud_km": 1.83 }, "geometry": { "type": "LineString", "coordinates": [ [ -65.6312, -36.3059 ], [ -65.616, -36.2949 ] ] } },
{ "type": "Feature", "properties": { "nombre": "Camino sin nombre", "longitud_km": 8.05 }, "geometry": { "type": "LineString", "coordinates": [ [ -65.701, -36.3515 ], [ -65.6312, -36.3059 ] ] } },
{ "type": "Feature", "properties": { "nombre": "Camino sin nombre", "longitud_km": 10.38 }, "geometry": { "type": "LineString", "coordinates": [ [ -65.9669, -36.3509 ], [ -66.0821, -36.3435 ] ] } },
{ "type": "Feature", "properties": { "nombre": "Camino sin nombre", "longitud_km": 2.6 }, "geometry": { "type": "LineString", "coordinates": [ [ -65.7296, -36.3552 ], [ -65.701, -36.3515 ] ] } },
{ "type": "Feature", "properties": { "nombre": "Camino sin nombre", "longitud_km": 4.32 }, "geometry": { "type": "LineString", "coordinates": [ [ -66.0821, -36.3435 ], [ -66.1298, -36.3486 ] ] } },
{ "type": "Feature", "properties": { "nombre": "Camino sin nombre", "longitud_km": 6.13 }, "geometry": { "type": "LineString", "coordinates": [ [ -65.7976, -36.3601 ], [ -65.7296, -36.3552 ] ] } },
{ "type": "Feature", "properties": { "nombre": "Camino sin nombre", "longitud_km": 4.35 }, "geometry": { "type": "LineString", "coordinates": [ [ -65.9669, -36.3509 ], [ -65.9191, -36.3578 ] ] } },
{ "type": "Feature", "properties": { "nombre": "Camino sin nombre", "longitud_km": 3.2 }, "geometry": { "type": "LineString", "coordinates": [ [ -65.9191, -36.3578 ], [ -65.8839, -36.3626 ] ] } },
{ "type": "Feature", "properties": { "nombre": "Camino sin nombre", "longitud_km": 7.84 }, "geometry": { "type": "LineString", "coordinates": [ [ -65.8839, -36.3626 ], [ -65.8711, -36.3584 ], [ -65.7976, -36.3601 ] ] } },
{ "type": "Feature", "properties": { "nombre": "Camino sin nombre", "longitud_km": 3.34 }, "geometry": { "type": "LineString", "coordinates": [ [ -66.241, -36.3647 ], [ -66.242, -36.3346 ] ] } },
{ "type": "Feature", "properties": { "nombre": "Camino sin nombre", "longitud_km": 7.66 }, "geometry": { "type": "LineString", "coordinates": [ [ -66.1298, -36.3486 ], [ -66.1906, -36.3552 ], [ -66.2108, -36.3657 ] ] } },
{ "type": "Feature", "properties": { "nombre": "Camino sin nombre", "longitud_km": 3.12 }, "geometry": { "type": "LineString", "coordinates": [ [ -66.2108, -36.3657 ], [ -66.2233, -36.3721 ], [ -66.241, -36.3647 ] ] } },
{ "type": "Feature", "properties": { "nombre": "Camino sin nombre", "longitud_km": 31.43 }, "geometry": { "type": "LineString", "coordinates": [ [ -65.0945, -38.0564 ], [ -65.0081, -38.0151 ], [ -64.7511, -38.0186 ] ] } },
{ "type": "Feature", "properties": { "nombre": "Camino sin nombre", "longitud_km": 1.28 }, "geometry": { "type": "LineString", "coordinates": [ [ -65.5749, -38.0211 ], [ -65.582, -38.011 ] ] } },
{ "type": "Feature", "properties": { "nombre": "Camino sin nombre", "longitud_km": 13.26 }, "geometry": { "type": "LineString", "coordinates": [ [ -64.717, -38.1518 ], [ -64.7541, -38.1514 ], [ -64.7525, -38.0613 ] ] } },
{ "type": "Feature", "properties": { "nombre": "Camino sin nombre", "longitud_km": 6.66 }, "geometry": { "type": "LineString", "coordinates": [ [ -64.641, -38.1525 ], [ -64.717, -38.1518 ] ] } },
{ "type": "Feature", "properties": { "nombre": "Camino sin nombre", "longitud_km": 42.92 }, "geometry": { "type": "LineString", "coordinates": [ [ -65.5605, -38.4089 ], [ -65.552, -38.1228 ], [ -65.5704, -38.1209 ], [ -65.5698, -38.1102 ], [ -65.5519, -38.1096 ], [ -65.5501, -38.0486 ] ] } },
{ "type": "Feature", "properties": { "nombre": "Camino sin nombre", "longitud_km": 1.04 }, "geometry": { "type": "LineString", "coordinates": [ [ -64.7188, -38.161 ], [ -64.717, -38.1518 ] ] } },
{ "type": "Feature", "properties": { "nombre": "Camino sin nombre", "longitud_km": 1.13 }, "geometry": { "type": "LineString", "coordinates": [ [ -64.6421, -38.2233 ], [ -64.655, -38.2235 ] ] } },
{ "type": "Feature", "properties": { "nombre": "Camino sin nombre", "longitud_km": 16.43 }, "geometry": { "type": "LineString", "coordinates": [ [ -65.5317, -38.5491 ], [ -65.5625, -38.5155 ], [ -65.5605, -38.4089 ] ] } },
{ "type": "Feature", "properties": { "nombre": "Camino sin nombre", "longitud_km": 0.38 }, "geometry": { "type": "LineString", "coordinates": [ [ -63.6074, -35.7753 ], [ -63.6069, -35.7719 ] ] } },
{ "type": "Feature", "properties": { "nombre": "Camino sin nombre", "longitud_km": 0.46 }, "geometry": { "type": "LineString", "coordinates": [ [ -64.2911, -37.5222 ], [ -64.2911, -37.5264 ] ] } },
{ "type": "Feature", "properties": { "nombre": "Camino sin nombre", "longitud_km": 2.49 }, "geometry": { "type": "LineString", "coordinates": [ [ -63.5814, -35.0419 ], [ -63.5817, -35.0233 ], [ -63.5862, -35.0222 ] ] } },
{ "type": "Feature", "properties": { "nombre": "Camino sin nombre", "longitud_km": 2.77 }, "geometry": { "type": "LineString", "coordinates": [ [ -63.9038, -35.0214 ], [ -63.904, -35.0463 ] ] } },
{ "type": "Feature", "properties": { "nombre": "Camino sin nombre", "longitud_km": 1.25 }, "geometry": { "type": "LineString", "coordinates": [ [ -64.5185, -35.0656 ], [ -64.5187, -35.0543 ] ] } },
{ "type": "Feature", "properties": { "nombre": "Camino sin nombre", "longitud_km": 2.08 }, "geometry": { "type": "LineString", "coordinates": [ [ -64.1316, -35.3167 ], [ -64.1221, -35.3338 ] ] } },
{ "type": "Feature", "properties": { "nombre": "Camino sin nombre", "longitud_km": 2.65 }, "geometry": { "type": "LineString", "coordinates": [ [ -64.2878, -35.3612 ], [ -64.2883, -35.3851 ] ] } },
{ "type": "Feature", "properties": { "nombre": "Camino sin nombre", "longitud_km": 2.51 }, "geometry": { "type": "LineString", "coordinates": [ [ -64.4722, -35.3604 ], [ -64.4726, -35.383 ] ] } },
{ "type": "Feature", "properties": { "nombre": "Camino sin nombre", "longitud_km": 5.42 }, "geometry": { "type": "LineString", "coordinates": [ [ -63.784, -35.643 ], [ -63.7241, -35.644 ] ] } },
{ "type": "Feature", "properties": { "nombre": "Camino sin nombre", "longitud_km": 1.44 }, "geometry": { "type": "LineString", "coordinates": [ [ -64.3605, -35.635 ], [ -64.3658, -35.6472 ] ] } },
{ "type": "Feature", "properties": { "nombre": "Camino sin nombre", "longitud_km": 6.21 }, "geometry": { "type": "LineString", "coordinates": [ [ -63.4963, -35.7702 ], [ -63.4276, -35.7702 ] ] } },
{ "type": "Feature", "properties": { "nombre": "Camino sin nombre", "longitud_km": 10.0 }, "geometry": { "type": "LineString", "coordinates": [ [ -63.6069, -35.7719 ], [ -63.4963, -35.7702 ] ] } },
{ "type": "Feature", "properties": { "nombre": "Camino sin nombre", "longitud_km": 3.59 }, "geometry": { "type": "LineString", "coordinates": [ [ -63.4276, -35.7702 ], [ -63.3977, -35.7706 ], [ -63.3906, -35.776 ] ] } },
{ "type": "Feature", "properties": { "nombre": "Camino sin nombre", "longitud_km": 2.22 }, "geometry": { "type": "LineString", "coordinates": [ [ -63.6319, -35.7768 ], [ -63.6074, -35.7753 ] ] } },
{ "type": "Feature", "properties": { "nombre": "Camino sin nombre", "longitud_km": 7.88 }, "geometry": { "type": "LineString", "coordinates": [ [ -63.7131, -35.7875 ], [ -63.6584, -35.7874 ], [ -63.6495, -35.7777 ], [ -63.6319, -35.7768 ] ] } },
{ "type": "Feature", "properties": { "nombre": "Camino sin nombre", "longitud_km": 0.85 }, "geometry": { "type": "LineString", "coordinates": [ [ -64.2967, -35.9026 ], [ -64.2929, -35.9096 ] ] } },
{ "type": "Feature", "properties": { "nombre": "Camino sin nombre", "longitud_km": 1.32 }, "geometry": { "type": "LineString", "coordinates": [ [ -64.309, -35.9027 ], [ -64.3026, -35.9134 ] ] } },
{ "type": "Feature", "properties": { "nombre": "Camino sin nombre", "longitud_km": 2.29 }, "geometry": { "type": "LineString", "coordinates": [ [ -64.2952, -35.9166 ], [ -64.2738, -35.9055 ] ] } },
{ "type": "Feature", "properties": { "nombre": "Camino sin nombre", "longitud_km": 1.72 }, "geometry": { "type": "LineString", "coordinates": [ [ -64.2952, -35.9166 ], [ -64.2858, -35.93 ] ] } },
{ "type": "Feature", "properties": { "nombre": "Camino sin nombre", "longitud_km": 0.12 }, "geometry": { "type": "LineString", "coordinates": [ [ -63.5636, -36.0529 ], [ -63.5623, -36.0525 ] ] } },
{ "type": "Feature", "properties": { "nombre": "Camino sin nombre", "longitud_km": 2.29 }, "geometry": { "type": "LineString", "coordinates": [ [ -63.5869, -36.061 ], [ -63.5636, -36.0529 ] ] } },
{ "type": "Feature", "properties": { "nombre": "Camino sin nombre", "longitud_km": 4.01 }, "geometry": { "type": "LineString", "coordinates": [ [ -63.8974, -36.0678 ], [ -63.9419, -36.0672 ] ] } },
{ "type": "Feature", "properties": { "nombre": "Camino sin nombre", "longitud_km": 1.97 }, "geometry": { "type": "LineString", "coordinates": [ [ -63.8976, -36.0856 ], [ -63.8974, -36.0678 ] ] } },
{ "type": "Feature", "properties": { "nombre": "Camino sin nombre", "longitud_km": 0.82 }, "geometry": { "type": "LineString", "coordinates": [ [ -63.8535, -36.14 ], [ -63.8626, -36.1398 ] ] } },
{ "type": "Feature", "properties": { "nombre": "Camino sin nombre", "longitud_km": 3.15 }, "geometry": { "type": "LineString", "coordinates": [ [ -63.8626, -36.1398 ], [ -63.8977, -36.1399 ] ] } },
{ "type": "Feature", "properties": { "nombre": "Camino sin nombre", "longitud_km": 6.03 }, "geometry": { "type": "LineString", "coordinates": [ [ -63.8977, -36.1399 ], [ -63.8976, -36.0856 ] ] } },
{ "type": "Feature", "properties": { "nombre": "Camino sin nombre", "longitud_km": 4.13 }, "geometry": { "type": "LineString", "coordinates": [ [ -63.8532, -36.1771 ], [ -63.8535, -36.14 ] ] } },
{ "type": "Feature", "properties": { "nombre": "Camino sin nombre", "longitud_km": 4.12 }, "geometry": { "type": "LineString", "coordinates": [ [ -63.8978, -36.177 ], [ -63.8977, -36.1399 ] ] } },
{ "type": "Feature", "properties": { "nombre": "Camino sin nombre", "longitud_km": 3.89 }, "geometry": { "type": "LineString", "coordinates": [ [ -64.032, -36.2115 ], [ -64.0324, -36.1764 ] ] } },
{ "type": "Feature", "properties": { "nombre": "Camino sin nombre", "longitud_km": 5.71 }, "geometry": { "type": "LineString", "coordinates": [ [ -65.1031, -36.2537 ], [ -65.1022, -36.2022 ] ] } },
{ "type": "Feature", "properties": { "nombre": "Camino sin nombre", "longitud_km": 1.05 }, "geometry": { "type": "LineString", "coordinates": [ [ -63.4277, -36.4079 ], [ -63.4238, -36.4169 ] ] } },
{ "type": "Feature", "properties": { "nombre": "Camino sin nombre", "longitud_km": 3.24 }, "geometry": { "type": "LineString", "coordinates": [ [ -63.8598, -36.5377 ], [ -63.86, -36.5085 ] ] } },
{ "type": "Feature", "properties": { "nombre": "Camino sin nombre", "longitud_km": 0.81 }, "geometry": { "type": "LineString", "coordinates": [ [ -64.2724, -36.6222 ], [ -64.2814, -36.6222 ] ] } },
{ "type": "Feature", "properties": { "nombre": "Camino sin nombre", "longitud_km": 0.09 }, "geometry": { "type": "LineString", "coordinates": [ [ -64.2814, -36.6222 ], [ -64.2823, -36.6218 ] ] } },
{ "type": "Feature", "properties": { "nombre": "Camino sin nombre", "longitud_km": 3.48 }, "geometry": { "type": "LineString", "coordinates": [ [ -64.2807, -36.599 ], [ -64.2696, -36.6056 ], [ -64.2719, -36.6257 ] ] } },
{ "type": "Feature", "properties": { "nombre": "Camino sin nombre", "longitud_km": 3.37 }, "geometry": { "type": "LineString", "coordinates": [ [ -64.2823, -36.6218 ], [ -64.2954, -36.6215 ], [ -64.3143, -36.6341 ] ] } },
{ "type": "Feature", "properties": { "nombre": "Camino sin nombre", "longitud_km": 1.06 }, "geometry": { "type": "LineString", "coordinates": [ [ -64.3143, -36.6341 ], [ -64.3226, -36.6409 ] ] } },
{ "type": "Feature", "properties": { "nombre": "Camino sin nombre", "longitud_km": 2.75 }, "geometry": { "type": "LineString", "coordinates": [ [ -64.2719, -36.6257 ], [ -64.2727, -36.6402 ], [ -64.2817, -36.6475 ] ] } },
{ "type": "Feature", "properties": { "nombre": "Camino sin nombre", "longitud_km": 2.06 }, "geometry": { "type": "LineString", "coordinates": [ [ -64.3226, -36.6409 ], [ -64.3391, -36.6539 ] ] } },
{ "type": "Feature", "properties": { "nombre": "Camino sin nombre", "longitud_km": 4.06 }, "geometry": { "type": "LineString", "coordinates": [ [ -64.3391, -36.6539 ], [ -64.3714, -36.6795 ] ] } },
{ "type": "Feature", "properties": { "nombre": "Camino sin nombre", "longitud_km": 2.06 }, "geometry": { "type": "LineString", "coordinates": [ [ -64.3796, -36.673 ], [ -64.396, -36.686 ] ] } },
{ "type": "Feature", "properties": { "nombre": "Camino sin nombre", "longitud_km": 4.43 }, "geometry": { "type": "LineString", "coordinates": [ [ -64.396, -36.686 ], [ -64.431, -36.7143 ] ] } },
{ "type": "Feature", "properties": { "nombre": "Camino sin nombre", "longitud_km": 4.01 }, "geometry": { "type": "LineString", "coordinates": [ [ -63.5278, -36.8088 ], [ -63.528, -36.845 ] ] } },
{ "type": "Feature", "properties": { "nombre": "Camino sin nombre", "longitud_km": 4.68 }, "geometry": { "type": "LineString", "coordinates": [ [ -63.6941, -36.8525 ], [ -63.6937, -36.8104 ] ] } },
{ "type": "Feature", "properties": { "nombre": "Camino sin nombre", "longitud_km": 0.96 }, "geometry": { "type": "LineString", "coordinates": [ [ -63.419, -37.1245 ], [ -63.4188, -37.1332 ] ] } },
{ "type": "Feature", "properties": { "nombre": "Camino sin nombre", "longitud_km": 0.99 }, "geometry": { "type": "LineString", "coordinates": [ [ -63.4188, -37.1332 ], [ -63.4187, -37.1421 ] ] } },
{ "type": "Feature", "properties": { "nombre": "Camino sin nombre", "longitud_km": 3.46 }, "geometry": { "type": "LineString", "coordinates": [ [ -64.0113, -37.1525 ], [ -64.0205, -37.1222 ] ] } },
{ "type": "Feature", "properties": { "nombre": "Camino sin nombre", "longitud_km": 0.1 }, "geometry": { "type": "LineString", "coordinates": [ [ -64.0111, -37.1533 ], [ -64.0113, -37.1525 ] ] } },
{ "type": "Feature", "properties": { "nombre": "Camino sin nombre", "longitud_km": 2.71 }, "geometry": { "type": "LineString", "coordinates": [ [ -63.4187, -37.1421 ], [ -63.4188, -37.1665 ] ] } },
{ "type": "Feature", "properties": { "nombre": "Camino sin nombre", "longitud_km": 1.05 }, "geometry": { "type": "LineString", "coordinates": [ [ -63.6329, -37.1873 ], [ -63.621, -37.1874 ] ] } },
{ "type": "Feature", "properties": { "nombre": "Camino sin nombre", "longitud_km": 1.9 }, "geometry": { "type": "LineString", "coordinates": [ [ -63.621, -37.1874 ], [ -63.5996, -37.1876 ] ] } },
{ "type": "Feature", "properties": { "nombre": "Camino sin nombre", "longitud_km": 3.06 }, "geometry": { "type": "LineString", "coordinates": [ [ -63.6674, -37.1876 ], [ -63.6329, -37.1873 ] ] } },
{ "type": "Feature", "properties": { "nombre": "Camino sin nombre", "longitud_km": 0.96 }, "geometry": { "type": "LineString", "coordinates": [ [ -63.5996, -37.1876 ], [ -63.5997, -37.1962 ] ] } },
{ "type": "Feature", "properties": { "nombre": "Camino sin nombre", "longitud_km": 0.52 }, "geometry": { "type": "LineString", "coordinates": [ [ -63.5997, -37.1962 ], [ -63.5997, -37.2009 ] ] } },
{ "type": "Feature", "properties": { "nombre": "Camino sin nombre", "longitud_km": 1.66 }, "geometry": { "type": "LineString", "coordinates": [ [ -63.5997, -37.2009 ], [ -63.5814, -37.2042 ] ] } },
{ "type": "Feature", "properties": { "nombre": "Camino sin nombre", "longitud_km": 1.23 }, "geometry": { "type": "LineString", "coordinates": [ [ -63.7691, -37.3668 ], [ -63.7742, -37.3708 ], [ -63.7723, -37.3759 ] ] } },
{ "type": "Feature", "properties": { "nombre": "Camino sin nombre", "longitud_km": 0.27 }, "geometry": { "type": "LineString", "coordinates": [ [ -63.5507, -37.6668 ], [ -63.5509, -37.6692 ] ] } },
{ "type": "Feature", "properties": { "nombre": "Camino sin nombre", "longitud_km": 1.25 }, "geometry": { "type": "LineString", "coordinates": [ [ -63.5509, -37.6692 ], [ -63.5367, -37.6694 ] ] } },
{ "type": "Feature", "properties": { "nombre": "Camino sin nombre", "longitud_km": 2.86 }, "geometry": { "type": "LineString", "coordinates": [ [ -63.612, -37.4678 ], [ -63.6009, -37.4695 ], [ -63.5838, -37.4597 ] ] } },
{ "type": "Feature", "properties": { "nombre": "Camino sin nombre", "longitud_km": 2.18 }, "geometry": { "type": "LineString", "coordinates": [ [ -64.2347, -37.4906 ], [ -64.21, -37.4908 ] ] } },
{ "type": "Feature", "properties": { "nombre": "Camino sin nombre", "longitud_km": 2.97 }, "geometry": { "type": "LineString", "coordinates": [ [ -64.2683, -37.4905 ], [ -64.2347, -37.4906 ] ] } },
{ "type": "Feature", "properties": { "nombre": "Camino sin nombre", "longitud_km": 1.98 }, "geometry": { "type": "LineString", "coordinates": [ [ -64.2906, -37.4904 ], [ -64.2683, -37.4905 ] ] } },
{ "type": "Feature", "properties": { "nombre": "Camino sin nombre", "longitud_km": 0.48 }, "geometry": { "type": "LineString", "coordinates": [ [ -64.2857, -37.5265 ], [ -64.2911, -37.5264 ] ] } },
{ "type": "Feature", "properties": { "nombre": "Camino sin nombre", "longitud_km": 1.81 }, "geometry": { "type": "LineString", "coordinates": [ [ -64.3497, -37.5399 ], [ -64.3488, -37.5236 ] ] } },
{ "type": "Feature", "properties": { "nombre": "Camino sin nombre", "longitud_km": 1.37 }, "geometry": { "type": "LineString", "coordinates": [ [ -63.5367, -37.6694 ], [ -63.5212, -37.6696 ] ] } },
{ "type": "Feature", "properties": { "nombre": "Camino sin nombre", "longitud_km": 0.33 }, "geometry": { "type": "LineString", "coordinates": [ [ -63.5111, -37.6697 ], [ -63.511, -37.6667 ] ] } },
{ "type": "Feature", "properties": { "nombre": "Camino sin nombre", "longitud_km": 0.89 }, "geometry": { "type": "LineString", "coordinates": [ [ -63.5212, -37.6696 ], [ -63.5111, -37.6697 ] ] } },
{ "type": "Feature", "properties": { "nombre": "Camino sin nombre", "longitud_km": 1.13 }, "geometry": { "type": "LineString", "coordinates": [ [ -63.5112, -37.6799 ], [ -63.5111, -37.6697 ] ] } },
{ "type": "Feature", "properties": { "nombre": "Camino sin nombre", "longitud_km": 0.92 }, "geometry": { "type": "LineString", "coordinates": [ [ -63.5216, -37.6803 ], [ -63.5112, -37.6799 ] ] } },
{ "type": "Feature", "properties": { "nombre": "Camino sin nombre", "longitud_km": 1.3 }, "geometry": { "type": "LineString", "coordinates": [ [ -63.5364, -37.6804 ], [ -63.5216, -37.6803 ] ] } },
{ "type": "Feature", "properties": { "nombre": "Camino sin nombre", "longitud_km": 1.24 }, "geometry": { "type": "LineString", "coordinates": [ [ -63.5509, -37.6692 ], [ -63.5515, -37.6804 ] ] } },
{ "type": "Feature", "properties": { "nombre": "Camino sin nombre", "longitud_km": 1.33 }, "geometry": { "type": "LineString", "coordinates": [ [ -63.5515, -37.6804 ], [ -63.5364, -37.6804 ] ] } },
{ "type": "Feature", "properties": { "nombre": "Camino sin nombre", "longitud_km": 1.21 }, "geometry": { "type": "LineString", "coordinates": [ [ -63.5515, -37.6804 ], [ -63.5554, -37.6909 ] ] } },
{ "type": "Feature", "properties": { "nombre": "Camino sin nombre", "longitud_km": 2.22 }, "geometry": { "type": "LineString", "coordinates": [ [ -63.5554, -37.6909 ], [ -63.5568, -37.7109 ] ] } },
{ "type": "Feature", "properties": { "nombre": "Camino sin nombre", "longitud_km": 2.94 }, "geometry": { "type": "LineString", "coordinates": [ [ -63.5568, -37.7109 ], [ -63.5566, -37.7279 ], [ -63.5455, -37.7314 ] ] } },
{ "type": "Feature", "properties": { "nombre": "Camino sin nombre", "longitud_km": 9.95 }, "geometry": { "type": "LineString", "coordinates": [ [ -67.7037, -37.7823 ], [ -67.716, -37.7642 ], [ -67.7245, -37.7256 ], [ -67.7604, -37.7166 ] ] } },
{ "type": "Feature", "properties": { "nombre": "Camino sin nombre", "longitud_km": 0.7 }, "geometry": { "type": "LineString", "coordinates": [ [ -63.7406, -37.8854 ], [ -63.7434, -37.8913 ] ] } },
{ "type": "Feature", "properties": { "nombre": "Camino sin nombre", "longitud_km": 0.34 }, "geometry": { "type": "LineString", "coordinates": [ [ -63.8408, -37.8945 ], [ -63.8435, -37.8967 ] ] } },
{ "type": "Feature", "properties": { "nombre": "Camino sin nombre", "longitud_km": 1.84 }, "geometry": { "type": "LineString", "coordinates": [ [ -63.7434, -37.8913 ], [ -63.7431, -37.9078 ] ] } },
{ "type": "Feature", "properties": { "nombre": "Camino sin nombre", "longitud_km": 9.79 }, "geometry": { "type": "LineString", "coordinates": [ [ -67.713, -37.8687 ], [ -67.7165, -37.8527 ], [ -67.7065, -37.8316 ], [ -67.7037, -37.7823 ] ] } },
{ "type": "Feature", "properties": { "nombre": "Camino sin nombre", "longitud_km": 2.12 }, "geometry": { "type": "LineString", "coordinates": [ [ -63.5916, -37.9674 ], [ -63.6061, -37.9827 ] ] } },
{ "type": "Feature", "properties": { "nombre": "Camino sin nombre", "longitud_km": 5.46 }, "geometry": { "type": "LineString", "coordinates": [ [ -67.755, -37.8998 ], [ -67.7258, -37.8781 ], [ -67.7147, -37.8772 ], [ -67.713, -37.8687 ] ] } },
{ "type": "Feature", "properties": { "nombre": "Camino sin nombre", "longitud_km": 4.23 }, "geometry": { "type": "LineString", "coordinates": [ [ -67.8269, -37.9794 ], [ -67.8208, -37.9594 ], [ -67.8419, -37.9539 ] ] } },
{ "type": "Feature", "properties": { "nombre": "Camino sin nombre", "longitud_km": 10.81 }, "geometry": { "type": "LineString", "coordinates": [ [ -67.755, -37.8998 ], [ -67.7979, -37.906 ], [ -67.8284, -37.9321 ], [ -67.8249, -37.9348 ], [ -67.8419, -37.9539 ] ] } },
{ "type": "Feature", "properties": { "nombre": "Camino sin nombre", "longitud_km": 3.18 }, "geometry": { "type": "LineString", "coordinates": [ [ -67.1831, -38.2126 ], [ -67.167, -38.2198 ], [ -67.1557, -38.2089 ] ] } }
]
}
