{
"type": "FeatureCollection",
"name": "misiones",
"crs": { "type": "name", "properties": { "name": "urn:ogc:def:crs:OGC:1.3:CRS84" } },
"xy_coordinate_resolution": 0.0001,
"features": [
{ "type": "Feature", "properties": { "nombre": "Camino sin nombre", "longitud_km": 4.13 }, "geometry": { "type": "LineString", "coordinates": [ [ -55.4024, -27.1407 ], [ -55.3726, -27.1667 ] ] } },
{ "type": "Feature", "properties": { "nombre": "Camino sin nombre", "longitud_km": 0.53 }, "geometry": { "type": "LineString", "coordinates": [ [ -55.75, -27.4612 ], [ -55.7553, -27.4608 ] ] } },
{ "type": "Feature", "properties": { "nombre": "Camino sin nombre", "longitud_km": 1.19 }, "geometry": { "type": "LineString", "coordinates": [ [ -55.8678, -27.5 ], [ -55.8645, -27.4897 ] ] } },
{ "type": "Feature", "properties": { "nombre": "Camino sin nombre", "longitud_km": 4.39 }, "geometry": { "type": "LineString", "coordinates": [ [ -55.8682, -27.4167 ], [ -55.8609, -27.4519 ], [ -55.865, -27.4525 ] ] } },
{ "type": "Feature", "properties": { "nombre": "Camino sin nombre", "longitud_km": 2.92 }, "geometry": { "type": "LineString", "coordinates": [ [ -55.7697, -27.4955 ], [ -55.7667, -27.4693 ] ] } },
{ "type": "Feature", "properties": { "nombre": "Camino sin nombre", "longitud_km": 2.59 }, "geometry": { "type": "LineString", "coordinates": [ [ -55.3817, -27.0 ], [ -55.3725, -27.0098 ], [ -55.3726, -27.0204 ] ] } },
{ "type": "Feature", "properties": { "nombre": "Camino sin nombre", "longitud_km": 2.28 }, "geometry": { "type": "LineString", "coordinates": [ [ -55.2866, -27.0 ], [ -55.2882, -27.0153 ], [ -55.294, -27.0154 ] ] } },
{ "type": "Feature", "properties": { "nombre": "Camino sin nombre", "longitud_km": 1.99 }, "geometry": { "type": "LineString", "coordinates": [ [ -55.485, -27.1525 ], [ -55.5, -27.1644 ] ] } },
{ "type": "Feature", "properties": { "nombre": "Camino sin nombre", "longitud_km": 1.78 }, "geometry": { "type": "LineString", "coordinates": [ [ -54.1217, -25.624 ], [ -54.1042, -25.6212 ] ] } },
{ "type": "Feature", "properties": { "nombre": "Camino sin nombre", "longitud_km": 1.78 }, "geometry": { "type": "LineString", "coordinates": [ [ -54.111, -25.6113 ], [ -54.1217, -25.624 ] ] } },
{ "type": "Feature", "properties": { "nombre": "Camino sin nombre", "longitud_km": 0.81 }, "geometry": { "type": "LineString", "coordinates": [ [ -54.1217, -25.624 ], [ -54.1294, -25.626 ] ] } },
{ "type": "Feature", "properties": { "nombre": "Camino sin nombre", "longitud_km": 0.99 }, "geometry": { "type": "LineString", "coordinates": [ [ -54.6457, -25.6695 ], [ -54.6412, -25.6775 ] ] } },
{ "type": "Feature", "properties": { "nombre": "Camino sin nombre", "longitud_km": 1.41 }, "geometry": { "type": "LineString", "coordinates": [ [ -54.6496, -25.6672 ], [ -54.6412, -25.6775 ] ] } },
{ "type": "Feature", "properties": { "nombre": "Camino sin nombre", "longitud_km": 3.85 }, "geometry": { "type": "LineString", "coordinates": [ [ -54.0556, -25.6255 ], [ -54.0623, -25.6597 ] ] } },
{ "type": "Feature", "properties": { "nombre": "Camino sin nombre", "longitud_km": 0.02 }, "geometry": { "type": "LineString", "coordinates": [ [ -54.0623, -25.6597 ], [ -54.0624, -25.6599 ] ] } },
{ "type": "Feature", "properties": { "nombre": "Camino sin nombre", "longitud_km": 6.86 }, "geometry": { "type": "LineString", "coordinates": [ [ -54.1297, -25.649 ], [ -54.0624, -25.6599 ] ] } },
{ "type": "Feature", "properties": { "nombre": "Camino sin nombre", "longitud_km": 2.9 }, "geometry": { "type": "LineString", "coordinates": [ [ -53.9419, -25.653 ], [ -53.961, -25.6514 ], [ -53.9666, -25.6443 ] ] } },
{ "type": "Feature", "properties": { "nombre": "Camino sin nombre", "longitud_km": 2.17 }, "geometry": { "type": "LineString", "coordinates": [ [ -54.0623, -25.6597 ], [ -54.0422, -25.6667 ] ] } },
{ "type": "Feature", "properties": { "nombre": "Camino sin nombre", "longitud_km": 13.52 }, "geometry": { "type": "LineString", "coordinates": [ [ -54.559, -25.72 ], [ -54.5493, -25.7103 ], [ -54.5534, -25.6824 ], [ -54.5768, -25.6335 ], [ -54.5695, -25.6171 ], [ -54.5591, -25.6145 ] ] } },
{ "type": "Feature", "properties": { "nombre": "Camino sin nombre", "longitud_km": 0.77 }, "geometry": { "type": "LineString", "coordinates": [ [ -54.4402, -25.7079 ], [ -54.4409, -25.7148 ] ] } },
{ "type": "Feature", "properties": { "nombre": "Camino sin nombre", "longitud_km": 10.39 }, "geometry": { "type": "LineString", "coordinates": [ [ -54.6412, -25.6775 ], [ -54.6113, -25.6916 ], [ -54.587, -25.7219 ], [ -54.5585, -25.7205 ] ] } },
{ "type": "Feature", "properties": { "nombre": "Camino sin nombre", "longitud_km": 2.98 }, "geometry": { "type": "LineString", "coordinates": [ [ -54.5585, -25.7205 ], [ -54.5341, -25.7358 ] ] } },
{ "type": "Feature", "properties": { "nombre": "Camino sin nombre", "longitud_km": 6.64 }, "geometry": { "type": "LineString", "coordinates": [ [ -54.0624, -25.6599 ], [ -54.0845, -25.6885 ], [ -54.0881, -25.7133 ] ] } },
{ "type": "Feature", "properties": { "nombre": "Camino sin nombre", "longitud_km": 4.6 }, "geometry": { "type": "LineString", "coordinates": [ [ -54.4409, -25.7148 ], [ -54.4482, -25.7416 ], [ -54.443, -25.7546 ] ] } },
{ "type": "Feature", "properties": { "nombre": "Camino sin nombre", "longitud_km": 10.31 }, "geometry": { "type": "LineString", "coordinates": [ [ -54.5341, -25.7358 ], [ -54.519, -25.7394 ], [ -54.5053, -25.7563 ], [ -54.4867, -25.7498 ], [ -54.443, -25.7546 ] ] } },
{ "type": "Feature", "properties": { "nombre": "Camino sin nombre", "longitud_km": 14.21 }, "geometry": { "type": "LineString", "coordinates": [ [ -54.443, -25.7546 ], [ -54.4368, -25.7802 ], [ -54.4624, -25.7965 ], [ -54.4855, -25.8037 ], [ -54.5049, -25.8005 ], [ -54.5383, -25.8156 ] ] } },
{ "type": "Feature", "properties": { "nombre": "Camino sin nombre", "longitud_km": 13.65 }, "geometry": { "type": "LineString", "coordinates": [ [ -53.9706, -25.7854 ], [ -53.9775, -25.781 ], [ -53.9832, -25.758 ], [ -54.0179, -25.7351 ], [ -54.0671, -25.7282 ], [ -54.0742, -25.733 ] ] } },
{ "type": "Feature", "properties": { "nombre": "Camino sin nombre", "longitud_km": 1.81 }, "geometry": { "type": "LineString", "coordinates": [ [ -54.5383, -25.8156 ], [ -54.5437, -25.8312 ] ] } },
{ "type": "Feature", "properties": { "nombre": "Camino sin nombre", "longitud_km": 1.73 }, "geometry": { "type": "LineString", "coordinates": [ [ -54.5437, -25.8312 ], [ -54.5577, -25.8404 ] ] } },
{ "type": "Feature", "properties": { "nombre": "Camino sin nombre", "longitud_km": 0.17 }, "geometry": { "type": "LineString", "coordinates": [ [ -54.5579, -25.8446 ], [ -54.5596, -25.8448 ] ] } },
{ "type": "Feature", "properties": { "nombre": "Camino sin nombre", "longitud_km": 3.8 }, "geometry": { "type": "LineString", "coordinates": [ [ -54.5596, -25.8448 ], [ -54.5768, -25.857 ], [ -54.592, -25.8523 ] ] } },
{ "type": "Feature", "properties": { "nombre": "Camino sin nombre", "longitud_km": 1.25 }, "geometry": { "type": "LineString", "coordinates": [ [ -54.5596, -25.8448 ], [ -54.5599, -25.8561 ] ] } },
{ "type": "Feature", "properties": { "nombre": "Camino sin nombre", "longitud_km": 1.86 }, "geometry": { "type": "LineString", "coordinates": [ [ -54.5599, -25.8561 ], [ -54.5535, -25.8719 ] ] } },
{ "type": "Feature", "properties": { "nombre": "Camino sin nombre", "longitud_km": 4.92 }, "geometry": { "type": "LineString", "coordinates": [ [ -53.9346, -25.8358 ], [ -53.9334, -25.8223 ], [ -53.9423, -25.8169 ], [ -53.9407, -25.8099 ], [ -53.9473, -25.7972 ] ] } },
{ "type": "Feature", "properties": { "nombre": "Camino sin nombre", "longitud_km": 8.07 }, "geometry": { "type": "LineString", "coordinates": [ [ -54.5599, -25.8561 ], [ -54.5706, -25.8564 ], [ -54.5784, -25.8698 ], [ -54.5928, -25.8778 ], [ -54.5975, -25.8748 ], [ -54.5967, -25.8808 ], [ -54.6123, -25.8969 ] ] } },
{ "type": "Feature", "properties": { "nombre": "Camino sin nombre", "longitud_km": 0.47 }, "geometry": { "type": "LineString", "coordinates": [ [ -54.567, -25.9729 ], [ -54.5708, -25.9705 ] ] } },
{ "type": "Feature", "properties": { "nombre": "Camino sin nombre", "longitud_km": 4.6 }, "geometry": { "type": "LineString", "coordinates": [ [ -54.5279, -25.9063 ], [ -54.5329, -25.9049 ], [ -54.528, -25.8963 ], [ -54.5162, -25.8998 ], [ -54.5193, -25.9048 ], [ -54.53, -25.9017 ] ] } },
{ "type": "Feature", "properties": { "nombre": "Camino sin nombre", "longitud_km": 6.05 }, "geometry": { "type": "LineString", "coordinates": [ [ -54.5606, -25.9026 ], [ -54.5915, -25.9005 ], [ -54.6079, -25.9113 ], [ -54.617, -25.9115 ] ] } },
{ "type": "Feature", "properties": { "nombre": "Camino sin nombre", "longitud_km": 2.56 }, "geometry": { "type": "LineString", "coordinates": [ [ -54.538, -25.9067 ], [ -54.5505, -25.9095 ], [ -54.5602, -25.9021 ] ] } },
{ "type": "Feature", "properties": { "nombre": "Camino sin nombre", "longitud_km": 3.13 }, "geometry": { "type": "LineString", "coordinates": [ [ -54.6151, -25.9153 ], [ -54.5895, -25.9208 ], [ -54.5894, -25.9252 ] ] } },
{ "type": "Feature", "properties": { "nombre": "Camino sin nombre", "longitud_km": 1.49 }, "geometry": { "type": "LineString", "coordinates": [ [ -54.5894, -25.9252 ], [ -54.5751, -25.9218 ] ] } },
{ "type": "Feature", "properties": { "nombre": "Camino sin nombre", "longitud_km": 2.41 }, "geometry": { "type": "LineString", "coordinates": [ [ -54.5327, -25.9094 ], [ -54.5302, -25.9189 ], [ -54.5371, -25.9292 ] ] } },
{ "type": "Feature", "properties": { "nombre": "Camino sin nombre", "longitud_km": 3.89 }, "geometry": { "type": "LineString", "coordinates": [ [ -54.5751, -25.9218 ], [ -54.5371, -25.9292 ] ] } },
{ "type": "Feature", "properties": { "nombre": "Camino sin nombre", "longitud_km": 0.49 }, "geometry": { "type": "LineString", "coordinates": [ [ -54.5636, -25.9697 ], [ -54.567, -25.9729 ] ] } },
{ "type": "Feature", "properties": { "nombre": "Camino sin nombre", "longitud_km": 5.98 }, "geometry": { "type": "LineString", "coordinates": [ [ -54.5894, -25.9252 ], [ -54.5911, -25.9329 ], [ -54.5962, -25.9327 ], [ -54.5987, -25.955 ], [ -54.5935, -25.9562 ], [ -54.604, -25.9668 ] ] } },
{ "type": "Feature", "properties": { "nombre": "Camino sin nombre", "longitud_km": 5.31 }, "geometry": { "type": "LineString", "coordinates": [ [ -54.5371, -25.9292 ], [ -54.5586, -25.9512 ], [ -54.5607, -25.9696 ] ] } },
{ "type": "Feature", "properties": { "nombre": "Camino sin nombre", "longitud_km": 1.14 }, "geometry": { "type": "LineString", "coordinates": [ [ -54.567, -25.9729 ], [ -54.5729, -25.9818 ] ] } },
{ "type": "Feature", "properties": { "nombre": "Camino sin nombre", "longitud_km": 3.99 }, "geometry": { "type": "LineString", "coordinates": [ [ -54.5398, -25.9693 ], [ -54.5543, -25.9742 ], [ -54.5644, -25.9847 ], [ -54.5729, -25.9818 ] ] } },
{ "type": "Feature", "properties": { "nombre": "Camino sin nombre", "longitud_km": 1.34 }, "geometry": { "type": "LineString", "coordinates": [ [ -54.5729, -25.9818 ], [ -54.5832, -25.9895 ] ] } },
{ "type": "Feature", "properties": { "nombre": "Camino sin nombre", "longitud_km": 7.9 }, "geometry": { "type": "LineString", "coordinates": [ [ -54.2505, -25.9071 ], [ -54.2486, -25.9226 ], [ -54.235, -25.9311 ], [ -54.2277, -25.9465 ], [ -54.2277, -25.9521 ], [ -54.2413, -25.9658 ] ] } },
{ "type": "Feature", "properties": { "nombre": "Camino sin nombre", "longitud_km": 7.1 }, "geometry": { "type": "LineString", "coordinates": [ [ -54.4853, -25.981 ], [ -54.4768, -25.9724 ], [ -54.4922, -25.9675 ], [ -54.5241, -25.9657 ], [ -54.5272, -25.9742 ] ] } },
{ "type": "Feature", "properties": { "nombre": "Camino sin nombre", "longitud_km": 4.78 }, "geometry": { "type": "LineString", "coordinates": [ [ -54.6554, -26.0161 ], [ -54.656, -26.0019 ], [ -54.6492, -25.9922 ], [ -54.6592, -25.9915 ], [ -54.6613, -25.9833 ] ] } },
{ "type": "Feature", "properties": { "nombre": "Camino sin nombre", "longitud_km": 3.32 }, "geometry": { "type": "LineString", "coordinates": [ [ -54.626, -25.9871 ], [ -54.6262, -25.9923 ], [ -54.6399, -25.9921 ], [ -54.6293, -26.0 ] ] } },
{ "type": "Feature", "properties": { "nombre": "Camino sin nombre", "longitud_km": 1.75 }, "geometry": { "type": "LineString", "coordinates": [ [ -54.6554, -26.0161 ], [ -54.6553, -26.0195 ], [ -54.6416, -26.0189 ] ] } },
{ "type": "Feature", "properties": { "nombre": "Camino sin nombre", "longitud_km": 1.89 }, "geometry": { "type": "LineString", "coordinates": [ [ -54.6742, -26.0166 ], [ -54.6554, -26.0161 ] ] } },
{ "type": "Feature", "properties": { "nombre": "Camino sin nombre", "longitud_km": 6.69 }, "geometry": { "type": "LineString", "coordinates": [ [ -54.3205, -25.9427 ], [ -54.3309, -25.9708 ], [ -54.3345, -26.0014 ] ] } },
{ "type": "Feature", "properties": { "nombre": "Camino sin nombre", "longitud_km": 15.34 }, "geometry": { "type": "LineString", "coordinates": [ [ -54.2555, -25.978 ], [ -54.2481, -25.9909 ], [ -54.23, -25.997 ], [ -54.215, -26.0127 ], [ -54.2063, -26.0075 ], [ -54.1984, -26.0174 ], [ -54.1769, -26.0238 ], [ -54.15, -26.0262 ], [ -54.1292, -26.0225 ] ] } },
{ "type": "Feature", "properties": { "nombre": "Camino sin nombre", "longitud_km": 1.12 }, "geometry": { "type": "LineString", "coordinates": [ [ -54.6136, -26.0232 ], [ -54.6131, -26.0131 ] ] } },
{ "type": "Feature", "properties": { "nombre": "Camino sin nombre", "longitud_km": 0.07 }, "geometry": { "type": "LineString", "coordinates": [ [ -54.6143, -26.0233 ], [ -54.6136, -26.0232 ] ] } },
{ "type": "Feature", "properties": { "nombre": "Camino sin nombre", "longitud_km": 3.19 }, "geometry": { "type": "LineString", "coordinates": [ [ -54.6416, -26.0189 ], [ -54.634, -26.0186 ], [ -54.6325, -26.0238 ], [ -54.6143, -26.0233 ] ] } },
{ "type": "Feature", "properties": { "nombre": "Camino sin nombre", "longitud_km": 2.79 }, "geometry": { "type": "LineString", "coordinates": [ [ -54.6136, -26.0232 ], [ -54.586, -26.0194 ] ] } },
{ "type": "Feature", "properties": { "nombre": "Camino sin nombre", "longitud_km": 4.23 }, "geometry": { "type": "LineString", "coordinates": [ [ -54.6416, -26.0189 ], [ -54.641, -26.028 ], [ -54.6657, -26.0294 ], [ -54.6661, -26.0227 ] ] } },
{ "type": "Feature", "properties": { "nombre": "Camino sin nombre", "longitud_km": 2.7 }, "geometry": { "type": "LineString", "coordinates": [ [ -54.611, -26.0475 ], [ -54.6143, -26.0233 ] ] } },
{ "type": "Feature", "properties": { "nombre": "Camino sin nombre", "longitud_km": 2.47 }, "geometry": { "type": "LineString", "coordinates": [ [ -54.611, -26.0475 ], [ -54.5963, -26.0517 ], [ -54.5879, -26.0483 ] ] } },
{ "type": "Feature", "properties": { "nombre": "Camino sin nombre", "longitud_km": 4.35 }, "geometry": { "type": "LineString", "coordinates": [ [ -54.6519, -26.0581 ], [ -54.6295, -26.0482 ], [ -54.611, -26.0475 ] ] } },
{ "type": "Feature", "properties": { "nombre": "Camino sin nombre", "longitud_km": 4.75 }, "geometry": { "type": "LineString", "coordinates": [ [ -54.5732, -26.0737 ], [ -54.5589, -26.0646 ], [ -54.5293, -26.0603 ] ] } },
{ "type": "Feature", "properties": { "nombre": "Camino sin nombre", "longitud_km": 1.67 }, "geometry": { "type": "LineString", "coordinates": [ [ -54.5892, -26.078 ], [ -54.5732, -26.0737 ] ] } },
{ "type": "Feature", "properties": { "nombre": "Camino sin nombre", "longitud_km": 4.66 }, "geometry": { "type": "LineString", "coordinates": [ [ -54.6156, -26.0874 ], [ -54.6169, -26.0671 ], [ -54.6107, -26.0609 ], [ -54.611, -26.0475 ] ] } },
{ "type": "Feature", "properties": { "nombre": "Camino sin nombre", "longitud_km": 1.03 }, "geometry": { "type": "LineString", "coordinates": [ [ -54.6156, -26.0874 ], [ -54.6055, -26.0893 ] ] } },
{ "type": "Feature", "properties": { "nombre": "Camino sin nombre", "longitud_km": 2.06 }, "geometry": { "type": "LineString", "coordinates": [ [ -54.6055, -26.0893 ], [ -54.5892, -26.078 ] ] } },
{ "type": "Feature", "properties": { "nombre": "Camino sin nombre", "longitud_km": 3.09 }, "geometry": { "type": "LineString", "coordinates": [ [ -54.6409, -26.1009 ], [ -54.6232, -26.0963 ], [ -54.6156, -26.0874 ] ] } },
{ "type": "Feature", "properties": { "nombre": "Camino sin nombre", "longitud_km": 9.1 }, "geometry": { "type": "LineString", "coordinates": [ [ -54.398, -26.0221 ], [ -54.4032, -26.0338 ], [ -54.4113, -26.0309 ], [ -54.4087, -26.0571 ], [ -54.403, -26.0605 ], [ -54.4049, -26.0896 ] ] } },
{ "type": "Feature", "properties": { "nombre": "Camino sin nombre", "longitud_km": 1.53 }, "geometry": { "type": "LineString", "coordinates": [ [ -53.7638, -26.0527 ], [ -53.7561, -26.057 ], [ -53.7557, -26.0626 ] ] } },
{ "type": "Feature", "properties": { "nombre": "Camino sin nombre", "longitud_km": 5.68 }, "geometry": { "type": "LineString", "coordinates": [ [ -54.6055, -26.0893 ], [ -54.6069, -26.1196 ], [ -54.5987, -26.1209 ], [ -54.5852, -26.1149 ] ] } },
{ "type": "Feature", "properties": { "nombre": "Camino sin nombre", "longitud_km": 14.87 }, "geometry": { "type": "LineString", "coordinates": [ [ -53.806, -26.0355 ], [ -53.8103, -26.0472 ], [ -53.837, -26.0547 ], [ -53.8385, -26.0656 ], [ -53.8304, -26.0735 ], [ -53.8134, -26.0794 ], [ -53.7886, -26.08 ], [ -53.779, -26.0599 ], [ -53.7672, -26.0506 ] ] } },
{ "type": "Feature", "properties": { "nombre": "Camino sin nombre", "longitud_km": 14.82 }, "geometry": { "type": "LineString", "coordinates": [ [ -54.4049, -26.0896 ], [ -54.4125, -26.0983 ], [ -54.4397, -26.1061 ], [ -54.468, -26.0936 ], [ -54.4894, -26.1319 ], [ -54.5161, -26.1406 ] ] } },
{ "type": "Feature", "properties": { "nombre": "Camino sin nombre", "longitud_km": 9.85 }, "geometry": { "type": "LineString", "coordinates": [ [ -54.5161, -26.1406 ], [ -54.5311, -26.1139 ], [ -54.5673, -26.0933 ], [ -54.5732, -26.0737 ] ] } },
{ "type": "Feature", "properties": { "nombre": "Camino sin nombre", "longitud_km": 7.17 }, "geometry": { "type": "LineString", "coordinates": [ [ -54.5161, -26.1406 ], [ -54.5334, -26.1468 ], [ -54.539, -26.1409 ], [ -54.551, -26.1415 ], [ -54.5659, -26.1349 ], [ -54.5816, -26.1368 ] ] } },
{ "type": "Feature", "properties": { "nombre": "Camino sin nombre", "longitud_km": 25.15 }, "geometry": { "type": "LineString", "coordinates": [ [ -54.4379, -26.1928 ], [ -54.4271, -26.1682 ], [ -54.404, -26.1537 ], [ -54.3648, -26.1551 ], [ -54.3558, -26.1475 ], [ -54.3423, -26.1508 ], [ -54.3317, -26.1393 ], [ -54.3413, -26.1306 ], [ -54.3417, -26.1055 ], [ -54.3511, -26.0932 ], [ -54.4049, -26.0896 ] ] } },
{ "type": "Feature", "properties": { "nombre": "Camino sin nombre", "longitud_km": 3.64 }, "geometry": { "type": "LineString", "coordinates": [ [ -54.6297, -26.2306 ], [ -54.6067, -26.2298 ], [ -54.5976, -26.2387 ] ] } },
{ "type": "Feature", "properties": { "nombre": "Camino sin nombre", "longitud_km": 35.69 }, "geometry": { "type": "LineString", "coordinates": [ [ -54.5976, -26.2387 ], [ -54.5683, -26.2371 ], [ -54.5413, -26.2499 ], [ -54.5348, -26.2451 ], [ -54.5247, -26.2477 ], [ -54.5189, -26.241 ], [ -54.5011, -26.2465 ], [ -54.4521, -26.243 ], [ -54.4458, -26.2388 ], [ -54.4182, -26.2468 ], [ -54.3935, -26.244 ], [ -54.3817, -26.2471 ], [ -54.3721, -26.2431 ], [ -54.3618, -26.2502 ], [ -54.3375, -26.2484 ], [ -54.3342, -26.2364 ], [ -54.3494, -26.2172 ], [ -54.3555, -26.1958 ], [ -54.3507, -26.1833 ] ] } },
{ "type": "Feature", "properties": { "nombre": "Camino sin nombre", "longitud_km": 4.42 }, "geometry": { "type": "LineString", "coordinates": [ [ -54.6174, -26.2951 ], [ -54.6544, -26.2851 ], [ -54.6592, -26.2877 ] ] } },
{ "type": "Feature", "properties": { "nombre": "Camino sin nombre", "longitud_km": 3.6 }, "geometry": { "type": "LineString", "coordinates": [ [ -54.4537, -26.296 ], [ -54.4176, -26.2967 ] ] } },
{ "type": "Feature", "properties": { "nombre": "Camino sin nombre", "longitud_km": 16.37 }, "geometry": { "type": "LineString", "coordinates": [ [ -54.5846, -26.3104 ], [ -54.5715, -26.3028 ], [ -54.551, -26.301 ], [ -54.5545, -26.2923 ], [ -54.5491, -26.2885 ], [ -54.5343, -26.2892 ], [ -54.5032, -26.2762 ], [ -54.4943, -26.2792 ], [ -54.4803, -26.2983 ], [ -54.4537, -26.296 ] ] } },
{ "type": "Feature", "properties": { "nombre": "Camino sin nombre", "longitud_km": 1.54 }, "geometry": { "type": "LineString", "coordinates": [ [ -54.599, -26.3153 ], [ -54.5846, -26.3104 ] ] } },
{ "type": "Feature", "properties": { "nombre": "Camino sin nombre", "longitud_km": 3.55 }, "geometry": { "type": "LineString", "coordinates": [ [ -54.599, -26.3153 ], [ -54.6015, -26.298 ], [ -54.6174, -26.2951 ] ] } },
{ "type": "Feature", "properties": { "nombre": "Camino sin nombre", "longitud_km": 1.92 }, "geometry": { "type": "LineString", "coordinates": [ [ -54.6153, -26.3246 ], [ -54.599, -26.3153 ] ] } },
{ "type": "Feature", "properties": { "nombre": "Camino sin nombre", "longitud_km": 1.73 }, "geometry": { "type": "LineString", "coordinates": [ [ -54.5795, -26.3299 ], [ -54.5734, -26.3238 ], [ -54.5651, -26.3234 ] ] } },
{ "type": "Feature", "properties": { "nombre": "Camino sin nombre", "longitud_km": 2.22 }, "geometry": { "type": "LineString", "coordinates": [ [ -54.5846, -26.3104 ], [ -54.5795, -26.3299 ] ] } },
{ "type": "Feature", "properties": { "nombre": "Camino sin nombre", "longitud_km": 5.56 }, "geometry": { "type": "LineString", "coordinates": [ [ -54.6649, -26.3374 ], [ -54.6419, -26.3316 ], [ -54.626, -26.3347 ], [ -54.6153, -26.3246 ] ] } },
{ "type": "Feature", "properties": { "nombre": "Camino sin nombre", "longitud_km": 1.96 }, "geometry": { "type": "LineString", "coordinates": [ [ -54.6654, -26.4074 ], [ -54.6648, -26.4251 ] ] } },
{ "type": "Feature", "properties": { "nombre": "Camino sin nombre", "longitud_km": 12.87 }, "geometry": { "type": "LineString", "coordinates": [ [ -54.5013, -26.3661 ], [ -54.5074, -26.3533 ], [ -54.5059, -26.339 ], [ -54.468, -26.3339 ], [ -54.468, -26.3221 ], [ -54.4562, -26.3232 ], [ -54.4468, -26.3044 ], [ -54.4537, -26.296 ] ] } },
{ "type": "Feature", "properties": { "nombre": "Camino sin nombre", "longitud_km": 6.03 }, "geometry": { "type": "LineString", "coordinates": [ [ -54.5795, -26.3299 ], [ -54.577, -26.3694 ], [ -54.5717, -26.3835 ] ] } },
{ "type": "Feature", "properties": { "nombre": "Camino sin nombre", "longitud_km": 3.14 }, "geometry": { "type": "LineString", "coordinates": [ [ -54.6662, -26.3886 ], [ -54.6844, -26.391 ], [ -54.6943, -26.3832 ] ] } },
{ "type": "Feature", "properties": { "nombre": "Camino sin nombre", "longitud_km": 10.35 }, "geometry": { "type": "LineString", "coordinates": [ [ -54.4297, -26.3821 ], [ -54.4285, -26.3626 ], [ -54.4378, -26.355 ], [ -54.4625, -26.3584 ], [ -54.482, -26.3501 ], [ -54.4978, -26.365 ] ] } },
{ "type": "Feature", "properties": { "nombre": "Camino sin nombre", "longitud_km": 0.98 }, "geometry": { "type": "LineString", "coordinates": [ [ -54.6662, -26.3886 ], [ -54.6658, -26.3974 ] ] } },
{ "type": "Feature", "properties": { "nombre": "Camino sin nombre", "longitud_km": 2.72 }, "geometry": { "type": "LineString", "coordinates": [ [ -54.6658, -26.3974 ], [ -54.6931, -26.3981 ] ] } },
{ "type": "Feature", "properties": { "nombre": "Camino sin nombre", "longitud_km": 4.4 }, "geometry": { "type": "LineString", "coordinates": [ [ -54.6335, -26.3981 ], [ -54.6365, -26.3856 ], [ -54.6662, -26.3886 ] ] } },
{ "type": "Feature", "properties": { "nombre": "Camino sin nombre", "longitud_km": 1.73 }, "geometry": { "type": "LineString", "coordinates": [ [ -54.5717, -26.3835 ], [ -54.5649, -26.3872 ], [ -54.5643, -26.3956 ] ] } },
{ "type": "Feature", "properties": { "nombre": "Camino sin nombre", "longitud_km": 1.11 }, "geometry": { "type": "LineString", "coordinates": [ [ -54.6658, -26.3974 ], [ -54.6654, -26.4074 ] ] } },
{ "type": "Feature", "properties": { "nombre": "Camino sin nombre", "longitud_km": 4.13 }, "geometry": { "type": "LineString", "coordinates": [ [ -54.5717, -26.3835 ], [ -54.5858, -26.384 ], [ -54.5857, -26.4085 ] ] } },
{ "type": "Feature", "properties": { "nombre": "Camino sin nombre", "longitud_km": 1.97 }, "geometry": { "type": "LineString", "coordinates": [ [ -54.645, -26.4247 ], [ -54.6648, -26.4251 ] ] } },
{ "type": "Feature", "properties": { "nombre": "Camino sin nombre", "longitud_km": 4.86 }, "geometry": { "type": "LineString", "coordinates": [ [ -54.645, -26.4247 ], [ -54.6205, -26.4237 ], [ -54.6198, -26.415 ], [ -54.6073, -26.4084 ] ] } },
{ "type": "Feature", "properties": { "nombre": "Camino sin nombre", "longitud_km": 3.19 }, "geometry": { "type": "LineString", "coordinates": [ [ -54.6648, -26.4251 ], [ -54.6961, -26.4309 ] ] } },
{ "type": "Feature", "properties": { "nombre": "Camino sin nombre", "longitud_km": 7.25 }, "geometry": { "type": "LineString", "coordinates": [ [ -54.4173, -26.4404 ], [ -54.4055, -26.4378 ], [ -54.3907, -26.404 ], [ -54.3715, -26.3987 ] ] } },
{ "type": "Feature", "properties": { "nombre": "Camino sin nombre", "longitud_km": 8.27 }, "geometry": { "type": "LineString", "coordinates": [ [ -54.4173, -26.4404 ], [ -54.4305, -26.4362 ], [ -54.4558, -26.4384 ], [ -54.4795, -26.4171 ], [ -54.4781, -26.4082 ] ] } },
{ "type": "Feature", "properties": { "nombre": "Camino sin nombre", "longitud_km": 21.53 }, "geometry": { "type": "LineString", "coordinates": [ [ -54.5549, -26.4076 ], [ -54.5574, -26.4367 ], [ -54.5626, -26.4456 ], [ -54.5466, -26.4479 ], [ -54.5431, -26.4591 ], [ -54.4998, -26.443 ], [ -54.4445, -26.4524 ], [ -54.4293, -26.4428 ], [ -54.4271, -26.4493 ], [ -54.4173, -26.4404 ] ] } },
{ "type": "Feature", "properties": { "nombre": "Camino sin nombre", "longitud_km": 1.58 }, "geometry": { "type": "LineString", "coordinates": [ [ -54.726, -26.4717 ], [ -54.7109, -26.476 ] ] } },
{ "type": "Feature", "properties": { "nombre": "Camino sin nombre", "longitud_km": 3.4 }, "geometry": { "type": "LineString", "coordinates": [ [ -54.7319, -26.4758 ], [ -54.7122, -26.4863 ], [ -54.7076, -26.4772 ] ] } },
{ "type": "Feature", "properties": { "nombre": "Camino sin nombre", "longitud_km": 2.56 }, "geometry": { "type": "LineString", "coordinates": [ [ -53.8717, -26.4609 ], [ -53.8807, -26.4393 ] ] } },
{ "type": "Feature", "properties": { "nombre": "Camino sin nombre", "longitud_km": 13.46 }, "geometry": { "type": "LineString", "coordinates": [ [ -54.5962, -26.522 ], [ -54.5905, -26.5148 ], [ -54.5864, -26.4904 ], [ -54.5929, -26.4798 ], [ -54.5936, -26.4568 ], [ -54.6044, -26.4483 ], [ -54.6056, -26.4084 ] ] } },
{ "type": "Feature", "properties": { "nombre": "Camino sin nombre", "longitud_km": 6.9 }, "geometry": { "type": "LineString", "coordinates": [ [ -54.7015, -26.4793 ], [ -54.7268, -26.5135 ], [ -54.7186, -26.5334 ] ] } },
{ "type": "Feature", "properties": { "nombre": "Camino sin nombre", "longitud_km": 0.99 }, "geometry": { "type": "LineString", "coordinates": [ [ -54.6007, -26.53 ], [ -54.5962, -26.522 ] ] } },
{ "type": "Feature", "properties": { "nombre": "Camino sin nombre", "longitud_km": 6.01 }, "geometry": { "type": "LineString", "coordinates": [ [ -54.7248, -26.5385 ], [ -54.7475, -26.5275 ], [ -54.7573, -26.5043 ], [ -54.7554, -26.4982 ] ] } },
{ "type": "Feature", "properties": { "nombre": "Camino sin nombre", "longitud_km": 4.57 }, "geometry": { "type": "LineString", "coordinates": [ [ -54.7427, -26.5716 ], [ -54.7475, -26.581 ], [ -54.737, -26.6103 ] ] } },
{ "type": "Feature", "properties": { "nombre": "Camino sin nombre", "longitud_km": 2.37 }, "geometry": { "type": "LineString", "coordinates": [ [ -54.7797, -26.6075 ], [ -54.768, -26.6261 ] ] } },
{ "type": "Feature", "properties": { "nombre": "Camino sin nombre", "longitud_km": 1.93 }, "geometry": { "type": "LineString", "coordinates": [ [ -54.768, -26.6261 ], [ -54.7844, -26.6354 ] ] } },
{ "type": "Feature", "properties": { "nombre": "Camino sin nombre", "longitud_km": 2.28 }, "geometry": { "type": "LineString", "coordinates": [ [ -54.768, -26.6261 ], [ -54.753, -26.6417 ] ] } },
{ "type": "Feature", "properties": { "nombre": "Camino sin nombre", "longitud_km": 3.31 }, "geometry": { "type": "LineString", "coordinates": [ [ -54.1248, -26.6031 ], [ -54.0966, -26.6033 ], [ -54.095, -26.6076 ] ] } },
{ "type": "Feature", "properties": { "nombre": "Camino sin nombre", "longitud_km": 1.41 }, "geometry": { "type": "LineString", "coordinates": [ [ -54.1285, -26.6154 ], [ -54.1248, -26.6031 ] ] } },
{ "type": "Feature", "properties": { "nombre": "Camino sin nombre", "longitud_km": 4.53 }, "geometry": { "type": "LineString", "coordinates": [ [ -54.1529, -26.6171 ], [ -54.1481, -26.6033 ], [ -54.1358, -26.5952 ], [ -54.1248, -26.6031 ] ] } },
{ "type": "Feature", "properties": { "nombre": "Camino sin nombre", "longitud_km": 6.15 }, "geometry": { "type": "LineString", "coordinates": [ [ -54.0514, -26.6161 ], [ -54.0421, -26.602 ], [ -54.028, -26.596 ], [ -54.0091, -26.5985 ], [ -54.0074, -26.6063 ] ] } },
{ "type": "Feature", "properties": { "nombre": "Camino sin nombre", "longitud_km": 3.01 }, "geometry": { "type": "LineString", "coordinates": [ [ -54.1345, -26.6124 ], [ -54.1391, -26.6279 ], [ -54.1319, -26.6369 ] ] } },
{ "type": "Feature", "properties": { "nombre": "Camino sin nombre", "longitud_km": 11.17 }, "geometry": { "type": "LineString", "coordinates": [ [ -53.9346, -26.5731 ], [ -53.9376, -26.5816 ], [ -53.9476, -26.5802 ], [ -53.9482, -26.5847 ], [ -53.936, -26.5947 ], [ -53.9405, -26.6049 ], [ -53.9383, -26.6173 ], [ -53.914, -26.6287 ], [ -53.897, -26.6285 ] ] } },
{ "type": "Feature", "properties": { "nombre": "Camino sin nombre", "longitud_km": 5.36 }, "geometry": { "type": "LineString", "coordinates": [ [ -54.1192, -26.6202 ], [ -54.0814, -26.6388 ], [ -54.08, -26.6483 ] ] } },
{ "type": "Feature", "properties": { "nombre": "Camino sin nombre", "longitud_km": 3.47 }, "geometry": { "type": "LineString", "coordinates": [ [ -54.8142, -26.7162 ], [ -54.8486, -26.7109 ] ] } },
{ "type": "Feature", "properties": { "nombre": "Camino sin nombre", "longitud_km": 7.88 }, "geometry": { "type": "LineString", "coordinates": [ [ -54.918, -26.6721 ], [ -54.9072, -26.6883 ], [ -54.8927, -26.6958 ], [ -54.8647, -26.7232 ] ] } },
{ "type": "Feature", "properties": { "nombre": "Camino sin nombre", "longitud_km": 7.79 }, "geometry": { "type": "LineString", "coordinates": [ [ -54.9424, -26.7262 ], [ -54.9168, -26.7334 ], [ -54.9003, -26.7206 ], [ -54.8729, -26.7307 ] ] } },
{ "type": "Feature", "properties": { "nombre": "Camino sin nombre", "longitud_km": 16.86 }, "geometry": { "type": "LineString", "coordinates": [ [ -54.737, -26.6103 ], [ -54.7221, -26.6199 ], [ -54.7268, -26.6305 ], [ -54.7234, -26.6446 ], [ -54.7307, -26.6511 ], [ -54.7229, -26.6605 ], [ -54.7233, -26.6674 ], [ -54.7329, -26.677 ], [ -54.7226, -26.6953 ], [ -54.7215, -26.7067 ], [ -54.7147, -26.7114 ], [ -54.7325, -26.7362 ] ] } },
{ "type": "Feature", "properties": { "nombre": "Camino sin nombre", "longitud_km": 9.66 }, "geometry": { "type": "LineString", "coordinates": [ [ -54.7325, -26.7362 ], [ -54.7562, -26.7423 ], [ -54.7726, -26.7408 ], [ -54.7931, -26.7155 ], [ -54.8142, -26.7162 ] ] } },
{ "type": "Feature", "properties": { "nombre": "Camino sin nombre", "longitud_km": 5.2 }, "geometry": { "type": "LineString", "coordinates": [ [ -54.9024, -26.7889 ], [ -54.9226, -26.7757 ], [ -54.9499, -26.7767 ] ] } },
{ "type": "Feature", "properties": { "nombre": "Camino sin nombre", "longitud_km": 1.42 }, "geometry": { "type": "LineString", "coordinates": [ [ -55.0261, -26.8048 ], [ -55.0263, -26.792 ] ] } },
{ "type": "Feature", "properties": { "nombre": "Camino sin nombre", "longitud_km": 12.0 }, "geometry": { "type": "LineString", "coordinates": [ [ -54.7325, -26.7362 ], [ -54.683, -26.7635 ], [ -54.6783, -26.7717 ], [ -54.669, -26.77 ], [ -54.6543, -26.7754 ], [ -54.6521, -26.787 ], [ -54.6624, -26.7952 ] ] } },
{ "type": "Feature", "properties": { "nombre": "Camino sin nombre", "longitud_km": 3.86 }, "geometry": { "type": "LineString", "coordinates": [ [ -55.0179, -26.8206 ], [ -55.0061, -26.8109 ], [ -55.0088, -26.8068 ], [ -55.0261, -26.8048 ] ] } },
{ "type": "Feature", "properties": { "nombre": "Camino sin nombre", "longitud_km": 17.3 }, "geometry": { "type": "LineString", "coordinates": [ [ -54.6624, -26.7952 ], [ -54.6694, -26.8206 ], [ -54.6929, -26.8221 ], [ -54.7018, -26.8269 ], [ -54.7205, -26.7867 ], [ -54.7441, -26.7791 ], [ -54.754, -26.7816 ], [ -54.7772, -26.7692 ] ] } },
{ "type": "Feature", "properties": { "nombre": "Camino sin nombre", "longitud_km": 6.65 }, "geometry": { "type": "LineString", "coordinates": [ [ -55.044, -26.8639 ], [ -55.0271, -26.8647 ], [ -55.0179, -26.8206 ] ] } },
{ "type": "Feature", "properties": { "nombre": "Camino sin nombre", "longitud_km": 8.52 }, "geometry": { "type": "LineString", "coordinates": [ [ -54.8839, -26.8535 ], [ -54.8726, -26.84 ], [ -54.8744, -26.8259 ], [ -54.8945, -26.7927 ], [ -54.9024, -26.7889 ] ] } },
{ "type": "Feature", "properties": { "nombre": "Camino sin nombre", "longitud_km": 7.54 }, "geometry": { "type": "LineString", "coordinates": [ [ -54.8839, -26.8535 ], [ -54.8943, -26.834 ], [ -54.8932, -26.8225 ], [ -54.9297, -26.8103 ] ] } },
{ "type": "Feature", "properties": { "nombre": "Camino sin nombre", "longitud_km": 0.12 }, "geometry": { "type": "LineString", "coordinates": [ [ -55.0452, -26.8638 ], [ -55.044, -26.8639 ] ] } },
{ "type": "Feature", "properties": { "nombre": "Camino sin nombre", "longitud_km": 3.16 }, "geometry": { "type": "LineString", "coordinates": [ [ -55.1128, -26.8476 ], [ -55.1071, -26.8505 ], [ -55.1081, -26.8731 ] ] } },
{ "type": "Feature", "properties": { "nombre": "Camino sin nombre", "longitud_km": 3.12 }, "geometry": { "type": "LineString", "coordinates": [ [ -55.1356, -26.8627 ], [ -55.1179, -26.8737 ], [ -55.1081, -26.8731 ] ] } },
{ "type": "Feature", "properties": { "nombre": "Camino sin nombre", "longitud_km": 0.84 }, "geometry": { "type": "LineString", "coordinates": [ [ -55.1081, -26.8731 ], [ -55.108, -26.8807 ] ] } },
{ "type": "Feature", "properties": { "nombre": "Camino sin nombre", "longitud_km": 3.54 }, "geometry": { "type": "LineString", "coordinates": [ [ -55.1433, -26.8766 ], [ -55.108, -26.8807 ] ] } },
{ "type": "Feature", "properties": { "nombre": "Camino sin nombre", "longitud_km": 3.36 }, "geometry": { "type": "LineString", "coordinates": [ [ -55.108, -26.8807 ], [ -55.108, -26.8982 ], [ -55.1176, -26.9077 ] ] } },
{ "type": "Feature", "properties": { "nombre": "Camino sin nombre", "longitud_km": 2.43 }, "geometry": { "type": "LineString", "coordinates": [ [ -55.1176, -26.9077 ], [ -55.142, -26.9066 ] ] } },
{ "type": "Feature", "properties": { "nombre": "Camino sin nombre", "longitud_km": 0.52 }, "geometry": { "type": "LineString", "coordinates": [ [ -55.1176, -26.9077 ], [ -55.1174, -26.9123 ] ] } },
{ "type": "Feature", "properties": { "nombre": "Camino sin nombre", "longitud_km": 6.4 }, "geometry": { "type": "LineString", "coordinates": [ [ -54.888, -26.9081 ], [ -54.893, -26.9011 ], [ -54.8936, -26.8848 ], [ -54.8853, -26.87 ], [ -54.8839, -26.8535 ] ] } },
{ "type": "Feature", "properties": { "nombre": "Camino sin nombre", "longitud_km": 57.79 }, "geometry": { "type": "LineString", "coordinates": [ [ -54.4012, -26.8756 ], [ -54.4442, -26.8352 ], [ -54.445, -26.8219 ], [ -54.4578, -26.8084 ], [ -54.4491, -26.7937 ], [ -54.4505, -26.7805 ], [ -54.5268, -26.769 ], [ -54.5434, -26.7612 ], [ -54.5471, -26.757 ], [ -54.5444, -26.7412 ], [ -54.5514, -26.73 ], [ -54.5381, -26.7167 ], [ -54.5388, -26.7092 ], [ -54.5482, -26.706 ], [ -54.5476, -26.7 ], [ -54.5663, -26.6976 ], [ -54.5672, -26.6843 ], [ -54.6212, -26.6909 ], [ -54.6468, -26.6789 ], [ -54.6557, -26.6849 ], [ -54.6818, -26.6545 ], [ -54.678, -26.6409 ], [ -54.6973, -26.6205 ], [ -54.7049, -26.597 ], [ -54.7271, -26.5818 ] ] } },
{ "type": "Feature", "properties": { "nombre": "Camino sin nombre", "longitud_km": 30.42 }, "geometry": { "type": "LineString", "coordinates": [ [ -54.1319, -26.6369 ], [ -54.1073, -26.6617 ], [ -54.1109, -26.6684 ], [ -54.1034, -26.6759 ], [ -54.1038, -26.6839 ], [ -54.0985, -26.6863 ], [ -54.1007, -26.6965 ], [ -54.0847, -26.7078 ], [ -54.0619, -26.7136 ], [ -54.0494, -26.7267 ], [ -54.0499, -26.7593 ], [ -54.0373, -26.7612 ], [ -54.0365, -26.7728 ], [ -54.0225, -26.802 ], [ -54.018, -26.8155 ], [ -54.0229, -26.8227 ], [ -54.0234, -26.8381 ], [ -54.019, -26.8454 ], [ -54.0214, -26.8496 ], [ -54.0168, -26.8523 ] ] } },
{ "type": "Feature", "properties": { "nombre": "Camino sin nombre", "longitud_km": 2.28 }, "geometry": { "type": "LineString", "coordinates": [ [ -55.1174, -26.9123 ], [ -55.1316, -26.9125 ], [ -55.1317, -26.9203 ] ] } },
{ "type": "Feature", "properties": { "nombre": "Camino sin nombre", "longitud_km": 2.64 }, "geometry": { "type": "LineString", "coordinates": [ [ -55.1174, -26.9123 ], [ -55.117, -26.9301 ], [ -55.1112, -26.9333 ] ] } },
{ "type": "Feature", "properties": { "nombre": "Camino sin nombre", "longitud_km": 0.89 }, "geometry": { "type": "LineString", "coordinates": [ [ -55.1112, -26.9333 ], [ -55.1201, -26.9337 ] ] } },
{ "type": "Feature", "properties": { "nombre": "Camino sin nombre", "longitud_km": 3.4 }, "geometry": { "type": "LineString", "coordinates": [ [ -55.08, -26.9402 ], [ -55.0895, -26.933 ], [ -55.1112, -26.9333 ] ] } },
{ "type": "Feature", "properties": { "nombre": "Camino sin nombre", "longitud_km": 2.82 }, "geometry": { "type": "LineString", "coordinates": [ [ -55.1112, -26.9333 ], [ -55.1008, -26.9394 ], [ -55.1006, -26.9537 ] ] } },
{ "type": "Feature", "properties": { "nombre": "Camino sin nombre", "longitud_km": 0.38 }, "geometry": { "type": "LineString", "coordinates": [ [ -55.1006, -26.9537 ], [ -55.0968, -26.9537 ] ] } },
{ "type": "Feature", "properties": { "nombre": "Camino sin nombre", "longitud_km": 3.18 }, "geometry": { "type": "LineString", "coordinates": [ [ -55.1327, -26.9534 ], [ -55.1006, -26.9537 ] ] } },
{ "type": "Feature", "properties": { "nombre": "Camino sin nombre", "longitud_km": 0.33 }, "geometry": { "type": "LineString", "coordinates": [ [ -55.2238, -26.9607 ], [ -55.226, -26.9628 ] ] } },
{ "type": "Feature", "properties": { "nombre": "Camino sin nombre", "longitud_km": 10.9 }, "geometry": { "type": "LineString", "coordinates": [ [ -55.044, -26.8639 ], [ -55.0575, -26.9616 ] ] } },
{ "type": "Feature", "properties": { "nombre": "Camino sin nombre", "longitud_km": 19.27 }, "geometry": { "type": "LineString", "coordinates": [ [ -54.2392, -26.7726 ], [ -54.1916, -26.8105 ], [ -54.1878, -26.8312 ], [ -54.1818, -26.8369 ], [ -54.1846, -26.8568 ], [ -54.165, -26.8735 ], [ -54.1622, -26.8907 ], [ -54.1538, -26.8935 ], [ -54.1556, -26.9117 ] ] } },
{ "type": "Feature", "properties": { "nombre": "Camino sin nombre", "longitud_km": 3.14 }, "geometry": { "type": "LineString", "coordinates": [ [ -55.2866, -26.9563 ], [ -55.2798, -26.9669 ], [ -55.285, -26.9742 ], [ -55.2827, -26.9814 ] ] } },
{ "type": "Feature", "properties": { "nombre": "Camino sin nombre", "longitud_km": 3.67 }, "geometry": { "type": "LineString", "coordinates": [ [ -55.3197, -26.9819 ], [ -55.2827, -26.9814 ] ] } },
{ "type": "Feature", "properties": { "nombre": "Camino sin nombre", "longitud_km": 2.12 }, "geometry": { "type": "LineString", "coordinates": [ [ -55.1576, -26.9839 ], [ -55.1562, -26.9881 ], [ -55.14, -26.9909 ] ] } },
{ "type": "Feature", "properties": { "nombre": "Camino sin nombre", "longitud_km": 3.43 }, "geometry": { "type": "LineString", "coordinates": [ [ -55.1891, -26.9694 ], [ -55.1815, -26.9852 ], [ -55.1661, -26.9848 ] ] } },
{ "type": "Feature", "properties": { "nombre": "Camino sin nombre", "longitud_km": 4.37 }, "geometry": { "type": "LineString", "coordinates": [ [ -55.1576, -26.9839 ], [ -55.1142, -26.9768 ] ] } },
{ "type": "Feature", "properties": { "nombre": "Camino sin nombre", "longitud_km": 4.13 }, "geometry": { "type": "LineString", "coordinates": [ [ -55.3817, -26.9724 ], [ -55.3742, -26.9825 ], [ -55.3845, -26.9845 ], [ -55.3817, -27.0 ] ] } },
{ "type": "Feature", "properties": { "nombre": "Camino sin nombre", "longitud_km": 2.1 }, "geometry": { "type": "LineString", "coordinates": [ [ -55.2827, -26.9814 ], [ -55.2866, -27.0 ] ] } },
{ "type": "Feature", "properties": { "nombre": "Camino sin nombre", "longitud_km": 5.62 }, "geometry": { "type": "LineString", "coordinates": [ [ -55.4248, -27.0115 ], [ -55.3935, -27.0123 ], [ -55.3857, -27.0208 ], [ -55.3726, -27.0204 ] ] } },
{ "type": "Feature", "properties": { "nombre": "Camino sin nombre", "longitud_km": 32.85 }, "geometry": { "type": "LineString", "coordinates": [ [ -54.4772, -26.9711 ], [ -54.4865, -26.9545 ], [ -54.5058, -26.9425 ], [ -54.5418, -26.9386 ], [ -54.5564, -26.9309 ], [ -54.5657, -26.9089 ], [ -54.5542, -26.9019 ], [ -54.5822, -26.882 ], [ -54.5826, -26.874 ], [ -54.5724, -26.8593 ], [ -54.5812, -26.8568 ], [ -54.5909, -26.8632 ], [ -54.6082, -26.8524 ], [ -54.6195, -26.8404 ], [ -54.6203, -26.8291 ], [ -54.6624, -26.7952 ] ] } },
{ "type": "Feature", "properties": { "nombre": "Camino sin nombre", "longitud_km": 8.34 }, "geometry": { "type": "LineString", "coordinates": [ [ -55.294, -27.0154 ], [ -55.3071, -27.012 ], [ -55.3122, -27.0198 ], [ -55.3726, -27.0204 ] ] } },
{ "type": "Feature", "properties": { "nombre": "Camino sin nombre", "longitud_km": 5.61 }, "geometry": { "type": "LineString", "coordinates": [ [ -54.693, -27.007 ], [ -54.6755, -26.9984 ], [ -54.6667, -27.0104 ], [ -54.6641, -27.0286 ] ] } },
{ "type": "Feature", "properties": { "nombre": "Camino sin nombre", "longitud_km": 3.07 }, "geometry": { "type": "LineString", "coordinates": [ [ -55.294, -27.0154 ], [ -55.2919, -27.0431 ] ] } },
{ "type": "Feature", "properties": { "nombre": "Camino sin nombre", "longitud_km": 3.86 }, "geometry": { "type": "LineString", "coordinates": [ [ -55.3668, -27.0549 ], [ -55.3726, -27.0204 ] ] } },
{ "type": "Feature", "properties": { "nombre": "Camino sin nombre", "longitud_km": 0.13 }, "geometry": { "type": "LineString", "coordinates": [ [ -55.3668, -27.0549 ], [ -55.3681, -27.0548 ] ] } },
{ "type": "Feature", "properties": { "nombre": "Camino sin nombre", "longitud_km": 8.11 }, "geometry": { "type": "LineString", "coordinates": [ [ -55.2919, -27.0431 ], [ -55.3195, -27.0496 ], [ -55.3195, -27.0549 ], [ -55.3668, -27.0549 ] ] } },
{ "type": "Feature", "properties": { "nombre": "Camino sin nombre", "longitud_km": 2.63 }, "geometry": { "type": "LineString", "coordinates": [ [ -54.5961, -27.0036 ], [ -54.5882, -27.0162 ], [ -54.5973, -27.0206 ] ] } },
{ "type": "Feature", "properties": { "nombre": "Camino sin nombre", "longitud_km": 4.22 }, "geometry": { "type": "LineString", "coordinates": [ [ -55.2294, -27.0378 ], [ -55.2265, -27.0547 ], [ -55.2298, -27.0608 ], [ -55.2242, -27.0741 ] ] } },
{ "type": "Feature", "properties": { "nombre": "Camino sin nombre", "longitud_km": 4.61 }, "geometry": { "type": "LineString", "coordinates": [ [ -55.2919, -27.0431 ], [ -55.2875, -27.0845 ] ] } },
{ "type": "Feature", "properties": { "nombre": "Camino sin nombre", "longitud_km": 2.34 }, "geometry": { "type": "LineString", "coordinates": [ [ -55.5162, -27.1062 ], [ -55.504, -27.116 ], [ -55.5055, -27.1223 ] ] } },
{ "type": "Feature", "properties": { "nombre": "Camino sin nombre", "longitud_km": 7.93 }, "geometry": { "type": "LineString", "coordinates": [ [ -55.3681, -27.0548 ], [ -55.3684, -27.0624 ], [ -55.3732, -27.0624 ], [ -55.3729, -27.0732 ], [ -55.3678, -27.0736 ], [ -55.3674, -27.1179 ] ] } },
{ "type": "Feature", "properties": { "nombre": "Camino sin nombre", "longitud_km": 3.95 }, "geometry": { "type": "LineString", "coordinates": [ [ -55.506, -27.1249 ], [ -55.527, -27.1252 ], [ -55.5407, -27.1368 ] ] } },
{ "type": "Feature", "properties": { "nombre": "Camino sin nombre", "longitud_km": 0.16 }, "geometry": { "type": "LineString", "coordinates": [ [ -55.5418, -27.1358 ], [ -55.5407, -27.1368 ] ] } },
{ "type": "Feature", "properties": { "nombre": "Camino sin nombre", "longitud_km": 1.13 }, "geometry": { "type": "LineString", "coordinates": [ [ -55.5407, -27.1368 ], [ -55.5487, -27.1441 ] ] } },
{ "type": "Feature", "properties": { "nombre": "Camino sin nombre", "longitud_km": 2.65 }, "geometry": { "type": "LineString", "coordinates": [ [ -55.5112, -27.1294 ], [ -55.5302, -27.1463 ] ] } },
{ "type": "Feature", "properties": { "nombre": "Camino sin nombre", "longitud_km": 1.48 }, "geometry": { "type": "LineString", "coordinates": [ [ -55.5407, -27.1368 ], [ -55.5302, -27.1463 ] ] } },
{ "type": "Feature", "properties": { "nombre": "Camino sin nombre", "longitud_km": 16.96 }, "geometry": { "type": "LineString", "coordinates": [ [ -55.3681, -27.0548 ], [ -55.4062, -27.0548 ], [ -55.4199, -27.0652 ], [ -55.4268, -27.0785 ], [ -55.4397, -27.0816 ], [ -55.4389, -27.0952 ], [ -55.444, -27.107 ], [ -55.4049, -27.1427 ] ] } },
{ "type": "Feature", "properties": { "nombre": "Camino sin nombre", "longitud_km": 0.54 }, "geometry": { "type": "LineString", "coordinates": [ [ -55.5302, -27.1463 ], [ -55.5264, -27.1497 ] ] } },
{ "type": "Feature", "properties": { "nombre": "Camino sin nombre", "longitud_km": 0.99 }, "geometry": { "type": "LineString", "coordinates": [ [ -55.5264, -27.1497 ], [ -55.5193, -27.1561 ] ] } },
{ "type": "Feature", "properties": { "nombre": "Camino sin nombre", "longitud_km": 1.97 }, "geometry": { "type": "LineString", "coordinates": [ [ -55.5302, -27.1463 ], [ -55.5445, -27.1586 ] ] } },
{ "type": "Feature", "properties": { "nombre": "Camino sin nombre", "longitud_km": 0.14 }, "geometry": { "type": "LineString", "coordinates": [ [ -55.5445, -27.1586 ], [ -55.5455, -27.1577 ] ] } },
{ "type": "Feature", "properties": { "nombre": "Camino sin nombre", "longitud_km": 1.98 }, "geometry": { "type": "LineString", "coordinates": [ [ -55.5264, -27.1497 ], [ -55.5407, -27.1622 ] ] } },
{ "type": "Feature", "properties": { "nombre": "Camino sin nombre", "longitud_km": 0.55 }, "geometry": { "type": "LineString", "coordinates": [ [ -55.5407, -27.1622 ], [ -55.5445, -27.1586 ] ] } },
{ "type": "Feature", "properties": { "nombre": "Camino sin nombre", "longitud_km": 10.09 }, "geometry": { "type": "LineString", "coordinates": [ [ -54.6391, -27.1118 ], [ -54.6331, -27.1056 ], [ -54.6502, -27.0942 ], [ -54.6684, -27.062 ], [ -54.6659, -27.0477 ], [ -54.6778, -27.0399 ] ] } },
{ "type": "Feature", "properties": { "nombre": "Camino sin nombre", "longitud_km": 1.02 }, "geometry": { "type": "LineString", "coordinates": [ [ -55.5193, -27.1561 ], [ -55.5121, -27.1627 ] ] } },
{ "type": "Feature", "properties": { "nombre": "Camino sin nombre", "longitud_km": 0.72 }, "geometry": { "type": "LineString", "coordinates": [ [ -55.5, -27.1644 ], [ -55.5049, -27.1692 ] ] } },
{ "type": "Feature", "properties": { "nombre": "Camino sin nombre", "longitud_km": 1.99 }, "geometry": { "type": "LineString", "coordinates": [ [ -55.5193, -27.1561 ], [ -55.5333, -27.1691 ] ] } },
{ "type": "Feature", "properties": { "nombre": "Camino sin nombre", "longitud_km": 1.06 }, "geometry": { "type": "LineString", "coordinates": [ [ -55.5333, -27.1691 ], [ -55.5407, -27.1622 ] ] } },
{ "type": "Feature", "properties": { "nombre": "Camino sin nombre", "longitud_km": 1.01 }, "geometry": { "type": "LineString", "coordinates": [ [ -55.5121, -27.1627 ], [ -55.5049, -27.1692 ] ] } },
{ "type": "Feature", "properties": { "nombre": "Camino sin nombre", "longitud_km": 10.92 }, "geometry": { "type": "LineString", "coordinates": [ [ -54.8588, -27.0888 ], [ -54.8413, -27.111 ], [ -54.8723, -27.1293 ], [ -54.8912, -27.1246 ], [ -54.91, -27.1364 ] ] } },
{ "type": "Feature", "properties": { "nombre": "Camino sin nombre", "longitud_km": 4.77 }, "geometry": { "type": "LineString", "coordinates": [ [ -55.5049, -27.1692 ], [ -55.4831, -27.1861 ], [ -55.487, -27.1899 ], [ -55.4779, -27.1989 ] ] } },
{ "type": "Feature", "properties": { "nombre": "Camino sin nombre", "longitud_km": 2.01 }, "geometry": { "type": "LineString", "coordinates": [ [ -55.5121, -27.1627 ], [ -55.5258, -27.176 ] ] } },
{ "type": "Feature", "properties": { "nombre": "Camino sin nombre", "longitud_km": 1.06 }, "geometry": { "type": "LineString", "coordinates": [ [ -55.5258, -27.176 ], [ -55.5333, -27.1691 ] ] } },
{ "type": "Feature", "properties": { "nombre": "Camino sin nombre", "longitud_km": 1.63 }, "geometry": { "type": "LineString", "coordinates": [ [ -55.5254, -27.1823 ], [ -55.5417, -27.1806 ] ] } },
{ "type": "Feature", "properties": { "nombre": "Camino sin nombre", "longitud_km": 2.02 }, "geometry": { "type": "LineString", "coordinates": [ [ -55.5049, -27.1692 ], [ -55.5187, -27.1826 ] ] } },
{ "type": "Feature", "properties": { "nombre": "Camino sin nombre", "longitud_km": 1.02 }, "geometry": { "type": "LineString", "coordinates": [ [ -55.5187, -27.1826 ], [ -55.5258, -27.176 ] ] } },
{ "type": "Feature", "properties": { "nombre": "Camino sin nombre", "longitud_km": 0.99 }, "geometry": { "type": "LineString", "coordinates": [ [ -55.5254, -27.1823 ], [ -55.5265, -27.1912 ] ] } },
{ "type": "Feature", "properties": { "nombre": "Camino sin nombre", "longitud_km": 1.62 }, "geometry": { "type": "LineString", "coordinates": [ [ -55.52, -27.192 ], [ -55.5192, -27.183 ], [ -55.5254, -27.1823 ] ] } },
{ "type": "Feature", "properties": { "nombre": "Camino sin nombre", "longitud_km": 0.65 }, "geometry": { "type": "LineString", "coordinates": [ [ -55.52, -27.192 ], [ -55.5265, -27.1912 ] ] } },
{ "type": "Feature", "properties": { "nombre": "Camino sin nombre", "longitud_km": 2.89 }, "geometry": { "type": "LineString", "coordinates": [ [ -55.3726, -27.1667 ], [ -55.3517, -27.1848 ] ] } },
{ "type": "Feature", "properties": { "nombre": "Camino sin nombre", "longitud_km": 2.79 }, "geometry": { "type": "LineString", "coordinates": [ [ -55.5417, -27.1806 ], [ -55.5524, -27.1843 ], [ -55.562, -27.1965 ] ] } },
{ "type": "Feature", "properties": { "nombre": "Camino sin nombre", "longitud_km": 2.0 }, "geometry": { "type": "LineString", "coordinates": [ [ -55.562, -27.1965 ], [ -55.563, -27.1846 ], [ -55.5695, -27.1827 ] ] } },
{ "type": "Feature", "properties": { "nombre": "Camino sin nombre", "longitud_km": 2.06 }, "geometry": { "type": "LineString", "coordinates": [ [ -55.5417, -27.1806 ], [ -55.5431, -27.1992 ] ] } },
{ "type": "Feature", "properties": { "nombre": "Camino sin nombre", "longitud_km": 1.97 }, "geometry": { "type": "LineString", "coordinates": [ [ -55.5265, -27.1912 ], [ -55.5353, -27.1902 ], [ -55.5368, -27.1999 ] ] } },
{ "type": "Feature", "properties": { "nombre": "Camino sin nombre", "longitud_km": 0.63 }, "geometry": { "type": "LineString", "coordinates": [ [ -55.5368, -27.1999 ], [ -55.5431, -27.1992 ] ] } },
{ "type": "Feature", "properties": { "nombre": "Camino sin nombre", "longitud_km": 1.09 }, "geometry": { "type": "LineString", "coordinates": [ [ -55.5265, -27.1912 ], [ -55.5278, -27.201 ] ] } },
{ "type": "Feature", "properties": { "nombre": "Camino sin nombre", "longitud_km": 0.9 }, "geometry": { "type": "LineString", "coordinates": [ [ -55.5278, -27.201 ], [ -55.5368, -27.1999 ] ] } },
{ "type": "Feature", "properties": { "nombre": "Camino sin nombre", "longitud_km": 4.57 }, "geometry": { "type": "LineString", "coordinates": [ [ -55.4924, -27.2119 ], [ -55.4997, -27.2053 ], [ -55.4967, -27.2015 ], [ -55.5187, -27.1826 ] ] } },
{ "type": "Feature", "properties": { "nombre": "Camino sin nombre", "longitud_km": 0.54 }, "geometry": { "type": "LineString", "coordinates": [ [ -55.5223, -27.2016 ], [ -55.5278, -27.201 ] ] } },
{ "type": "Feature", "properties": { "nombre": "Camino sin nombre", "longitud_km": 1.09 }, "geometry": { "type": "LineString", "coordinates": [ [ -55.52, -27.192 ], [ -55.521, -27.2018 ] ] } },
{ "type": "Feature", "properties": { "nombre": "Camino sin nombre", "longitud_km": 0.14 }, "geometry": { "type": "LineString", "coordinates": [ [ -55.521, -27.2018 ], [ -55.5223, -27.2016 ] ] } },
{ "type": "Feature", "properties": { "nombre": "Camino sin nombre", "longitud_km": 0.02 }, "geometry": { "type": "LineString", "coordinates": [ [ -55.5443, -27.2067 ], [ -55.5444, -27.2068 ] ] } },
{ "type": "Feature", "properties": { "nombre": "Camino sin nombre", "longitud_km": 0.85 }, "geometry": { "type": "LineString", "coordinates": [ [ -55.5431, -27.1992 ], [ -55.5444, -27.2068 ] ] } },
{ "type": "Feature", "properties": { "nombre": "Camino sin nombre", "longitud_km": 0.85 }, "geometry": { "type": "LineString", "coordinates": [ [ -55.5368, -27.1999 ], [ -55.538, -27.2075 ] ] } },
{ "type": "Feature", "properties": { "nombre": "Camino sin nombre", "longitud_km": 0.64 }, "geometry": { "type": "LineString", "coordinates": [ [ -55.5444, -27.2068 ], [ -55.538, -27.2075 ] ] } },
{ "type": "Feature", "properties": { "nombre": "Camino sin nombre", "longitud_km": 0.86 }, "geometry": { "type": "LineString", "coordinates": [ [ -55.5278, -27.201 ], [ -55.5288, -27.2087 ] ] } },
{ "type": "Feature", "properties": { "nombre": "Camino sin nombre", "longitud_km": 0.92 }, "geometry": { "type": "LineString", "coordinates": [ [ -55.538, -27.2075 ], [ -55.5288, -27.2087 ] ] } },
{ "type": "Feature", "properties": { "nombre": "Camino sin nombre", "longitud_km": 0.12 }, "geometry": { "type": "LineString", "coordinates": [ [ -55.5288, -27.2087 ], [ -55.5276, -27.2088 ] ] } },
{ "type": "Feature", "properties": { "nombre": "Camino sin nombre", "longitud_km": 1.27 }, "geometry": { "type": "LineString", "coordinates": [ [ -55.5276, -27.2088 ], [ -55.5235, -27.2093 ], [ -55.5223, -27.2016 ] ] } },
{ "type": "Feature", "properties": { "nombre": "Camino sin nombre", "longitud_km": 1.3 }, "geometry": { "type": "LineString", "coordinates": [ [ -55.5276, -27.2088 ], [ -55.5293, -27.2205 ] ] } },
{ "type": "Feature", "properties": { "nombre": "Camino sin nombre", "longitud_km": 6.96 }, "geometry": { "type": "LineString", "coordinates": [ [ -55.5507, -27.2331 ], [ -55.5829, -27.2151 ], [ -55.5766, -27.2012 ], [ -55.562, -27.1965 ] ] } },
{ "type": "Feature", "properties": { "nombre": "Camino sin nombre", "longitud_km": 2.08 }, "geometry": { "type": "LineString", "coordinates": [ [ -55.5293, -27.2205 ], [ -55.5383, -27.2374 ] ] } },
{ "type": "Feature", "properties": { "nombre": "Camino sin nombre", "longitud_km": 1.32 }, "geometry": { "type": "LineString", "coordinates": [ [ -55.5383, -27.2374 ], [ -55.5507, -27.2331 ] ] } },
{ "type": "Feature", "properties": { "nombre": "Camino sin nombre", "longitud_km": 2.0 }, "geometry": { "type": "LineString", "coordinates": [ [ -55.5507, -27.2331 ], [ -55.5676, -27.2431 ] ] } },
{ "type": "Feature", "properties": { "nombre": "Camino sin nombre", "longitud_km": 4.36 }, "geometry": { "type": "LineString", "coordinates": [ [ -55.521, -27.2018 ], [ -55.5247, -27.241 ] ] } },
{ "type": "Feature", "properties": { "nombre": "Camino sin nombre", "longitud_km": 2.32 }, "geometry": { "type": "LineString", "coordinates": [ [ -55.5293, -27.2205 ], [ -55.5287, -27.2414 ] ] } },
{ "type": "Feature", "properties": { "nombre": "Camino sin nombre", "longitud_km": 1.05 }, "geometry": { "type": "LineString", "coordinates": [ [ -55.5287, -27.2414 ], [ -55.5383, -27.2374 ] ] } },
{ "type": "Feature", "properties": { "nombre": "Camino sin nombre", "longitud_km": 0.39 }, "geometry": { "type": "LineString", "coordinates": [ [ -55.5247, -27.241 ], [ -55.5287, -27.2414 ] ] } },
{ "type": "Feature", "properties": { "nombre": "Camino sin nombre", "longitud_km": 1.04 }, "geometry": { "type": "LineString", "coordinates": [ [ -55.5321, -27.2477 ], [ -55.5247, -27.241 ] ] } },
{ "type": "Feature", "properties": { "nombre": "Camino sin nombre", "longitud_km": 11.01 }, "geometry": { "type": "LineString", "coordinates": [ [ -55.5205, -27.2441 ], [ -55.5101, -27.2395 ], [ -55.4106, -27.2432 ] ] } },
{ "type": "Feature", "properties": { "nombre": "Camino sin nombre", "longitud_km": 8.24 }, "geometry": { "type": "LineString", "coordinates": [ [ -55.4683, -27.1904 ], [ -55.4583, -27.2049 ], [ -55.4106, -27.2432 ] ] } },
{ "type": "Feature", "properties": { "nombre": "Camino sin nombre", "longitud_km": 21.61 }, "geometry": { "type": "LineString", "coordinates": [ [ -54.5509, -27.0206 ], [ -54.5272, -27.0768 ], [ -54.5338, -27.0864 ], [ -54.5346, -27.1078 ], [ -54.5508, -27.1142 ], [ -54.5682, -27.1329 ], [ -54.5481, -27.1617 ], [ -54.5536, -27.1861 ], [ -54.55, -27.1869 ] ] } },
{ "type": "Feature", "properties": { "nombre": "Camino sin nombre", "longitud_km": 11.66 }, "geometry": { "type": "LineString", "coordinates": [ [ -55.0292, -27.1683 ], [ -55.0555, -27.1787 ], [ -55.0731, -27.1914 ], [ -55.0299, -27.2365 ] ] } },
{ "type": "Feature", "properties": { "nombre": "Camino sin nombre", "longitud_km": 3.66 }, "geometry": { "type": "LineString", "coordinates": [ [ -55.5315, -27.2607 ], [ -55.5186, -27.2724 ], [ -55.5, -27.2712 ] ] } },
{ "type": "Feature", "properties": { "nombre": "Camino sin nombre", "longitud_km": 8.79 }, "geometry": { "type": "LineString", "coordinates": [ [ -55.4106, -27.2432 ], [ -55.3646, -27.2821 ], [ -55.3393, -27.2805 ] ] } },
{ "type": "Feature", "properties": { "nombre": "Camino sin nombre", "longitud_km": 6.3 }, "geometry": { "type": "LineString", "coordinates": [ [ -55.5402, -27.2695 ], [ -55.5681, -27.2968 ], [ -55.5901, -27.2996 ] ] } },
{ "type": "Feature", "properties": { "nombre": "Camino sin nombre", "longitud_km": 1.81 }, "geometry": { "type": "LineString", "coordinates": [ [ -54.1059, -27.2155 ], [ -54.0989, -27.2305 ] ] } },
{ "type": "Feature", "properties": { "nombre": "Camino sin nombre", "longitud_km": 5.68 }, "geometry": { "type": "LineString", "coordinates": [ [ -54.4568, -27.2317 ], [ -54.466, -27.2367 ], [ -54.471, -27.2498 ], [ -54.4937, -27.2687 ] ] } },
{ "type": "Feature", "properties": { "nombre": "Camino sin nombre", "longitud_km": 0.33 }, "geometry": { "type": "LineString", "coordinates": [ [ -55.9375, -27.353 ], [ -55.9379, -27.356 ] ] } },
{ "type": "Feature", "properties": { "nombre": "Camino sin nombre", "longitud_km": 0.37 }, "geometry": { "type": "LineString", "coordinates": [ [ -55.9295, -27.3536 ], [ -55.9299, -27.3569 ] ] } },
{ "type": "Feature", "properties": { "nombre": "Camino sin nombre", "longitud_km": 0.79 }, "geometry": { "type": "LineString", "coordinates": [ [ -55.9379, -27.356 ], [ -55.9299, -27.3569 ] ] } },
{ "type": "Feature", "properties": { "nombre": "Camino sin nombre", "longitud_km": 1.31 }, "geometry": { "type": "LineString", "coordinates": [ [ -55.9452, -27.3612 ], [ -55.9443, -27.3552 ], [ -55.9379, -27.356 ] ] } },
{ "type": "Feature", "properties": { "nombre": "Camino sin nombre", "longitud_km": 1.06 }, "geometry": { "type": "LineString", "coordinates": [ [ -55.9066, -27.3499 ], [ -55.9079, -27.3594 ] ] } },
{ "type": "Feature", "properties": { "nombre": "Camino sin nombre", "longitud_km": 0.69 }, "geometry": { "type": "LineString", "coordinates": [ [ -55.9148, -27.3586 ], [ -55.9079, -27.3594 ] ] } },
{ "type": "Feature", "properties": { "nombre": "Camino sin nombre", "longitud_km": 0.69 }, "geometry": { "type": "LineString", "coordinates": [ [ -55.9463, -27.3688 ], [ -55.9394, -27.3695 ] ] } },
{ "type": "Feature", "properties": { "nombre": "Camino sin nombre", "longitud_km": 0.69 }, "geometry": { "type": "LineString", "coordinates": [ [ -55.914, -27.3524 ], [ -55.9148, -27.3586 ] ] } },
{ "type": "Feature", "properties": { "nombre": "Camino sin nombre", "longitud_km": 0.71 }, "geometry": { "type": "LineString", "coordinates": [ [ -55.9219, -27.3578 ], [ -55.9148, -27.3586 ] ] } },
{ "type": "Feature", "properties": { "nombre": "Camino sin nombre", "longitud_km": 0.41 }, "geometry": { "type": "LineString", "coordinates": [ [ -55.9215, -27.3541 ], [ -55.9219, -27.3578 ] ] } },
{ "type": "Feature", "properties": { "nombre": "Camino sin nombre", "longitud_km": 0.8 }, "geometry": { "type": "LineString", "coordinates": [ [ -55.9299, -27.3569 ], [ -55.9219, -27.3578 ] ] } },
{ "type": "Feature", "properties": { "nombre": "Camino sin nombre", "longitud_km": 0.67 }, "geometry": { "type": "LineString", "coordinates": [ [ -55.9379, -27.356 ], [ -55.9385, -27.362 ] ] } },
{ "type": "Feature", "properties": { "nombre": "Camino sin nombre", "longitud_km": 0.66 }, "geometry": { "type": "LineString", "coordinates": [ [ -55.9452, -27.3612 ], [ -55.9385, -27.362 ] ] } },
{ "type": "Feature", "properties": { "nombre": "Camino sin nombre", "longitud_km": 0.71 }, "geometry": { "type": "LineString", "coordinates": [ [ -55.9079, -27.3594 ], [ -55.9008, -27.3602 ] ] } },
{ "type": "Feature", "properties": { "nombre": "Camino sin nombre", "longitud_km": 0.67 }, "geometry": { "type": "LineString", "coordinates": [ [ -55.9299, -27.3569 ], [ -55.9307, -27.3629 ] ] } },
{ "type": "Feature", "properties": { "nombre": "Camino sin nombre", "longitud_km": 0.78 }, "geometry": { "type": "LineString", "coordinates": [ [ -55.9385, -27.362 ], [ -55.9307, -27.3629 ] ] } },
{ "type": "Feature", "properties": { "nombre": "Camino sin nombre", "longitud_km": 0.67 }, "geometry": { "type": "LineString", "coordinates": [ [ -55.9148, -27.3586 ], [ -55.9156, -27.3646 ] ] } },
{ "type": "Feature", "properties": { "nombre": "Camino sin nombre", "longitud_km": 0.71 }, "geometry": { "type": "LineString", "coordinates": [ [ -55.9227, -27.3638 ], [ -55.9156, -27.3646 ] ] } },
{ "type": "Feature", "properties": { "nombre": "Camino sin nombre", "longitud_km": 8.11 }, "geometry": { "type": "LineString", "coordinates": [ [ -54.0989, -27.2305 ], [ -54.0753, -27.2562 ], [ -54.0368, -27.2528 ], [ -54.0341, -27.248 ] ] } },
{ "type": "Feature", "properties": { "nombre": "Camino sin nombre", "longitud_km": 0.67 }, "geometry": { "type": "LineString", "coordinates": [ [ -55.9219, -27.3578 ], [ -55.9227, -27.3638 ] ] } },
{ "type": "Feature", "properties": { "nombre": "Camino sin nombre", "longitud_km": 0.8 }, "geometry": { "type": "LineString", "coordinates": [ [ -55.9307, -27.3629 ], [ -55.9227, -27.3638 ] ] } },
{ "type": "Feature", "properties": { "nombre": "Camino sin nombre", "longitud_km": 0.85 }, "geometry": { "type": "LineString", "coordinates": [ [ -55.9452, -27.3612 ], [ -55.9463, -27.3688 ] ] } },
{ "type": "Feature", "properties": { "nombre": "Camino sin nombre", "longitud_km": 15.16 }, "geometry": { "type": "LineString", "coordinates": [ [ -55.4633, -27.2824 ], [ -55.4795, -27.3003 ], [ -55.4661, -27.328 ], [ -55.4745, -27.3353 ], [ -55.4876, -27.3355 ], [ -55.4976, -27.3417 ], [ -55.5058, -27.3341 ], [ -55.5429, -27.3567 ] ] } },
{ "type": "Feature", "properties": { "nombre": "Camino sin nombre", "longitud_km": 0.84 }, "geometry": { "type": "LineString", "coordinates": [ [ -55.9385, -27.362 ], [ -55.9394, -27.3695 ] ] } },
{ "type": "Feature", "properties": { "nombre": "Camino sin nombre", "longitud_km": 1.34 }, "geometry": { "type": "LineString", "coordinates": [ [ -55.5841, -27.3357 ], [ -55.5846, -27.3478 ] ] } },
{ "type": "Feature", "properties": { "nombre": "Camino sin nombre", "longitud_km": 0.67 }, "geometry": { "type": "LineString", "coordinates": [ [ -55.9079, -27.3594 ], [ -55.9087, -27.3654 ] ] } },
{ "type": "Feature", "properties": { "nombre": "Camino sin nombre", "longitud_km": 0.69 }, "geometry": { "type": "LineString", "coordinates": [ [ -55.9156, -27.3646 ], [ -55.9087, -27.3654 ] ] } },
{ "type": "Feature", "properties": { "nombre": "Camino sin nombre", "longitud_km": 0.08 }, "geometry": { "type": "LineString", "coordinates": [ [ -55.9087, -27.3654 ], [ -55.9079, -27.3655 ] ] } },
{ "type": "Feature", "properties": { "nombre": "Camino sin nombre", "longitud_km": 5.46 }, "geometry": { "type": "LineString", "coordinates": [ [ -55.5846, -27.3478 ], [ -55.5639, -27.3306 ], [ -55.5482, -27.3502 ] ] } },
{ "type": "Feature", "properties": { "nombre": "Camino sin nombre", "longitud_km": 0.83 }, "geometry": { "type": "LineString", "coordinates": [ [ -55.9307, -27.3629 ], [ -55.9316, -27.3703 ] ] } },
{ "type": "Feature", "properties": { "nombre": "Camino sin nombre", "longitud_km": 0.78 }, "geometry": { "type": "LineString", "coordinates": [ [ -55.9394, -27.3695 ], [ -55.9316, -27.3703 ] ] } },
{ "type": "Feature", "properties": { "nombre": "Camino sin nombre", "longitud_km": 0.82 }, "geometry": { "type": "LineString", "coordinates": [ [ -55.9227, -27.3638 ], [ -55.9237, -27.3711 ] ] } },
{ "type": "Feature", "properties": { "nombre": "Camino sin nombre", "longitud_km": 0.79 }, "geometry": { "type": "LineString", "coordinates": [ [ -55.9316, -27.3703 ], [ -55.9237, -27.3711 ] ] } },
{ "type": "Feature", "properties": { "nombre": "Camino sin nombre", "longitud_km": 0.81 }, "geometry": { "type": "LineString", "coordinates": [ [ -55.9156, -27.3646 ], [ -55.9166, -27.3718 ] ] } },
{ "type": "Feature", "properties": { "nombre": "Camino sin nombre", "longitud_km": 0.71 }, "geometry": { "type": "LineString", "coordinates": [ [ -55.9237, -27.3711 ], [ -55.9166, -27.3718 ] ] } },
{ "type": "Feature", "properties": { "nombre": "Camino sin nombre", "longitud_km": 0.69 }, "geometry": { "type": "LineString", "coordinates": [ [ -55.9174, -27.3784 ], [ -55.9105, -27.379 ] ] } },
{ "type": "Feature", "properties": { "nombre": "Camino sin nombre", "longitud_km": 0.8 }, "geometry": { "type": "LineString", "coordinates": [ [ -55.9087, -27.3654 ], [ -55.9097, -27.3725 ] ] } },
{ "type": "Feature", "properties": { "nombre": "Camino sin nombre", "longitud_km": 0.69 }, "geometry": { "type": "LineString", "coordinates": [ [ -55.9166, -27.3718 ], [ -55.9097, -27.3725 ] ] } },
{ "type": "Feature", "properties": { "nombre": "Camino sin nombre", "longitud_km": 0.71 }, "geometry": { "type": "LineString", "coordinates": [ [ -55.9402, -27.3764 ], [ -55.941, -27.3828 ] ] } },
{ "type": "Feature", "properties": { "nombre": "Camino sin nombre", "longitud_km": 0.78 }, "geometry": { "type": "LineString", "coordinates": [ [ -55.9463, -27.3688 ], [ -55.9473, -27.3758 ] ] } },
{ "type": "Feature", "properties": { "nombre": "Camino sin nombre", "longitud_km": 0.77 }, "geometry": { "type": "LineString", "coordinates": [ [ -55.9394, -27.3695 ], [ -55.9402, -27.3764 ] ] } },
{ "type": "Feature", "properties": { "nombre": "Camino sin nombre", "longitud_km": 0.7 }, "geometry": { "type": "LineString", "coordinates": [ [ -55.9473, -27.3758 ], [ -55.9402, -27.3764 ] ] } },
{ "type": "Feature", "properties": { "nombre": "Camino sin nombre", "longitud_km": 0.1 }, "geometry": { "type": "LineString", "coordinates": [ [ -55.9105, -27.379 ], [ -55.9094, -27.3791 ] ] } },
{ "type": "Feature", "properties": { "nombre": "Camino sin nombre", "longitud_km": 0.89 }, "geometry": { "type": "LineString", "coordinates": [ [ -55.5482, -27.3502 ], [ -55.5429, -27.3567 ] ] } },
{ "type": "Feature", "properties": { "nombre": "Camino sin nombre", "longitud_km": 0.76 }, "geometry": { "type": "LineString", "coordinates": [ [ -55.9316, -27.3703 ], [ -55.9325, -27.3771 ] ] } },
{ "type": "Feature", "properties": { "nombre": "Camino sin nombre", "longitud_km": 0.77 }, "geometry": { "type": "LineString", "coordinates": [ [ -55.9402, -27.3764 ], [ -55.9325, -27.3771 ] ] } },
{ "type": "Feature", "properties": { "nombre": "Camino sin nombre", "longitud_km": 0.75 }, "geometry": { "type": "LineString", "coordinates": [ [ -55.9237, -27.3711 ], [ -55.9245, -27.3778 ] ] } },
{ "type": "Feature", "properties": { "nombre": "Camino sin nombre", "longitud_km": 0.79 }, "geometry": { "type": "LineString", "coordinates": [ [ -55.9325, -27.3771 ], [ -55.9245, -27.3778 ] ] } },
{ "type": "Feature", "properties": { "nombre": "Camino sin nombre", "longitud_km": 0.74 }, "geometry": { "type": "LineString", "coordinates": [ [ -55.9166, -27.3718 ], [ -55.9174, -27.3784 ] ] } },
{ "type": "Feature", "properties": { "nombre": "Camino sin nombre", "longitud_km": 0.7 }, "geometry": { "type": "LineString", "coordinates": [ [ -55.9245, -27.3778 ], [ -55.9174, -27.3784 ] ] } },
{ "type": "Feature", "properties": { "nombre": "Camino sin nombre", "longitud_km": 0.72 }, "geometry": { "type": "LineString", "coordinates": [ [ -55.9482, -27.382 ], [ -55.941, -27.3828 ] ] } },
{ "type": "Feature", "properties": { "nombre": "Camino sin nombre", "longitud_km": 0.86 }, "geometry": { "type": "LineString", "coordinates": [ [ -55.5429, -27.3567 ], [ -55.5501, -27.3611 ] ] } },
{ "type": "Feature", "properties": { "nombre": "Camino sin nombre", "longitud_km": 0.7 }, "geometry": { "type": "LineString", "coordinates": [ [ -55.9473, -27.3758 ], [ -55.9482, -27.382 ] ] } },
{ "type": "Feature", "properties": { "nombre": "Camino sin nombre", "longitud_km": 0.73 }, "geometry": { "type": "LineString", "coordinates": [ [ -55.9325, -27.3771 ], [ -55.9333, -27.3836 ] ] } },
{ "type": "Feature", "properties": { "nombre": "Camino sin nombre", "longitud_km": 0.76 }, "geometry": { "type": "LineString", "coordinates": [ [ -55.941, -27.3828 ], [ -55.9333, -27.3836 ] ] } },
{ "type": "Feature", "properties": { "nombre": "Camino sin nombre", "longitud_km": 0.75 }, "geometry": { "type": "LineString", "coordinates": [ [ -55.9245, -27.3778 ], [ -55.9254, -27.3845 ] ] } },
{ "type": "Feature", "properties": { "nombre": "Camino sin nombre", "longitud_km": 0.79 }, "geometry": { "type": "LineString", "coordinates": [ [ -55.9333, -27.3836 ], [ -55.9254, -27.3845 ] ] } },
{ "type": "Feature", "properties": { "nombre": "Camino sin nombre", "longitud_km": 0.76 }, "geometry": { "type": "LineString", "coordinates": [ [ -55.9174, -27.3784 ], [ -55.9183, -27.3853 ] ] } },
{ "type": "Feature", "properties": { "nombre": "Camino sin nombre", "longitud_km": 0.7 }, "geometry": { "type": "LineString", "coordinates": [ [ -55.9254, -27.3845 ], [ -55.9183, -27.3853 ] ] } },
{ "type": "Feature", "properties": { "nombre": "Camino sin nombre", "longitud_km": 2.12 }, "geometry": { "type": "LineString", "coordinates": [ [ -55.5429, -27.3567 ], [ -55.5304, -27.3722 ] ] } },
{ "type": "Feature", "properties": { "nombre": "Camino sin nombre", "longitud_km": 2.34 }, "geometry": { "type": "LineString", "coordinates": [ [ -55.5846, -27.3478 ], [ -55.5858, -27.3689 ] ] } },
{ "type": "Feature", "properties": { "nombre": "Camino sin nombre", "longitud_km": 0.7 }, "geometry": { "type": "LineString", "coordinates": [ [ -55.9183, -27.3853 ], [ -55.9113, -27.386 ] ] } },
{ "type": "Feature", "properties": { "nombre": "Camino sin nombre", "longitud_km": 0.11 }, "geometry": { "type": "LineString", "coordinates": [ [ -55.9113, -27.386 ], [ -55.9102, -27.3861 ] ] } },
{ "type": "Feature", "properties": { "nombre": "Camino sin nombre", "longitud_km": 5.07 }, "geometry": { "type": "LineString", "coordinates": [ [ -56.0069, -27.3455 ], [ -56.0029, -27.3911 ] ] } },
{ "type": "Feature", "properties": { "nombre": "Camino sin nombre", "longitud_km": 5.63 }, "geometry": { "type": "LineString", "coordinates": [ [ -55.9482, -27.382 ], [ -55.9666, -27.382 ], [ -55.9847, -27.3903 ], [ -56.0029, -27.3911 ] ] } },
{ "type": "Feature", "properties": { "nombre": "Camino sin nombre", "longitud_km": 0.74 }, "geometry": { "type": "LineString", "coordinates": [ [ -55.9482, -27.382 ], [ -55.9491, -27.3886 ] ] } },
{ "type": "Feature", "properties": { "nombre": "Camino sin nombre", "longitud_km": 0.73 }, "geometry": { "type": "LineString", "coordinates": [ [ -55.941, -27.3828 ], [ -55.9417, -27.3894 ] ] } },
{ "type": "Feature", "properties": { "nombre": "Camino sin nombre", "longitud_km": 0.73 }, "geometry": { "type": "LineString", "coordinates": [ [ -55.9333, -27.3836 ], [ -55.9342, -27.3902 ] ] } },
{ "type": "Feature", "properties": { "nombre": "Camino sin nombre", "longitud_km": 0.73 }, "geometry": { "type": "LineString", "coordinates": [ [ -55.9254, -27.3845 ], [ -55.9262, -27.3911 ] ] } },
{ "type": "Feature", "properties": { "nombre": "Camino sin nombre", "longitud_km": 0.73 }, "geometry": { "type": "LineString", "coordinates": [ [ -55.9183, -27.3853 ], [ -55.9192, -27.3918 ] ] } },
{ "type": "Feature", "properties": { "nombre": "Camino sin nombre", "longitud_km": 2.92 }, "geometry": { "type": "LineString", "coordinates": [ [ -55.5304, -27.3722 ], [ -55.5373, -27.3762 ], [ -55.5501, -27.3611 ] ] } },
{ "type": "Feature", "properties": { "nombre": "Camino sin nombre", "longitud_km": 1.18 }, "geometry": { "type": "LineString", "coordinates": [ [ -55.9491, -27.3886 ], [ -55.9506, -27.3992 ] ] } },
{ "type": "Feature", "properties": { "nombre": "Camino sin nombre", "longitud_km": 1.17 }, "geometry": { "type": "LineString", "coordinates": [ [ -55.9417, -27.3894 ], [ -55.943, -27.3999 ] ] } },
{ "type": "Feature", "properties": { "nombre": "Camino sin nombre", "longitud_km": 1.16 }, "geometry": { "type": "LineString", "coordinates": [ [ -55.9342, -27.3902 ], [ -55.9355, -27.4007 ] ] } },
{ "type": "Feature", "properties": { "nombre": "Camino sin nombre", "longitud_km": 1.16 }, "geometry": { "type": "LineString", "coordinates": [ [ -55.9262, -27.3911 ], [ -55.9276, -27.4014 ] ] } },
{ "type": "Feature", "properties": { "nombre": "Camino sin nombre", "longitud_km": 3.08 }, "geometry": { "type": "LineString", "coordinates": [ [ -55.5501, -27.3611 ], [ -55.5588, -27.3663 ], [ -55.5473, -27.3817 ] ] } },
{ "type": "Feature", "properties": { "nombre": "Camino sin nombre", "longitud_km": 1.15 }, "geometry": { "type": "LineString", "coordinates": [ [ -55.9192, -27.3918 ], [ -55.9206, -27.4021 ] ] } },
{ "type": "Feature", "properties": { "nombre": "Camino sin nombre", "longitud_km": 5.82 }, "geometry": { "type": "LineString", "coordinates": [ [ -54.1981, -27.2986 ], [ -54.1976, -27.306 ], [ -54.2025, -27.3085 ], [ -54.2353, -27.2888 ], [ -54.2353, -27.284 ] ] } },
{ "type": "Feature", "properties": { "nombre": "Camino sin nombre", "longitud_km": 12.43 }, "geometry": { "type": "LineString", "coordinates": [ [ -54.0989, -27.2305 ], [ -54.0958, -27.2591 ], [ -54.0779, -27.2791 ], [ -54.0753, -27.2897 ], [ -54.0881, -27.2976 ], [ -54.1252, -27.2983 ] ] } },
{ "type": "Feature", "properties": { "nombre": "Camino sin nombre", "longitud_km": 1.96 }, "geometry": { "type": "LineString", "coordinates": [ [ -55.5304, -27.3722 ], [ -55.5246, -27.3794 ], [ -55.5323, -27.3848 ] ] } },
{ "type": "Feature", "properties": { "nombre": "Camino sin nombre", "longitud_km": 1.02 }, "geometry": { "type": "LineString", "coordinates": [ [ -55.5473, -27.3817 ], [ -55.5559, -27.3868 ] ] } },
{ "type": "Feature", "properties": { "nombre": "Camino sin nombre", "longitud_km": 2.04 }, "geometry": { "type": "LineString", "coordinates": [ [ -55.5672, -27.3715 ], [ -55.5559, -27.3868 ] ] } },
{ "type": "Feature", "properties": { "nombre": "Camino sin nombre", "longitud_km": 4.05 }, "geometry": { "type": "LineString", "coordinates": [ [ -56.0029, -27.3911 ], [ -56.0087, -27.404 ], [ -55.9992, -27.425 ] ] } },
{ "type": "Feature", "properties": { "nombre": "Camino sin nombre", "longitud_km": 3.7 }, "geometry": { "type": "LineString", "coordinates": [ [ -55.5473, -27.3817 ], [ -55.5312, -27.3945 ], [ -55.5441, -27.4026 ] ] } },
{ "type": "Feature", "properties": { "nombre": "Camino sin nombre", "longitud_km": 2.1 }, "geometry": { "type": "LineString", "coordinates": [ [ -55.5559, -27.3868 ], [ -55.5441, -27.4026 ] ] } },
{ "type": "Feature", "properties": { "nombre": "Camino sin nombre", "longitud_km": 1.01 }, "geometry": { "type": "LineString", "coordinates": [ [ -55.5441, -27.4026 ], [ -55.5525, -27.4078 ] ] } },
{ "type": "Feature", "properties": { "nombre": "Camino sin nombre", "longitud_km": 3.41 }, "geometry": { "type": "LineString", "coordinates": [ [ -56.0613, -27.4361 ], [ -56.0444, -27.4365 ], [ -56.0284, -27.443 ] ] } },
{ "type": "Feature", "properties": { "nombre": "Camino sin nombre", "longitud_km": 6.87 }, "geometry": { "type": "LineString", "coordinates": [ [ -55.6488, -27.3689 ], [ -55.6436, -27.3747 ], [ -55.6367, -27.372 ], [ -55.6267, -27.3972 ], [ -55.6109, -27.413 ] ] } },
{ "type": "Feature", "properties": { "nombre": "Camino sin nombre", "longitud_km": 1.01 }, "geometry": { "type": "LineString", "coordinates": [ [ -55.5441, -27.4026 ], [ -55.5385, -27.4102 ] ] } },
{ "type": "Feature", "properties": { "nombre": "Camino sin nombre", "longitud_km": 0.77 }, "geometry": { "type": "LineString", "coordinates": [ [ -55.545, -27.414 ], [ -55.5385, -27.4102 ] ] } },
{ "type": "Feature", "properties": { "nombre": "Camino sin nombre", "longitud_km": 1.01 }, "geometry": { "type": "LineString", "coordinates": [ [ -55.5385, -27.4102 ], [ -55.5328, -27.4178 ] ] } },
{ "type": "Feature", "properties": { "nombre": "Camino sin nombre", "longitud_km": 0.38 }, "geometry": { "type": "LineString", "coordinates": [ [ -55.6198, -27.4228 ], [ -55.6223, -27.4202 ] ] } },
{ "type": "Feature", "properties": { "nombre": "Camino sin nombre", "longitud_km": 2.05 }, "geometry": { "type": "LineString", "coordinates": [ [ -55.9021, -27.4454 ], [ -55.8846, -27.4355 ] ] } },
{ "type": "Feature", "properties": { "nombre": "Camino sin nombre", "longitud_km": 4.18 }, "geometry": { "type": "LineString", "coordinates": [ [ -55.9992, -27.425 ], [ -55.9843, -27.4341 ], [ -55.9757, -27.4543 ] ] } },
{ "type": "Feature", "properties": { "nombre": "Camino sin nombre", "longitud_km": 2.01 }, "geometry": { "type": "LineString", "coordinates": [ [ -55.3975, -27.4327 ], [ -55.3807, -27.4225 ] ] } },
{ "type": "Feature", "properties": { "nombre": "Camino sin nombre", "longitud_km": 2.99 }, "geometry": { "type": "LineString", "coordinates": [ [ -55.7553, -27.4608 ], [ -55.776, -27.459 ], [ -55.7751, -27.4506 ] ] } },
{ "type": "Feature", "properties": { "nombre": "Camino sin nombre", "longitud_km": 9.45 }, "geometry": { "type": "LineString", "coordinates": [ [ -55.1622, -27.3714 ], [ -55.1356, -27.4053 ], [ -55.1612, -27.4217 ], [ -55.1562, -27.4273 ], [ -55.1637, -27.4329 ] ] } },
{ "type": "Feature", "properties": { "nombre": "Camino sin nombre", "longitud_km": 3.95 }, "geometry": { "type": "LineString", "coordinates": [ [ -55.7103, -27.4649 ], [ -55.75, -27.461 ] ] } },
{ "type": "Feature", "properties": { "nombre": "Camino sin nombre", "longitud_km": 3.3 }, "geometry": { "type": "LineString", "coordinates": [ [ -55.1637, -27.4329 ], [ -55.1715, -27.427 ], [ -55.1902, -27.4391 ] ] } },
{ "type": "Feature", "properties": { "nombre": "Camino sin nombre", "longitud_km": 9.04 }, "geometry": { "type": "LineString", "coordinates": [ [ -55.9704, -27.4895 ], [ -55.9297, -27.4807 ], [ -55.9126, -27.4645 ], [ -55.9097, -27.4529 ], [ -55.9021, -27.4454 ] ] } },
{ "type": "Feature", "properties": { "nombre": "Camino sin nombre", "longitud_km": 9.57 }, "geometry": { "type": "LineString", "coordinates": [ [ -55.5833, -27.4783 ], [ -55.5776, -27.4676 ], [ -55.5672, -27.4655 ], [ -55.5457, -27.4473 ], [ -55.5445, -27.436 ], [ -55.5532, -27.4207 ], [ -55.545, -27.414 ] ] } },
{ "type": "Feature", "properties": { "nombre": "Camino sin nombre", "longitud_km": 7.2 }, "geometry": { "type": "LineString", "coordinates": [ [ -55.5833, -27.4783 ], [ -55.6136, -27.4398 ], [ -55.6198, -27.4228 ] ] } },
{ "type": "Feature", "properties": { "nombre": "Camino sin nombre", "longitud_km": 7.51 }, "geometry": { "type": "LineString", "coordinates": [ [ -55.3261, -27.4156 ], [ -55.3467, -27.4267 ], [ -55.3513, -27.4358 ], [ -55.3498, -27.441 ], [ -55.3389, -27.4453 ], [ -55.3376, -27.4656 ] ] } },
{ "type": "Feature", "properties": { "nombre": "Camino sin nombre", "longitud_km": 22.01 }, "geometry": { "type": "LineString", "coordinates": [ [ -54.4577, -27.2743 ], [ -54.4641, -27.2669 ], [ -54.4916, -27.2765 ], [ -54.4898, -27.288 ], [ -54.4972, -27.2957 ], [ -54.5011, -27.3251 ], [ -54.48, -27.3545 ], [ -54.4809, -27.3606 ], [ -54.4715, -27.366 ], [ -54.473, -27.3731 ], [ -54.4669, -27.3816 ], [ -54.4497, -27.3938 ], [ -54.4497, -27.4029 ], [ -54.4417, -27.4154 ] ] } },
{ "type": "Feature", "properties": { "nombre": "Camino sin nombre", "longitud_km": 10.0 }, "geometry": { "type": "LineString", "coordinates": [ [ -55.0631, -27.3878 ], [ -55.0124, -27.4541 ], [ -55.0029, -27.4596 ] ] } },
{ "type": "Feature", "properties": { "nombre": "Camino sin nombre", "longitud_km": 5.0 }, "geometry": { "type": "LineString", "coordinates": [ [ -54.3521, -27.3858 ], [ -54.3494, -27.4142 ], [ -54.3592, -27.4284 ] ] } },
{ "type": "Feature", "properties": { "nombre": "Camino sin nombre", "longitud_km": 5.6 }, "geometry": { "type": "LineString", "coordinates": [ [ -54.4046, -27.4016 ], [ -54.3852, -27.4071 ], [ -54.3702, -27.4243 ], [ -54.3592, -27.4284 ] ] } },
{ "type": "Feature", "properties": { "nombre": "Camino sin nombre", "longitud_km": 5.23 }, "geometry": { "type": "LineString", "coordinates": [ [ -55.2986, -27.4854 ], [ -55.3197, -27.4875 ], [ -55.323, -27.4823 ], [ -55.3338, -27.4828 ], [ -55.3447, -27.4749 ] ] } },
{ "type": "Feature", "properties": { "nombre": "Camino sin nombre", "longitud_km": 3.89 }, "geometry": { "type": "LineString", "coordinates": [ [ -55.5826, -27.5114 ], [ -55.5769, -27.5024 ], [ -55.5833, -27.4783 ] ] } },
{ "type": "Feature", "properties": { "nombre": "Camino sin nombre", "longitud_km": 8.09 }, "geometry": { "type": "LineString", "coordinates": [ [ -55.1637, -27.4329 ], [ -55.1355, -27.4583 ], [ -55.1354, -27.469 ], [ -55.1278, -27.4704 ], [ -55.1225, -27.4895 ] ] } },
{ "type": "Feature", "properties": { "nombre": "Camino sin nombre", "longitud_km": 2.26 }, "geometry": { "type": "LineString", "coordinates": [ [ -55.8725, -27.5316 ], [ -55.8601, -27.5145 ] ] } },
{ "type": "Feature", "properties": { "nombre": "Camino sin nombre", "longitud_km": 1.97 }, "geometry": { "type": "LineString", "coordinates": [ [ -55.1966, -27.495 ], [ -55.1768, -27.4964 ] ] } },
{ "type": "Feature", "properties": { "nombre": "Camino sin nombre", "longitud_km": 2.84 }, "geometry": { "type": "LineString", "coordinates": [ [ -54.3592, -27.4284 ], [ -54.3505, -27.4432 ], [ -54.3511, -27.4521 ] ] } },
{ "type": "Feature", "properties": { "nombre": "Camino sin nombre", "longitud_km": 3.96 }, "geometry": { "type": "LineString", "coordinates": [ [ -55.8725, -27.5316 ], [ -55.8985, -27.5319 ], [ -55.9076, -27.5415 ] ] } },
{ "type": "Feature", "properties": { "nombre": "Camino sin nombre", "longitud_km": 8.62 }, "geometry": { "type": "LineString", "coordinates": [ [ -55.9076, -27.5415 ], [ -55.9165, -27.5198 ], [ -55.9141, -27.5154 ], [ -55.907, -27.5129 ], [ -55.8877, -27.5194 ], [ -55.871, -27.5 ] ] } },
{ "type": "Feature", "properties": { "nombre": "Camino sin nombre", "longitud_km": 7.78 }, "geometry": { "type": "LineString", "coordinates": [ [ -55.7866, -27.5423 ], [ -55.8139, -27.5239 ], [ -55.8585, -27.5243 ] ] } },
{ "type": "Feature", "properties": { "nombre": "Camino sin nombre", "longitud_km": 1.14 }, "geometry": { "type": "LineString", "coordinates": [ [ -55.9076, -27.5415 ], [ -55.9128, -27.5507 ] ] } },
{ "type": "Feature", "properties": { "nombre": "Camino sin nombre", "longitud_km": 6.34 }, "geometry": { "type": "LineString", "coordinates": [ [ -55.7707, -27.5489 ], [ -55.7641, -27.5401 ], [ -55.7811, -27.5211 ], [ -55.7731, -27.5 ] ] } },
{ "type": "Feature", "properties": { "nombre": "Camino sin nombre", "longitud_km": 1.74 }, "geometry": { "type": "LineString", "coordinates": [ [ -55.7707, -27.5489 ], [ -55.7866, -27.5423 ] ] } },
{ "type": "Feature", "properties": { "nombre": "Camino sin nombre", "longitud_km": 3.47 }, "geometry": { "type": "LineString", "coordinates": [ [ -55.1768, -27.4964 ], [ -55.1699, -27.4948 ], [ -55.163, -27.5006 ], [ -55.16, -27.5169 ] ] } },
{ "type": "Feature", "properties": { "nombre": "Camino sin nombre", "longitud_km": 1.56 }, "geometry": { "type": "LineString", "coordinates": [ [ -55.7801, -27.5603 ], [ -55.7707, -27.5489 ] ] } },
{ "type": "Feature", "properties": { "nombre": "Camino sin nombre", "longitud_km": 2.1 }, "geometry": { "type": "LineString", "coordinates": [ [ -55.7866, -27.5423 ], [ -55.7801, -27.5603 ] ] } },
{ "type": "Feature", "properties": { "nombre": "Camino sin nombre", "longitud_km": 3.22 }, "geometry": { "type": "LineString", "coordinates": [ [ -55.5365, -27.5494 ], [ -55.5644, -27.5644 ] ] } },
{ "type": "Feature", "properties": { "nombre": "Camino sin nombre", "longitud_km": 6.38 }, "geometry": { "type": "LineString", "coordinates": [ [ -55.8933, -27.5861 ], [ -55.8725, -27.5316 ] ] } },
{ "type": "Feature", "properties": { "nombre": "Camino sin nombre", "longitud_km": 7.02 }, "geometry": { "type": "LineString", "coordinates": [ [ -55.3922, -27.5608 ], [ -55.3845, -27.5487 ], [ -55.3886, -27.5409 ], [ -55.3716, -27.532 ], [ -55.3876, -27.5136 ] ] } },
{ "type": "Feature", "properties": { "nombre": "Camino sin nombre", "longitud_km": 4.97 }, "geometry": { "type": "LineString", "coordinates": [ [ -55.8933, -27.5861 ], [ -55.8863, -27.5878 ], [ -55.8606, -27.5754 ], [ -55.8469, -27.5738 ] ] } },
{ "type": "Feature", "properties": { "nombre": "Camino sin nombre", "longitud_km": 1.95 }, "geometry": { "type": "LineString", "coordinates": [ [ -55.5644, -27.5644 ], [ -55.5811, -27.5737 ] ] } },
{ "type": "Feature", "properties": { "nombre": "Camino sin nombre", "longitud_km": 11.87 }, "geometry": { "type": "LineString", "coordinates": [ [ -55.1768, -27.4964 ], [ -55.2113, -27.5298 ], [ -55.2203, -27.5311 ], [ -55.2643, -27.5676 ] ] } },
{ "type": "Feature", "properties": { "nombre": "Camino sin nombre", "longitud_km": 1.01 }, "geometry": { "type": "LineString", "coordinates": [ [ -55.2643, -27.5676 ], [ -55.2723, -27.5733 ] ] } },
{ "type": "Feature", "properties": { "nombre": "Camino sin nombre", "longitud_km": 3.8 }, "geometry": { "type": "LineString", "coordinates": [ [ -55.5199, -27.5551 ], [ -55.5215, -27.5681 ], [ -55.5112, -27.5872 ] ] } },
{ "type": "Feature", "properties": { "nombre": "Camino sin nombre", "longitud_km": 0.61 }, "geometry": { "type": "LineString", "coordinates": [ [ -55.2723, -27.5733 ], [ -55.2774, -27.5764 ] ] } },
{ "type": "Feature", "properties": { "nombre": "Camino sin nombre", "longitud_km": 2.03 }, "geometry": { "type": "LineString", "coordinates": [ [ -55.2643, -27.5676 ], [ -55.2484, -27.5791 ] ] } },
{ "type": "Feature", "properties": { "nombre": "Camino sin nombre", "longitud_km": 15.29 }, "geometry": { "type": "LineString", "coordinates": [ [ -55.6407, -27.6042 ], [ -55.6498, -27.5775 ], [ -55.6691, -27.5674 ], [ -55.6624, -27.5422 ], [ -55.6716, -27.5287 ], [ -55.672, -27.5122 ], [ -55.6781, -27.5014 ], [ -55.6679, -27.4838 ] ] } },
{ "type": "Feature", "properties": { "nombre": "Camino sin nombre", "longitud_km": 8.03 }, "geometry": { "type": "LineString", "coordinates": [ [ -55.6407, -27.6042 ], [ -55.6278, -27.6043 ], [ -55.6093, -27.5894 ], [ -55.5983, -27.567 ], [ -55.5832, -27.562 ] ] } },
{ "type": "Feature", "properties": { "nombre": "Camino sin nombre", "longitud_km": 2.48 }, "geometry": { "type": "LineString", "coordinates": [ [ -55.5112, -27.5872 ], [ -55.5315, -27.6004 ] ] } },
{ "type": "Feature", "properties": { "nombre": "Camino sin nombre", "longitud_km": 2.3 }, "geometry": { "type": "LineString", "coordinates": [ [ -55.2723, -27.5733 ], [ -55.2533, -27.5854 ] ] } },
{ "type": "Feature", "properties": { "nombre": "Camino sin nombre", "longitud_km": 3.32 }, "geometry": { "type": "LineString", "coordinates": [ [ -55.5112, -27.5872 ], [ -55.4945, -27.6133 ] ] } },
{ "type": "Feature", "properties": { "nombre": "Camino sin nombre", "longitud_km": 2.25 }, "geometry": { "type": "LineString", "coordinates": [ [ -55.2596, -27.5892 ], [ -55.2774, -27.5764 ] ] } },
{ "type": "Feature", "properties": { "nombre": "Camino sin nombre", "longitud_km": 6.01 }, "geometry": { "type": "LineString", "coordinates": [ [ -55.5644, -27.5644 ], [ -55.5323, -27.6104 ] ] } },
{ "type": "Feature", "properties": { "nombre": "Camino sin nombre", "longitud_km": 8.6 }, "geometry": { "type": "LineString", "coordinates": [ [ -55.7891, -27.6364 ], [ -55.7852, -27.6295 ], [ -55.788, -27.6061 ], [ -55.7801, -27.5603 ] ] } },
{ "type": "Feature", "properties": { "nombre": "Camino sin nombre", "longitud_km": 13.74 }, "geometry": { "type": "LineString", "coordinates": [ [ -54.7475, -27.5505 ], [ -54.7165, -27.5546 ], [ -54.6843, -27.5702 ], [ -54.6925, -27.5478 ], [ -54.7278, -27.5234 ] ] } },
{ "type": "Feature", "properties": { "nombre": "Camino sin nombre", "longitud_km": 6.74 }, "geometry": { "type": "LineString", "coordinates": [ [ -55.2774, -27.5764 ], [ -55.3127, -27.608 ], [ -55.3308, -27.6094 ] ] } },
{ "type": "Feature", "properties": { "nombre": "Camino sin nombre", "longitud_km": 1.99 }, "geometry": { "type": "LineString", "coordinates": [ [ -55.5323, -27.6104 ], [ -55.5429, -27.617 ], [ -55.5385, -27.6221 ] ] } },
{ "type": "Feature", "properties": { "nombre": "Camino sin nombre", "longitud_km": 15.25 }, "geometry": { "type": "LineString", "coordinates": [ [ -55.9343, -27.7 ], [ -55.9186, -27.6788 ], [ -55.9183, -27.6438 ], [ -55.9013, -27.6308 ], [ -55.8961, -27.62 ], [ -55.8909, -27.6195 ], [ -55.8815, -27.5991 ], [ -55.8931, -27.5924 ], [ -55.8933, -27.5861 ] ] } },
{ "type": "Feature", "properties": { "nombre": "Camino sin nombre", "longitud_km": 1.96 }, "geometry": { "type": "LineString", "coordinates": [ [ -55.5323, -27.6104 ], [ -55.5207, -27.6248 ] ] } },
{ "type": "Feature", "properties": { "nombre": "Camino sin nombre", "longitud_km": 1.0 }, "geometry": { "type": "LineString", "coordinates": [ [ -55.331, -27.6184 ], [ -55.3308, -27.6094 ] ] } },
{ "type": "Feature", "properties": { "nombre": "Camino sin nombre", "longitud_km": 2.58 }, "geometry": { "type": "LineString", "coordinates": [ [ -55.3028, -27.6262 ], [ -55.2893, -27.6179 ], [ -55.2829, -27.6244 ] ] } },
{ "type": "Feature", "properties": { "nombre": "Camino sin nombre", "longitud_km": 38.83 }, "geometry": { "type": "LineString", "coordinates": [ [ -54.8387, -27.4876 ], [ -54.8443, -27.5116 ], [ -54.8367, -27.5373 ], [ -54.8525, -27.5555 ], [ -54.8379, -27.5689 ], [ -54.8437, -27.6016 ], [ -54.8471, -27.6076 ], [ -54.8536, -27.6078 ], [ -54.8722, -27.5985 ], [ -54.9053, -27.595 ], [ -54.9174, -27.5848 ], [ -54.9273, -27.5626 ], [ -54.9419, -27.5504 ], [ -54.9562, -27.5227 ], [ -55.0016, -27.4668 ], [ -55.0029, -27.4596 ] ] } },
{ "type": "Feature", "properties": { "nombre": "Camino sin nombre", "longitud_km": 3.15 }, "geometry": { "type": "LineString", "coordinates": [ [ -55.558, -27.6457 ], [ -55.5554, -27.6391 ], [ -55.5479, -27.6366 ], [ -55.5432, -27.6229 ] ] } },
{ "type": "Feature", "properties": { "nombre": "Camino sin nombre", "longitud_km": 6.73 }, "geometry": { "type": "LineString", "coordinates": [ [ -55.2284, -27.6166 ], [ -55.291, -27.6406 ] ] } },
{ "type": "Feature", "properties": { "nombre": "Camino sin nombre", "longitud_km": 12.56 }, "geometry": { "type": "LineString", "coordinates": [ [ -55.641, -27.6805 ], [ -55.6414, -27.6622 ], [ -55.6565, -27.6539 ], [ -55.6374, -27.647 ], [ -55.6265, -27.6269 ], [ -55.6168, -27.6232 ], [ -55.6327, -27.6147 ], [ -55.6407, -27.6042 ] ] } },
{ "type": "Feature", "properties": { "nombre": "Camino sin nombre", "longitud_km": 24.94 }, "geometry": { "type": "LineString", "coordinates": [ [ -55.2274, -27.6715 ], [ -55.1958, -27.6625 ], [ -55.1941, -27.6548 ], [ -55.1823, -27.6501 ], [ -55.1684, -27.6533 ], [ -55.1608, -27.6451 ], [ -55.1684, -27.6163 ], [ -55.1818, -27.6127 ], [ -55.1728, -27.6035 ], [ -55.1812, -27.5969 ], [ -55.1725, -27.587 ], [ -55.1969, -27.5689 ], [ -55.2061, -27.5792 ], [ -55.221, -27.568 ], [ -55.2398, -27.5638 ] ] } },
{ "type": "Feature", "properties": { "nombre": "Camino sin nombre", "longitud_km": 0.97 }, "geometry": { "type": "LineString", "coordinates": [ [ -55.6627, -27.6989 ], [ -55.658, -27.6911 ] ] } },
{ "type": "Feature", "properties": { "nombre": "Camino sin nombre", "longitud_km": 10.94 }, "geometry": { "type": "LineString", "coordinates": [ [ -55.7247, -27.7135 ], [ -55.7448, -27.7043 ], [ -55.7676, -27.6806 ], [ -55.7836, -27.6591 ], [ -55.7887, -27.638 ] ] } },
{ "type": "Feature", "properties": { "nombre": "Camino sin nombre", "longitud_km": 1.84 }, "geometry": { "type": "LineString", "coordinates": [ [ -55.7138, -27.7269 ], [ -55.7247, -27.7135 ] ] } },
{ "type": "Feature", "properties": { "nombre": "Camino sin nombre", "longitud_km": 6.28 }, "geometry": { "type": "LineString", "coordinates": [ [ -55.6958, -27.7452 ], [ -55.6891, -27.7346 ], [ -55.6707, -27.7209 ], [ -55.6627, -27.6989 ] ] } },
{ "type": "Feature", "properties": { "nombre": "Camino sin nombre", "longitud_km": 8.9 }, "geometry": { "type": "LineString", "coordinates": [ [ -55.6063, -27.753 ], [ -55.6674, -27.7512 ], [ -55.6958, -27.7452 ] ] } },
{ "type": "Feature", "properties": { "nombre": "Camino sin nombre", "longitud_km": 1.04 }, "geometry": { "type": "LineString", "coordinates": [ [ -55.7433, -27.8973 ], [ -55.751, -27.9037 ] ] } },
{ "type": "Feature", "properties": { "nombre": "Camino sin nombre", "longitud_km": 1.59 }, "geometry": { "type": "LineString", "coordinates": [ [ -55.8035, -27.7684 ], [ -55.8009, -27.7543 ] ] } },
{ "type": "Feature", "properties": { "nombre": "Camino sin nombre", "longitud_km": 10.97 }, "geometry": { "type": "LineString", "coordinates": [ [ -55.6627, -27.6989 ], [ -55.6093, -27.7326 ], [ -55.5953, -27.7343 ], [ -55.5813, -27.7466 ], [ -55.579, -27.7571 ] ] } },
{ "type": "Feature", "properties": { "nombre": "Camino sin nombre", "longitud_km": 4.16 }, "geometry": { "type": "LineString", "coordinates": [ [ -55.7623, -27.7716 ], [ -55.7611, -27.7566 ], [ -55.7429, -27.7411 ] ] } },
{ "type": "Feature", "properties": { "nombre": "Camino sin nombre", "longitud_km": 5.55 }, "geometry": { "type": "LineString", "coordinates": [ [ -55.7433, -27.772 ], [ -55.6958, -27.7452 ] ] } },
{ "type": "Feature", "properties": { "nombre": "Camino sin nombre", "longitud_km": 18.5 }, "geometry": { "type": "LineString", "coordinates": [ [ -55.3978, -27.6823 ], [ -55.3835, -27.6849 ], [ -55.3706, -27.6729 ], [ -55.3616, -27.6817 ], [ -55.3617, -27.6987 ], [ -55.3452, -27.7071 ], [ -55.3383, -27.7167 ], [ -55.3061, -27.7249 ], [ -55.3021, -27.7469 ], [ -55.2721, -27.7383 ] ] } },
{ "type": "Feature", "properties": { "nombre": "Camino sin nombre", "longitud_km": 1.22 }, "geometry": { "type": "LineString", "coordinates": [ [ -55.8055, -27.7792 ], [ -55.8035, -27.7684 ] ] } },
{ "type": "Feature", "properties": { "nombre": "Camino sin nombre", "longitud_km": 1.05 }, "geometry": { "type": "LineString", "coordinates": [ [ -55.7508, -27.8906 ], [ -55.7433, -27.8973 ] ] } },
{ "type": "Feature", "properties": { "nombre": "Camino sin nombre", "longitud_km": 2.62 }, "geometry": { "type": "LineString", "coordinates": [ [ -55.8055, -27.7792 ], [ -55.8303, -27.7878 ] ] } },
{ "type": "Feature", "properties": { "nombre": "Camino sin nombre", "longitud_km": 0.06 }, "geometry": { "type": "LineString", "coordinates": [ [ -55.8303, -27.7878 ], [ -55.8308, -27.7874 ] ] } },
{ "type": "Feature", "properties": { "nombre": "Camino sin nombre", "longitud_km": 1.96 }, "geometry": { "type": "LineString", "coordinates": [ [ -55.8169, -27.798 ], [ -55.8093, -27.8034 ], [ -55.8079, -27.7944 ] ] } },
{ "type": "Feature", "properties": { "nombre": "Camino sin nombre", "longitud_km": 1.7 }, "geometry": { "type": "LineString", "coordinates": [ [ -55.8079, -27.7944 ], [ -55.8055, -27.7792 ] ] } },
{ "type": "Feature", "properties": { "nombre": "Camino sin nombre", "longitud_km": 3.1 }, "geometry": { "type": "LineString", "coordinates": [ [ -55.7691, -27.799 ], [ -55.7623, -27.7716 ] ] } },
{ "type": "Feature", "properties": { "nombre": "Camino sin nombre", "longitud_km": 3.86 }, "geometry": { "type": "LineString", "coordinates": [ [ -55.8079, -27.7944 ], [ -55.7691, -27.799 ] ] } },
{ "type": "Feature", "properties": { "nombre": "Camino sin nombre", "longitud_km": 14.23 }, "geometry": { "type": "LineString", "coordinates": [ [ -55.5226, -27.7801 ], [ -55.5196, -27.7701 ], [ -55.5, -27.7629 ], [ -55.497, -27.7708 ], [ -55.4886, -27.7709 ], [ -55.4724, -27.782 ], [ -55.4555, -27.7819 ], [ -55.4297, -27.7973 ], [ -55.4058, -27.8049 ] ] } },
{ "type": "Feature", "properties": { "nombre": "Camino sin nombre", "longitud_km": 1.73 }, "geometry": { "type": "LineString", "coordinates": [ [ -55.8169, -27.798 ], [ -55.8303, -27.7878 ] ] } },
{ "type": "Feature", "properties": { "nombre": "Camino sin nombre", "longitud_km": 0.55 }, "geometry": { "type": "LineString", "coordinates": [ [ -55.7809, -27.9039 ], [ -55.7768, -27.9074 ] ] } },
{ "type": "Feature", "properties": { "nombre": "Camino sin nombre", "longitud_km": 2.0 }, "geometry": { "type": "LineString", "coordinates": [ [ -55.7491, -27.8201 ], [ -55.7693, -27.8182 ] ] } },
{ "type": "Feature", "properties": { "nombre": "Camino sin nombre", "longitud_km": 1.46 }, "geometry": { "type": "LineString", "coordinates": [ [ -55.7554, -27.8286 ], [ -55.77, -27.8269 ] ] } },
{ "type": "Feature", "properties": { "nombre": "Camino sin nombre", "longitud_km": 2.92 }, "geometry": { "type": "LineString", "coordinates": [ [ -55.0134, -27.7612 ], [ -55.0141, -27.7875 ] ] } },
{ "type": "Feature", "properties": { "nombre": "Camino sin nombre", "longitud_km": 1.0 }, "geometry": { "type": "LineString", "coordinates": [ [ -55.7491, -27.8201 ], [ -55.7501, -27.8291 ] ] } },
{ "type": "Feature", "properties": { "nombre": "Camino sin nombre", "longitud_km": 0.52 }, "geometry": { "type": "LineString", "coordinates": [ [ -55.7501, -27.8291 ], [ -55.7554, -27.8286 ] ] } },
{ "type": "Feature", "properties": { "nombre": "Camino sin nombre", "longitud_km": 0.87 }, "geometry": { "type": "LineString", "coordinates": [ [ -55.7413, -27.8301 ], [ -55.7501, -27.8291 ] ] } },
{ "type": "Feature", "properties": { "nombre": "Camino sin nombre", "longitud_km": 6.62 }, "geometry": { "type": "LineString", "coordinates": [ [ -55.8393, -27.8495 ], [ -55.8371, -27.8321 ], [ -55.8161, -27.8049 ], [ -55.8197, -27.8029 ], [ -55.8169, -27.798 ] ] } },
{ "type": "Feature", "properties": { "nombre": "Camino sin nombre", "longitud_km": 7.9 }, "geometry": { "type": "LineString", "coordinates": [ [ -55.77, -27.8269 ], [ -55.801, -27.8235 ], [ -55.8298, -27.847 ], [ -55.8393, -27.8495 ] ] } },
{ "type": "Feature", "properties": { "nombre": "Camino sin nombre", "longitud_km": 10.8 }, "geometry": { "type": "LineString", "coordinates": [ [ -55.6328, -27.8437 ], [ -55.7413, -27.8301 ] ] } },
{ "type": "Feature", "properties": { "nombre": "Camino sin nombre", "longitud_km": 3.08 }, "geometry": { "type": "LineString", "coordinates": [ [ -55.7277, -27.8456 ], [ -55.7502, -27.8649 ] ] } },
{ "type": "Feature", "properties": { "nombre": "Camino sin nombre", "longitud_km": 4.92 }, "geometry": { "type": "LineString", "coordinates": [ [ -55.7554, -27.8286 ], [ -55.7505, -27.8391 ], [ -55.7566, -27.8449 ], [ -55.7516, -27.8527 ], [ -55.7569, -27.859 ], [ -55.7502, -27.8649 ] ] } },
{ "type": "Feature", "properties": { "nombre": "Camino sin nombre", "longitud_km": 1.03 }, "geometry": { "type": "LineString", "coordinates": [ [ -55.2155, -27.833 ], [ -55.223, -27.8395 ] ] } },
{ "type": "Feature", "properties": { "nombre": "Camino sin nombre", "longitud_km": 1.09 }, "geometry": { "type": "LineString", "coordinates": [ [ -55.7502, -27.8649 ], [ -55.7582, -27.8717 ] ] } },
{ "type": "Feature", "properties": { "nombre": "Camino sin nombre", "longitud_km": 0.96 }, "geometry": { "type": "LineString", "coordinates": [ [ -55.7651, -27.8655 ], [ -55.7582, -27.8717 ] ] } },
{ "type": "Feature", "properties": { "nombre": "Camino sin nombre", "longitud_km": 3.09 }, "geometry": { "type": "LineString", "coordinates": [ [ -55.7213, -27.8512 ], [ -55.7433, -27.871 ] ] } },
{ "type": "Feature", "properties": { "nombre": "Camino sin nombre", "longitud_km": 0.96 }, "geometry": { "type": "LineString", "coordinates": [ [ -55.7502, -27.8649 ], [ -55.7433, -27.871 ] ] } },
{ "type": "Feature", "properties": { "nombre": "Camino sin nombre", "longitud_km": 0.88 }, "geometry": { "type": "LineString", "coordinates": [ [ -55.7582, -27.8717 ], [ -55.7647, -27.8772 ] ] } },
{ "type": "Feature", "properties": { "nombre": "Camino sin nombre", "longitud_km": 0.09 }, "geometry": { "type": "LineString", "coordinates": [ [ -55.7647, -27.8772 ], [ -55.7653, -27.8778 ] ] } },
{ "type": "Feature", "properties": { "nombre": "Camino sin nombre", "longitud_km": 4.2 }, "geometry": { "type": "LineString", "coordinates": [ [ -55.7653, -27.8778 ], [ -55.7804, -27.8644 ], [ -55.7732, -27.8584 ], [ -55.7651, -27.8655 ] ] } },
{ "type": "Feature", "properties": { "nombre": "Camino sin nombre", "longitud_km": 1.09 }, "geometry": { "type": "LineString", "coordinates": [ [ -55.7433, -27.871 ], [ -55.751, -27.878 ] ] } },
{ "type": "Feature", "properties": { "nombre": "Camino sin nombre", "longitud_km": 1.0 }, "geometry": { "type": "LineString", "coordinates": [ [ -55.7582, -27.8717 ], [ -55.751, -27.878 ] ] } },
{ "type": "Feature", "properties": { "nombre": "Camino sin nombre", "longitud_km": 0.16 }, "geometry": { "type": "LineString", "coordinates": [ [ -55.7653, -27.8778 ], [ -55.7642, -27.8788 ] ] } },
{ "type": "Feature", "properties": { "nombre": "Camino sin nombre", "longitud_km": 3.08 }, "geometry": { "type": "LineString", "coordinates": [ [ -55.7141, -27.8576 ], [ -55.7361, -27.8774 ] ] } },
{ "type": "Feature", "properties": { "nombre": "Camino sin nombre", "longitud_km": 1.0 }, "geometry": { "type": "LineString", "coordinates": [ [ -55.7433, -27.871 ], [ -55.7361, -27.8774 ] ] } },
{ "type": "Feature", "properties": { "nombre": "Camino sin nombre", "longitud_km": 1.04 }, "geometry": { "type": "LineString", "coordinates": [ [ -55.6994, -27.871 ], [ -55.6922, -27.8778 ] ] } },
{ "type": "Feature", "properties": { "nombre": "Camino sin nombre", "longitud_km": 1.01 }, "geometry": { "type": "LineString", "coordinates": [ [ -55.7287, -27.884 ], [ -55.7215, -27.8904 ] ] } },
{ "type": "Feature", "properties": { "nombre": "Camino sin nombre", "longitud_km": 1.02 }, "geometry": { "type": "LineString", "coordinates": [ [ -55.7653, -27.8778 ], [ -55.7728, -27.8842 ] ] } },
{ "type": "Feature", "properties": { "nombre": "Camino sin nombre", "longitud_km": 0.97 }, "geometry": { "type": "LineString", "coordinates": [ [ -55.751, -27.878 ], [ -55.758, -27.8843 ] ] } },
{ "type": "Feature", "properties": { "nombre": "Camino sin nombre", "longitud_km": 0.86 }, "geometry": { "type": "LineString", "coordinates": [ [ -55.7642, -27.8788 ], [ -55.758, -27.8843 ] ] } },
{ "type": "Feature", "properties": { "nombre": "Camino sin nombre", "longitud_km": 1.09 }, "geometry": { "type": "LineString", "coordinates": [ [ -55.7361, -27.8774 ], [ -55.7439, -27.8844 ] ] } },
{ "type": "Feature", "properties": { "nombre": "Camino sin nombre", "longitud_km": 1.0 }, "geometry": { "type": "LineString", "coordinates": [ [ -55.751, -27.878 ], [ -55.7439, -27.8844 ] ] } },
{ "type": "Feature", "properties": { "nombre": "Camino sin nombre", "longitud_km": 3.07 }, "geometry": { "type": "LineString", "coordinates": [ [ -55.7071, -27.8641 ], [ -55.7287, -27.884 ] ] } },
{ "type": "Feature", "properties": { "nombre": "Camino sin nombre", "longitud_km": 1.03 }, "geometry": { "type": "LineString", "coordinates": [ [ -55.7361, -27.8774 ], [ -55.7287, -27.884 ] ] } },
{ "type": "Feature", "properties": { "nombre": "Camino sin nombre", "longitud_km": 1.0 }, "geometry": { "type": "LineString", "coordinates": [ [ -55.7657, -27.8906 ], [ -55.7728, -27.8842 ] ] } },
{ "type": "Feature", "properties": { "nombre": "Camino sin nombre", "longitud_km": 0.97 }, "geometry": { "type": "LineString", "coordinates": [ [ -55.7439, -27.8844 ], [ -55.7508, -27.8906 ] ] } },
{ "type": "Feature", "properties": { "nombre": "Camino sin nombre", "longitud_km": 1.0 }, "geometry": { "type": "LineString", "coordinates": [ [ -55.758, -27.8843 ], [ -55.7508, -27.8906 ] ] } },
{ "type": "Feature", "properties": { "nombre": "Camino sin nombre", "longitud_km": 1.09 }, "geometry": { "type": "LineString", "coordinates": [ [ -55.7287, -27.884 ], [ -55.7364, -27.891 ] ] } },
{ "type": "Feature", "properties": { "nombre": "Camino sin nombre", "longitud_km": 1.04 }, "geometry": { "type": "LineString", "coordinates": [ [ -55.7439, -27.8844 ], [ -55.7364, -27.891 ] ] } },
{ "type": "Feature", "properties": { "nombre": "Camino sin nombre", "longitud_km": 0.3 }, "geometry": { "type": "LineString", "coordinates": [ [ -55.7635, -27.8925 ], [ -55.7657, -27.8906 ] ] } },
{ "type": "Feature", "properties": { "nombre": "Camino sin nombre", "longitud_km": 3.06 }, "geometry": { "type": "LineString", "coordinates": [ [ -55.6994, -27.871 ], [ -55.7215, -27.8904 ] ] } },
{ "type": "Feature", "properties": { "nombre": "Camino sin nombre", "longitud_km": 1.27 }, "geometry": { "type": "LineString", "coordinates": [ [ -55.6922, -27.8778 ], [ -55.6901, -27.889 ] ] } },
{ "type": "Feature", "properties": { "nombre": "Camino sin nombre", "longitud_km": 2.02 }, "geometry": { "type": "LineString", "coordinates": [ [ -55.6922, -27.8778 ], [ -55.7067, -27.8907 ] ] } },
{ "type": "Feature", "properties": { "nombre": "Camino sin nombre", "longitud_km": 1.06 }, "geometry": { "type": "LineString", "coordinates": [ [ -55.7508, -27.8906 ], [ -55.7583, -27.8974 ] ] } },
{ "type": "Feature", "properties": { "nombre": "Camino sin nombre", "longitud_km": 0.97 }, "geometry": { "type": "LineString", "coordinates": [ [ -55.7364, -27.891 ], [ -55.7433, -27.8973 ] ] } },
{ "type": "Feature", "properties": { "nombre": "Camino sin nombre", "longitud_km": 1.09 }, "geometry": { "type": "LineString", "coordinates": [ [ -55.7215, -27.8904 ], [ -55.7293, -27.8973 ] ] } },
{ "type": "Feature", "properties": { "nombre": "Camino sin nombre", "longitud_km": 0.99 }, "geometry": { "type": "LineString", "coordinates": [ [ -55.7364, -27.891 ], [ -55.7293, -27.8973 ] ] } },
{ "type": "Feature", "properties": { "nombre": "Camino sin nombre", "longitud_km": 1.05 }, "geometry": { "type": "LineString", "coordinates": [ [ -55.7215, -27.8904 ], [ -55.7139, -27.8971 ] ] } },
{ "type": "Feature", "properties": { "nombre": "Camino sin nombre", "longitud_km": 1.29 }, "geometry": { "type": "LineString", "coordinates": [ [ -55.6901, -27.889 ], [ -55.6992, -27.8973 ] ] } },
{ "type": "Feature", "properties": { "nombre": "Camino sin nombre", "longitud_km": 10.02 }, "geometry": { "type": "LineString", "coordinates": [ [ -55.7728, -27.8842 ], [ -55.7955, -27.8639 ], [ -55.8094, -27.8619 ], [ -55.827, -27.9087 ] ] } },
{ "type": "Feature", "properties": { "nombre": "Camino sin nombre", "longitud_km": 15.44 }, "geometry": { "type": "LineString", "coordinates": [ [ -55.2495, -27.7636 ], [ -55.2682, -27.7732 ], [ -55.2649, -27.7804 ], [ -55.276, -27.7826 ], [ -55.2695, -27.8137 ], [ -55.2847, -27.8244 ], [ -55.2806, -27.8481 ], [ -55.268, -27.8666 ], [ -55.2596, -27.8691 ] ] } },
{ "type": "Feature", "properties": { "nombre": "Camino sin nombre", "longitud_km": 0.28 }, "geometry": { "type": "LineString", "coordinates": [ [ -55.7433, -27.8973 ], [ -55.7413, -27.8991 ] ] } },
{ "type": "Feature", "properties": { "nombre": "Camino sin nombre", "longitud_km": 2.16 }, "geometry": { "type": "LineString", "coordinates": [ [ -55.6624, -27.8776 ], [ -55.6469, -27.8913 ] ] } },
{ "type": "Feature", "properties": { "nombre": "Camino sin nombre", "longitud_km": 2.11 }, "geometry": { "type": "LineString", "coordinates": [ [ -55.7809, -27.9039 ], [ -55.7657, -27.8906 ] ] } },
{ "type": "Feature", "properties": { "nombre": "Camino sin nombre", "longitud_km": 3.27 }, "geometry": { "type": "LineString", "coordinates": [ [ -55.8039, -27.9116 ], [ -55.7888, -27.8971 ], [ -55.7809, -27.9039 ] ] } },
{ "type": "Feature", "properties": { "nombre": "Camino sin nombre", "longitud_km": 2.06 }, "geometry": { "type": "LineString", "coordinates": [ [ -55.7583, -27.8974 ], [ -55.7735, -27.9103 ] ] } },
{ "type": "Feature", "properties": { "nombre": "Camino sin nombre", "longitud_km": 3.33 }, "geometry": { "type": "LineString", "coordinates": [ [ -55.6705, -27.9129 ], [ -55.6469, -27.8913 ] ] } },
{ "type": "Feature", "properties": { "nombre": "Camino sin nombre", "longitud_km": 1.0 }, "geometry": { "type": "LineString", "coordinates": [ [ -55.6992, -27.8973 ], [ -55.7064, -27.9038 ] ] } },
{ "type": "Feature", "properties": { "nombre": "Camino sin nombre", "longitud_km": 1.04 }, "geometry": { "type": "LineString", "coordinates": [ [ -55.7139, -27.8971 ], [ -55.7064, -27.9038 ] ] } },
{ "type": "Feature", "properties": { "nombre": "Camino sin nombre", "longitud_km": 1.05 }, "geometry": { "type": "LineString", "coordinates": [ [ -55.7362, -27.9036 ], [ -55.7439, -27.9103 ] ] } },
{ "type": "Feature", "properties": { "nombre": "Camino sin nombre", "longitud_km": 0.96 }, "geometry": { "type": "LineString", "coordinates": [ [ -55.7217, -27.9041 ], [ -55.7286, -27.9102 ] ] } },
{ "type": "Feature", "properties": { "nombre": "Camino sin nombre", "longitud_km": 1.05 }, "geometry": { "type": "LineString", "coordinates": [ [ -55.7362, -27.9036 ], [ -55.7286, -27.9102 ] ] } },
{ "type": "Feature", "properties": { "nombre": "Camino sin nombre", "longitud_km": 2.74 }, "geometry": { "type": "LineString", "coordinates": [ [ -55.6901, -27.889 ], [ -55.6885, -27.8974 ], [ -55.675, -27.9085 ] ] } },
{ "type": "Feature", "properties": { "nombre": "Camino sin nombre", "longitud_km": 1.09 }, "geometry": { "type": "LineString", "coordinates": [ [ -55.7064, -27.9038 ], [ -55.7141, -27.9108 ] ] } },
{ "type": "Feature", "properties": { "nombre": "Camino sin nombre", "longitud_km": 2.43 }, "geometry": { "type": "LineString", "coordinates": [ [ -55.2596, -27.8691 ], [ -55.2469, -27.888 ] ] } },
{ "type": "Feature", "properties": { "nombre": "Camino sin nombre", "longitud_km": 2.06 }, "geometry": { "type": "LineString", "coordinates": [ [ -55.751, -27.9037 ], [ -55.765, -27.9175 ] ] } },
{ "type": "Feature", "properties": { "nombre": "Camino sin nombre", "longitud_km": 1.22 }, "geometry": { "type": "LineString", "coordinates": [ [ -55.7286, -27.9102 ], [ -55.7374, -27.918 ] ] } },
{ "type": "Feature", "properties": { "nombre": "Camino sin nombre", "longitud_km": 1.97 }, "geometry": { "type": "LineString", "coordinates": [ [ -55.8029, -27.924 ], [ -55.8105, -27.9179 ], [ -55.8039, -27.9116 ] ] } },
{ "type": "Feature", "properties": { "nombre": "Camino sin nombre", "longitud_km": 0.99 }, "geometry": { "type": "LineString", "coordinates": [ [ -55.765, -27.9175 ], [ -55.7722, -27.9237 ] ] } },
{ "type": "Feature", "properties": { "nombre": "Camino sin nombre", "longitud_km": 2.06 }, "geometry": { "type": "LineString", "coordinates": [ [ -55.7439, -27.9103 ], [ -55.7588, -27.9234 ] ] } },
{ "type": "Feature", "properties": { "nombre": "Camino sin nombre", "longitud_km": 4.06 }, "geometry": { "type": "LineString", "coordinates": [ [ -55.6469, -27.8913 ], [ -55.6259, -27.9104 ], [ -55.6339, -27.9175 ] ] } },
{ "type": "Feature", "properties": { "nombre": "Camino sin nombre", "longitud_km": 1.15 }, "geometry": { "type": "LineString", "coordinates": [ [ -55.6468, -27.9164 ], [ -55.6551, -27.9237 ] ] } },
{ "type": "Feature", "properties": { "nombre": "Camino sin nombre", "longitud_km": 1.01 }, "geometry": { "type": "LineString", "coordinates": [ [ -55.7588, -27.9234 ], [ -55.7661, -27.9298 ] ] } },
{ "type": "Feature", "properties": { "nombre": "Camino sin nombre", "longitud_km": 0.91 }, "geometry": { "type": "LineString", "coordinates": [ [ -55.7722, -27.9237 ], [ -55.7661, -27.9298 ] ] } },
{ "type": "Feature", "properties": { "nombre": "Camino sin nombre", "longitud_km": 3.07 }, "geometry": { "type": "LineString", "coordinates": [ [ -55.7735, -27.9103 ], [ -55.7953, -27.93 ] ] } },
{ "type": "Feature", "properties": { "nombre": "Camino sin nombre", "longitud_km": 1.0 }, "geometry": { "type": "LineString", "coordinates": [ [ -55.7953, -27.93 ], [ -55.8029, -27.924 ] ] } },
{ "type": "Feature", "properties": { "nombre": "Camino sin nombre", "longitud_km": 2.75 }, "geometry": { "type": "LineString", "coordinates": [ [ -55.7141, -27.9108 ], [ -55.7338, -27.9284 ] ] } },
{ "type": "Feature", "properties": { "nombre": "Camino sin nombre", "longitud_km": 1.06 }, "geometry": { "type": "LineString", "coordinates": [ [ -55.7873, -27.9365 ], [ -55.7953, -27.93 ] ] } },
{ "type": "Feature", "properties": { "nombre": "Camino sin nombre", "longitud_km": 2.05 }, "geometry": { "type": "LineString", "coordinates": [ [ -55.7722, -27.9237 ], [ -55.7873, -27.9365 ] ] } },
{ "type": "Feature", "properties": { "nombre": "Camino sin nombre", "longitud_km": 1.94 }, "geometry": { "type": "LineString", "coordinates": [ [ -55.8145, -27.9381 ], [ -55.8029, -27.924 ] ] } },
{ "type": "Feature", "properties": { "nombre": "Camino sin nombre", "longitud_km": 0.99 }, "geometry": { "type": "LineString", "coordinates": [ [ -55.7661, -27.9298 ], [ -55.7733, -27.936 ] ] } },
{ "type": "Feature", "properties": { "nombre": "Camino sin nombre", "longitud_km": 1.96 }, "geometry": { "type": "LineString", "coordinates": [ [ -55.648, -27.93 ], [ -55.6339, -27.9175 ] ] } },
{ "type": "Feature", "properties": { "nombre": "Camino sin nombre", "longitud_km": 0.98 }, "geometry": { "type": "LineString", "coordinates": [ [ -55.6551, -27.9237 ], [ -55.648, -27.93 ] ] } },
{ "type": "Feature", "properties": { "nombre": "Camino sin nombre", "longitud_km": 1.09 }, "geometry": { "type": "LineString", "coordinates": [ [ -55.7654, -27.943 ], [ -55.7733, -27.936 ] ] } },
{ "type": "Feature", "properties": { "nombre": "Camino sin nombre", "longitud_km": 2.7 }, "geometry": { "type": "LineString", "coordinates": [ [ -55.8099, -27.9586 ], [ -55.8184, -27.9519 ], [ -55.8145, -27.9381 ] ] } },
{ "type": "Feature", "properties": { "nombre": "Camino sin nombre", "longitud_km": 1.96 }, "geometry": { "type": "LineString", "coordinates": [ [ -55.7953, -27.93 ], [ -55.8093, -27.9427 ] ] } },
{ "type": "Feature", "properties": { "nombre": "Camino sin nombre", "longitud_km": 0.72 }, "geometry": { "type": "LineString", "coordinates": [ [ -55.8145, -27.9381 ], [ -55.8093, -27.9427 ] ] } },
{ "type": "Feature", "properties": { "nombre": "Camino sin nombre", "longitud_km": 2.0 }, "geometry": { "type": "LineString", "coordinates": [ [ -55.6551, -27.9237 ], [ -55.6696, -27.9364 ] ] } },
{ "type": "Feature", "properties": { "nombre": "Camino sin nombre", "longitud_km": 5.12 }, "geometry": { "type": "LineString", "coordinates": [ [ -55.7064, -27.9038 ], [ -55.6696, -27.9364 ] ] } },
{ "type": "Feature", "properties": { "nombre": "Camino sin nombre", "longitud_km": 1.01 }, "geometry": { "type": "LineString", "coordinates": [ [ -55.7733, -27.936 ], [ -55.7806, -27.9424 ] ] } },
{ "type": "Feature", "properties": { "nombre": "Camino sin nombre", "longitud_km": 0.93 }, "geometry": { "type": "LineString", "coordinates": [ [ -55.7806, -27.9424 ], [ -55.7873, -27.9365 ] ] } },
{ "type": "Feature", "properties": { "nombre": "Camino sin nombre", "longitud_km": 3.91 }, "geometry": { "type": "LineString", "coordinates": [ [ -55.7374, -27.918 ], [ -55.7654, -27.943 ] ] } },
{ "type": "Feature", "properties": { "nombre": "Camino sin nombre", "longitud_km": 2.12 }, "geometry": { "type": "LineString", "coordinates": [ [ -55.6252, -27.9232 ], [ -55.6404, -27.9368 ] ] } },
{ "type": "Feature", "properties": { "nombre": "Camino sin nombre", "longitud_km": 1.06 }, "geometry": { "type": "LineString", "coordinates": [ [ -55.648, -27.93 ], [ -55.6404, -27.9368 ] ] } },
{ "type": "Feature", "properties": { "nombre": "Camino sin nombre", "longitud_km": 2.03 }, "geometry": { "type": "LineString", "coordinates": [ [ -55.7873, -27.9365 ], [ -55.802, -27.9493 ] ] } },
{ "type": "Feature", "properties": { "nombre": "Camino sin nombre", "longitud_km": 1.02 }, "geometry": { "type": "LineString", "coordinates": [ [ -55.8093, -27.9427 ], [ -55.802, -27.9493 ] ] } },
{ "type": "Feature", "properties": { "nombre": "Camino sin nombre", "longitud_km": 1.09 }, "geometry": { "type": "LineString", "coordinates": [ [ -55.6696, -27.9364 ], [ -55.6775, -27.9433 ] ] } },
{ "type": "Feature", "properties": { "nombre": "Camino sin nombre", "longitud_km": 3.0 }, "geometry": { "type": "LineString", "coordinates": [ [ -55.6696, -27.9364 ], [ -55.6624, -27.9427 ], [ -55.648, -27.93 ] ] } },
{ "type": "Feature", "properties": { "nombre": "Camino sin nombre", "longitud_km": 1.02 }, "geometry": { "type": "LineString", "coordinates": [ [ -55.7654, -27.943 ], [ -55.7728, -27.9495 ] ] } },
{ "type": "Feature", "properties": { "nombre": "Camino sin nombre", "longitud_km": 1.1 }, "geometry": { "type": "LineString", "coordinates": [ [ -55.7806, -27.9424 ], [ -55.7728, -27.9495 ] ] } },
{ "type": "Feature", "properties": { "nombre": "Camino sin nombre", "longitud_km": 1.29 }, "geometry": { "type": "LineString", "coordinates": [ [ -55.802, -27.9493 ], [ -55.8099, -27.9586 ] ] } },
{ "type": "Feature", "properties": { "nombre": "Camino sin nombre", "longitud_km": 3.34 }, "geometry": { "type": "LineString", "coordinates": [ [ -55.7338, -27.9284 ], [ -55.7576, -27.9499 ] ] } },
{ "type": "Feature", "properties": { "nombre": "Camino sin nombre", "longitud_km": 1.09 }, "geometry": { "type": "LineString", "coordinates": [ [ -55.7576, -27.9499 ], [ -55.7654, -27.943 ] ] } },
{ "type": "Feature", "properties": { "nombre": "Camino sin nombre", "longitud_km": 0.95 }, "geometry": { "type": "LineString", "coordinates": [ [ -55.802, -27.9493 ], [ -55.7953, -27.9554 ] ] } },
{ "type": "Feature", "properties": { "nombre": "Camino sin nombre", "longitud_km": 0.77 }, "geometry": { "type": "LineString", "coordinates": [ [ -55.5057, -27.9601 ], [ -55.5049, -27.967 ] ] } },
{ "type": "Feature", "properties": { "nombre": "Camino sin nombre", "longitud_km": 1.03 }, "geometry": { "type": "LineString", "coordinates": [ [ -55.7576, -27.9499 ], [ -55.765, -27.9565 ] ] } },
{ "type": "Feature", "properties": { "nombre": "Camino sin nombre", "longitud_km": 1.09 }, "geometry": { "type": "LineString", "coordinates": [ [ -55.7728, -27.9495 ], [ -55.765, -27.9565 ] ] } },
{ "type": "Feature", "properties": { "nombre": "Camino sin nombre", "longitud_km": 2.03 }, "geometry": { "type": "LineString", "coordinates": [ [ -55.7806, -27.9424 ], [ -55.7953, -27.9554 ] ] } },
{ "type": "Feature", "properties": { "nombre": "Camino sin nombre", "longitud_km": 0.55 }, "geometry": { "type": "LineString", "coordinates": [ [ -55.5049, -27.967 ], [ -55.5105, -27.9675 ] ] } },
{ "type": "Feature", "properties": { "nombre": "Camino sin nombre", "longitud_km": 1.93 }, "geometry": { "type": "LineString", "coordinates": [ [ -55.4927, -27.9323 ], [ -55.4757, -27.941 ] ] } },
{ "type": "Feature", "properties": { "nombre": "Camino sin nombre", "longitud_km": 2.03 }, "geometry": { "type": "LineString", "coordinates": [ [ -55.7728, -27.9495 ], [ -55.7874, -27.9625 ] ] } },
{ "type": "Feature", "properties": { "nombre": "Camino sin nombre", "longitud_km": 1.11 }, "geometry": { "type": "LineString", "coordinates": [ [ -55.7953, -27.9554 ], [ -55.7874, -27.9625 ] ] } },
{ "type": "Feature", "properties": { "nombre": "Camino sin nombre", "longitud_km": 3.09 }, "geometry": { "type": "LineString", "coordinates": [ [ -55.6404, -27.9368 ], [ -55.6625, -27.9565 ] ] } },
{ "type": "Feature", "properties": { "nombre": "Camino sin nombre", "longitud_km": 2.03 }, "geometry": { "type": "LineString", "coordinates": [ [ -55.765, -27.9565 ], [ -55.7795, -27.9696 ] ] } },
{ "type": "Feature", "properties": { "nombre": "Camino sin nombre", "longitud_km": 1.1 }, "geometry": { "type": "LineString", "coordinates": [ [ -55.7874, -27.9625 ], [ -55.7795, -27.9696 ] ] } },
{ "type": "Feature", "properties": { "nombre": "Camino sin nombre", "longitud_km": 1.27 }, "geometry": { "type": "LineString", "coordinates": [ [ -55.7874, -27.9625 ], [ -55.7965, -27.9706 ] ] } },
{ "type": "Feature", "properties": { "nombre": "Camino sin nombre", "longitud_km": 4.05 }, "geometry": { "type": "LineString", "coordinates": [ [ -55.5924, -27.9444 ], [ -55.5623, -27.9487 ], [ -55.5607, -27.9581 ] ] } },
{ "type": "Feature", "properties": { "nombre": "Camino sin nombre", "longitud_km": 2.38 }, "geometry": { "type": "LineString", "coordinates": [ [ -55.5226, -27.9594 ], [ -55.523, -27.9561 ], [ -55.5063, -27.9545 ], [ -55.5059, -27.9577 ] ] } },
{ "type": "Feature", "properties": { "nombre": "Camino sin nombre", "longitud_km": 0.77 }, "geometry": { "type": "LineString", "coordinates": [ [ -55.5111, -27.9606 ], [ -55.5105, -27.9675 ] ] } },
{ "type": "Feature", "properties": { "nombre": "Camino sin nombre", "longitud_km": 0.53 }, "geometry": { "type": "LineString", "coordinates": [ [ -55.5105, -27.9675 ], [ -55.5159, -27.968 ] ] } },
{ "type": "Feature", "properties": { "nombre": "Camino sin nombre", "longitud_km": 0.27 }, "geometry": { "type": "LineString", "coordinates": [ [ -55.5059, -27.9577 ], [ -55.5057, -27.9601 ] ] } },
{ "type": "Feature", "properties": { "nombre": "Camino sin nombre", "longitud_km": 0.54 }, "geometry": { "type": "LineString", "coordinates": [ [ -55.5057, -27.9601 ], [ -55.5111, -27.9606 ] ] } },
{ "type": "Feature", "properties": { "nombre": "Camino sin nombre", "longitud_km": 0.26 }, "geometry": { "type": "LineString", "coordinates": [ [ -55.5114, -27.9583 ], [ -55.5111, -27.9606 ] ] } },
{ "type": "Feature", "properties": { "nombre": "Camino sin nombre", "longitud_km": 1.07 }, "geometry": { "type": "LineString", "coordinates": [ [ -55.5111, -27.9606 ], [ -55.522, -27.9616 ] ] } },
{ "type": "Feature", "properties": { "nombre": "Camino sin nombre", "longitud_km": 0.25 }, "geometry": { "type": "LineString", "coordinates": [ [ -55.5226, -27.9594 ], [ -55.522, -27.9616 ] ] } },
{ "type": "Feature", "properties": { "nombre": "Camino sin nombre", "longitud_km": 0.03 }, "geometry": { "type": "LineString", "coordinates": [ [ -55.522, -27.9616 ], [ -55.5223, -27.9616 ] ] } },
{ "type": "Feature", "properties": { "nombre": "Camino sin nombre", "longitud_km": 0.52 }, "geometry": { "type": "LineString", "coordinates": [ [ -55.5223, -27.9616 ], [ -55.5276, -27.9621 ] ] } },
{ "type": "Feature", "properties": { "nombre": "Camino sin nombre", "longitud_km": 0.66 }, "geometry": { "type": "LineString", "coordinates": [ [ -55.56, -27.964 ], [ -55.5607, -27.9581 ] ] } },
{ "type": "Feature", "properties": { "nombre": "Camino sin nombre", "longitud_km": 1.07 }, "geometry": { "type": "LineString", "coordinates": [ [ -55.7795, -27.9696 ], [ -55.7872, -27.9765 ] ] } },
{ "type": "Feature", "properties": { "nombre": "Camino sin nombre", "longitud_km": 1.61 }, "geometry": { "type": "LineString", "coordinates": [ [ -55.5049, -27.967 ], [ -55.4887, -27.9655 ] ] } },
{ "type": "Feature", "properties": { "nombre": "Camino sin nombre", "longitud_km": 4.06 }, "geometry": { "type": "LineString", "coordinates": [ [ -55.7285, -27.9758 ], [ -55.7576, -27.9499 ] ] } },
{ "type": "Feature", "properties": { "nombre": "Camino sin nombre", "longitud_km": 1.87 }, "geometry": { "type": "LineString", "coordinates": [ [ -55.4902, -27.9487 ], [ -55.4887, -27.9655 ] ] } },
{ "type": "Feature", "properties": { "nombre": "Camino sin nombre", "longitud_km": 0.46 }, "geometry": { "type": "LineString", "coordinates": [ [ -55.5159, -27.968 ], [ -55.5205, -27.9684 ] ] } },
{ "type": "Feature", "properties": { "nombre": "Camino sin nombre", "longitud_km": 0.77 }, "geometry": { "type": "LineString", "coordinates": [ [ -55.5223, -27.9616 ], [ -55.5205, -27.9684 ] ] } },
{ "type": "Feature", "properties": { "nombre": "Camino sin nombre", "longitud_km": 0.61 }, "geometry": { "type": "LineString", "coordinates": [ [ -55.5205, -27.9684 ], [ -55.5267, -27.969 ] ] } },
{ "type": "Feature", "properties": { "nombre": "Camino sin nombre", "longitud_km": 1.02 }, "geometry": { "type": "LineString", "coordinates": [ [ -55.5381, -27.9611 ], [ -55.5371, -27.9702 ] ] } },
{ "type": "Feature", "properties": { "nombre": "Camino sin nombre", "longitud_km": 1.6 }, "geometry": { "type": "LineString", "coordinates": [ [ -55.5044, -27.9718 ], [ -55.4882, -27.9704 ] ] } },
{ "type": "Feature", "properties": { "nombre": "Camino sin nombre", "longitud_km": 0.97 }, "geometry": { "type": "LineString", "coordinates": [ [ -55.5589, -27.9727 ], [ -55.56, -27.964 ] ] } },
{ "type": "Feature", "properties": { "nombre": "Camino sin nombre", "longitud_km": 1.02 }, "geometry": { "type": "LineString", "coordinates": [ [ -55.736, -27.9823 ], [ -55.7285, -27.9758 ] ] } },
{ "type": "Feature", "properties": { "nombre": "Camino sin nombre", "longitud_km": 0.58 }, "geometry": { "type": "LineString", "coordinates": [ [ -55.5096, -27.9766 ], [ -55.509, -27.9818 ] ] } },
{ "type": "Feature", "properties": { "nombre": "Camino sin nombre", "longitud_km": 1.09 }, "geometry": { "type": "LineString", "coordinates": [ [ -55.7207, -27.9829 ], [ -55.7285, -27.9758 ] ] } },
{ "type": "Feature", "properties": { "nombre": "Camino sin nombre", "longitud_km": 0.55 }, "geometry": { "type": "LineString", "coordinates": [ [ -55.4887, -27.9655 ], [ -55.4882, -27.9704 ] ] } },
{ "type": "Feature", "properties": { "nombre": "Camino sin nombre", "longitud_km": 0.54 }, "geometry": { "type": "LineString", "coordinates": [ [ -55.5049, -27.967 ], [ -55.5044, -27.9718 ] ] } },
{ "type": "Feature", "properties": { "nombre": "Camino sin nombre", "longitud_km": 0.55 }, "geometry": { "type": "LineString", "coordinates": [ [ -55.5044, -27.9718 ], [ -55.51, -27.9724 ] ] } },
{ "type": "Feature", "properties": { "nombre": "Camino sin nombre", "longitud_km": 0.54 }, "geometry": { "type": "LineString", "coordinates": [ [ -55.5105, -27.9675 ], [ -55.51, -27.9724 ] ] } },
{ "type": "Feature", "properties": { "nombre": "Camino sin nombre", "longitud_km": 2.07 }, "geometry": { "type": "LineString", "coordinates": [ [ -55.595, -27.977 ], [ -55.5802, -27.9637 ] ] } },
{ "type": "Feature", "properties": { "nombre": "Camino sin nombre", "longitud_km": 6.31 }, "geometry": { "type": "LineString", "coordinates": [ [ -55.6404, -27.9368 ], [ -55.595, -27.977 ] ] } },
{ "type": "Feature", "properties": { "nombre": "Camino sin nombre", "longitud_km": 0.51 }, "geometry": { "type": "LineString", "coordinates": [ [ -55.51, -27.9724 ], [ -55.5151, -27.9729 ] ] } },
{ "type": "Feature", "properties": { "nombre": "Camino sin nombre", "longitud_km": 0.54 }, "geometry": { "type": "LineString", "coordinates": [ [ -55.5159, -27.968 ], [ -55.5151, -27.9729 ] ] } },
{ "type": "Feature", "properties": { "nombre": "Camino sin nombre", "longitud_km": 1.09 }, "geometry": { "type": "LineString", "coordinates": [ [ -55.5275, -28.0077 ], [ -55.5262, -28.0175 ] ] } },
{ "type": "Feature", "properties": { "nombre": "Camino sin nombre", "longitud_km": 0.46 }, "geometry": { "type": "LineString", "coordinates": [ [ -55.5044, -27.9718 ], [ -55.504, -27.9759 ] ] } },
{ "type": "Feature", "properties": { "nombre": "Camino sin nombre", "longitud_km": 2.09 }, "geometry": { "type": "LineString", "coordinates": [ [ -55.5474, -28.0198 ], [ -55.5262, -28.0175 ] ] } },
{ "type": "Feature", "properties": { "nombre": "Camino sin nombre", "longitud_km": 1.05 }, "geometry": { "type": "LineString", "coordinates": [ [ -55.595, -27.977 ], [ -55.5874, -27.9837 ] ] } },
{ "type": "Feature", "properties": { "nombre": "Camino sin nombre", "longitud_km": 0.56 }, "geometry": { "type": "LineString", "coordinates": [ [ -55.504, -27.9759 ], [ -55.5096, -27.9766 ] ] } },
{ "type": "Feature", "properties": { "nombre": "Camino sin nombre", "longitud_km": 0.47 }, "geometry": { "type": "LineString", "coordinates": [ [ -55.51, -27.9724 ], [ -55.5096, -27.9766 ] ] } },
{ "type": "Feature", "properties": { "nombre": "Camino sin nombre", "longitud_km": 0.97 }, "geometry": { "type": "LineString", "coordinates": [ [ -55.5096, -27.9766 ], [ -55.5144, -27.9772 ], [ -55.5151, -27.9729 ] ] } },
{ "type": "Feature", "properties": { "nombre": "Camino sin nombre", "longitud_km": 1.59 }, "geometry": { "type": "LineString", "coordinates": [ [ -55.5371, -27.9702 ], [ -55.5355, -27.9844 ] ] } },
{ "type": "Feature", "properties": { "nombre": "Camino sin nombre", "longitud_km": 2.14 }, "geometry": { "type": "LineString", "coordinates": [ [ -55.5355, -27.9844 ], [ -55.5571, -27.9865 ] ] } },
{ "type": "Feature", "properties": { "nombre": "Camino sin nombre", "longitud_km": 6.13 }, "geometry": { "type": "LineString", "coordinates": [ [ -55.6625, -27.9565 ], [ -55.7066, -27.9957 ] ] } },
{ "type": "Feature", "properties": { "nombre": "Camino sin nombre", "longitud_km": 1.99 }, "geometry": { "type": "LineString", "coordinates": [ [ -55.7207, -27.9829 ], [ -55.7066, -27.9957 ] ] } },
{ "type": "Feature", "properties": { "nombre": "Camino sin nombre", "longitud_km": 2.5 }, "geometry": { "type": "LineString", "coordinates": [ [ -55.736, -27.9823 ], [ -55.7181, -27.9983 ] ] } },
{ "type": "Feature", "properties": { "nombre": "Camino sin nombre", "longitud_km": 0.56 }, "geometry": { "type": "LineString", "coordinates": [ [ -55.5355, -27.9844 ], [ -55.535, -27.9894 ] ] } },
{ "type": "Feature", "properties": { "nombre": "Camino sin nombre", "longitud_km": 0.59 }, "geometry": { "type": "LineString", "coordinates": [ [ -55.504, -27.9759 ], [ -55.5034, -27.9813 ] ] } },
{ "type": "Feature", "properties": { "nombre": "Camino sin nombre", "longitud_km": 0.56 }, "geometry": { "type": "LineString", "coordinates": [ [ -55.5034, -27.9813 ], [ -55.509, -27.9818 ] ] } },
{ "type": "Feature", "properties": { "nombre": "Camino sin nombre", "longitud_km": 6.05 }, "geometry": { "type": "LineString", "coordinates": [ [ -55.7795, -27.9696 ], [ -55.7511, -27.9952 ], [ -55.736, -27.9823 ] ] } },
{ "type": "Feature", "properties": { "nombre": "Camino sin nombre", "longitud_km": 0.91 }, "geometry": { "type": "LineString", "coordinates": [ [ -55.509, -27.9818 ], [ -55.5183, -27.9827 ] ] } },
{ "type": "Feature", "properties": { "nombre": "Camino sin nombre", "longitud_km": 1.6 }, "geometry": { "type": "LineString", "coordinates": [ [ -55.5205, -27.9684 ], [ -55.5183, -27.9827 ] ] } },
{ "type": "Feature", "properties": { "nombre": "Camino sin nombre", "longitud_km": 0.49 }, "geometry": { "type": "LineString", "coordinates": [ [ -55.5183, -27.9827 ], [ -55.5232, -27.9832 ] ] } },
{ "type": "Feature", "properties": { "nombre": "Camino sin nombre", "longitud_km": 1.22 }, "geometry": { "type": "LineString", "coordinates": [ [ -55.5232, -27.9832 ], [ -55.5355, -27.9844 ] ] } },
{ "type": "Feature", "properties": { "nombre": "Camino sin nombre", "longitud_km": 2.66 }, "geometry": { "type": "LineString", "coordinates": [ [ -55.7181, -27.9983 ], [ -55.6994, -28.0156 ] ] } },
{ "type": "Feature", "properties": { "nombre": "Camino sin nombre", "longitud_km": 3.11 }, "geometry": { "type": "LineString", "coordinates": [ [ -55.7066, -27.9957 ], [ -55.6918, -28.0089 ], [ -55.6994, -28.0156 ] ] } },
{ "type": "Feature", "properties": { "nombre": "Camino sin nombre", "longitud_km": 1.03 }, "geometry": { "type": "LineString", "coordinates": [ [ -55.6393, -28.0167 ], [ -55.6319, -28.0232 ] ] } },
{ "type": "Feature", "properties": { "nombre": "Camino sin nombre", "longitud_km": 2.65 }, "geometry": { "type": "LineString", "coordinates": [ [ -55.4882, -27.9704 ], [ -55.4855, -27.9942 ] ] } },
{ "type": "Feature", "properties": { "nombre": "Camino sin nombre", "longitud_km": 2.0 }, "geometry": { "type": "LineString", "coordinates": [ [ -55.6172, -28.0101 ], [ -55.6244, -28.0037 ], [ -55.6316, -28.01 ] ] } },
{ "type": "Feature", "properties": { "nombre": "Camino sin nombre", "longitud_km": 3.08 }, "geometry": { "type": "LineString", "coordinates": [ [ -55.6169, -27.9968 ], [ -55.595, -27.977 ] ] } },
{ "type": "Feature", "properties": { "nombre": "Camino sin nombre", "longitud_km": 1.07 }, "geometry": { "type": "LineString", "coordinates": [ [ -55.5034, -27.9813 ], [ -55.5023, -27.9909 ] ] } },
{ "type": "Feature", "properties": { "nombre": "Camino sin nombre", "longitud_km": 0.57 }, "geometry": { "type": "LineString", "coordinates": [ [ -55.5081, -27.9914 ], [ -55.5023, -27.9909 ] ] } },
{ "type": "Feature", "properties": { "nombre": "Camino sin nombre", "longitud_km": 1.07 }, "geometry": { "type": "LineString", "coordinates": [ [ -55.509, -27.9818 ], [ -55.5081, -27.9914 ] ] } },
{ "type": "Feature", "properties": { "nombre": "Camino sin nombre", "longitud_km": 1.3 }, "geometry": { "type": "LineString", "coordinates": [ [ -55.5213, -27.9927 ], [ -55.5081, -27.9914 ] ] } },
{ "type": "Feature", "properties": { "nombre": "Camino sin nombre", "longitud_km": 1.4 }, "geometry": { "type": "LineString", "coordinates": [ [ -55.5213, -27.9927 ], [ -55.535, -27.9894 ] ] } },
{ "type": "Feature", "properties": { "nombre": "Camino sin nombre", "longitud_km": 1.31 }, "geometry": { "type": "LineString", "coordinates": [ [ -55.5345, -27.9939 ], [ -55.5213, -27.9927 ] ] } },
{ "type": "Feature", "properties": { "nombre": "Camino sin nombre", "longitud_km": 0.5 }, "geometry": { "type": "LineString", "coordinates": [ [ -55.535, -27.9894 ], [ -55.5345, -27.9939 ] ] } },
{ "type": "Feature", "properties": { "nombre": "Camino sin nombre", "longitud_km": 3.09 }, "geometry": { "type": "LineString", "coordinates": [ [ -55.5571, -27.9865 ], [ -55.556, -27.9952 ], [ -55.5345, -27.9939 ] ] } },
{ "type": "Feature", "properties": { "nombre": "Camino sin nombre", "longitud_km": 4.3 }, "geometry": { "type": "LineString", "coordinates": [ [ -55.6404, -27.976 ], [ -55.6551, -27.9894 ], [ -55.639, -28.0035 ] ] } },
{ "type": "Feature", "properties": { "nombre": "Camino sin nombre", "longitud_km": 2.05 }, "geometry": { "type": "LineString", "coordinates": [ [ -55.6243, -27.9903 ], [ -55.639, -28.0035 ] ] } },
{ "type": "Feature", "properties": { "nombre": "Camino sin nombre", "longitud_km": 1.01 }, "geometry": { "type": "LineString", "coordinates": [ [ -55.6316, -28.01 ], [ -55.6244, -28.0165 ] ] } },
{ "type": "Feature", "properties": { "nombre": "Camino sin nombre", "longitud_km": 2.06 }, "geometry": { "type": "LineString", "coordinates": [ [ -55.6465, -28.0102 ], [ -55.6613, -28.0234 ] ] } },
{ "type": "Feature", "properties": { "nombre": "Camino sin nombre", "longitud_km": 1.62 }, "geometry": { "type": "LineString", "coordinates": [ [ -55.5018, -27.9956 ], [ -55.4855, -27.9942 ] ] } },
{ "type": "Feature", "properties": { "nombre": "Camino sin nombre", "longitud_km": 1.0 }, "geometry": { "type": "LineString", "coordinates": [ [ -55.7509, -28.009 ], [ -55.7581, -28.0026 ] ] } },
{ "type": "Feature", "properties": { "nombre": "Camino sin nombre", "longitud_km": 0.53 }, "geometry": { "type": "LineString", "coordinates": [ [ -55.5023, -27.9909 ], [ -55.5018, -27.9956 ] ] } },
{ "type": "Feature", "properties": { "nombre": "Camino sin nombre", "longitud_km": 0.57 }, "geometry": { "type": "LineString", "coordinates": [ [ -55.5018, -27.9956 ], [ -55.5076, -27.9962 ] ] } },
{ "type": "Feature", "properties": { "nombre": "Camino sin nombre", "longitud_km": 0.54 }, "geometry": { "type": "LineString", "coordinates": [ [ -55.5081, -27.9914 ], [ -55.5076, -27.9962 ] ] } },
{ "type": "Feature", "properties": { "nombre": "Camino sin nombre", "longitud_km": 5.16 }, "geometry": { "type": "LineString", "coordinates": [ [ -55.5874, -27.9837 ], [ -55.5653, -28.0033 ], [ -55.5803, -28.0166 ] ] } },
{ "type": "Feature", "properties": { "nombre": "Camino sin nombre", "longitud_km": 1.56 }, "geometry": { "type": "LineString", "coordinates": [ [ -55.5076, -27.9962 ], [ -55.5161, -27.9972 ], [ -55.5213, -27.9927 ] ] } },
{ "type": "Feature", "properties": { "nombre": "Camino sin nombre", "longitud_km": 1.06 }, "geometry": { "type": "LineString", "coordinates": [ [ -55.639, -28.0035 ], [ -55.6465, -28.0102 ] ] } },
{ "type": "Feature", "properties": { "nombre": "Camino sin nombre", "longitud_km": 1.02 }, "geometry": { "type": "LineString", "coordinates": [ [ -55.639, -28.0035 ], [ -55.6316, -28.01 ] ] } },
{ "type": "Feature", "properties": { "nombre": "Camino sin nombre", "longitud_km": 2.08 }, "geometry": { "type": "LineString", "coordinates": [ [ -55.4855, -27.9942 ], [ -55.4839, -28.0035 ], [ -55.4735, -28.0024 ] ] } },
{ "type": "Feature", "properties": { "nombre": "Camino sin nombre", "longitud_km": 1.6 }, "geometry": { "type": "LineString", "coordinates": [ [ -55.5275, -28.0077 ], [ -55.5114, -28.006 ] ] } },
{ "type": "Feature", "properties": { "nombre": "Camino sin nombre", "longitud_km": 1.05 }, "geometry": { "type": "LineString", "coordinates": [ [ -55.6316, -28.01 ], [ -55.6393, -28.0167 ] ] } },
{ "type": "Feature", "properties": { "nombre": "Camino sin nombre", "longitud_km": 1.01 }, "geometry": { "type": "LineString", "coordinates": [ [ -55.6465, -28.0102 ], [ -55.6393, -28.0167 ] ] } },
{ "type": "Feature", "properties": { "nombre": "Camino sin nombre", "longitud_km": 4.12 }, "geometry": { "type": "LineString", "coordinates": [ [ -55.6613, -28.0234 ], [ -55.6688, -28.0167 ], [ -55.6539, -28.0037 ], [ -55.6465, -28.0102 ] ] } },
{ "type": "Feature", "properties": { "nombre": "Camino sin nombre", "longitud_km": 3.19 }, "geometry": { "type": "LineString", "coordinates": [ [ -55.5474, -28.0198 ], [ -55.5486, -28.0099 ], [ -55.5275, -28.0077 ] ] } },
{ "type": "Feature", "properties": { "nombre": "Camino sin nombre", "longitud_km": 2.05 }, "geometry": { "type": "LineString", "coordinates": [ [ -55.5879, -28.0099 ], [ -55.6024, -28.0232 ] ] } },
{ "type": "Feature", "properties": { "nombre": "Camino sin nombre", "longitud_km": 2.06 }, "geometry": { "type": "LineString", "coordinates": [ [ -55.6172, -28.0101 ], [ -55.6024, -28.0232 ] ] } },
{ "type": "Feature", "properties": { "nombre": "Camino sin nombre", "longitud_km": 1.04 }, "geometry": { "type": "LineString", "coordinates": [ [ -55.6908, -28.0494 ], [ -55.6984, -28.056 ] ] } },
{ "type": "Feature", "properties": { "nombre": "Camino sin nombre", "longitud_km": 1.09 }, "geometry": { "type": "LineString", "coordinates": [ [ -55.5262, -28.0175 ], [ -55.5245, -28.0272 ] ] } },
{ "type": "Feature", "properties": { "nombre": "Camino sin nombre", "longitud_km": 2.03 }, "geometry": { "type": "LineString", "coordinates": [ [ -55.6613, -28.0234 ], [ -55.6467, -28.0364 ] ] } },
{ "type": "Feature", "properties": { "nombre": "Camino sin nombre", "longitud_km": 2.05 }, "geometry": { "type": "LineString", "coordinates": [ [ -55.5803, -28.0166 ], [ -55.5951, -28.0297 ] ] } },
{ "type": "Feature", "properties": { "nombre": "Camino sin nombre", "longitud_km": 1.02 }, "geometry": { "type": "LineString", "coordinates": [ [ -55.6024, -28.0232 ], [ -55.5951, -28.0297 ] ] } },
{ "type": "Feature", "properties": { "nombre": "Camino sin nombre", "longitud_km": 1.28 }, "geometry": { "type": "LineString", "coordinates": [ [ -55.5245, -28.0272 ], [ -55.5116, -28.0259 ] ] } },
{ "type": "Feature", "properties": { "nombre": "Camino sin nombre", "longitud_km": 2.27 }, "geometry": { "type": "LineString", "coordinates": [ [ -55.5656, -28.0299 ], [ -55.5577, -28.021 ], [ -55.5474, -28.0198 ] ] } },
{ "type": "Feature", "properties": { "nombre": "Camino sin nombre", "longitud_km": 2.05 }, "geometry": { "type": "LineString", "coordinates": [ [ -55.5951, -28.0297 ], [ -55.6098, -28.0428 ] ] } },
{ "type": "Feature", "properties": { "nombre": "Camino sin nombre", "longitud_km": 3.07 }, "geometry": { "type": "LineString", "coordinates": [ [ -55.6319, -28.0232 ], [ -55.6098, -28.0428 ] ] } },
{ "type": "Feature", "properties": { "nombre": "Camino sin nombre", "longitud_km": 22.74 }, "geometry": { "type": "LineString", "coordinates": [ [ -55.4735, -28.0024 ], [ -55.4322, -27.9972 ], [ -55.4274, -28.0226 ], [ -55.4116, -28.0147 ], [ -55.4015, -27.9928 ], [ -55.4059, -27.9858 ], [ -55.4085, -27.9345 ], [ -55.4482, -27.9313 ], [ -55.4552, -27.9266 ] ] } },
{ "type": "Feature", "properties": { "nombre": "Camino sin nombre", "longitud_km": 2.05 }, "geometry": { "type": "LineString", "coordinates": [ [ -55.6613, -28.0234 ], [ -55.6761, -28.0364 ] ] } },
{ "type": "Feature", "properties": { "nombre": "Camino sin nombre", "longitud_km": 3.25 }, "geometry": { "type": "LineString", "coordinates": [ [ -55.6994, -28.0156 ], [ -55.6761, -28.0364 ] ] } },
{ "type": "Feature", "properties": { "nombre": "Camino sin nombre", "longitud_km": 1.95 }, "geometry": { "type": "LineString", "coordinates": [ [ -55.6761, -28.0364 ], [ -55.6902, -28.0488 ] ] } },
{ "type": "Feature", "properties": { "nombre": "Camino sin nombre", "longitud_km": 2.04 }, "geometry": { "type": "LineString", "coordinates": [ [ -55.5656, -28.0299 ], [ -55.5802, -28.0429 ] ] } },
{ "type": "Feature", "properties": { "nombre": "Camino sin nombre", "longitud_km": 2.07 }, "geometry": { "type": "LineString", "coordinates": [ [ -55.5951, -28.0297 ], [ -55.5802, -28.0429 ] ] } },
{ "type": "Feature", "properties": { "nombre": "Camino sin nombre", "longitud_km": 0.09 }, "geometry": { "type": "LineString", "coordinates": [ [ -55.6902, -28.0488 ], [ -55.6908, -28.0494 ] ] } },
{ "type": "Feature", "properties": { "nombre": "Camino sin nombre", "longitud_km": 7.34 }, "geometry": { "type": "LineString", "coordinates": [ [ -55.6984, -28.056 ], [ -55.7509, -28.009 ] ] } },
{ "type": "Feature", "properties": { "nombre": "Camino sin nombre", "longitud_km": 2.05 }, "geometry": { "type": "LineString", "coordinates": [ [ -55.6761, -28.0364 ], [ -55.6614, -28.0495 ] ] } },
{ "type": "Feature", "properties": { "nombre": "Camino sin nombre", "longitud_km": 2.3 }, "geometry": { "type": "LineString", "coordinates": [ [ -55.5245, -28.0272 ], [ -55.5323, -28.0468 ] ] } },
{ "type": "Feature", "properties": { "nombre": "Camino sin nombre", "longitud_km": 1.03 }, "geometry": { "type": "LineString", "coordinates": [ [ -55.5802, -28.0429 ], [ -55.5728, -28.0495 ] ] } },
{ "type": "Feature", "properties": { "nombre": "Camino sin nombre", "longitud_km": 4.38 }, "geometry": { "type": "LineString", "coordinates": [ [ -55.5474, -28.0198 ], [ -55.544, -28.0486 ], [ -55.5323, -28.0468 ] ] } },
{ "type": "Feature", "properties": { "nombre": "Camino sin nombre", "longitud_km": 2.06 }, "geometry": { "type": "LineString", "coordinates": [ [ -55.6098, -28.0428 ], [ -55.6247, -28.056 ] ] } },
{ "type": "Feature", "properties": { "nombre": "Camino sin nombre", "longitud_km": 3.07 }, "geometry": { "type": "LineString", "coordinates": [ [ -55.6467, -28.0364 ], [ -55.6247, -28.056 ] ] } },
{ "type": "Feature", "properties": { "nombre": "Camino sin nombre", "longitud_km": 1.03 }, "geometry": { "type": "LineString", "coordinates": [ [ -55.6984, -28.056 ], [ -55.7058, -28.0625 ] ] } },
{ "type": "Feature", "properties": { "nombre": "Camino sin nombre", "longitud_km": 5.94 }, "geometry": { "type": "LineString", "coordinates": [ [ -55.7484, -28.0246 ], [ -55.7058, -28.0625 ] ] } },
{ "type": "Feature", "properties": { "nombre": "Camino sin nombre", "longitud_km": 8.81 }, "geometry": { "type": "LineString", "coordinates": [ [ -55.4735, -28.0024 ], [ -55.472, -28.0097 ], [ -55.4612, -28.0141 ], [ -55.4601, -28.0199 ], [ -55.441, -28.0234 ], [ -55.4327, -28.0369 ], [ -55.4232, -28.0364 ], [ -55.4172, -28.0499 ] ] } },
{ "type": "Feature", "properties": { "nombre": "Camino sin nombre", "longitud_km": 3.09 }, "geometry": { "type": "LineString", "coordinates": [ [ -55.6098, -28.0428 ], [ -55.5876, -28.0625 ] ] } },
{ "type": "Feature", "properties": { "nombre": "Camino sin nombre", "longitud_km": 2.07 }, "geometry": { "type": "LineString", "coordinates": [ [ -55.6835, -28.0692 ], [ -55.6984, -28.056 ] ] } },
{ "type": "Feature", "properties": { "nombre": "Camino sin nombre", "longitud_km": 3.08 }, "geometry": { "type": "LineString", "coordinates": [ [ -55.6247, -28.056 ], [ -55.6025, -28.0756 ] ] } },
{ "type": "Feature", "properties": { "nombre": "Camino sin nombre", "longitud_km": 2.07 }, "geometry": { "type": "LineString", "coordinates": [ [ -55.7058, -28.0625 ], [ -55.691, -28.0758 ] ] } },
{ "type": "Feature", "properties": { "nombre": "Camino sin nombre", "longitud_km": 5.06 }, "geometry": { "type": "LineString", "coordinates": [ [ -55.6473, -28.1016 ], [ -55.6835, -28.0692 ] ] } },
{ "type": "Feature", "properties": { "nombre": "Camino sin nombre", "longitud_km": 1.02 }, "geometry": { "type": "LineString", "coordinates": [ [ -55.6473, -28.1016 ], [ -55.6548, -28.1079 ] ] } },
{ "type": "Feature", "properties": { "nombre": "Camino sin nombre", "longitud_km": 5.04 }, "geometry": { "type": "LineString", "coordinates": [ [ -55.691, -28.0758 ], [ -55.6548, -28.1079 ] ] } },
{ "type": "Feature", "properties": { "nombre": "Camino sin nombre", "longitud_km": 5.18 }, "geometry": { "type": "LineString", "coordinates": [ [ -55.6548, -28.1079 ], [ -55.6397, -28.1213 ], [ -55.6324, -28.1148 ], [ -55.6473, -28.1016 ] ] } },
{ "type": "Feature", "properties": { "nombre": "Camino sin nombre", "longitud_km": 16.99 }, "geometry": { "type": "LineString", "coordinates": [ [ -55.5323, -28.0468 ], [ -55.5449, -28.0909 ], [ -55.5686, -28.1176 ], [ -55.5799, -28.113 ], [ -55.5857, -28.1154 ], [ -55.595, -28.1088 ], [ -55.5803, -28.0954 ], [ -55.6025, -28.0756 ] ] } },
{ "type": "Feature", "properties": { "nombre": "Camino sin nombre", "longitud_km": 1.54 }, "geometry": { "type": "LineString", "coordinates": [ [ -55.5589, -27.9727 ], [ -55.5571, -27.9865 ] ] } },
{ "type": "Feature", "properties": { "nombre": "Camino sin nombre", "longitud_km": 0.7 }, "geometry": { "type": "LineString", "coordinates": [ [ -55.9192, -27.3918 ], [ -55.9121, -27.3926 ] ] } },
{ "type": "Feature", "properties": { "nombre": "Camino sin nombre", "longitud_km": 2.83 }, "geometry": { "type": "LineString", "coordinates": [ [ -54.4564, -25.6915 ], [ -54.4449, -25.6794 ], [ -54.4478, -25.6701 ] ] } },
{ "type": "Feature", "properties": { "nombre": "Camino sin nombre", "longitud_km": 4.71 }, "geometry": { "type": "LineString", "coordinates": [ [ -54.4879, -25.6791 ], [ -54.4689, -25.6852 ], [ -54.4582, -25.6789 ], [ -54.4564, -25.6915 ] ] } },
{ "type": "Feature", "properties": { "nombre": "Camino sin nombre", "longitud_km": 2.19 }, "geometry": { "type": "LineString", "coordinates": [ [ -54.4782, -25.6909 ], [ -54.4564, -25.6915 ] ] } },
{ "type": "Feature", "properties": { "nombre": "Camino sin nombre", "longitud_km": 2.69 }, "geometry": { "type": "LineString", "coordinates": [ [ -54.4564, -25.6915 ], [ -54.4499, -25.6916 ], [ -54.4402, -25.7079 ] ] } },
{ "type": "Feature", "properties": { "nombre": "Camino sin nombre", "longitud_km": 1.63 }, "geometry": { "type": "LineString", "coordinates": [ [ -54.4402, -25.7079 ], [ -54.424, -25.7066 ] ] } },
{ "type": "Feature", "properties": { "nombre": "Camino sin nombre", "longitud_km": 2.79 }, "geometry": { "type": "LineString", "coordinates": [ [ -54.6131, -26.0131 ], [ -54.5853, -26.0115 ] ] } },
{ "type": "Feature", "properties": { "nombre": "Camino sin nombre", "longitud_km": 3.06 }, "geometry": { "type": "LineString", "coordinates": [ [ -54.6293, -26.0 ], [ -54.6282, -26.0139 ], [ -54.6131, -26.0131 ] ] } },
{ "type": "Feature", "properties": { "nombre": "Camino sin nombre", "longitud_km": 0.84 }, "geometry": { "type": "LineString", "coordinates": [ [ -53.7244, -26.0567 ], [ -53.7328, -26.0568 ] ] } },
{ "type": "Feature", "properties": { "nombre": "Camino sin nombre", "longitud_km": 1.31 }, "geometry": { "type": "LineString", "coordinates": [ [ -54.7188, -26.4667 ], [ -54.7109, -26.476 ] ] } },
{ "type": "Feature", "properties": { "nombre": "Camino sin nombre", "longitud_km": 0.36 }, "geometry": { "type": "LineString", "coordinates": [ [ -54.7109, -26.476 ], [ -54.7076, -26.4772 ] ] } },
{ "type": "Feature", "properties": { "nombre": "Camino sin nombre", "longitud_km": 0.64 }, "geometry": { "type": "LineString", "coordinates": [ [ -54.7076, -26.4772 ], [ -54.7015, -26.4793 ] ] } },
{ "type": "Feature", "properties": { "nombre": "Camino sin nombre", "longitud_km": 3.05 }, "geometry": { "type": "LineString", "coordinates": [ [ -54.7015, -26.4793 ], [ -54.6747, -26.4924 ] ] } },
{ "type": "Feature", "properties": { "nombre": "Camino sin nombre", "longitud_km": 5.9 }, "geometry": { "type": "LineString", "coordinates": [ [ -54.798, -26.5687 ], [ -54.7801, -26.5608 ], [ -54.7427, -26.5716 ] ] } },
{ "type": "Feature", "properties": { "nombre": "Camino sin nombre", "longitud_km": 1.84 }, "geometry": { "type": "LineString", "coordinates": [ [ -54.7427, -26.5716 ], [ -54.7244, -26.5692 ] ] } },
{ "type": "Feature", "properties": { "nombre": "Camino sin nombre", "longitud_km": 1.78 }, "geometry": { "type": "LineString", "coordinates": [ [ -55.027, -26.8208 ], [ -55.0261, -26.8048 ] ] } },
{ "type": "Feature", "properties": { "nombre": "Camino sin nombre", "longitud_km": 0.78 }, "geometry": { "type": "LineString", "coordinates": [ [ -55.9105, -27.379 ], [ -55.9113, -27.386 ] ] } },
{ "type": "Feature", "properties": { "nombre": "Camino sin nombre", "longitud_km": 0.72 }, "geometry": { "type": "LineString", "coordinates": [ [ -55.9097, -27.3725 ], [ -55.9105, -27.379 ] ] } },
{ "type": "Feature", "properties": { "nombre": "Camino sin nombre", "longitud_km": 1.29 }, "geometry": { "type": "LineString", "coordinates": [ [ -55.8967, -27.374 ], [ -55.9097, -27.3725 ] ] } },
{ "type": "Feature", "properties": { "nombre": "Camino sin nombre", "longitud_km": 3.27 }, "geometry": { "type": "LineString", "coordinates": [ [ -55.865, -27.3703 ], [ -55.8797, -27.3759 ], [ -55.8967, -27.374 ] ] } },
{ "type": "Feature", "properties": { "nombre": "Camino sin nombre", "longitud_km": 0.79 }, "geometry": { "type": "LineString", "coordinates": [ [ -55.9342, -27.3902 ], [ -55.9262, -27.3911 ] ] } },
{ "type": "Feature", "properties": { "nombre": "Camino sin nombre", "longitud_km": 0.7 }, "geometry": { "type": "LineString", "coordinates": [ [ -55.9262, -27.3911 ], [ -55.9192, -27.3918 ] ] } },
{ "type": "Feature", "properties": { "nombre": "Camino sin nombre", "longitud_km": 0.73 }, "geometry": { "type": "LineString", "coordinates": [ [ -55.9113, -27.386 ], [ -55.9121, -27.3926 ] ] } },
{ "type": "Feature", "properties": { "nombre": "Camino sin nombre", "longitud_km": 2.91 }, "geometry": { "type": "LineString", "coordinates": [ [ -55.056, -27.3143 ], [ -55.0607, -27.3308 ], [ -55.0549, -27.3385 ] ] } },
{ "type": "Feature", "properties": { "nombre": "Camino sin nombre", "longitud_km": 0.74 }, "geometry": { "type": "LineString", "coordinates": [ [ -55.9491, -27.3886 ], [ -55.9417, -27.3894 ] ] } },
{ "type": "Feature", "properties": { "nombre": "Camino sin nombre", "longitud_km": 0.75 }, "geometry": { "type": "LineString", "coordinates": [ [ -55.9417, -27.3894 ], [ -55.9342, -27.3902 ] ] } },
{ "type": "Feature", "properties": { "nombre": "Camino sin nombre", "longitud_km": 2.38 }, "geometry": { "type": "LineString", "coordinates": [ [ -55.9713, -27.3971 ], [ -55.9491, -27.3886 ] ] } },
{ "type": "Feature", "properties": { "nombre": "Camino sin nombre", "longitud_km": 3.49 }, "geometry": { "type": "LineString", "coordinates": [ [ -55.9121, -27.3926 ], [ -55.8995, -27.394 ], [ -55.8967, -27.374 ] ] } },
{ "type": "Feature", "properties": { "nombre": "Camino sin nombre", "longitud_km": 0.27 }, "geometry": { "type": "LineString", "coordinates": [ [ -55.9736, -27.3985 ], [ -55.9713, -27.3971 ] ] } },
{ "type": "Feature", "properties": { "nombre": "Camino sin nombre", "longitud_km": 1.06 }, "geometry": { "type": "LineString", "coordinates": [ [ -55.9606, -27.3982 ], [ -55.9713, -27.3971 ] ] } },
{ "type": "Feature", "properties": { "nombre": "Camino sin nombre", "longitud_km": 1.13 }, "geometry": { "type": "LineString", "coordinates": [ [ -55.9121, -27.3926 ], [ -55.9134, -27.4027 ] ] } },
{ "type": "Feature", "properties": { "nombre": "Camino sin nombre", "longitud_km": 0.26 }, "geometry": { "type": "LineString", "coordinates": [ [ -55.9134, -27.4027 ], [ -55.916, -27.4026 ] ] } },
{ "type": "Feature", "properties": { "nombre": "Camino sin nombre", "longitud_km": 2.81 }, "geometry": { "type": "LineString", "coordinates": [ [ -55.5858, -27.3689 ], [ -55.5976, -27.3787 ], [ -55.5977, -27.3896 ] ] } },
{ "type": "Feature", "properties": { "nombre": "Camino sin nombre", "longitud_km": 5.38 }, "geometry": { "type": "LineString", "coordinates": [ [ -55.9134, -27.4027 ], [ -55.8811, -27.4007 ], [ -55.8682, -27.4167 ] ] } },
{ "type": "Feature", "properties": { "nombre": "Camino sin nombre", "longitud_km": 4.48 }, "geometry": { "type": "LineString", "coordinates": [ [ -55.8623, -27.4558 ], [ -55.8554, -27.4659 ], [ -55.8273, -27.4798 ] ] } },
{ "type": "Feature", "properties": { "nombre": "Camino sin nombre", "longitud_km": 1.3 }, "geometry": { "type": "LineString", "coordinates": [ [ -55.8171, -27.9115 ], [ -55.8039, -27.9116 ] ] } },
{ "type": "Feature", "properties": { "nombre": "Camino sin nombre", "longitud_km": 2.71 }, "geometry": { "type": "LineString", "coordinates": [ [ -55.8039, -27.9116 ], [ -55.7768, -27.9074 ] ] } },
{ "type": "Feature", "properties": { "nombre": "Camino sin nombre", "longitud_km": 0.46 }, "geometry": { "type": "LineString", "coordinates": [ [ -55.7768, -27.9074 ], [ -55.7735, -27.9103 ] ] } },
{ "type": "Feature", "properties": { "nombre": "Camino sin nombre", "longitud_km": 1.15 }, "geometry": { "type": "LineString", "coordinates": [ [ -55.7735, -27.9103 ], [ -55.765, -27.9175 ] ] } },
{ "type": "Feature", "properties": { "nombre": "Camino sin nombre", "longitud_km": 0.89 }, "geometry": { "type": "LineString", "coordinates": [ [ -55.765, -27.9175 ], [ -55.7588, -27.9234 ] ] } },
{ "type": "Feature", "properties": { "nombre": "Camino sin nombre", "longitud_km": 2.06 }, "geometry": { "type": "LineString", "coordinates": [ [ -55.7588, -27.9234 ], [ -55.7433, -27.9108 ] ] } },
{ "type": "Feature", "properties": { "nombre": "Camino sin nombre", "longitud_km": 2.65 }, "geometry": { "type": "LineString", "coordinates": [ [ -55.5607, -27.9581 ], [ -55.5339, -27.956 ] ] } },
{ "type": "Feature", "properties": { "nombre": "Camino sin nombre", "longitud_km": 2.01 }, "geometry": { "type": "LineString", "coordinates": [ [ -55.5802, -27.9637 ], [ -55.5607, -27.9581 ] ] } },
{ "type": "Feature", "properties": { "nombre": "Camino sin nombre", "longitud_km": 0.24 }, "geometry": { "type": "LineString", "coordinates": [ [ -55.5278, -27.96 ], [ -55.5276, -27.9621 ] ] } },
{ "type": "Feature", "properties": { "nombre": "Camino sin nombre", "longitud_km": 0.76 }, "geometry": { "type": "LineString", "coordinates": [ [ -55.5276, -27.9621 ], [ -55.5267, -27.969 ] ] } },
{ "type": "Feature", "properties": { "nombre": "Camino sin nombre", "longitud_km": 1.62 }, "geometry": { "type": "LineString", "coordinates": [ [ -55.5267, -27.969 ], [ -55.5232, -27.9832 ] ] } }
]
}
