{
"type": "FeatureCollection",
"name": "rio-negro",
"crs": { "type": "name", "properties": { "name": "urn:ogc:def:crs:OGC:1.3:CRS84" } },
"xy_coordinate_resolution": 0.0001,
"features": [
{ "type": "Feature", "properties": { "nombre": "Camino sin nombre", "longitud_km": 3.8 }, "geometry": { "type": "LineString", "coordinates": [ [ -67.9754, -37.8261 ], [ -67.9948, -37.7955 ] ] } },
{ "type": "Feature", "properties": { "nombre": "Camino sin nombre", "longitud_km": 0.4 }, "geometry": { "type": "LineString", "coordinates": [ [ -67.9983, -37.7879 ], [ -68.0, -37.7846 ] ] } },
{ "type": "Feature", "properties": { "nombre": "Camino sin nombre", "longitud_km": 0.89 }, "geometry": { "type": "LineString", "coordinates": [ [ -67.9948, -37.7955 ], [ -67.9983, -37.7879 ] ] } },
{ "type": "Feature", "properties": { "nombre": "Camino sin nombre", "longitud_km": 0.0 }, "geometry": { "type": "LineString", "coordinates": [ [ -69.5, -40.2583 ], [ -69.5, -40.2584 ] ] } },
{ "type": "Feature", "properties": { "nombre": "Camino sin nombre", "longitud_km": 0.02 }, "geometry": { "type": "LineString", "coordinates": [ [ -69.5, -40.2099 ], [ -69.4999, -40.2098 ] ] } },
{ "type": "Feature", "properties": { "nombre": "Camino sin nombre", "longitud_km": 7.5 }, "geometry": { "type": "LineString", "coordinates": [ [ -69.8422, -40.7223 ], [ -69.8737, -40.6951 ], [ -69.8909, -40.6667 ] ] } },
{ "type": "Feature", "properties": { "nombre": "Camino sin nombre", "longitud_km": 1.03 }, "geometry": { "type": "LineString", "coordinates": [ [ -67.7097, -39.0365 ], [ -67.7116, -39.0456 ] ] } },
{ "type": "Feature", "properties": { "nombre": "Camino sin nombre", "longitud_km": 1.38 }, "geometry": { "type": "LineString", "coordinates": [ [ -67.4958, -39.0645 ], [ -67.4982, -39.0768 ] ] } },
{ "type": "Feature", "properties": { "nombre": "Camino sin nombre", "longitud_km": 0.0 }, "geometry": { "type": "LineString", "coordinates": [ ] } },
{ "type": "Feature", "properties": { "nombre": "Camino sin nombre", "longitud_km": 3.63 }, "geometry": { "type": "LineString", "coordinates": [ [ -71.5779, -41.3333 ], [ -71.5763, -41.34 ], [ -71.5998, -41.3498 ], [ -71.6027, -41.355 ] ] } },
{ "type": "Feature", "properties": { "nombre": "Camino sin nombre", "longitud_km": 7.25 }, "geometry": { "type": "LineString", "coordinates": [ [ -68.0, -38.0572 ], [ -67.9602, -38.0 ] ] } },
{ "type": "Feature", "properties": { "nombre": "Camino sin nombre", "longitud_km": 0.08 }, "geometry": { "type": "LineString", "coordinates": [ [ -71.3691, -41.16 ], [ -71.3699, -41.1596 ] ] } },
{ "type": "Feature", "properties": { "nombre": "Camino sin nombre", "longitud_km": 0.0 }, "geometry": { "type": "LineString", "coordinates": [ ] } },
{ "type": "Feature", "properties": { "nombre": "Camino sin nombre", "longitud_km": 8.67 }, "geometry": { "type": "LineString", "coordinates": [ [ -68.0, -37.6971 ], [ -67.915, -37.6579 ] ] } },
{ "type": "Feature", "properties": { "nombre": "Camino sin nombre", "longitud_km": 11.6 }, "geometry": { "type": "LineString", "coordinates": [ [ -68.0, -37.7169 ], [ -67.8803, -37.7604 ] ] } },
{ "type": "Feature", "properties": { "nombre": "Camino sin nombre", "longitud_km": 3.86 }, "geometry": { "type": "LineString", "coordinates": [ [ -68.0, -37.7496 ], [ -67.9694, -37.7745 ] ] } },
{ "type": "Feature", "properties": { "nombre": "Camino sin nombre", "longitud_km": 2.95 }, "geometry": { "type": "LineString", "coordinates": [ [ -67.9983, -37.7879 ], [ -67.9694, -37.7745 ] ] } },
{ "type": "Feature", "properties": { "nombre": "Camino sin nombre", "longitud_km": 0.6 }, "geometry": { "type": "LineString", "coordinates": [ [ -67.9948, -37.7955 ], [ -68.0, -37.799 ] ] } },
{ "type": "Feature", "properties": { "nombre": "Camino sin nombre", "longitud_km": 4.13 }, "geometry": { "type": "LineString", "coordinates": [ [ -67.9754, -37.8261 ], [ -68.0, -37.8578 ] ] } },
{ "type": "Feature", "properties": { "nombre": "Camino sin nombre", "longitud_km": 5.34 }, "geometry": { "type": "LineString", "coordinates": [ [ -68.0, -37.96 ], [ -67.9514, -37.9888 ] ] } },
{ "type": "Feature", "properties": { "nombre": "Camino sin nombre", "longitud_km": 7.01 }, "geometry": { "type": "LineString", "coordinates": [ [ -67.9223, -38.068 ], [ -68.0, -38.0828 ] ] } },
{ "type": "Feature", "properties": { "nombre": "Camino sin nombre", "longitud_km": 1.48 }, "geometry": { "type": "LineString", "coordinates": [ [ -68.0, -38.213 ], [ -67.9832, -38.2118 ] ] } },
{ "type": "Feature", "properties": { "nombre": "Camino sin nombre", "longitud_km": 5.08 }, "geometry": { "type": "LineString", "coordinates": [ [ -68.0, -38.2557 ], [ -67.9832, -38.2118 ] ] } },
{ "type": "Feature", "properties": { "nombre": "Camino sin nombre", "longitud_km": 0.79 }, "geometry": { "type": "LineString", "coordinates": [ [ -67.9911, -38.2674 ], [ -68.0, -38.2662 ] ] } },
{ "type": "Feature", "properties": { "nombre": "Camino sin nombre", "longitud_km": 19.86 }, "geometry": { "type": "LineString", "coordinates": [ [ -67.8232, -38.6464 ], [ -67.9069, -38.578 ], [ -67.9089, -38.5715 ], [ -67.9303, -38.5582 ], [ -68.0, -38.5465 ] ] } },
{ "type": "Feature", "properties": { "nombre": "Camino sin nombre", "longitud_km": 4.03 }, "geometry": { "type": "LineString", "coordinates": [ [ -67.7867, -38.6667 ], [ -67.8005, -38.6321 ] ] } },
{ "type": "Feature", "properties": { "nombre": "Camino sin nombre", "longitud_km": 3.12 }, "geometry": { "type": "LineString", "coordinates": [ [ -67.7984, -38.6667 ], [ -67.8232, -38.6464 ] ] } },
{ "type": "Feature", "properties": { "nombre": "Camino sin nombre", "longitud_km": 24.44 }, "geometry": { "type": "LineString", "coordinates": [ [ -67.3144, -38.6695 ], [ -67.3051, -38.6743 ], [ -67.3156, -38.6881 ], [ -67.5, -38.8198 ] ] } },
{ "type": "Feature", "properties": { "nombre": "Camino sin nombre", "longitud_km": 13.73 }, "geometry": { "type": "LineString", "coordinates": [ [ -67.3438, -38.9806 ], [ -67.4393, -38.9715 ], [ -67.466, -38.9753 ], [ -67.5, -38.9685 ] ] } },
{ "type": "Feature", "properties": { "nombre": "Camino sin nombre", "longitud_km": 4.1 }, "geometry": { "type": "LineString", "coordinates": [ [ -67.4529, -39.0319 ], [ -67.5, -39.028 ] ] } },
{ "type": "Feature", "properties": { "nombre": "Camino sin nombre", "longitud_km": 8.02 }, "geometry": { "type": "LineString", "coordinates": [ [ -67.4084, -39.0468 ], [ -67.5, -39.0364 ] ] } },
{ "type": "Feature", "properties": { "nombre": "Camino sin nombre", "longitud_km": 0.68 }, "geometry": { "type": "LineString", "coordinates": [ [ -67.4924, -39.0474 ], [ -67.5, -39.0459 ] ] } },
{ "type": "Feature", "properties": { "nombre": "Camino sin nombre", "longitud_km": 0.97 }, "geometry": { "type": "LineString", "coordinates": [ [ -67.4924, -39.0474 ], [ -67.4941, -39.056 ] ] } },
{ "type": "Feature", "properties": { "nombre": "Camino sin nombre", "longitud_km": 0.95 }, "geometry": { "type": "LineString", "coordinates": [ [ -67.4941, -39.056 ], [ -67.4958, -39.0645 ] ] } },
{ "type": "Feature", "properties": { "nombre": "Camino sin nombre", "longitud_km": 1.01 }, "geometry": { "type": "LineString", "coordinates": [ [ -67.4843, -39.066 ], [ -67.4958, -39.0645 ] ] } },
{ "type": "Feature", "properties": { "nombre": "Camino sin nombre", "longitud_km": 17.78 }, "geometry": { "type": "LineString", "coordinates": [ [ -68.2824, -39.6667 ], [ -68.3691, -39.6918 ], [ -68.4053, -39.6938 ], [ -68.4794, -39.7134 ] ] } },
{ "type": "Feature", "properties": { "nombre": "Camino sin nombre", "longitud_km": 11.06 }, "geometry": { "type": "LineString", "coordinates": [ [ -69.4911, -40.3418 ], [ -69.4799, -40.3546 ], [ -69.4785, -40.3687 ], [ -69.4533, -40.387 ], [ -69.4816, -40.4069 ], [ -69.5, -40.406 ] ] } },
{ "type": "Feature", "properties": { "nombre": "Camino sin nombre", "longitud_km": 3.26 }, "geometry": { "type": "LineString", "coordinates": [ [ -69.4679, -40.6282 ], [ -69.4957, -40.635 ], [ -69.5, -40.6413 ] ] } },
{ "type": "Feature", "properties": { "nombre": "Camino sin nombre", "longitud_km": 7.38 }, "geometry": { "type": "LineString", "coordinates": [ [ -69.4668, -40.703 ], [ -69.4908, -40.6932 ], [ -69.5112, -40.6724 ], [ -69.5361, -40.6667 ] ] } },
{ "type": "Feature", "properties": { "nombre": "Camino sin nombre", "longitud_km": 8.11 }, "geometry": { "type": "LineString", "coordinates": [ [ -70.5, -41.1328 ], [ -70.464, -41.1324 ], [ -70.4094, -41.1124 ] ] } },
{ "type": "Feature", "properties": { "nombre": "Camino sin nombre", "longitud_km": 6.12 }, "geometry": { "type": "LineString", "coordinates": [ [ -68.0, -37.9106 ], [ -67.953, -37.9054 ], [ -67.9334, -37.8973 ] ] } },
{ "type": "Feature", "properties": { "nombre": "Camino sin nombre", "longitud_km": 13.29 }, "geometry": { "type": "LineString", "coordinates": [ [ -70.577, -41.3803 ], [ -70.5949, -41.3553 ], [ -70.5908, -41.3493 ], [ -70.5937, -41.345 ], [ -70.6171, -41.3414 ], [ -70.6627, -41.347 ], [ -70.6815, -41.3387 ], [ -70.6954, -41.3384 ] ] } },
{ "type": "Feature", "properties": { "nombre": "Camino sin nombre", "longitud_km": 9.74 }, "geometry": { "type": "LineString", "coordinates": [ [ -71.1201, -41.3333 ], [ -71.1288, -41.342 ], [ -71.1484, -41.3448 ], [ -71.1548, -41.3583 ], [ -71.1744, -41.3679 ], [ -71.1828, -41.397 ] ] } },
{ "type": "Feature", "properties": { "nombre": "Camino sin nombre", "longitud_km": 0.44 }, "geometry": { "type": "LineString", "coordinates": [ [ -71.436, -41.1506 ], [ -71.4397, -41.1535 ] ] } },
{ "type": "Feature", "properties": { "nombre": "Camino sin nombre", "longitud_km": 0.8 }, "geometry": { "type": "LineString", "coordinates": [ [ -70.5073, -40.7546 ], [ -70.5, -40.75 ] ] } },
{ "type": "Feature", "properties": { "nombre": "Camino sin nombre", "longitud_km": 2.06 }, "geometry": { "type": "LineString", "coordinates": [ [ -70.6501, -40.7835 ], [ -70.6702, -40.773 ] ] } },
{ "type": "Feature", "properties": { "nombre": "Camino sin nombre", "longitud_km": 0.17 }, "geometry": { "type": "LineString", "coordinates": [ [ -71.1976, -41.1031 ], [ -71.1978, -41.1046 ] ] } },
{ "type": "Feature", "properties": { "nombre": "Camino sin nombre", "longitud_km": 0.25 }, "geometry": { "type": "LineString", "coordinates": [ [ -71.3607, -41.1635 ], [ -71.3577, -41.1633 ] ] } },
{ "type": "Feature", "properties": { "nombre": "Camino sin nombre", "longitud_km": 0.09 }, "geometry": { "type": "LineString", "coordinates": [ [ -71.5075, -41.0881 ], [ -71.5078, -41.0889 ] ] } },
{ "type": "Feature", "properties": { "nombre": "Camino sin nombre", "longitud_km": 0.33 }, "geometry": { "type": "LineString", "coordinates": [ [ -71.4098, -41.1443 ], [ -71.4093, -41.1472 ] ] } },
{ "type": "Feature", "properties": { "nombre": "Camino sin nombre", "longitud_km": 1.74 }, "geometry": { "type": "LineString", "coordinates": [ [ -67.8315, -38.9606 ], [ -67.8387, -38.9578 ], [ -67.8388, -38.9484 ] ] } },
{ "type": "Feature", "properties": { "nombre": "Camino sin nombre", "longitud_km": 0.81 }, "geometry": { "type": "LineString", "coordinates": [ [ -71.1379, -41.0756 ], [ -71.1312, -41.0808 ] ] } },
{ "type": "Feature", "properties": { "nombre": "Camino sin nombre", "longitud_km": 0.28 }, "geometry": { "type": "LineString", "coordinates": [ [ -70.4879, -40.7352 ], [ -70.4905, -40.7335 ] ] } },
{ "type": "Feature", "properties": { "nombre": "Camino sin nombre", "longitud_km": 0.81 }, "geometry": { "type": "LineString", "coordinates": [ [ -70.9555, -40.8798 ], [ -70.965, -40.8808 ] ] } },
{ "type": "Feature", "properties": { "nombre": "Camino sin nombre", "longitud_km": 0.64 }, "geometry": { "type": "LineString", "coordinates": [ [ -70.7396, -40.6318 ], [ -70.7472, -40.632 ] ] } },
{ "type": "Feature", "properties": { "nombre": "Camino sin nombre", "longitud_km": 0.81 }, "geometry": { "type": "LineString", "coordinates": [ [ -70.8877, -40.9387 ], [ -70.892, -40.9322 ] ] } },
{ "type": "Feature", "properties": { "nombre": "Camino sin nombre", "longitud_km": 0.46 }, "geometry": { "type": "LineString", "coordinates": [ [ -67.9435, -38.935 ], [ -67.9382, -38.935 ] ] } },
{ "type": "Feature", "properties": { "nombre": "Camino sin nombre", "longitud_km": 0.05 }, "geometry": { "type": "LineString", "coordinates": [ [ -71.3873, -41.1696 ], [ -71.3869, -41.1692 ] ] } },
{ "type": "Feature", "properties": { "nombre": "Camino sin nombre", "longitud_km": 0.08 }, "geometry": { "type": "LineString", "coordinates": [ [ -71.3699, -41.1653 ], [ -71.3703, -41.1647 ] ] } },
{ "type": "Feature", "properties": { "nombre": "Camino sin nombre", "longitud_km": 0.14 }, "geometry": { "type": "LineString", "coordinates": [ [ -71.3813, -41.1605 ], [ -71.3797, -41.1601 ] ] } },
{ "type": "Feature", "properties": { "nombre": "Camino sin nombre", "longitud_km": 10.88 }, "geometry": { "type": "LineString", "coordinates": [ [ -71.4853, -41.436 ], [ -71.4758, -41.4246 ], [ -71.4743, -41.4116 ], [ -71.482, -41.3961 ], [ -71.4816, -41.3793 ], [ -71.4922, -41.3683 ], [ -71.4914, -41.363 ], [ -71.5118, -41.3514 ] ] } },
{ "type": "Feature", "properties": { "nombre": "Camino sin nombre", "longitud_km": 0.83 }, "geometry": { "type": "LineString", "coordinates": [ [ -67.6779, -38.934 ], [ -67.6688, -38.9363 ] ] } },
{ "type": "Feature", "properties": { "nombre": "Camino sin nombre", "longitud_km": 0.15 }, "geometry": { "type": "LineString", "coordinates": [ [ -68.2126, -37.6533 ], [ -68.211, -37.6538 ] ] } },
{ "type": "Feature", "properties": { "nombre": "Camino sin nombre", "longitud_km": 3.68 }, "geometry": { "type": "LineString", "coordinates": [ [ -68.2157, -38.6823 ], [ -68.2161, -38.7082 ], [ -68.2233, -38.7037 ] ] } },
{ "type": "Feature", "properties": { "nombre": "Camino sin nombre", "longitud_km": 0.13 }, "geometry": { "type": "LineString", "coordinates": [ [ -67.8353, -38.9749 ], [ -67.8339, -38.9754 ] ] } },
{ "type": "Feature", "properties": { "nombre": "Camino sin nombre", "longitud_km": 0.14 }, "geometry": { "type": "LineString", "coordinates": [ [ -71.4242, -41.1091 ], [ -71.4257, -41.1096 ] ] } },
{ "type": "Feature", "properties": { "nombre": "Camino sin nombre", "longitud_km": 0.28 }, "geometry": { "type": "LineString", "coordinates": [ [ -71.3722, -41.167 ], [ -71.373, -41.1695 ] ] } },
{ "type": "Feature", "properties": { "nombre": "Camino sin nombre", "longitud_km": 0.02 }, "geometry": { "type": "LineString", "coordinates": [ [ -71.5105, -41.0952 ], [ -71.5107, -41.0951 ] ] } },
{ "type": "Feature", "properties": { "nombre": "Camino sin nombre", "longitud_km": 0.1 }, "geometry": { "type": "LineString", "coordinates": [ [ -71.3921, -41.1702 ], [ -71.3909, -41.1704 ] ] } },
{ "type": "Feature", "properties": { "nombre": "Camino sin nombre", "longitud_km": 0.31 }, "geometry": { "type": "LineString", "coordinates": [ [ -71.3645, -41.1596 ], [ -71.361, -41.1604 ] ] } },
{ "type": "Feature", "properties": { "nombre": "Camino sin nombre", "longitud_km": 0.2 }, "geometry": { "type": "LineString", "coordinates": [ [ -71.2473, -41.121 ], [ -71.2454, -41.1199 ] ] } },
{ "type": "Feature", "properties": { "nombre": "Camino sin nombre", "longitud_km": 1.12 }, "geometry": { "type": "LineString", "coordinates": [ [ -69.7146, -40.6683 ], [ -69.7271, -40.6717 ] ] } },
{ "type": "Feature", "properties": { "nombre": "Camino sin nombre", "longitud_km": 0.13 }, "geometry": { "type": "LineString", "coordinates": [ [ -69.71, -40.668 ], [ -69.7115, -40.6679 ] ] } },
{ "type": "Feature", "properties": { "nombre": "Camino sin nombre", "longitud_km": 5.55 }, "geometry": { "type": "LineString", "coordinates": [ [ -70.8776, -40.8057 ], [ -70.8751, -40.7819 ], [ -70.8784, -40.771 ], [ -70.8728, -40.7567 ] ] } },
{ "type": "Feature", "properties": { "nombre": "Camino sin nombre", "longitud_km": 0.11 }, "geometry": { "type": "LineString", "coordinates": [ [ -71.344, -41.1851 ], [ -71.3426, -41.185 ] ] } },
{ "type": "Feature", "properties": { "nombre": "Camino sin nombre", "longitud_km": 0.09 }, "geometry": { "type": "LineString", "coordinates": [ [ -71.3618, -41.1649 ], [ -71.3622, -41.1641 ] ] } },
{ "type": "Feature", "properties": { "nombre": "Camino sin nombre", "longitud_km": 0.72 }, "geometry": { "type": "LineString", "coordinates": [ [ -71.2223, -41.12 ], [ -71.2308, -41.1203 ] ] } },
{ "type": "Feature", "properties": { "nombre": "Camino sin nombre", "longitud_km": 0.27 }, "geometry": { "type": "LineString", "coordinates": [ [ -69.7115, -40.6679 ], [ -69.7146, -40.6683 ] ] } },
{ "type": "Feature", "properties": { "nombre": "Camino sin nombre", "longitud_km": 0.54 }, "geometry": { "type": "LineString", "coordinates": [ [ -67.9746, -39.0044 ], [ -67.9689, -39.0023 ] ] } },
{ "type": "Feature", "properties": { "nombre": "Camino sin nombre", "longitud_km": 0.56 }, "geometry": { "type": "LineString", "coordinates": [ [ -70.8595, -41.0373 ], [ -70.8531, -41.0359 ] ] } },
{ "type": "Feature", "properties": { "nombre": "Camino sin nombre", "longitud_km": 0.29 }, "geometry": { "type": "LineString", "coordinates": [ [ -69.7072, -40.6667 ], [ -69.71, -40.668 ] ] } },
{ "type": "Feature", "properties": { "nombre": "Camino sin nombre", "longitud_km": 0.29 }, "geometry": { "type": "LineString", "coordinates": [ [ -67.5033, -39.0365 ], [ -67.5, -39.0368 ] ] } },
{ "type": "Feature", "properties": { "nombre": "Camino sin nombre", "longitud_km": 0.05 }, "geometry": { "type": "LineString", "coordinates": [ [ -67.5, -39.0368 ], [ -67.4999, -39.0364 ] ] } },
{ "type": "Feature", "properties": { "nombre": "Camino sin nombre", "longitud_km": 0.16 }, "geometry": { "type": "LineString", "coordinates": [ [ -71.1529, -41.0586 ], [ -71.153, -41.0572 ] ] } },
{ "type": "Feature", "properties": { "nombre": "Camino sin nombre", "longitud_km": 0.39 }, "geometry": { "type": "LineString", "coordinates": [ [ -67.8992, -38.9838 ], [ -67.9037, -38.9832 ] ] } },
{ "type": "Feature", "properties": { "nombre": "Camino sin nombre", "longitud_km": 0.27 }, "geometry": { "type": "LineString", "coordinates": [ [ -70.738, -40.724 ], [ -70.7355, -40.7256 ] ] } },
{ "type": "Feature", "properties": { "nombre": "Camino sin nombre", "longitud_km": 0.3 }, "geometry": { "type": "LineString", "coordinates": [ [ -68.1627, -38.7212 ], [ -68.1595, -38.7204 ] ] } },
{ "type": "Feature", "properties": { "nombre": "Camino sin nombre", "longitud_km": 0.67 }, "geometry": { "type": "LineString", "coordinates": [ [ -70.5258, -41.0229 ], [ -70.5187, -41.0256 ] ] } },
{ "type": "Feature", "properties": { "nombre": "Camino sin nombre", "longitud_km": 0.2 }, "geometry": { "type": "LineString", "coordinates": [ [ -71.3662, -41.1663 ], [ -71.364, -41.1658 ] ] } },
{ "type": "Feature", "properties": { "nombre": "Camino sin nombre", "longitud_km": 1.27 }, "geometry": { "type": "LineString", "coordinates": [ [ -71.3229, -41.2016 ], [ -71.3258, -41.1979 ], [ -71.3207, -41.1919 ] ] } },
{ "type": "Feature", "properties": { "nombre": "Camino sin nombre", "longitud_km": 0.1 }, "geometry": { "type": "LineString", "coordinates": [ [ -71.3869, -41.1692 ], [ -71.3878, -41.1699 ] ] } },
{ "type": "Feature", "properties": { "nombre": "Camino sin nombre", "longitud_km": 1.78 }, "geometry": { "type": "LineString", "coordinates": [ [ -67.5619, -38.9563 ], [ -67.5818, -38.9523 ] ] } },
{ "type": "Feature", "properties": { "nombre": "Camino sin nombre", "longitud_km": 0.14 }, "geometry": { "type": "LineString", "coordinates": [ [ -67.7863, -38.9984 ], [ -67.7867, -38.9996 ] ] } },
{ "type": "Feature", "properties": { "nombre": "Camino sin nombre", "longitud_km": 5.91 }, "geometry": { "type": "LineString", "coordinates": [ [ -70.8667, -40.99 ], [ -70.8869, -40.9517 ], [ -70.882, -40.9489 ], [ -70.8848, -40.9418 ] ] } },
{ "type": "Feature", "properties": { "nombre": "Camino sin nombre", "longitud_km": 5.1 }, "geometry": { "type": "LineString", "coordinates": [ [ -68.0, -37.7846 ], [ -68.0211, -37.7418 ] ] } },
{ "type": "Feature", "properties": { "nombre": "Camino sin nombre", "longitud_km": 0.04 }, "geometry": { "type": "LineString", "coordinates": [ [ -71.1505, -41.0587 ], [ -71.1509, -41.0584 ] ] } },
{ "type": "Feature", "properties": { "nombre": "Camino sin nombre", "longitud_km": 0.04 }, "geometry": { "type": "LineString", "coordinates": [ [ -71.3909, -41.17 ], [ -71.3909, -41.1704 ] ] } },
{ "type": "Feature", "properties": { "nombre": "Camino sin nombre", "longitud_km": 0.08 }, "geometry": { "type": "LineString", "coordinates": [ [ -71.1439, -41.0583 ], [ -71.1438, -41.059 ] ] } },
{ "type": "Feature", "properties": { "nombre": "Camino sin nombre", "longitud_km": 0.13 }, "geometry": { "type": "LineString", "coordinates": [ [ -67.9049, -38.989 ], [ -67.9046, -38.9878 ] ] } },
{ "type": "Feature", "properties": { "nombre": "Camino sin nombre", "longitud_km": 1.01 }, "geometry": { "type": "LineString", "coordinates": [ [ -71.4278, -41.1322 ], [ -71.4278, -41.123 ] ] } },
{ "type": "Feature", "properties": { "nombre": "Camino sin nombre", "longitud_km": 2.59 }, "geometry": { "type": "LineString", "coordinates": [ [ -70.5339, -40.8517 ], [ -70.5398, -40.8513 ], [ -70.5484, -40.8618 ], [ -70.5566, -40.8634 ] ] } },
{ "type": "Feature", "properties": { "nombre": "Camino sin nombre", "longitud_km": 0.15 }, "geometry": { "type": "LineString", "coordinates": [ [ -71.1871, -41.0875 ], [ -71.1858, -41.0865 ] ] } },
{ "type": "Feature", "properties": { "nombre": "Camino sin nombre", "longitud_km": 0.43 }, "geometry": { "type": "LineString", "coordinates": [ [ -70.7472, -40.632 ], [ -70.7523, -40.6324 ] ] } },
{ "type": "Feature", "properties": { "nombre": "Camino sin nombre", "longitud_km": 2.85 }, "geometry": { "type": "LineString", "coordinates": [ [ -70.9758, -40.7192 ], [ -70.9754, -40.7003 ], [ -70.9825, -40.6961 ] ] } },
{ "type": "Feature", "properties": { "nombre": "Camino sin nombre", "longitud_km": 1.47 }, "geometry": { "type": "LineString", "coordinates": [ [ -67.5, -38.8198 ], [ -67.5125, -38.8287 ] ] } },
{ "type": "Feature", "properties": { "nombre": "Camino sin nombre", "longitud_km": 0.51 }, "geometry": { "type": "LineString", "coordinates": [ [ -68.2001, -37.6575 ], [ -68.1947, -37.6592 ] ] } },
{ "type": "Feature", "properties": { "nombre": "Camino sin nombre", "longitud_km": 0.58 }, "geometry": { "type": "LineString", "coordinates": [ [ -71.322, -41.1792 ], [ -71.3177, -41.1752 ] ] } },
{ "type": "Feature", "properties": { "nombre": "Camino sin nombre", "longitud_km": 3.04 }, "geometry": { "type": "LineString", "coordinates": [ [ -70.8906, -41.1373 ], [ -70.8871, -41.1426 ], [ -70.8587, -41.143 ] ] } },
{ "type": "Feature", "properties": { "nombre": "Camino sin nombre", "longitud_km": 0.13 }, "geometry": { "type": "LineString", "coordinates": [ [ -71.1488, -41.064 ], [ -71.1501, -41.0633 ] ] } },
{ "type": "Feature", "properties": { "nombre": "Camino sin nombre", "longitud_km": 0.3 }, "geometry": { "type": "LineString", "coordinates": [ [ -67.9285, -38.9862 ], [ -67.9278, -38.9836 ] ] } },
{ "type": "Feature", "properties": { "nombre": "Camino sin nombre", "longitud_km": 0.17 }, "geometry": { "type": "LineString", "coordinates": [ [ -67.8762, -38.9666 ], [ -67.8765, -38.9682 ] ] } },
{ "type": "Feature", "properties": { "nombre": "Camino sin nombre", "longitud_km": 0.94 }, "geometry": { "type": "LineString", "coordinates": [ [ -67.8842, -39.0045 ], [ -67.886, -39.0129 ] ] } },
{ "type": "Feature", "properties": { "nombre": "Camino sin nombre", "longitud_km": 0.43 }, "geometry": { "type": "LineString", "coordinates": [ [ -67.7391, -39.0327 ], [ -67.744, -39.032 ] ] } },
{ "type": "Feature", "properties": { "nombre": "Camino sin nombre", "longitud_km": 0.23 }, "geometry": { "type": "LineString", "coordinates": [ [ -71.1359, -41.0885 ], [ -71.1387, -41.0886 ] ] } },
{ "type": "Feature", "properties": { "nombre": "Camino sin nombre", "longitud_km": 0.06 }, "geometry": { "type": "LineString", "coordinates": [ [ -67.9968, -38.8852 ], [ -67.9961, -38.8852 ] ] } },
{ "type": "Feature", "properties": { "nombre": "Camino sin nombre", "longitud_km": 0.24 }, "geometry": { "type": "LineString", "coordinates": [ [ -71.2609, -41.1522 ], [ -71.259, -41.1538 ] ] } },
{ "type": "Feature", "properties": { "nombre": "Camino sin nombre", "longitud_km": 0.53 }, "geometry": { "type": "LineString", "coordinates": [ [ -67.7863, -38.9984 ], [ -67.7853, -38.9936 ] ] } },
{ "type": "Feature", "properties": { "nombre": "Camino sin nombre", "longitud_km": 2.0 }, "geometry": { "type": "LineString", "coordinates": [ [ -67.9873, -39.0396 ], [ -67.9869, -39.0577 ] ] } },
{ "type": "Feature", "properties": { "nombre": "Camino sin nombre", "longitud_km": 0.85 }, "geometry": { "type": "LineString", "coordinates": [ [ -70.872, -40.8929 ], [ -70.863, -40.8963 ] ] } },
{ "type": "Feature", "properties": { "nombre": "Camino sin nombre", "longitud_km": 0.22 }, "geometry": { "type": "LineString", "coordinates": [ [ -67.9257, -38.9751 ], [ -67.9253, -38.9732 ] ] } },
{ "type": "Feature", "properties": { "nombre": "Camino sin nombre", "longitud_km": 0.62 }, "geometry": { "type": "LineString", "coordinates": [ [ -67.9698, -38.9534 ], [ -67.968, -38.948 ] ] } },
{ "type": "Feature", "properties": { "nombre": "Camino sin nombre", "longitud_km": 0.8 }, "geometry": { "type": "LineString", "coordinates": [ [ -70.891, -41.1953 ], [ -70.8953, -41.2017 ] ] } },
{ "type": "Feature", "properties": { "nombre": "Camino sin nombre", "longitud_km": 0.17 }, "geometry": { "type": "LineString", "coordinates": [ [ -71.3444, -41.1829 ], [ -71.3454, -41.1816 ] ] } },
{ "type": "Feature", "properties": { "nombre": "Camino sin nombre", "longitud_km": 0.02 }, "geometry": { "type": "LineString", "coordinates": [ [ -70.8267, -40.6532 ], [ -70.8268, -40.6534 ] ] } },
{ "type": "Feature", "properties": { "nombre": "Camino sin nombre", "longitud_km": 0.65 }, "geometry": { "type": "LineString", "coordinates": [ [ -67.9175, -38.9908 ], [ -67.9101, -38.9918 ] ] } },
{ "type": "Feature", "properties": { "nombre": "Camino sin nombre", "longitud_km": 0.13 }, "geometry": { "type": "LineString", "coordinates": [ [ -67.8326, -38.9757 ], [ -67.8312, -38.976 ] ] } },
{ "type": "Feature", "properties": { "nombre": "Camino sin nombre", "longitud_km": 0.08 }, "geometry": { "type": "LineString", "coordinates": [ [ -70.6964, -40.7316 ], [ -70.6956, -40.7321 ] ] } },
{ "type": "Feature", "properties": { "nombre": "Camino sin nombre", "longitud_km": 0.11 }, "geometry": { "type": "LineString", "coordinates": [ [ -67.8128, -38.9797 ], [ -67.8116, -38.9799 ] ] } },
{ "type": "Feature", "properties": { "nombre": "Camino sin nombre", "longitud_km": 0.69 }, "geometry": { "type": "LineString", "coordinates": [ [ -67.8882, -38.9072 ], [ -67.8804, -38.9082 ] ] } },
{ "type": "Feature", "properties": { "nombre": "Camino sin nombre", "longitud_km": 1.44 }, "geometry": { "type": "LineString", "coordinates": [ [ -70.8303, -40.8063 ], [ -70.8262, -40.8044 ], [ -70.8259, -40.7951 ] ] } },
{ "type": "Feature", "properties": { "nombre": "Camino sin nombre", "longitud_km": 0.09 }, "geometry": { "type": "LineString", "coordinates": [ [ -71.0062, -40.7589 ], [ -71.0072, -40.7591 ] ] } },
{ "type": "Feature", "properties": { "nombre": "Camino sin nombre", "longitud_km": 0.16 }, "geometry": { "type": "LineString", "coordinates": [ [ -71.3777, -41.1694 ], [ -71.3781, -41.1708 ] ] } },
{ "type": "Feature", "properties": { "nombre": "Camino sin nombre", "longitud_km": 0.88 }, "geometry": { "type": "LineString", "coordinates": [ [ -70.9912, -40.8309 ], [ -71.0, -40.8266 ] ] } },
{ "type": "Feature", "properties": { "nombre": "Camino sin nombre", "longitud_km": 1.0 }, "geometry": { "type": "LineString", "coordinates": [ [ -70.5572, -40.6416 ], [ -70.5456, -40.6403 ] ] } },
{ "type": "Feature", "properties": { "nombre": "Camino sin nombre", "longitud_km": 0.01 }, "geometry": { "type": "LineString", "coordinates": [ [ -71.5001, -41.0546 ], [ -71.5, -41.0547 ] ] } },
{ "type": "Feature", "properties": { "nombre": "Camino sin nombre", "longitud_km": 0.42 }, "geometry": { "type": "LineString", "coordinates": [ [ -70.8848, -40.9418 ], [ -70.8877, -40.9387 ] ] } },
{ "type": "Feature", "properties": { "nombre": "Camino sin nombre", "longitud_km": 1.42 }, "geometry": { "type": "LineString", "coordinates": [ [ -71.1517, -41.0932 ], [ -71.1658, -41.1003 ] ] } },
{ "type": "Feature", "properties": { "nombre": "Camino sin nombre", "longitud_km": 0.07 }, "geometry": { "type": "LineString", "coordinates": [ [ -71.5128, -41.0943 ], [ -71.5135, -41.0941 ] ] } },
{ "type": "Feature", "properties": { "nombre": "Camino sin nombre", "longitud_km": 0.11 }, "geometry": { "type": "LineString", "coordinates": [ [ -67.9989, -38.8853 ], [ -67.9977, -38.8852 ] ] } },
{ "type": "Feature", "properties": { "nombre": "Camino sin nombre", "longitud_km": 0.36 }, "geometry": { "type": "LineString", "coordinates": [ [ -71.3949, -41.1681 ], [ -71.399, -41.1689 ] ] } },
{ "type": "Feature", "properties": { "nombre": "Camino sin nombre", "longitud_km": 0.32 }, "geometry": { "type": "LineString", "coordinates": [ [ -71.1685, -41.1445 ], [ -71.172, -41.1435 ] ] } },
{ "type": "Feature", "properties": { "nombre": "Camino sin nombre", "longitud_km": 0.79 }, "geometry": { "type": "LineString", "coordinates": [ [ -68.0783, -38.2141 ], [ -68.0692, -38.214 ] ] } },
{ "type": "Feature", "properties": { "nombre": "Camino sin nombre", "longitud_km": 1.51 }, "geometry": { "type": "LineString", "coordinates": [ [ -71.152, -41.0593 ], [ -71.1647, -41.0688 ] ] } },
{ "type": "Feature", "properties": { "nombre": "Camino sin nombre", "longitud_km": 0.26 }, "geometry": { "type": "LineString", "coordinates": [ [ -70.7967, -40.6639 ], [ -70.7941, -40.6653 ] ] } },
{ "type": "Feature", "properties": { "nombre": "Camino sin nombre", "longitud_km": 2.53 }, "geometry": { "type": "LineString", "coordinates": [ [ -70.5275, -40.5631 ], [ -70.5, -40.5543 ] ] } },
{ "type": "Feature", "properties": { "nombre": "Camino sin nombre", "longitud_km": 1.15 }, "geometry": { "type": "LineString", "coordinates": [ [ -67.7585, -39.0396 ], [ -67.7607, -39.0498 ] ] } },
{ "type": "Feature", "properties": { "nombre": "Camino sin nombre", "longitud_km": 0.13 }, "geometry": { "type": "LineString", "coordinates": [ [ -68.1564, -37.672 ], [ -68.1577, -37.6715 ] ] } },
{ "type": "Feature", "properties": { "nombre": "Camino sin nombre", "longitud_km": 1.45 }, "geometry": { "type": "LineString", "coordinates": [ [ -71.4173, -41.1319 ], [ -71.4119, -41.1443 ] ] } },
{ "type": "Feature", "properties": { "nombre": "Camino sin nombre", "longitud_km": 0.71 }, "geometry": { "type": "LineString", "coordinates": [ [ -70.6808, -40.8061 ], [ -70.6731, -40.8034 ] ] } },
{ "type": "Feature", "properties": { "nombre": "Camino sin nombre", "longitud_km": 0.48 }, "geometry": { "type": "LineString", "coordinates": [ [ -71.3354, -41.174 ], [ -71.3319, -41.1705 ] ] } },
{ "type": "Feature", "properties": { "nombre": "Camino sin nombre", "longitud_km": 2.95 }, "geometry": { "type": "LineString", "coordinates": [ [ -71.0, -40.748 ], [ -71.0141, -40.7723 ] ] } },
{ "type": "Feature", "properties": { "nombre": "Camino sin nombre", "longitud_km": 0.09 }, "geometry": { "type": "LineString", "coordinates": [ [ -71.5079, -41.089 ], [ -71.5085, -41.0897 ] ] } },
{ "type": "Feature", "properties": { "nombre": "Camino sin nombre", "longitud_km": 0.24 }, "geometry": { "type": "LineString", "coordinates": [ [ -68.0822, -38.7892 ], [ -68.0796, -38.7886 ] ] } },
{ "type": "Feature", "properties": { "nombre": "Camino sin nombre", "longitud_km": 0.04 }, "geometry": { "type": "LineString", "coordinates": [ [ -71.5018, -41.055 ], [ -71.5015, -41.0553 ] ] } },
{ "type": "Feature", "properties": { "nombre": "Camino sin nombre", "longitud_km": 0.76 }, "geometry": { "type": "LineString", "coordinates": [ [ -70.9684, -40.8809 ], [ -70.9604, -40.8841 ] ] } },
{ "type": "Feature", "properties": { "nombre": "Camino sin nombre", "longitud_km": 0.55 }, "geometry": { "type": "LineString", "coordinates": [ [ -68.178, -37.6648 ], [ -68.1723, -37.6667 ] ] } },
{ "type": "Feature", "properties": { "nombre": "Camino sin nombre", "longitud_km": 0.1 }, "geometry": { "type": "LineString", "coordinates": [ [ -68.2263, -37.6487 ], [ -68.2253, -37.6491 ] ] } },
{ "type": "Feature", "properties": { "nombre": "Camino sin nombre", "longitud_km": 0.04 }, "geometry": { "type": "LineString", "coordinates": [ [ -71.34, -41.1914 ], [ -71.3397, -41.1917 ] ] } },
{ "type": "Feature", "properties": { "nombre": "Camino sin nombre", "longitud_km": 0.15 }, "geometry": { "type": "LineString", "coordinates": [ [ -71.4065, -41.1472 ], [ -71.4061, -41.1485 ] ] } },
{ "type": "Feature", "properties": { "nombre": "Camino sin nombre", "longitud_km": 0.31 }, "geometry": { "type": "LineString", "coordinates": [ [ -71.3335, -41.1873 ], [ -71.3372, -41.1872 ] ] } },
{ "type": "Feature", "properties": { "nombre": "Camino sin nombre", "longitud_km": 0.08 }, "geometry": { "type": "LineString", "coordinates": [ [ -71.3397, -41.1917 ], [ -71.3392, -41.1923 ] ] } },
{ "type": "Feature", "properties": { "nombre": "Camino sin nombre", "longitud_km": 0.63 }, "geometry": { "type": "LineString", "coordinates": [ [ -71.3662, -41.1737 ], [ -71.366, -41.168 ] ] } },
{ "type": "Feature", "properties": { "nombre": "Camino sin nombre", "longitud_km": 0.04 }, "geometry": { "type": "LineString", "coordinates": [ [ -71.3909, -41.1704 ], [ -71.3905, -41.1703 ] ] } },
{ "type": "Feature", "properties": { "nombre": "Camino sin nombre", "longitud_km": 0.03 }, "geometry": { "type": "LineString", "coordinates": [ [ -71.1858, -41.0865 ], [ -71.1861, -41.0863 ] ] } },
{ "type": "Feature", "properties": { "nombre": "Camino sin nombre", "longitud_km": 3.98 }, "geometry": { "type": "LineString", "coordinates": [ [ -71.6975, -41.2517 ], [ -71.679, -41.2583 ], [ -71.6651, -41.257 ], [ -71.6593, -41.2658 ] ] } },
{ "type": "Feature", "properties": { "nombre": "Camino sin nombre", "longitud_km": 0.16 }, "geometry": { "type": "LineString", "coordinates": [ [ -71.3387, -41.1824 ], [ -71.3396, -41.1811 ] ] } },
{ "type": "Feature", "properties": { "nombre": "Camino sin nombre", "longitud_km": 0.62 }, "geometry": { "type": "LineString", "coordinates": [ [ -67.9647, -38.9544 ], [ -67.9629, -38.949 ] ] } },
{ "type": "Feature", "properties": { "nombre": "Camino sin nombre", "longitud_km": 0.49 }, "geometry": { "type": "LineString", "coordinates": [ [ -70.7748, -40.7334 ], [ -70.7698, -40.7356 ] ] } },
{ "type": "Feature", "properties": { "nombre": "Camino sin nombre", "longitud_km": 0.27 }, "geometry": { "type": "LineString", "coordinates": [ [ -70.7029, -40.7244 ], [ -70.7018, -40.7221 ] ] } },
{ "type": "Feature", "properties": { "nombre": "Camino sin nombre", "longitud_km": 1.19 }, "geometry": { "type": "LineString", "coordinates": [ [ -67.6755, -38.8813 ], [ -67.672, -38.871 ] ] } },
{ "type": "Feature", "properties": { "nombre": "Camino sin nombre", "longitud_km": 1.02 }, "geometry": { "type": "LineString", "coordinates": [ [ -67.6532, -39.053 ], [ -67.6648, -39.0516 ] ] } },
{ "type": "Feature", "properties": { "nombre": "Camino sin nombre", "longitud_km": 0.8 }, "geometry": { "type": "LineString", "coordinates": [ [ -67.9715, -38.8927 ], [ -67.9642, -38.8971 ] ] } },
{ "type": "Feature", "properties": { "nombre": "Camino sin nombre", "longitud_km": 0.26 }, "geometry": { "type": "LineString", "coordinates": [ [ -71.3952, -41.1697 ], [ -71.3921, -41.1702 ] ] } },
{ "type": "Feature", "properties": { "nombre": "Camino sin nombre", "longitud_km": 2.47 }, "geometry": { "type": "LineString", "coordinates": [ [ -70.8237, -40.6555 ], [ -70.7967, -40.6639 ] ] } },
{ "type": "Feature", "properties": { "nombre": "Camino sin nombre", "longitud_km": 0.04 }, "geometry": { "type": "LineString", "coordinates": [ [ -71.1519, -41.0596 ], [ -71.152, -41.0593 ] ] } },
{ "type": "Feature", "properties": { "nombre": "Camino sin nombre", "longitud_km": 0.42 }, "geometry": { "type": "LineString", "coordinates": [ [ -70.6313, -40.6734 ], [ -70.6327, -40.6698 ] ] } },
{ "type": "Feature", "properties": { "nombre": "Camino sin nombre", "longitud_km": 0.28 }, "geometry": { "type": "LineString", "coordinates": [ [ -71.1461, -41.0649 ], [ -71.1456, -41.0624 ] ] } },
{ "type": "Feature", "properties": { "nombre": "Camino sin nombre", "longitud_km": 1.11 }, "geometry": { "type": "LineString", "coordinates": [ [ -67.963, -38.9033 ], [ -67.9502, -38.9033 ] ] } },
{ "type": "Feature", "properties": { "nombre": "Camino sin nombre", "longitud_km": 2.25 }, "geometry": { "type": "LineString", "coordinates": [ [ -70.7748, -40.7334 ], [ -70.7721, -40.7225 ], [ -70.779, -40.7149 ] ] } },
{ "type": "Feature", "properties": { "nombre": "Camino sin nombre", "longitud_km": 0.48 }, "geometry": { "type": "LineString", "coordinates": [ [ -71.344, -41.1851 ], [ -71.347, -41.1814 ] ] } },
{ "type": "Feature", "properties": { "nombre": "Camino sin nombre", "longitud_km": 0.66 }, "geometry": { "type": "LineString", "coordinates": [ [ -67.9666, -38.9601 ], [ -67.9647, -38.9544 ] ] } },
{ "type": "Feature", "properties": { "nombre": "Camino sin nombre", "longitud_km": 0.36 }, "geometry": { "type": "LineString", "coordinates": [ [ -71.3865, -41.1743 ], [ -71.3829, -41.1726 ] ] } },
{ "type": "Feature", "properties": { "nombre": "Camino sin nombre", "longitud_km": 1.04 }, "geometry": { "type": "LineString", "coordinates": [ [ -67.8351, -39.0014 ], [ -67.8369, -39.0107 ] ] } },
{ "type": "Feature", "properties": { "nombre": "Camino sin nombre", "longitud_km": 0.18 }, "geometry": { "type": "LineString", "coordinates": [ [ -67.9979, -39.0555 ], [ -68.0, -39.055 ] ] } },
{ "type": "Feature", "properties": { "nombre": "Camino sin nombre", "longitud_km": 0.1 }, "geometry": { "type": "LineString", "coordinates": [ [ -71.2433, -41.1191 ], [ -71.2438, -41.1183 ] ] } },
{ "type": "Feature", "properties": { "nombre": "Camino sin nombre", "longitud_km": 0.77 }, "geometry": { "type": "LineString", "coordinates": [ [ -70.7492, -40.6155 ], [ -70.7401, -40.6153 ] ] } },
{ "type": "Feature", "properties": { "nombre": "Camino sin nombre", "longitud_km": 2.41 }, "geometry": { "type": "LineString", "coordinates": [ [ -70.598, -40.7325 ], [ -70.6206, -40.7254 ], [ -70.6173, -40.7235 ] ] } },
{ "type": "Feature", "properties": { "nombre": "Camino sin nombre", "longitud_km": 1.35 }, "geometry": { "type": "LineString", "coordinates": [ [ -67.9395, -38.9829 ], [ -67.9545, -38.9797 ] ] } },
{ "type": "Feature", "properties": { "nombre": "Camino sin nombre", "longitud_km": 0.17 }, "geometry": { "type": "LineString", "coordinates": [ [ -68.0331, -37.7209 ], [ -68.0348, -37.7201 ] ] } },
{ "type": "Feature", "properties": { "nombre": "Camino sin nombre", "longitud_km": 0.09 }, "geometry": { "type": "LineString", "coordinates": [ [ -67.9389, -38.9806 ], [ -67.9399, -38.9804 ] ] } },
{ "type": "Feature", "properties": { "nombre": "Camino sin nombre", "longitud_km": 0.59 }, "geometry": { "type": "LineString", "coordinates": [ [ -71.3884, -41.1717 ], [ -71.3816, -41.1706 ] ] } },
{ "type": "Feature", "properties": { "nombre": "Camino sin nombre", "longitud_km": 0.34 }, "geometry": { "type": "LineString", "coordinates": [ [ -71.3577, -41.1633 ], [ -71.3616, -41.1625 ] ] } },
{ "type": "Feature", "properties": { "nombre": "Camino sin nombre", "longitud_km": 0.71 }, "geometry": { "type": "LineString", "coordinates": [ [ -70.812, -40.6894 ], [ -70.8132, -40.683 ] ] } },
{ "type": "Feature", "properties": { "nombre": "Camino sin nombre", "longitud_km": 1.03 }, "geometry": { "type": "LineString", "coordinates": [ [ -67.6102, -39.0773 ], [ -67.612, -39.0865 ] ] } },
{ "type": "Feature", "properties": { "nombre": "Camino sin nombre", "longitud_km": 0.04 }, "geometry": { "type": "LineString", "coordinates": [ [ -71.1504, -41.0581 ], [ -71.1501, -41.0584 ] ] } },
{ "type": "Feature", "properties": { "nombre": "Camino sin nombre", "longitud_km": 0.16 }, "geometry": { "type": "LineString", "coordinates": [ [ -67.5351, -39.0023 ], [ -67.5357, -39.0037 ] ] } },
{ "type": "Feature", "properties": { "nombre": "Camino sin nombre", "longitud_km": 0.19 }, "geometry": { "type": "LineString", "coordinates": [ [ -71.338, -41.1951 ], [ -71.3361, -41.1942 ] ] } },
{ "type": "Feature", "properties": { "nombre": "Camino sin nombre", "longitud_km": 0.05 }, "geometry": { "type": "LineString", "coordinates": [ [ -67.819, -38.9636 ], [ -67.8194, -38.9634 ] ] } },
{ "type": "Feature", "properties": { "nombre": "Camino sin nombre", "longitud_km": 0.2 }, "geometry": { "type": "LineString", "coordinates": [ [ -71.4197, -41.1318 ], [ -71.4173, -41.1319 ] ] } },
{ "type": "Feature", "properties": { "nombre": "Camino sin nombre", "longitud_km": 0.12 }, "geometry": { "type": "LineString", "coordinates": [ [ -71.3771, -41.1672 ], [ -71.3769, -41.1682 ] ] } },
{ "type": "Feature", "properties": { "nombre": "Camino sin nombre", "longitud_km": 0.03 }, "geometry": { "type": "LineString", "coordinates": [ [ -67.9798, -38.9896 ], [ -67.9802, -38.9896 ] ] } },
{ "type": "Feature", "properties": { "nombre": "Camino sin nombre", "longitud_km": 0.23 }, "geometry": { "type": "LineString", "coordinates": [ [ -71.3816, -41.1706 ], [ -71.3794, -41.1695 ] ] } },
{ "type": "Feature", "properties": { "nombre": "Camino sin nombre", "longitud_km": 0.54 }, "geometry": { "type": "LineString", "coordinates": [ [ -67.6003, -39.0879 ], [ -67.6065, -39.0872 ] ] } },
{ "type": "Feature", "properties": { "nombre": "Camino sin nombre", "longitud_km": 0.76 }, "geometry": { "type": "LineString", "coordinates": [ [ -67.9124, -38.9822 ], [ -67.9037, -38.9832 ] ] } },
{ "type": "Feature", "properties": { "nombre": "Camino sin nombre", "longitud_km": 3.68 }, "geometry": { "type": "LineString", "coordinates": [ [ -70.5305, -40.7379 ], [ -70.5113, -40.7421 ], [ -70.5041, -40.7249 ] ] } },
{ "type": "Feature", "properties": { "nombre": "Camino sin nombre", "longitud_km": 0.33 }, "geometry": { "type": "LineString", "coordinates": [ [ -71.259, -41.1538 ], [ -71.2563, -41.1561 ] ] } },
{ "type": "Feature", "properties": { "nombre": "Camino sin nombre", "longitud_km": 0.06 }, "geometry": { "type": "LineString", "coordinates": [ [ -71.3415, -41.1851 ], [ -71.3407, -41.1851 ] ] } },
{ "type": "Feature", "properties": { "nombre": "Camino sin nombre", "longitud_km": 0.57 }, "geometry": { "type": "LineString", "coordinates": [ [ -68.0806, -38.829 ], [ -68.0779, -38.8243 ] ] } },
{ "type": "Feature", "properties": { "nombre": "Camino sin nombre", "longitud_km": 0.07 }, "geometry": { "type": "LineString", "coordinates": [ [ -71.3415, -41.1851 ], [ -71.3417, -41.1845 ] ] } },
{ "type": "Feature", "properties": { "nombre": "Camino sin nombre", "longitud_km": 0.05 }, "geometry": { "type": "LineString", "coordinates": [ [ -70.8667, -41.0011 ], [ -70.8662, -41.0012 ] ] } },
{ "type": "Feature", "properties": { "nombre": "Camino sin nombre", "longitud_km": 1.02 }, "geometry": { "type": "LineString", "coordinates": [ [ -67.7018, -39.0559 ], [ -67.7135, -39.0547 ] ] } },
{ "type": "Feature", "properties": { "nombre": "Camino sin nombre", "longitud_km": 3.98 }, "geometry": { "type": "LineString", "coordinates": [ [ -70.5403, -40.7786 ], [ -70.5624, -40.7703 ], [ -70.5694, -40.754 ] ] } },
{ "type": "Feature", "properties": { "nombre": "Camino sin nombre", "longitud_km": 0.22 }, "geometry": { "type": "LineString", "coordinates": [ [ -71.4106, -41.1224 ], [ -71.4131, -41.1224 ] ] } },
{ "type": "Feature", "properties": { "nombre": "Camino sin nombre", "longitud_km": 0.11 }, "geometry": { "type": "LineString", "coordinates": [ [ -71.4098, -41.1443 ], [ -71.4085, -41.1441 ] ] } },
{ "type": "Feature", "properties": { "nombre": "Camino sin nombre", "longitud_km": 0.23 }, "geometry": { "type": "LineString", "coordinates": [ [ -70.7098, -40.6829 ], [ -70.7071, -40.6826 ] ] } },
{ "type": "Feature", "properties": { "nombre": "Camino sin nombre", "longitud_km": 1.05 }, "geometry": { "type": "LineString", "coordinates": [ [ -71.3511, -41.1461 ], [ -71.3636, -41.1457 ] ] } },
{ "type": "Feature", "properties": { "nombre": "Camino sin nombre", "longitud_km": 10.51 }, "geometry": { "type": "LineString", "coordinates": [ [ -71.6553, -41.2675 ], [ -71.6226, -41.2777 ], [ -71.595, -41.2991 ], [ -71.5905, -41.3051 ], [ -71.593, -41.3111 ], [ -71.5779, -41.3333 ] ] } },
{ "type": "Feature", "properties": { "nombre": "Camino sin nombre", "longitud_km": 0.53 }, "geometry": { "type": "LineString", "coordinates": [ [ -67.9642, -38.8971 ], [ -67.9593, -38.9 ] ] } },
{ "type": "Feature", "properties": { "nombre": "Camino sin nombre", "longitud_km": 1.68 }, "geometry": { "type": "LineString", "coordinates": [ [ -68.0322, -38.9352 ], [ -68.0129, -38.9353 ] ] } },
{ "type": "Feature", "properties": { "nombre": "Camino sin nombre", "longitud_km": 2.21 }, "geometry": { "type": "LineString", "coordinates": [ [ -70.9877, -40.8487 ], [ -70.9837, -40.8416 ], [ -70.9912, -40.8309 ] ] } },
{ "type": "Feature", "properties": { "nombre": "Camino sin nombre", "longitud_km": 1.31 }, "geometry": { "type": "LineString", "coordinates": [ [ -71.51, -41.0758 ], [ -71.5075, -41.0875 ] ] } },
{ "type": "Feature", "properties": { "nombre": "Camino sin nombre", "longitud_km": 2.72 }, "geometry": { "type": "LineString", "coordinates": [ [ -70.6317, -40.8593 ], [ -70.6075, -40.8431 ] ] } },
{ "type": "Feature", "properties": { "nombre": "Camino sin nombre", "longitud_km": 0.24 }, "geometry": { "type": "LineString", "coordinates": [ [ -67.8895, -38.9736 ], [ -67.8902, -38.9757 ] ] } },
{ "type": "Feature", "properties": { "nombre": "Camino sin nombre", "longitud_km": 3.27 }, "geometry": { "type": "LineString", "coordinates": [ [ -71.0324, -40.8937 ], [ -71.0142, -40.8814 ], [ -71.0, -40.8835 ] ] } },
{ "type": "Feature", "properties": { "nombre": "Camino sin nombre", "longitud_km": 0.24 }, "geometry": { "type": "LineString", "coordinates": [ [ -71.5081, -41.0936 ], [ -71.5068, -41.0956 ] ] } },
{ "type": "Feature", "properties": { "nombre": "Camino sin nombre", "longitud_km": 0.15 }, "geometry": { "type": "LineString", "coordinates": [ [ -71.1656, -41.1446 ], [ -71.1638, -41.1449 ] ] } },
{ "type": "Feature", "properties": { "nombre": "Camino sin nombre", "longitud_km": 0.14 }, "geometry": { "type": "LineString", "coordinates": [ [ -71.3777, -41.1694 ], [ -71.3794, -41.1695 ] ] } },
{ "type": "Feature", "properties": { "nombre": "Camino sin nombre", "longitud_km": 0.85 }, "geometry": { "type": "LineString", "coordinates": [ [ -68.139, -37.6778 ], [ -68.1478, -37.6748 ] ] } },
{ "type": "Feature", "properties": { "nombre": "Camino sin nombre", "longitud_km": 0.24 }, "geometry": { "type": "LineString", "coordinates": [ [ -71.1504, -41.0581 ], [ -71.153, -41.0572 ] ] } },
{ "type": "Feature", "properties": { "nombre": "Camino sin nombre", "longitud_km": 0.44 }, "geometry": { "type": "LineString", "coordinates": [ [ -71.4278, -41.1322 ], [ -71.4225, -41.1316 ] ] } },
{ "type": "Feature", "properties": { "nombre": "Camino sin nombre", "longitud_km": 0.12 }, "geometry": { "type": "LineString", "coordinates": [ [ -70.815, -41.0 ], [ -70.8147, -41.0011 ] ] } },
{ "type": "Feature", "properties": { "nombre": "Camino sin nombre", "longitud_km": 0.77 }, "geometry": { "type": "LineString", "coordinates": [ [ -69.981, -40.1818 ], [ -69.9896, -40.1841 ] ] } },
{ "type": "Feature", "properties": { "nombre": "Camino sin nombre", "longitud_km": 0.22 }, "geometry": { "type": "LineString", "coordinates": [ [ -70.8035, -40.6667 ], [ -70.8017, -40.6653 ] ] } },
{ "type": "Feature", "properties": { "nombre": "Camino sin nombre", "longitud_km": 1.04 }, "geometry": { "type": "LineString", "coordinates": [ [ -71.3567, -41.1579 ], [ -71.351, -41.1604 ], [ -71.3553, -41.1575 ] ] } },
{ "type": "Feature", "properties": { "nombre": "Camino sin nombre", "longitud_km": 4.69 }, "geometry": { "type": "LineString", "coordinates": [ [ -68.1327, -38.5274 ], [ -68.0797, -38.5352 ] ] } },
{ "type": "Feature", "properties": { "nombre": "Camino sin nombre", "longitud_km": 1.49 }, "geometry": { "type": "LineString", "coordinates": [ [ -67.6763, -39.2508 ], [ -67.6608, -39.2565 ] ] } },
{ "type": "Feature", "properties": { "nombre": "Camino sin nombre", "longitud_km": 1.17 }, "geometry": { "type": "LineString", "coordinates": [ [ -71.2, -41.1052 ], [ -71.1862, -41.1068 ] ] } },
{ "type": "Feature", "properties": { "nombre": "Camino sin nombre", "longitud_km": 0.5 }, "geometry": { "type": "LineString", "coordinates": [ [ -67.631, -39.0331 ], [ -67.6364, -39.0315 ] ] } },
{ "type": "Feature", "properties": { "nombre": "Camino sin nombre", "longitud_km": 2.31 }, "geometry": { "type": "LineString", "coordinates": [ [ -70.5206, -40.9622 ], [ -70.5098, -40.9607 ], [ -70.5, -40.9506 ] ] } },
{ "type": "Feature", "properties": { "nombre": "Camino sin nombre", "longitud_km": 0.24 }, "geometry": { "type": "LineString", "coordinates": [ [ -67.8545, -38.9803 ], [ -67.8541, -38.9782 ] ] } },
{ "type": "Feature", "properties": { "nombre": "Camino sin nombre", "longitud_km": 0.14 }, "geometry": { "type": "LineString", "coordinates": [ [ -71.3622, -41.1641 ], [ -71.3635, -41.1633 ] ] } },
{ "type": "Feature", "properties": { "nombre": "Camino sin nombre", "longitud_km": 0.23 }, "geometry": { "type": "LineString", "coordinates": [ [ -71.3394, -41.1852 ], [ -71.3367, -41.1854 ] ] } },
{ "type": "Feature", "properties": { "nombre": "Camino sin nombre", "longitud_km": 3.35 }, "geometry": { "type": "LineString", "coordinates": [ [ -70.4046, -40.9784 ], [ -70.4419, -40.9679 ] ] } },
{ "type": "Feature", "properties": { "nombre": "Camino sin nombre", "longitud_km": 0.07 }, "geometry": { "type": "LineString", "coordinates": [ [ -68.2279, -37.6482 ], [ -68.2272, -37.6485 ] ] } },
{ "type": "Feature", "properties": { "nombre": "Camino sin nombre", "longitud_km": 0.04 }, "geometry": { "type": "LineString", "coordinates": [ [ -67.8205, -38.9894 ], [ -67.8204, -38.9891 ] ] } },
{ "type": "Feature", "properties": { "nombre": "Camino sin nombre", "longitud_km": 0.16 }, "geometry": { "type": "LineString", "coordinates": [ [ -70.7381, -40.7254 ], [ -70.738, -40.724 ] ] } },
{ "type": "Feature", "properties": { "nombre": "Camino sin nombre", "longitud_km": 1.99 }, "geometry": { "type": "LineString", "coordinates": [ [ -70.8132, -40.683 ], [ -70.8035, -40.6667 ] ] } },
{ "type": "Feature", "properties": { "nombre": "Camino sin nombre", "longitud_km": 0.1 }, "geometry": { "type": "LineString", "coordinates": [ [ -71.3377, -41.1926 ], [ -71.3383, -41.1918 ] ] } },
{ "type": "Feature", "properties": { "nombre": "Camino sin nombre", "longitud_km": 5.61 }, "geometry": { "type": "LineString", "coordinates": [ [ -70.6027, -40.6617 ], [ -70.605, -40.6508 ], [ -70.5962, -40.6449 ], [ -70.5752, -40.6399 ], [ -70.5572, -40.6416 ] ] } },
{ "type": "Feature", "properties": { "nombre": "Camino sin nombre", "longitud_km": 0.09 }, "geometry": { "type": "LineString", "coordinates": [ [ -71.2524, -41.1594 ], [ -71.2517, -41.16 ] ] } },
{ "type": "Feature", "properties": { "nombre": "Camino sin nombre", "longitud_km": 0.13 }, "geometry": { "type": "LineString", "coordinates": [ [ -71.3857, -41.1637 ], [ -71.3871, -41.1633 ] ] } },
{ "type": "Feature", "properties": { "nombre": "Camino sin nombre", "longitud_km": 0.43 }, "geometry": { "type": "LineString", "coordinates": [ [ -69.9774, -40.1791 ], [ -69.981, -40.1818 ] ] } },
{ "type": "Feature", "properties": { "nombre": "Camino sin nombre", "longitud_km": 0.2 }, "geometry": { "type": "LineString", "coordinates": [ [ -67.9695, -38.9785 ], [ -67.9689, -38.9767 ] ] } },
{ "type": "Feature", "properties": { "nombre": "Camino sin nombre", "longitud_km": 0.06 }, "geometry": { "type": "LineString", "coordinates": [ [ -71.3769, -41.1682 ], [ -71.3772, -41.1687 ] ] } },
{ "type": "Feature", "properties": { "nombre": "Camino sin nombre", "longitud_km": 0.05 }, "geometry": { "type": "LineString", "coordinates": [ [ -67.6906, -38.836 ], [ -67.691, -38.8363 ] ] } },
{ "type": "Feature", "properties": { "nombre": "Camino sin nombre", "longitud_km": 0.05 }, "geometry": { "type": "LineString", "coordinates": [ [ -67.808, -38.9807 ], [ -67.8075, -38.9808 ] ] } },
{ "type": "Feature", "properties": { "nombre": "Camino sin nombre", "longitud_km": 0.61 }, "geometry": { "type": "LineString", "coordinates": [ [ -68.0079, -38.9034 ], [ -68.0009, -38.9034 ] ] } },
{ "type": "Feature", "properties": { "nombre": "Camino sin nombre", "longitud_km": 4.28 }, "geometry": { "type": "LineString", "coordinates": [ [ -67.8804, -38.9082 ], [ -67.8316, -38.9143 ] ] } },
{ "type": "Feature", "properties": { "nombre": "Camino sin nombre", "longitud_km": 0.07 }, "geometry": { "type": "LineString", "coordinates": [ [ -67.5019, -39.0299 ], [ -67.502, -39.0305 ] ] } },
{ "type": "Feature", "properties": { "nombre": "Camino sin nombre", "longitud_km": 2.14 }, "geometry": { "type": "LineString", "coordinates": [ [ -70.7144, -40.9636 ], [ -70.7092, -40.9521 ], [ -70.711, -40.9451 ] ] } },
{ "type": "Feature", "properties": { "nombre": "Camino sin nombre", "longitud_km": 0.06 }, "geometry": { "type": "LineString", "coordinates": [ [ -71.3612, -41.1647 ], [ -71.3618, -41.1649 ] ] } },
{ "type": "Feature", "properties": { "nombre": "Camino sin nombre", "longitud_km": 0.15 }, "geometry": { "type": "LineString", "coordinates": [ [ -70.8017, -40.6653 ], [ -70.8003, -40.6645 ] ] } },
{ "type": "Feature", "properties": { "nombre": "Camino sin nombre", "longitud_km": 3.68 }, "geometry": { "type": "LineString", "coordinates": [ [ -70.6172, -40.8897 ], [ -70.623, -40.8852 ], [ -70.6379, -40.8849 ], [ -70.6391, -40.8786 ], [ -70.6504, -40.8751 ] ] } },
{ "type": "Feature", "properties": { "nombre": "Camino sin nombre", "longitud_km": 1.34 }, "geometry": { "type": "LineString", "coordinates": [ [ -68.0261, -37.7316 ], [ -68.0331, -37.7209 ] ] } },
{ "type": "Feature", "properties": { "nombre": "Camino sin nombre", "longitud_km": 7.57 }, "geometry": { "type": "LineString", "coordinates": [ [ -71.7724, -41.231 ], [ -71.7435, -41.2497 ], [ -71.7219, -41.2528 ], [ -71.7134, -41.2459 ], [ -71.6975, -41.2517 ] ] } },
{ "type": "Feature", "properties": { "nombre": "Camino sin nombre", "longitud_km": 1.06 }, "geometry": { "type": "LineString", "coordinates": [ [ -70.7155, -41.1242 ], [ -70.728, -41.1255 ] ] } },
{ "type": "Feature", "properties": { "nombre": "Camino sin nombre", "longitud_km": 0.13 }, "geometry": { "type": "LineString", "coordinates": [ [ -68.1574, -38.7198 ], [ -68.156, -38.7195 ] ] } },
{ "type": "Feature", "properties": { "nombre": "Camino sin nombre", "longitud_km": 0.11 }, "geometry": { "type": "LineString", "coordinates": [ [ -71.1429, -41.0712 ], [ -71.1431, -41.0721 ] ] } },
{ "type": "Feature", "properties": { "nombre": "Camino sin nombre", "longitud_km": 0.05 }, "geometry": { "type": "LineString", "coordinates": [ [ -71.3413, -41.1825 ], [ -71.341, -41.1829 ] ] } },
{ "type": "Feature", "properties": { "nombre": "Camino sin nombre", "longitud_km": 0.34 }, "geometry": { "type": "LineString", "coordinates": [ [ -67.9476, -38.9674 ], [ -67.9471, -38.9644 ] ] } },
{ "type": "Feature", "properties": { "nombre": "Camino sin nombre", "longitud_km": 0.1 }, "geometry": { "type": "LineString", "coordinates": [ [ -71.3735, -41.1442 ], [ -71.3744, -41.1447 ] ] } },
{ "type": "Feature", "properties": { "nombre": "Camino sin nombre", "longitud_km": 0.17 }, "geometry": { "type": "LineString", "coordinates": [ [ -71.4082, -41.1486 ], [ -71.4061, -41.1485 ] ] } },
{ "type": "Feature", "properties": { "nombre": "Camino sin nombre", "longitud_km": 1.09 }, "geometry": { "type": "LineString", "coordinates": [ [ -71.0376, -41.0592 ], [ -71.038, -41.069 ] ] } },
{ "type": "Feature", "properties": { "nombre": "Camino sin nombre", "longitud_km": 0.05 }, "geometry": { "type": "LineString", "coordinates": [ [ -71.037, -41.069 ], [ -71.0366, -41.0687 ] ] } },
{ "type": "Feature", "properties": { "nombre": "Camino sin nombre", "longitud_km": 0.52 }, "geometry": { "type": "LineString", "coordinates": [ [ -67.7566, -39.0305 ], [ -67.7625, -39.0298 ] ] } },
{ "type": "Feature", "properties": { "nombre": "Camino sin nombre", "longitud_km": 0.28 }, "geometry": { "type": "LineString", "coordinates": [ [ -68.1824, -37.6633 ], [ -68.1795, -37.6643 ] ] } },
{ "type": "Feature", "properties": { "nombre": "Camino sin nombre", "longitud_km": 0.17 }, "geometry": { "type": "LineString", "coordinates": [ [ -71.3397, -41.1959 ], [ -71.338, -41.1951 ] ] } },
{ "type": "Feature", "properties": { "nombre": "Camino sin nombre", "longitud_km": 1.04 }, "geometry": { "type": "LineString", "coordinates": [ [ -70.8869, -40.9165 ], [ -70.8841, -40.9073 ] ] } },
{ "type": "Feature", "properties": { "nombre": "Camino sin nombre", "longitud_km": 1.59 }, "geometry": { "type": "LineString", "coordinates": [ [ -71.0234, -41.0823 ], [ -71.0304, -41.0811 ], [ -71.0337, -41.0726 ] ] } },
{ "type": "Feature", "properties": { "nombre": "Camino sin nombre", "longitud_km": 0.07 }, "geometry": { "type": "LineString", "coordinates": [ [ -71.4077, -41.153 ], [ -71.4085, -41.1532 ] ] } },
{ "type": "Feature", "properties": { "nombre": "Camino sin nombre", "longitud_km": 1.71 }, "geometry": { "type": "LineString", "coordinates": [ [ -71.0362, -41.0702 ], [ -71.0167, -41.0657 ] ] } },
{ "type": "Feature", "properties": { "nombre": "Camino sin nombre", "longitud_km": 0.33 }, "geometry": { "type": "LineString", "coordinates": [ [ -71.0337, -41.0726 ], [ -71.0362, -41.0702 ] ] } },
{ "type": "Feature", "properties": { "nombre": "Camino sin nombre", "longitud_km": 5.05 }, "geometry": { "type": "LineString", "coordinates": [ [ -70.735, -41.0 ], [ -70.7164, -40.9922 ], [ -70.707, -40.9738 ], [ -70.7158, -40.9668 ] ] } },
{ "type": "Feature", "properties": { "nombre": "Camino sin nombre", "longitud_km": 6.32 }, "geometry": { "type": "LineString", "coordinates": [ [ -70.5369, -40.8363 ], [ -70.5517, -40.8059 ], [ -70.5498, -40.8016 ], [ -70.5737, -40.7935 ] ] } },
{ "type": "Feature", "properties": { "nombre": "Camino sin nombre", "longitud_km": 0.3 }, "geometry": { "type": "LineString", "coordinates": [ [ -68.2253, -37.6491 ], [ -68.2221, -37.6501 ] ] } },
{ "type": "Feature", "properties": { "nombre": "Camino sin nombre", "longitud_km": 3.98 }, "geometry": { "type": "LineString", "coordinates": [ [ -70.9294, -40.852 ], [ -70.9382, -40.8641 ], [ -70.9535, -40.8717 ], [ -70.9555, -40.8798 ] ] } },
{ "type": "Feature", "properties": { "nombre": "Camino sin nombre", "longitud_km": 0.7 }, "geometry": { "type": "LineString", "coordinates": [ [ -71.011, -41.0611 ], [ -71.0167, -41.0657 ] ] } },
{ "type": "Feature", "properties": { "nombre": "Camino sin nombre", "longitud_km": 0.61 }, "geometry": { "type": "LineString", "coordinates": [ [ -71.1491, -41.0924 ], [ -71.149, -41.0869 ] ] } },
{ "type": "Feature", "properties": { "nombre": "Camino sin nombre", "longitud_km": 0.0 }, "geometry": { "type": "LineString", "coordinates": [ ] } },
{ "type": "Feature", "properties": { "nombre": "Camino sin nombre", "longitud_km": 0.17 }, "geometry": { "type": "LineString", "coordinates": [ [ -71.2033, -41.105 ], [ -71.2013, -41.1046 ] ] } },
{ "type": "Feature", "properties": { "nombre": "Camino sin nombre", "longitud_km": 0.2 }, "geometry": { "type": "LineString", "coordinates": [ [ -71.038, -41.069 ], [ -71.0362, -41.0702 ] ] } },
{ "type": "Feature", "properties": { "nombre": "Camino sin nombre", "longitud_km": 0.01 }, "geometry": { "type": "LineString", "coordinates": [ [ -71.011, -41.061 ], [ -71.011, -41.0611 ] ] } },
{ "type": "Feature", "properties": { "nombre": "Camino sin nombre", "longitud_km": 0.4 }, "geometry": { "type": "LineString", "coordinates": [ [ -67.5309, -39.0178 ], [ -67.5352, -39.0165 ] ] } },
{ "type": "Feature", "properties": { "nombre": "Camino sin nombre", "longitud_km": 1.71 }, "geometry": { "type": "LineString", "coordinates": [ [ -71.0167, -41.0657 ], [ -71.0362, -41.0702 ] ] } },
{ "type": "Feature", "properties": { "nombre": "Camino sin nombre", "longitud_km": 0.56 }, "geometry": { "type": "LineString", "coordinates": [ [ -71.011, -41.057 ], [ -71.0175, -41.0559 ] ] } },
{ "type": "Feature", "properties": { "nombre": "Camino sin nombre", "longitud_km": 0.03 }, "geometry": { "type": "LineString", "coordinates": [ [ -71.0376, -41.0589 ], [ -71.0376, -41.0592 ] ] } },
{ "type": "Feature", "properties": { "nombre": "Camino sin nombre", "longitud_km": 0.23 }, "geometry": { "type": "LineString", "coordinates": [ [ -70.8419, -41.0568 ], [ -70.8414, -41.0588 ] ] } },
{ "type": "Feature", "properties": { "nombre": "Camino sin nombre", "longitud_km": 0.08 }, "geometry": { "type": "LineString", "coordinates": [ [ -68.0922, -38.7544 ], [ -68.0921, -38.7551 ] ] } },
{ "type": "Feature", "properties": { "nombre": "Camino sin nombre", "longitud_km": 1.09 }, "geometry": { "type": "LineString", "coordinates": [ [ -68.5779, -39.1414 ], [ -68.5747, -39.1508 ] ] } },
{ "type": "Feature", "properties": { "nombre": "Camino sin nombre", "longitud_km": 0.19 }, "geometry": { "type": "LineString", "coordinates": [ [ -71.4278, -41.1189 ], [ -71.4299, -41.1183 ] ] } },
{ "type": "Feature", "properties": { "nombre": "Camino sin nombre", "longitud_km": 0.05 }, "geometry": { "type": "LineString", "coordinates": [ [ -68.1786, -37.6646 ], [ -68.178, -37.6648 ] ] } },
{ "type": "Feature", "properties": { "nombre": "Camino sin nombre", "longitud_km": 0.37 }, "geometry": { "type": "LineString", "coordinates": [ [ -71.3862, -41.1685 ], [ -71.3823, -41.167 ] ] } },
{ "type": "Feature", "properties": { "nombre": "Camino sin nombre", "longitud_km": 1.02 }, "geometry": { "type": "LineString", "coordinates": [ [ -67.614, -39.0956 ], [ -67.616, -39.1046 ] ] } },
{ "type": "Feature", "properties": { "nombre": "Camino sin nombre", "longitud_km": 0.08 }, "geometry": { "type": "LineString", "coordinates": [ [ -67.9498, -38.9282 ], [ -67.9489, -38.9282 ] ] } },
{ "type": "Feature", "properties": { "nombre": "Camino sin nombre", "longitud_km": 0.04 }, "geometry": { "type": "LineString", "coordinates": [ [ -70.6224, -40.6663 ], [ -70.6223, -40.6667 ] ] } },
{ "type": "Feature", "properties": { "nombre": "Camino sin nombre", "longitud_km": 0.45 }, "geometry": { "type": "LineString", "coordinates": [ [ -67.9716, -38.9589 ], [ -67.9766, -38.9577 ] ] } },
{ "type": "Feature", "properties": { "nombre": "Camino sin nombre", "longitud_km": 0.36 }, "geometry": { "type": "LineString", "coordinates": [ [ -70.885, -41.003 ], [ -70.8832, -41.0 ] ] } },
{ "type": "Feature", "properties": { "nombre": "Camino sin nombre", "longitud_km": 0.05 }, "geometry": { "type": "LineString", "coordinates": [ [ -67.9489, -38.9282 ], [ -67.9483, -38.9282 ] ] } },
{ "type": "Feature", "properties": { "nombre": "Camino sin nombre", "longitud_km": 0.41 }, "geometry": { "type": "LineString", "coordinates": [ [ -67.9489, -38.9282 ], [ -67.9488, -38.9319 ] ] } },
{ "type": "Feature", "properties": { "nombre": "Camino sin nombre", "longitud_km": 0.09 }, "geometry": { "type": "LineString", "coordinates": [ [ -71.5096, -41.0933 ], [ -71.5086, -41.0935 ] ] } },
{ "type": "Feature", "properties": { "nombre": "Camino sin nombre", "longitud_km": 0.09 }, "geometry": { "type": "LineString", "coordinates": [ [ -70.5265, -41.0229 ], [ -70.526, -41.0236 ] ] } },
{ "type": "Feature", "properties": { "nombre": "Camino sin nombre", "longitud_km": 0.11 }, "geometry": { "type": "LineString", "coordinates": [ [ -71.3407, -41.1851 ], [ -71.3394, -41.1852 ] ] } },
{ "type": "Feature", "properties": { "nombre": "Camino sin nombre", "longitud_km": 0.4 }, "geometry": { "type": "LineString", "coordinates": [ [ -70.7963, -41.1079 ], [ -70.8011, -41.108 ] ] } },
{ "type": "Feature", "properties": { "nombre": "Camino sin nombre", "longitud_km": 0.25 }, "geometry": { "type": "LineString", "coordinates": [ [ -70.7941, -40.6653 ], [ -70.7918, -40.6667 ] ] } },
{ "type": "Feature", "properties": { "nombre": "Camino sin nombre", "longitud_km": 1.29 }, "geometry": { "type": "LineString", "coordinates": [ [ -70.687, -40.8508 ], [ -70.6875, -40.8466 ], [ -70.6972, -40.8468 ] ] } },
{ "type": "Feature", "properties": { "nombre": "Camino sin nombre", "longitud_km": 0.5 }, "geometry": { "type": "LineString", "coordinates": [ [ -71.1492, -41.0589 ], [ -71.1438, -41.057 ] ] } },
{ "type": "Feature", "properties": { "nombre": "Camino sin nombre", "longitud_km": 0.3 }, "geometry": { "type": "LineString", "coordinates": [ [ -71.3663, -41.1764 ], [ -71.3662, -41.1737 ] ] } },
{ "type": "Feature", "properties": { "nombre": "Camino sin nombre", "longitud_km": 0.1 }, "geometry": { "type": "LineString", "coordinates": [ [ -71.3859, -41.165 ], [ -71.3847, -41.1647 ] ] } },
{ "type": "Feature", "properties": { "nombre": "Camino sin nombre", "longitud_km": 0.1 }, "geometry": { "type": "LineString", "coordinates": [ [ -68.0348, -37.7201 ], [ -68.0358, -37.7198 ] ] } },
{ "type": "Feature", "properties": { "nombre": "Camino sin nombre", "longitud_km": 0.1 }, "geometry": { "type": "LineString", "coordinates": [ [ -71.3622, -41.1641 ], [ -71.3612, -41.1647 ] ] } },
{ "type": "Feature", "properties": { "nombre": "Camino sin nombre", "longitud_km": 0.08 }, "geometry": { "type": "LineString", "coordinates": [ [ -68.0009, -38.9034 ], [ -68.0, -38.9034 ] ] } },
{ "type": "Feature", "properties": { "nombre": "Camino sin nombre", "longitud_km": 1.13 }, "geometry": { "type": "LineString", "coordinates": [ [ -70.6516, -40.9443 ], [ -70.6387, -40.9473 ] ] } },
{ "type": "Feature", "properties": { "nombre": "Camino sin nombre", "longitud_km": 2.56 }, "geometry": { "type": "LineString", "coordinates": [ [ -68.1616, -38.5232 ], [ -68.1327, -38.5274 ] ] } },
{ "type": "Feature", "properties": { "nombre": "Camino sin nombre", "longitud_km": 0.76 }, "geometry": { "type": "LineString", "coordinates": [ [ -68.573, -39.1356 ], [ -68.5779, -39.1414 ] ] } },
{ "type": "Feature", "properties": { "nombre": "Camino sin nombre", "longitud_km": 0.35 }, "geometry": { "type": "LineString", "coordinates": [ [ -71.3703, -41.1647 ], [ -71.3699, -41.1615 ] ] } },
{ "type": "Feature", "properties": { "nombre": "Camino sin nombre", "longitud_km": 1.81 }, "geometry": { "type": "LineString", "coordinates": [ [ -70.815, -41.0 ], [ -70.8208, -40.9843 ] ] } },
{ "type": "Feature", "properties": { "nombre": "Camino sin nombre", "longitud_km": 0.03 }, "geometry": { "type": "LineString", "coordinates": [ [ -71.3869, -41.1743 ], [ -71.3865, -41.1743 ] ] } },
{ "type": "Feature", "properties": { "nombre": "Camino sin nombre", "longitud_km": 6.03 }, "geometry": { "type": "LineString", "coordinates": [ [ -67.5125, -38.8287 ], [ -67.5641, -38.8651 ] ] } },
{ "type": "Feature", "properties": { "nombre": "Camino sin nombre", "longitud_km": 0.14 }, "geometry": { "type": "LineString", "coordinates": [ [ -71.361, -41.1604 ], [ -71.3612, -41.1592 ] ] } },
{ "type": "Feature", "properties": { "nombre": "Camino sin nombre", "longitud_km": 0.32 }, "geometry": { "type": "LineString", "coordinates": [ [ -67.9488, -38.986 ], [ -67.9523, -38.9849 ] ] } },
{ "type": "Feature", "properties": { "nombre": "Camino sin nombre", "longitud_km": 0.86 }, "geometry": { "type": "LineString", "coordinates": [ [ -67.9273, -38.9895 ], [ -67.9175, -38.9908 ] ] } },
{ "type": "Feature", "properties": { "nombre": "Camino sin nombre", "longitud_km": 0.11 }, "geometry": { "type": "LineString", "coordinates": [ [ -71.4229, -41.1089 ], [ -71.4242, -41.1091 ] ] } },
{ "type": "Feature", "properties": { "nombre": "Camino sin nombre", "longitud_km": 0.66 }, "geometry": { "type": "LineString", "coordinates": [ [ -71.4332, -41.1414 ], [ -71.4294, -41.1362 ] ] } },
{ "type": "Feature", "properties": { "nombre": "Camino sin nombre", "longitud_km": 3.42 }, "geometry": { "type": "LineString", "coordinates": [ [ -68.0243, -38.9035 ], [ -68.0637, -38.9034 ] ] } },
{ "type": "Feature", "properties": { "nombre": "Camino sin nombre", "longitud_km": 0.08 }, "geometry": { "type": "LineString", "coordinates": [ [ -71.363, -41.1625 ], [ -71.3637, -41.162 ] ] } },
{ "type": "Feature", "properties": { "nombre": "Camino sin nombre", "longitud_km": 0.05 }, "geometry": { "type": "LineString", "coordinates": [ [ -68.1497, -38.7179 ], [ -68.1494, -38.7175 ] ] } },
{ "type": "Feature", "properties": { "nombre": "Camino sin nombre", "longitud_km": 0.22 }, "geometry": { "type": "LineString", "coordinates": [ [ -71.3908, -41.1731 ], [ -71.3884, -41.1725 ] ] } },
{ "type": "Feature", "properties": { "nombre": "Camino sin nombre", "longitud_km": 0.14 }, "geometry": { "type": "LineString", "coordinates": [ [ -71.2454, -41.1199 ], [ -71.2445, -41.121 ] ] } },
{ "type": "Feature", "properties": { "nombre": "Camino sin nombre", "longitud_km": 0.63 }, "geometry": { "type": "LineString", "coordinates": [ [ -67.5246, -39.0241 ], [ -67.5174, -39.025 ] ] } },
{ "type": "Feature", "properties": { "nombre": "Camino sin nombre", "longitud_km": 1.03 }, "geometry": { "type": "LineString", "coordinates": [ [ -67.6297, -39.056 ], [ -67.6316, -39.0651 ] ] } },
{ "type": "Feature", "properties": { "nombre": "Camino sin nombre", "longitud_km": 0.66 }, "geometry": { "type": "LineString", "coordinates": [ [ -71.4584, -41.0653 ], [ -71.4628, -41.0604 ] ] } },
{ "type": "Feature", "properties": { "nombre": "Camino sin nombre", "longitud_km": 0.14 }, "geometry": { "type": "LineString", "coordinates": [ [ -67.8297, -38.9763 ], [ -67.8281, -38.9766 ] ] } },
{ "type": "Feature", "properties": { "nombre": "Camino sin nombre", "longitud_km": 0.7 }, "geometry": { "type": "LineString", "coordinates": [ [ -68.0978, -38.798 ], [ -68.0905, -38.8006 ] ] } },
{ "type": "Feature", "properties": { "nombre": "Camino sin nombre", "longitud_km": 0.53 }, "geometry": { "type": "LineString", "coordinates": [ [ -70.5959, -40.5844 ], [ -70.6002, -40.581 ] ] } },
{ "type": "Feature", "properties": { "nombre": "Camino sin nombre", "longitud_km": 0.41 }, "geometry": { "type": "LineString", "coordinates": [ [ -71.3361, -41.1942 ], [ -71.3397, -41.1917 ] ] } },
{ "type": "Feature", "properties": { "nombre": "Camino sin nombre", "longitud_km": 19.75 }, "geometry": { "type": "LineString", "coordinates": [ [ -68.0699, -38.5139 ], [ -68.1432, -38.4652 ], [ -68.196, -38.4212 ], [ -68.2277, -38.4443 ], [ -68.2349, -38.4385 ] ] } },
{ "type": "Feature", "properties": { "nombre": "Camino sin nombre", "longitud_km": 0.52 }, "geometry": { "type": "LineString", "coordinates": [ [ -68.2499, -37.6409 ], [ -68.2445, -37.6427 ] ] } },
{ "type": "Feature", "properties": { "nombre": "Camino sin nombre", "longitud_km": 1.21 }, "geometry": { "type": "LineString", "coordinates": [ [ -67.957, -38.9696 ], [ -67.9559, -38.963 ], [ -67.9611, -38.9617 ] ] } },
{ "type": "Feature", "properties": { "nombre": "Camino sin nombre", "longitud_km": 0.5 }, "geometry": { "type": "LineString", "coordinates": [ [ -67.961, -38.9615 ], [ -67.9666, -38.9601 ] ] } },
{ "type": "Feature", "properties": { "nombre": "Camino sin nombre", "longitud_km": 0.53 }, "geometry": { "type": "LineString", "coordinates": [ [ -70.613, -40.5792 ], [ -70.607, -40.5808 ] ] } },
{ "type": "Feature", "properties": { "nombre": "Camino sin nombre", "longitud_km": 2.22 }, "geometry": { "type": "LineString", "coordinates": [ [ -70.6582, -41.0077 ], [ -70.6554, -41.0193 ], [ -70.6448, -41.0177 ] ] } },
{ "type": "Feature", "properties": { "nombre": "Camino sin nombre", "longitud_km": 1.43 }, "geometry": { "type": "LineString", "coordinates": [ [ -70.6946, -40.9484 ], [ -70.711, -40.9451 ] ] } },
{ "type": "Feature", "properties": { "nombre": "Camino sin nombre", "longitud_km": 0.16 }, "geometry": { "type": "LineString", "coordinates": [ [ -67.9753, -38.9034 ], [ -67.9734, -38.9034 ] ] } },
{ "type": "Feature", "properties": { "nombre": "Camino sin nombre", "longitud_km": 0.28 }, "geometry": { "type": "LineString", "coordinates": [ [ -67.9734, -38.9034 ], [ -67.9702, -38.9034 ] ] } },
{ "type": "Feature", "properties": { "nombre": "Camino sin nombre", "longitud_km": 0.33 }, "geometry": { "type": "LineString", "coordinates": [ [ -71.3791, -41.1664 ], [ -71.3818, -41.1685 ] ] } },
{ "type": "Feature", "properties": { "nombre": "Camino sin nombre", "longitud_km": 0.08 }, "geometry": { "type": "LineString", "coordinates": [ [ -67.8233, -38.9621 ], [ -67.8242, -38.9619 ] ] } },
{ "type": "Feature", "properties": { "nombre": "Camino sin nombre", "longitud_km": 0.04 }, "geometry": { "type": "LineString", "coordinates": [ [ -71.3905, -41.1703 ], [ -71.3901, -41.1701 ] ] } },
{ "type": "Feature", "properties": { "nombre": "Camino sin nombre", "longitud_km": 0.49 }, "geometry": { "type": "LineString", "coordinates": [ [ -71.4066, -41.1553 ], [ -71.408, -41.1596 ] ] } },
{ "type": "Feature", "properties": { "nombre": "Camino sin nombre", "longitud_km": 0.07 }, "geometry": { "type": "LineString", "coordinates": [ [ -67.6319, -39.0369 ], [ -67.6318, -39.0363 ] ] } },
{ "type": "Feature", "properties": { "nombre": "Camino sin nombre", "longitud_km": 1.49 }, "geometry": { "type": "LineString", "coordinates": [ [ -67.7816, -38.6795 ], [ -67.7867, -38.6667 ] ] } },
{ "type": "Feature", "properties": { "nombre": "Camino sin nombre", "longitud_km": 3.27 }, "geometry": { "type": "LineString", "coordinates": [ [ -70.6401, -40.7461 ], [ -70.6357, -40.7389 ], [ -70.6436, -40.7183 ] ] } },
{ "type": "Feature", "properties": { "nombre": "Camino sin nombre", "longitud_km": 2.98 }, "geometry": { "type": "LineString", "coordinates": [ [ -68.0, -38.7932 ], [ -67.9694, -38.7811 ] ] } },
{ "type": "Feature", "properties": { "nombre": "Camino sin nombre", "longitud_km": 4.06 }, "geometry": { "type": "LineString", "coordinates": [ [ -70.9825, -40.6961 ], [ -70.9838, -40.6886 ], [ -70.9757, -40.6861 ], [ -70.9748, -40.6768 ], [ -70.959, -40.6719 ] ] } },
{ "type": "Feature", "properties": { "nombre": "Camino sin nombre", "longitud_km": 0.2 }, "geometry": { "type": "LineString", "coordinates": [ [ -71.3371, -41.1838 ], [ -71.3376, -41.1821 ] ] } },
{ "type": "Feature", "properties": { "nombre": "Camino sin nombre", "longitud_km": 0.44 }, "geometry": { "type": "LineString", "coordinates": [ [ -71.436, -41.1459 ], [ -71.4365, -41.1419 ] ] } },
{ "type": "Feature", "properties": { "nombre": "Camino sin nombre", "longitud_km": 0.21 }, "geometry": { "type": "LineString", "coordinates": [ [ -67.7917, -39.0238 ], [ -67.792, -39.0257 ] ] } },
{ "type": "Feature", "properties": { "nombre": "Camino sin nombre", "longitud_km": 0.38 }, "geometry": { "type": "LineString", "coordinates": [ [ -71.3372, -41.1872 ], [ -71.3407, -41.1851 ] ] } },
{ "type": "Feature", "properties": { "nombre": "Camino sin nombre", "longitud_km": 0.22 }, "geometry": { "type": "LineString", "coordinates": [ [ -67.8785, -38.9773 ], [ -67.8789, -38.9792 ] ] } },
{ "type": "Feature", "properties": { "nombre": "Camino sin nombre", "longitud_km": 1.03 }, "geometry": { "type": "LineString", "coordinates": [ [ -67.6393, -39.1017 ], [ -67.6509, -39.0998 ] ] } },
{ "type": "Feature", "properties": { "nombre": "Camino sin nombre", "longitud_km": 0.1 }, "geometry": { "type": "LineString", "coordinates": [ [ -71.3408, -41.1833 ], [ -71.3403, -41.1841 ] ] } },
{ "type": "Feature", "properties": { "nombre": "Camino sin nombre", "longitud_km": 0.49 }, "geometry": { "type": "LineString", "coordinates": [ [ -71.2563, -41.1561 ], [ -71.2524, -41.1594 ] ] } },
{ "type": "Feature", "properties": { "nombre": "Camino sin nombre", "longitud_km": 0.29 }, "geometry": { "type": "LineString", "coordinates": [ [ -71.1621, -41.1443 ], [ -71.1656, -41.1446 ] ] } },
{ "type": "Feature", "properties": { "nombre": "Camino sin nombre", "longitud_km": 1.02 }, "geometry": { "type": "LineString", "coordinates": [ [ -67.5946, -39.0605 ], [ -67.6062, -39.059 ] ] } },
{ "type": "Feature", "properties": { "nombre": "Camino sin nombre", "longitud_km": 0.62 }, "geometry": { "type": "LineString", "coordinates": [ [ -71.3747, -41.1619 ], [ -71.3799, -41.1659 ] ] } },
{ "type": "Feature", "properties": { "nombre": "Camino sin nombre", "longitud_km": 0.7 }, "geometry": { "type": "LineString", "coordinates": [ [ -71.3937, -41.1672 ], [ -71.3871, -41.1633 ] ] } },
{ "type": "Feature", "properties": { "nombre": "Camino sin nombre", "longitud_km": 0.79 }, "geometry": { "type": "LineString", "coordinates": [ [ -71.0407, -41.0522 ], [ -71.0376, -41.0589 ] ] } },
{ "type": "Feature", "properties": { "nombre": "Camino sin nombre", "longitud_km": 0.29 }, "geometry": { "type": "LineString", "coordinates": [ [ -67.9401, -38.9848 ], [ -67.9407, -38.9873 ] ] } },
{ "type": "Feature", "properties": { "nombre": "Camino sin nombre", "longitud_km": 0.15 }, "geometry": { "type": "LineString", "coordinates": [ [ -67.8903, -39.0766 ], [ -67.8919, -39.0763 ] ] } },
{ "type": "Feature", "properties": { "nombre": "Camino sin nombre", "longitud_km": 0.58 }, "geometry": { "type": "LineString", "coordinates": [ [ -71.3871, -41.1633 ], [ -71.3813, -41.1605 ] ] } },
{ "type": "Feature", "properties": { "nombre": "Camino sin nombre", "longitud_km": 0.49 }, "geometry": { "type": "LineString", "coordinates": [ [ -68.1236, -38.7325 ], [ -68.1253, -38.7367 ] ] } },
{ "type": "Feature", "properties": { "nombre": "Camino sin nombre", "longitud_km": 0.84 }, "geometry": { "type": "LineString", "coordinates": [ [ -67.9771, -38.8959 ], [ -67.9753, -38.9034 ] ] } },
{ "type": "Feature", "properties": { "nombre": "Camino sin nombre", "longitud_km": 2.07 }, "geometry": { "type": "LineString", "coordinates": [ [ -67.6693, -38.9593 ], [ -67.6688, -38.9407 ] ] } },
{ "type": "Feature", "properties": { "nombre": "Camino sin nombre", "longitud_km": 0.06 }, "geometry": { "type": "LineString", "coordinates": [ [ -71.1976, -41.1031 ], [ -71.1975, -41.1026 ] ] } },
{ "type": "Feature", "properties": { "nombre": "Camino sin nombre", "longitud_km": 0.05 }, "geometry": { "type": "LineString", "coordinates": [ [ -71.5101, -41.0954 ], [ -71.5105, -41.0952 ] ] } },
{ "type": "Feature", "properties": { "nombre": "Camino sin nombre", "longitud_km": 0.12 }, "geometry": { "type": "LineString", "coordinates": [ [ -70.0302, -40.5181 ], [ -70.03, -40.5191 ] ] } },
{ "type": "Feature", "properties": { "nombre": "Camino sin nombre", "longitud_km": 0.33 }, "geometry": { "type": "LineString", "coordinates": [ [ -71.3779, -41.1715 ], [ -71.3745, -41.1701 ] ] } },
{ "type": "Feature", "properties": { "nombre": "Camino sin nombre", "longitud_km": 0.75 }, "geometry": { "type": "LineString", "coordinates": [ [ -70.7114, -40.6747 ], [ -70.7147, -40.6685 ] ] } },
{ "type": "Feature", "properties": { "nombre": "Camino sin nombre", "longitud_km": 0.1 }, "geometry": { "type": "LineString", "coordinates": [ [ -71.3618, -41.1611 ], [ -71.361, -41.1604 ] ] } },
{ "type": "Feature", "properties": { "nombre": "Camino sin nombre", "longitud_km": 0.06 }, "geometry": { "type": "LineString", "coordinates": [ [ -71.3878, -41.1699 ], [ -71.3873, -41.1696 ] ] } },
{ "type": "Feature", "properties": { "nombre": "Camino sin nombre", "longitud_km": 0.03 }, "geometry": { "type": "LineString", "coordinates": [ [ -71.3609, -41.1637 ], [ -71.3607, -41.1635 ] ] } },
{ "type": "Feature", "properties": { "nombre": "Camino sin nombre", "longitud_km": 0.99 }, "geometry": { "type": "LineString", "coordinates": [ [ -70.7183, -40.8955 ], [ -70.71, -40.8892 ] ] } },
{ "type": "Feature", "properties": { "nombre": "Camino sin nombre", "longitud_km": 0.17 }, "geometry": { "type": "LineString", "coordinates": [ [ -71.3937, -41.1672 ], [ -71.3926, -41.1685 ] ] } },
{ "type": "Feature", "properties": { "nombre": "Camino sin nombre", "longitud_km": 0.17 }, "geometry": { "type": "LineString", "coordinates": [ [ -67.8586, -38.9985 ], [ -67.8589, -39.0 ] ] } },
{ "type": "Feature", "properties": { "nombre": "Camino sin nombre", "longitud_km": 0.52 }, "geometry": { "type": "LineString", "coordinates": [ [ -67.9325, -38.9396 ], [ -67.9321, -38.935 ] ] } },
{ "type": "Feature", "properties": { "nombre": "Camino sin nombre", "longitud_km": 0.19 }, "geometry": { "type": "LineString", "coordinates": [ [ -71.366, -41.168 ], [ -71.3662, -41.1663 ] ] } },
{ "type": "Feature", "properties": { "nombre": "Camino sin nombre", "longitud_km": 0.76 }, "geometry": { "type": "LineString", "coordinates": [ [ -67.9154, -38.9818 ], [ -67.9139, -38.9751 ] ] } },
{ "type": "Feature", "properties": { "nombre": "Camino sin nombre", "longitud_km": 0.77 }, "geometry": { "type": "LineString", "coordinates": [ [ -70.8953, -41.2017 ], [ -70.8993, -41.2079 ] ] } },
{ "type": "Feature", "properties": { "nombre": "Camino sin nombre", "longitud_km": 0.06 }, "geometry": { "type": "LineString", "coordinates": [ [ -71.3829, -41.1726 ], [ -71.3821, -41.1726 ] ] } },
{ "type": "Feature", "properties": { "nombre": "Camino sin nombre", "longitud_km": 1.45 }, "geometry": { "type": "LineString", "coordinates": [ [ -70.6003, -40.8046 ], [ -70.5875, -40.7959 ] ] } },
{ "type": "Feature", "properties": { "nombre": "Camino sin nombre", "longitud_km": 0.05 }, "geometry": { "type": "LineString", "coordinates": [ [ -70.6026, -40.6621 ], [ -70.6027, -40.6617 ] ] } },
{ "type": "Feature", "properties": { "nombre": "Camino sin nombre", "longitud_km": 0.38 }, "geometry": { "type": "LineString", "coordinates": [ [ -68.2221, -37.6501 ], [ -68.2181, -37.6515 ] ] } },
{ "type": "Feature", "properties": { "nombre": "Camino sin nombre", "longitud_km": 0.52 }, "geometry": { "type": "LineString", "coordinates": [ [ -67.8902, -38.9757 ], [ -67.891, -38.9803 ] ] } },
{ "type": "Feature", "properties": { "nombre": "Camino sin nombre", "longitud_km": 0.53 }, "geometry": { "type": "LineString", "coordinates": [ [ -71.3751, -41.1597 ], [ -71.3813, -41.1605 ] ] } },
{ "type": "Feature", "properties": { "nombre": "Camino sin nombre", "longitud_km": 1.05 }, "geometry": { "type": "LineString", "coordinates": [ [ -70.879, -41.1926 ], [ -70.891, -41.1953 ] ] } },
{ "type": "Feature", "properties": { "nombre": "Camino sin nombre", "longitud_km": 0.42 }, "geometry": { "type": "LineString", "coordinates": [ [ -69.5012, -40.2136 ], [ -69.5, -40.2099 ] ] } },
{ "type": "Feature", "properties": { "nombre": "Camino sin nombre", "longitud_km": 0.05 }, "geometry": { "type": "LineString", "coordinates": [ [ -68.0597, -37.7111 ], [ -68.0602, -37.7109 ] ] } },
{ "type": "Feature", "properties": { "nombre": "Camino sin nombre", "longitud_km": 0.09 }, "geometry": { "type": "LineString", "coordinates": [ [ -68.0094, -38.9528 ], [ -68.0084, -38.9526 ] ] } },
{ "type": "Feature", "properties": { "nombre": "Camino sin nombre", "longitud_km": 0.47 }, "geometry": { "type": "LineString", "coordinates": [ [ -68.2445, -37.6427 ], [ -68.2395, -37.6444 ] ] } },
{ "type": "Feature", "properties": { "nombre": "Camino sin nombre", "longitud_km": 0.09 }, "geometry": { "type": "LineString", "coordinates": [ [ -70.8182, -40.9664 ], [ -70.8175, -40.9658 ] ] } },
{ "type": "Feature", "properties": { "nombre": "Camino sin nombre", "longitud_km": 0.5 }, "geometry": { "type": "LineString", "coordinates": [ [ -67.959, -38.9555 ], [ -67.9647, -38.9544 ] ] } },
{ "type": "Feature", "properties": { "nombre": "Camino sin nombre", "longitud_km": 0.14 }, "geometry": { "type": "LineString", "coordinates": [ [ -71.373, -41.1695 ], [ -71.3715, -41.1689 ] ] } },
{ "type": "Feature", "properties": { "nombre": "Camino sin nombre", "longitud_km": 0.21 }, "geometry": { "type": "LineString", "coordinates": [ [ -71.34, -41.1914 ], [ -71.3403, -41.1895 ] ] } },
{ "type": "Feature", "properties": { "nombre": "Camino sin nombre", "longitud_km": 2.82 }, "geometry": { "type": "LineString", "coordinates": [ [ -70.4679, -40.9648 ], [ -70.5, -40.9722 ] ] } },
{ "type": "Feature", "properties": { "nombre": "Camino sin nombre", "longitud_km": 0.1 }, "geometry": { "type": "LineString", "coordinates": [ [ -67.6009, -39.0087 ], [ -67.6007, -39.0078 ] ] } },
{ "type": "Feature", "properties": { "nombre": "Camino sin nombre", "longitud_km": 0.04 }, "geometry": { "type": "LineString", "coordinates": [ [ -71.3608, -41.1645 ], [ -71.3612, -41.1647 ] ] } },
{ "type": "Feature", "properties": { "nombre": "Camino sin nombre", "longitud_km": 1.41 }, "geometry": { "type": "LineString", "coordinates": [ [ -68.0831, -38.7894 ], [ -68.0905, -38.8006 ] ] } },
{ "type": "Feature", "properties": { "nombre": "Camino sin nombre", "longitud_km": 0.11 }, "geometry": { "type": "LineString", "coordinates": [ [ -71.2473, -41.121 ], [ -71.2481, -41.1203 ] ] } },
{ "type": "Feature", "properties": { "nombre": "Camino sin nombre", "longitud_km": 0.35 }, "geometry": { "type": "LineString", "coordinates": [ [ -71.2704, -41.16 ], [ -71.2728, -41.1574 ] ] } },
{ "type": "Feature", "properties": { "nombre": "Camino sin nombre", "longitud_km": 2.25 }, "geometry": { "type": "LineString", "coordinates": [ [ -70.8147, -41.0011 ], [ -70.7881, -41.0031 ] ] } },
{ "type": "Feature", "properties": { "nombre": "Camino sin nombre", "longitud_km": 0.15 }, "geometry": { "type": "LineString", "coordinates": [ [ -71.3417, -41.1845 ], [ -71.3408, -41.1833 ] ] } },
{ "type": "Feature", "properties": { "nombre": "Camino sin nombre", "longitud_km": 2.45 }, "geometry": { "type": "LineString", "coordinates": [ [ -70.607, -40.5808 ], [ -70.613, -40.583 ], [ -70.6225, -40.5984 ] ] } },
{ "type": "Feature", "properties": { "nombre": "Camino sin nombre", "longitud_km": 0.37 }, "geometry": { "type": "LineString", "coordinates": [ [ -71.145, -41.0936 ], [ -71.1491, -41.0924 ] ] } },
{ "type": "Feature", "properties": { "nombre": "Camino sin nombre", "longitud_km": 0.39 }, "geometry": { "type": "LineString", "coordinates": [ [ -71.5315, -41.0581 ], [ -71.5314, -41.0546 ] ] } },
{ "type": "Feature", "properties": { "nombre": "Camino sin nombre", "longitud_km": 0.57 }, "geometry": { "type": "LineString", "coordinates": [ [ -68.1719, -38.6826 ], [ -68.172, -38.6878 ] ] } },
{ "type": "Feature", "properties": { "nombre": "Camino sin nombre", "longitud_km": 0.34 }, "geometry": { "type": "LineString", "coordinates": [ [ -67.9017, -38.9742 ], [ -67.9012, -38.9712 ] ] } },
{ "type": "Feature", "properties": { "nombre": "Camino sin nombre", "longitud_km": 0.31 }, "geometry": { "type": "LineString", "coordinates": [ [ -71.3811, -41.1728 ], [ -71.3779, -41.1715 ] ] } },
{ "type": "Feature", "properties": { "nombre": "Camino sin nombre", "longitud_km": 0.5 }, "geometry": { "type": "LineString", "coordinates": [ [ -68.093, -38.7509 ], [ -68.089, -38.7542 ] ] } },
{ "type": "Feature", "properties": { "nombre": "Camino sin nombre", "longitud_km": 0.12 }, "geometry": { "type": "LineString", "coordinates": [ [ -71.1488, -41.064 ], [ -71.1501, -41.0644 ] ] } },
{ "type": "Feature", "properties": { "nombre": "Camino sin nombre", "longitud_km": 1.03 }, "geometry": { "type": "LineString", "coordinates": [ [ -67.7155, -39.0639 ], [ -67.7272, -39.0623 ] ] } },
{ "type": "Feature", "properties": { "nombre": "Camino sin nombre", "longitud_km": 0.8 }, "geometry": { "type": "LineString", "coordinates": [ [ -67.7901, -39.0167 ], [ -67.7917, -39.0238 ] ] } },
{ "type": "Feature", "properties": { "nombre": "Camino sin nombre", "longitud_km": 0.82 }, "geometry": { "type": "LineString", "coordinates": [ [ -70.9912, -40.8309 ], [ -70.9815, -40.8321 ] ] } },
{ "type": "Feature", "properties": { "nombre": "Camino sin nombre", "longitud_km": 0.21 }, "geometry": { "type": "LineString", "coordinates": [ [ -71.341, -41.1829 ], [ -71.3387, -41.1824 ] ] } },
{ "type": "Feature", "properties": { "nombre": "Camino sin nombre", "longitud_km": 0.27 }, "geometry": { "type": "LineString", "coordinates": [ [ -71.3403, -41.1841 ], [ -71.3371, -41.1838 ] ] } },
{ "type": "Feature", "properties": { "nombre": "Camino sin nombre", "longitud_km": 0.26 }, "geometry": { "type": "LineString", "coordinates": [ [ -67.721, -39.0327 ], [ -67.7214, -39.035 ] ] } },
{ "type": "Feature", "properties": { "nombre": "Camino sin nombre", "longitud_km": 0.17 }, "geometry": { "type": "LineString", "coordinates": [ [ -71.3674, -41.161 ], [ -71.3691, -41.16 ] ] } },
{ "type": "Feature", "properties": { "nombre": "Camino sin nombre", "longitud_km": 0.08 }, "geometry": { "type": "LineString", "coordinates": [ [ -71.4142, -41.1316 ], [ -71.4149, -41.132 ] ] } },
{ "type": "Feature", "properties": { "nombre": "Camino sin nombre", "longitud_km": 1.28 }, "geometry": { "type": "LineString", "coordinates": [ [ -71.347, -41.1814 ], [ -71.3354, -41.174 ] ] } },
{ "type": "Feature", "properties": { "nombre": "Camino sin nombre", "longitud_km": 0.19 }, "geometry": { "type": "LineString", "coordinates": [ [ -71.338, -41.1951 ], [ -71.3361, -41.1942 ] ] } },
{ "type": "Feature", "properties": { "nombre": "Camino sin nombre", "longitud_km": 2.14 }, "geometry": { "type": "LineString", "coordinates": [ [ -70.5694, -40.5681 ], [ -70.5905, -40.5786 ] ] } },
{ "type": "Feature", "properties": { "nombre": "Camino sin nombre", "longitud_km": 0.03 }, "geometry": { "type": "LineString", "coordinates": [ [ -71.3846, -41.164 ], [ -71.3843, -41.164 ] ] } },
{ "type": "Feature", "properties": { "nombre": "Camino sin nombre", "longitud_km": 0.08 }, "geometry": { "type": "LineString", "coordinates": [ [ -71.3769, -41.1682 ], [ -71.3761, -41.1678 ] ] } },
{ "type": "Feature", "properties": { "nombre": "Camino sin nombre", "longitud_km": 0.26 }, "geometry": { "type": "LineString", "coordinates": [ [ -71.2003, -41.1052 ], [ -71.2026, -41.1068 ] ] } },
{ "type": "Feature", "properties": { "nombre": "Camino sin nombre", "longitud_km": 1.03 }, "geometry": { "type": "LineString", "coordinates": [ [ -67.698, -39.038 ], [ -67.7097, -39.0365 ] ] } },
{ "type": "Feature", "properties": { "nombre": "Camino sin nombre", "longitud_km": 0.04 }, "geometry": { "type": "LineString", "coordinates": [ [ -67.9757, -38.9034 ], [ -67.9753, -38.9034 ] ] } },
{ "type": "Feature", "properties": { "nombre": "Camino sin nombre", "longitud_km": 0.53 }, "geometry": { "type": "LineString", "coordinates": [ [ -68.2181, -37.6515 ], [ -68.2126, -37.6533 ] ] } },
{ "type": "Feature", "properties": { "nombre": "Camino sin nombre", "longitud_km": 0.22 }, "geometry": { "type": "LineString", "coordinates": [ [ -67.5961, -39.0084 ], [ -67.5984, -39.0075 ] ] } },
{ "type": "Feature", "properties": { "nombre": "Camino sin nombre", "longitud_km": 0.14 }, "geometry": { "type": "LineString", "coordinates": [ [ -71.3949, -41.1681 ], [ -71.3937, -41.1672 ] ] } },
{ "type": "Feature", "properties": { "nombre": "Camino sin nombre", "longitud_km": 0.46 }, "geometry": { "type": "LineString", "coordinates": [ [ -68.2388, -37.6446 ], [ -68.234, -37.6462 ] ] } },
{ "type": "Feature", "properties": { "nombre": "Camino sin nombre", "longitud_km": 0.18 }, "geometry": { "type": "LineString", "coordinates": [ [ -71.4353, -41.1418 ], [ -71.4332, -41.1414 ] ] } },
{ "type": "Feature", "properties": { "nombre": "Camino sin nombre", "longitud_km": 0.1 }, "geometry": { "type": "LineString", "coordinates": [ [ -71.2407, -41.1196 ], [ -71.2412, -41.1188 ] ] } },
{ "type": "Feature", "properties": { "nombre": "Camino sin nombre", "longitud_km": 0.18 }, "geometry": { "type": "LineString", "coordinates": [ [ -71.2433, -41.1191 ], [ -71.2412, -41.1188 ] ] } },
{ "type": "Feature", "properties": { "nombre": "Camino sin nombre", "longitud_km": 1.02 }, "geometry": { "type": "LineString", "coordinates": [ [ -67.6666, -39.0605 ], [ -67.6686, -39.0696 ] ] } },
{ "type": "Feature", "properties": { "nombre": "Camino sin nombre", "longitud_km": 0.11 }, "geometry": { "type": "LineString", "coordinates": [ [ -71.3396, -41.1811 ], [ -71.3402, -41.1802 ] ] } },
{ "type": "Feature", "properties": { "nombre": "Camino sin nombre", "longitud_km": 0.08 }, "geometry": { "type": "LineString", "coordinates": [ [ -68.2272, -37.6485 ], [ -68.2263, -37.6487 ] ] } },
{ "type": "Feature", "properties": { "nombre": "Camino sin nombre", "longitud_km": 1.04 }, "geometry": { "type": "LineString", "coordinates": [ [ -67.6588, -39.0802 ], [ -67.6608, -39.0894 ] ] } },
{ "type": "Feature", "properties": { "nombre": "Camino sin nombre", "longitud_km": 0.49 }, "geometry": { "type": "LineString", "coordinates": [ [ -68.1276, -37.6815 ], [ -68.1327, -37.6798 ] ] } },
{ "type": "Feature", "properties": { "nombre": "Camino sin nombre", "longitud_km": 1.78 }, "geometry": { "type": "LineString", "coordinates": [ [ -67.7817, -38.9436 ], [ -67.7989, -38.9523 ] ] } },
{ "type": "Feature", "properties": { "nombre": "Camino sin nombre", "longitud_km": 0.27 }, "geometry": { "type": "LineString", "coordinates": [ [ -71.3426, -41.185 ], [ -71.3444, -41.1829 ] ] } },
{ "type": "Feature", "properties": { "nombre": "Camino sin nombre", "longitud_km": 1.02 }, "geometry": { "type": "LineString", "coordinates": [ [ -67.6785, -39.0593 ], [ -67.6802, -39.0684 ] ] } },
{ "type": "Feature", "properties": { "nombre": "Camino sin nombre", "longitud_km": 1.0 }, "geometry": { "type": "LineString", "coordinates": [ [ -67.936, -38.9693 ], [ -67.9247, -38.9712 ] ] } },
{ "type": "Feature", "properties": { "nombre": "Camino sin nombre", "longitud_km": 0.1 }, "geometry": { "type": "LineString", "coordinates": [ [ -71.3665, -41.1615 ], [ -71.3674, -41.161 ] ] } },
{ "type": "Feature", "properties": { "nombre": "Camino sin nombre", "longitud_km": 0.5 }, "geometry": { "type": "LineString", "coordinates": [ [ -67.6109, -39.0207 ], [ -67.6166, -39.02 ] ] } },
{ "type": "Feature", "properties": { "nombre": "Camino sin nombre", "longitud_km": 1.05 }, "geometry": { "type": "LineString", "coordinates": [ [ -67.5883, -39.0893 ], [ -67.6003, -39.0879 ] ] } },
{ "type": "Feature", "properties": { "nombre": "Camino sin nombre", "longitud_km": 2.45 }, "geometry": { "type": "LineString", "coordinates": [ [ -70.7144, -40.9636 ], [ -70.7039, -40.9595 ], [ -70.6946, -40.9484 ] ] } },
{ "type": "Feature", "properties": { "nombre": "Camino sin nombre", "longitud_km": 0.07 }, "geometry": { "type": "LineString", "coordinates": [ [ -67.8545, -38.9803 ], [ -67.8537, -38.9804 ] ] } },
{ "type": "Feature", "properties": { "nombre": "Camino sin nombre", "longitud_km": 1.78 }, "geometry": { "type": "LineString", "coordinates": [ [ -70.8933, -40.915 ], [ -70.9141, -40.9123 ] ] } },
{ "type": "Feature", "properties": { "nombre": "Camino sin nombre", "longitud_km": 0.68 }, "geometry": { "type": "LineString", "coordinates": [ [ -71.1312, -41.0808 ], [ -71.132, -41.0869 ] ] } },
{ "type": "Feature", "properties": { "nombre": "Camino sin nombre", "longitud_km": 0.3 }, "geometry": { "type": "LineString", "coordinates": [ [ -68.0358, -37.7198 ], [ -68.0389, -37.7187 ] ] } },
{ "type": "Feature", "properties": { "nombre": "Camino sin nombre", "longitud_km": 0.11 }, "geometry": { "type": "LineString", "coordinates": [ [ -71.4247, -41.1126 ], [ -71.4235, -41.113 ] ] } },
{ "type": "Feature", "properties": { "nombre": "Camino sin nombre", "longitud_km": 1.06 }, "geometry": { "type": "LineString", "coordinates": [ [ -70.5229, -41.0078 ], [ -70.5124, -41.0026 ] ] } },
{ "type": "Feature", "properties": { "nombre": "Camino sin nombre", "longitud_km": 0.47 }, "geometry": { "type": "LineString", "coordinates": [ [ -71.4294, -41.1362 ], [ -71.4278, -41.1322 ] ] } },
{ "type": "Feature", "properties": { "nombre": "Camino sin nombre", "longitud_km": 0.26 }, "geometry": { "type": "LineString", "coordinates": [ [ -67.9175, -38.9908 ], [ -67.9169, -38.9885 ] ] } },
{ "type": "Feature", "properties": { "nombre": "Camino sin nombre", "longitud_km": 3.32 }, "geometry": { "type": "LineString", "coordinates": [ [ -70.5, -40.6576 ], [ -70.5116, -40.6451 ], [ -70.528, -40.6375 ] ] } },
{ "type": "Feature", "properties": { "nombre": "Camino sin nombre", "longitud_km": 2.77 }, "geometry": { "type": "LineString", "coordinates": [ [ -68.1914, -38.693 ], [ -68.1596, -38.6931 ] ] } },
{ "type": "Feature", "properties": { "nombre": "Camino sin nombre", "longitud_km": 0.57 }, "geometry": { "type": "LineString", "coordinates": [ [ -69.9822, -40.0076 ], [ -69.9839, -40.0126 ] ] } },
{ "type": "Feature", "properties": { "nombre": "Camino sin nombre", "longitud_km": 1.01 }, "geometry": { "type": "LineString", "coordinates": [ [ -67.5638, -38.9936 ], [ -67.5554, -39.0 ] ] } },
{ "type": "Feature", "properties": { "nombre": "Camino sin nombre", "longitud_km": 0.21 }, "geometry": { "type": "LineString", "coordinates": [ [ -70.7276, -41.1188 ], [ -70.7275, -41.1207 ] ] } },
{ "type": "Feature", "properties": { "nombre": "Camino sin nombre", "longitud_km": 1.05 }, "geometry": { "type": "LineString", "coordinates": [ [ -68.211, -37.6538 ], [ -68.2001, -37.6575 ] ] } },
{ "type": "Feature", "properties": { "nombre": "Camino sin nombre", "longitud_km": 1.24 }, "geometry": { "type": "LineString", "coordinates": [ [ -70.7454, -41.0 ], [ -70.7494, -40.9892 ] ] } },
{ "type": "Feature", "properties": { "nombre": "Camino sin nombre", "longitud_km": 0.02 }, "geometry": { "type": "LineString", "coordinates": [ [ -71.3746, -41.1687 ], [ -71.3743, -41.1688 ] ] } },
{ "type": "Feature", "properties": { "nombre": "Camino sin nombre", "longitud_km": 0.66 }, "geometry": { "type": "LineString", "coordinates": [ [ -70.7245, -40.767 ], [ -70.7172, -40.7649 ] ] } },
{ "type": "Feature", "properties": { "nombre": "Camino sin nombre", "longitud_km": 0.03 }, "geometry": { "type": "LineString", "coordinates": [ [ -67.792, -39.0257 ], [ -67.7921, -39.0259 ] ] } },
{ "type": "Feature", "properties": { "nombre": "Camino sin nombre", "longitud_km": 2.21 }, "geometry": { "type": "LineString", "coordinates": [ [ -70.9141, -40.9123 ], [ -70.94, -40.9088 ] ] } },
{ "type": "Feature", "properties": { "nombre": "Camino sin nombre", "longitud_km": 0.15 }, "geometry": { "type": "LineString", "coordinates": [ [ -71.4215, -41.1117 ], [ -71.4201, -41.1109 ] ] } },
{ "type": "Feature", "properties": { "nombre": "Camino sin nombre", "longitud_km": 0.09 }, "geometry": { "type": "LineString", "coordinates": [ [ -71.3387, -41.1824 ], [ -71.3376, -41.1821 ] ] } },
{ "type": "Feature", "properties": { "nombre": "Camino sin nombre", "longitud_km": 1.03 }, "geometry": { "type": "LineString", "coordinates": [ [ -67.7135, -39.0547 ], [ -67.7155, -39.0639 ] ] } },
{ "type": "Feature", "properties": { "nombre": "Camino sin nombre", "longitud_km": 3.28 }, "geometry": { "type": "LineString", "coordinates": [ [ -70.9096, -40.6922 ], [ -70.9303, -40.6799 ], [ -70.9283, -40.6705 ] ] } },
{ "type": "Feature", "properties": { "nombre": "Camino sin nombre", "longitud_km": 0.22 }, "geometry": { "type": "LineString", "coordinates": [ [ -70.7355, -40.7256 ], [ -70.7381, -40.7254 ] ] } },
{ "type": "Feature", "properties": { "nombre": "Camino sin nombre", "longitud_km": 0.41 }, "geometry": { "type": "LineString", "coordinates": [ [ -67.8467, -39.0 ], [ -67.8475, -39.0036 ] ] } },
{ "type": "Feature", "properties": { "nombre": "Camino sin nombre", "longitud_km": 0.62 }, "geometry": { "type": "LineString", "coordinates": [ [ -67.833, -38.9924 ], [ -67.8319, -38.9869 ] ] } },
{ "type": "Feature", "properties": { "nombre": "Camino sin nombre", "longitud_km": 3.35 }, "geometry": { "type": "LineString", "coordinates": [ [ -70.4647, -40.6734 ], [ -70.4771, -40.6795 ], [ -70.4845, -40.6976 ] ] } },
{ "type": "Feature", "properties": { "nombre": "Camino sin nombre", "longitud_km": 0.2 }, "geometry": { "type": "LineString", "coordinates": [ [ -71.2, -41.1052 ], [ -71.1978, -41.1046 ] ] } },
{ "type": "Feature", "properties": { "nombre": "Camino sin nombre", "longitud_km": 3.73 }, "geometry": { "type": "LineString", "coordinates": [ [ -67.6342, -38.9111 ], [ -67.6613, -38.9206 ], [ -67.6701, -38.9284 ] ] } },
{ "type": "Feature", "properties": { "nombre": "Camino sin nombre", "longitud_km": 0.94 }, "geometry": { "type": "LineString", "coordinates": [ [ -67.9165, -38.9404 ], [ -67.9273, -38.9396 ] ] } },
{ "type": "Feature", "properties": { "nombre": "Camino sin nombre", "longitud_km": 0.08 }, "geometry": { "type": "LineString", "coordinates": [ [ -71.1438, -41.059 ], [ -71.1439, -41.0583 ] ] } },
{ "type": "Feature", "properties": { "nombre": "Camino sin nombre", "longitud_km": 0.29 }, "geometry": { "type": "LineString", "coordinates": [ [ -71.3808, -41.1641 ], [ -71.3843, -41.164 ] ] } },
{ "type": "Feature", "properties": { "nombre": "Camino sin nombre", "longitud_km": 0.2 }, "geometry": { "type": "LineString", "coordinates": [ [ -71.1965, -41.1046 ], [ -71.1957, -41.1029 ] ] } },
{ "type": "Feature", "properties": { "nombre": "Camino sin nombre", "longitud_km": 0.09 }, "geometry": { "type": "LineString", "coordinates": [ [ -71.3799, -41.1659 ], [ -71.3791, -41.1664 ] ] } },
{ "type": "Feature", "properties": { "nombre": "Camino sin nombre", "longitud_km": 1.4 }, "geometry": { "type": "LineString", "coordinates": [ [ -70.892, -40.9322 ], [ -70.8858, -40.9205 ] ] } },
{ "type": "Feature", "properties": { "nombre": "Camino sin nombre", "longitud_km": 0.1 }, "geometry": { "type": "LineString", "coordinates": [ [ -71.3665, -41.1615 ], [ -71.3674, -41.161 ] ] } },
{ "type": "Feature", "properties": { "nombre": "Camino sin nombre", "longitud_km": 0.05 }, "geometry": { "type": "LineString", "coordinates": [ [ -67.5777, -39.0227 ], [ -67.5776, -39.0223 ] ] } },
{ "type": "Feature", "properties": { "nombre": "Camino sin nombre", "longitud_km": 0.06 }, "geometry": { "type": "LineString", "coordinates": [ [ -71.3815, -41.1723 ], [ -71.3811, -41.1728 ] ] } },
{ "type": "Feature", "properties": { "nombre": "Camino sin nombre", "longitud_km": 0.4 }, "geometry": { "type": "LineString", "coordinates": [ [ -71.1483, -41.064 ], [ -71.1479, -41.0604 ] ] } },
{ "type": "Feature", "properties": { "nombre": "Camino sin nombre", "longitud_km": 0.53 }, "geometry": { "type": "LineString", "coordinates": [ [ -67.7938, -39.0333 ], [ -67.7947, -39.038 ] ] } },
{ "type": "Feature", "properties": { "nombre": "Camino sin nombre", "longitud_km": 0.21 }, "geometry": { "type": "LineString", "coordinates": [ [ -71.3869, -41.1743 ], [ -71.389, -41.1734 ] ] } },
{ "type": "Feature", "properties": { "nombre": "Camino sin nombre", "longitud_km": 0.21 }, "geometry": { "type": "LineString", "coordinates": [ [ -67.935, -38.9305 ], [ -67.9348, -38.9286 ] ] } },
{ "type": "Feature", "properties": { "nombre": "Camino sin nombre", "longitud_km": 0.08 }, "geometry": { "type": "LineString", "coordinates": [ [ -71.038, -41.069 ], [ -71.037, -41.069 ] ] } },
{ "type": "Feature", "properties": { "nombre": "Camino sin nombre", "longitud_km": 1.35 }, "geometry": { "type": "LineString", "coordinates": [ [ -70.8257, -40.6543 ], [ -70.826, -40.6421 ] ] } },
{ "type": "Feature", "properties": { "nombre": "Camino sin nombre", "longitud_km": 0.02 }, "geometry": { "type": "LineString", "coordinates": [ [ -67.8069, -38.9815 ], [ -67.8069, -38.9817 ] ] } },
{ "type": "Feature", "properties": { "nombre": "Camino sin nombre", "longitud_km": 0.07 }, "geometry": { "type": "LineString", "coordinates": [ [ -71.5075, -41.0875 ], [ -71.5075, -41.0881 ] ] } },
{ "type": "Feature", "properties": { "nombre": "Camino sin nombre", "longitud_km": 1.2 }, "geometry": { "type": "LineString", "coordinates": [ [ -70.9596, -40.6667 ], [ -70.9669, -40.6574 ] ] } },
{ "type": "Feature", "properties": { "nombre": "Camino sin nombre", "longitud_km": 0.0 }, "geometry": { "type": "LineString", "coordinates": [ ] } },
{ "type": "Feature", "properties": { "nombre": "Camino sin nombre", "longitud_km": 0.67 }, "geometry": { "type": "LineString", "coordinates": [ [ -67.5964, -39.073 ], [ -67.5979, -39.0789 ] ] } },
{ "type": "Feature", "properties": { "nombre": "Camino sin nombre", "longitud_km": 0.63 }, "geometry": { "type": "LineString", "coordinates": [ [ -71.1438, -41.059 ], [ -71.1431, -41.0647 ] ] } },
{ "type": "Feature", "properties": { "nombre": "Camino sin nombre", "longitud_km": 1.71 }, "geometry": { "type": "LineString", "coordinates": [ [ -71.0, -40.7792 ], [ -71.0112, -40.7788 ], [ -71.0141, -40.7723 ] ] } },
{ "type": "Feature", "properties": { "nombre": "Camino sin nombre", "longitud_km": 0.38 }, "geometry": { "type": "LineString", "coordinates": [ [ -70.6946, -40.9484 ], [ -70.69, -40.9484 ] ] } },
{ "type": "Feature", "properties": { "nombre": "Camino sin nombre", "longitud_km": 0.44 }, "geometry": { "type": "LineString", "coordinates": [ [ -71.3279, -41.1865 ], [ -71.327, -41.1905 ] ] } },
{ "type": "Feature", "properties": { "nombre": "Camino sin nombre", "longitud_km": 1.04 }, "geometry": { "type": "LineString", "coordinates": [ [ -67.6316, -39.0651 ], [ -67.6433, -39.0634 ] ] } },
{ "type": "Feature", "properties": { "nombre": "Camino sin nombre", "longitud_km": 0.06 }, "geometry": { "type": "LineString", "coordinates": [ [ -71.4838, -41.056 ], [ -71.4844, -41.0563 ] ] } },
{ "type": "Feature", "properties": { "nombre": "Camino sin nombre", "longitud_km": 1.03 }, "geometry": { "type": "LineString", "coordinates": [ [ -67.7253, -39.0531 ], [ -67.7272, -39.0623 ] ] } },
{ "type": "Feature", "properties": { "nombre": "Camino sin nombre", "longitud_km": 0.52 }, "geometry": { "type": "LineString", "coordinates": [ [ -67.9633, -38.9828 ], [ -67.9618, -38.9783 ] ] } },
{ "type": "Feature", "properties": { "nombre": "Camino sin nombre", "longitud_km": 0.15 }, "geometry": { "type": "LineString", "coordinates": [ [ -71.3921, -41.1702 ], [ -71.393, -41.169 ] ] } },
{ "type": "Feature", "properties": { "nombre": "Camino sin nombre", "longitud_km": 0.04 }, "geometry": { "type": "LineString", "coordinates": [ [ -71.3743, -41.1684 ], [ -71.3746, -41.1687 ] ] } },
{ "type": "Feature", "properties": { "nombre": "Camino sin nombre", "longitud_km": 0.05 }, "geometry": { "type": "LineString", "coordinates": [ [ -71.1497, -41.0586 ], [ -71.1492, -41.0589 ] ] } },
{ "type": "Feature", "properties": { "nombre": "Camino sin nombre", "longitud_km": 0.21 }, "geometry": { "type": "LineString", "coordinates": [ [ -71.3394, -41.1852 ], [ -71.337, -41.1849 ] ] } },
{ "type": "Feature", "properties": { "nombre": "Camino sin nombre", "longitud_km": 0.58 }, "geometry": { "type": "LineString", "coordinates": [ [ -68.234, -37.6462 ], [ -68.2279, -37.6482 ] ] } },
{ "type": "Feature", "properties": { "nombre": "Camino sin nombre", "longitud_km": 0.21 }, "geometry": { "type": "LineString", "coordinates": [ [ -71.389, -41.1734 ], [ -71.3869, -41.1743 ] ] } },
{ "type": "Feature", "properties": { "nombre": "Camino sin nombre", "longitud_km": 0.14 }, "geometry": { "type": "LineString", "coordinates": [ [ -71.5086, -41.0961 ], [ -71.5101, -41.0954 ] ] } },
{ "type": "Feature", "properties": { "nombre": "Camino sin nombre", "longitud_km": 0.05 }, "geometry": { "type": "LineString", "coordinates": [ [ -71.3846, -41.1642 ], [ -71.3847, -41.1647 ] ] } },
{ "type": "Feature", "properties": { "nombre": "Camino sin nombre", "longitud_km": 1.03 }, "geometry": { "type": "LineString", "coordinates": [ [ -67.6415, -39.0544 ], [ -67.6532, -39.053 ] ] } },
{ "type": "Feature", "properties": { "nombre": "Camino sin nombre", "longitud_km": 0.07 }, "geometry": { "type": "LineString", "coordinates": [ [ -67.8194, -38.9634 ], [ -67.8202, -38.9632 ] ] } },
{ "type": "Feature", "properties": { "nombre": "Camino sin nombre", "longitud_km": 0.13 }, "geometry": { "type": "LineString", "coordinates": [ [ -71.2427, -41.1202 ], [ -71.2433, -41.1191 ] ] } },
{ "type": "Feature", "properties": { "nombre": "Camino sin nombre", "longitud_km": 9.05 }, "geometry": { "type": "LineString", "coordinates": [ [ -67.7701, -39.2148 ], [ -67.7273, -39.2349 ], [ -67.6763, -39.2508 ] ] } },
{ "type": "Feature", "properties": { "nombre": "Camino sin nombre", "longitud_km": 1.71 }, "geometry": { "type": "LineString", "coordinates": [ [ -70.6405, -40.7188 ], [ -70.6525, -40.7064 ] ] } },
{ "type": "Feature", "properties": { "nombre": "Camino sin nombre", "longitud_km": 0.26 }, "geometry": { "type": "LineString", "coordinates": [ [ -70.7271, -40.8895 ], [ -70.7301, -40.8902 ] ] } },
{ "type": "Feature", "properties": { "nombre": "Camino sin nombre", "longitud_km": 0.31 }, "geometry": { "type": "LineString", "coordinates": [ [ -67.8946, -38.9973 ], [ -67.8952, -39.0 ] ] } },
{ "type": "Feature", "properties": { "nombre": "Camino sin nombre", "longitud_km": 0.19 }, "geometry": { "type": "LineString", "coordinates": [ [ -67.5009, -39.0253 ], [ -67.5006, -39.0237 ] ] } },
{ "type": "Feature", "properties": { "nombre": "Camino sin nombre", "longitud_km": 0.09 }, "geometry": { "type": "LineString", "coordinates": [ [ -67.5009, -39.0253 ], [ -67.5011, -39.0261 ] ] } },
{ "type": "Feature", "properties": { "nombre": "Camino sin nombre", "longitud_km": 1.02 }, "geometry": { "type": "LineString", "coordinates": [ [ -67.5342, -39.0118 ], [ -67.5457, -39.0097 ] ] } },
{ "type": "Feature", "properties": { "nombre": "Camino sin nombre", "longitud_km": 0.14 }, "geometry": { "type": "LineString", "coordinates": [ [ -67.5448, -39.0137 ], [ -67.5435, -39.0145 ] ] } },
{ "type": "Feature", "properties": { "nombre": "Camino sin nombre", "longitud_km": 0.3 }, "geometry": { "type": "LineString", "coordinates": [ [ -67.5498, -39.0108 ], [ -67.5515, -39.0131 ] ] } },
{ "type": "Feature", "properties": { "nombre": "Camino sin nombre", "longitud_km": 0.06 }, "geometry": { "type": "LineString", "coordinates": [ [ -67.5515, -39.0131 ], [ -67.5518, -39.0136 ] ] } },
{ "type": "Feature", "properties": { "nombre": "Camino sin nombre", "longitud_km": 0.58 }, "geometry": { "type": "LineString", "coordinates": [ [ -71.3403, -41.1895 ], [ -71.344, -41.1851 ] ] } },
{ "type": "Feature", "properties": { "nombre": "Camino sin nombre", "longitud_km": 0.38 }, "geometry": { "type": "LineString", "coordinates": [ [ -67.554, -39.01 ], [ -67.5527, -39.0133 ] ] } },
{ "type": "Feature", "properties": { "nombre": "Camino sin nombre", "longitud_km": 0.17 }, "geometry": { "type": "LineString", "coordinates": [ [ -67.559, -39.0122 ], [ -67.5576, -39.0112 ] ] } },
{ "type": "Feature", "properties": { "nombre": "Camino sin nombre", "longitud_km": 0.16 }, "geometry": { "type": "LineString", "coordinates": [ [ -67.5548, -39.0086 ], [ -67.5547, -39.01 ] ] } },
{ "type": "Feature", "properties": { "nombre": "Camino sin nombre", "longitud_km": 0.09 }, "geometry": { "type": "LineString", "coordinates": [ [ -71.5077, -41.0964 ], [ -71.5078, -41.0972 ] ] } },
{ "type": "Feature", "properties": { "nombre": "Camino sin nombre", "longitud_km": 0.15 }, "geometry": { "type": "LineString", "coordinates": [ [ -67.5564, -39.0102 ], [ -67.5547, -39.01 ] ] } },
{ "type": "Feature", "properties": { "nombre": "Camino sin nombre", "longitud_km": 0.24 }, "geometry": { "type": "LineString", "coordinates": [ [ -71.3823, -41.167 ], [ -71.3799, -41.1659 ] ] } },
{ "type": "Feature", "properties": { "nombre": "Camino sin nombre", "longitud_km": 0.24 }, "geometry": { "type": "LineString", "coordinates": [ [ -67.5564, -39.0102 ], [ -67.5548, -39.0086 ] ] } },
{ "type": "Feature", "properties": { "nombre": "Camino sin nombre", "longitud_km": 0.05 }, "geometry": { "type": "LineString", "coordinates": [ [ -67.5548, -39.0086 ], [ -67.5543, -39.0082 ] ] } },
{ "type": "Feature", "properties": { "nombre": "Camino sin nombre", "longitud_km": 2.65 }, "geometry": { "type": "LineString", "coordinates": [ [ -70.7704, -41.1342 ], [ -70.7391, -41.1371 ] ] } },
{ "type": "Feature", "properties": { "nombre": "Camino sin nombre", "longitud_km": 0.11 }, "geometry": { "type": "LineString", "coordinates": [ [ -71.3553, -41.1575 ], [ -71.3554, -41.1565 ] ] } },
{ "type": "Feature", "properties": { "nombre": "Camino sin nombre", "longitud_km": 0.06 }, "geometry": { "type": "LineString", "coordinates": [ [ -67.5547, -39.01 ], [ -67.554, -39.01 ] ] } },
{ "type": "Feature", "properties": { "nombre": "Camino sin nombre", "longitud_km": 0.24 }, "geometry": { "type": "LineString", "coordinates": [ [ -71.3637, -41.162 ], [ -71.3665, -41.1615 ] ] } },
{ "type": "Feature", "properties": { "nombre": "Camino sin nombre", "longitud_km": 1.0 }, "geometry": { "type": "LineString", "coordinates": [ [ -67.7748, -39.0 ], [ -67.7766, -39.0089 ] ] } },
{ "type": "Feature", "properties": { "nombre": "Camino sin nombre", "longitud_km": 0.7 }, "geometry": { "type": "LineString", "coordinates": [ [ -67.5481, -39.0661 ], [ -67.556, -39.0651 ] ] } },
{ "type": "Feature", "properties": { "nombre": "Camino sin nombre", "longitud_km": 0.25 }, "geometry": { "type": "LineString", "coordinates": [ [ -71.3413, -41.1825 ], [ -71.3403, -41.1804 ] ] } },
{ "type": "Feature", "properties": { "nombre": "Camino sin nombre", "longitud_km": 1.66 }, "geometry": { "type": "LineString", "coordinates": [ [ -71.1374, -41.1011 ], [ -71.1252, -41.1129 ] ] } },
{ "type": "Feature", "properties": { "nombre": "Camino sin nombre", "longitud_km": 0.53 }, "geometry": { "type": "LineString", "coordinates": [ [ -67.8488, -39.0092 ], [ -67.8548, -39.0086 ] ] } },
{ "type": "Feature", "properties": { "nombre": "Camino sin nombre", "longitud_km": 0.37 }, "geometry": { "type": "LineString", "coordinates": [ [ -67.554, -39.01 ], [ -67.5498, -39.0108 ] ] } },
{ "type": "Feature", "properties": { "nombre": "Camino sin nombre", "longitud_km": 1.05 }, "geometry": { "type": "LineString", "coordinates": [ [ -67.6259, -39.0376 ], [ -67.6277, -39.0469 ] ] } },
{ "type": "Feature", "properties": { "nombre": "Camino sin nombre", "longitud_km": 0.25 }, "geometry": { "type": "LineString", "coordinates": [ [ -67.9146, -38.9975 ], [ -67.9139, -38.9953 ] ] } },
{ "type": "Feature", "properties": { "nombre": "Camino sin nombre", "longitud_km": 0.38 }, "geometry": { "type": "LineString", "coordinates": [ [ -67.5498, -39.0108 ], [ -67.5457, -39.0097 ] ] } },
{ "type": "Feature", "properties": { "nombre": "Camino sin nombre", "longitud_km": 0.2 }, "geometry": { "type": "LineString", "coordinates": [ [ -67.5457, -39.0097 ], [ -67.5451, -39.008 ] ] } },
{ "type": "Feature", "properties": { "nombre": "Camino sin nombre", "longitud_km": 0.35 }, "geometry": { "type": "LineString", "coordinates": [ [ -67.5509, -39.0049 ], [ -67.5543, -39.0033 ] ] } },
{ "type": "Feature", "properties": { "nombre": "Camino sin nombre", "longitud_km": 0.84 }, "geometry": { "type": "LineString", "coordinates": [ [ -70.8696, -41.19 ], [ -70.879, -41.1926 ] ] } },
{ "type": "Feature", "properties": { "nombre": "Camino sin nombre", "longitud_km": 0.52 }, "geometry": { "type": "LineString", "coordinates": [ [ -67.9794, -38.9081 ], [ -67.9792, -38.9034 ] ] } },
{ "type": "Feature", "properties": { "nombre": "Camino sin nombre", "longitud_km": 1.08 }, "geometry": { "type": "LineString", "coordinates": [ [ -70.5902, -40.7363 ], [ -70.5783, -40.7328 ] ] } },
{ "type": "Feature", "properties": { "nombre": "Camino sin nombre", "longitud_km": 0.56 }, "geometry": { "type": "LineString", "coordinates": [ [ -67.8467, -39.0 ], [ -67.8532, -38.9993 ] ] } },
{ "type": "Feature", "properties": { "nombre": "Camino sin nombre", "longitud_km": 0.2 }, "geometry": { "type": "LineString", "coordinates": [ [ -71.3618, -41.1649 ], [ -71.364, -41.1658 ] ] } },
{ "type": "Feature", "properties": { "nombre": "Camino sin nombre", "longitud_km": 2.95 }, "geometry": { "type": "LineString", "coordinates": [ [ -67.657, -39.0148 ], [ -67.6906, -39.0099 ] ] } },
{ "type": "Feature", "properties": { "nombre": "Camino sin nombre", "longitud_km": 0.28 }, "geometry": { "type": "LineString", "coordinates": [ [ -71.364, -41.1658 ], [ -71.3635, -41.1633 ] ] } },
{ "type": "Feature", "properties": { "nombre": "Camino sin nombre", "longitud_km": 2.21 }, "geometry": { "type": "LineString", "coordinates": [ [ -70.9791, -40.7329 ], [ -70.9858, -40.7289 ], [ -70.9837, -40.7226 ], [ -70.9758, -40.7192 ] ] } },
{ "type": "Feature", "properties": { "nombre": "Camino sin nombre", "longitud_km": 0.18 }, "geometry": { "type": "LineString", "coordinates": [ [ -71.3744, -41.1447 ], [ -71.3766, -41.145 ] ] } },
{ "type": "Feature", "properties": { "nombre": "Camino sin nombre", "longitud_km": 0.29 }, "geometry": { "type": "LineString", "coordinates": [ [ -71.3417, -41.1845 ], [ -71.3444, -41.1829 ] ] } },
{ "type": "Feature", "properties": { "nombre": "Camino sin nombre", "longitud_km": 0.85 }, "geometry": { "type": "LineString", "coordinates": [ [ -67.6598, -38.99 ], [ -67.6696, -38.9892 ] ] } },
{ "type": "Feature", "properties": { "nombre": "Camino sin nombre", "longitud_km": 0.1 }, "geometry": { "type": "LineString", "coordinates": [ [ -71.246, -41.1192 ], [ -71.2454, -41.1199 ] ] } },
{ "type": "Feature", "properties": { "nombre": "Camino sin nombre", "longitud_km": 0.08 }, "geometry": { "type": "LineString", "coordinates": [ [ -71.3198, -41.1755 ], [ -71.3189, -41.1753 ] ] } },
{ "type": "Feature", "properties": { "nombre": "Camino sin nombre", "longitud_km": 0.05 }, "geometry": { "type": "LineString", "coordinates": [ [ -71.1501, -41.0584 ], [ -71.1497, -41.0586 ] ] } },
{ "type": "Feature", "properties": { "nombre": "Camino sin nombre", "longitud_km": 0.43 }, "geometry": { "type": "LineString", "coordinates": [ [ -67.9713, -39.0015 ], [ -67.9746, -39.0044 ] ] } },
{ "type": "Feature", "properties": { "nombre": "Camino sin nombre", "longitud_km": 0.19 }, "geometry": { "type": "LineString", "coordinates": [ [ -71.363, -41.1625 ], [ -71.3618, -41.1611 ] ] } },
{ "type": "Feature", "properties": { "nombre": "Camino sin nombre", "longitud_km": 0.06 }, "geometry": { "type": "LineString", "coordinates": [ [ -71.3603, -41.1641 ], [ -71.3609, -41.1637 ] ] } },
{ "type": "Feature", "properties": { "nombre": "Camino sin nombre", "longitud_km": 1.21 }, "geometry": { "type": "LineString", "coordinates": [ [ -68.0211, -37.7418 ], [ -68.0261, -37.7316 ] ] } },
{ "type": "Feature", "properties": { "nombre": "Camino sin nombre", "longitud_km": 0.19 }, "geometry": { "type": "LineString", "coordinates": [ [ -71.3618, -41.1611 ], [ -71.3637, -41.162 ] ] } },
{ "type": "Feature", "properties": { "nombre": "Camino sin nombre", "longitud_km": 0.55 }, "geometry": { "type": "LineString", "coordinates": [ [ -67.9551, -38.9631 ], [ -67.961, -38.9615 ] ] } },
{ "type": "Feature", "properties": { "nombre": "Camino sin nombre", "longitud_km": 0.08 }, "geometry": { "type": "LineString", "coordinates": [ [ -71.2033, -41.105 ], [ -71.2036, -41.1043 ] ] } },
{ "type": "Feature", "properties": { "nombre": "Camino sin nombre", "longitud_km": 3.92 }, "geometry": { "type": "LineString", "coordinates": [ [ -70.0973, -40.4984 ], [ -70.0913, -40.5154 ], [ -70.0963, -40.5327 ] ] } },
{ "type": "Feature", "properties": { "nombre": "Camino sin nombre", "longitud_km": 0.11 }, "geometry": { "type": "LineString", "coordinates": [ [ -71.4235, -41.113 ], [ -71.4241, -41.1121 ] ] } },
{ "type": "Feature", "properties": { "nombre": "Camino sin nombre", "longitud_km": 0.14 }, "geometry": { "type": "LineString", "coordinates": [ [ -71.3743, -41.1688 ], [ -71.3745, -41.1701 ] ] } },
{ "type": "Feature", "properties": { "nombre": "Camino sin nombre", "longitud_km": 0.15 }, "geometry": { "type": "LineString", "coordinates": [ [ -71.1383, -41.0725 ], [ -71.14, -41.0718 ] ] } },
{ "type": "Feature", "properties": { "nombre": "Camino sin nombre", "longitud_km": 1.03 }, "geometry": { "type": "LineString", "coordinates": [ [ -67.7566, -39.0305 ], [ -67.7585, -39.0396 ] ] } },
{ "type": "Feature", "properties": { "nombre": "Camino sin nombre", "longitud_km": 0.16 }, "geometry": { "type": "LineString", "coordinates": [ [ -71.1529, -41.0586 ], [ -71.153, -41.0572 ] ] } },
{ "type": "Feature", "properties": { "nombre": "Camino sin nombre", "longitud_km": 0.13 }, "geometry": { "type": "LineString", "coordinates": [ [ -71.3781, -41.1708 ], [ -71.3794, -41.1714 ] ] } },
{ "type": "Feature", "properties": { "nombre": "Camino sin nombre", "longitud_km": 0.52 }, "geometry": { "type": "LineString", "coordinates": [ [ -68.1878, -37.6615 ], [ -68.1824, -37.6633 ] ] } },
{ "type": "Feature", "properties": { "nombre": "Camino sin nombre", "longitud_km": 0.21 }, "geometry": { "type": "LineString", "coordinates": [ [ -71.4756, -41.0547 ], [ -71.478, -41.0547 ] ] } },
{ "type": "Feature", "properties": { "nombre": "Camino sin nombre", "longitud_km": 0.06 }, "geometry": { "type": "LineString", "coordinates": [ [ -71.3367, -41.1854 ], [ -71.337, -41.1849 ] ] } },
{ "type": "Feature", "properties": { "nombre": "Camino sin nombre", "longitud_km": 0.23 }, "geometry": { "type": "LineString", "coordinates": [ [ -71.4221, -41.1115 ], [ -71.4199, -41.1103 ] ] } },
{ "type": "Feature", "properties": { "nombre": "Camino sin nombre", "longitud_km": 0.12 }, "geometry": { "type": "LineString", "coordinates": [ [ -71.3958, -41.1687 ], [ -71.3944, -41.1686 ] ] } },
{ "type": "Feature", "properties": { "nombre": "Camino sin nombre", "longitud_km": 0.33 }, "geometry": { "type": "LineString", "coordinates": [ [ -71.3699, -41.1653 ], [ -71.3662, -41.1663 ] ] } },
{ "type": "Feature", "properties": { "nombre": "Camino sin nombre", "longitud_km": 3.67 }, "geometry": { "type": "LineString", "coordinates": [ [ -67.7391, -38.8814 ], [ -67.7524, -38.8947 ], [ -67.7558, -38.9106 ] ] } },
{ "type": "Feature", "properties": { "nombre": "Camino sin nombre", "longitud_km": 1.02 }, "geometry": { "type": "LineString", "coordinates": [ [ -67.6648, -39.0516 ], [ -67.6765, -39.0501 ] ] } },
{ "type": "Feature", "properties": { "nombre": "Camino sin nombre", "longitud_km": 1.02 }, "geometry": { "type": "LineString", "coordinates": [ [ -67.614, -39.0956 ], [ -67.6257, -39.094 ] ] } },
{ "type": "Feature", "properties": { "nombre": "Camino sin nombre", "longitud_km": 0.16 }, "geometry": { "type": "LineString", "coordinates": [ [ -71.1957, -41.1029 ], [ -71.1976, -41.1031 ] ] } },
{ "type": "Feature", "properties": { "nombre": "Camino sin nombre", "longitud_km": 0.02 }, "geometry": { "type": "LineString", "coordinates": [ [ -71.5019, -41.0553 ], [ -71.5017, -41.0554 ] ] } },
{ "type": "Feature", "properties": { "nombre": "Camino sin nombre", "longitud_km": 0.09 }, "geometry": { "type": "LineString", "coordinates": [ [ -71.3397, -41.1917 ], [ -71.3388, -41.1913 ] ] } },
{ "type": "Feature", "properties": { "nombre": "Camino sin nombre", "longitud_km": 0.17 }, "geometry": { "type": "LineString", "coordinates": [ [ -71.3754, -41.1436 ], [ -71.3735, -41.1442 ] ] } },
{ "type": "Feature", "properties": { "nombre": "Camino sin nombre", "longitud_km": 0.33 }, "geometry": { "type": "LineString", "coordinates": [ [ -71.132, -41.0869 ], [ -71.1348, -41.089 ] ] } },
{ "type": "Feature", "properties": { "nombre": "Camino sin nombre", "longitud_km": 1.97 }, "geometry": { "type": "LineString", "coordinates": [ [ -70.7396, -40.6318 ], [ -70.7359, -40.6215 ], [ -70.7401, -40.6153 ] ] } },
{ "type": "Feature", "properties": { "nombre": "Camino sin nombre", "longitud_km": 0.09 }, "geometry": { "type": "LineString", "coordinates": [ [ -71.3189, -41.1753 ], [ -71.3179, -41.175 ] ] } },
{ "type": "Feature", "properties": { "nombre": "Camino sin nombre", "longitud_km": 0.25 }, "geometry": { "type": "LineString", "coordinates": [ [ -71.1339, -41.0911 ], [ -71.1348, -41.089 ] ] } },
{ "type": "Feature", "properties": { "nombre": "Camino sin nombre", "longitud_km": 0.18 }, "geometry": { "type": "LineString", "coordinates": [ [ -67.6382, -39.0 ], [ -67.6377, -39.0016 ] ] } },
{ "type": "Feature", "properties": { "nombre": "Camino sin nombre", "longitud_km": 0.63 }, "geometry": { "type": "LineString", "coordinates": [ [ -71.1125, -41.0756 ], [ -71.12, -41.076 ] ] } },
{ "type": "Feature", "properties": { "nombre": "Camino sin nombre", "longitud_km": 1.09 }, "geometry": { "type": "LineString", "coordinates": [ [ -67.6697, -39.0 ], [ -67.6675, -39.0097 ] ] } },
{ "type": "Feature", "properties": { "nombre": "Camino sin nombre", "longitud_km": 0.85 }, "geometry": { "type": "LineString", "coordinates": [ [ -67.8589, -39.0 ], [ -67.8605, -39.0075 ] ] } },
{ "type": "Feature", "properties": { "nombre": "Camino sin nombre", "longitud_km": 0.84 }, "geometry": { "type": "LineString", "coordinates": [ [ -71.2704, -41.16 ], [ -71.2804, -41.1589 ] ] } },
{ "type": "Feature", "properties": { "nombre": "Camino sin nombre", "longitud_km": 0.41 }, "geometry": { "type": "LineString", "coordinates": [ [ -67.6382, -39.0031 ], [ -67.6381, -39.0068 ] ] } },
{ "type": "Feature", "properties": { "nombre": "Camino sin nombre", "longitud_km": 0.1 }, "geometry": { "type": "LineString", "coordinates": [ [ -67.6364, -39.0034 ], [ -67.6369, -39.0042 ] ] } },
{ "type": "Feature", "properties": { "nombre": "Camino sin nombre", "longitud_km": 0.85 }, "geometry": { "type": "LineString", "coordinates": [ [ -71.3636, -41.1457 ], [ -71.3735, -41.1442 ] ] } },
{ "type": "Feature", "properties": { "nombre": "Camino sin nombre", "longitud_km": 0.18 }, "geometry": { "type": "LineString", "coordinates": [ [ -67.6369, -39.0042 ], [ -67.6375, -39.0058 ] ] } },
{ "type": "Feature", "properties": { "nombre": "Camino sin nombre", "longitud_km": 0.05 }, "geometry": { "type": "LineString", "coordinates": [ [ -67.6381, -39.0068 ], [ -67.6381, -39.0072 ] ] } },
{ "type": "Feature", "properties": { "nombre": "Camino sin nombre", "longitud_km": 0.38 }, "geometry": { "type": "LineString", "coordinates": [ [ -67.6369, -39.0042 ], [ -67.635, -39.0073 ] ] } },
{ "type": "Feature", "properties": { "nombre": "Camino sin nombre", "longitud_km": 1.51 }, "geometry": { "type": "LineString", "coordinates": [ [ -70.9498, -40.8993 ], [ -70.9504, -40.8858 ] ] } },
{ "type": "Feature", "properties": { "nombre": "Camino sin nombre", "longitud_km": 0.13 }, "geometry": { "type": "LineString", "coordinates": [ [ -67.9907, -38.9093 ], [ -67.9907, -38.9081 ] ] } },
{ "type": "Feature", "properties": { "nombre": "Camino sin nombre", "longitud_km": 1.52 }, "geometry": { "type": "LineString", "coordinates": [ [ -70.5456, -40.6403 ], [ -70.528, -40.6375 ] ] } },
{ "type": "Feature", "properties": { "nombre": "Camino sin nombre", "longitud_km": 0.54 }, "geometry": { "type": "LineString", "coordinates": [ [ -71.3612, -41.1592 ], [ -71.3577, -41.1633 ] ] } },
{ "type": "Feature", "properties": { "nombre": "Camino sin nombre", "longitud_km": 0.43 }, "geometry": { "type": "LineString", "coordinates": [ [ -70.7941, -40.6653 ], [ -70.7893, -40.6667 ] ] } },
{ "type": "Feature", "properties": { "nombre": "Camino sin nombre", "longitud_km": 0.41 }, "geometry": { "type": "LineString", "coordinates": [ [ -67.6308, -39.0038 ], [ -67.6316, -39.0074 ] ] } },
{ "type": "Feature", "properties": { "nombre": "Camino sin nombre", "longitud_km": 0.29 }, "geometry": { "type": "LineString", "coordinates": [ [ -67.6316, -39.0074 ], [ -67.635, -39.0073 ] ] } },
{ "type": "Feature", "properties": { "nombre": "Camino sin nombre", "longitud_km": 0.19 }, "geometry": { "type": "LineString", "coordinates": [ [ -67.635, -39.0073 ], [ -67.6372, -39.0073 ] ] } },
{ "type": "Feature", "properties": { "nombre": "Camino sin nombre", "longitud_km": 0.71 }, "geometry": { "type": "LineString", "coordinates": [ [ -67.6381, -39.0072 ], [ -67.6463, -39.0073 ] ] } },
{ "type": "Feature", "properties": { "nombre": "Camino sin nombre", "longitud_km": 0.14 }, "geometry": { "type": "LineString", "coordinates": [ [ -67.6463, -39.0073 ], [ -67.6476, -39.0065 ] ] } },
{ "type": "Feature", "properties": { "nombre": "Camino sin nombre", "longitud_km": 2.12 }, "geometry": { "type": "LineString", "coordinates": [ [ -70.7339, -40.6832 ], [ -70.7114, -40.6747 ] ] } },
{ "type": "Feature", "properties": { "nombre": "Camino sin nombre", "longitud_km": 0.56 }, "geometry": { "type": "LineString", "coordinates": [ [ -67.6193, -39.0076 ], [ -67.6202, -39.0126 ] ] } },
{ "type": "Feature", "properties": { "nombre": "Camino sin nombre", "longitud_km": 0.1 }, "geometry": { "type": "LineString", "coordinates": [ [ -71.3857, -41.1637 ], [ -71.3846, -41.164 ] ] } },
{ "type": "Feature", "properties": { "nombre": "Camino sin nombre", "longitud_km": 0.55 }, "geometry": { "type": "LineString", "coordinates": [ [ -67.6168, -39.0076 ], [ -67.6178, -39.0125 ] ] } },
{ "type": "Feature", "properties": { "nombre": "Camino sin nombre", "longitud_km": 0.46 }, "geometry": { "type": "LineString", "coordinates": [ [ -68.0079, -38.9034 ], [ -68.0079, -38.9076 ] ] } },
{ "type": "Feature", "properties": { "nombre": "Camino sin nombre", "longitud_km": 0.06 }, "geometry": { "type": "LineString", "coordinates": [ [ -71.5001, -41.0546 ], [ -71.5004, -41.0542 ] ] } },
{ "type": "Feature", "properties": { "nombre": "Camino sin nombre", "longitud_km": 0.15 }, "geometry": { "type": "LineString", "coordinates": [ [ -67.7628, -39.0014 ], [ -67.7626, -39.0 ] ] } },
{ "type": "Feature", "properties": { "nombre": "Camino sin nombre", "longitud_km": 2.28 }, "geometry": { "type": "LineString", "coordinates": [ [ -68.5689, -39.1265 ], [ -68.5458, -39.1165 ] ] } },
{ "type": "Feature", "properties": { "nombre": "Camino sin nombre", "longitud_km": 0.7 }, "geometry": { "type": "LineString", "coordinates": [ [ -70.8521, -41.0199 ], [ -70.8495, -41.0259 ] ] } },
{ "type": "Feature", "properties": { "nombre": "Camino sin nombre", "longitud_km": 0.26 }, "geometry": { "type": "LineString", "coordinates": [ [ -71.327, -41.1905 ], [ -71.324, -41.1898 ] ] } },
{ "type": "Feature", "properties": { "nombre": "Camino sin nombre", "longitud_km": 0.5 }, "geometry": { "type": "LineString", "coordinates": [ [ -67.8824, -38.9955 ], [ -67.8833, -39.0 ] ] } },
{ "type": "Feature", "properties": { "nombre": "Camino sin nombre", "longitud_km": 2.13 }, "geometry": { "type": "LineString", "coordinates": [ [ -70.8732, -40.8088 ], [ -70.8844, -40.826 ] ] } },
{ "type": "Feature", "properties": { "nombre": "Camino sin nombre", "longitud_km": 0.86 }, "geometry": { "type": "LineString", "coordinates": [ [ -70.5875, -40.7959 ], [ -70.5783, -40.7992 ] ] } },
{ "type": "Feature", "properties": { "nombre": "Camino sin nombre", "longitud_km": 0.23 }, "geometry": { "type": "LineString", "coordinates": [ [ -71.1491, -41.0924 ], [ -71.1517, -41.0932 ] ] } },
{ "type": "Feature", "properties": { "nombre": "Camino sin nombre", "longitud_km": 0.08 }, "geometry": { "type": "LineString", "coordinates": [ [ -71.2004, -41.1047 ], [ -71.2013, -41.1046 ] ] } },
{ "type": "Feature", "properties": { "nombre": "Camino sin nombre", "longitud_km": 0.08 }, "geometry": { "type": "LineString", "coordinates": [ [ -71.3855, -41.1643 ], [ -71.3846, -41.1642 ] ] } },
{ "type": "Feature", "properties": { "nombre": "Camino sin nombre", "longitud_km": 0.68 }, "geometry": { "type": "LineString", "coordinates": [ [ -71.4426, -41.134 ], [ -71.4402, -41.1399 ] ] } },
{ "type": "Feature", "properties": { "nombre": "Camino sin nombre", "longitud_km": 0.01 }, "geometry": { "type": "LineString", "coordinates": [ ] } },
{ "type": "Feature", "properties": { "nombre": "Camino sin nombre", "longitud_km": 0.52 }, "geometry": { "type": "LineString", "coordinates": [ [ -67.9273, -38.9396 ], [ -67.9271, -38.935 ] ] } },
{ "type": "Feature", "properties": { "nombre": "Camino sin nombre", "longitud_km": 1.01 }, "geometry": { "type": "LineString", "coordinates": [ [ -70.5244, -41.0186 ], [ -70.5229, -41.0096 ] ] } },
{ "type": "Feature", "properties": { "nombre": "Camino sin nombre", "longitud_km": 0.08 }, "geometry": { "type": "LineString", "coordinates": [ [ -71.2013, -41.1046 ], [ -71.2016, -41.1039 ] ] } },
{ "type": "Feature", "properties": { "nombre": "Camino sin nombre", "longitud_km": 0.67 }, "geometry": { "type": "LineString", "coordinates": [ [ -67.9746, -39.0044 ], [ -67.9819, -39.0064 ] ] } },
{ "type": "Feature", "properties": { "nombre": "Camino sin nombre", "longitud_km": 0.2 }, "geometry": { "type": "LineString", "coordinates": [ [ -70.94, -40.9088 ], [ -70.9393, -40.9105 ] ] } },
{ "type": "Feature", "properties": { "nombre": "Camino sin nombre", "longitud_km": 0.04 }, "geometry": { "type": "LineString", "coordinates": [ [ -71.341, -41.1829 ], [ -71.3408, -41.1833 ] ] } },
{ "type": "Feature", "properties": { "nombre": "Camino sin nombre", "longitud_km": 2.18 }, "geometry": { "type": "LineString", "coordinates": [ [ -70.6324, -40.6667 ], [ -70.6303, -40.6471 ] ] } },
{ "type": "Feature", "properties": { "nombre": "Camino sin nombre", "longitud_km": 0.07 }, "geometry": { "type": "LineString", "coordinates": [ [ -71.3383, -41.1918 ], [ -71.3388, -41.1913 ] ] } },
{ "type": "Feature", "properties": { "nombre": "Camino sin nombre", "longitud_km": 0.53 }, "geometry": { "type": "LineString", "coordinates": [ [ -71.3715, -41.1689 ], [ -71.3662, -41.1663 ] ] } },
{ "type": "Feature", "properties": { "nombre": "Camino sin nombre", "longitud_km": 0.41 }, "geometry": { "type": "LineString", "coordinates": [ [ -70.7989, -40.6646 ], [ -70.7941, -40.6653 ] ] } },
{ "type": "Feature", "properties": { "nombre": "Camino sin nombre", "longitud_km": 1.28 }, "geometry": { "type": "LineString", "coordinates": [ [ -70.6223, -40.6667 ], [ -70.6298, -40.6767 ] ] } },
{ "type": "Feature", "properties": { "nombre": "Camino sin nombre", "longitud_km": 1.19 }, "geometry": { "type": "LineString", "coordinates": [ [ -71.3898, -41.1699 ], [ -71.3931, -41.166 ], [ -71.3857, -41.1637 ] ] } },
{ "type": "Feature", "properties": { "nombre": "Camino sin nombre", "longitud_km": 0.08 }, "geometry": { "type": "LineString", "coordinates": [ [ -71.3884, -41.1725 ], [ -71.3884, -41.1717 ] ] } },
{ "type": "Feature", "properties": { "nombre": "Camino sin nombre", "longitud_km": 0.12 }, "geometry": { "type": "LineString", "coordinates": [ [ -67.6172, -39.1045 ], [ -67.6186, -39.1043 ] ] } },
{ "type": "Feature", "properties": { "nombre": "Camino sin nombre", "longitud_km": 1.02 }, "geometry": { "type": "LineString", "coordinates": [ [ -67.6822, -39.0774 ], [ -67.6843, -39.0864 ] ] } },
{ "type": "Feature", "properties": { "nombre": "Camino sin nombre", "longitud_km": 0.17 }, "geometry": { "type": "LineString", "coordinates": [ [ -67.9426, -38.987 ], [ -67.9407, -38.9873 ] ] } },
{ "type": "Feature", "properties": { "nombre": "Camino sin nombre", "longitud_km": 0.07 }, "geometry": { "type": "LineString", "coordinates": [ [ -67.9134, -38.9941 ], [ -67.913, -38.9936 ] ] } },
{ "type": "Feature", "properties": { "nombre": "Camino sin nombre", "longitud_km": 1.75 }, "geometry": { "type": "LineString", "coordinates": [ [ -67.6701, -38.9284 ], [ -67.679, -38.9142 ] ] } },
{ "type": "Feature", "properties": { "nombre": "Camino sin nombre", "longitud_km": 0.02 }, "geometry": { "type": "LineString", "coordinates": [ [ -68.1629, -38.7213 ], [ -68.1627, -38.7212 ] ] } },
{ "type": "Feature", "properties": { "nombre": "Camino sin nombre", "longitud_km": 0.03 }, "geometry": { "type": "LineString", "coordinates": [ [ -70.8668, -40.9902 ], [ -70.8667, -40.99 ] ] } },
{ "type": "Feature", "properties": { "nombre": "Camino sin nombre", "longitud_km": 4.13 }, "geometry": { "type": "LineString", "coordinates": [ [ -67.6701, -38.9284 ], [ -67.6542, -38.938 ], [ -67.6275, -38.9432 ] ] } },
{ "type": "Feature", "properties": { "nombre": "Camino sin nombre", "longitud_km": 0.15 }, "geometry": { "type": "LineString", "coordinates": [ [ -71.371, -41.1676 ], [ -71.3715, -41.1689 ] ] } },
{ "type": "Feature", "properties": { "nombre": "Camino sin nombre", "longitud_km": 0.02 }, "geometry": { "type": "LineString", "coordinates": [ [ -71.5078, -41.0889 ], [ -71.5079, -41.089 ] ] } },
{ "type": "Feature", "properties": { "nombre": "Camino sin nombre", "longitud_km": 0.38 }, "geometry": { "type": "LineString", "coordinates": [ [ -70.7722, -40.6805 ], [ -70.77, -40.6775 ] ] } },
{ "type": "Feature", "properties": { "nombre": "Camino sin nombre", "longitud_km": 0.06 }, "geometry": { "type": "LineString", "coordinates": [ [ -71.3608, -41.1645 ], [ -71.3603, -41.1641 ] ] } },
{ "type": "Feature", "properties": { "nombre": "Camino sin nombre", "longitud_km": 0.37 }, "geometry": { "type": "LineString", "coordinates": [ [ -71.3712, -41.1611 ], [ -71.3724, -41.1644 ] ] } },
{ "type": "Feature", "properties": { "nombre": "Camino sin nombre", "longitud_km": 0.09 }, "geometry": { "type": "LineString", "coordinates": [ [ -71.3392, -41.1923 ], [ -71.3383, -41.1918 ] ] } },
{ "type": "Feature", "properties": { "nombre": "Camino sin nombre", "longitud_km": 0.37 }, "geometry": { "type": "LineString", "coordinates": [ [ -70.5, -40.7261 ], [ -70.5041, -40.7249 ] ] } },
{ "type": "Feature", "properties": { "nombre": "Camino sin nombre", "longitud_km": 0.23 }, "geometry": { "type": "LineString", "coordinates": [ [ -71.7755, -41.2308 ], [ -71.7727, -41.2308 ] ] } },
{ "type": "Feature", "properties": { "nombre": "Camino sin nombre", "longitud_km": 0.25 }, "geometry": { "type": "LineString", "coordinates": [ [ -71.3884, -41.1725 ], [ -71.3865, -41.1743 ] ] } },
{ "type": "Feature", "properties": { "nombre": "Camino sin nombre", "longitud_km": 0.26 }, "geometry": { "type": "LineString", "coordinates": [ [ -70.7161, -41.1178 ], [ -70.716, -41.1202 ] ] } },
{ "type": "Feature", "properties": { "nombre": "Camino sin nombre", "longitud_km": 1.11 }, "geometry": { "type": "LineString", "coordinates": [ [ -70.4735, -40.6667 ], [ -70.4618, -40.6712 ] ] } },
{ "type": "Feature", "properties": { "nombre": "Camino sin nombre", "longitud_km": 0.17 }, "geometry": { "type": "LineString", "coordinates": [ [ -68.2103, -38.6858 ], [ -68.2122, -38.6858 ] ] } },
{ "type": "Feature", "properties": { "nombre": "Camino sin nombre", "longitud_km": 5.06 }, "geometry": { "type": "LineString", "coordinates": [ [ -70.6702, -40.773 ], [ -70.6781, -40.7504 ], [ -70.6908, -40.7357 ], [ -70.6874, -40.7319 ] ] } },
{ "type": "Feature", "properties": { "nombre": "Camino sin nombre", "longitud_km": 0.06 }, "geometry": { "type": "LineString", "coordinates": [ [ -68.077, -38.823 ], [ -68.077, -38.8236 ] ] } },
{ "type": "Feature", "properties": { "nombre": "Camino sin nombre", "longitud_km": 0.76 }, "geometry": { "type": "LineString", "coordinates": [ [ -68.1713, -38.7242 ], [ -68.1626, -38.7233 ] ] } },
{ "type": "Feature", "properties": { "nombre": "Camino sin nombre", "longitud_km": 0.17 }, "geometry": { "type": "LineString", "coordinates": [ [ -71.3898, -41.1699 ], [ -71.3878, -41.1699 ] ] } },
{ "type": "Feature", "properties": { "nombre": "Camino sin nombre", "longitud_km": 1.13 }, "geometry": { "type": "LineString", "coordinates": [ [ -70.9136, -41.0107 ], [ -70.9008, -41.0078 ] ] } },
{ "type": "Feature", "properties": { "nombre": "Camino sin nombre", "longitud_km": 0.27 }, "geometry": { "type": "LineString", "coordinates": [ [ -71.4077, -41.153 ], [ -71.4066, -41.1553 ] ] } },
{ "type": "Feature", "properties": { "nombre": "Camino sin nombre", "longitud_km": 0.15 }, "geometry": { "type": "LineString", "coordinates": [ [ -68.0108, -38.9518 ], [ -68.009, -38.9518 ] ] } },
{ "type": "Feature", "properties": { "nombre": "Camino sin nombre", "longitud_km": 1.19 }, "geometry": { "type": "LineString", "coordinates": [ [ -70.6901, -40.9377 ], [ -70.69, -40.9484 ] ] } },
{ "type": "Feature", "properties": { "nombre": "Camino sin nombre", "longitud_km": 0.08 }, "geometry": { "type": "LineString", "coordinates": [ [ -71.511, -41.0929 ], [ -71.5101, -41.0932 ] ] } },
{ "type": "Feature", "properties": { "nombre": "Camino sin nombre", "longitud_km": 0.71 }, "geometry": { "type": "LineString", "coordinates": [ [ -70.7893, -40.6667 ], [ -70.781, -40.6667 ] ] } },
{ "type": "Feature", "properties": { "nombre": "Camino sin nombre", "longitud_km": 0.08 }, "geometry": { "type": "LineString", "coordinates": [ [ -67.9143, -38.9943 ], [ -67.9144, -38.9936 ] ] } },
{ "type": "Feature", "properties": { "nombre": "Camino sin nombre", "longitud_km": 5.4 }, "geometry": { "type": "LineString", "coordinates": [ [ -70.6243, -40.5999 ], [ -70.6502, -40.6039 ], [ -70.6598, -40.6102 ], [ -70.6579, -40.6173 ], [ -70.6663, -40.6269 ] ] } },
{ "type": "Feature", "properties": { "nombre": "Camino sin nombre", "longitud_km": 1.01 }, "geometry": { "type": "LineString", "coordinates": [ [ -67.6937, -39.0759 ], [ -67.6958, -39.0849 ] ] } },
{ "type": "Feature", "properties": { "nombre": "Camino sin nombre", "longitud_km": 0.5 }, "geometry": { "type": "LineString", "coordinates": [ [ -71.4082, -41.1486 ], [ -71.4077, -41.153 ] ] } },
{ "type": "Feature", "properties": { "nombre": "Camino sin nombre", "longitud_km": 0.99 }, "geometry": { "type": "LineString", "coordinates": [ [ -67.5986, -39.0792 ], [ -67.6003, -39.0879 ] ] } },
{ "type": "Feature", "properties": { "nombre": "Camino sin nombre", "longitud_km": 1.01 }, "geometry": { "type": "LineString", "coordinates": [ [ -67.6569, -39.0712 ], [ -67.6588, -39.0802 ] ] } },
{ "type": "Feature", "properties": { "nombre": "Camino sin nombre", "longitud_km": 0.07 }, "geometry": { "type": "LineString", "coordinates": [ [ -71.3781, -41.1708 ], [ -71.3779, -41.1715 ] ] } },
{ "type": "Feature", "properties": { "nombre": "Camino sin nombre", "longitud_km": 2.24 }, "geometry": { "type": "LineString", "coordinates": [ [ -70.6808, -40.8061 ], [ -70.688, -40.7989 ], [ -70.6745, -40.7943 ] ] } },
{ "type": "Feature", "properties": { "nombre": "Camino sin nombre", "longitud_km": 0.23 }, "geometry": { "type": "LineString", "coordinates": [ [ -67.9253, -38.9732 ], [ -67.9247, -38.9712 ] ] } },
{ "type": "Feature", "properties": { "nombre": "Camino sin nombre", "longitud_km": 0.16 }, "geometry": { "type": "LineString", "coordinates": [ [ -67.8351, -39.0014 ], [ -67.8348, -39.0 ] ] } },
{ "type": "Feature", "properties": { "nombre": "Camino sin nombre", "longitud_km": 0.08 }, "geometry": { "type": "LineString", "coordinates": [ [ -71.3376, -41.1821 ], [ -71.3372, -41.1814 ] ] } },
{ "type": "Feature", "properties": { "nombre": "Camino sin nombre", "longitud_km": 1.64 }, "geometry": { "type": "LineString", "coordinates": [ [ -67.6774, -38.9289 ], [ -67.679, -38.9142 ] ] } },
{ "type": "Feature", "properties": { "nombre": "Camino sin nombre", "longitud_km": 0.12 }, "geometry": { "type": "LineString", "coordinates": [ [ -67.9622, -38.9282 ], [ -67.9623, -38.9271 ] ] } },
{ "type": "Feature", "properties": { "nombre": "Camino sin nombre", "longitud_km": 1.12 }, "geometry": { "type": "LineString", "coordinates": [ [ -71.4449, -41.124 ], [ -71.4426, -41.134 ] ] } },
{ "type": "Feature", "properties": { "nombre": "Camino sin nombre", "longitud_km": 0.52 }, "geometry": { "type": "LineString", "coordinates": [ [ -67.8107, -39.0 ], [ -67.8098, -38.9954 ] ] } },
{ "type": "Feature", "properties": { "nombre": "Camino sin nombre", "longitud_km": 0.08 }, "geometry": { "type": "LineString", "coordinates": [ [ -67.9631, -38.9271 ], [ -67.9623, -38.9271 ] ] } },
{ "type": "Feature", "properties": { "nombre": "Camino sin nombre", "longitud_km": 0.52 }, "geometry": { "type": "LineString", "coordinates": [ [ -67.9371, -38.9737 ], [ -67.9383, -38.9782 ] ] } },
{ "type": "Feature", "properties": { "nombre": "Camino sin nombre", "longitud_km": 1.19 }, "geometry": { "type": "LineString", "coordinates": [ [ -70.8603, -41.1708 ], [ -70.8627, -41.1813 ] ] } },
{ "type": "Feature", "properties": { "nombre": "Camino sin nombre", "longitud_km": 0.24 }, "geometry": { "type": "LineString", "coordinates": [ [ -71.4225, -41.1316 ], [ -71.4197, -41.1318 ] ] } },
{ "type": "Feature", "properties": { "nombre": "Camino sin nombre", "longitud_km": 0.04 }, "geometry": { "type": "LineString", "coordinates": [ [ -71.3843, -41.164 ], [ -71.3846, -41.1642 ] ] } },
{ "type": "Feature", "properties": { "nombre": "Camino sin nombre", "longitud_km": 0.16 }, "geometry": { "type": "LineString", "coordinates": [ [ -70.5785, -40.7419 ], [ -70.5801, -40.7412 ] ] } },
{ "type": "Feature", "properties": { "nombre": "Camino sin nombre", "longitud_km": 0.44 }, "geometry": { "type": "LineString", "coordinates": [ [ -67.7272, -39.0623 ], [ -67.7323, -39.0616 ] ] } },
{ "type": "Feature", "properties": { "nombre": "Camino sin nombre", "longitud_km": 0.11 }, "geometry": { "type": "LineString", "coordinates": [ [ -71.333, -41.1883 ], [ -71.3322, -41.1891 ] ] } },
{ "type": "Feature", "properties": { "nombre": "Camino sin nombre", "longitud_km": 0.7 }, "geometry": { "type": "LineString", "coordinates": [ [ -67.7818, -38.6804 ], [ -67.7872, -38.6758 ] ] } },
{ "type": "Feature", "properties": { "nombre": "Camino sin nombre", "longitud_km": 1.02 }, "geometry": { "type": "LineString", "coordinates": [ [ -67.6335, -39.0743 ], [ -67.6354, -39.0833 ] ] } },
{ "type": "Feature", "properties": { "nombre": "Camino sin nombre", "longitud_km": 0.09 }, "geometry": { "type": "LineString", "coordinates": [ [ -71.4877, -41.0556 ], [ -71.4886, -41.056 ] ] } },
{ "type": "Feature", "properties": { "nombre": "Camino sin nombre", "longitud_km": 1.53 }, "geometry": { "type": "LineString", "coordinates": [ [ -70.7494, -40.9892 ], [ -70.7653, -40.9827 ] ] } },
{ "type": "Feature", "properties": { "nombre": "Camino sin nombre", "longitud_km": 0.1 }, "geometry": { "type": "LineString", "coordinates": [ [ -68.0094, -38.9523 ], [ -68.0082, -38.9523 ] ] } },
{ "type": "Feature", "properties": { "nombre": "Camino sin nombre", "longitud_km": 0.27 }, "geometry": { "type": "LineString", "coordinates": [ [ -68.1677, -38.7249 ], [ -68.1708, -38.7251 ] ] } },
{ "type": "Feature", "properties": { "nombre": "Camino sin nombre", "longitud_km": 2.95 }, "geometry": { "type": "LineString", "coordinates": [ [ -67.679, -38.9142 ], [ -67.6777, -38.8876 ] ] } },
{ "type": "Feature", "properties": { "nombre": "Camino sin nombre", "longitud_km": 1.04 }, "geometry": { "type": "LineString", "coordinates": [ [ -67.6475, -39.0254 ], [ -67.6493, -39.0347 ] ] } },
{ "type": "Feature", "properties": { "nombre": "Camino sin nombre", "longitud_km": 0.16 }, "geometry": { "type": "LineString", "coordinates": [ [ -71.1638, -41.1449 ], [ -71.162, -41.1446 ] ] } },
{ "type": "Feature", "properties": { "nombre": "Camino sin nombre", "longitud_km": 0.04 }, "geometry": { "type": "LineString", "coordinates": [ [ -68.0172, -38.9163 ], [ -68.0168, -38.9165 ] ] } },
{ "type": "Feature", "properties": { "nombre": "Camino sin nombre", "longitud_km": 1.05 }, "geometry": { "type": "LineString", "coordinates": [ [ -67.6354, -39.0833 ], [ -67.6374, -39.0927 ] ] } },
{ "type": "Feature", "properties": { "nombre": "Camino sin nombre", "longitud_km": 0.12 }, "geometry": { "type": "LineString", "coordinates": [ [ -67.9875, -39.0172 ], [ -67.9863, -39.0167 ] ] } },
{ "type": "Feature", "properties": { "nombre": "Camino sin nombre", "longitud_km": 2.6 }, "geometry": { "type": "LineString", "coordinates": [ [ -70.8639, -41.1909 ], [ -70.8458, -41.2019 ], [ -70.8457, -41.2078 ] ] } },
{ "type": "Feature", "properties": { "nombre": "Camino sin nombre", "longitud_km": 0.13 }, "geometry": { "type": "LineString", "coordinates": [ [ -71.3402, -41.1802 ], [ -71.3397, -41.1791 ] ] } },
{ "type": "Feature", "properties": { "nombre": "Camino sin nombre", "longitud_km": 0.13 }, "geometry": { "type": "LineString", "coordinates": [ [ -71.4242, -41.1091 ], [ -71.4245, -41.1103 ] ] } },
{ "type": "Feature", "properties": { "nombre": "Camino sin nombre", "longitud_km": 0.12 }, "geometry": { "type": "LineString", "coordinates": [ [ -71.3802, -41.1718 ], [ -71.3815, -41.1723 ] ] } },
{ "type": "Feature", "properties": { "nombre": "Camino sin nombre", "longitud_km": 0.13 }, "geometry": { "type": "LineString", "coordinates": [ [ -71.393, -41.169 ], [ -71.3944, -41.1686 ] ] } },
{ "type": "Feature", "properties": { "nombre": "Camino sin nombre", "longitud_km": 0.07 }, "geometry": { "type": "LineString", "coordinates": [ [ -71.3944, -41.1686 ], [ -71.3949, -41.1681 ] ] } },
{ "type": "Feature", "properties": { "nombre": "Camino sin nombre", "longitud_km": 0.83 }, "geometry": { "type": "LineString", "coordinates": [ [ -69.6378, -40.6541 ], [ -69.6475, -40.6552 ] ] } },
{ "type": "Feature", "properties": { "nombre": "Camino sin nombre", "longitud_km": 0.66 }, "geometry": { "type": "LineString", "coordinates": [ [ -68.1583, -38.728 ], [ -68.1578, -38.7339 ] ] } },
{ "type": "Feature", "properties": { "nombre": "Camino sin nombre", "longitud_km": 0.8 }, "geometry": { "type": "LineString", "coordinates": [ [ -68.0, -38.9034 ], [ -67.9907, -38.9034 ] ] } },
{ "type": "Feature", "properties": { "nombre": "Camino sin nombre", "longitud_km": 0.43 }, "geometry": { "type": "LineString", "coordinates": [ [ -71.2655, -41.161 ], [ -71.2704, -41.16 ] ] } },
{ "type": "Feature", "properties": { "nombre": "Camino sin nombre", "longitud_km": 0.11 }, "geometry": { "type": "LineString", "coordinates": [ [ -71.1669, -41.1449 ], [ -71.1656, -41.1446 ] ] } },
{ "type": "Feature", "properties": { "nombre": "Camino sin nombre", "longitud_km": 0.27 }, "geometry": { "type": "LineString", "coordinates": [ [ -67.9715, -38.8927 ], [ -67.9739, -38.8912 ] ] } },
{ "type": "Feature", "properties": { "nombre": "Camino sin nombre", "longitud_km": 0.14 }, "geometry": { "type": "LineString", "coordinates": [ [ -68.0522, -37.7139 ], [ -68.0536, -37.7134 ] ] } },
{ "type": "Feature", "properties": { "nombre": "Camino sin nombre", "longitud_km": 1.03 }, "geometry": { "type": "LineString", "coordinates": [ [ -67.6863, -39.0395 ], [ -67.6883, -39.0486 ] ] } },
{ "type": "Feature", "properties": { "nombre": "Camino sin nombre", "longitud_km": 0.01 }, "geometry": { "type": "LineString", "coordinates": [ [ -67.957, -38.9698 ], [ -67.957, -38.9696 ] ] } },
{ "type": "Feature", "properties": { "nombre": "Camino sin nombre", "longitud_km": 2.78 }, "geometry": { "type": "LineString", "coordinates": [ [ -70.0, -40.5997 ], [ -70.0264, -40.5924 ], [ -70.027, -40.5888 ] ] } },
{ "type": "Feature", "properties": { "nombre": "Camino sin nombre", "longitud_km": 0.35 }, "geometry": { "type": "LineString", "coordinates": [ [ -71.1976, -41.1031 ], [ -71.2016, -41.1039 ] ] } },
{ "type": "Feature", "properties": { "nombre": "Camino sin nombre", "longitud_km": 1.08 }, "geometry": { "type": "LineString", "coordinates": [ [ -67.9531, -38.9603 ], [ -67.9451, -38.9528 ] ] } },
{ "type": "Feature", "properties": { "nombre": "Camino sin nombre", "longitud_km": 0.24 }, "geometry": { "type": "LineString", "coordinates": [ [ -71.3816, -41.1706 ], [ -71.3829, -41.1726 ] ] } },
{ "type": "Feature", "properties": { "nombre": "Camino sin nombre", "longitud_km": 0.45 }, "geometry": { "type": "LineString", "coordinates": [ [ -67.8247, -38.9617 ], [ -67.8297, -38.961 ] ] } },
{ "type": "Feature", "properties": { "nombre": "Camino sin nombre", "longitud_km": 0.48 }, "geometry": { "type": "LineString", "coordinates": [ [ -71.3406, -41.1999 ], [ -71.3369, -41.1967 ] ] } },
{ "type": "Feature", "properties": { "nombre": "Camino sin nombre", "longitud_km": 0.04 }, "geometry": { "type": "LineString", "coordinates": [ [ -70.9141, -40.9123 ], [ -70.9146, -40.9124 ] ] } },
{ "type": "Feature", "properties": { "nombre": "Camino sin nombre", "longitud_km": 0.08 }, "geometry": { "type": "LineString", "coordinates": [ [ -71.4149, -41.132 ], [ -71.4142, -41.1324 ] ] } },
{ "type": "Feature", "properties": { "nombre": "Camino sin nombre", "longitud_km": 0.35 }, "geometry": { "type": "LineString", "coordinates": [ [ -71.1484, -41.0552 ], [ -71.1444, -41.0563 ] ] } },
{ "type": "Feature", "properties": { "nombre": "Camino sin nombre", "longitud_km": 0.19 }, "geometry": { "type": "LineString", "coordinates": [ [ -70.6434, -41.0 ], [ -70.6451, -41.001 ] ] } },
{ "type": "Feature", "properties": { "nombre": "Camino sin nombre", "longitud_km": 0.05 }, "geometry": { "type": "LineString", "coordinates": [ [ -67.7472, -38.7525 ], [ -67.7468, -38.7522 ] ] } },
{ "type": "Feature", "properties": { "nombre": "Camino sin nombre", "longitud_km": 0.09 }, "geometry": { "type": "LineString", "coordinates": [ [ -71.4093, -41.1488 ], [ -71.4082, -41.1486 ] ] } },
{ "type": "Feature", "properties": { "nombre": "Camino sin nombre", "longitud_km": 1.9 }, "geometry": { "type": "LineString", "coordinates": [ [ -70.5284, -40.7536 ], [ -70.5264, -40.7632 ], [ -70.5169, -40.7644 ] ] } },
{ "type": "Feature", "properties": { "nombre": "Camino sin nombre", "longitud_km": 0.9 }, "geometry": { "type": "LineString", "coordinates": [ [ -71.4397, -41.1535 ], [ -71.436, -41.1459 ] ] } },
{ "type": "Feature", "properties": { "nombre": "Camino sin nombre", "longitud_km": 4.65 }, "geometry": { "type": "LineString", "coordinates": [ [ -70.6311, -40.6192 ], [ -70.6576, -40.6406 ], [ -70.6613, -40.6528 ] ] } },
{ "type": "Feature", "properties": { "nombre": "Camino sin nombre", "longitud_km": 0.3 }, "geometry": { "type": "LineString", "coordinates": [ [ -70.4956, -40.7283 ], [ -70.4986, -40.7268 ] ] } },
{ "type": "Feature", "properties": { "nombre": "Camino sin nombre", "longitud_km": 0.09 }, "geometry": { "type": "LineString", "coordinates": [ [ -71.3611, -41.1637 ], [ -71.3608, -41.1645 ] ] } },
{ "type": "Feature", "properties": { "nombre": "Camino sin nombre", "longitud_km": 1.96 }, "geometry": { "type": "LineString", "coordinates": [ [ -70.4735, -40.6667 ], [ -70.4946, -40.6594 ] ] } },
{ "type": "Feature", "properties": { "nombre": "Camino sin nombre", "longitud_km": 0.54 }, "geometry": { "type": "LineString", "coordinates": [ [ -67.8663, -38.932 ], [ -67.8725, -38.9322 ] ] } },
{ "type": "Feature", "properties": { "nombre": "Camino sin nombre", "longitud_km": 1.42 }, "geometry": { "type": "LineString", "coordinates": [ [ -70.856, -41.1531 ], [ -70.8637, -41.1645 ] ] } },
{ "type": "Feature", "properties": { "nombre": "Camino sin nombre", "longitud_km": 0.5 }, "geometry": { "type": "LineString", "coordinates": [ [ -70.6327, -40.6698 ], [ -70.6343, -40.6741 ] ] } },
{ "type": "Feature", "properties": { "nombre": "Camino sin nombre", "longitud_km": 0.03 }, "geometry": { "type": "LineString", "coordinates": [ [ -71.3846, -41.1642 ], [ -71.3846, -41.164 ] ] } },
{ "type": "Feature", "properties": { "nombre": "Camino sin nombre", "longitud_km": 0.1 }, "geometry": { "type": "LineString", "coordinates": [ [ -71.3635, -41.1633 ], [ -71.363, -41.1625 ] ] } },
{ "type": "Feature", "properties": { "nombre": "Camino sin nombre", "longitud_km": 0.1 }, "geometry": { "type": "LineString", "coordinates": [ [ -71.1348, -41.089 ], [ -71.1359, -41.0885 ] ] } },
{ "type": "Feature", "properties": { "nombre": "Camino sin nombre", "longitud_km": 0.32 }, "geometry": { "type": "LineString", "coordinates": [ [ -67.9546, -38.9629 ], [ -67.9531, -38.9603 ] ] } },
{ "type": "Feature", "properties": { "nombre": "Camino sin nombre", "longitud_km": 0.14 }, "geometry": { "type": "LineString", "coordinates": [ [ -71.1685, -41.1445 ], [ -71.1669, -41.1449 ] ] } },
{ "type": "Feature", "properties": { "nombre": "Camino sin nombre", "longitud_km": 2.84 }, "geometry": { "type": "LineString", "coordinates": [ [ -70.9596, -40.6667 ], [ -70.9388, -40.6732 ], [ -70.9283, -40.6705 ] ] } },
{ "type": "Feature", "properties": { "nombre": "Camino sin nombre", "longitud_km": 0.71 }, "geometry": { "type": "LineString", "coordinates": [ [ -71.3729, -41.1375 ], [ -71.3754, -41.1436 ] ] } },
{ "type": "Feature", "properties": { "nombre": "Camino sin nombre", "longitud_km": 0.25 }, "geometry": { "type": "LineString", "coordinates": [ [ -71.1431, -41.0647 ], [ -71.1461, -41.0649 ] ] } },
{ "type": "Feature", "properties": { "nombre": "Camino sin nombre", "longitud_km": 0.34 }, "geometry": { "type": "LineString", "coordinates": [ [ -68.166, -37.6688 ], [ -68.1696, -37.6676 ] ] } },
{ "type": "Feature", "properties": { "nombre": "Camino sin nombre", "longitud_km": 0.19 }, "geometry": { "type": "LineString", "coordinates": [ [ -67.9164, -38.995 ], [ -67.9143, -38.9943 ] ] } },
{ "type": "Feature", "properties": { "nombre": "Camino sin nombre", "longitud_km": 0.18 }, "geometry": { "type": "LineString", "coordinates": [ [ -71.3699, -41.1615 ], [ -71.3691, -41.16 ] ] } },
{ "type": "Feature", "properties": { "nombre": "Camino sin nombre", "longitud_km": 0.7 }, "geometry": { "type": "LineString", "coordinates": [ [ -71.347, -41.1814 ], [ -71.3478, -41.1752 ] ] } },
{ "type": "Feature", "properties": { "nombre": "Camino sin nombre", "longitud_km": 7.99 }, "geometry": { "type": "LineString", "coordinates": [ [ -71.1438, -41.057 ], [ -71.1283, -41.0458 ], [ -71.1145, -41.0187 ], [ -71.1039, -41.0149 ], [ -71.0911, -41.0 ] ] } },
{ "type": "Feature", "properties": { "nombre": "Camino sin nombre", "longitud_km": 0.12 }, "geometry": { "type": "LineString", "coordinates": [ [ -70.8003, -40.6645 ], [ -70.7989, -40.6646 ] ] } },
{ "type": "Feature", "properties": { "nombre": "Camino sin nombre", "longitud_km": 0.58 }, "geometry": { "type": "LineString", "coordinates": [ [ -70.7845, -40.7467 ], [ -70.7838, -40.7519 ] ] } },
{ "type": "Feature", "properties": { "nombre": "Camino sin nombre", "longitud_km": 0.45 }, "geometry": { "type": "LineString", "coordinates": [ [ -71.1492, -41.0589 ], [ -71.1439, -41.0583 ] ] } },
{ "type": "Feature", "properties": { "nombre": "Camino sin nombre", "longitud_km": 0.75 }, "geometry": { "type": "LineString", "coordinates": [ [ -71.3367, -41.1854 ], [ -71.3279, -41.1865 ] ] } },
{ "type": "Feature", "properties": { "nombre": "Camino sin nombre", "longitud_km": 19.88 }, "geometry": { "type": "LineString", "coordinates": [ [ -70.9776, -40.7298 ], [ -70.9296, -40.7668 ], [ -70.9458, -40.7738 ], [ -70.9479, -40.7841 ], [ -70.9602, -40.7862 ], [ -70.9488, -40.7961 ], [ -70.9539, -40.8029 ], [ -70.951, -40.8135 ], [ -70.9606, -40.8192 ], [ -70.9699, -40.8162 ], [ -70.9824, -40.793 ], [ -71.0, -40.7792 ] ] } },
{ "type": "Feature", "properties": { "nombre": "Camino sin nombre", "longitud_km": 0.34 }, "geometry": { "type": "LineString", "coordinates": [ [ -71.1394, -41.0679 ], [ -71.1414, -41.0705 ] ] } },
{ "type": "Feature", "properties": { "nombre": "Camino sin nombre", "longitud_km": 0.1 }, "geometry": { "type": "LineString", "coordinates": [ [ -71.3869, -41.1692 ], [ -71.3862, -41.1685 ] ] } },
{ "type": "Feature", "properties": { "nombre": "Camino sin nombre", "longitud_km": 7.24 }, "geometry": { "type": "LineString", "coordinates": [ [ -70.3959, -40.7545 ], [ -70.3976, -40.7571 ], [ -70.4068, -40.749 ], [ -70.4593, -40.7496 ], [ -70.471, -40.742 ] ] } },
{ "type": "Feature", "properties": { "nombre": "Camino sin nombre", "longitud_km": 0.2 }, "geometry": { "type": "LineString", "coordinates": [ [ -71.3372, -41.1814 ], [ -71.3396, -41.1811 ] ] } },
{ "type": "Feature", "properties": { "nombre": "Camino sin nombre", "longitud_km": 0.36 }, "geometry": { "type": "LineString", "coordinates": [ [ -70.8633, -41.1714 ], [ -70.8639, -41.1746 ] ] } },
{ "type": "Feature", "properties": { "nombre": "Camino sin nombre", "longitud_km": 1.87 }, "geometry": { "type": "LineString", "coordinates": [ [ -70.5275, -40.5631 ], [ -70.5334, -40.5689 ], [ -70.5458, -40.5676 ] ] } },
{ "type": "Feature", "properties": { "nombre": "Camino sin nombre", "longitud_km": 0.99 }, "geometry": { "type": "LineString", "coordinates": [ [ -67.6202, -39.0667 ], [ -67.6316, -39.0651 ] ] } },
{ "type": "Feature", "properties": { "nombre": "Camino sin nombre", "longitud_km": 1.03 }, "geometry": { "type": "LineString", "coordinates": [ [ -67.6316, -39.0651 ], [ -67.6335, -39.0743 ] ] } },
{ "type": "Feature", "properties": { "nombre": "Camino sin nombre", "longitud_km": 0.36 }, "geometry": { "type": "LineString", "coordinates": [ [ -67.6252, -39.0344 ], [ -67.6259, -39.0376 ] ] } },
{ "type": "Feature", "properties": { "nombre": "Camino sin nombre", "longitud_km": 0.98 }, "geometry": { "type": "LineString", "coordinates": [ [ -67.837, -39.0109 ], [ -67.8388, -39.0197 ] ] } },
{ "type": "Feature", "properties": { "nombre": "Camino sin nombre", "longitud_km": 0.98 }, "geometry": { "type": "LineString", "coordinates": [ [ -67.8376, -39.0109 ], [ -67.8488, -39.0092 ] ] } },
{ "type": "Feature", "properties": { "nombre": "Camino sin nombre", "longitud_km": 0.4 }, "geometry": { "type": "LineString", "coordinates": [ [ -67.9545, -38.9797 ], [ -67.959, -38.9788 ] ] } },
{ "type": "Feature", "properties": { "nombre": "Camino sin nombre", "longitud_km": 0.5 }, "geometry": { "type": "LineString", "coordinates": [ [ -71.3397, -41.1959 ], [ -71.34, -41.1914 ] ] } },
{ "type": "Feature", "properties": { "nombre": "Camino sin nombre", "longitud_km": 3.67 }, "geometry": { "type": "LineString", "coordinates": [ [ -67.5704, -39.0845 ], [ -67.5711, -39.0919 ], [ -67.5853, -39.0948 ], [ -67.584, -39.1014 ], [ -67.5936, -39.1027 ] ] } },
{ "type": "Feature", "properties": { "nombre": "Camino sin nombre", "longitud_km": 1.41 }, "geometry": { "type": "LineString", "coordinates": [ [ -70.7531, -40.6257 ], [ -70.7534, -40.6163 ], [ -70.7492, -40.6155 ] ] } },
{ "type": "Feature", "properties": { "nombre": "Camino sin nombre", "longitud_km": 0.12 }, "geometry": { "type": "LineString", "coordinates": [ [ -67.5515, -39.0131 ], [ -67.5517, -39.0142 ] ] } },
{ "type": "Feature", "properties": { "nombre": "Camino sin nombre", "longitud_km": 0.05 }, "geometry": { "type": "LineString", "coordinates": [ [ -67.5518, -39.0136 ], [ -67.5523, -39.0137 ] ] } },
{ "type": "Feature", "properties": { "nombre": "Camino sin nombre", "longitud_km": 6.97 }, "geometry": { "type": "LineString", "coordinates": [ [ -70.533, -40.6263 ], [ -70.5404, -40.616 ], [ -70.5395, -40.607 ], [ -70.5467, -40.5897 ], [ -70.5483, -40.5822 ], [ -70.5424, -40.5712 ], [ -70.5458, -40.5676 ] ] } },
{ "type": "Feature", "properties": { "nombre": "Camino sin nombre", "longitud_km": 0.19 }, "geometry": { "type": "LineString", "coordinates": [ [ -71.1399, -41.0889 ], [ -71.141, -41.0904 ] ] } },
{ "type": "Feature", "properties": { "nombre": "Camino sin nombre", "longitud_km": 0.36 }, "geometry": { "type": "LineString", "coordinates": [ [ -71.3207, -41.1919 ], [ -71.324, -41.1898 ] ] } },
{ "type": "Feature", "properties": { "nombre": "Camino sin nombre", "longitud_km": 0.05 }, "geometry": { "type": "LineString", "coordinates": [ [ -71.4103, -41.1444 ], [ -71.4098, -41.1443 ] ] } },
{ "type": "Feature", "properties": { "nombre": "Camino sin nombre", "longitud_km": 0.68 }, "geometry": { "type": "LineString", "coordinates": [ [ -70.8697, -41.1901 ], [ -70.8761, -41.1939 ] ] } },
{ "type": "Feature", "properties": { "nombre": "Camino sin nombre", "longitud_km": 0.08 }, "geometry": { "type": "LineString", "coordinates": [ [ -71.1957, -41.1029 ], [ -71.1953, -41.1022 ] ] } },
{ "type": "Feature", "properties": { "nombre": "Camino sin nombre", "longitud_km": 0.13 }, "geometry": { "type": "LineString", "coordinates": [ [ -71.341, -41.2011 ], [ -71.3406, -41.1999 ] ] } },
{ "type": "Feature", "properties": { "nombre": "Camino sin nombre", "longitud_km": 0.08 }, "geometry": { "type": "LineString", "coordinates": [ [ -71.3802, -41.1647 ], [ -71.3808, -41.1641 ] ] } },
{ "type": "Feature", "properties": { "nombre": "Camino sin nombre", "longitud_km": 3.62 }, "geometry": { "type": "LineString", "coordinates": [ [ -70.5955, -40.8488 ], [ -70.584, -40.849 ], [ -70.571, -40.8582 ], [ -70.5573, -40.8586 ] ] } },
{ "type": "Feature", "properties": { "nombre": "Camino sin nombre", "longitud_km": 0.51 }, "geometry": { "type": "LineString", "coordinates": [ [ -71.478, -41.0547 ], [ -71.4838, -41.056 ] ] } },
{ "type": "Feature", "properties": { "nombre": "Camino sin nombre", "longitud_km": 0.4 }, "geometry": { "type": "LineString", "coordinates": [ [ -71.3612, -41.1592 ], [ -71.3567, -41.1579 ] ] } },
{ "type": "Feature", "properties": { "nombre": "Camino sin nombre", "longitud_km": 0.34 }, "geometry": { "type": "LineString", "coordinates": [ [ -71.3432, -41.1806 ], [ -71.3397, -41.1791 ] ] } },
{ "type": "Feature", "properties": { "nombre": "Camino sin nombre", "longitud_km": 3.71 }, "geometry": { "type": "LineString", "coordinates": [ [ -70.6387, -40.9473 ], [ -70.6249, -40.9359 ], [ -70.619, -40.9186 ] ] } },
{ "type": "Feature", "properties": { "nombre": "Camino sin nombre", "longitud_km": 0.44 }, "geometry": { "type": "LineString", "coordinates": [ [ -67.6052, -39.005 ], [ -67.6007, -39.0067 ] ] } },
{ "type": "Feature", "properties": { "nombre": "Camino sin nombre", "longitud_km": 0.08 }, "geometry": { "type": "LineString", "coordinates": [ [ -71.3821, -41.1726 ], [ -71.3811, -41.1728 ] ] } },
{ "type": "Feature", "properties": { "nombre": "Camino sin nombre", "longitud_km": 0.11 }, "geometry": { "type": "LineString", "coordinates": [ [ -71.3616, -41.1625 ], [ -71.363, -41.1625 ] ] } },
{ "type": "Feature", "properties": { "nombre": "Camino sin nombre", "longitud_km": 1.32 }, "geometry": { "type": "LineString", "coordinates": [ [ -70.528, -40.6375 ], [ -70.533, -40.6263 ] ] } },
{ "type": "Feature", "properties": { "nombre": "Camino sin nombre", "longitud_km": 0.18 }, "geometry": { "type": "LineString", "coordinates": [ [ -67.6377, -39.0016 ], [ -67.6382, -39.0031 ] ] } },
{ "type": "Feature", "properties": { "nombre": "Camino sin nombre", "longitud_km": 0.06 }, "geometry": { "type": "LineString", "coordinates": [ [ -71.3878, -41.1699 ], [ -71.3873, -41.1696 ] ] } },
{ "type": "Feature", "properties": { "nombre": "Camino sin nombre", "longitud_km": 0.15 }, "geometry": { "type": "LineString", "coordinates": [ [ -67.5576, -39.0112 ], [ -67.5564, -39.0102 ] ] } },
{ "type": "Feature", "properties": { "nombre": "Camino sin nombre", "longitud_km": 10.72 }, "geometry": { "type": "LineString", "coordinates": [ [ -70.3722, -40.9637 ], [ -70.3567, -40.9673 ], [ -70.3323, -40.961 ], [ -70.2919, -40.9634 ], [ -70.2691, -40.9578 ], [ -70.2504, -40.9649 ] ] } },
{ "type": "Feature", "properties": { "nombre": "Camino sin nombre", "longitud_km": 0.14 }, "geometry": { "type": "LineString", "coordinates": [ [ -71.3745, -41.1701 ], [ -71.373, -41.1695 ] ] } },
{ "type": "Feature", "properties": { "nombre": "Camino sin nombre", "longitud_km": 0.2 }, "geometry": { "type": "LineString", "coordinates": [ [ -71.2454, -41.1199 ], [ -71.2433, -41.1191 ] ] } },
{ "type": "Feature", "properties": { "nombre": "Camino sin nombre", "longitud_km": 0.04 }, "geometry": { "type": "LineString", "coordinates": [ [ -67.6375, -39.0058 ], [ -67.6377, -39.0062 ] ] } },
{ "type": "Feature", "properties": { "nombre": "Camino sin nombre", "longitud_km": 0.08 }, "geometry": { "type": "LineString", "coordinates": [ [ -67.6377, -39.0062 ], [ -67.6381, -39.0068 ] ] } },
{ "type": "Feature", "properties": { "nombre": "Camino sin nombre", "longitud_km": 0.04 }, "geometry": { "type": "LineString", "coordinates": [ [ -71.2016, -41.1039 ], [ -71.2017, -41.1036 ] ] } },
{ "type": "Feature", "properties": { "nombre": "Camino sin nombre", "longitud_km": 0.08 }, "geometry": { "type": "LineString", "coordinates": [ [ -67.635, -39.0073 ], [ -67.6346, -39.0079 ] ] } },
{ "type": "Feature", "properties": { "nombre": "Camino sin nombre", "longitud_km": 0.22 }, "geometry": { "type": "LineString", "coordinates": [ [ -71.3926, -41.1685 ], [ -71.3909, -41.17 ] ] } },
{ "type": "Feature", "properties": { "nombre": "Camino sin nombre", "longitud_km": 0.08 }, "geometry": { "type": "LineString", "coordinates": [ [ -67.6372, -39.0073 ], [ -67.6381, -39.0072 ] ] } },
{ "type": "Feature", "properties": { "nombre": "Camino sin nombre", "longitud_km": 0.36 }, "geometry": { "type": "LineString", "coordinates": [ [ -67.5435, -39.0145 ], [ -67.5394, -39.015 ] ] } },
{ "type": "Feature", "properties": { "nombre": "Camino sin nombre", "longitud_km": 0.43 }, "geometry": { "type": "LineString", "coordinates": [ [ -70.748, -40.6255 ], [ -70.7531, -40.6257 ] ] } },
{ "type": "Feature", "properties": { "nombre": "Camino sin nombre", "longitud_km": 0.23 }, "geometry": { "type": "LineString", "coordinates": [ [ -71.3388, -41.1913 ], [ -71.3403, -41.1895 ] ] } },
{ "type": "Feature", "properties": { "nombre": "Camino sin nombre", "longitud_km": 0.1 }, "geometry": { "type": "LineString", "coordinates": [ [ -71.3426, -41.185 ], [ -71.3415, -41.1851 ] ] } },
{ "type": "Feature", "properties": { "nombre": "Camino sin nombre", "longitud_km": 0.18 }, "geometry": { "type": "LineString", "coordinates": [ [ -71.3703, -41.1647 ], [ -71.3724, -41.1644 ] ] } },
{ "type": "Feature", "properties": { "nombre": "Camino sin nombre", "longitud_km": 0.01 }, "geometry": { "type": "LineString", "coordinates": [ [ -71.7725, -41.2309 ], [ -71.7724, -41.231 ] ] } },
{ "type": "Feature", "properties": { "nombre": "Camino sin nombre", "longitud_km": 7.07 }, "geometry": { "type": "LineString", "coordinates": [ [ -71.0344, -41.0718 ], [ -71.0507, -41.0994 ], [ -71.0686, -41.1024 ], [ -71.0705, -41.1118 ], [ -71.0837, -41.1108 ] ] } },
{ "type": "Feature", "properties": { "nombre": "Camino sin nombre", "longitud_km": 0.04 }, "geometry": { "type": "LineString", "coordinates": [ [ -71.3909, -41.17 ], [ -71.3905, -41.1703 ] ] } },
{ "type": "Feature", "properties": { "nombre": "Camino sin nombre", "longitud_km": 0.01 }, "geometry": { "type": "LineString", "coordinates": [ [ -70.8696, -41.19 ], [ -70.8697, -41.1901 ] ] } },
{ "type": "Feature", "properties": { "nombre": "Camino sin nombre", "longitud_km": 0.12 }, "geometry": { "type": "LineString", "coordinates": [ [ -71.3962, -41.1704 ], [ -71.3952, -41.1697 ] ] } },
{ "type": "Feature", "properties": { "nombre": "Camino sin nombre", "longitud_km": 1.03 }, "geometry": { "type": "LineString", "coordinates": [ [ -67.6785, -39.0593 ], [ -67.6902, -39.0577 ] ] } },
{ "type": "Feature", "properties": { "nombre": "Camino sin nombre", "longitud_km": 1.71 }, "geometry": { "type": "LineString", "coordinates": [ [ -71.2058, -41.1098 ], [ -71.2251, -41.1148 ] ] } },
{ "type": "Feature", "properties": { "nombre": "Camino sin nombre", "longitud_km": 0.14 }, "geometry": { "type": "LineString", "coordinates": [ [ -71.3607, -41.1635 ], [ -71.3616, -41.1625 ] ] } },
{ "type": "Feature", "properties": { "nombre": "Camino sin nombre", "longitud_km": 0.22 }, "geometry": { "type": "LineString", "coordinates": [ [ -71.4743, -41.0548 ], [ -71.4718, -41.0555 ] ] } },
{ "type": "Feature", "properties": { "nombre": "Camino sin nombre", "longitud_km": 0.27 }, "geometry": { "type": "LineString", "coordinates": [ [ -71.373, -41.1658 ], [ -71.3699, -41.1653 ] ] } },
{ "type": "Feature", "properties": { "nombre": "Camino sin nombre", "longitud_km": 0.21 }, "geometry": { "type": "LineString", "coordinates": [ [ -67.9968, -39.0206 ], [ -67.9947, -39.0198 ] ] } },
{ "type": "Feature", "properties": { "nombre": "Camino sin nombre", "longitud_km": 0.29 }, "geometry": { "type": "LineString", "coordinates": [ [ -67.973, -38.9964 ], [ -67.9734, -38.9938 ] ] } },
{ "type": "Feature", "properties": { "nombre": "Camino sin nombre", "longitud_km": 0.16 }, "geometry": { "type": "LineString", "coordinates": [ [ -71.162, -41.1446 ], [ -71.1638, -41.1449 ] ] } },
{ "type": "Feature", "properties": { "nombre": "Camino sin nombre", "longitud_km": 0.46 }, "geometry": { "type": "LineString", "coordinates": [ [ -71.3406, -41.1999 ], [ -71.3397, -41.1959 ] ] } },
{ "type": "Feature", "properties": { "nombre": "Camino sin nombre", "longitud_km": 0.37 }, "geometry": { "type": "LineString", "coordinates": [ [ -67.9641, -39.0019 ], [ -67.9612, -39.0043 ] ] } },
{ "type": "Feature", "properties": { "nombre": "Camino sin nombre", "longitud_km": 0.11 }, "geometry": { "type": "LineString", "coordinates": [ [ -71.3746, -41.1687 ], [ -71.3753, -41.1695 ] ] } },
{ "type": "Feature", "properties": { "nombre": "Camino sin nombre", "longitud_km": 0.06 }, "geometry": { "type": "LineString", "coordinates": [ [ -71.3927, -41.1699 ], [ -71.3921, -41.1702 ] ] } },
{ "type": "Feature", "properties": { "nombre": "Camino sin nombre", "longitud_km": 0.99 }, "geometry": { "type": "LineString", "coordinates": [ [ -67.9247, -38.9712 ], [ -67.9134, -38.9726 ] ] } },
{ "type": "Feature", "properties": { "nombre": "Camino sin nombre", "longitud_km": 7.4 }, "geometry": { "type": "LineString", "coordinates": [ [ -71.1252, -41.1129 ], [ -71.1088, -41.1248 ], [ -71.108, -41.1399 ], [ -71.1194, -41.1549 ], [ -71.1235, -41.1717 ] ] } },
{ "type": "Feature", "properties": { "nombre": "Camino sin nombre", "longitud_km": 0.41 }, "geometry": { "type": "LineString", "coordinates": [ [ -71.5085, -41.0897 ], [ -71.511, -41.0929 ] ] } },
{ "type": "Feature", "properties": { "nombre": "Camino sin nombre", "longitud_km": 0.66 }, "geometry": { "type": "LineString", "coordinates": [ [ -68.1947, -37.6592 ], [ -68.1878, -37.6615 ] ] } },
{ "type": "Feature", "properties": { "nombre": "Camino sin nombre", "longitud_km": 0.41 }, "geometry": { "type": "LineString", "coordinates": [ [ -67.9378, -39.0673 ], [ -67.9424, -39.0663 ] ] } },
{ "type": "Feature", "properties": { "nombre": "Camino sin nombre", "longitud_km": 2.95 }, "geometry": { "type": "LineString", "coordinates": [ [ -70.69, -40.9484 ], [ -70.6703, -40.9495 ], [ -70.6598, -40.9579 ] ] } },
{ "type": "Feature", "properties": { "nombre": "Camino sin nombre", "longitud_km": 0.36 }, "geometry": { "type": "LineString", "coordinates": [ [ -70.5, -40.8383 ], [ -70.5, -40.835 ] ] } },
{ "type": "Feature", "properties": { "nombre": "Camino sin nombre", "longitud_km": 1.07 }, "geometry": { "type": "LineString", "coordinates": [ [ -67.6376, -39.0361 ], [ -67.6396, -39.0456 ] ] } },
{ "type": "Feature", "properties": { "nombre": "Camino sin nombre", "longitud_km": 0.58 }, "geometry": { "type": "LineString", "coordinates": [ [ -71.1858, -41.0865 ], [ -71.1815, -41.0824 ] ] } },
{ "type": "Feature", "properties": { "nombre": "Camino sin nombre", "longitud_km": 0.24 }, "geometry": { "type": "LineString", "coordinates": [ [ -71.3403, -41.1804 ], [ -71.3432, -41.1806 ] ] } },
{ "type": "Feature", "properties": { "nombre": "Camino sin nombre", "longitud_km": 0.1 }, "geometry": { "type": "LineString", "coordinates": [ [ -71.1471, -41.0642 ], [ -71.1483, -41.064 ] ] } },
{ "type": "Feature", "properties": { "nombre": "Camino sin nombre", "longitud_km": 1.29 }, "geometry": { "type": "LineString", "coordinates": [ [ -70.8237, -40.6555 ], [ -70.8316, -40.658 ], [ -70.8324, -40.663 ] ] } },
{ "type": "Feature", "properties": { "nombre": "Camino sin nombre", "longitud_km": 0.06 }, "geometry": { "type": "LineString", "coordinates": [ [ -71.393, -41.169 ], [ -71.3926, -41.1685 ] ] } },
{ "type": "Feature", "properties": { "nombre": "Camino sin nombre", "longitud_km": 0.2 }, "geometry": { "type": "LineString", "coordinates": [ [ -71.4173, -41.1319 ], [ -71.4149, -41.132 ] ] } },
{ "type": "Feature", "properties": { "nombre": "Camino sin nombre", "longitud_km": 0.28 }, "geometry": { "type": "LineString", "coordinates": [ [ -67.6276, -39.0254 ], [ -67.6282, -39.0279 ] ] } },
{ "type": "Feature", "properties": { "nombre": "Camino sin nombre", "longitud_km": 6.64 }, "geometry": { "type": "LineString", "coordinates": [ [ -69.9059, -40.6554 ], [ -69.9347, -40.6362 ], [ -69.9439, -40.6243 ], [ -69.9629, -40.6159 ] ] } },
{ "type": "Feature", "properties": { "nombre": "Camino sin nombre", "longitud_km": 0.1 }, "geometry": { "type": "LineString", "coordinates": [ [ -71.4365, -41.1419 ], [ -71.4353, -41.1418 ] ] } },
{ "type": "Feature", "properties": { "nombre": "Camino sin nombre", "longitud_km": 0.92 }, "geometry": { "type": "LineString", "coordinates": [ [ -70.7232, -40.9045 ], [ -70.7143, -40.8997 ] ] } },
{ "type": "Feature", "properties": { "nombre": "Camino sin nombre", "longitud_km": 0.11 }, "geometry": { "type": "LineString", "coordinates": [ [ -71.1387, -41.0886 ], [ -71.1399, -41.0889 ] ] } },
{ "type": "Feature", "properties": { "nombre": "Camino sin nombre", "longitud_km": 2.77 }, "geometry": { "type": "LineString", "coordinates": [ [ -70.6815, -41.1206 ], [ -70.7142, -41.1241 ] ] } },
{ "type": "Feature", "properties": { "nombre": "Camino sin nombre", "longitud_km": 2.06 }, "geometry": { "type": "LineString", "coordinates": [ [ -71.436, -41.1506 ], [ -71.4311, -41.1503 ], [ -71.436, -41.152 ], [ -71.4352, -41.1627 ] ] } },
{ "type": "Feature", "properties": { "nombre": "Camino sin nombre", "longitud_km": 0.1 }, "geometry": { "type": "LineString", "coordinates": [ [ -71.3323, -41.1873 ], [ -71.3335, -41.1873 ] ] } },
{ "type": "Feature", "properties": { "nombre": "Camino sin nombre", "longitud_km": 1.96 }, "geometry": { "type": "LineString", "coordinates": [ [ -70.5, -40.8383 ], [ -70.5076, -40.8372 ], [ -70.5163, -40.8275 ] ] } },
{ "type": "Feature", "properties": { "nombre": "Camino sin nombre", "longitud_km": 1.03 }, "geometry": { "type": "LineString", "coordinates": [ [ -70.6449, -40.6617 ], [ -70.6345, -40.6667 ] ] } },
{ "type": "Feature", "properties": { "nombre": "Camino sin nombre", "longitud_km": 0.79 }, "geometry": { "type": "LineString", "coordinates": [ [ -70.9504, -40.8858 ], [ -70.9555, -40.8798 ] ] } },
{ "type": "Feature", "properties": { "nombre": "Camino sin nombre", "longitud_km": 0.28 }, "geometry": { "type": "LineString", "coordinates": [ [ -67.6447, -39.1206 ], [ -67.6454, -39.1231 ] ] } },
{ "type": "Feature", "properties": { "nombre": "Camino sin nombre", "longitud_km": 0.22 }, "geometry": { "type": "LineString", "coordinates": [ [ -71.3454, -41.1816 ], [ -71.3432, -41.1806 ] ] } },
{ "type": "Feature", "properties": { "nombre": "Camino sin nombre", "longitud_km": 5.58 }, "geometry": { "type": "LineString", "coordinates": [ [ -70.826, -40.6421 ], [ -70.8287, -40.6366 ], [ -70.8595, -40.6291 ], [ -70.8538, -40.6213 ], [ -70.8405, -40.6177 ] ] } },
{ "type": "Feature", "properties": { "nombre": "Camino sin nombre", "longitud_km": 0.14 }, "geometry": { "type": "LineString", "coordinates": [ [ -71.2462, -41.122 ], [ -71.2473, -41.121 ] ] } },
{ "type": "Feature", "properties": { "nombre": "Camino sin nombre", "longitud_km": 6.62 }, "geometry": { "type": "LineString", "coordinates": [ [ -71.8318, -41.1946 ], [ -71.8247, -41.2042 ], [ -71.7988, -41.2164 ], [ -71.7847, -41.2316 ], [ -71.7755, -41.2308 ] ] } },
{ "type": "Feature", "properties": { "nombre": "Camino sin nombre", "longitud_km": 0.31 }, "geometry": { "type": "LineString", "coordinates": [ [ -71.3372, -41.1872 ], [ -71.3335, -41.1873 ] ] } },
{ "type": "Feature", "properties": { "nombre": "Camino sin nombre", "longitud_km": 1.01 }, "geometry": { "type": "LineString", "coordinates": [ [ -67.6902, -39.0577 ], [ -67.692, -39.0667 ] ] } },
{ "type": "Feature", "properties": { "nombre": "Camino sin nombre", "longitud_km": 0.57 }, "geometry": { "type": "LineString", "coordinates": [ [ -67.564, -38.984 ], [ -67.5688, -38.9806 ] ] } },
{ "type": "Feature", "properties": { "nombre": "Camino sin nombre", "longitud_km": 0.62 }, "geometry": { "type": "LineString", "coordinates": [ [ -70.7704, -41.1342 ], [ -70.7721, -41.1288 ] ] } },
{ "type": "Feature", "properties": { "nombre": "Camino sin nombre", "longitud_km": 0.72 }, "geometry": { "type": "LineString", "coordinates": [ [ -67.6777, -38.8876 ], [ -67.6755, -38.8813 ] ] } },
{ "type": "Feature", "properties": { "nombre": "Camino sin nombre", "longitud_km": 0.05 }, "geometry": { "type": "LineString", "coordinates": [ [ -71.5086, -41.0935 ], [ -71.5081, -41.0936 ] ] } },
{ "type": "Feature", "properties": { "nombre": "Camino sin nombre", "longitud_km": 0.42 }, "geometry": { "type": "LineString", "coordinates": [ [ -67.922, -39.0 ], [ -67.9211, -38.9963 ] ] } },
{ "type": "Feature", "properties": { "nombre": "Camino sin nombre", "longitud_km": 0.1 }, "geometry": { "type": "LineString", "coordinates": [ [ -67.9623, -38.9271 ], [ -67.9623, -38.9262 ] ] } },
{ "type": "Feature", "properties": { "nombre": "Camino sin nombre", "longitud_km": 0.31 }, "geometry": { "type": "LineString", "coordinates": [ [ -67.9273, -38.9424 ], [ -67.9273, -38.9396 ] ] } },
{ "type": "Feature", "properties": { "nombre": "Camino sin nombre", "longitud_km": 0.08 }, "geometry": { "type": "LineString", "coordinates": [ [ -70.7237, -40.9006 ], [ -70.7229, -40.9003 ] ] } },
{ "type": "Feature", "properties": { "nombre": "Camino sin nombre", "longitud_km": 0.02 }, "geometry": { "type": "LineString", "coordinates": [ [ -71.2032, -41.1052 ], [ -71.2033, -41.105 ] ] } },
{ "type": "Feature", "properties": { "nombre": "Camino sin nombre", "longitud_km": 0.32 }, "geometry": { "type": "LineString", "coordinates": [ [ -71.1699, -41.1015 ], [ -71.1737, -41.1016 ] ] } },
{ "type": "Feature", "properties": { "nombre": "Camino sin nombre", "longitud_km": 0.15 }, "geometry": { "type": "LineString", "coordinates": [ [ -67.9968, -39.0206 ], [ -67.9951, -39.0208 ] ] } },
{ "type": "Feature", "properties": { "nombre": "Camino sin nombre", "longitud_km": 0.09 }, "geometry": { "type": "LineString", "coordinates": [ [ -71.3823, -41.167 ], [ -71.3833, -41.1672 ] ] } },
{ "type": "Feature", "properties": { "nombre": "Camino sin nombre", "longitud_km": 0.22 }, "geometry": { "type": "LineString", "coordinates": [ [ -67.6441, -39.1137 ], [ -67.644, -39.1157 ] ] } },
{ "type": "Feature", "properties": { "nombre": "Camino sin nombre", "longitud_km": 0.12 }, "geometry": { "type": "LineString", "coordinates": [ [ -71.3699, -41.1615 ], [ -71.3712, -41.1611 ] ] } },
{ "type": "Feature", "properties": { "nombre": "Camino sin nombre", "longitud_km": 0.15 }, "geometry": { "type": "LineString", "coordinates": [ [ -71.1358, -41.0743 ], [ -71.1358, -41.0757 ] ] } },
{ "type": "Feature", "properties": { "nombre": "Camino sin nombre", "longitud_km": 2.6 }, "geometry": { "type": "LineString", "coordinates": [ [ -70.9791, -40.7329 ], [ -70.9884, -40.7451 ], [ -71.0, -40.748 ] ] } },
{ "type": "Feature", "properties": { "nombre": "Camino sin nombre", "longitud_km": 0.04 }, "geometry": { "type": "LineString", "coordinates": [ [ -71.3743, -41.1684 ], [ -71.3743, -41.1688 ] ] } },
{ "type": "Feature", "properties": { "nombre": "Camino sin nombre", "longitud_km": 0.2 }, "geometry": { "type": "LineString", "coordinates": [ [ -71.038, -41.069 ], [ -71.0362, -41.0702 ] ] } },
{ "type": "Feature", "properties": { "nombre": "Camino sin nombre", "longitud_km": 0.14 }, "geometry": { "type": "LineString", "coordinates": [ [ -71.374, -41.1671 ], [ -71.3743, -41.1684 ] ] } },
{ "type": "Feature", "properties": { "nombre": "Camino sin nombre", "longitud_km": 1.04 }, "geometry": { "type": "LineString", "coordinates": [ [ -68.0079, -38.9076 ], [ -68.0079, -38.917 ] ] } },
{ "type": "Feature", "properties": { "nombre": "Camino sin nombre", "longitud_km": 0.18 }, "geometry": { "type": "LineString", "coordinates": [ [ -71.6593, -41.2658 ], [ -71.6579, -41.2671 ] ] } },
{ "type": "Feature", "properties": { "nombre": "Camino sin nombre", "longitud_km": 0.08 }, "geometry": { "type": "LineString", "coordinates": [ [ -71.5077, -41.0964 ], [ -71.5086, -41.0961 ] ] } },
{ "type": "Feature", "properties": { "nombre": "Camino sin nombre", "longitud_km": 0.09 }, "geometry": { "type": "LineString", "coordinates": [ [ -67.7534, -38.9991 ], [ -67.7531, -38.9983 ] ] } },
{ "type": "Feature", "properties": { "nombre": "Camino sin nombre", "longitud_km": 0.31 }, "geometry": { "type": "LineString", "coordinates": [ [ -67.5465, -39.0588 ], [ -67.5471, -39.0616 ] ] } },
{ "type": "Feature", "properties": { "nombre": "Camino sin nombre", "longitud_km": 3.19 }, "geometry": { "type": "LineString", "coordinates": [ [ -68.5504, -39.1851 ], [ -68.5426, -39.2132 ] ] } },
{ "type": "Feature", "properties": { "nombre": "Camino sin nombre", "longitud_km": 0.19 }, "geometry": { "type": "LineString", "coordinates": [ [ -67.9055, -38.9926 ], [ -67.9053, -38.9908 ] ] } },
{ "type": "Feature", "properties": { "nombre": "Camino sin nombre", "longitud_km": 0.34 }, "geometry": { "type": "LineString", "coordinates": [ [ -67.9488, -38.9488 ], [ -67.9489, -38.9519 ] ] } },
{ "type": "Feature", "properties": { "nombre": "Camino sin nombre", "longitud_km": 0.13 }, "geometry": { "type": "LineString", "coordinates": [ [ -70.8268, -40.6534 ], [ -70.8257, -40.6543 ] ] } },
{ "type": "Feature", "properties": { "nombre": "Camino sin nombre", "longitud_km": 1.7 }, "geometry": { "type": "LineString", "coordinates": [ [ -70.6613, -40.6528 ], [ -70.6449, -40.6617 ] ] } },
{ "type": "Feature", "properties": { "nombre": "Camino sin nombre", "longitud_km": 0.3 }, "geometry": { "type": "LineString", "coordinates": [ [ -68.089, -38.7542 ], [ -68.0874, -38.7566 ] ] } },
{ "type": "Feature", "properties": { "nombre": "Camino sin nombre", "longitud_km": 1.07 }, "geometry": { "type": "LineString", "coordinates": [ [ -70.9669, -40.6574 ], [ -70.9584, -40.6503 ] ] } },
{ "type": "Feature", "properties": { "nombre": "Camino sin nombre", "longitud_km": 0.5 }, "geometry": { "type": "LineString", "coordinates": [ [ -71.369, -41.158 ], [ -71.3631, -41.1585 ] ] } },
{ "type": "Feature", "properties": { "nombre": "Camino sin nombre", "longitud_km": 0.05 }, "geometry": { "type": "LineString", "coordinates": [ [ -71.1438, -41.057 ], [ -71.1437, -41.0566 ] ] } },
{ "type": "Feature", "properties": { "nombre": "Camino sin nombre", "longitud_km": 0.64 }, "geometry": { "type": "LineString", "coordinates": [ [ -67.9716, -38.9589 ], [ -67.9698, -38.9534 ] ] } },
{ "type": "Feature", "properties": { "nombre": "Camino sin nombre", "longitud_km": 0.75 }, "geometry": { "type": "LineString", "coordinates": [ [ -67.7921, -39.0259 ], [ -67.7936, -39.0326 ] ] } },
{ "type": "Feature", "properties": { "nombre": "Camino sin nombre", "longitud_km": 6.95 }, "geometry": { "type": "LineString", "coordinates": [ [ -70.8813, -40.8319 ], [ -70.8723, -40.8237 ], [ -70.8639, -40.8345 ], [ -70.8515, -40.8366 ], [ -70.8437, -40.8444 ], [ -70.8417, -40.8379 ], [ -70.8257, -40.833 ] ] } },
{ "type": "Feature", "properties": { "nombre": "Camino sin nombre", "longitud_km": 0.12 }, "geometry": { "type": "LineString", "coordinates": [ [ -71.337, -41.1849 ], [ -71.3371, -41.1838 ] ] } },
{ "type": "Feature", "properties": { "nombre": "Camino sin nombre", "longitud_km": 0.26 }, "geometry": { "type": "LineString", "coordinates": [ [ -68.0027, -37.991 ], [ -68.0, -37.9921 ] ] } },
{ "type": "Feature", "properties": { "nombre": "Camino sin nombre", "longitud_km": 0.12 }, "geometry": { "type": "LineString", "coordinates": [ [ -71.3952, -41.1697 ], [ -71.3963, -41.1691 ] ] } },
{ "type": "Feature", "properties": { "nombre": "Camino sin nombre", "longitud_km": 0.23 }, "geometry": { "type": "LineString", "coordinates": [ [ -71.6579, -41.2671 ], [ -71.6553, -41.2675 ] ] } },
{ "type": "Feature", "properties": { "nombre": "Camino sin nombre", "longitud_km": 0.34 }, "geometry": { "type": "LineString", "coordinates": [ [ -71.3808, -41.1641 ], [ -71.3847, -41.1647 ] ] } },
{ "type": "Feature", "properties": { "nombre": "Camino sin nombre", "longitud_km": 0.08 }, "geometry": { "type": "LineString", "coordinates": [ [ -71.3862, -41.1685 ], [ -71.3859, -41.1678 ] ] } },
{ "type": "Feature", "properties": { "nombre": "Camino sin nombre", "longitud_km": 0.22 }, "geometry": { "type": "LineString", "coordinates": [ [ -71.3609, -41.1637 ], [ -71.363, -41.1625 ] ] } },
{ "type": "Feature", "properties": { "nombre": "Camino sin nombre", "longitud_km": 0.18 }, "geometry": { "type": "LineString", "coordinates": [ [ -71.4385, -41.1415 ], [ -71.4365, -41.1419 ] ] } },
{ "type": "Feature", "properties": { "nombre": "Camino sin nombre", "longitud_km": 6.75 }, "geometry": { "type": "LineString", "coordinates": [ [ -70.6663, -40.6269 ], [ -70.6726, -40.6235 ], [ -70.6799, -40.6296 ], [ -70.6848, -40.6261 ], [ -70.6925, -40.6312 ], [ -70.7078, -40.6257 ], [ -70.7344, -40.6311 ] ] } },
{ "type": "Feature", "properties": { "nombre": "Camino sin nombre", "longitud_km": 2.27 }, "geometry": { "type": "LineString", "coordinates": [ [ -68.0868, -38.7794 ], [ -68.0978, -38.798 ] ] } },
{ "type": "Feature", "properties": { "nombre": "Camino sin nombre", "longitud_km": 1.03 }, "geometry": { "type": "LineString", "coordinates": [ [ -67.8388, -39.0197 ], [ -67.8505, -39.0183 ] ] } },
{ "type": "Feature", "properties": { "nombre": "Camino sin nombre", "longitud_km": 0.21 }, "geometry": { "type": "LineString", "coordinates": [ [ -70.8257, -40.6543 ], [ -70.8237, -40.6555 ] ] } },
{ "type": "Feature", "properties": { "nombre": "Camino sin nombre", "longitud_km": 1.02 }, "geometry": { "type": "LineString", "coordinates": [ [ -67.6746, -39.041 ], [ -67.6863, -39.0395 ] ] } },
{ "type": "Feature", "properties": { "nombre": "Camino sin nombre", "longitud_km": 0.75 }, "geometry": { "type": "LineString", "coordinates": [ [ -69.6475, -40.6552 ], [ -69.6563, -40.6552 ] ] } },
{ "type": "Feature", "properties": { "nombre": "Camino sin nombre", "longitud_km": 1.03 }, "geometry": { "type": "LineString", "coordinates": [ [ -67.7528, -39.0121 ], [ -67.7547, -39.0212 ] ] } },
{ "type": "Feature", "properties": { "nombre": "Camino sin nombre", "longitud_km": 2.53 }, "geometry": { "type": "LineString", "coordinates": [ [ -70.6332, -40.642 ], [ -70.6311, -40.6192 ] ] } },
{ "type": "Feature", "properties": { "nombre": "Camino sin nombre", "longitud_km": 2.12 }, "geometry": { "type": "LineString", "coordinates": [ [ -71.4403, -41.0791 ], [ -71.458, -41.0656 ] ] } },
{ "type": "Feature", "properties": { "nombre": "Camino sin nombre", "longitud_km": 0.2 }, "geometry": { "type": "LineString", "coordinates": [ [ -71.3794, -41.1695 ], [ -71.3772, -41.1687 ] ] } },
{ "type": "Feature", "properties": { "nombre": "Camino sin nombre", "longitud_km": 1.03 }, "geometry": { "type": "LineString", "coordinates": [ [ -67.6845, -39.0304 ], [ -67.6863, -39.0395 ] ] } },
{ "type": "Feature", "properties": { "nombre": "Camino sin nombre", "longitud_km": 0.62 }, "geometry": { "type": "LineString", "coordinates": [ [ -70.6303, -40.6471 ], [ -70.6332, -40.642 ] ] } },
{ "type": "Feature", "properties": { "nombre": "Camino sin nombre", "longitud_km": 0.18 }, "geometry": { "type": "LineString", "coordinates": [ [ -71.3766, -41.145 ], [ -71.3754, -41.1436 ] ] } },
{ "type": "Feature", "properties": { "nombre": "Camino sin nombre", "longitud_km": 1.0 }, "geometry": { "type": "LineString", "coordinates": [ [ -67.9371, -38.9737 ], [ -67.9257, -38.9751 ] ] } },
{ "type": "Feature", "properties": { "nombre": "Camino sin nombre", "longitud_km": 1.07 }, "geometry": { "type": "LineString", "coordinates": [ [ -70.7073, -40.7978 ], [ -70.7062, -40.7882 ] ] } },
{ "type": "Feature", "properties": { "nombre": "Camino sin nombre", "longitud_km": 0.58 }, "geometry": { "type": "LineString", "coordinates": [ [ -70.607, -40.5808 ], [ -70.6002, -40.581 ] ] } },
{ "type": "Feature", "properties": { "nombre": "Camino sin nombre", "longitud_km": 0.03 }, "geometry": { "type": "LineString", "coordinates": [ [ -71.3403, -41.1804 ], [ -71.3402, -41.1802 ] ] } },
{ "type": "Feature", "properties": { "nombre": "Camino sin nombre", "longitud_km": 0.19 }, "geometry": { "type": "LineString", "coordinates": [ [ -71.3791, -41.1664 ], [ -71.3771, -41.1672 ] ] } },
{ "type": "Feature", "properties": { "nombre": "Camino sin nombre", "longitud_km": 2.58 }, "geometry": { "type": "LineString", "coordinates": [ [ -69.6563, -40.6552 ], [ -69.6861, -40.6604 ] ] } },
{ "type": "Feature", "properties": { "nombre": "Camino sin nombre", "longitud_km": 0.33 }, "geometry": { "type": "LineString", "coordinates": [ [ -70.7414, -40.6345 ], [ -70.7396, -40.6318 ] ] } },
{ "type": "Feature", "properties": { "nombre": "Camino sin nombre", "longitud_km": 0.3 }, "geometry": { "type": "LineString", "coordinates": [ [ -71.3228, -41.177 ], [ -71.3198, -41.1755 ] ] } },
{ "type": "Feature", "properties": { "nombre": "Camino sin nombre", "longitud_km": 2.93 }, "geometry": { "type": "LineString", "coordinates": [ [ -67.7956, -38.9188 ], [ -67.7622, -38.9229 ] ] } },
{ "type": "Feature", "properties": { "nombre": "Camino sin nombre", "longitud_km": 0.12 }, "geometry": { "type": "LineString", "coordinates": [ [ -71.0, -41.0576 ], [ -70.9986, -41.0577 ] ] } },
{ "type": "Feature", "properties": { "nombre": "Camino sin nombre", "longitud_km": 0.09 }, "geometry": { "type": "LineString", "coordinates": [ [ -70.9146, -40.9124 ], [ -70.9149, -40.9117 ] ] } },
{ "type": "Feature", "properties": { "nombre": "Camino sin nombre", "longitud_km": 3.0 }, "geometry": { "type": "LineString", "coordinates": [ [ -70.7034, -40.8831 ], [ -70.6983, -40.8563 ] ] } },
{ "type": "Feature", "properties": { "nombre": "Camino sin nombre", "longitud_km": 0.14 }, "geometry": { "type": "LineString", "coordinates": [ [ -67.8682, -38.9878 ], [ -67.8698, -38.9876 ] ] } },
{ "type": "Feature", "properties": { "nombre": "Camino sin nombre", "longitud_km": 0.08 }, "geometry": { "type": "LineString", "coordinates": [ [ -71.4451, -41.1652 ], [ -71.4442, -41.165 ] ] } },
{ "type": "Feature", "properties": { "nombre": "Camino sin nombre", "longitud_km": 0.04 }, "geometry": { "type": "LineString", "coordinates": [ [ -68.0736, -38.8325 ], [ -68.0732, -38.8322 ] ] } },
{ "type": "Feature", "properties": { "nombre": "Camino sin nombre", "longitud_km": 0.17 }, "geometry": { "type": "LineString", "coordinates": [ [ -70.8306, -41.0892 ], [ -70.8303, -41.0877 ] ] } },
{ "type": "Feature", "properties": { "nombre": "Camino sin nombre", "longitud_km": 0.25 }, "geometry": { "type": "LineString", "coordinates": [ [ -68.0465, -38.8452 ], [ -68.0487, -38.8468 ] ] } },
{ "type": "Feature", "properties": { "nombre": "Camino sin nombre", "longitud_km": 1.02 }, "geometry": { "type": "LineString", "coordinates": [ [ -67.655, -39.062 ], [ -67.6666, -39.0605 ] ] } },
{ "type": "Feature", "properties": { "nombre": "Camino sin nombre", "longitud_km": 2.36 }, "geometry": { "type": "LineString", "coordinates": [ [ -70.8662, -41.0012 ], [ -70.856, -41.0029 ], [ -70.8438, -41.0126 ] ] } },
{ "type": "Feature", "properties": { "nombre": "Camino sin nombre", "longitud_km": 1.86 }, "geometry": { "type": "LineString", "coordinates": [ [ -70.645, -40.9833 ], [ -70.6453, -41.0 ] ] } },
{ "type": "Feature", "properties": { "nombre": "Camino sin nombre", "longitud_km": 0.4 }, "geometry": { "type": "LineString", "coordinates": [ [ -67.7882, -39.0074 ], [ -67.7927, -39.0069 ] ] } },
{ "type": "Feature", "properties": { "nombre": "Camino sin nombre", "longitud_km": 2.19 }, "geometry": { "type": "LineString", "coordinates": [ [ -70.5458, -40.5676 ], [ -70.5595, -40.5639 ], [ -70.5694, -40.5681 ] ] } },
{ "type": "Feature", "properties": { "nombre": "Camino sin nombre", "longitud_km": 0.03 }, "geometry": { "type": "LineString", "coordinates": [ [ -70.5905, -41.0309 ], [ -70.5906, -41.0311 ] ] } },
{ "type": "Feature", "properties": { "nombre": "Camino sin nombre", "longitud_km": 0.23 }, "geometry": { "type": "LineString", "coordinates": [ [ -71.4975, -41.0554 ], [ -71.5, -41.0547 ] ] } },
{ "type": "Feature", "properties": { "nombre": "Camino sin nombre", "longitud_km": 0.49 }, "geometry": { "type": "LineString", "coordinates": [ [ -67.6688, -38.9407 ], [ -67.6688, -38.9363 ] ] } },
{ "type": "Feature", "properties": { "nombre": "Camino sin nombre", "longitud_km": 0.03 }, "geometry": { "type": "LineString", "coordinates": [ [ -71.3901, -41.1701 ], [ -71.3898, -41.1699 ] ] } },
{ "type": "Feature", "properties": { "nombre": "Camino sin nombre", "longitud_km": 0.02 }, "geometry": { "type": "LineString", "coordinates": [ [ -71.7727, -41.2308 ], [ -71.7725, -41.2309 ] ] } },
{ "type": "Feature", "properties": { "nombre": "Camino sin nombre", "longitud_km": 0.25 }, "geometry": { "type": "LineString", "coordinates": [ [ -70.5932, -40.5795 ], [ -70.5905, -40.5786 ] ] } },
{ "type": "Feature", "properties": { "nombre": "Camino sin nombre", "longitud_km": 0.2 }, "geometry": { "type": "LineString", "coordinates": [ [ -71.3322, -41.1891 ], [ -71.3323, -41.1873 ] ] } },
{ "type": "Feature", "properties": { "nombre": "Camino sin nombre", "longitud_km": 2.41 }, "geometry": { "type": "LineString", "coordinates": [ [ -68.57, -39.1295 ], [ -68.5837, -39.1106 ] ] } },
{ "type": "Feature", "properties": { "nombre": "Camino sin nombre", "longitud_km": 0.27 }, "geometry": { "type": "LineString", "coordinates": [ [ -71.5135, -41.0941 ], [ -71.5159, -41.0957 ] ] } },
{ "type": "Feature", "properties": { "nombre": "Camino sin nombre", "longitud_km": 0.03 }, "geometry": { "type": "LineString", "coordinates": [ [ -68.0, -38.8853 ], [ -67.9996, -38.8853 ] ] } },
{ "type": "Feature", "properties": { "nombre": "Camino sin nombre", "longitud_km": 0.95 }, "geometry": { "type": "LineString", "coordinates": [ [ -67.6902, -39.0577 ], [ -67.701, -39.056 ] ] } },
{ "type": "Feature", "properties": { "nombre": "Camino sin nombre", "longitud_km": 0.21 }, "geometry": { "type": "LineString", "coordinates": [ [ -70.5339, -40.8517 ], [ -70.5356, -40.8503 ] ] } },
{ "type": "Feature", "properties": { "nombre": "Camino sin nombre", "longitud_km": 1.04 }, "geometry": { "type": "LineString", "coordinates": [ [ -70.6773, -40.8133 ], [ -70.6849, -40.8206 ] ] } },
{ "type": "Feature", "properties": { "nombre": "Camino sin nombre", "longitud_km": 0.04 }, "geometry": { "type": "LineString", "coordinates": [ [ -71.5101, -41.0932 ], [ -71.5096, -41.0933 ] ] } },
{ "type": "Feature", "properties": { "nombre": "Camino sin nombre", "longitud_km": 0.16 }, "geometry": { "type": "LineString", "coordinates": [ [ -67.9633, -38.9828 ], [ -67.9652, -38.9824 ] ] } },
{ "type": "Feature", "properties": { "nombre": "Camino sin nombre", "longitud_km": 0.23 }, "geometry": { "type": "LineString", "coordinates": [ [ -71.3884, -41.1717 ], [ -71.3901, -41.1701 ] ] } },
{ "type": "Feature", "properties": { "nombre": "Camino sin nombre", "longitud_km": 0.42 }, "geometry": { "type": "LineString", "coordinates": [ [ -67.9624, -38.9029 ], [ -67.9593, -38.9 ] ] } },
{ "type": "Feature", "properties": { "nombre": "Camino sin nombre", "longitud_km": 0.46 }, "geometry": { "type": "LineString", "coordinates": [ [ -71.3322, -41.1891 ], [ -71.327, -41.1905 ] ] } },
{ "type": "Feature", "properties": { "nombre": "Camino sin nombre", "longitud_km": 0.06 }, "geometry": { "type": "LineString", "coordinates": [ [ -71.3815, -41.1723 ], [ -71.3821, -41.1726 ] ] } },
{ "type": "Feature", "properties": { "nombre": "Camino sin nombre", "longitud_km": 0.02 }, "geometry": { "type": "LineString", "coordinates": [ [ -71.152, -41.0593 ], [ -71.152, -41.0592 ] ] } },
{ "type": "Feature", "properties": { "nombre": "Camino sin nombre", "longitud_km": 0.49 }, "geometry": { "type": "LineString", "coordinates": [ [ -71.141, -41.0904 ], [ -71.145, -41.0936 ] ] } },
{ "type": "Feature", "properties": { "nombre": "Camino sin nombre", "longitud_km": 1.92 }, "geometry": { "type": "LineString", "coordinates": [ [ -70.6224, -40.6663 ], [ -70.6169, -40.6615 ], [ -70.6026, -40.6621 ] ] } },
{ "type": "Feature", "properties": { "nombre": "Camino sin nombre", "longitud_km": 0.06 }, "geometry": { "type": "LineString", "coordinates": [ [ -67.9116, -39.0151 ], [ -67.9109, -39.0153 ] ] } },
{ "type": "Feature", "properties": { "nombre": "Camino sin nombre", "longitud_km": 1.03 }, "geometry": { "type": "LineString", "coordinates": [ [ -67.7097, -39.0365 ], [ -67.7214, -39.035 ] ] } },
{ "type": "Feature", "properties": { "nombre": "Camino sin nombre", "longitud_km": 0.04 }, "geometry": { "type": "LineString", "coordinates": [ [ -70.62, -40.5737 ], [ -70.6202, -40.5741 ] ] } },
{ "type": "Feature", "properties": { "nombre": "Camino sin nombre", "longitud_km": 0.8 }, "geometry": { "type": "LineString", "coordinates": [ [ -67.9671, -38.9 ], [ -67.9744, -38.8956 ] ] } },
{ "type": "Feature", "properties": { "nombre": "Camino sin nombre", "longitud_km": 0.09 }, "geometry": { "type": "LineString", "coordinates": [ [ -71.3772, -41.1687 ], [ -71.3777, -41.1694 ] ] } },
{ "type": "Feature", "properties": { "nombre": "Camino sin nombre", "longitud_km": 1.02 }, "geometry": { "type": "LineString", "coordinates": [ [ -67.612, -39.0865 ], [ -67.614, -39.0956 ] ] } },
{ "type": "Feature", "properties": { "nombre": "Camino sin nombre", "longitud_km": 0.97 }, "geometry": { "type": "LineString", "coordinates": [ [ -67.8619, -39.0141 ], [ -67.8627, -39.0228 ] ] } },
{ "type": "Feature", "properties": { "nombre": "Camino sin nombre", "longitud_km": 2.85 }, "geometry": { "type": "LineString", "coordinates": [ [ -70.6002, -40.8277 ], [ -70.6107, -40.8266 ], [ -70.6195, -40.8164 ], [ -70.6149, -40.8122 ] ] } },
{ "type": "Feature", "properties": { "nombre": "Camino sin nombre", "longitud_km": 0.31 }, "geometry": { "type": "LineString", "coordinates": [ [ -67.9268, -39.0269 ], [ -67.9268, -39.0242 ] ] } },
{ "type": "Feature", "properties": { "nombre": "Camino sin nombre", "longitud_km": 0.09 }, "geometry": { "type": "LineString", "coordinates": [ [ -68.1795, -37.6643 ], [ -68.1786, -37.6646 ] ] } },
{ "type": "Feature", "properties": { "nombre": "Camino sin nombre", "longitud_km": 5.9 }, "geometry": { "type": "LineString", "coordinates": [ [ -71.2622, -41.1586 ], [ -71.2472, -41.1818 ], [ -71.2309, -41.1937 ], [ -71.2285, -41.2037 ] ] } },
{ "type": "Feature", "properties": { "nombre": "Camino sin nombre", "longitud_km": 0.48 }, "geometry": { "type": "LineString", "coordinates": [ [ -67.9435, -38.9306 ], [ -67.9379, -38.9305 ] ] } },
{ "type": "Feature", "properties": { "nombre": "Camino sin nombre", "longitud_km": 1.21 }, "geometry": { "type": "LineString", "coordinates": [ [ -68.0862, -38.7788 ], [ -68.0822, -38.7892 ] ] } },
{ "type": "Feature", "properties": { "nombre": "Camino sin nombre", "longitud_km": 0.15 }, "geometry": { "type": "LineString", "coordinates": [ [ -68.1373, -37.6783 ], [ -68.139, -37.6778 ] ] } },
{ "type": "Feature", "properties": { "nombre": "Camino sin nombre", "longitud_km": 0.68 }, "geometry": { "type": "LineString", "coordinates": [ [ -67.9951, -39.0208 ], [ -67.9874, -39.0219 ] ] } },
{ "type": "Feature", "properties": { "nombre": "Camino sin nombre", "longitud_km": 1.08 }, "geometry": { "type": "LineString", "coordinates": [ [ -70.0164, -40.5108 ], [ -70.0283, -40.5073 ] ] } },
{ "type": "Feature", "properties": { "nombre": "Camino sin nombre", "longitud_km": 0.36 }, "geometry": { "type": "LineString", "coordinates": [ [ -67.5498, -39.0748 ], [ -67.5491, -39.0715 ] ] } },
{ "type": "Feature", "properties": { "nombre": "Camino sin nombre", "longitud_km": 7.4 }, "geometry": { "type": "LineString", "coordinates": [ [ -70.5958, -40.7269 ], [ -70.5921, -40.7016 ], [ -70.6181, -40.6991 ], [ -70.6277, -40.6792 ] ] } },
{ "type": "Feature", "properties": { "nombre": "Camino sin nombre", "longitud_km": 0.19 }, "geometry": { "type": "LineString", "coordinates": [ [ -68.0, -39.0217 ], [ -67.9979, -39.0211 ] ] } },
{ "type": "Feature", "properties": { "nombre": "Camino sin nombre", "longitud_km": 1.77 }, "geometry": { "type": "LineString", "coordinates": [ [ -67.5348, -39.0154 ], [ -67.5314, -39.0027 ], [ -67.5351, -39.0023 ] ] } },
{ "type": "Feature", "properties": { "nombre": "Camino sin nombre", "longitud_km": 2.02 }, "geometry": { "type": "LineString", "coordinates": [ [ -70.8542, -40.8764 ], [ -70.8773, -40.8812 ] ] } },
{ "type": "Feature", "properties": { "nombre": "Camino sin nombre", "longitud_km": 1.09 }, "geometry": { "type": "LineString", "coordinates": [ [ -70.8679, -41.0 ], [ -70.8668, -40.9902 ] ] } },
{ "type": "Feature", "properties": { "nombre": "Camino sin nombre", "longitud_km": 0.03 }, "geometry": { "type": "LineString", "coordinates": [ [ -67.5957, -39.0085 ], [ -67.5961, -39.0084 ] ] } },
{ "type": "Feature", "properties": { "nombre": "Camino sin nombre", "longitud_km": 0.29 }, "geometry": { "type": "LineString", "coordinates": [ [ -71.1383, -41.0725 ], [ -71.1363, -41.0704 ] ] } },
{ "type": "Feature", "properties": { "nombre": "Camino sin nombre", "longitud_km": 2.33 }, "geometry": { "type": "LineString", "coordinates": [ [ -69.5531, -40.6542 ], [ -69.5797, -40.6487 ] ] } },
{ "type": "Feature", "properties": { "nombre": "Camino sin nombre", "longitud_km": 0.02 }, "geometry": { "type": "LineString", "coordinates": [ [ -70.6985, -40.7141 ], [ -70.6985, -40.7139 ] ] } },
{ "type": "Feature", "properties": { "nombre": "Camino sin nombre", "longitud_km": 0.99 }, "geometry": { "type": "LineString", "coordinates": [ [ -68.1522, -38.7226 ], [ -68.148, -38.7231 ], [ -68.152, -38.7185 ] ] } },
{ "type": "Feature", "properties": { "nombre": "Camino sin nombre", "longitud_km": 0.4 }, "geometry": { "type": "LineString", "coordinates": [ [ -67.9841, -39.0135 ], [ -67.9863, -39.0167 ] ] } },
{ "type": "Feature", "properties": { "nombre": "Camino sin nombre", "longitud_km": 0.19 }, "geometry": { "type": "LineString", "coordinates": [ [ -70.7474, -40.6667 ], [ -70.7454, -40.6674 ] ] } },
{ "type": "Feature", "properties": { "nombre": "Camino sin nombre", "longitud_km": 1.01 }, "geometry": { "type": "LineString", "coordinates": [ [ -67.8136, -39.0137 ], [ -67.8155, -39.0227 ] ] } },
{ "type": "Feature", "properties": { "nombre": "Camino sin nombre", "longitud_km": 0.62 }, "geometry": { "type": "LineString", "coordinates": [ [ -70.6002, -40.581 ], [ -70.5932, -40.5795 ] ] } },
{ "type": "Feature", "properties": { "nombre": "Camino sin nombre", "longitud_km": 0.09 }, "geometry": { "type": "LineString", "coordinates": [ [ -68.1607, -38.728 ], [ -68.1599, -38.7275 ] ] } },
{ "type": "Feature", "properties": { "nombre": "Camino sin nombre", "longitud_km": 0.12 }, "geometry": { "type": "LineString", "coordinates": [ [ -67.8381, -38.9743 ], [ -67.8368, -38.9746 ] ] } },
{ "type": "Feature", "properties": { "nombre": "Camino sin nombre", "longitud_km": 0.42 }, "geometry": { "type": "LineString", "coordinates": [ [ -67.5351, -39.0023 ], [ -67.539, -39.0 ] ] } },
{ "type": "Feature", "properties": { "nombre": "Camino sin nombre", "longitud_km": 1.04 }, "geometry": { "type": "LineString", "coordinates": [ [ -67.8605, -39.0075 ], [ -67.8723, -39.006 ] ] } },
{ "type": "Feature", "properties": { "nombre": "Camino sin nombre", "longitud_km": 1.26 }, "geometry": { "type": "LineString", "coordinates": [ [ -70.9146, -40.9124 ], [ -70.9205, -40.9181 ], [ -70.916, -40.9204 ] ] } },
{ "type": "Feature", "properties": { "nombre": "Camino sin nombre", "longitud_km": 3.49 }, "geometry": { "type": "LineString", "coordinates": [ [ -68.1648, -38.7166 ], [ -68.1398, -38.7102 ], [ -68.1261, -38.7117 ] ] } },
{ "type": "Feature", "properties": { "nombre": "Camino sin nombre", "longitud_km": 0.51 }, "geometry": { "type": "LineString", "coordinates": [ [ -67.9109, -38.9452 ], [ -67.9168, -38.9453 ] ] } },
{ "type": "Feature", "properties": { "nombre": "Camino sin nombre", "longitud_km": 0.82 }, "geometry": { "type": "LineString", "coordinates": [ [ -70.7382, -40.6487 ], [ -70.7441, -40.6429 ] ] } },
{ "type": "Feature", "properties": { "nombre": "Camino sin nombre", "longitud_km": 0.34 }, "geometry": { "type": "LineString", "coordinates": [ [ -67.8348, -39.0 ], [ -67.8341, -38.997 ] ] } },
{ "type": "Feature", "properties": { "nombre": "Camino sin nombre", "longitud_km": 0.16 }, "geometry": { "type": "LineString", "coordinates": [ [ -70.8679, -41.0 ], [ -70.8667, -41.0011 ] ] } },
{ "type": "Feature", "properties": { "nombre": "Camino sin nombre", "longitud_km": 1.02 }, "geometry": { "type": "LineString", "coordinates": [ [ -67.5051, -39.0452 ], [ -67.5167, -39.0438 ] ] } },
{ "type": "Feature", "properties": { "nombre": "Camino sin nombre", "longitud_km": 5.03 }, "geometry": { "type": "LineString", "coordinates": [ [ -70.5213, -40.5228 ], [ -70.5379, -40.5374 ], [ -70.5279, -40.5622 ] ] } },
{ "type": "Feature", "properties": { "nombre": "Camino sin nombre", "longitud_km": 0.22 }, "geometry": { "type": "LineString", "coordinates": [ [ -67.8537, -38.9804 ], [ -67.8512, -38.9807 ] ] } },
{ "type": "Feature", "properties": { "nombre": "Camino sin nombre", "longitud_km": 0.18 }, "geometry": { "type": "LineString", "coordinates": [ [ -67.5574, -39.0557 ], [ -67.5577, -39.0573 ] ] } },
{ "type": "Feature", "properties": { "nombre": "Camino sin nombre", "longitud_km": 1.48 }, "geometry": { "type": "LineString", "coordinates": [ [ -70.94, -40.9088 ], [ -70.9498, -40.9036 ], [ -70.9498, -40.8993 ] ] } },
{ "type": "Feature", "properties": { "nombre": "Camino sin nombre", "longitud_km": 1.62 }, "geometry": { "type": "LineString", "coordinates": [ [ -70.471, -40.742 ], [ -70.4879, -40.7352 ] ] } },
{ "type": "Feature", "properties": { "nombre": "Camino sin nombre", "longitud_km": 0.92 }, "geometry": { "type": "LineString", "coordinates": [ [ -67.5423, -39.0 ], [ -67.5451, -39.008 ] ] } },
{ "type": "Feature", "properties": { "nombre": "Camino sin nombre", "longitud_km": 1.01 }, "geometry": { "type": "LineString", "coordinates": [ [ -67.7433, -39.0229 ], [ -67.7451, -39.0319 ] ] } },
{ "type": "Feature", "properties": { "nombre": "Camino sin nombre", "longitud_km": 2.14 }, "geometry": { "type": "LineString", "coordinates": [ [ -70.7166, -40.764 ], [ -70.7131, -40.7556 ], [ -70.7263, -40.7582 ] ] } },
{ "type": "Feature", "properties": { "nombre": "Camino sin nombre", "longitud_km": 2.35 }, "geometry": { "type": "LineString", "coordinates": [ [ -68.1151, -38.6956 ], [ -68.1419, -38.693 ] ] } },
{ "type": "Feature", "properties": { "nombre": "Camino sin nombre", "longitud_km": 3.88 }, "geometry": { "type": "LineString", "coordinates": [ [ -70.7556, -40.9342 ], [ -70.7639, -40.9386 ], [ -70.7696, -40.9363 ], [ -70.7722, -40.9268 ], [ -70.7827, -40.9169 ] ] } },
{ "type": "Feature", "properties": { "nombre": "Camino sin nombre", "longitud_km": 0.5 }, "geometry": { "type": "LineString", "coordinates": [ [ -70.4946, -40.6594 ], [ -70.5, -40.6576 ] ] } },
{ "type": "Feature", "properties": { "nombre": "Camino sin nombre", "longitud_km": 0.13 }, "geometry": { "type": "LineString", "coordinates": [ [ -70.9584, -40.6503 ], [ -70.9599, -40.6499 ] ] } },
{ "type": "Feature", "properties": { "nombre": "Camino sin nombre", "longitud_km": 0.04 }, "geometry": { "type": "LineString", "coordinates": [ [ -68.1705, -38.7253 ], [ -68.1708, -38.7251 ] ] } },
{ "type": "Feature", "properties": { "nombre": "Camino sin nombre", "longitud_km": 1.0 }, "geometry": { "type": "LineString", "coordinates": [ [ -67.7451, -39.0319 ], [ -67.7566, -39.0305 ] ] } },
{ "type": "Feature", "properties": { "nombre": "Camino sin nombre", "longitud_km": 0.06 }, "geometry": { "type": "LineString", "coordinates": [ [ -71.5121, -41.0945 ], [ -71.5128, -41.0943 ] ] } },
{ "type": "Feature", "properties": { "nombre": "Camino sin nombre", "longitud_km": 0.58 }, "geometry": { "type": "LineString", "coordinates": [ [ -67.9565, -39.0636 ], [ -67.963, -39.0623 ] ] } },
{ "type": "Feature", "properties": { "nombre": "Camino sin nombre", "longitud_km": 2.23 }, "geometry": { "type": "LineString", "coordinates": [ [ -70.6243, -40.5999 ], [ -70.6311, -40.6192 ] ] } },
{ "type": "Feature", "properties": { "nombre": "Camino sin nombre", "longitud_km": 0.37 }, "geometry": { "type": "LineString", "coordinates": [ [ -70.7135, -40.7235 ], [ -70.71, -40.7255 ] ] } },
{ "type": "Feature", "properties": { "nombre": "Camino sin nombre", "longitud_km": 0.87 }, "geometry": { "type": "LineString", "coordinates": [ [ -67.9488, -38.9319 ], [ -67.9488, -38.9397 ] ] } },
{ "type": "Feature", "properties": { "nombre": "Camino sin nombre", "longitud_km": 1.41 }, "geometry": { "type": "LineString", "coordinates": [ [ -70.7505, -40.6546 ], [ -70.7441, -40.6429 ] ] } },
{ "type": "Feature", "properties": { "nombre": "Camino sin nombre", "longitud_km": 0.16 }, "geometry": { "type": "LineString", "coordinates": [ [ -67.5478, -39.0646 ], [ -67.5481, -39.0661 ] ] } },
{ "type": "Feature", "properties": { "nombre": "Camino sin nombre", "longitud_km": 0.03 }, "geometry": { "type": "LineString", "coordinates": [ [ -71.5021, -41.0555 ], [ -71.5017, -41.0554 ] ] } },
{ "type": "Feature", "properties": { "nombre": "Camino sin nombre", "longitud_km": 1.45 }, "geometry": { "type": "LineString", "coordinates": [ [ -70.7234, -40.8288 ], [ -70.7399, -40.825 ] ] } },
{ "type": "Feature", "properties": { "nombre": "Camino sin nombre", "longitud_km": 1.04 }, "geometry": { "type": "LineString", "coordinates": [ [ -67.5167, -39.0438 ], [ -67.5185, -39.053 ] ] } },
{ "type": "Feature", "properties": { "nombre": "Camino sin nombre", "longitud_km": 1.02 }, "geometry": { "type": "LineString", "coordinates": [ [ -67.7116, -39.0456 ], [ -67.7232, -39.0441 ] ] } },
{ "type": "Feature", "properties": { "nombre": "Camino sin nombre", "longitud_km": 1.99 }, "geometry": { "type": "LineString", "coordinates": [ [ -70.8835, -40.9065 ], [ -70.8816, -40.897 ], [ -70.872, -40.8929 ] ] } },
{ "type": "Feature", "properties": { "nombre": "Camino sin nombre", "longitud_km": 0.13 }, "geometry": { "type": "LineString", "coordinates": [ [ -70.8901, -40.7246 ], [ -70.8908, -40.7236 ] ] } },
{ "type": "Feature", "properties": { "nombre": "Camino sin nombre", "longitud_km": 1.03 }, "geometry": { "type": "LineString", "coordinates": [ [ -67.5265, -39.0332 ], [ -67.5149, -39.035 ] ] } },
{ "type": "Feature", "properties": { "nombre": "Camino sin nombre", "longitud_km": 0.02 }, "geometry": { "type": "LineString", "coordinates": [ [ -71.5017, -41.0554 ], [ -71.5015, -41.0553 ] ] } },
{ "type": "Feature", "properties": { "nombre": "Camino sin nombre", "longitud_km": 0.12 }, "geometry": { "type": "LineString", "coordinates": [ [ -71.1383, -41.0725 ], [ -71.1376, -41.0734 ] ] } },
{ "type": "Feature", "properties": { "nombre": "Camino sin nombre", "longitud_km": 0.49 }, "geometry": { "type": "LineString", "coordinates": [ [ -67.7853, -38.9936 ], [ -67.7844, -38.9893 ] ] } },
{ "type": "Feature", "properties": { "nombre": "Camino sin nombre", "longitud_km": 2.76 }, "geometry": { "type": "LineString", "coordinates": [ [ -70.7157, -40.6667 ], [ -70.7382, -40.6487 ] ] } },
{ "type": "Feature", "properties": { "nombre": "Camino sin nombre", "longitud_km": 7.88 }, "geometry": { "type": "LineString", "coordinates": [ [ -70.5572, -40.6416 ], [ -70.5605, -40.6259 ], [ -70.5727, -40.6145 ], [ -70.5855, -40.611 ], [ -70.5822, -40.6 ], [ -70.5959, -40.5844 ] ] } },
{ "type": "Feature", "properties": { "nombre": "Camino sin nombre", "longitud_km": 0.81 }, "geometry": { "type": "LineString", "coordinates": [ [ -67.7021, -39.1061 ], [ -67.6975, -39.0998 ] ] } },
{ "type": "Feature", "properties": { "nombre": "Camino sin nombre", "longitud_km": 1.59 }, "geometry": { "type": "LineString", "coordinates": [ [ -70.5169, -40.7644 ], [ -70.5092, -40.7683 ], [ -70.5, -40.766 ] ] } },
{ "type": "Feature", "properties": { "nombre": "Camino sin nombre", "longitud_km": 4.11 }, "geometry": { "type": "LineString", "coordinates": [ [ -70.5875, -40.7959 ], [ -70.6014, -40.79 ], [ -70.6238, -40.7887 ], [ -70.6237, -40.7966 ] ] } },
{ "type": "Feature", "properties": { "nombre": "Camino sin nombre", "longitud_km": 0.43 }, "geometry": { "type": "LineString", "coordinates": [ [ -68.1577, -37.6715 ], [ -68.1622, -37.67 ] ] } },
{ "type": "Feature", "properties": { "nombre": "Camino sin nombre", "longitud_km": 0.12 }, "geometry": { "type": "LineString", "coordinates": [ [ -71.5068, -41.0956 ], [ -71.5077, -41.0964 ] ] } },
{ "type": "Feature", "properties": { "nombre": "Camino sin nombre", "longitud_km": 0.24 }, "geometry": { "type": "LineString", "coordinates": [ [ -70.8785, -41.1943 ], [ -70.8806, -41.1957 ] ] } },
{ "type": "Feature", "properties": { "nombre": "Camino sin nombre", "longitud_km": 1.03 }, "geometry": { "type": "LineString", "coordinates": [ [ -67.7332, -39.0334 ], [ -67.7351, -39.0426 ] ] } },
{ "type": "Feature", "properties": { "nombre": "Camino sin nombre", "longitud_km": 0.11 }, "geometry": { "type": "LineString", "coordinates": [ [ -70.6453, -41.0 ], [ -70.6451, -41.001 ] ] } },
{ "type": "Feature", "properties": { "nombre": "Camino sin nombre", "longitud_km": 1.56 }, "geometry": { "type": "LineString", "coordinates": [ [ -70.7474, -40.6667 ], [ -70.7534, -40.6623 ], [ -70.7503, -40.655 ] ] } },
{ "type": "Feature", "properties": { "nombre": "Camino sin nombre", "longitud_km": 0.0 }, "geometry": { "type": "LineString", "coordinates": [ ] } },
{ "type": "Feature", "properties": { "nombre": "Camino sin nombre", "longitud_km": 0.53 }, "geometry": { "type": "LineString", "coordinates": [ [ -67.8331, -39.0254 ], [ -67.8391, -39.0265 ] ] } },
{ "type": "Feature", "properties": { "nombre": "Camino sin nombre", "longitud_km": 0.95 }, "geometry": { "type": "LineString", "coordinates": [ [ -70.7071, -40.6826 ], [ -70.7114, -40.6747 ] ] } },
{ "type": "Feature", "properties": { "nombre": "Camino sin nombre", "longitud_km": 0.22 }, "geometry": { "type": "LineString", "coordinates": [ [ -67.5394, -39.015 ], [ -67.5397, -39.0169 ] ] } },
{ "type": "Feature", "properties": { "nombre": "Camino sin nombre", "longitud_km": 1.04 }, "geometry": { "type": "LineString", "coordinates": [ [ -67.6728, -39.0317 ], [ -67.6746, -39.041 ] ] } },
{ "type": "Feature", "properties": { "nombre": "Camino sin nombre", "longitud_km": 0.49 }, "geometry": { "type": "LineString", "coordinates": [ [ -67.8183, -38.9786 ], [ -67.8128, -38.9797 ] ] } },
{ "type": "Feature", "properties": { "nombre": "Camino sin nombre", "longitud_km": 0.36 }, "geometry": { "type": "LineString", "coordinates": [ [ -70.9791, -40.7329 ], [ -70.9776, -40.7298 ] ] } },
{ "type": "Feature", "properties": { "nombre": "Camino sin nombre", "longitud_km": 0.13 }, "geometry": { "type": "LineString", "coordinates": [ [ -67.8396, -38.974 ], [ -67.8381, -38.9743 ] ] } },
{ "type": "Feature", "properties": { "nombre": "Camino sin nombre", "longitud_km": 0.14 }, "geometry": { "type": "LineString", "coordinates": [ [ -71.5107, -41.0951 ], [ -71.5121, -41.0945 ] ] } },
{ "type": "Feature", "properties": { "nombre": "Camino sin nombre", "longitud_km": 0.51 }, "geometry": { "type": "LineString", "coordinates": [ [ -70.6257, -40.5723 ], [ -70.62, -40.5737 ] ] } },
{ "type": "Feature", "properties": { "nombre": "Camino sin nombre", "longitud_km": 0.56 }, "geometry": { "type": "LineString", "coordinates": [ [ -67.5089, -39.0634 ], [ -67.5098, -39.0685 ] ] } },
{ "type": "Feature", "properties": { "nombre": "Camino sin nombre", "longitud_km": 0.77 }, "geometry": { "type": "LineString", "coordinates": [ [ -68.5069, -39.0928 ], [ -68.5, -39.0885 ] ] } },
{ "type": "Feature", "properties": { "nombre": "Camino sin nombre", "longitud_km": 1.02 }, "geometry": { "type": "LineString", "coordinates": [ [ -67.5149, -39.035 ], [ -67.5033, -39.0365 ] ] } },
{ "type": "Feature", "properties": { "nombre": "Camino sin nombre", "longitud_km": 0.07 }, "geometry": { "type": "LineString", "coordinates": [ [ -67.8236, -38.9776 ], [ -67.8228, -38.9777 ] ] } },
{ "type": "Feature", "properties": { "nombre": "Camino sin nombre", "longitud_km": 0.96 }, "geometry": { "type": "LineString", "coordinates": [ [ -70.7441, -40.6429 ], [ -70.7414, -40.6345 ] ] } },
{ "type": "Feature", "properties": { "nombre": "Camino sin nombre", "longitud_km": 0.45 }, "geometry": { "type": "LineString", "coordinates": [ [ -70.7344, -40.6311 ], [ -70.7396, -40.6318 ] ] } },
{ "type": "Feature", "properties": { "nombre": "Camino sin nombre", "longitud_km": 0.35 }, "geometry": { "type": "LineString", "coordinates": [ [ -67.7987, -39.0 ], [ -67.7981, -38.9968 ] ] } },
{ "type": "Feature", "properties": { "nombre": "Camino sin nombre", "longitud_km": 1.05 }, "geometry": { "type": "LineString", "coordinates": [ [ -70.662, -40.7923 ], [ -70.673, -40.7967 ] ] } },
{ "type": "Feature", "properties": { "nombre": "Camino sin nombre", "longitud_km": 0.55 }, "geometry": { "type": "LineString", "coordinates": [ [ -70.6766, -40.8095 ], [ -70.6709, -40.8071 ] ] } },
{ "type": "Feature", "properties": { "nombre": "Camino sin nombre", "longitud_km": 2.04 }, "geometry": { "type": "LineString", "coordinates": [ [ -67.7351, -39.0426 ], [ -67.737, -39.0516 ], [ -67.7253, -39.0531 ] ] } },
{ "type": "Feature", "properties": { "nombre": "Camino sin nombre", "longitud_km": 0.31 }, "geometry": { "type": "LineString", "coordinates": [ [ -70.9684, -40.8809 ], [ -70.9662, -40.8787 ] ] } },
{ "type": "Feature", "properties": { "nombre": "Camino sin nombre", "longitud_km": 0.49 }, "geometry": { "type": "LineString", "coordinates": [ [ -67.9352, -38.935 ], [ -67.935, -38.9305 ] ] } },
{ "type": "Feature", "properties": { "nombre": "Camino sin nombre", "longitud_km": 1.04 }, "geometry": { "type": "LineString", "coordinates": [ [ -67.6081, -39.0681 ], [ -67.6102, -39.0773 ] ] } },
{ "type": "Feature", "properties": { "nombre": "Camino sin nombre", "longitud_km": 1.59 }, "geometry": { "type": "LineString", "coordinates": [ [ -68.1988, -38.6933 ], [ -68.1987, -38.7076 ] ] } },
{ "type": "Feature", "properties": { "nombre": "Camino sin nombre", "longitud_km": 0.98 }, "geometry": { "type": "LineString", "coordinates": [ [ -67.5051, -39.0452 ], [ -67.5033, -39.0365 ] ] } },
{ "type": "Feature", "properties": { "nombre": "Camino sin nombre", "longitud_km": 1.02 }, "geometry": { "type": "LineString", "coordinates": [ [ -67.5205, -39.0619 ], [ -67.5089, -39.0634 ] ] } },
{ "type": "Feature", "properties": { "nombre": "Camino sin nombre", "longitud_km": 0.27 }, "geometry": { "type": "LineString", "coordinates": [ [ -68.0449, -37.7165 ], [ -68.0476, -37.7155 ] ] } },
{ "type": "Feature", "properties": { "nombre": "Camino sin nombre", "longitud_km": 0.46 }, "geometry": { "type": "LineString", "coordinates": [ [ -70.8858, -40.9205 ], [ -70.8869, -40.9165 ] ] } },
{ "type": "Feature", "properties": { "nombre": "Camino sin nombre", "longitud_km": 0.44 }, "geometry": { "type": "LineString", "coordinates": [ [ -67.9321, -38.935 ], [ -67.9271, -38.935 ] ] } },
{ "type": "Feature", "properties": { "nombre": "Camino sin nombre", "longitud_km": 0.08 }, "geometry": { "type": "LineString", "coordinates": [ [ -67.5017, -39.0292 ], [ -67.5019, -39.0299 ] ] } },
{ "type": "Feature", "properties": { "nombre": "Camino sin nombre", "longitud_km": 0.01 }, "geometry": { "type": "LineString", "coordinates": [ [ -67.6083, -39.0398 ], [ -67.6083, -39.0399 ] ] } },
{ "type": "Feature", "properties": { "nombre": "Camino sin nombre", "longitud_km": 0.39 }, "geometry": { "type": "LineString", "coordinates": [ [ -67.8816, -38.9921 ], [ -67.8824, -38.9955 ] ] } },
{ "type": "Feature", "properties": { "nombre": "Camino sin nombre", "longitud_km": 0.24 }, "geometry": { "type": "LineString", "coordinates": [ [ -68.1643, -38.726 ], [ -68.1649, -38.7281 ] ] } },
{ "type": "Feature", "properties": { "nombre": "Camino sin nombre", "longitud_km": 2.22 }, "geometry": { "type": "LineString", "coordinates": [ [ -70.7653, -40.9827 ], [ -70.764, -40.9937 ], [ -70.7749, -40.997 ] ] } },
{ "type": "Feature", "properties": { "nombre": "Camino sin nombre", "longitud_km": 0.3 }, "geometry": { "type": "LineString", "coordinates": [ [ -67.6332, -39.0152 ], [ -67.6338, -39.0179 ] ] } },
{ "type": "Feature", "properties": { "nombre": "Camino sin nombre", "longitud_km": 2.35 }, "geometry": { "type": "LineString", "coordinates": [ [ -70.4647, -40.6734 ], [ -70.4396, -40.6825 ] ] } },
{ "type": "Feature", "properties": { "nombre": "Camino sin nombre", "longitud_km": 0.14 }, "geometry": { "type": "LineString", "coordinates": [ [ -71.5015, -41.0553 ], [ -71.5001, -41.0546 ] ] } },
{ "type": "Feature", "properties": { "nombre": "Camino sin nombre", "longitud_km": 1.03 }, "geometry": { "type": "LineString", "coordinates": [ [ -67.6765, -39.0501 ], [ -67.6883, -39.0486 ] ] } },
{ "type": "Feature", "properties": { "nombre": "Camino sin nombre", "longitud_km": 0.18 }, "geometry": { "type": "LineString", "coordinates": [ [ -67.9413, -38.9032 ], [ -67.9393, -38.903 ] ] } },
{ "type": "Feature", "properties": { "nombre": "Camino sin nombre", "longitud_km": 0.84 }, "geometry": { "type": "LineString", "coordinates": [ [ -70.6202, -40.5741 ], [ -70.613, -40.5792 ] ] } },
{ "type": "Feature", "properties": { "nombre": "Camino sin nombre", "longitud_km": 0.22 }, "geometry": { "type": "LineString", "coordinates": [ [ -67.9395, -38.9829 ], [ -67.9401, -38.9848 ] ] } },
{ "type": "Feature", "properties": { "nombre": "Camino sin nombre", "longitud_km": 0.62 }, "geometry": { "type": "LineString", "coordinates": [ [ -70.5985, -40.7404 ], [ -70.6051, -40.7427 ] ] } },
{ "type": "Feature", "properties": { "nombre": "Camino sin nombre", "longitud_km": 2.58 }, "geometry": { "type": "LineString", "coordinates": [ [ -70.9028, -40.7556 ], [ -70.889, -40.7424 ], [ -70.8809, -40.7406 ] ] } },
{ "type": "Feature", "properties": { "nombre": "Camino sin nombre", "longitud_km": 0.04 }, "geometry": { "type": "LineString", "coordinates": [ [ -71.4584, -41.0658 ], [ -71.458, -41.0656 ] ] } },
{ "type": "Feature", "properties": { "nombre": "Camino sin nombre", "longitud_km": 0.06 }, "geometry": { "type": "LineString", "coordinates": [ [ -68.1657, -38.716 ], [ -68.1651, -38.7159 ] ] } },
{ "type": "Feature", "properties": { "nombre": "Camino sin nombre", "longitud_km": 0.14 }, "geometry": { "type": "LineString", "coordinates": [ [ -67.9134, -38.9941 ], [ -67.9118, -38.9939 ] ] } },
{ "type": "Feature", "properties": { "nombre": "Camino sin nombre", "longitud_km": 1.31 }, "geometry": { "type": "LineString", "coordinates": [ [ -70.8877, -40.9387 ], [ -70.9032, -40.9386 ] ] } },
{ "type": "Feature", "properties": { "nombre": "Camino sin nombre", "longitud_km": 0.04 }, "geometry": { "type": "LineString", "coordinates": [ [ -68.0463, -38.8454 ], [ -68.046, -38.8451 ] ] } },
{ "type": "Feature", "properties": { "nombre": "Camino sin nombre", "longitud_km": 0.79 }, "geometry": { "type": "LineString", "coordinates": [ [ -67.5322, -39.0606 ], [ -67.5337, -39.0677 ] ] } },
{ "type": "Feature", "properties": { "nombre": "Camino sin nombre", "longitud_km": 0.22 }, "geometry": { "type": "LineString", "coordinates": [ [ -70.5258, -41.0229 ], [ -70.5254, -41.0209 ] ] } },
{ "type": "Feature", "properties": { "nombre": "Camino sin nombre", "longitud_km": 0.59 }, "geometry": { "type": "LineString", "coordinates": [ [ -67.8273, -39.0225 ], [ -67.8331, -39.0254 ] ] } },
{ "type": "Feature", "properties": { "nombre": "Camino sin nombre", "longitud_km": 0.7 }, "geometry": { "type": "LineString", "coordinates": [ [ -67.9267, -39.0305 ], [ -67.9187, -39.0297 ] ] } },
{ "type": "Feature", "properties": { "nombre": "Camino sin nombre", "longitud_km": 0.13 }, "geometry": { "type": "LineString", "coordinates": [ [ -71.1358, -41.0743 ], [ -71.1343, -41.074 ] ] } },
{ "type": "Feature", "properties": { "nombre": "Camino sin nombre", "longitud_km": 1.0 }, "geometry": { "type": "LineString", "coordinates": [ [ -67.6999, -39.0471 ], [ -67.7018, -39.0559 ] ] } },
{ "type": "Feature", "properties": { "nombre": "Camino sin nombre", "longitud_km": 0.81 }, "geometry": { "type": "LineString", "coordinates": [ [ -67.9819, -39.0064 ], [ -67.9841, -39.0135 ] ] } },
{ "type": "Feature", "properties": { "nombre": "Camino sin nombre", "longitud_km": 0.1 }, "geometry": { "type": "LineString", "coordinates": [ [ -67.9609, -39.0046 ], [ -67.96, -39.0052 ] ] } },
{ "type": "Feature", "properties": { "nombre": "Camino sin nombre", "longitud_km": 0.62 }, "geometry": { "type": "LineString", "coordinates": [ [ -67.9799, -39.059 ], [ -67.9869, -39.0577 ] ] } },
{ "type": "Feature", "properties": { "nombre": "Camino sin nombre", "longitud_km": 0.05 }, "geometry": { "type": "LineString", "coordinates": [ [ -71.1509, -41.0584 ], [ -71.1504, -41.0581 ] ] } },
{ "type": "Feature", "properties": { "nombre": "Camino sin nombre", "longitud_km": 0.11 }, "geometry": { "type": "LineString", "coordinates": [ [ -70.5279, -40.5622 ], [ -70.5275, -40.5631 ] ] } },
{ "type": "Feature", "properties": { "nombre": "Camino sin nombre", "longitud_km": 2.55 }, "geometry": { "type": "LineString", "coordinates": [ [ -70.5278, -40.9816 ], [ -70.5161, -40.9675 ], [ -70.5206, -40.9622 ] ] } },
{ "type": "Feature", "properties": { "nombre": "Camino sin nombre", "longitud_km": 2.54 }, "geometry": { "type": "LineString", "coordinates": [ [ -69.9687, -40.6205 ], [ -69.9755, -40.609 ], [ -69.9878, -40.6046 ] ] } },
{ "type": "Feature", "properties": { "nombre": "Camino sin nombre", "longitud_km": 8.33 }, "geometry": { "type": "LineString", "coordinates": [ [ -70.533, -40.6263 ], [ -70.5395, -40.6261 ], [ -70.5508, -40.6148 ], [ -70.5505, -40.6039 ], [ -70.5612, -40.5955 ], [ -70.5866, -40.5919 ], [ -70.5905, -40.5786 ] ] } },
{ "type": "Feature", "properties": { "nombre": "Camino sin nombre", "longitud_km": 1.49 }, "geometry": { "type": "LineString", "coordinates": [ [ -67.9438, -39.0324 ], [ -67.9267, -39.0305 ] ] } },
{ "type": "Feature", "properties": { "nombre": "Camino sin nombre", "longitud_km": 2.12 }, "geometry": { "type": "LineString", "coordinates": [ [ -69.2686, -39.6593 ], [ -69.2537, -39.6612 ], [ -69.2473, -39.6667 ] ] } },
{ "type": "Feature", "properties": { "nombre": "Camino sin nombre", "longitud_km": 0.44 }, "geometry": { "type": "LineString", "coordinates": [ [ -68.1327, -37.6798 ], [ -68.1373, -37.6783 ] ] } },
{ "type": "Feature", "properties": { "nombre": "Camino sin nombre", "longitud_km": 0.9 }, "geometry": { "type": "LineString", "coordinates": [ [ -69.5297, -40.3257 ], [ -69.5332, -40.3333 ] ] } },
{ "type": "Feature", "properties": { "nombre": "Camino sin nombre", "longitud_km": 2.24 }, "geometry": { "type": "LineString", "coordinates": [ [ -70.6303, -40.6471 ], [ -70.6224, -40.6663 ] ] } },
{ "type": "Feature", "properties": { "nombre": "Camino sin nombre", "longitud_km": 4.19 }, "geometry": { "type": "LineString", "coordinates": [ [ -70.6387, -40.9473 ], [ -70.6444, -40.9524 ], [ -70.6447, -40.9834 ] ] } },
{ "type": "Feature", "properties": { "nombre": "Camino sin nombre", "longitud_km": 0.11 }, "geometry": { "type": "LineString", "coordinates": [ [ -67.9139, -38.9953 ], [ -67.9126, -38.9954 ] ] } },
{ "type": "Feature", "properties": { "nombre": "Camino sin nombre", "longitud_km": 1.02 }, "geometry": { "type": "LineString", "coordinates": [ [ -67.6569, -39.0712 ], [ -67.6686, -39.0696 ] ] } },
{ "type": "Feature", "properties": { "nombre": "Camino sin nombre", "longitud_km": 0.85 }, "geometry": { "type": "LineString", "coordinates": [ [ -67.8869, -39.0042 ], [ -67.8952, -39.0 ] ] } },
{ "type": "Feature", "properties": { "nombre": "Camino sin nombre", "longitud_km": 0.36 }, "geometry": { "type": "LineString", "coordinates": [ [ -68.1622, -37.67 ], [ -68.166, -37.6688 ] ] } },
{ "type": "Feature", "properties": { "nombre": "Camino sin nombre", "longitud_km": 0.4 }, "geometry": { "type": "LineString", "coordinates": [ [ -67.9435, -38.9397 ], [ -67.9436, -38.9433 ] ] } },
{ "type": "Feature", "properties": { "nombre": "Camino sin nombre", "longitud_km": 0.41 }, "geometry": { "type": "LineString", "coordinates": [ [ -68.0003, -38.9502 ], [ -68.0016, -38.9538 ] ] } },
{ "type": "Feature", "properties": { "nombre": "Camino sin nombre", "longitud_km": 0.75 }, "geometry": { "type": "LineString", "coordinates": [ [ -70.7251, -40.8713 ], [ -70.7251, -40.878 ] ] } },
{ "type": "Feature", "properties": { "nombre": "Camino sin nombre", "longitud_km": 0.11 }, "geometry": { "type": "LineString", "coordinates": [ [ -70.6343, -40.6741 ], [ -70.635, -40.675 ] ] } },
{ "type": "Feature", "properties": { "nombre": "Camino sin nombre", "longitud_km": 0.33 }, "geometry": { "type": "LineString", "coordinates": [ [ -67.7767, -39.0279 ], [ -67.7805, -39.0274 ] ] } },
{ "type": "Feature", "properties": { "nombre": "Camino sin nombre", "longitud_km": 0.51 }, "geometry": { "type": "LineString", "coordinates": [ [ -68.0623, -37.7101 ], [ -68.0676, -37.7083 ] ] } },
{ "type": "Feature", "properties": { "nombre": "Camino sin nombre", "longitud_km": 0.44 }, "geometry": { "type": "LineString", "coordinates": [ [ -71.324, -41.1898 ], [ -71.3251, -41.1859 ] ] } },
{ "type": "Feature", "properties": { "nombre": "Camino sin nombre", "longitud_km": 1.87 }, "geometry": { "type": "LineString", "coordinates": [ [ -68.0479, -38.8761 ], [ -68.0694, -38.8761 ] ] } },
{ "type": "Feature", "properties": { "nombre": "Camino sin nombre", "longitud_km": 0.5 }, "geometry": { "type": "LineString", "coordinates": [ [ -67.5711, -39.08 ], [ -67.5704, -39.0845 ] ] } },
{ "type": "Feature", "properties": { "nombre": "Camino sin nombre", "longitud_km": 1.01 }, "geometry": { "type": "LineString", "coordinates": [ [ -68.172, -38.6878 ], [ -68.1604, -38.6878 ] ] } },
{ "type": "Feature", "properties": { "nombre": "Camino sin nombre", "longitud_km": 3.87 }, "geometry": { "type": "LineString", "coordinates": [ [ -70.1056, -40.4646 ], [ -70.0965, -40.4879 ], [ -70.0973, -40.4984 ] ] } },
{ "type": "Feature", "properties": { "nombre": "Camino sin nombre", "longitud_km": 0.5 }, "geometry": { "type": "LineString", "coordinates": [ [ -67.8728, -38.9872 ], [ -67.8785, -38.9865 ] ] } },
{ "type": "Feature", "properties": { "nombre": "Camino sin nombre", "longitud_km": 0.24 }, "geometry": { "type": "LineString", "coordinates": [ [ -70.5566, -40.8634 ], [ -70.5594, -40.8639 ] ] } },
{ "type": "Feature", "properties": { "nombre": "Camino sin nombre", "longitud_km": 1.73 }, "geometry": { "type": "LineString", "coordinates": [ [ -70.7451, -40.6963 ], [ -70.7339, -40.6832 ] ] } },
{ "type": "Feature", "properties": { "nombre": "Camino sin nombre", "longitud_km": 0.02 }, "geometry": { "type": "LineString", "coordinates": [ [ -70.0286, -40.5163 ], [ -70.0283, -40.5163 ] ] } },
{ "type": "Feature", "properties": { "nombre": "Camino sin nombre", "longitud_km": 1.02 }, "geometry": { "type": "LineString", "coordinates": [ [ -67.6062, -39.059 ], [ -67.6081, -39.0681 ] ] } },
{ "type": "Feature", "properties": { "nombre": "Camino sin nombre", "longitud_km": 0.08 }, "geometry": { "type": "LineString", "coordinates": [ [ -67.974, -38.9907 ], [ -67.9745, -38.9901 ] ] } },
{ "type": "Feature", "properties": { "nombre": "Camino sin nombre", "longitud_km": 0.09 }, "geometry": { "type": "LineString", "coordinates": [ [ -67.9737, -38.9914 ], [ -67.974, -38.9907 ] ] } },
{ "type": "Feature", "properties": { "nombre": "Camino sin nombre", "longitud_km": 0.22 }, "geometry": { "type": "LineString", "coordinates": [ [ -68.17, -37.6675 ], [ -68.1723, -37.6667 ] ] } },
{ "type": "Feature", "properties": { "nombre": "Camino sin nombre", "longitud_km": 0.66 }, "geometry": { "type": "LineString", "coordinates": [ [ -67.5246, -39.0241 ], [ -67.5282, -39.0293 ] ] } },
{ "type": "Feature", "properties": { "nombre": "Camino sin nombre", "longitud_km": 0.37 }, "geometry": { "type": "LineString", "coordinates": [ [ -68.0549, -38.8675 ], [ -68.0525, -38.8702 ] ] } },
{ "type": "Feature", "properties": { "nombre": "Camino sin nombre", "longitud_km": 0.73 }, "geometry": { "type": "LineString", "coordinates": [ [ -68.106, -38.7653 ], [ -68.0983, -38.7627 ] ] } },
{ "type": "Feature", "properties": { "nombre": "Camino sin nombre", "longitud_km": 1.53 }, "geometry": { "type": "LineString", "coordinates": [ [ -70.7539, -41.1271 ], [ -70.7721, -41.1288 ] ] } },
{ "type": "Feature", "properties": { "nombre": "Camino sin nombre", "longitud_km": 0.57 }, "geometry": { "type": "LineString", "coordinates": [ [ -71.3431, -41.1458 ], [ -71.3498, -41.146 ] ] } },
{ "type": "Feature", "properties": { "nombre": "Camino sin nombre", "longitud_km": 1.01 }, "geometry": { "type": "LineString", "coordinates": [ [ -67.5673, -39.0453 ], [ -67.5691, -39.0543 ] ] } },
{ "type": "Feature", "properties": { "nombre": "Camino sin nombre", "longitud_km": 1.02 }, "geometry": { "type": "LineString", "coordinates": [ [ -67.7805, -39.0274 ], [ -67.7824, -39.0365 ] ] } },
{ "type": "Feature", "properties": { "nombre": "Camino sin nombre", "longitud_km": 0.2 }, "geometry": { "type": "LineString", "coordinates": [ [ -70.7989, -40.6646 ], [ -70.7967, -40.6639 ] ] } },
{ "type": "Feature", "properties": { "nombre": "Camino sin nombre", "longitud_km": 1.04 }, "geometry": { "type": "LineString", "coordinates": [ [ -67.5728, -39.0724 ], [ -67.5847, -39.0709 ] ] } },
{ "type": "Feature", "properties": { "nombre": "Camino sin nombre", "longitud_km": 0.33 }, "geometry": { "type": "LineString", "coordinates": [ [ -68.0, -37.9889 ], [ -68.0027, -37.991 ] ] } },
{ "type": "Feature", "properties": { "nombre": "Camino sin nombre", "longitud_km": 0.4 }, "geometry": { "type": "LineString", "coordinates": [ [ -68.0054, -38.8907 ], [ -68.0052, -38.8943 ] ] } },
{ "type": "Feature", "properties": { "nombre": "Camino sin nombre", "longitud_km": 0.72 }, "geometry": { "type": "LineString", "coordinates": [ [ -68.57, -39.1295 ], [ -68.573, -39.1356 ] ] } },
{ "type": "Feature", "properties": { "nombre": "Camino sin nombre", "longitud_km": 3.24 }, "geometry": { "type": "LineString", "coordinates": [ [ -70.6095, -40.8903 ], [ -70.619, -40.9186 ] ] } },
{ "type": "Feature", "properties": { "nombre": "Camino sin nombre", "longitud_km": 0.12 }, "geometry": { "type": "LineString", "coordinates": [ [ -70.7166, -40.764 ], [ -70.7172, -40.7649 ] ] } },
{ "type": "Feature", "properties": { "nombre": "Camino sin nombre", "longitud_km": 0.31 }, "geometry": { "type": "LineString", "coordinates": [ [ -67.9792, -38.9034 ], [ -67.9757, -38.9034 ] ] } },
{ "type": "Feature", "properties": { "nombre": "Camino sin nombre", "longitud_km": 0.28 }, "geometry": { "type": "LineString", "coordinates": [ [ -67.5005, -39.0235 ], [ -67.5, -39.0211 ] ] } },
{ "type": "Feature", "properties": { "nombre": "Camino sin nombre", "longitud_km": 0.56 }, "geometry": { "type": "LineString", "coordinates": [ [ -67.8388, -39.0197 ], [ -67.8398, -39.0246 ] ] } },
{ "type": "Feature", "properties": { "nombre": "Camino sin nombre", "longitud_km": 0.53 }, "geometry": { "type": "LineString", "coordinates": [ [ -67.9838, -38.8989 ], [ -67.9838, -38.8941 ] ] } },
{ "type": "Feature", "properties": { "nombre": "Camino sin nombre", "longitud_km": 0.3 }, "geometry": { "type": "LineString", "coordinates": [ [ -67.6975, -39.0998 ], [ -67.695, -39.098 ] ] } },
{ "type": "Feature", "properties": { "nombre": "Camino sin nombre", "longitud_km": 1.88 }, "geometry": { "type": "LineString", "coordinates": [ [ -70.6448, -41.0177 ], [ -70.6281, -41.0199 ], [ -70.6252, -41.0165 ] ] } },
{ "type": "Feature", "properties": { "nombre": "Camino sin nombre", "longitud_km": 1.52 }, "geometry": { "type": "LineString", "coordinates": [ [ -68.0874, -38.7566 ], [ -68.0843, -38.77 ] ] } },
{ "type": "Feature", "properties": { "nombre": "Camino sin nombre", "longitud_km": 1.67 }, "geometry": { "type": "LineString", "coordinates": [ [ -67.5818, -38.9523 ], [ -67.6004, -38.9484 ] ] } },
{ "type": "Feature", "properties": { "nombre": "Camino sin nombre", "longitud_km": 0.08 }, "geometry": { "type": "LineString", "coordinates": [ [ -67.7936, -39.0326 ], [ -67.7938, -39.0333 ] ] } },
{ "type": "Feature", "properties": { "nombre": "Camino sin nombre", "longitud_km": 0.51 }, "geometry": { "type": "LineString", "coordinates": [ [ -67.7927, -39.0069 ], [ -67.7986, -39.0061 ] ] } },
{ "type": "Feature", "properties": { "nombre": "Camino sin nombre", "longitud_km": 0.11 }, "geometry": { "type": "LineString", "coordinates": [ [ -71.1376, -41.0734 ], [ -71.1388, -41.0738 ] ] } },
{ "type": "Feature", "properties": { "nombre": "Camino sin nombre", "longitud_km": 0.1 }, "geometry": { "type": "LineString", "coordinates": [ [ -70.5782, -40.798 ], [ -70.5772, -40.7985 ] ] } },
{ "type": "Feature", "properties": { "nombre": "Camino sin nombre", "longitud_km": 0.54 }, "geometry": { "type": "LineString", "coordinates": [ [ -67.6216, -39.1039 ], [ -67.6277, -39.1031 ] ] } },
{ "type": "Feature", "properties": { "nombre": "Camino sin nombre", "longitud_km": 0.1 }, "geometry": { "type": "LineString", "coordinates": [ [ -67.5081, -39.0261 ], [ -67.507, -39.0263 ] ] } },
{ "type": "Feature", "properties": { "nombre": "Camino sin nombre", "longitud_km": 1.42 }, "geometry": { "type": "LineString", "coordinates": [ [ -67.7337, -39.0145 ], [ -67.7499, -39.0124 ] ] } },
{ "type": "Feature", "properties": { "nombre": "Camino sin nombre", "longitud_km": 0.18 }, "geometry": { "type": "LineString", "coordinates": [ [ -67.7166, -39.0117 ], [ -67.7162, -39.0101 ] ] } },
{ "type": "Feature", "properties": { "nombre": "Camino sin nombre", "longitud_km": 1.18 }, "geometry": { "type": "LineString", "coordinates": [ [ -71.0141, -40.7723 ], [ -71.0185, -40.7743 ], [ -71.018, -40.781 ] ] } },
{ "type": "Feature", "properties": { "nombre": "Camino sin nombre", "longitud_km": 1.89 }, "geometry": { "type": "LineString", "coordinates": [ [ -70.7721, -41.1288 ], [ -70.7899, -41.1391 ] ] } },
{ "type": "Feature", "properties": { "nombre": "Camino sin nombre", "longitud_km": 0.05 }, "geometry": { "type": "LineString", "coordinates": [ [ -67.8103, -38.9802 ], [ -67.8097, -38.9803 ] ] } },
{ "type": "Feature", "properties": { "nombre": "Camino sin nombre", "longitud_km": 1.03 }, "geometry": { "type": "LineString", "coordinates": [ [ -67.5167, -39.0438 ], [ -67.5284, -39.0423 ] ] } },
{ "type": "Feature", "properties": { "nombre": "Camino sin nombre", "longitud_km": 1.56 }, "geometry": { "type": "LineString", "coordinates": [ [ -67.9869, -39.0577 ], [ -67.9867, -39.0717 ] ] } },
{ "type": "Feature", "properties": { "nombre": "Camino sin nombre", "longitud_km": 0.28 }, "geometry": { "type": "LineString", "coordinates": [ [ -68.1106, -38.7484 ], [ -68.1078, -38.7496 ] ] } },
{ "type": "Feature", "properties": { "nombre": "Camino sin nombre", "longitud_km": 1.03 }, "geometry": { "type": "LineString", "coordinates": [ [ -67.7078, -39.0273 ], [ -67.7097, -39.0365 ] ] } },
{ "type": "Feature", "properties": { "nombre": "Camino sin nombre", "longitud_km": 0.06 }, "geometry": { "type": "LineString", "coordinates": [ [ -70.6709, -40.8071 ], [ -70.6703, -40.8068 ] ] } },
{ "type": "Feature", "properties": { "nombre": "Camino sin nombre", "longitud_km": 0.64 }, "geometry": { "type": "LineString", "coordinates": [ [ -67.8609, -38.9888 ], [ -67.8682, -38.9878 ] ] } },
{ "type": "Feature", "properties": { "nombre": "Camino sin nombre", "longitud_km": 1.19 }, "geometry": { "type": "LineString", "coordinates": [ [ -70.6114, -40.8111 ], [ -70.6003, -40.8046 ] ] } },
{ "type": "Feature", "properties": { "nombre": "Camino sin nombre", "longitud_km": 0.2 }, "geometry": { "type": "LineString", "coordinates": [ [ -70.5229, -41.0078 ], [ -70.5229, -41.0096 ] ] } },
{ "type": "Feature", "properties": { "nombre": "Camino sin nombre", "longitud_km": 0.07 }, "geometry": { "type": "LineString", "coordinates": [ [ -70.7066, -40.8298 ], [ -70.7066, -40.8304 ] ] } },
{ "type": "Feature", "properties": { "nombre": "Camino sin nombre", "longitud_km": 0.29 }, "geometry": { "type": "LineString", "coordinates": [ [ -67.8462, -38.9974 ], [ -67.8467, -39.0 ] ] } },
{ "type": "Feature", "properties": { "nombre": "Camino sin nombre", "longitud_km": 0.28 }, "geometry": { "type": "LineString", "coordinates": [ [ -68.1175, -37.6848 ], [ -68.1205, -37.6838 ] ] } },
{ "type": "Feature", "properties": { "nombre": "Camino sin nombre", "longitud_km": 0.66 }, "geometry": { "type": "LineString", "coordinates": [ [ -67.9642, -39.019 ], [ -67.9567, -39.0201 ] ] } },
{ "type": "Feature", "properties": { "nombre": "Camino sin nombre", "longitud_km": 0.03 }, "geometry": { "type": "LineString", "coordinates": [ [ -67.5046, -39.0266 ], [ -67.5043, -39.0266 ] ] } },
{ "type": "Feature", "properties": { "nombre": "Camino sin nombre", "longitud_km": 5.85 }, "geometry": { "type": "LineString", "coordinates": [ [ -70.7827, -40.9169 ], [ -70.7621, -40.9065 ], [ -70.734, -40.9087 ], [ -70.7323, -40.9034 ], [ -70.7237, -40.9006 ] ] } },
{ "type": "Feature", "properties": { "nombre": "Camino sin nombre", "longitud_km": 1.18 }, "geometry": { "type": "LineString", "coordinates": [ [ -70.8835, -40.9418 ], [ -70.8743, -40.9498 ] ] } },
{ "type": "Feature", "properties": { "nombre": "Camino sin nombre", "longitud_km": 0.15 }, "geometry": { "type": "LineString", "coordinates": [ [ -70.6277, -40.6792 ], [ -70.626, -40.6789 ] ] } },
{ "type": "Feature", "properties": { "nombre": "Camino sin nombre", "longitud_km": 1.03 }, "geometry": { "type": "LineString", "coordinates": [ [ -67.7528, -39.0121 ], [ -67.751, -39.0029 ] ] } },
{ "type": "Feature", "properties": { "nombre": "Camino sin nombre", "longitud_km": 0.72 }, "geometry": { "type": "LineString", "coordinates": [ [ -70.4905, -40.7335 ], [ -70.4956, -40.7283 ] ] } },
{ "type": "Feature", "properties": { "nombre": "Camino sin nombre", "longitud_km": 0.05 }, "geometry": { "type": "LineString", "coordinates": [ [ -68.2269, -38.675 ], [ -68.2272, -38.6753 ] ] } },
{ "type": "Feature", "properties": { "nombre": "Camino sin nombre", "longitud_km": 1.12 }, "geometry": { "type": "LineString", "coordinates": [ [ -67.9137, -39.072 ], [ -67.9262, -39.0696 ] ] } },
{ "type": "Feature", "properties": { "nombre": "Camino sin nombre", "longitud_km": 1.51 }, "geometry": { "type": "LineString", "coordinates": [ [ -70.5, -40.6908 ], [ -70.4845, -40.6976 ] ] } },
{ "type": "Feature", "properties": { "nombre": "Camino sin nombre", "longitud_km": 2.64 }, "geometry": { "type": "LineString", "coordinates": [ [ -70.8479, -40.7948 ], [ -70.8732, -40.8088 ] ] } },
{ "type": "Feature", "properties": { "nombre": "Camino sin nombre", "longitud_km": 2.03 }, "geometry": { "type": "LineString", "coordinates": [ [ -68.0925, -38.7711 ], [ -68.1082, -38.7711 ], [ -68.106, -38.7653 ] ] } },
{ "type": "Feature", "properties": { "nombre": "Camino sin nombre", "longitud_km": 0.12 }, "geometry": { "type": "LineString", "coordinates": [ [ -67.9611, -38.9282 ], [ -67.9611, -38.9271 ] ] } },
{ "type": "Feature", "properties": { "nombre": "Camino sin nombre", "longitud_km": 1.0 }, "geometry": { "type": "LineString", "coordinates": [ [ -67.8252, -39.0122 ], [ -67.8271, -39.0211 ] ] } },
{ "type": "Feature", "properties": { "nombre": "Camino sin nombre", "longitud_km": 0.27 }, "geometry": { "type": "LineString", "coordinates": [ [ -67.9689, -38.9767 ], [ -67.972, -38.9761 ] ] } },
{ "type": "Feature", "properties": { "nombre": "Camino sin nombre", "longitud_km": 2.54 }, "geometry": { "type": "LineString", "coordinates": [ [ -67.7626, -39.0 ], [ -67.7618, -38.9961 ], [ -67.7844, -38.9893 ] ] } },
{ "type": "Feature", "properties": { "nombre": "Camino sin nombre", "longitud_km": 2.24 }, "geometry": { "type": "LineString", "coordinates": [ [ -70.5712, -40.7321 ], [ -70.5447, -40.7329 ] ] } },
{ "type": "Feature", "properties": { "nombre": "Camino sin nombre", "longitud_km": 0.03 }, "geometry": { "type": "LineString", "coordinates": [ [ -68.0465, -38.8452 ], [ -68.0463, -38.8454 ] ] } },
{ "type": "Feature", "properties": { "nombre": "Camino sin nombre", "longitud_km": 0.83 }, "geometry": { "type": "LineString", "coordinates": [ [ -70.5985, -40.7404 ], [ -70.5902, -40.7363 ] ] } },
{ "type": "Feature", "properties": { "nombre": "Camino sin nombre", "longitud_km": 4.16 }, "geometry": { "type": "LineString", "coordinates": [ [ -67.5, -38.9685 ], [ -67.5466, -38.9593 ] ] } },
{ "type": "Feature", "properties": { "nombre": "Camino sin nombre", "longitud_km": 0.15 }, "geometry": { "type": "LineString", "coordinates": [ [ -67.8782, -38.9759 ], [ -67.8785, -38.9773 ] ] } },
{ "type": "Feature", "properties": { "nombre": "Camino sin nombre", "longitud_km": 0.18 }, "geometry": { "type": "LineString", "coordinates": [ [ -70.879, -41.1926 ], [ -70.8785, -41.1943 ] ] } },
{ "type": "Feature", "properties": { "nombre": "Camino sin nombre", "longitud_km": 0.35 }, "geometry": { "type": "LineString", "coordinates": [ [ -67.5965, -38.8881 ], [ -67.5996, -38.8902 ] ] } },
{ "type": "Feature", "properties": { "nombre": "Camino sin nombre", "longitud_km": 0.37 }, "geometry": { "type": "LineString", "coordinates": [ [ -67.9727, -38.9621 ], [ -67.9716, -38.9589 ] ] } },
{ "type": "Feature", "properties": { "nombre": "Camino sin nombre", "longitud_km": 1.03 }, "geometry": { "type": "LineString", "coordinates": [ [ -67.6629, -39.0425 ], [ -67.6746, -39.041 ] ] } },
{ "type": "Feature", "properties": { "nombre": "Camino sin nombre", "longitud_km": 0.25 }, "geometry": { "type": "LineString", "coordinates": [ [ -68.5713, -39.1275 ], [ -68.57, -39.1295 ] ] } },
{ "type": "Feature", "properties": { "nombre": "Camino sin nombre", "longitud_km": 0.79 }, "geometry": { "type": "LineString", "coordinates": [ [ -67.8789, -38.9792 ], [ -67.8803, -38.9863 ] ] } },
{ "type": "Feature", "properties": { "nombre": "Camino sin nombre", "longitud_km": 0.75 }, "geometry": { "type": "LineString", "coordinates": [ [ -71.2285, -41.2037 ], [ -71.2207, -41.2069 ] ] } },
{ "type": "Feature", "properties": { "nombre": "Camino sin nombre", "longitud_km": 0.2 }, "geometry": { "type": "LineString", "coordinates": [ [ -67.507, -39.0263 ], [ -67.5046, -39.0266 ] ] } },
{ "type": "Feature", "properties": { "nombre": "Camino sin nombre", "longitud_km": 0.93 }, "geometry": { "type": "LineString", "coordinates": [ [ -71.1461, -41.0649 ], [ -71.1476, -41.0732 ] ] } },
{ "type": "Feature", "properties": { "nombre": "Camino sin nombre", "longitud_km": 0.24 }, "geometry": { "type": "LineString", "coordinates": [ [ -68.0052, -38.8943 ], [ -68.0024, -38.8943 ] ] } },
{ "type": "Feature", "properties": { "nombre": "Camino sin nombre", "longitud_km": 0.37 }, "geometry": { "type": "LineString", "coordinates": [ [ -70.5278, -40.9816 ], [ -70.5244, -40.9837 ] ] } },
{ "type": "Feature", "properties": { "nombre": "Camino sin nombre", "longitud_km": 0.04 }, "geometry": { "type": "LineString", "coordinates": [ [ -67.7867, -38.9996 ], [ -67.7867, -39.0 ] ] } },
{ "type": "Feature", "properties": { "nombre": "Camino sin nombre", "longitud_km": 1.02 }, "geometry": { "type": "LineString", "coordinates": [ [ -67.6433, -39.0634 ], [ -67.655, -39.062 ] ] } },
{ "type": "Feature", "properties": { "nombre": "Camino sin nombre", "longitud_km": 0.1 }, "geometry": { "type": "LineString", "coordinates": [ [ -67.5746, -39.0222 ], [ -67.5747, -39.0231 ] ] } },
{ "type": "Feature", "properties": { "nombre": "Camino sin nombre", "longitud_km": 0.71 }, "geometry": { "type": "LineString", "coordinates": [ [ -70.7838, -40.7519 ], [ -70.7771, -40.7558 ] ] } },
{ "type": "Feature", "properties": { "nombre": "Camino sin nombre", "longitud_km": 2.99 }, "geometry": { "type": "LineString", "coordinates": [ [ -69.5, -40.6413 ], [ -69.5174, -40.6505 ], [ -69.5315, -40.6498 ] ] } },
{ "type": "Feature", "properties": { "nombre": "Camino sin nombre", "longitud_km": 1.81 }, "geometry": { "type": "LineString", "coordinates": [ [ -70.7071, -40.7217 ], [ -70.6944, -40.7197 ], [ -70.6985, -40.7141 ] ] } },
{ "type": "Feature", "properties": { "nombre": "Camino sin nombre", "longitud_km": 4.46 }, "geometry": { "type": "LineString", "coordinates": [ [ -68.5747, -39.1508 ], [ -68.5556, -39.1685 ], [ -68.5504, -39.1851 ] ] } },
{ "type": "Feature", "properties": { "nombre": "Camino sin nombre", "longitud_km": 0.22 }, "geometry": { "type": "LineString", "coordinates": [ [ -70.8743, -40.9498 ], [ -70.8724, -40.9512 ] ] } },
{ "type": "Feature", "properties": { "nombre": "Camino sin nombre", "longitud_km": 1.08 }, "geometry": { "type": "LineString", "coordinates": [ [ -67.728, -39.0078 ], [ -67.7166, -39.0117 ] ] } },
{ "type": "Feature", "properties": { "nombre": "Camino sin nombre", "longitud_km": 0.28 }, "geometry": { "type": "LineString", "coordinates": [ [ -71.4844, -41.0563 ], [ -71.4877, -41.0556 ] ] } },
{ "type": "Feature", "properties": { "nombre": "Camino sin nombre", "longitud_km": 2.11 }, "geometry": { "type": "LineString", "coordinates": [ [ -70.8255, -41.0308 ], [ -70.8486, -41.0384 ] ] } },
{ "type": "Feature", "properties": { "nombre": "Camino sin nombre", "longitud_km": 1.41 }, "geometry": { "type": "LineString", "coordinates": [ [ -67.7872, -38.6758 ], [ -67.7984, -38.6667 ] ] } },
{ "type": "Feature", "properties": { "nombre": "Camino sin nombre", "longitud_km": 0.07 }, "geometry": { "type": "LineString", "coordinates": [ [ -67.6039, -39.0101 ], [ -67.6046, -39.0098 ] ] } },
{ "type": "Feature", "properties": { "nombre": "Camino sin nombre", "longitud_km": 2.11 }, "geometry": { "type": "LineString", "coordinates": [ [ -68.1261, -38.7117 ], [ -68.1129, -38.715 ], [ -68.115, -38.723 ] ] } },
{ "type": "Feature", "properties": { "nombre": "Camino sin nombre", "longitud_km": 0.45 }, "geometry": { "type": "LineString", "coordinates": [ [ -67.5, -39.0459 ], [ -67.5051, -39.0452 ] ] } },
{ "type": "Feature", "properties": { "nombre": "Camino sin nombre", "longitud_km": 0.05 }, "geometry": { "type": "LineString", "coordinates": [ [ -70.03, -40.5191 ], [ -70.0303, -40.5195 ] ] } },
{ "type": "Feature", "properties": { "nombre": "Camino sin nombre", "longitud_km": 4.76 }, "geometry": { "type": "LineString", "coordinates": [ [ -70.6095, -40.8903 ], [ -70.5955, -40.8488 ] ] } },
{ "type": "Feature", "properties": { "nombre": "Camino sin nombre", "longitud_km": 0.51 }, "geometry": { "type": "LineString", "coordinates": [ [ -67.5131, -39.0255 ], [ -67.514, -39.0301 ] ] } },
{ "type": "Feature", "properties": { "nombre": "Camino sin nombre", "longitud_km": 1.04 }, "geometry": { "type": "LineString", "coordinates": [ [ -67.7232, -39.0441 ], [ -67.7351, -39.0426 ] ] } },
{ "type": "Feature", "properties": { "nombre": "Camino sin nombre", "longitud_km": 0.14 }, "geometry": { "type": "LineString", "coordinates": [ [ -67.9548, -38.952 ], [ -67.9544, -38.9508 ] ] } },
{ "type": "Feature", "properties": { "nombre": "Camino sin nombre", "longitud_km": 0.11 }, "geometry": { "type": "LineString", "coordinates": [ [ -70.891, -41.1953 ], [ -70.8897, -41.1955 ] ] } },
{ "type": "Feature", "properties": { "nombre": "Camino sin nombre", "longitud_km": 0.15 }, "geometry": { "type": "LineString", "coordinates": [ [ -70.2288, -40.9565 ], [ -70.2306, -40.9567 ] ] } },
{ "type": "Feature", "properties": { "nombre": "Camino sin nombre", "longitud_km": 0.13 }, "geometry": { "type": "LineString", "coordinates": [ [ -67.9735, -38.9926 ], [ -67.9737, -38.9914 ] ] } },
{ "type": "Feature", "properties": { "nombre": "Camino sin nombre", "longitud_km": 0.19 }, "geometry": { "type": "LineString", "coordinates": [ [ -68.1205, -37.6838 ], [ -68.1225, -37.6832 ] ] } },
{ "type": "Feature", "properties": { "nombre": "Camino sin nombre", "longitud_km": 0.25 }, "geometry": { "type": "LineString", "coordinates": [ [ -67.9122, -38.9987 ], [ -67.9146, -38.9975 ] ] } },
{ "type": "Feature", "properties": { "nombre": "Camino sin nombre", "longitud_km": 0.03 }, "geometry": { "type": "LineString", "coordinates": [ [ -67.6253, -39.1162 ], [ -67.6256, -39.1162 ] ] } },
{ "type": "Feature", "properties": { "nombre": "Camino sin nombre", "longitud_km": 0.19 }, "geometry": { "type": "LineString", "coordinates": [ [ -67.57, -38.997 ], [ -67.5687, -38.9956 ] ] } },
{ "type": "Feature", "properties": { "nombre": "Camino sin nombre", "longitud_km": 0.24 }, "geometry": { "type": "LineString", "coordinates": [ [ -71.4402, -41.1399 ], [ -71.4385, -41.1415 ] ] } },
{ "type": "Feature", "properties": { "nombre": "Camino sin nombre", "longitud_km": 1.03 }, "geometry": { "type": "LineString", "coordinates": [ [ -67.6512, -39.0439 ], [ -67.6532, -39.053 ] ] } },
{ "type": "Feature", "properties": { "nombre": "Camino sin nombre", "longitud_km": 0.02 }, "geometry": { "type": "LineString", "coordinates": [ [ -67.6698, -39.0176 ], [ -67.6698, -39.0178 ] ] } },
{ "type": "Feature", "properties": { "nombre": "Camino sin nombre", "longitud_km": 1.01 }, "geometry": { "type": "LineString", "coordinates": [ [ -67.507, -39.0545 ], [ -67.5089, -39.0634 ] ] } },
{ "type": "Feature", "properties": { "nombre": "Camino sin nombre", "longitud_km": 0.31 }, "geometry": { "type": "LineString", "coordinates": [ [ -67.9907, -38.9121 ], [ -67.9907, -38.9093 ] ] } },
{ "type": "Feature", "properties": { "nombre": "Camino sin nombre", "longitud_km": 0.15 }, "geometry": { "type": "LineString", "coordinates": [ [ -67.881, -38.9896 ], [ -67.8813, -38.9909 ] ] } },
{ "type": "Feature", "properties": { "nombre": "Camino sin nombre", "longitud_km": 0.56 }, "geometry": { "type": "LineString", "coordinates": [ [ -67.6204, -39.113 ], [ -67.6253, -39.1162 ] ] } },
{ "type": "Feature", "properties": { "nombre": "Camino sin nombre", "longitud_km": 0.52 }, "geometry": { "type": "LineString", "coordinates": [ [ -70.6766, -40.8095 ], [ -70.6808, -40.8061 ] ] } },
{ "type": "Feature", "properties": { "nombre": "Camino sin nombre", "longitud_km": 1.15 }, "geometry": { "type": "LineString", "coordinates": [ [ -70.7771, -40.7558 ], [ -70.776, -40.7623 ], [ -70.7714, -40.7609 ] ] } },
{ "type": "Feature", "properties": { "nombre": "Camino sin nombre", "longitud_km": 0.01 }, "geometry": { "type": "LineString", "coordinates": [ ] } },
{ "type": "Feature", "properties": { "nombre": "Camino sin nombre", "longitud_km": 0.11 }, "geometry": { "type": "LineString", "coordinates": [ [ -68.0487, -38.8468 ], [ -68.0496, -38.8475 ] ] } },
{ "type": "Feature", "properties": { "nombre": "Camino sin nombre", "longitud_km": 0.24 }, "geometry": { "type": "LineString", "coordinates": [ [ -68.0382, -38.838 ], [ -68.0392, -38.84 ] ] } },
{ "type": "Feature", "properties": { "nombre": "Camino sin nombre", "longitud_km": 0.51 }, "geometry": { "type": "LineString", "coordinates": [ [ -67.9713, -39.018 ], [ -67.9655, -39.0188 ] ] } },
{ "type": "Feature", "properties": { "nombre": "Camino sin nombre", "longitud_km": 0.32 }, "geometry": { "type": "LineString", "coordinates": [ [ -71.1501, -41.0644 ], [ -71.1499, -41.0673 ] ] } },
{ "type": "Feature", "properties": { "nombre": "Camino sin nombre", "longitud_km": 8.66 }, "geometry": { "type": "LineString", "coordinates": [ [ -67.7468, -38.7522 ], [ -67.761, -38.7313 ], [ -67.7816, -38.6795 ] ] } },
{ "type": "Feature", "properties": { "nombre": "Camino sin nombre", "longitud_km": 1.92 }, "geometry": { "type": "LineString", "coordinates": [ [ -69.6861, -40.6604 ], [ -69.7072, -40.6667 ] ] } },
{ "type": "Feature", "properties": { "nombre": "Camino sin nombre", "longitud_km": 0.11 }, "geometry": { "type": "LineString", "coordinates": [ [ -67.8412, -39.0312 ], [ -67.841, -39.0322 ] ] } },
{ "type": "Feature", "properties": { "nombre": "Camino sin nombre", "longitud_km": 1.51 }, "geometry": { "type": "LineString", "coordinates": [ [ -67.963, -39.0623 ], [ -67.9799, -39.059 ] ] } },
{ "type": "Feature", "properties": { "nombre": "Camino sin nombre", "longitud_km": 0.59 }, "geometry": { "type": "LineString", "coordinates": [ [ -67.8113, -38.9598 ], [ -67.8174, -38.9622 ] ] } },
{ "type": "Feature", "properties": { "nombre": "Camino sin nombre", "longitud_km": 0.51 }, "geometry": { "type": "LineString", "coordinates": [ [ -67.8155, -39.0227 ], [ -67.8133, -39.0269 ] ] } },
{ "type": "Feature", "properties": { "nombre": "Camino sin nombre", "longitud_km": 1.03 }, "geometry": { "type": "LineString", "coordinates": [ [ -67.7628, -39.0014 ], [ -67.7648, -39.0105 ] ] } },
{ "type": "Feature", "properties": { "nombre": "Camino sin nombre", "longitud_km": 0.21 }, "geometry": { "type": "LineString", "coordinates": [ [ -70.8639, -41.1746 ], [ -70.8614, -41.1749 ] ] } },
{ "type": "Feature", "properties": { "nombre": "Camino sin nombre", "longitud_km": 0.94 }, "geometry": { "type": "LineString", "coordinates": [ [ -68.2533, -38.658 ], [ -68.2531, -38.6496 ] ] } },
{ "type": "Feature", "properties": { "nombre": "Camino sin nombre", "longitud_km": 0.37 }, "geometry": { "type": "LineString", "coordinates": [ [ -71.1658, -41.1003 ], [ -71.1699, -41.1015 ] ] } },
{ "type": "Feature", "properties": { "nombre": "Camino sin nombre", "longitud_km": 0.22 }, "geometry": { "type": "LineString", "coordinates": [ [ -67.6095, -39.0868 ], [ -67.612, -39.0865 ] ] } },
{ "type": "Feature", "properties": { "nombre": "Camino sin nombre", "longitud_km": 0.16 }, "geometry": { "type": "LineString", "coordinates": [ [ -70.8633, -41.1714 ], [ -70.8614, -41.1716 ] ] } },
{ "type": "Feature", "properties": { "nombre": "Camino sin nombre", "longitud_km": 3.7 }, "geometry": { "type": "LineString", "coordinates": [ [ -70.5041, -40.7249 ], [ -70.5273, -40.7245 ], [ -70.5447, -40.7329 ] ] } },
{ "type": "Feature", "properties": { "nombre": "Camino sin nombre", "longitud_km": 1.02 }, "geometry": { "type": "LineString", "coordinates": [ [ -67.7766, -39.0089 ], [ -67.7882, -39.0074 ] ] } },
{ "type": "Feature", "properties": { "nombre": "Camino sin nombre", "longitud_km": 2.56 }, "geometry": { "type": "LineString", "coordinates": [ [ -70.027, -40.5888 ], [ -70.0524, -40.5763 ] ] } },
{ "type": "Feature", "properties": { "nombre": "Camino sin nombre", "longitud_km": 0.29 }, "geometry": { "type": "LineString", "coordinates": [ [ -71.4131, -41.1241 ], [ -71.4106, -41.1224 ] ] } },
{ "type": "Feature", "properties": { "nombre": "Camino sin nombre", "longitud_km": 0.17 }, "geometry": { "type": "LineString", "coordinates": [ [ -67.9713, -39.0015 ], [ -67.9717, -39.0 ] ] } },
{ "type": "Feature", "properties": { "nombre": "Camino sin nombre", "longitud_km": 0.25 }, "geometry": { "type": "LineString", "coordinates": [ [ -67.5174, -39.025 ], [ -67.5145, -39.0253 ] ] } },
{ "type": "Feature", "properties": { "nombre": "Camino sin nombre", "longitud_km": 0.23 }, "geometry": { "type": "LineString", "coordinates": [ [ -71.1252, -41.1129 ], [ -71.1226, -41.1136 ] ] } },
{ "type": "Feature", "properties": { "nombre": "Camino sin nombre", "longitud_km": 0.21 }, "geometry": { "type": "LineString", "coordinates": [ [ -68.0, -38.8853 ], [ -68.0024, -38.8853 ] ] } },
{ "type": "Feature", "properties": { "nombre": "Camino sin nombre", "longitud_km": 0.43 }, "geometry": { "type": "LineString", "coordinates": [ [ -67.5488, -39.0699 ], [ -67.5481, -39.0661 ] ] } },
{ "type": "Feature", "properties": { "nombre": "Camino sin nombre", "longitud_km": 3.78 }, "geometry": { "type": "LineString", "coordinates": [ [ -70.8231, -41.0917 ], [ -70.841, -41.0605 ] ] } },
{ "type": "Feature", "properties": { "nombre": "Camino sin nombre", "longitud_km": 0.05 }, "geometry": { "type": "LineString", "coordinates": [ [ -67.8072, -38.9829 ], [ -67.8072, -38.9833 ] ] } },
{ "type": "Feature", "properties": { "nombre": "Camino sin nombre", "longitud_km": 0.03 }, "geometry": { "type": "LineString", "coordinates": [ [ -67.8068, -38.9809 ], [ -67.8068, -38.9811 ] ] } },
{ "type": "Feature", "properties": { "nombre": "Camino sin nombre", "longitud_km": 0.26 }, "geometry": { "type": "LineString", "coordinates": [ [ -68.0921, -38.7551 ], [ -68.0892, -38.7544 ] ] } },
{ "type": "Feature", "properties": { "nombre": "Camino sin nombre", "longitud_km": 0.38 }, "geometry": { "type": "LineString", "coordinates": [ [ -67.8098, -38.9954 ], [ -67.8091, -38.992 ] ] } },
{ "type": "Feature", "properties": { "nombre": "Camino sin nombre", "longitud_km": 2.75 }, "geometry": { "type": "LineString", "coordinates": [ [ -68.0397, -38.8852 ], [ -68.008, -38.8851 ] ] } },
{ "type": "Feature", "properties": { "nombre": "Camino sin nombre", "longitud_km": 0.18 }, "geometry": { "type": "LineString", "coordinates": [ [ -68.1578, -38.7228 ], [ -68.1557, -38.7226 ] ] } },
{ "type": "Feature", "properties": { "nombre": "Camino sin nombre", "longitud_km": 0.18 }, "geometry": { "type": "LineString", "coordinates": [ [ -70.9498, -40.8993 ], [ -70.9518, -40.8988 ] ] } },
{ "type": "Feature", "properties": { "nombre": "Camino sin nombre", "longitud_km": 0.06 }, "geometry": { "type": "LineString", "coordinates": [ [ -70.5265, -41.0229 ], [ -70.5258, -41.0229 ] ] } },
{ "type": "Feature", "properties": { "nombre": "Camino sin nombre", "longitud_km": 0.07 }, "geometry": { "type": "LineString", "coordinates": [ [ -67.5776, -39.0223 ], [ -67.5771, -39.0217 ] ] } },
{ "type": "Feature", "properties": { "nombre": "Camino sin nombre", "longitud_km": 0.38 }, "geometry": { "type": "LineString", "coordinates": [ [ -67.7293, -39.015 ], [ -67.7337, -39.0145 ] ] } },
{ "type": "Feature", "properties": { "nombre": "Camino sin nombre", "longitud_km": 0.15 }, "geometry": { "type": "LineString", "coordinates": [ [ -67.8698, -38.9876 ], [ -67.8716, -38.9874 ] ] } },
{ "type": "Feature", "properties": { "nombre": "Camino sin nombre", "longitud_km": 0.39 }, "geometry": { "type": "LineString", "coordinates": [ [ -67.5355, -39.019 ], [ -67.54, -39.0186 ] ] } },
{ "type": "Feature", "properties": { "nombre": "Camino sin nombre", "longitud_km": 0.37 }, "geometry": { "type": "LineString", "coordinates": [ [ -68.1136, -37.6861 ], [ -68.1175, -37.6848 ] ] } },
{ "type": "Feature", "properties": { "nombre": "Camino sin nombre", "longitud_km": 1.02 }, "geometry": { "type": "LineString", "coordinates": [ [ -67.698, -39.038 ], [ -67.6999, -39.0471 ] ] } },
{ "type": "Feature", "properties": { "nombre": "Camino sin nombre", "longitud_km": 1.05 }, "geometry": { "type": "LineString", "coordinates": [ [ -67.6802, -39.0684 ], [ -67.692, -39.0667 ] ] } },
{ "type": "Feature", "properties": { "nombre": "Camino sin nombre", "longitud_km": 0.06 }, "geometry": { "type": "LineString", "coordinates": [ [ -67.9579, -39.0066 ], [ -67.9574, -39.0069 ] ] } },
{ "type": "Feature", "properties": { "nombre": "Camino sin nombre", "longitud_km": 0.37 }, "geometry": { "type": "LineString", "coordinates": [ [ -70.8614, -41.1716 ], [ -70.8614, -41.1749 ] ] } },
{ "type": "Feature", "properties": { "nombre": "Camino sin nombre", "longitud_km": 0.1 }, "geometry": { "type": "LineString", "coordinates": [ [ -68.009, -38.9518 ], [ -68.0081, -38.9523 ] ] } },
{ "type": "Feature", "properties": { "nombre": "Camino sin nombre", "longitud_km": 2.01 }, "geometry": { "type": "LineString", "coordinates": [ [ -70.8483, -41.1762 ], [ -70.8473, -41.1683 ], [ -70.8603, -41.1708 ] ] } },
{ "type": "Feature", "properties": { "nombre": "Camino sin nombre", "longitud_km": 0.06 }, "geometry": { "type": "LineString", "coordinates": [ [ -70.0291, -40.5159 ], [ -70.0286, -40.5163 ] ] } },
{ "type": "Feature", "properties": { "nombre": "Camino sin nombre", "longitud_km": 1.02 }, "geometry": { "type": "LineString", "coordinates": [ [ -67.5574, -39.0557 ], [ -67.5691, -39.0543 ] ] } },
{ "type": "Feature", "properties": { "nombre": "Camino sin nombre", "longitud_km": 0.39 }, "geometry": { "type": "LineString", "coordinates": [ [ -67.5677, -38.9944 ], [ -67.5657, -38.9912 ] ] } },
{ "type": "Feature", "properties": { "nombre": "Camino sin nombre", "longitud_km": 0.1 }, "geometry": { "type": "LineString", "coordinates": [ [ -67.502, -39.0305 ], [ -67.5022, -39.0314 ] ] } },
{ "type": "Feature", "properties": { "nombre": "Camino sin nombre", "longitud_km": 0.62 }, "geometry": { "type": "LineString", "coordinates": [ [ -67.8663, -38.9789 ], [ -67.8593, -38.98 ] ] } },
{ "type": "Feature", "properties": { "nombre": "Camino sin nombre", "longitud_km": 2.19 }, "geometry": { "type": "LineString", "coordinates": [ [ -70.8208, -40.9843 ], [ -70.8168, -40.9825 ], [ -70.8182, -40.9664 ] ] } },
{ "type": "Feature", "properties": { "nombre": "Camino sin nombre", "longitud_km": 0.06 }, "geometry": { "type": "LineString", "coordinates": [ [ -67.8075, -38.9808 ], [ -67.8068, -38.9809 ] ] } },
{ "type": "Feature", "properties": { "nombre": "Camino sin nombre", "longitud_km": 0.15 }, "geometry": { "type": "LineString", "coordinates": [ [ -67.9179, -38.9929 ], [ -67.9162, -38.9931 ] ] } },
{ "type": "Feature", "properties": { "nombre": "Camino sin nombre", "longitud_km": 2.5 }, "geometry": { "type": "LineString", "coordinates": [ [ -70.7215, -40.8512 ], [ -70.7234, -40.8288 ] ] } },
{ "type": "Feature", "properties": { "nombre": "Camino sin nombre", "longitud_km": 1.04 }, "geometry": { "type": "LineString", "coordinates": [ [ -67.7648, -39.0105 ], [ -67.7668, -39.0197 ] ] } },
{ "type": "Feature", "properties": { "nombre": "Camino sin nombre", "longitud_km": 0.27 }, "geometry": { "type": "LineString", "coordinates": [ [ -67.9139, -38.9751 ], [ -67.9134, -38.9726 ] ] } },
{ "type": "Feature", "properties": { "nombre": "Camino sin nombre", "longitud_km": 0.03 }, "geometry": { "type": "LineString", "coordinates": [ [ -67.5984, -39.0075 ], [ -67.5987, -39.0074 ] ] } },
{ "type": "Feature", "properties": { "nombre": "Camino sin nombre", "longitud_km": 0.63 }, "geometry": { "type": "LineString", "coordinates": [ [ -67.8062, -38.9865 ], [ -67.799, -38.9873 ] ] } },
{ "type": "Feature", "properties": { "nombre": "Camino sin nombre", "longitud_km": 0.2 }, "geometry": { "type": "LineString", "coordinates": [ [ -67.9496, -38.9517 ], [ -67.9502, -38.9535 ] ] } },
{ "type": "Feature", "properties": { "nombre": "Camino sin nombre", "longitud_km": 0.18 }, "geometry": { "type": "LineString", "coordinates": [ [ -68.0591, -38.8634 ], [ -68.0571, -38.8631 ] ] } },
{ "type": "Feature", "properties": { "nombre": "Camino sin nombre", "longitud_km": 1.5 }, "geometry": { "type": "LineString", "coordinates": [ [ -70.6975, -40.8333 ], [ -70.6972, -40.8468 ] ] } },
{ "type": "Feature", "properties": { "nombre": "Camino sin nombre", "longitud_km": 1.03 }, "geometry": { "type": "LineString", "coordinates": [ [ -67.6471, -39.0818 ], [ -67.6588, -39.0802 ] ] } },
{ "type": "Feature", "properties": { "nombre": "Camino sin nombre", "longitud_km": 1.85 }, "geometry": { "type": "LineString", "coordinates": [ [ -70.6451, -41.001 ], [ -70.6448, -41.0177 ] ] } },
{ "type": "Feature", "properties": { "nombre": "Camino sin nombre", "longitud_km": 0.31 }, "geometry": { "type": "LineString", "coordinates": [ [ -71.1471, -41.0642 ], [ -71.1467, -41.0614 ] ] } },
{ "type": "Feature", "properties": { "nombre": "Camino sin nombre", "longitud_km": 0.67 }, "geometry": { "type": "LineString", "coordinates": [ [ -67.5834, -39.0649 ], [ -67.5847, -39.0709 ] ] } },
{ "type": "Feature", "properties": { "nombre": "Camino sin nombre", "longitud_km": 0.26 }, "geometry": { "type": "LineString", "coordinates": [ [ -67.9822, -38.9034 ], [ -67.9792, -38.9034 ] ] } },
{ "type": "Feature", "properties": { "nombre": "Camino sin nombre", "longitud_km": 0.07 }, "geometry": { "type": "LineString", "coordinates": [ [ -68.0797, -38.7978 ], [ -68.0806, -38.7978 ] ] } },
{ "type": "Feature", "properties": { "nombre": "Camino sin nombre", "longitud_km": 1.03 }, "geometry": { "type": "LineString", "coordinates": [ [ -67.6021, -39.096 ], [ -67.614, -39.0956 ] ] } },
{ "type": "Feature", "properties": { "nombre": "Camino sin nombre", "longitud_km": 0.89 }, "geometry": { "type": "LineString", "coordinates": [ [ -70.7029, -40.8912 ], [ -70.6996, -40.8895 ], [ -70.705, -40.8867 ] ] } },
{ "type": "Feature", "properties": { "nombre": "Camino sin nombre", "longitud_km": 0.44 }, "geometry": { "type": "LineString", "coordinates": [ [ -68.0476, -37.7155 ], [ -68.0522, -37.7139 ] ] } },
{ "type": "Feature", "properties": { "nombre": "Camino sin nombre", "longitud_km": 0.35 }, "geometry": { "type": "LineString", "coordinates": [ [ -67.8232, -39.0031 ], [ -67.8226, -39.0 ] ] } },
{ "type": "Feature", "properties": { "nombre": "Camino sin nombre", "longitud_km": 1.02 }, "geometry": { "type": "LineString", "coordinates": [ [ -67.6257, -39.094 ], [ -67.6374, -39.0927 ] ] } },
{ "type": "Feature", "properties": { "nombre": "Camino sin nombre", "longitud_km": 0.3 }, "geometry": { "type": "LineString", "coordinates": [ [ -70.7071, -40.7217 ], [ -70.71, -40.7202 ] ] } },
{ "type": "Feature", "properties": { "nombre": "Camino sin nombre", "longitud_km": 0.07 }, "geometry": { "type": "LineString", "coordinates": [ [ -67.5994, -39.0074 ], [ -67.5987, -39.0074 ] ] } },
{ "type": "Feature", "properties": { "nombre": "Camino sin nombre", "longitud_km": 0.08 }, "geometry": { "type": "LineString", "coordinates": [ [ -67.9631, -38.9282 ], [ -67.9622, -38.9282 ] ] } },
{ "type": "Feature", "properties": { "nombre": "Camino sin nombre", "longitud_km": 0.07 }, "geometry": { "type": "LineString", "coordinates": [ [ -68.0831, -38.7894 ], [ -68.0822, -38.7892 ] ] } },
{ "type": "Feature", "properties": { "nombre": "Camino sin nombre", "longitud_km": 0.31 }, "geometry": { "type": "LineString", "coordinates": [ [ -68.0546, -37.713 ], [ -68.0578, -37.7118 ] ] } },
{ "type": "Feature", "properties": { "nombre": "Camino sin nombre", "longitud_km": 0.81 }, "geometry": { "type": "LineString", "coordinates": [ [ -70.7217, -40.9162 ], [ -70.7285, -40.911 ] ] } },
{ "type": "Feature", "properties": { "nombre": "Camino sin nombre", "longitud_km": 1.03 }, "geometry": { "type": "LineString", "coordinates": [ [ -67.6943, -39.0196 ], [ -67.6961, -39.0287 ] ] } },
{ "type": "Feature", "properties": { "nombre": "Camino sin nombre", "longitud_km": 4.48 }, "geometry": { "type": "LineString", "coordinates": [ [ -67.9225, -38.7441 ], [ -67.8944, -38.7103 ] ] } },
{ "type": "Feature", "properties": { "nombre": "Camino sin nombre", "longitud_km": 1.94 }, "geometry": { "type": "LineString", "coordinates": [ [ -67.7172, -38.8777 ], [ -67.7391, -38.8814 ] ] } },
{ "type": "Feature", "properties": { "nombre": "Camino sin nombre", "longitud_km": 0.05 }, "geometry": { "type": "LineString", "coordinates": [ [ -70.9815, -40.8321 ], [ -70.9809, -40.8321 ] ] } },
{ "type": "Feature", "properties": { "nombre": "Camino sin nombre", "longitud_km": 0.69 }, "geometry": { "type": "LineString", "coordinates": [ [ -68.0253, -38.863 ], [ -68.0198, -38.8675 ] ] } },
{ "type": "Feature", "properties": { "nombre": "Camino sin nombre", "longitud_km": 1.02 }, "geometry": { "type": "LineString", "coordinates": [ [ -70.5975, -40.8915 ], [ -70.6095, -40.8903 ] ] } },
{ "type": "Feature", "properties": { "nombre": "Camino sin nombre", "longitud_km": 2.79 }, "geometry": { "type": "LineString", "coordinates": [ [ -68.1497, -38.7179 ], [ -68.1236, -38.7325 ] ] } },
{ "type": "Feature", "properties": { "nombre": "Camino sin nombre", "longitud_km": 0.88 }, "geometry": { "type": "LineString", "coordinates": [ [ -67.75, -39.0909 ], [ -67.754, -39.0981 ] ] } },
{ "type": "Feature", "properties": { "nombre": "Camino sin nombre", "longitud_km": 0.99 }, "geometry": { "type": "LineString", "coordinates": [ [ -67.9869, -39.0577 ], [ -67.9979, -39.0555 ] ] } },
{ "type": "Feature", "properties": { "nombre": "Camino sin nombre", "longitud_km": 0.43 }, "geometry": { "type": "LineString", "coordinates": [ [ -67.6099, -39.0036 ], [ -67.6052, -39.005 ] ] } },
{ "type": "Feature", "properties": { "nombre": "Camino sin nombre", "longitud_km": 0.49 }, "geometry": { "type": "LineString", "coordinates": [ [ -67.9248, -38.9849 ], [ -67.9239, -38.9806 ] ] } },
{ "type": "Feature", "properties": { "nombre": "Camino sin nombre", "longitud_km": 0.42 }, "geometry": { "type": "LineString", "coordinates": [ [ -68.1705, -38.715 ], [ -68.1709, -38.7188 ] ] } },
{ "type": "Feature", "properties": { "nombre": "Camino sin nombre", "longitud_km": 0.14 }, "geometry": { "type": "LineString", "coordinates": [ [ -67.8078, -38.9863 ], [ -67.8062, -38.9865 ] ] } },
{ "type": "Feature", "properties": { "nombre": "Camino sin nombre", "longitud_km": 0.22 }, "geometry": { "type": "LineString", "coordinates": [ [ -70.8835, -40.9065 ], [ -70.8811, -40.9055 ] ] } },
{ "type": "Feature", "properties": { "nombre": "Camino sin nombre", "longitud_km": 1.03 }, "geometry": { "type": "LineString", "coordinates": [ [ -67.7313, -39.0243 ], [ -67.7332, -39.0334 ] ] } },
{ "type": "Feature", "properties": { "nombre": "Camino sin nombre", "longitud_km": 1.91 }, "geometry": { "type": "LineString", "coordinates": [ [ -68.1488, -38.7274 ], [ -68.1298, -38.7361 ] ] } },
{ "type": "Feature", "properties": { "nombre": "Camino sin nombre", "longitud_km": 0.1 }, "geometry": { "type": "LineString", "coordinates": [ [ -68.0536, -37.7134 ], [ -68.0546, -37.713 ] ] } },
{ "type": "Feature", "properties": { "nombre": "Camino sin nombre", "longitud_km": 0.15 }, "geometry": { "type": "LineString", "coordinates": [ [ -69.5, -40.2584 ], [ -69.5007, -40.2596 ] ] } },
{ "type": "Feature", "properties": { "nombre": "Camino sin nombre", "longitud_km": 0.05 }, "geometry": { "type": "LineString", "coordinates": [ [ -67.8242, -38.9619 ], [ -67.8247, -38.9617 ] ] } },
{ "type": "Feature", "properties": { "nombre": "Camino sin nombre", "longitud_km": 0.49 }, "geometry": { "type": "LineString", "coordinates": [ [ -69.9896, -40.1841 ], [ -69.9903, -40.1885 ] ] } },
{ "type": "Feature", "properties": { "nombre": "Camino sin nombre", "longitud_km": 0.08 }, "geometry": { "type": "LineString", "coordinates": [ [ -70.6912, -40.8053 ], [ -70.6917, -40.806 ] ] } },
{ "type": "Feature", "properties": { "nombre": "Camino sin nombre", "longitud_km": 2.18 }, "geometry": { "type": "LineString", "coordinates": [ [ -70.728, -41.1255 ], [ -70.7539, -41.1271 ] ] } },
{ "type": "Feature", "properties": { "nombre": "Camino sin nombre", "longitud_km": 0.3 }, "geometry": { "type": "LineString", "coordinates": [ [ -70.814, -40.9661 ], [ -70.8175, -40.9658 ] ] } },
{ "type": "Feature", "properties": { "nombre": "Camino sin nombre", "longitud_km": 0.14 }, "geometry": { "type": "LineString", "coordinates": [ [ -67.9442, -38.9867 ], [ -67.9426, -38.987 ] ] } },
{ "type": "Feature", "properties": { "nombre": "Camino sin nombre", "longitud_km": 0.18 }, "geometry": { "type": "LineString", "coordinates": [ [ -67.54, -39.0186 ], [ -67.5403, -39.0202 ] ] } },
{ "type": "Feature", "properties": { "nombre": "Camino sin nombre", "longitud_km": 0.61 }, "geometry": { "type": "LineString", "coordinates": [ [ -67.8559, -38.9848 ], [ -67.8593, -38.98 ] ] } },
{ "type": "Feature", "properties": { "nombre": "Camino sin nombre", "longitud_km": 1.43 }, "geometry": { "type": "LineString", "coordinates": [ [ -70.9008, -41.0078 ], [ -70.885, -41.003 ] ] } },
{ "type": "Feature", "properties": { "nombre": "Camino sin nombre", "longitud_km": 6.41 }, "geometry": { "type": "LineString", "coordinates": [ [ -70.8406, -40.9625 ], [ -70.8353, -40.9451 ], [ -70.8414, -40.9451 ], [ -70.8482, -40.9367 ], [ -70.8542, -40.9449 ], [ -70.8743, -40.9498 ] ] } },
{ "type": "Feature", "properties": { "nombre": "Camino sin nombre", "longitud_km": 0.41 }, "geometry": { "type": "LineString", "coordinates": [ [ -67.6323, -39.0111 ], [ -67.6316, -39.0074 ] ] } },
{ "type": "Feature", "properties": { "nombre": "Camino sin nombre", "longitud_km": 3.36 }, "geometry": { "type": "LineString", "coordinates": [ [ -68.2106, -38.6826 ], [ -68.1719, -38.6826 ] ] } },
{ "type": "Feature", "properties": { "nombre": "Camino sin nombre", "longitud_km": 0.75 }, "geometry": { "type": "LineString", "coordinates": [ [ -67.7177, -39.0166 ], [ -67.719, -39.0233 ] ] } },
{ "type": "Feature", "properties": { "nombre": "Camino sin nombre", "longitud_km": 2.72 }, "geometry": { "type": "LineString", "coordinates": [ [ -68.0911, -38.7731 ], [ -68.0949, -38.7782 ], [ -68.1183, -38.7746 ] ] } },
{ "type": "Feature", "properties": { "nombre": "Camino sin nombre", "longitud_km": 2.2 }, "geometry": { "type": "LineString", "coordinates": [ [ -70.183, -40.6303 ], [ -70.1696, -40.6134 ] ] } },
{ "type": "Feature", "properties": { "nombre": "Camino sin nombre", "longitud_km": 0.7 }, "geometry": { "type": "LineString", "coordinates": [ [ -67.8606, -39.0078 ], [ -67.8619, -39.0141 ] ] } },
{ "type": "Feature", "properties": { "nombre": "Camino sin nombre", "longitud_km": 0.1 }, "geometry": { "type": "LineString", "coordinates": [ [ -67.5337, -39.0677 ], [ -67.5339, -39.0686 ] ] } },
{ "type": "Feature", "properties": { "nombre": "Camino sin nombre", "longitud_km": 1.02 }, "geometry": { "type": "LineString", "coordinates": [ [ -67.6396, -39.0456 ], [ -67.6512, -39.0439 ] ] } },
{ "type": "Feature", "properties": { "nombre": "Camino sin nombre", "longitud_km": 0.32 }, "geometry": { "type": "LineString", "coordinates": [ [ -70.7229, -40.9003 ], [ -70.7237, -40.8975 ] ] } },
{ "type": "Feature", "properties": { "nombre": "Camino sin nombre", "longitud_km": 8.85 }, "geometry": { "type": "LineString", "coordinates": [ [ -70.6075, -40.8431 ], [ -70.6198, -40.8293 ], [ -70.6254, -40.8342 ], [ -70.6594, -40.8418 ], [ -70.6772, -40.8567 ], [ -70.687, -40.8508 ] ] } },
{ "type": "Feature", "properties": { "nombre": "Camino sin nombre", "longitud_km": 0.98 }, "geometry": { "type": "LineString", "coordinates": [ [ -70.5761, -40.74 ], [ -70.5712, -40.7321 ] ] } },
{ "type": "Feature", "properties": { "nombre": "Camino sin nombre", "longitud_km": 1.02 }, "geometry": { "type": "LineString", "coordinates": [ [ -67.6452, -39.0727 ], [ -67.6471, -39.0818 ] ] } },
{ "type": "Feature", "properties": { "nombre": "Camino sin nombre", "longitud_km": 0.5 }, "geometry": { "type": "LineString", "coordinates": [ [ -70.7726, -40.6735 ], [ -70.77, -40.6775 ] ] } },
{ "type": "Feature", "properties": { "nombre": "Camino sin nombre", "longitud_km": 0.53 }, "geometry": { "type": "LineString", "coordinates": [ [ -70.6972, -40.8468 ], [ -70.6995, -40.8513 ] ] } },
{ "type": "Feature", "properties": { "nombre": "Camino sin nombre", "longitud_km": 0.1 }, "geometry": { "type": "LineString", "coordinates": [ [ -70.7158, -40.9668 ], [ -70.7169, -40.9671 ] ] } },
{ "type": "Feature", "properties": { "nombre": "Camino sin nombre", "longitud_km": 0.0 }, "geometry": { "type": "LineString", "coordinates": [ ] } },
{ "type": "Feature", "properties": { "nombre": "Camino sin nombre", "longitud_km": 0.28 }, "geometry": { "type": "LineString", "coordinates": [ [ -67.9017, -38.9742 ], [ -67.8985, -38.9746 ] ] } },
{ "type": "Feature", "properties": { "nombre": "Camino sin nombre", "longitud_km": 0.45 }, "geometry": { "type": "LineString", "coordinates": [ [ -67.9698, -38.9534 ], [ -67.9748, -38.9523 ] ] } },
{ "type": "Feature", "properties": { "nombre": "Camino sin nombre", "longitud_km": 0.08 }, "geometry": { "type": "LineString", "coordinates": [ [ -68.0009, -38.8943 ], [ -68.0, -38.8943 ] ] } },
{ "type": "Feature", "properties": { "nombre": "Camino sin nombre", "longitud_km": 1.03 }, "geometry": { "type": "LineString", "coordinates": [ [ -71.1483, -41.064 ], [ -71.1505, -41.0681 ], [ -71.1501, -41.0633 ] ] } },
{ "type": "Feature", "properties": { "nombre": "Camino sin nombre", "longitud_km": 2.41 }, "geometry": { "type": "LineString", "coordinates": [ [ -70.5244, -40.9837 ], [ -70.5, -40.9722 ] ] } },
{ "type": "Feature", "properties": { "nombre": "Camino sin nombre", "longitud_km": 1.03 }, "geometry": { "type": "LineString", "coordinates": [ [ -67.655, -39.062 ], [ -67.6569, -39.0712 ] ] } },
{ "type": "Feature", "properties": { "nombre": "Camino sin nombre", "longitud_km": 7.67 }, "geometry": { "type": "LineString", "coordinates": [ [ -70.5, -40.9237 ], [ -70.5396, -40.923 ], [ -70.5215, -40.9077 ], [ -70.5, -40.8988 ] ] } },
{ "type": "Feature", "properties": { "nombre": "Camino sin nombre", "longitud_km": 2.05 }, "geometry": { "type": "LineString", "coordinates": [ [ -67.7363, -38.7689 ], [ -67.7472, -38.7525 ] ] } },
{ "type": "Feature", "properties": { "nombre": "Camino sin nombre", "longitud_km": 0.25 }, "geometry": { "type": "LineString", "coordinates": [ [ -67.799, -38.9873 ], [ -67.7962, -38.9877 ] ] } },
{ "type": "Feature", "properties": { "nombre": "Camino sin nombre", "longitud_km": 1.22 }, "geometry": { "type": "LineString", "coordinates": [ [ -70.8901, -40.7246 ], [ -70.8871, -40.7198 ], [ -70.8938, -40.7171 ] ] } },
{ "type": "Feature", "properties": { "nombre": "Camino sin nombre", "longitud_km": 0.5 }, "geometry": { "type": "LineString", "coordinates": [ [ -70.8732, -40.8088 ], [ -70.8776, -40.8057 ] ] } },
{ "type": "Feature", "properties": { "nombre": "Camino sin nombre", "longitud_km": 3.16 }, "geometry": { "type": "LineString", "coordinates": [ [ -70.5, -41.0101 ], [ -70.5065, -41.0114 ], [ -70.5119, -41.0235 ], [ -70.5244, -41.0186 ] ] } },
{ "type": "Feature", "properties": { "nombre": "Camino sin nombre", "longitud_km": 4.0 }, "geometry": { "type": "LineString", "coordinates": [ [ -70.8938, -40.7171 ], [ -70.8936, -40.6983 ], [ -70.9045, -40.6999 ], [ -70.9096, -40.6922 ] ] } },
{ "type": "Feature", "properties": { "nombre": "Camino sin nombre", "longitud_km": 0.04 }, "geometry": { "type": "LineString", "coordinates": [ [ -71.458, -41.0656 ], [ -71.4584, -41.0653 ] ] } },
{ "type": "Feature", "properties": { "nombre": "Camino sin nombre", "longitud_km": 1.49 }, "geometry": { "type": "LineString", "coordinates": [ [ -70.7915, -40.722 ], [ -70.7861, -40.7152 ], [ -70.779, -40.7149 ] ] } },
{ "type": "Feature", "properties": { "nombre": "Camino sin nombre", "longitud_km": 0.68 }, "geometry": { "type": "LineString", "coordinates": [ [ -67.9567, -38.9485 ], [ -67.9488, -38.9488 ] ] } },
{ "type": "Feature", "properties": { "nombre": "Camino sin nombre", "longitud_km": 0.36 }, "geometry": { "type": "LineString", "coordinates": [ [ -70.8531, -41.0359 ], [ -70.849, -41.0366 ] ] } },
{ "type": "Feature", "properties": { "nombre": "Camino sin nombre", "longitud_km": 1.24 }, "geometry": { "type": "LineString", "coordinates": [ [ -70.5, -40.9313 ], [ -70.4947, -40.9285 ], [ -70.5, -40.9237 ] ] } },
{ "type": "Feature", "properties": { "nombre": "Camino sin nombre", "longitud_km": 0.39 }, "geometry": { "type": "LineString", "coordinates": [ [ -67.6824, -38.9334 ], [ -67.6779, -38.934 ] ] } },
{ "type": "Feature", "properties": { "nombre": "Camino sin nombre", "longitud_km": 2.05 }, "geometry": { "type": "LineString", "coordinates": [ [ -70.4905, -40.7335 ], [ -70.4991, -40.74 ], [ -70.4994, -40.7493 ] ] } },
{ "type": "Feature", "properties": { "nombre": "Camino sin nombre", "longitud_km": 0.27 }, "geometry": { "type": "LineString", "coordinates": [ [ -68.0024, -38.8853 ], [ -68.0056, -38.8853 ] ] } },
{ "type": "Feature", "properties": { "nombre": "Camino sin nombre", "longitud_km": 1.38 }, "geometry": { "type": "LineString", "coordinates": [ [ -70.6434, -41.0 ], [ -70.6318, -40.9912 ] ] } },
{ "type": "Feature", "properties": { "nombre": "Camino sin nombre", "longitud_km": 0.6 }, "geometry": { "type": "LineString", "coordinates": [ [ -68.1696, -38.7229 ], [ -68.1629, -38.7213 ] ] } },
{ "type": "Feature", "properties": { "nombre": "Camino sin nombre", "longitud_km": 2.39 }, "geometry": { "type": "LineString", "coordinates": [ [ -67.6608, -39.0894 ], [ -67.6616, -39.1019 ], [ -67.6526, -39.1077 ] ] } },
{ "type": "Feature", "properties": { "nombre": "Camino sin nombre", "longitud_km": 1.29 }, "geometry": { "type": "LineString", "coordinates": [ [ -70.5778, -40.7536 ], [ -70.5785, -40.7419 ] ] } },
{ "type": "Feature", "properties": { "nombre": "Camino sin nombre", "longitud_km": 1.07 }, "geometry": { "type": "LineString", "coordinates": [ [ -67.6062, -39.059 ], [ -67.6184, -39.0575 ] ] } },
{ "type": "Feature", "properties": { "nombre": "Camino sin nombre", "longitud_km": 1.12 }, "geometry": { "type": "LineString", "coordinates": [ [ -67.9566, -39.0337 ], [ -67.9438, -39.0324 ] ] } },
{ "type": "Feature", "properties": { "nombre": "Camino sin nombre", "longitud_km": 0.38 }, "geometry": { "type": "LineString", "coordinates": [ [ -67.9532, -38.9398 ], [ -67.9488, -38.9397 ] ] } },
{ "type": "Feature", "properties": { "nombre": "Camino sin nombre", "longitud_km": 3.03 }, "geometry": { "type": "LineString", "coordinates": [ [ -68.1007, -38.7592 ], [ -68.1175, -38.7595 ], [ -68.1141, -38.7667 ], [ -68.106, -38.7653 ] ] } },
{ "type": "Feature", "properties": { "nombre": "Camino sin nombre", "longitud_km": 0.37 }, "geometry": { "type": "LineString", "coordinates": [ [ -67.8085, -38.9896 ], [ -67.8078, -38.9863 ] ] } },
{ "type": "Feature", "properties": { "nombre": "Camino sin nombre", "longitud_km": 0.77 }, "geometry": { "type": "LineString", "coordinates": [ [ -70.8853, -40.871 ], [ -70.892, -40.8663 ] ] } },
{ "type": "Feature", "properties": { "nombre": "Camino sin nombre", "longitud_km": 5.56 }, "geometry": { "type": "LineString", "coordinates": [ [ -70.4396, -40.6825 ], [ -70.4291, -40.7003 ], [ -70.4, -40.7214 ] ] } },
{ "type": "Feature", "properties": { "nombre": "Camino sin nombre", "longitud_km": 0.36 }, "geometry": { "type": "LineString", "coordinates": [ [ -67.8568, -38.9894 ], [ -67.8609, -38.9888 ] ] } },
{ "type": "Feature", "properties": { "nombre": "Camino sin nombre", "longitud_km": 4.27 }, "geometry": { "type": "LineString", "coordinates": [ [ -70.6237, -40.7966 ], [ -70.6688, -40.7792 ] ] } },
{ "type": "Feature", "properties": { "nombre": "Camino sin nombre", "longitud_km": 2.75 }, "geometry": { "type": "LineString", "coordinates": [ [ -70.7073, -40.7978 ], [ -70.701, -40.8056 ], [ -70.701, -40.8166 ], [ -70.6949, -40.8161 ] ] } },
{ "type": "Feature", "properties": { "nombre": "Camino sin nombre", "longitud_km": 0.28 }, "geometry": { "type": "LineString", "coordinates": [ [ -67.8541, -38.9782 ], [ -67.8536, -38.9757 ] ] } },
{ "type": "Feature", "properties": { "nombre": "Camino sin nombre", "longitud_km": 0.34 }, "geometry": { "type": "LineString", "coordinates": [ [ -71.1501, -41.0633 ], [ -71.1503, -41.0603 ] ] } },
{ "type": "Feature", "properties": { "nombre": "Camino sin nombre", "longitud_km": 0.22 }, "geometry": { "type": "LineString", "coordinates": [ [ -68.0426, -37.7173 ], [ -68.0449, -37.7165 ] ] } },
{ "type": "Feature", "properties": { "nombre": "Camino sin nombre", "longitud_km": 1.38 }, "geometry": { "type": "LineString", "coordinates": [ [ -68.0978, -38.798 ], [ -68.1012, -38.8036 ], [ -68.094, -38.8063 ] ] } },
{ "type": "Feature", "properties": { "nombre": "Camino sin nombre", "longitud_km": 0.22 }, "geometry": { "type": "LineString", "coordinates": [ [ -70.027, -40.5888 ], [ -70.0257, -40.587 ] ] } },
{ "type": "Feature", "properties": { "nombre": "Camino sin nombre", "longitud_km": 0.68 }, "geometry": { "type": "LineString", "coordinates": [ [ -70.5, -40.766 ], [ -70.4926, -40.7683 ] ] } },
{ "type": "Feature", "properties": { "nombre": "Camino sin nombre", "longitud_km": 1.02 }, "geometry": { "type": "LineString", "coordinates": [ [ -67.6512, -39.0439 ], [ -67.6629, -39.0425 ] ] } },
{ "type": "Feature", "properties": { "nombre": "Camino sin nombre", "longitud_km": 0.99 }, "geometry": { "type": "LineString", "coordinates": [ [ -67.7155, -39.0639 ], [ -67.7174, -39.0727 ] ] } },
{ "type": "Feature", "properties": { "nombre": "Camino sin nombre", "longitud_km": 0.36 }, "geometry": { "type": "LineString", "coordinates": [ [ -67.894, -38.994 ], [ -67.8946, -38.9973 ] ] } },
{ "type": "Feature", "properties": { "nombre": "Camino sin nombre", "longitud_km": 0.28 }, "geometry": { "type": "LineString", "coordinates": [ [ -67.5278, -39.0236 ], [ -67.5246, -39.0241 ] ] } },
{ "type": "Feature", "properties": { "nombre": "Camino sin nombre", "longitud_km": 0.41 }, "geometry": { "type": "LineString", "coordinates": [ [ -70.7276, -40.8954 ], [ -70.7237, -40.8975 ] ] } },
{ "type": "Feature", "properties": { "nombre": "Camino sin nombre", "longitud_km": 0.49 }, "geometry": { "type": "LineString", "coordinates": [ [ -68.1225, -37.6832 ], [ -68.1276, -37.6815 ] ] } },
{ "type": "Feature", "properties": { "nombre": "Camino sin nombre", "longitud_km": 2.06 }, "geometry": { "type": "LineString", "coordinates": [ [ -68.0317, -38.8945 ], [ -68.0079, -38.8942 ] ] } },
{ "type": "Feature", "properties": { "nombre": "Camino sin nombre", "longitud_km": 1.36 }, "geometry": { "type": "LineString", "coordinates": [ [ -68.2071, -38.6879 ], [ -68.1914, -38.6878 ] ] } },
{ "type": "Feature", "properties": { "nombre": "Camino sin nombre", "longitud_km": 0.27 }, "geometry": { "type": "LineString", "coordinates": [ [ -70.5244, -41.0186 ], [ -70.5255, -41.0209 ] ] } },
{ "type": "Feature", "properties": { "nombre": "Camino sin nombre", "longitud_km": 0.65 }, "geometry": { "type": "LineString", "coordinates": [ [ -68.1181, -38.7286 ], [ -68.1236, -38.7325 ] ] } },
{ "type": "Feature", "properties": { "nombre": "Camino sin nombre", "longitud_km": 0.51 }, "geometry": { "type": "LineString", "coordinates": [ [ -67.9587, -38.9546 ], [ -67.9573, -38.9502 ] ] } },
{ "type": "Feature", "properties": { "nombre": "Camino sin nombre", "longitud_km": 0.21 }, "geometry": { "type": "LineString", "coordinates": [ [ -68.1607, -38.728 ], [ -68.1583, -38.728 ] ] } },
{ "type": "Feature", "properties": { "nombre": "Camino sin nombre", "longitud_km": 0.31 }, "geometry": { "type": "LineString", "coordinates": [ [ -67.9722, -38.9991 ], [ -67.973, -38.9964 ] ] } },
{ "type": "Feature", "properties": { "nombre": "Camino sin nombre", "longitud_km": 0.2 }, "geometry": { "type": "LineString", "coordinates": [ [ -68.0602, -37.7109 ], [ -68.0623, -37.7101 ] ] } },
{ "type": "Feature", "properties": { "nombre": "Camino sin nombre", "longitud_km": 5.6 }, "geometry": { "type": "LineString", "coordinates": [ [ -70.5989, -40.9724 ], [ -70.5329, -40.9791 ] ] } },
{ "type": "Feature", "properties": { "nombre": "Camino sin nombre", "longitud_km": 0.34 }, "geometry": { "type": "LineString", "coordinates": [ [ -67.5659, -38.9903 ], [ -67.5673, -38.9874 ] ] } },
{ "type": "Feature", "properties": { "nombre": "Camino sin nombre", "longitud_km": 0.47 }, "geometry": { "type": "LineString", "coordinates": [ [ -67.9935, -39.0171 ], [ -67.9882, -39.0174 ] ] } },
{ "type": "Feature", "properties": { "nombre": "Camino sin nombre", "longitud_km": 0.12 }, "geometry": { "type": "LineString", "coordinates": [ [ -67.8512, -38.9807 ], [ -67.8499, -38.9809 ] ] } },
{ "type": "Feature", "properties": { "nombre": "Camino sin nombre", "longitud_km": 0.21 }, "geometry": { "type": "LineString", "coordinates": [ [ -67.7744, -39.0282 ], [ -67.7767, -39.0279 ] ] } },
{ "type": "Feature", "properties": { "nombre": "Camino sin nombre", "longitud_km": 0.53 }, "geometry": { "type": "LineString", "coordinates": [ [ -71.1431, -41.0647 ], [ -71.1434, -41.0695 ] ] } },
{ "type": "Feature", "properties": { "nombre": "Camino sin nombre", "longitud_km": 0.43 }, "geometry": { "type": "LineString", "coordinates": [ [ -70.8486, -41.0384 ], [ -70.8484, -41.0423 ] ] } },
{ "type": "Feature", "properties": { "nombre": "Camino sin nombre", "longitud_km": 1.17 }, "geometry": { "type": "LineString", "coordinates": [ [ -69.9878, -40.6046 ], [ -70.0, -40.5997 ] ] } },
{ "type": "Feature", "properties": { "nombre": "Camino sin nombre", "longitud_km": 0.81 }, "geometry": { "type": "LineString", "coordinates": [ [ -70.4961, -40.6667 ], [ -70.4946, -40.6594 ] ] } },
{ "type": "Feature", "properties": { "nombre": "Camino sin nombre", "longitud_km": 3.9 }, "geometry": { "type": "LineString", "coordinates": [ [ -67.7824, -39.0365 ], [ -67.7837, -39.0426 ], [ -67.772, -39.044 ], [ -67.7732, -39.0501 ], [ -67.7595, -39.0583 ] ] } },
{ "type": "Feature", "properties": { "nombre": "Camino sin nombre", "longitud_km": 0.11 }, "geometry": { "type": "LineString", "coordinates": [ [ -71.4743, -41.0548 ], [ -71.4756, -41.0547 ] ] } },
{ "type": "Feature", "properties": { "nombre": "Camino sin nombre", "longitud_km": 1.11 }, "geometry": { "type": "LineString", "coordinates": [ [ -69.2774, -39.652 ], [ -69.2686, -39.6593 ] ] } },
{ "type": "Feature", "properties": { "nombre": "Camino sin nombre", "longitud_km": 4.35 }, "geometry": { "type": "LineString", "coordinates": [ [ -70.7323, -40.8902 ], [ -70.7465, -40.8915 ], [ -70.7545, -40.8765 ], [ -70.7667, -40.8686 ] ] } },
{ "type": "Feature", "properties": { "nombre": "Camino sin nombre", "longitud_km": 0.93 }, "geometry": { "type": "LineString", "coordinates": [ [ -71.4628, -41.0604 ], [ -71.4718, -41.0555 ] ] } },
{ "type": "Feature", "properties": { "nombre": "Camino sin nombre", "longitud_km": 0.09 }, "geometry": { "type": "LineString", "coordinates": [ [ -70.4994, -40.7493 ], [ -70.5, -40.75 ] ] } },
{ "type": "Feature", "properties": { "nombre": "Camino sin nombre", "longitud_km": 0.11 }, "geometry": { "type": "LineString", "coordinates": [ [ -67.9717, -39.0 ], [ -67.9722, -38.9991 ] ] } },
{ "type": "Feature", "properties": { "nombre": "Camino sin nombre", "longitud_km": 0.61 }, "geometry": { "type": "LineString", "coordinates": [ [ -67.9907, -38.9034 ], [ -67.9837, -38.9034 ] ] } },
{ "type": "Feature", "properties": { "nombre": "Camino sin nombre", "longitud_km": 0.15 }, "geometry": { "type": "LineString", "coordinates": [ [ -70.7172, -40.7649 ], [ -70.7178, -40.7662 ] ] } },
{ "type": "Feature", "properties": { "nombre": "Camino sin nombre", "longitud_km": 0.13 }, "geometry": { "type": "LineString", "coordinates": [ [ -71.1414, -41.0705 ], [ -71.14, -41.0701 ] ] } },
{ "type": "Feature", "properties": { "nombre": "Camino sin nombre", "longitud_km": 1.03 }, "geometry": { "type": "LineString", "coordinates": [ [ -67.7135, -39.0547 ], [ -67.7253, -39.0531 ] ] } },
{ "type": "Feature", "properties": { "nombre": "Camino sin nombre", "longitud_km": 0.67 }, "geometry": { "type": "LineString", "coordinates": [ [ -67.7999, -39.006 ], [ -67.7987, -39.0 ] ] } },
{ "type": "Feature", "properties": { "nombre": "Camino sin nombre", "longitud_km": 0.04 }, "geometry": { "type": "LineString", "coordinates": [ [ -67.9972, -39.0208 ], [ -67.9968, -39.0206 ] ] } },
{ "type": "Feature", "properties": { "nombre": "Camino sin nombre", "longitud_km": 0.12 }, "geometry": { "type": "LineString", "coordinates": [ [ -71.1461, -41.0649 ], [ -71.1471, -41.0642 ] ] } },
{ "type": "Feature", "properties": { "nombre": "Camino sin nombre", "longitud_km": 0.11 }, "geometry": { "type": "LineString", "coordinates": [ [ -67.8116, -38.9799 ], [ -67.8103, -38.9802 ] ] } },
{ "type": "Feature", "properties": { "nombre": "Camino sin nombre", "longitud_km": 0.17 }, "geometry": { "type": "LineString", "coordinates": [ [ -71.1343, -41.074 ], [ -71.133, -41.0728 ] ] } },
{ "type": "Feature", "properties": { "nombre": "Camino sin nombre", "longitud_km": 1.02 }, "geometry": { "type": "LineString", "coordinates": [ [ -67.8155, -39.0227 ], [ -67.8271, -39.0211 ] ] } },
{ "type": "Feature", "properties": { "nombre": "Camino sin nombre", "longitud_km": 0.56 }, "geometry": { "type": "LineString", "coordinates": [ [ -70.8869, -40.9165 ], [ -70.8933, -40.915 ] ] } },
{ "type": "Feature", "properties": { "nombre": "Camino sin nombre", "longitud_km": 0.06 }, "geometry": { "type": "LineString", "coordinates": [ [ -67.9996, -38.8853 ], [ -67.9989, -38.8853 ] ] } },
{ "type": "Feature", "properties": { "nombre": "Camino sin nombre", "longitud_km": 0.2 }, "geometry": { "type": "LineString", "coordinates": [ [ -71.132, -41.0737 ], [ -71.1343, -41.074 ] ] } },
{ "type": "Feature", "properties": { "nombre": "Camino sin nombre", "longitud_km": 0.07 }, "geometry": { "type": "LineString", "coordinates": [ [ -67.5644, -38.9933 ], [ -67.5638, -38.9936 ] ] } },
{ "type": "Feature", "properties": { "nombre": "Camino sin nombre", "longitud_km": 0.12 }, "geometry": { "type": "LineString", "coordinates": [ [ -67.5145, -39.0253 ], [ -67.5131, -39.0255 ] ] } },
{ "type": "Feature", "properties": { "nombre": "Camino sin nombre", "longitud_km": 1.04 }, "geometry": { "type": "LineString", "coordinates": [ [ -67.7059, -39.018 ], [ -67.7078, -39.0273 ] ] } },
{ "type": "Feature", "properties": { "nombre": "Camino sin nombre", "longitud_km": 1.25 }, "geometry": { "type": "LineString", "coordinates": [ [ -67.9855, -39.0167 ], [ -67.9713, -39.018 ] ] } },
{ "type": "Feature", "properties": { "nombre": "Camino sin nombre", "longitud_km": 0.53 }, "geometry": { "type": "LineString", "coordinates": [ [ -68.0925, -38.754 ], [ -68.0985, -38.7543 ] ] } },
{ "type": "Feature", "properties": { "nombre": "Camino sin nombre", "longitud_km": 1.61 }, "geometry": { "type": "LineString", "coordinates": [ [ -67.9202, -38.9032 ], [ -67.9019, -38.9055 ] ] } },
{ "type": "Feature", "properties": { "nombre": "Camino sin nombre", "longitud_km": 1.96 }, "geometry": { "type": "LineString", "coordinates": [ [ -67.9264, -39.014 ], [ -67.9241, -39.0076 ], [ -67.9115, -39.0126 ] ] } },
{ "type": "Feature", "properties": { "nombre": "Camino sin nombre", "longitud_km": 0.27 }, "geometry": { "type": "LineString", "coordinates": [ [ -70.6298, -40.6767 ], [ -70.6297, -40.6791 ] ] } },
{ "type": "Feature", "properties": { "nombre": "Camino sin nombre", "longitud_km": 0.18 }, "geometry": { "type": "LineString", "coordinates": [ [ -68.0578, -37.7118 ], [ -68.0597, -37.7111 ] ] } },
{ "type": "Feature", "properties": { "nombre": "Camino sin nombre", "longitud_km": 0.04 }, "geometry": { "type": "LineString", "coordinates": [ [ -68.0555, -38.8668 ], [ -68.0557, -38.8672 ] ] } },
{ "type": "Feature", "properties": { "nombre": "Camino sin nombre", "longitud_km": 0.69 }, "geometry": { "type": "LineString", "coordinates": [ [ -70.5832, -40.7396 ], [ -70.5902, -40.7363 ] ] } },
{ "type": "Feature", "properties": { "nombre": "Camino sin nombre", "longitud_km": 0.11 }, "geometry": { "type": "LineString", "coordinates": [ [ -71.3735, -41.1442 ], [ -71.3723, -41.1439 ] ] } },
{ "type": "Feature", "properties": { "nombre": "Camino sin nombre", "longitud_km": 1.08 }, "geometry": { "type": "LineString", "coordinates": [ [ -70.5761, -40.74 ], [ -70.5794, -40.7306 ] ] } },
{ "type": "Feature", "properties": { "nombre": "Camino sin nombre", "longitud_km": 2.04 }, "geometry": { "type": "LineString", "coordinates": [ [ -70.7692, -41.002 ], [ -70.7776, -41.0083 ], [ -70.7881, -41.0031 ] ] } },
{ "type": "Feature", "properties": { "nombre": "Camino sin nombre", "longitud_km": 0.5 }, "geometry": { "type": "LineString", "coordinates": [ [ -68.1511, -37.6738 ], [ -68.1564, -37.672 ] ] } },
{ "type": "Feature", "properties": { "nombre": "Camino sin nombre", "longitud_km": 0.05 }, "geometry": { "type": "LineString", "coordinates": [ [ -68.0085, -38.9532 ], [ -68.0085, -38.9527 ] ] } },
{ "type": "Feature", "properties": { "nombre": "Camino sin nombre", "longitud_km": 0.36 }, "geometry": { "type": "LineString", "coordinates": [ [ -68.0389, -37.7187 ], [ -68.0426, -37.7173 ] ] } },
{ "type": "Feature", "properties": { "nombre": "Camino sin nombre", "longitud_km": 0.14 }, "geometry": { "type": "LineString", "coordinates": [ [ -67.9734, -38.9938 ], [ -67.9735, -38.9926 ] ] } },
{ "type": "Feature", "properties": { "nombre": "Camino sin nombre", "longitud_km": 1.15 }, "geometry": { "type": "LineString", "coordinates": [ [ -67.997, -38.8942 ], [ -67.9838, -38.8941 ] ] } },
{ "type": "Feature", "properties": { "nombre": "Camino sin nombre", "longitud_km": 0.3 }, "geometry": { "type": "LineString", "coordinates": [ [ -70.4986, -40.7268 ], [ -70.4956, -40.7283 ] ] } },
{ "type": "Feature", "properties": { "nombre": "Camino sin nombre", "longitud_km": 0.26 }, "geometry": { "type": "LineString", "coordinates": [ [ -70.6343, -40.6741 ], [ -70.6313, -40.6734 ] ] } },
{ "type": "Feature", "properties": { "nombre": "Camino sin nombre", "longitud_km": 2.34 }, "geometry": { "type": "LineString", "coordinates": [ [ -70.4419, -40.9679 ], [ -70.4529, -40.9632 ], [ -70.4679, -40.9648 ] ] } },
{ "type": "Feature", "properties": { "nombre": "Camino sin nombre", "longitud_km": 0.75 }, "geometry": { "type": "LineString", "coordinates": [ [ -67.6029, -39.0 ], [ -67.5981, -39.0056 ] ] } },
{ "type": "Feature", "properties": { "nombre": "Camino sin nombre", "longitud_km": 0.42 }, "geometry": { "type": "LineString", "coordinates": [ [ -68.1705, -38.715 ], [ -68.1657, -38.716 ] ] } },
{ "type": "Feature", "properties": { "nombre": "Camino sin nombre", "longitud_km": 0.77 }, "geometry": { "type": "LineString", "coordinates": [ [ -67.5709, -39.0632 ], [ -67.5798, -39.0622 ] ] } },
{ "type": "Feature", "properties": { "nombre": "Camino sin nombre", "longitud_km": 1.33 }, "geometry": { "type": "LineString", "coordinates": [ [ -70.71, -40.7255 ], [ -70.6964, -40.7316 ] ] } },
{ "type": "Feature", "properties": { "nombre": "Camino sin nombre", "longitud_km": 1.02 }, "geometry": { "type": "LineString", "coordinates": [ [ -67.9268, -38.9801 ], [ -67.9383, -38.9782 ] ] } },
{ "type": "Feature", "properties": { "nombre": "Camino sin nombre", "longitud_km": 0.05 }, "geometry": { "type": "LineString", "coordinates": [ [ -67.8097, -38.9803 ], [ -67.8092, -38.9804 ] ] } },
{ "type": "Feature", "properties": { "nombre": "Camino sin nombre", "longitud_km": 2.07 }, "geometry": { "type": "LineString", "coordinates": [ [ -68.1494, -38.7175 ], [ -68.1258, -38.7149 ] ] } },
{ "type": "Feature", "properties": { "nombre": "Camino sin nombre", "longitud_km": 0.5 }, "geometry": { "type": "LineString", "coordinates": [ [ -68.1689, -38.7107 ], [ -68.1705, -38.715 ] ] } },
{ "type": "Feature", "properties": { "nombre": "Camino sin nombre", "longitud_km": 0.11 }, "geometry": { "type": "LineString", "coordinates": [ [ -67.9637, -38.9837 ], [ -67.9633, -38.9828 ] ] } },
{ "type": "Feature", "properties": { "nombre": "Camino sin nombre", "longitud_km": 0.65 }, "geometry": { "type": "LineString", "coordinates": [ [ -67.819, -38.9636 ], [ -67.8207, -38.9694 ] ] } },
{ "type": "Feature", "properties": { "nombre": "Camino sin nombre", "longitud_km": 0.41 }, "geometry": { "type": "LineString", "coordinates": [ [ -67.9961, -38.8852 ], [ -67.9914, -38.8858 ] ] } },
{ "type": "Feature", "properties": { "nombre": "Camino sin nombre", "longitud_km": 0.52 }, "geometry": { "type": "LineString", "coordinates": [ [ -67.9435, -38.935 ], [ -67.9435, -38.9397 ] ] } },
{ "type": "Feature", "properties": { "nombre": "Camino sin nombre", "longitud_km": 0.13 }, "geometry": { "type": "LineString", "coordinates": [ [ -71.3567, -41.1579 ], [ -71.3553, -41.1575 ] ] } },
{ "type": "Feature", "properties": { "nombre": "Camino sin nombre", "longitud_km": 1.43 }, "geometry": { "type": "LineString", "coordinates": [ [ -70.5092, -40.8514 ], [ -70.5, -40.8406 ] ] } },
{ "type": "Feature", "properties": { "nombre": "Camino sin nombre", "longitud_km": 0.04 }, "geometry": { "type": "LineString", "coordinates": [ [ -68.0168, -38.9165 ], [ -68.0172, -38.9166 ] ] } },
{ "type": "Feature", "properties": { "nombre": "Camino sin nombre", "longitud_km": 1.09 }, "geometry": { "type": "LineString", "coordinates": [ [ -70.8595, -41.0373 ], [ -70.8484, -41.0423 ] ] } },
{ "type": "Feature", "properties": { "nombre": "Camino sin nombre", "longitud_km": 0.04 }, "geometry": { "type": "LineString", "coordinates": [ [ -71.1483, -41.064 ], [ -71.1488, -41.064 ] ] } },
{ "type": "Feature", "properties": { "nombre": "Camino sin nombre", "longitud_km": 0.34 }, "geometry": { "type": "LineString", "coordinates": [ [ -70.8697, -41.1901 ], [ -70.866, -41.1912 ] ] } },
{ "type": "Feature", "properties": { "nombre": "Camino sin nombre", "longitud_km": 1.03 }, "geometry": { "type": "LineString", "coordinates": [ [ -67.6354, -39.0833 ], [ -67.6471, -39.0818 ] ] } },
{ "type": "Feature", "properties": { "nombre": "Camino sin nombre", "longitud_km": 0.49 }, "geometry": { "type": "LineString", "coordinates": [ [ -67.6958, -39.0849 ], [ -67.7003, -39.0822 ] ] } },
{ "type": "Feature", "properties": { "nombre": "Camino sin nombre", "longitud_km": 0.0 }, "geometry": { "type": "LineString", "coordinates": [ ] } },
{ "type": "Feature", "properties": { "nombre": "Camino sin nombre", "longitud_km": 0.44 }, "geometry": { "type": "LineString", "coordinates": [ [ -70.7341, -40.8939 ], [ -70.7323, -40.8902 ] ] } },
{ "type": "Feature", "properties": { "nombre": "Camino sin nombre", "longitud_km": 0.89 }, "geometry": { "type": "LineString", "coordinates": [ [ -67.917, -38.9423 ], [ -67.9273, -38.9424 ] ] } },
{ "type": "Feature", "properties": { "nombre": "Camino sin nombre", "longitud_km": 3.84 }, "geometry": { "type": "LineString", "coordinates": [ [ -70.9908, -40.8822 ], [ -70.9945, -40.8626 ], [ -70.9877, -40.8487 ] ] } },
{ "type": "Feature", "properties": { "nombre": "Camino sin nombre", "longitud_km": 0.08 }, "geometry": { "type": "LineString", "coordinates": [ [ -68.0911, -38.7731 ], [ -68.0902, -38.773 ] ] } },
{ "type": "Feature", "properties": { "nombre": "Camino sin nombre", "longitud_km": 1.02 }, "geometry": { "type": "LineString", "coordinates": [ [ -67.6999, -39.0471 ], [ -67.7116, -39.0456 ] ] } },
{ "type": "Feature", "properties": { "nombre": "Camino sin nombre", "longitud_km": 1.02 }, "geometry": { "type": "LineString", "coordinates": [ [ -67.5864, -39.0802 ], [ -67.5883, -39.0893 ] ] } },
{ "type": "Feature", "properties": { "nombre": "Camino sin nombre", "longitud_km": 0.26 }, "geometry": { "type": "LineString", "coordinates": [ [ -68.0892, -38.7544 ], [ -68.0922, -38.7544 ] ] } },
{ "type": "Feature", "properties": { "nombre": "Camino sin nombre", "longitud_km": 0.18 }, "geometry": { "type": "LineString", "coordinates": [ [ -67.9871, -39.037 ], [ -67.9851, -39.0367 ] ] } },
{ "type": "Feature", "properties": { "nombre": "Camino sin nombre", "longitud_km": 0.26 }, "geometry": { "type": "LineString", "coordinates": [ [ -68.0, -38.8943 ], [ -67.997, -38.8942 ] ] } },
{ "type": "Feature", "properties": { "nombre": "Camino sin nombre", "longitud_km": 2.52 }, "geometry": { "type": "LineString", "coordinates": [ [ -70.7907, -40.9896 ], [ -70.7728, -40.9882 ], [ -70.7749, -40.997 ] ] } },
{ "type": "Feature", "properties": { "nombre": "Camino sin nombre", "longitud_km": 0.05 }, "geometry": { "type": "LineString", "coordinates": [ [ -67.9611, -38.9262 ], [ -67.9611, -38.9257 ] ] } },
{ "type": "Feature", "properties": { "nombre": "Camino sin nombre", "longitud_km": 0.62 }, "geometry": { "type": "LineString", "coordinates": [ [ -67.8025, -38.9178 ], [ -67.7956, -38.9188 ] ] } },
{ "type": "Feature", "properties": { "nombre": "Camino sin nombre", "longitud_km": 2.08 }, "geometry": { "type": "LineString", "coordinates": [ [ -68.0843, -38.77 ], [ -68.0792, -38.7884 ] ] } },
{ "type": "Feature", "properties": { "nombre": "Camino sin nombre", "longitud_km": 2.68 }, "geometry": { "type": "LineString", "coordinates": [ [ -70.5955, -40.8488 ], [ -70.5874, -40.8255 ] ] } },
{ "type": "Feature", "properties": { "nombre": "Camino sin nombre", "longitud_km": 0.23 }, "geometry": { "type": "LineString", "coordinates": [ [ -67.9179, -38.9929 ], [ -67.9175, -38.9908 ] ] } },
{ "type": "Feature", "properties": { "nombre": "Camino sin nombre", "longitud_km": 0.1 }, "geometry": { "type": "LineString", "coordinates": [ [ -68.1708, -38.7251 ], [ -68.1713, -38.7242 ] ] } },
{ "type": "Feature", "properties": { "nombre": "Camino sin nombre", "longitud_km": 0.11 }, "geometry": { "type": "LineString", "coordinates": [ [ -70.8841, -40.9073 ], [ -70.8835, -40.9065 ] ] } },
{ "type": "Feature", "properties": { "nombre": "Camino sin nombre", "longitud_km": 0.3 }, "geometry": { "type": "LineString", "coordinates": [ [ -70.8406, -40.9625 ], [ -70.8425, -40.9648 ] ] } },
{ "type": "Feature", "properties": { "nombre": "Camino sin nombre", "longitud_km": 1.03 }, "geometry": { "type": "LineString", "coordinates": [ [ -67.6044, -39.0499 ], [ -67.6062, -39.059 ] ] } },
{ "type": "Feature", "properties": { "nombre": "Camino sin nombre", "longitud_km": 0.12 }, "geometry": { "type": "LineString", "coordinates": [ [ -67.8197, -38.9783 ], [ -67.8183, -38.9786 ] ] } },
{ "type": "Feature", "properties": { "nombre": "Camino sin nombre", "longitud_km": 0.26 }, "geometry": { "type": "LineString", "coordinates": [ [ -67.9183, -38.9952 ], [ -67.9179, -38.9929 ] ] } },
{ "type": "Feature", "properties": { "nombre": "Camino sin nombre", "longitud_km": 1.02 }, "geometry": { "type": "LineString", "coordinates": [ [ -67.6883, -39.0486 ], [ -67.6999, -39.0471 ] ] } },
{ "type": "Feature", "properties": { "nombre": "Camino sin nombre", "longitud_km": 0.03 }, "geometry": { "type": "LineString", "coordinates": [ [ -71.162, -41.1446 ], [ -71.1621, -41.1443 ] ] } },
{ "type": "Feature", "properties": { "nombre": "Camino sin nombre", "longitud_km": 0.21 }, "geometry": { "type": "LineString", "coordinates": [ [ -67.9053, -38.9908 ], [ -67.9049, -38.989 ] ] } },
{ "type": "Feature", "properties": { "nombre": "Camino sin nombre", "longitud_km": 0.26 }, "geometry": { "type": "LineString", "coordinates": [ [ -67.9325, -38.9396 ], [ -67.9355, -38.9397 ] ] } },
{ "type": "Feature", "properties": { "nombre": "Camino sin nombre", "longitud_km": 0.79 }, "geometry": { "type": "LineString", "coordinates": [ [ -71.3251, -41.1859 ], [ -71.322, -41.1792 ] ] } },
{ "type": "Feature", "properties": { "nombre": "Camino sin nombre", "longitud_km": 0.46 }, "geometry": { "type": "LineString", "coordinates": [ [ -67.7046, -39.1097 ], [ -67.7021, -39.1061 ] ] } },
{ "type": "Feature", "properties": { "nombre": "Camino sin nombre", "longitud_km": 1.05 }, "geometry": { "type": "LineString", "coordinates": [ [ -67.8919, -38.9848 ], [ -67.894, -38.994 ] ] } },
{ "type": "Feature", "properties": { "nombre": "Camino sin nombre", "longitud_km": 0.02 }, "geometry": { "type": "LineString", "coordinates": [ [ -68.1627, -38.721 ], [ -68.1627, -38.7212 ] ] } },
{ "type": "Feature", "properties": { "nombre": "Camino sin nombre", "longitud_km": 4.09 }, "geometry": { "type": "LineString", "coordinates": [ [ -67.691, -38.8363 ], [ -67.7274, -38.8597 ] ] } },
{ "type": "Feature", "properties": { "nombre": "Camino sin nombre", "longitud_km": 0.41 }, "geometry": { "type": "LineString", "coordinates": [ [ -67.8281, -38.9766 ], [ -67.8236, -38.9776 ] ] } },
{ "type": "Feature", "properties": { "nombre": "Camino sin nombre", "longitud_km": 0.43 }, "geometry": { "type": "LineString", "coordinates": [ [ -70.8531, -41.0359 ], [ -70.8497, -41.0331 ] ] } },
{ "type": "Feature", "properties": { "nombre": "Camino sin nombre", "longitud_km": 0.72 }, "geometry": { "type": "LineString", "coordinates": [ [ -70.7082, -40.7649 ], [ -70.7166, -40.764 ] ] } },
{ "type": "Feature", "properties": { "nombre": "Camino sin nombre", "longitud_km": 0.13 }, "geometry": { "type": "LineString", "coordinates": [ [ -67.5863, -39.0212 ], [ -67.5873, -39.0203 ] ] } },
{ "type": "Feature", "properties": { "nombre": "Camino sin nombre", "longitud_km": 0.87 }, "geometry": { "type": "LineString", "coordinates": [ [ -67.8765, -38.9682 ], [ -67.8782, -38.9759 ] ] } },
{ "type": "Feature", "properties": { "nombre": "Camino sin nombre", "longitud_km": 0.75 }, "geometry": { "type": "LineString", "coordinates": [ [ -70.5236, -41.0067 ], [ -70.5251, -41.0 ] ] } },
{ "type": "Feature", "properties": { "nombre": "Camino sin nombre", "longitud_km": 0.38 }, "geometry": { "type": "LineString", "coordinates": [ [ -67.5353, -39.0174 ], [ -67.5309, -39.0178 ] ] } },
{ "type": "Feature", "properties": { "nombre": "Camino sin nombre", "longitud_km": 0.39 }, "geometry": { "type": "LineString", "coordinates": [ [ -70.7082, -40.7649 ], [ -70.7038, -40.7638 ] ] } },
{ "type": "Feature", "properties": { "nombre": "Camino sin nombre", "longitud_km": 1.34 }, "geometry": { "type": "LineString", "coordinates": [ [ -70.7993, -40.7509 ], [ -70.7845, -40.7467 ] ] } },
{ "type": "Feature", "properties": { "nombre": "Camino sin nombre", "longitud_km": 1.29 }, "geometry": { "type": "LineString", "coordinates": [ [ -63.2401, -40.7932 ], [ -63.2248, -40.7942 ] ] } },
{ "type": "Feature", "properties": { "nombre": "Camino sin nombre", "longitud_km": 2.73 }, "geometry": { "type": "LineString", "coordinates": [ [ -70.5999, -40.8949 ], [ -70.579, -40.8936 ], [ -70.5759, -40.8852 ] ] } },
{ "type": "Feature", "properties": { "nombre": "Camino sin nombre", "longitud_km": 0.76 }, "geometry": { "type": "LineString", "coordinates": [ [ -67.8872, -38.9761 ], [ -67.8785, -38.9773 ] ] } },
{ "type": "Feature", "properties": { "nombre": "Camino sin nombre", "longitud_km": 11.42 }, "geometry": { "type": "LineString", "coordinates": [ [ -70.7963, -40.8316 ], [ -70.7956, -40.8132 ], [ -70.8086, -40.7975 ], [ -70.8241, -40.7881 ], [ -70.8367, -40.7604 ], [ -70.85, -40.7537 ], [ -70.8463, -40.7447 ] ] } },
{ "type": "Feature", "properties": { "nombre": "Camino sin nombre", "longitud_km": 0.86 }, "geometry": { "type": "LineString", "coordinates": [ [ -67.5728, -39.0724 ], [ -67.5711, -39.08 ] ] } },
{ "type": "Feature", "properties": { "nombre": "Camino sin nombre", "longitud_km": 0.06 }, "geometry": { "type": "LineString", "coordinates": [ [ -67.6007, -39.0067 ], [ -67.6002, -39.007 ] ] } },
{ "type": "Feature", "properties": { "nombre": "Camino sin nombre", "longitud_km": 0.48 }, "geometry": { "type": "LineString", "coordinates": [ [ -67.9435, -38.935 ], [ -67.9435, -38.9306 ] ] } },
{ "type": "Feature", "properties": { "nombre": "Camino sin nombre", "longitud_km": 0.17 }, "geometry": { "type": "LineString", "coordinates": [ [ -67.8226, -39.0 ], [ -67.8223, -38.9985 ] ] } },
{ "type": "Feature", "properties": { "nombre": "Camino sin nombre", "longitud_km": 0.84 }, "geometry": { "type": "LineString", "coordinates": [ [ -68.0797, -38.7978 ], [ -68.0772, -38.8052 ] ] } },
{ "type": "Feature", "properties": { "nombre": "Camino sin nombre", "longitud_km": 4.84 }, "geometry": { "type": "LineString", "coordinates": [ [ -70.5206, -40.9622 ], [ -70.5265, -40.9568 ], [ -70.5196, -40.9496 ], [ -70.5183, -40.9371 ], [ -70.5, -40.9313 ] ] } },
{ "type": "Feature", "properties": { "nombre": "Camino sin nombre", "longitud_km": 0.2 }, "geometry": { "type": "LineString", "coordinates": [ [ -71.1434, -41.0695 ], [ -71.1414, -41.0705 ] ] } },
{ "type": "Feature", "properties": { "nombre": "Camino sin nombre", "longitud_km": 0.1 }, "geometry": { "type": "LineString", "coordinates": [ [ -70.77, -40.6775 ], [ -70.7689, -40.6774 ] ] } },
{ "type": "Feature", "properties": { "nombre": "Camino sin nombre", "longitud_km": 1.26 }, "geometry": { "type": "LineString", "coordinates": [ [ -67.9424, -39.0663 ], [ -67.9565, -39.0636 ] ] } },
{ "type": "Feature", "properties": { "nombre": "Camino sin nombre", "longitud_km": 0.85 }, "geometry": { "type": "LineString", "coordinates": [ [ -70.8245, -41.0031 ], [ -70.8147, -41.0011 ] ] } },
{ "type": "Feature", "properties": { "nombre": "Camino sin nombre", "longitud_km": 0.73 }, "geometry": { "type": "LineString", "coordinates": [ [ -67.9531, -38.9603 ], [ -67.9458, -38.957 ] ] } },
{ "type": "Feature", "properties": { "nombre": "Camino sin nombre", "longitud_km": 0.29 }, "geometry": { "type": "LineString", "coordinates": [ [ -70.126, -40.4644 ], [ -70.1291, -40.4634 ] ] } },
{ "type": "Feature", "properties": { "nombre": "Camino sin nombre", "longitud_km": 0.93 }, "geometry": { "type": "LineString", "coordinates": [ [ -71.0, -41.0576 ], [ -71.011, -41.057 ] ] } },
{ "type": "Feature", "properties": { "nombre": "Camino sin nombre", "longitud_km": 0.85 }, "geometry": { "type": "LineString", "coordinates": [ [ -70.7285, -40.911 ], [ -70.7232, -40.9045 ] ] } },
{ "type": "Feature", "properties": { "nombre": "Camino sin nombre", "longitud_km": 1.04 }, "geometry": { "type": "LineString", "coordinates": [ [ -68.5261, -39.2348 ], [ -68.5224, -39.2437 ] ] } },
{ "type": "Feature", "properties": { "nombre": "Camino sin nombre", "longitud_km": 0.04 }, "geometry": { "type": "LineString", "coordinates": [ [ -67.5043, -39.0266 ], [ -67.5038, -39.0267 ] ] } },
{ "type": "Feature", "properties": { "nombre": "Camino sin nombre", "longitud_km": 0.06 }, "geometry": { "type": "LineString", "coordinates": [ [ -67.8069, -38.9817 ], [ -67.8071, -38.9823 ] ] } },
{ "type": "Feature", "properties": { "nombre": "Camino sin nombre", "longitud_km": 0.06 }, "geometry": { "type": "LineString", "coordinates": [ [ -67.9882, -39.0174 ], [ -67.9875, -39.0172 ] ] } },
{ "type": "Feature", "properties": { "nombre": "Camino sin nombre", "longitud_km": 1.25 }, "geometry": { "type": "LineString", "coordinates": [ [ -70.8438, -41.0126 ], [ -70.8339, -41.0041 ] ] } },
{ "type": "Feature", "properties": { "nombre": "Camino sin nombre", "longitud_km": 3.32 }, "geometry": { "type": "LineString", "coordinates": [ [ -67.6696, -38.9892 ], [ -67.6693, -38.9593 ] ] } },
{ "type": "Feature", "properties": { "nombre": "Camino sin nombre", "longitud_km": 0.13 }, "geometry": { "type": "LineString", "coordinates": [ [ -67.8813, -38.9909 ], [ -67.8816, -38.9921 ] ] } },
{ "type": "Feature", "properties": { "nombre": "Camino sin nombre", "longitud_km": 0.04 }, "geometry": { "type": "LineString", "coordinates": [ [ -67.5677, -38.9947 ], [ -67.5677, -38.9944 ] ] } },
{ "type": "Feature", "properties": { "nombre": "Camino sin nombre", "longitud_km": 1.03 }, "geometry": { "type": "LineString", "coordinates": [ [ -70.8455, -41.0479 ], [ -70.8419, -41.0568 ] ] } },
{ "type": "Feature", "properties": { "nombre": "Camino sin nombre", "longitud_km": 0.03 }, "geometry": { "type": "LineString", "coordinates": [ [ -70.6978, -40.8332 ], [ -70.6975, -40.8333 ] ] } },
{ "type": "Feature", "properties": { "nombre": "Camino sin nombre", "longitud_km": 1.03 }, "geometry": { "type": "LineString", "coordinates": [ [ -67.9262, -39.0696 ], [ -67.9378, -39.0673 ] ] } },
{ "type": "Feature", "properties": { "nombre": "Camino sin nombre", "longitud_km": 0.29 }, "geometry": { "type": "LineString", "coordinates": [ [ -67.539, -39.0 ], [ -67.5423, -39.0 ] ] } },
{ "type": "Feature", "properties": { "nombre": "Camino sin nombre", "longitud_km": 0.19 }, "geometry": { "type": "LineString", "coordinates": [ [ -71.1434, -41.0695 ], [ -71.1429, -41.0712 ] ] } },
{ "type": "Feature", "properties": { "nombre": "Camino sin nombre", "longitud_km": 1.42 }, "geometry": { "type": "LineString", "coordinates": [ [ -67.8062, -38.9715 ], [ -67.819, -38.9636 ] ] } },
{ "type": "Feature", "properties": { "nombre": "Camino sin nombre", "longitud_km": 1.03 }, "geometry": { "type": "LineString", "coordinates": [ [ -67.7962, -38.9877 ], [ -67.7844, -38.9893 ] ] } },
{ "type": "Feature", "properties": { "nombre": "Camino sin nombre", "longitud_km": 0.62 }, "geometry": { "type": "LineString", "coordinates": [ [ -70.8479, -40.7948 ], [ -70.8501, -40.792 ], [ -70.8471, -40.7927 ] ] } },
{ "type": "Feature", "properties": { "nombre": "Camino sin nombre", "longitud_km": 0.27 }, "geometry": { "type": "LineString", "coordinates": [ [ -67.9483, -38.9282 ], [ -67.9483, -38.9307 ] ] } },
{ "type": "Feature", "properties": { "nombre": "Camino sin nombre", "longitud_km": 0.07 }, "geometry": { "type": "LineString", "coordinates": [ [ -67.963, -38.9033 ], [ -67.9624, -38.9029 ] ] } },
{ "type": "Feature", "properties": { "nombre": "Camino sin nombre", "longitud_km": 0.11 }, "geometry": { "type": "LineString", "coordinates": [ [ -71.405, -41.1208 ], [ -71.4049, -41.1198 ] ] } },
{ "type": "Feature", "properties": { "nombre": "Camino sin nombre", "longitud_km": 0.12 }, "geometry": { "type": "LineString", "coordinates": [ [ -70.8603, -41.1708 ], [ -70.8614, -41.1716 ] ] } },
{ "type": "Feature", "properties": { "nombre": "Camino sin nombre", "longitud_km": 0.2 }, "geometry": { "type": "LineString", "coordinates": [ [ -67.6229, -39.0235 ], [ -67.6232, -39.0253 ] ] } },
{ "type": "Feature", "properties": { "nombre": "Camino sin nombre", "longitud_km": 0.52 }, "geometry": { "type": "LineString", "coordinates": [ [ -67.8341, -38.997 ], [ -67.833, -38.9924 ] ] } },
{ "type": "Feature", "properties": { "nombre": "Camino sin nombre", "longitud_km": 0.05 }, "geometry": { "type": "LineString", "coordinates": [ [ -68.0922, -38.7544 ], [ -68.0925, -38.754 ] ] } },
{ "type": "Feature", "properties": { "nombre": "Camino sin nombre", "longitud_km": 0.79 }, "geometry": { "type": "LineString", "coordinates": [ [ -70.5902, -40.7363 ], [ -70.598, -40.7325 ] ] } },
{ "type": "Feature", "properties": { "nombre": "Camino sin nombre", "longitud_km": 2.02 }, "geometry": { "type": "LineString", "coordinates": [ [ -67.7028, -39.0651 ], [ -67.7047, -39.0745 ], [ -67.6937, -39.0759 ] ] } },
{ "type": "Feature", "properties": { "nombre": "Camino sin nombre", "longitud_km": 0.68 }, "geometry": { "type": "LineString", "coordinates": [ [ -68.1992, -38.693 ], [ -68.1914, -38.693 ] ] } },
{ "type": "Feature", "properties": { "nombre": "Camino sin nombre", "longitud_km": 1.09 }, "geometry": { "type": "LineString", "coordinates": [ [ -71.1199, -41.076 ], [ -71.1312, -41.0808 ] ] } },
{ "type": "Feature", "properties": { "nombre": "Camino sin nombre", "longitud_km": 0.35 }, "geometry": { "type": "LineString", "coordinates": [ [ -70.4618, -40.6712 ], [ -70.4647, -40.6734 ] ] } },
{ "type": "Feature", "properties": { "nombre": "Camino sin nombre", "longitud_km": 0.52 }, "geometry": { "type": "LineString", "coordinates": [ [ -67.9385, -38.9397 ], [ -67.9382, -38.935 ] ] } },
{ "type": "Feature", "properties": { "nombre": "Camino sin nombre", "longitud_km": 0.33 }, "geometry": { "type": "LineString", "coordinates": [ [ -67.8072, -38.9833 ], [ -67.8078, -38.9863 ] ] } },
{ "type": "Feature", "properties": { "nombre": "Camino sin nombre", "longitud_km": 5.98 }, "geometry": { "type": "LineString", "coordinates": [ [ -70.7856, -41.111 ], [ -70.8255, -41.1262 ], [ -70.8294, -41.1334 ], [ -70.835, -41.1287 ], [ -70.8405, -41.1329 ] ] } },
{ "type": "Feature", "properties": { "nombre": "Camino sin nombre", "longitud_km": 0.31 }, "geometry": { "type": "LineString", "coordinates": [ [ -67.7947, -39.038 ], [ -67.7965, -39.0403 ] ] } },
{ "type": "Feature", "properties": { "nombre": "Camino sin nombre", "longitud_km": 3.8 }, "geometry": { "type": "LineString", "coordinates": [ [ -67.5996, -38.8902 ], [ -67.6342, -38.9111 ] ] } },
{ "type": "Feature", "properties": { "nombre": "Camino sin nombre", "longitud_km": 0.39 }, "geometry": { "type": "LineString", "coordinates": [ [ -68.0253, -38.863 ], [ -68.0284, -38.8604 ] ] } },
{ "type": "Feature", "properties": { "nombre": "Camino sin nombre", "longitud_km": 1.2 }, "geometry": { "type": "LineString", "coordinates": [ [ -67.6697, -39.0 ], [ -67.6696, -38.9892 ] ] } },
{ "type": "Feature", "properties": { "nombre": "Camino sin nombre", "longitud_km": 0.44 }, "geometry": { "type": "LineString", "coordinates": [ [ -67.8932, -38.9066 ], [ -67.8882, -38.9072 ] ] } },
{ "type": "Feature", "properties": { "nombre": "Camino sin nombre", "longitud_km": 0.18 }, "geometry": { "type": "LineString", "coordinates": [ [ -70.866, -41.1912 ], [ -70.8639, -41.1909 ] ] } },
{ "type": "Feature", "properties": { "nombre": "Camino sin nombre", "longitud_km": 0.05 }, "geometry": { "type": "LineString", "coordinates": [ [ -68.0496, -38.8475 ], [ -68.0491, -38.8477 ] ] } },
{ "type": "Feature", "properties": { "nombre": "Camino sin nombre", "longitud_km": 1.78 }, "geometry": { "type": "LineString", "coordinates": [ [ -69.8909, -40.6667 ], [ -69.9059, -40.6554 ] ] } },
{ "type": "Feature", "properties": { "nombre": "Camino sin nombre", "longitud_km": 8.7 }, "geometry": { "type": "LineString", "coordinates": [ [ -70.5131, -40.6837 ], [ -70.532, -40.6805 ], [ -70.548, -40.6919 ], [ -70.5483, -40.6996 ], [ -70.573, -40.7226 ], [ -70.5712, -40.7321 ] ] } },
{ "type": "Feature", "properties": { "nombre": "Camino sin nombre", "longitud_km": 2.49 }, "geometry": { "type": "LineString", "coordinates": [ [ -67.9851, -39.0367 ], [ -67.9566, -39.0337 ] ] } },
{ "type": "Feature", "properties": { "nombre": "Camino sin nombre", "longitud_km": 0.23 }, "geometry": { "type": "LineString", "coordinates": [ [ -71.1431, -41.0721 ], [ -71.1447, -41.0705 ] ] } },
{ "type": "Feature", "properties": { "nombre": "Camino sin nombre", "longitud_km": 1.66 }, "geometry": { "type": "LineString", "coordinates": [ [ -67.9393, -38.903 ], [ -67.9202, -38.9032 ] ] } },
{ "type": "Feature", "properties": { "nombre": "Camino sin nombre", "longitud_km": 1.04 }, "geometry": { "type": "LineString", "coordinates": [ [ -67.8037, -39.0242 ], [ -67.8155, -39.0227 ] ] } },
{ "type": "Feature", "properties": { "nombre": "Camino sin nombre", "longitud_km": 0.5 }, "geometry": { "type": "LineString", "coordinates": [ [ -67.8577, -38.9938 ], [ -67.8568, -38.9894 ] ] } },
{ "type": "Feature", "properties": { "nombre": "Camino sin nombre", "longitud_km": 1.42 }, "geometry": { "type": "LineString", "coordinates": [ [ -67.9459, -38.9525 ], [ -67.9551, -38.9631 ] ] } },
{ "type": "Feature", "properties": { "nombre": "Camino sin nombre", "longitud_km": 0.07 }, "geometry": { "type": "LineString", "coordinates": [ [ -67.9863, -39.0167 ], [ -67.9855, -39.0167 ] ] } },
{ "type": "Feature", "properties": { "nombre": "Camino sin nombre", "longitud_km": 0.41 }, "geometry": { "type": "LineString", "coordinates": [ [ -67.7297, -38.8636 ], [ -67.7327, -38.8664 ] ] } },
{ "type": "Feature", "properties": { "nombre": "Camino sin nombre", "longitud_km": 4.05 }, "geometry": { "type": "LineString", "coordinates": [ [ -67.6755, -38.8813 ], [ -67.6816, -38.8792 ], [ -67.6862, -38.8842 ], [ -67.7172, -38.8777 ] ] } },
{ "type": "Feature", "properties": { "nombre": "Camino sin nombre", "longitud_km": 1.44 }, "geometry": { "type": "LineString", "coordinates": [ [ -70.6533, -40.7061 ], [ -70.6474, -40.7182 ] ] } },
{ "type": "Feature", "properties": { "nombre": "Camino sin nombre", "longitud_km": 1.04 }, "geometry": { "type": "LineString", "coordinates": [ [ -67.612, -39.0865 ], [ -67.6238, -39.0849 ] ] } },
{ "type": "Feature", "properties": { "nombre": "Camino sin nombre", "longitud_km": 0.04 }, "geometry": { "type": "LineString", "coordinates": [ [ -68.0777, -38.8233 ], [ -68.0773, -38.8231 ] ] } },
{ "type": "Feature", "properties": { "nombre": "Camino sin nombre", "longitud_km": 0.57 }, "geometry": { "type": "LineString", "coordinates": [ [ -70.6983, -40.8563 ], [ -70.6995, -40.8513 ] ] } },
{ "type": "Feature", "properties": { "nombre": "Camino sin nombre", "longitud_km": 0.58 }, "geometry": { "type": "LineString", "coordinates": [ [ -68.1419, -38.6878 ], [ -68.1419, -38.693 ] ] } },
{ "type": "Feature", "properties": { "nombre": "Camino sin nombre", "longitud_km": 4.98 }, "geometry": { "type": "LineString", "coordinates": [ [ -70.8844, -40.826 ], [ -70.8884, -40.8314 ], [ -70.9137, -40.8382 ], [ -70.9294, -40.852 ] ] } },
{ "type": "Feature", "properties": { "nombre": "Camino sin nombre", "longitud_km": 1.01 }, "geometry": { "type": "LineString", "coordinates": [ [ -67.9037, -38.9832 ], [ -67.9017, -38.9742 ] ] } },
{ "type": "Feature", "properties": { "nombre": "Camino sin nombre", "longitud_km": 0.05 }, "geometry": { "type": "LineString", "coordinates": [ [ -67.9383, -38.9782 ], [ -67.9384, -38.9787 ] ] } },
{ "type": "Feature", "properties": { "nombre": "Camino sin nombre", "longitud_km": 0.16 }, "geometry": { "type": "LineString", "coordinates": [ [ -70.8629, -41.1799 ], [ -70.8627, -41.1813 ] ] } },
{ "type": "Feature", "properties": { "nombre": "Camino sin nombre", "longitud_km": 0.73 }, "geometry": { "type": "LineString", "coordinates": [ [ -70.7143, -40.8997 ], [ -70.7229, -40.9003 ] ] } },
{ "type": "Feature", "properties": { "nombre": "Camino sin nombre", "longitud_km": 0.64 }, "geometry": { "type": "LineString", "coordinates": [ [ -67.8919, -38.9848 ], [ -67.8992, -38.9838 ] ] } },
{ "type": "Feature", "properties": { "nombre": "Camino sin nombre", "longitud_km": 0.25 }, "geometry": { "type": "LineString", "coordinates": [ [ -67.9379, -38.9305 ], [ -67.935, -38.9305 ] ] } },
{ "type": "Feature", "properties": { "nombre": "Camino sin nombre", "longitud_km": 1.49 }, "geometry": { "type": "LineString", "coordinates": [ [ -70.7391, -41.1371 ], [ -70.7396, -41.1505 ] ] } },
{ "type": "Feature", "properties": { "nombre": "Camino sin nombre", "longitud_km": 0.22 }, "geometry": { "type": "LineString", "coordinates": [ [ -70.6225, -40.5984 ], [ -70.6243, -40.5999 ] ] } },
{ "type": "Feature", "properties": { "nombre": "Camino sin nombre", "longitud_km": 0.55 }, "geometry": { "type": "LineString", "coordinates": [ [ -67.926, -39.0039 ], [ -67.922, -39.0 ] ] } },
{ "type": "Feature", "properties": { "nombre": "Camino sin nombre", "longitud_km": 0.33 }, "geometry": { "type": "LineString", "coordinates": [ [ -67.9139, -38.9751 ], [ -67.9102, -38.9755 ] ] } },
{ "type": "Feature", "properties": { "nombre": "Camino sin nombre", "longitud_km": 0.28 }, "geometry": { "type": "LineString", "coordinates": [ [ -70.4905, -40.7335 ], [ -70.4879, -40.7352 ] ] } },
{ "type": "Feature", "properties": { "nombre": "Camino sin nombre", "longitud_km": 0.16 }, "geometry": { "type": "LineString", "coordinates": [ [ -67.8297, -38.961 ], [ -67.8315, -38.9606 ] ] } },
{ "type": "Feature", "properties": { "nombre": "Camino sin nombre", "longitud_km": 0.49 }, "geometry": { "type": "LineString", "coordinates": [ [ -67.9681, -38.9643 ], [ -67.9666, -38.9601 ] ] } },
{ "type": "Feature", "properties": { "nombre": "Camino sin nombre", "longitud_km": 2.28 }, "geometry": { "type": "LineString", "coordinates": [ [ -67.6698, -39.0176 ], [ -67.6436, -39.0201 ] ] } },
{ "type": "Feature", "properties": { "nombre": "Camino sin nombre", "longitud_km": 0.27 }, "geometry": { "type": "LineString", "coordinates": [ [ -67.8091, -38.992 ], [ -67.8085, -38.9896 ] ] } },
{ "type": "Feature", "properties": { "nombre": "Camino sin nombre", "longitud_km": 0.45 }, "geometry": { "type": "LineString", "coordinates": [ [ -67.9252, -38.9935 ], [ -67.921, -38.996 ] ] } },
{ "type": "Feature", "properties": { "nombre": "Camino sin nombre", "longitud_km": 0.21 }, "geometry": { "type": "LineString", "coordinates": [ [ -67.9384, -38.9787 ], [ -67.9389, -38.9806 ] ] } },
{ "type": "Feature", "properties": { "nombre": "Camino sin nombre", "longitud_km": 1.04 }, "geometry": { "type": "LineString", "coordinates": [ [ -67.6433, -39.0634 ], [ -67.6452, -39.0727 ] ] } },
{ "type": "Feature", "properties": { "nombre": "Camino sin nombre", "longitud_km": 2.34 }, "geometry": { "type": "LineString", "coordinates": [ [ -70.7197, -41.1043 ], [ -70.7162, -41.1026 ], [ -70.7098, -41.1109 ], [ -70.7161, -41.1178 ] ] } },
{ "type": "Feature", "properties": { "nombre": "Camino sin nombre", "longitud_km": 1.02 }, "geometry": { "type": "LineString", "coordinates": [ [ -67.6588, -39.0802 ], [ -67.6705, -39.0788 ] ] } },
{ "type": "Feature", "properties": { "nombre": "Camino sin nombre", "longitud_km": 0.19 }, "geometry": { "type": "LineString", "coordinates": [ [ -70.841, -41.0605 ], [ -70.8414, -41.0588 ] ] } },
{ "type": "Feature", "properties": { "nombre": "Camino sin nombre", "longitud_km": 0.03 }, "geometry": { "type": "LineString", "coordinates": [ [ -68.163, -38.7209 ], [ -68.1627, -38.721 ] ] } },
{ "type": "Feature", "properties": { "nombre": "Camino sin nombre", "longitud_km": 0.25 }, "geometry": { "type": "LineString", "coordinates": [ [ -70.8334, -41.0904 ], [ -70.8351, -41.0922 ] ] } },
{ "type": "Feature", "properties": { "nombre": "Camino sin nombre", "longitud_km": 0.43 }, "geometry": { "type": "LineString", "coordinates": [ [ -70.9904, -41.0647 ], [ -70.9865, -41.0673 ] ] } },
{ "type": "Feature", "properties": { "nombre": "Camino sin nombre", "longitud_km": 0.09 }, "geometry": { "type": "LineString", "coordinates": [ [ -68.0168, -38.9165 ], [ -68.0158, -38.9169 ] ] } },
{ "type": "Feature", "properties": { "nombre": "Camino sin nombre", "longitud_km": 3.83 }, "geometry": { "type": "LineString", "coordinates": [ [ -70.6525, -40.7064 ], [ -70.6525, -40.6964 ], [ -70.6297, -40.6791 ] ] } },
{ "type": "Feature", "properties": { "nombre": "Camino sin nombre", "longitud_km": 0.07 }, "geometry": { "type": "LineString", "coordinates": [ [ -70.0528, -40.5758 ], [ -70.0528, -40.5764 ] ] } },
{ "type": "Feature", "properties": { "nombre": "Camino sin nombre", "longitud_km": 0.41 }, "geometry": { "type": "LineString", "coordinates": [ [ -70.4, -40.7214 ], [ -70.398, -40.7247 ] ] } },
{ "type": "Feature", "properties": { "nombre": "Camino sin nombre", "longitud_km": 0.82 }, "geometry": { "type": "LineString", "coordinates": [ [ -67.5577, -39.0573 ], [ -67.5592, -39.0646 ] ] } },
{ "type": "Feature", "properties": { "nombre": "Camino sin nombre", "longitud_km": 0.0 }, "geometry": { "type": "LineString", "coordinates": [ ] } },
{ "type": "Feature", "properties": { "nombre": "Camino sin nombre", "longitud_km": 0.18 }, "geometry": { "type": "LineString", "coordinates": [ [ -67.9649, -38.9915 ], [ -67.966, -38.9901 ] ] } },
{ "type": "Feature", "properties": { "nombre": "Camino sin nombre", "longitud_km": 6.04 }, "geometry": { "type": "LineString", "coordinates": [ [ -67.6688, -38.9363 ], [ -67.6012, -38.9497 ] ] } },
{ "type": "Feature", "properties": { "nombre": "Camino sin nombre", "longitud_km": 0.45 }, "geometry": { "type": "LineString", "coordinates": [ [ -67.6526, -39.1077 ], [ -67.6479, -39.1093 ] ] } },
{ "type": "Feature", "properties": { "nombre": "Camino sin nombre", "longitud_km": 0.18 }, "geometry": { "type": "LineString", "coordinates": [ [ -71.1376, -41.0734 ], [ -71.1358, -41.0743 ] ] } },
{ "type": "Feature", "properties": { "nombre": "Camino sin nombre", "longitud_km": 0.85 }, "geometry": { "type": "LineString", "coordinates": [ [ -70.7749, -40.997 ], [ -70.7842, -41.0 ] ] } },
{ "type": "Feature", "properties": { "nombre": "Camino sin nombre", "longitud_km": 0.4 }, "geometry": { "type": "LineString", "coordinates": [ [ -70.5818, -40.8221 ], [ -70.5807, -40.8186 ] ] } },
{ "type": "Feature", "properties": { "nombre": "Camino sin nombre", "longitud_km": 0.32 }, "geometry": { "type": "LineString", "coordinates": [ [ -71.4068, -41.1224 ], [ -71.4106, -41.1224 ] ] } },
{ "type": "Feature", "properties": { "nombre": "Camino sin nombre", "longitud_km": 1.28 }, "geometry": { "type": "LineString", "coordinates": [ [ -67.9109, -39.0153 ], [ -67.9175, -39.0256 ] ] } },
{ "type": "Feature", "properties": { "nombre": "Camino sin nombre", "longitud_km": 0.35 }, "geometry": { "type": "LineString", "coordinates": [ [ -70.6324, -40.6667 ], [ -70.6327, -40.6698 ] ] } },
{ "type": "Feature", "properties": { "nombre": "Camino sin nombre", "longitud_km": 0.71 }, "geometry": { "type": "LineString", "coordinates": [ [ -68.094, -38.8063 ], [ -68.0865, -38.809 ] ] } },
{ "type": "Feature", "properties": { "nombre": "Camino sin nombre", "longitud_km": 0.15 }, "geometry": { "type": "LineString", "coordinates": [ [ -67.9162, -38.9969 ], [ -67.9146, -38.9975 ] ] } },
{ "type": "Feature", "properties": { "nombre": "Camino sin nombre", "longitud_km": 0.03 }, "geometry": { "type": "LineString", "coordinates": [ [ -68.0462, -38.8449 ], [ -68.046, -38.8451 ] ] } },
{ "type": "Feature", "properties": { "nombre": "Camino sin nombre", "longitud_km": 0.62 }, "geometry": { "type": "LineString", "coordinates": [ [ -67.8985, -38.9746 ], [ -67.8915, -38.9755 ] ] } },
{ "type": "Feature", "properties": { "nombre": "Camino sin nombre", "longitud_km": 0.51 }, "geometry": { "type": "LineString", "coordinates": [ [ -67.8223, -38.9985 ], [ -67.8214, -38.9939 ] ] } },
{ "type": "Feature", "properties": { "nombre": "Camino sin nombre", "longitud_km": 0.26 }, "geometry": { "type": "LineString", "coordinates": [ [ -71.1429, -41.0712 ], [ -71.14, -41.0718 ] ] } },
{ "type": "Feature", "properties": { "nombre": "Camino sin nombre", "longitud_km": 0.76 }, "geometry": { "type": "LineString", "coordinates": [ [ -67.9169, -38.9885 ], [ -67.9154, -38.9818 ] ] } },
{ "type": "Feature", "properties": { "nombre": "Camino sin nombre", "longitud_km": 0.65 }, "geometry": { "type": "LineString", "coordinates": [ [ -67.9567, -39.0201 ], [ -67.9493, -39.0213 ] ] } },
{ "type": "Feature", "properties": { "nombre": "Camino sin nombre", "longitud_km": 0.07 }, "geometry": { "type": "LineString", "coordinates": [ [ -67.5014, -39.0278 ], [ -67.5016, -39.0285 ] ] } },
{ "type": "Feature", "properties": { "nombre": "Camino sin nombre", "longitud_km": 0.07 }, "geometry": { "type": "LineString", "coordinates": [ [ -67.8499, -38.9809 ], [ -67.8491, -38.981 ] ] } },
{ "type": "Feature", "properties": { "nombre": "Camino sin nombre", "longitud_km": 0.15 }, "geometry": { "type": "LineString", "coordinates": [ [ -67.8207, -38.9694 ], [ -67.821, -38.9707 ] ] } },
{ "type": "Feature", "properties": { "nombre": "Camino sin nombre", "longitud_km": 0.17 }, "geometry": { "type": "LineString", "coordinates": [ [ -70.8653, -41.171 ], [ -70.8633, -41.1714 ] ] } },
{ "type": "Feature", "properties": { "nombre": "Camino sin nombre", "longitud_km": 1.91 }, "geometry": { "type": "LineString", "coordinates": [ [ -70.8984, -41.1212 ], [ -70.8906, -41.1373 ] ] } },
{ "type": "Feature", "properties": { "nombre": "Camino sin nombre", "longitud_km": 1.08 }, "geometry": { "type": "LineString", "coordinates": [ [ -68.1344, -38.4583 ], [ -68.1419, -38.4661 ] ] } },
{ "type": "Feature", "properties": { "nombre": "Camino sin nombre", "longitud_km": 1.33 }, "geometry": { "type": "LineString", "coordinates": [ [ -70.6917, -40.806 ], [ -70.6975, -40.813 ], [ -70.6949, -40.8161 ] ] } },
{ "type": "Feature", "properties": { "nombre": "Camino sin nombre", "longitud_km": 1.77 }, "geometry": { "type": "LineString", "coordinates": [ [ -68.0496, -38.8475 ], [ -68.0582, -38.854 ], [ -68.0571, -38.8604 ] ] } },
{ "type": "Feature", "properties": { "nombre": "Camino sin nombre", "longitud_km": 2.4 }, "geometry": { "type": "LineString", "coordinates": [ [ -68.19, -38.699 ], [ -68.1624, -38.6983 ] ] } },
{ "type": "Feature", "properties": { "nombre": "Camino sin nombre", "longitud_km": 0.31 }, "geometry": { "type": "LineString", "coordinates": [ [ -68.1478, -37.6748 ], [ -68.1511, -37.6738 ] ] } },
{ "type": "Feature", "properties": { "nombre": "Camino sin nombre", "longitud_km": 0.07 }, "geometry": { "type": "LineString", "coordinates": [ [ -67.5999, -39.0066 ], [ -67.6007, -39.0067 ] ] } },
{ "type": "Feature", "properties": { "nombre": "Camino sin nombre", "longitud_km": 0.52 }, "geometry": { "type": "LineString", "coordinates": [ [ -67.5886, -39.0611 ], [ -67.5946, -39.0605 ] ] } },
{ "type": "Feature", "properties": { "nombre": "Camino sin nombre", "longitud_km": 0.32 }, "geometry": { "type": "LineString", "coordinates": [ [ -67.5144, -39.0321 ], [ -67.5149, -39.035 ] ] } },
{ "type": "Feature", "properties": { "nombre": "Camino sin nombre", "longitud_km": 0.7 }, "geometry": { "type": "LineString", "coordinates": [ [ -68.0427, -38.8327 ], [ -68.0382, -38.838 ] ] } },
{ "type": "Feature", "properties": { "nombre": "Camino sin nombre", "longitud_km": 5.15 }, "geometry": { "type": "LineString", "coordinates": [ [ -70.7399, -40.825 ], [ -70.7408, -40.8109 ], [ -70.7737, -40.7905 ] ] } },
{ "type": "Feature", "properties": { "nombre": "Camino sin nombre", "longitud_km": 0.05 }, "geometry": { "type": "LineString", "coordinates": [ [ -67.8092, -38.9804 ], [ -67.8086, -38.9805 ] ] } },
{ "type": "Feature", "properties": { "nombre": "Camino sin nombre", "longitud_km": 2.86 }, "geometry": { "type": "LineString", "coordinates": [ [ -68.0327, -38.2134 ], [ -68.0, -38.213 ] ] } },
{ "type": "Feature", "properties": { "nombre": "Camino sin nombre", "longitud_km": 0.26 }, "geometry": { "type": "LineString", "coordinates": [ [ -67.9389, -38.9806 ], [ -67.9395, -38.9829 ] ] } },
{ "type": "Feature", "properties": { "nombre": "Camino sin nombre", "longitud_km": 1.04 }, "geometry": { "type": "LineString", "coordinates": [ [ -67.6686, -39.0696 ], [ -67.6705, -39.0788 ] ] } },
{ "type": "Feature", "properties": { "nombre": "Camino sin nombre", "longitud_km": 0.28 }, "geometry": { "type": "LineString", "coordinates": [ [ -67.9445, -38.9033 ], [ -67.9413, -38.9032 ] ] } },
{ "type": "Feature", "properties": { "nombre": "Camino sin nombre", "longitud_km": 2.14 }, "geometry": { "type": "LineString", "coordinates": [ [ -70.7689, -40.6774 ], [ -70.7466, -40.6682 ] ] } },
{ "type": "Feature", "properties": { "nombre": "Camino sin nombre", "longitud_km": 0.22 }, "geometry": { "type": "LineString", "coordinates": [ [ -68.0382, -38.838 ], [ -68.0401, -38.8366 ] ] } },
{ "type": "Feature", "properties": { "nombre": "Camino sin nombre", "longitud_km": 2.14 }, "geometry": { "type": "LineString", "coordinates": [ [ -67.5883, -39.0893 ], [ -67.5902, -39.0988 ], [ -67.6021, -39.096 ] ] } },
{ "type": "Feature", "properties": { "nombre": "Camino sin nombre", "longitud_km": 0.42 }, "geometry": { "type": "LineString", "coordinates": [ [ -67.9689, -39.0023 ], [ -67.9641, -39.0019 ] ] } },
{ "type": "Feature", "properties": { "nombre": "Camino sin nombre", "longitud_km": 0.04 }, "geometry": { "type": "LineString", "coordinates": [ [ -67.9612, -39.0043 ], [ -67.9609, -39.0046 ] ] } },
{ "type": "Feature", "properties": { "nombre": "Camino sin nombre", "longitud_km": 0.12 }, "geometry": { "type": "LineString", "coordinates": [ [ -67.8339, -38.9754 ], [ -67.8326, -38.9757 ] ] } },
{ "type": "Feature", "properties": { "nombre": "Camino sin nombre", "longitud_km": 0.89 }, "geometry": { "type": "LineString", "coordinates": [ [ -70.9956, -41.0577 ], [ -70.9904, -41.0647 ] ] } },
{ "type": "Feature", "properties": { "nombre": "Camino sin nombre", "longitud_km": 0.63 }, "geometry": { "type": "LineString", "coordinates": [ [ -70.8381, -41.0 ], [ -70.8323, -41.0036 ] ] } },
{ "type": "Feature", "properties": { "nombre": "Camino sin nombre", "longitud_km": 2.02 }, "geometry": { "type": "LineString", "coordinates": [ [ -68.0582, -38.8191 ], [ -68.0427, -38.8327 ] ] } },
{ "type": "Feature", "properties": { "nombre": "Camino sin nombre", "longitud_km": 0.1 }, "geometry": { "type": "LineString", "coordinates": [ [ -67.9631, -38.9271 ], [ -67.9631, -38.9262 ] ] } },
{ "type": "Feature", "properties": { "nombre": "Camino sin nombre", "longitud_km": 2.99 }, "geometry": { "type": "LineString", "coordinates": [ [ -70.572, -40.9223 ], [ -70.581, -40.9236 ], [ -70.6017, -40.9112 ] ] } },
{ "type": "Feature", "properties": { "nombre": "Camino sin nombre", "longitud_km": 0.18 }, "geometry": { "type": "LineString", "coordinates": [ [ -67.8051, -39.0311 ], [ -67.8048, -39.0295 ] ] } },
{ "type": "Feature", "properties": { "nombre": "Camino sin nombre", "longitud_km": 0.41 }, "geometry": { "type": "LineString", "coordinates": [ [ -67.9488, -38.986 ], [ -67.9442, -38.9867 ] ] } },
{ "type": "Feature", "properties": { "nombre": "Camino sin nombre", "longitud_km": 1.88 }, "geometry": { "type": "LineString", "coordinates": [ [ -70.8812, -40.7401 ], [ -70.8901, -40.7246 ] ] } },
{ "type": "Feature", "properties": { "nombre": "Camino sin nombre", "longitud_km": 0.85 }, "geometry": { "type": "LineString", "coordinates": [ [ -70.8463, -40.7447 ], [ -70.8535, -40.7394 ] ] } },
{ "type": "Feature", "properties": { "nombre": "Camino sin nombre", "longitud_km": 0.08 }, "geometry": { "type": "LineString", "coordinates": [ [ -70.6533, -40.7061 ], [ -70.6525, -40.7064 ] ] } },
{ "type": "Feature", "properties": { "nombre": "Camino sin nombre", "longitud_km": 0.19 }, "geometry": { "type": "LineString", "coordinates": [ [ -68.1624, -38.7268 ], [ -68.1643, -38.726 ] ] } },
{ "type": "Feature", "properties": { "nombre": "Camino sin nombre", "longitud_km": 4.14 }, "geometry": { "type": "LineString", "coordinates": [ [ -67.7157, -39.0073 ], [ -67.6698, -39.0176 ] ] } },
{ "type": "Feature", "properties": { "nombre": "Camino sin nombre", "longitud_km": 3.2 }, "geometry": { "type": "LineString", "coordinates": [ [ -68.0692, -38.214 ], [ -68.0327, -38.2134 ] ] } },
{ "type": "Feature", "properties": { "nombre": "Camino sin nombre", "longitud_km": 0.4 }, "geometry": { "type": "LineString", "coordinates": [ [ -71.1431, -41.0721 ], [ -71.1383, -41.0725 ] ] } },
{ "type": "Feature", "properties": { "nombre": "Camino sin nombre", "longitud_km": 0.34 }, "geometry": { "type": "LineString", "coordinates": [ [ -67.9293, -38.9892 ], [ -67.9285, -38.9862 ] ] } },
{ "type": "Feature", "properties": { "nombre": "Camino sin nombre", "longitud_km": 0.18 }, "geometry": { "type": "LineString", "coordinates": [ [ -71.3631, -41.1585 ], [ -71.3612, -41.1592 ] ] } },
{ "type": "Feature", "properties": { "nombre": "Camino sin nombre", "longitud_km": 1.03 }, "geometry": { "type": "LineString", "coordinates": [ [ -67.6746, -39.041 ], [ -67.6765, -39.0501 ] ] } },
{ "type": "Feature", "properties": { "nombre": "Camino sin nombre", "longitud_km": 0.13 }, "geometry": { "type": "LineString", "coordinates": [ [ -70.5783, -40.7992 ], [ -70.5782, -40.798 ] ] } },
{ "type": "Feature", "properties": { "nombre": "Camino sin nombre", "longitud_km": 0.7 }, "geometry": { "type": "LineString", "coordinates": [ [ -68.0905, -38.8006 ], [ -68.0832, -38.8033 ] ] } },
{ "type": "Feature", "properties": { "nombre": "Camino sin nombre", "longitud_km": 0.75 }, "geometry": { "type": "LineString", "coordinates": [ [ -67.5535, -38.9579 ], [ -67.5619, -38.9563 ] ] } },
{ "type": "Feature", "properties": { "nombre": "Camino sin nombre", "longitud_km": 0.14 }, "geometry": { "type": "LineString", "coordinates": [ [ -70.8558, -41.1518 ], [ -70.856, -41.1531 ] ] } },
{ "type": "Feature", "properties": { "nombre": "Camino sin nombre", "longitud_km": 3.02 }, "geometry": { "type": "LineString", "coordinates": [ [ -70.5339, -40.8517 ], [ -70.5136, -40.8603 ], [ -70.5092, -40.8514 ] ] } },
{ "type": "Feature", "properties": { "nombre": "Camino sin nombre", "longitud_km": 0.19 }, "geometry": { "type": "LineString", "coordinates": [ [ -68.1595, -38.7204 ], [ -68.1574, -38.7198 ] ] } },
{ "type": "Feature", "properties": { "nombre": "Camino sin nombre", "longitud_km": 0.24 }, "geometry": { "type": "LineString", "coordinates": [ [ -68.0079, -38.8942 ], [ -68.0052, -38.8943 ] ] } },
{ "type": "Feature", "properties": { "nombre": "Camino sin nombre", "longitud_km": 0.01 }, "geometry": { "type": "LineString", "coordinates": [ [ -68.0082, -38.9523 ], [ -68.0081, -38.9523 ] ] } },
{ "type": "Feature", "properties": { "nombre": "Camino sin nombre", "longitud_km": 0.1 }, "geometry": { "type": "LineString", "coordinates": [ [ -67.744, -39.032 ], [ -67.7451, -39.0319 ] ] } },
{ "type": "Feature", "properties": { "nombre": "Camino sin nombre", "longitud_km": 0.34 }, "geometry": { "type": "LineString", "coordinates": [ [ -67.976, -38.9892 ], [ -67.9798, -38.9896 ] ] } },
{ "type": "Feature", "properties": { "nombre": "Camino sin nombre", "longitud_km": 1.48 }, "geometry": { "type": "LineString", "coordinates": [ [ -71.1737, -41.1016 ], [ -71.1912, -41.1031 ] ] } },
{ "type": "Feature", "properties": { "nombre": "Camino sin nombre", "longitud_km": 0.19 }, "geometry": { "type": "LineString", "coordinates": [ [ -67.5309, -39.0178 ], [ -67.5311, -39.0195 ] ] } },
{ "type": "Feature", "properties": { "nombre": "Camino sin nombre", "longitud_km": 0.05 }, "geometry": { "type": "LineString", "coordinates": [ [ -67.8048, -39.0295 ], [ -67.8047, -39.029 ] ] } },
{ "type": "Feature", "properties": { "nombre": "Camino sin nombre", "longitud_km": 5.56 }, "geometry": { "type": "LineString", "coordinates": [ [ -67.6608, -39.2565 ], [ -67.6476, -39.2593 ], [ -67.6367, -39.2524 ], [ -67.5999, -39.2529 ] ] } },
{ "type": "Feature", "properties": { "nombre": "Camino sin nombre", "longitud_km": 0.03 }, "geometry": { "type": "LineString", "coordinates": [ [ -68.1696, -37.6676 ], [ -68.17, -37.6675 ] ] } },
{ "type": "Feature", "properties": { "nombre": "Camino sin nombre", "longitud_km": 0.22 }, "geometry": { "type": "LineString", "coordinates": [ [ -67.8174, -38.9622 ], [ -67.819, -38.9636 ] ] } },
{ "type": "Feature", "properties": { "nombre": "Camino sin nombre", "longitud_km": 0.3 }, "geometry": { "type": "LineString", "coordinates": [ [ -70.5747, -40.7521 ], [ -70.5778, -40.7536 ] ] } },
{ "type": "Feature", "properties": { "nombre": "Camino sin nombre", "longitud_km": 0.22 }, "geometry": { "type": "LineString", "coordinates": [ [ -70.7147, -40.6685 ], [ -70.7157, -40.6667 ] ] } },
{ "type": "Feature", "properties": { "nombre": "Camino sin nombre", "longitud_km": 0.42 }, "geometry": { "type": "LineString", "coordinates": [ [ -70.8653, -41.171 ], [ -70.8657, -41.1748 ] ] } },
{ "type": "Feature", "properties": { "nombre": "Camino sin nombre", "longitud_km": 1.36 }, "geometry": { "type": "LineString", "coordinates": [ [ -70.863, -40.8963 ], [ -70.86, -40.9013 ], [ -70.8512, -40.902 ] ] } },
{ "type": "Feature", "properties": { "nombre": "Camino sin nombre", "longitud_km": 0.1 }, "geometry": { "type": "LineString", "coordinates": [ [ -67.5353, -39.0174 ], [ -67.5352, -39.0165 ] ] } },
{ "type": "Feature", "properties": { "nombre": "Camino sin nombre", "longitud_km": 0.16 }, "geometry": { "type": "LineString", "coordinates": [ [ -67.8202, -38.9632 ], [ -67.8221, -38.9628 ] ] } },
{ "type": "Feature", "properties": { "nombre": "Camino sin nombre", "longitud_km": 0.95 }, "geometry": { "type": "LineString", "coordinates": [ [ -67.692, -39.0667 ], [ -67.7028, -39.0651 ] ] } },
{ "type": "Feature", "properties": { "nombre": "Camino sin nombre", "longitud_km": 0.44 }, "geometry": { "type": "LineString", "coordinates": [ [ -67.8133, -39.0269 ], [ -67.8099, -39.0298 ] ] } },
{ "type": "Feature", "properties": { "nombre": "Camino sin nombre", "longitud_km": 0.24 }, "geometry": { "type": "LineString", "coordinates": [ [ -67.9271, -38.935 ], [ -67.9269, -38.9328 ] ] } },
{ "type": "Feature", "properties": { "nombre": "Camino sin nombre", "longitud_km": 0.46 }, "geometry": { "type": "LineString", "coordinates": [ [ -67.9175, -39.0256 ], [ -67.9198, -39.0293 ] ] } },
{ "type": "Feature", "properties": { "nombre": "Camino sin nombre", "longitud_km": 0.63 }, "geometry": { "type": "LineString", "coordinates": [ [ -67.9702, -38.9034 ], [ -67.963, -38.9033 ] ] } },
{ "type": "Feature", "properties": { "nombre": "Camino sin nombre", "longitud_km": 0.02 }, "geometry": { "type": "LineString", "coordinates": [ [ -67.5084, -39.0261 ], [ -67.5081, -39.0261 ] ] } },
{ "type": "Feature", "properties": { "nombre": "Camino sin nombre", "longitud_km": 0.1 }, "geometry": { "type": "LineString", "coordinates": [ [ -67.9611, -38.9271 ], [ -67.9611, -38.9262 ] ] } },
{ "type": "Feature", "properties": { "nombre": "Camino sin nombre", "longitud_km": 0.29 }, "geometry": { "type": "LineString", "coordinates": [ [ -70.1291, -40.4634 ], [ -70.126, -40.4644 ] ] } },
{ "type": "Feature", "properties": { "nombre": "Camino sin nombre", "longitud_km": 0.29 }, "geometry": { "type": "LineString", "coordinates": [ [ -71.14, -41.0718 ], [ -71.1374, -41.07 ] ] } },
{ "type": "Feature", "properties": { "nombre": "Camino sin nombre", "longitud_km": 0.08 }, "geometry": { "type": "LineString", "coordinates": [ [ -67.9129, -39.0722 ], [ -67.9137, -39.072 ] ] } },
{ "type": "Feature", "properties": { "nombre": "Camino sin nombre", "longitud_km": 1.62 }, "geometry": { "type": "LineString", "coordinates": [ [ -70.1291, -40.4634 ], [ -70.136, -40.4672 ], [ -70.1329, -40.4748 ] ] } },
{ "type": "Feature", "properties": { "nombre": "Camino sin nombre", "longitud_km": 0.17 }, "geometry": { "type": "LineString", "coordinates": [ [ -70.737, -41.0 ], [ -70.735, -41.0 ] ] } },
{ "type": "Feature", "properties": { "nombre": "Camino sin nombre", "longitud_km": 0.13 }, "geometry": { "type": "LineString", "coordinates": [ [ -67.8368, -38.9746 ], [ -67.8353, -38.9749 ] ] } },
{ "type": "Feature", "properties": { "nombre": "Camino sin nombre", "longitud_km": 2.76 }, "geometry": { "type": "LineString", "coordinates": [ [ -68.0571, -38.8631 ], [ -68.0253, -38.863 ] ] } },
{ "type": "Feature", "properties": { "nombre": "Camino sin nombre", "longitud_km": 1.86 }, "geometry": { "type": "LineString", "coordinates": [ [ -67.5732, -39.0741 ], [ -67.5747, -39.0815 ], [ -67.5864, -39.0802 ] ] } },
{ "type": "Feature", "properties": { "nombre": "Camino sin nombre", "longitud_km": 0.39 }, "geometry": { "type": "LineString", "coordinates": [ [ -68.5182, -39.0888 ], [ -68.5226, -39.0878 ] ] } },
{ "type": "Feature", "properties": { "nombre": "Camino sin nombre", "longitud_km": 1.69 }, "geometry": { "type": "LineString", "coordinates": [ [ -67.5948, -38.9763 ], [ -67.5881, -38.9769 ], [ -67.5814, -38.9854 ] ] } },
{ "type": "Feature", "properties": { "nombre": "Camino sin nombre", "longitud_km": 0.07 }, "geometry": { "type": "LineString", "coordinates": [ [ -71.3631, -41.1585 ], [ -71.3628, -41.1579 ] ] } },
{ "type": "Feature", "properties": { "nombre": "Camino sin nombre", "longitud_km": 0.45 }, "geometry": { "type": "LineString", "coordinates": [ [ -67.54, -39.0186 ], [ -67.5357, -39.0208 ] ] } },
{ "type": "Feature", "properties": { "nombre": "Camino sin nombre", "longitud_km": 1.1 }, "geometry": { "type": "LineString", "coordinates": [ [ -67.9523, -38.9849 ], [ -67.9617, -38.9915 ] ] } },
{ "type": "Feature", "properties": { "nombre": "Camino sin nombre", "longitud_km": 2.48 }, "geometry": { "type": "LineString", "coordinates": [ [ -70.4012, -40.7401 ], [ -70.3899, -40.7468 ], [ -70.3748, -40.7473 ] ] } },
{ "type": "Feature", "properties": { "nombre": "Camino sin nombre", "longitud_km": 2.2 }, "geometry": { "type": "LineString", "coordinates": [ [ -67.5641, -38.8651 ], [ -67.5829, -38.8785 ] ] } },
{ "type": "Feature", "properties": { "nombre": "Camino sin nombre", "longitud_km": 7.92 }, "geometry": { "type": "LineString", "coordinates": [ [ -70.7232, -41.2026 ], [ -70.7309, -41.1869 ], [ -70.7209, -41.1828 ], [ -70.7017, -41.1609 ], [ -70.6806, -41.1491 ] ] } },
{ "type": "Feature", "properties": { "nombre": "Camino sin nombre", "longitud_km": 0.31 }, "geometry": { "type": "LineString", "coordinates": [ [ -67.7162, -39.0101 ], [ -67.7157, -39.0073 ] ] } },
{ "type": "Feature", "properties": { "nombre": "Camino sin nombre", "longitud_km": 6.55 }, "geometry": { "type": "LineString", "coordinates": [ [ -70.0303, -40.5195 ], [ -70.0379, -40.5491 ], [ -70.0525, -40.5757 ] ] } },
{ "type": "Feature", "properties": { "nombre": "Camino sin nombre", "longitud_km": 0.4 }, "geometry": { "type": "LineString", "coordinates": [ [ -68.008, -38.8907 ], [ -68.0079, -38.8942 ] ] } },
{ "type": "Feature", "properties": { "nombre": "Camino sin nombre", "longitud_km": 0.28 }, "geometry": { "type": "LineString", "coordinates": [ [ -67.9115, -39.0126 ], [ -67.9116, -39.0151 ] ] } },
{ "type": "Feature", "properties": { "nombre": "Camino sin nombre", "longitud_km": 0.07 }, "geometry": { "type": "LineString", "coordinates": [ [ -70.0524, -40.5763 ], [ -70.0525, -40.5757 ] ] } },
{ "type": "Feature", "properties": { "nombre": "Camino sin nombre", "longitud_km": 0.13 }, "geometry": { "type": "LineString", "coordinates": [ [ -71.152, -41.0592 ], [ -71.1509, -41.0584 ] ] } },
{ "type": "Feature", "properties": { "nombre": "Camino sin nombre", "longitud_km": 3.97 }, "geometry": { "type": "LineString", "coordinates": [ [ -68.1181, -38.7286 ], [ -68.095, -38.7413 ], [ -68.088, -38.7538 ] ] } },
{ "type": "Feature", "properties": { "nombre": "Camino sin nombre", "longitud_km": 0.4 }, "geometry": { "type": "LineString", "coordinates": [ [ -67.8591, -38.9797 ], [ -67.8545, -38.9803 ] ] } },
{ "type": "Feature", "properties": { "nombre": "Camino sin nombre", "longitud_km": 0.16 }, "geometry": { "type": "LineString", "coordinates": [ [ -67.8785, -38.9865 ], [ -67.8803, -38.9863 ] ] } },
{ "type": "Feature", "properties": { "nombre": "Camino sin nombre", "longitud_km": 0.28 }, "geometry": { "type": "LineString", "coordinates": [ [ -67.719, -39.0233 ], [ -67.7195, -39.0258 ] ] } },
{ "type": "Feature", "properties": { "nombre": "Camino sin nombre", "longitud_km": 0.4 }, "geometry": { "type": "LineString", "coordinates": [ [ -67.935, -38.9658 ], [ -67.936, -38.9693 ] ] } },
{ "type": "Feature", "properties": { "nombre": "Camino sin nombre", "longitud_km": 7.39 }, "geometry": { "type": "LineString", "coordinates": [ [ -70.5, -40.8523 ], [ -70.4844, -40.8619 ], [ -70.4729, -40.8597 ], [ -70.4589, -40.8515 ], [ -70.4492, -40.8235 ] ] } },
{ "type": "Feature", "properties": { "nombre": "Camino sin nombre", "longitud_km": 1.03 }, "geometry": { "type": "LineString", "coordinates": [ [ -67.561, -39.0738 ], [ -67.5728, -39.0724 ] ] } },
{ "type": "Feature", "properties": { "nombre": "Camino sin nombre", "longitud_km": 0.12 }, "geometry": { "type": "LineString", "coordinates": [ [ -71.4389, -41.0794 ], [ -71.4403, -41.0791 ] ] } },
{ "type": "Feature", "properties": { "nombre": "Camino sin nombre", "longitud_km": 0.73 }, "geometry": { "type": "LineString", "coordinates": [ [ -68.0902, -38.773 ], [ -68.0862, -38.7788 ] ] } },
{ "type": "Feature", "properties": { "nombre": "Camino sin nombre", "longitud_km": 1.01 }, "geometry": { "type": "LineString", "coordinates": [ [ -67.6532, -39.053 ], [ -67.655, -39.062 ] ] } },
{ "type": "Feature", "properties": { "nombre": "Camino sin nombre", "longitud_km": 0.12 }, "geometry": { "type": "LineString", "coordinates": [ [ -67.821, -38.9781 ], [ -67.8197, -38.9783 ] ] } },
{ "type": "Feature", "properties": { "nombre": "Camino sin nombre", "longitud_km": 0.07 }, "geometry": { "type": "LineString", "coordinates": [ [ -67.9979, -39.0211 ], [ -67.9972, -39.0208 ] ] } },
{ "type": "Feature", "properties": { "nombre": "Camino sin nombre", "longitud_km": 0.04 }, "geometry": { "type": "LineString", "coordinates": [ [ -67.8068, -38.9811 ], [ -67.8069, -38.9815 ] ] } },
{ "type": "Feature", "properties": { "nombre": "Camino sin nombre", "longitud_km": 0.45 }, "geometry": { "type": "LineString", "coordinates": [ [ -70.7099, -40.7517 ], [ -70.7051, -40.7499 ] ] } },
{ "type": "Feature", "properties": { "nombre": "Camino sin nombre", "longitud_km": 1.62 }, "geometry": { "type": "LineString", "coordinates": [ [ -67.9243, -38.0 ], [ -67.9137, -38.0119 ] ] } },
{ "type": "Feature", "properties": { "nombre": "Camino sin nombre", "longitud_km": 14.57 }, "geometry": { "type": "LineString", "coordinates": [ [ -67.9197, -38.3333 ], [ -67.973, -38.209 ] ] } },
{ "type": "Feature", "properties": { "nombre": "Camino sin nombre", "longitud_km": 0.08 }, "geometry": { "type": "LineString", "coordinates": [ [ -67.9631, -38.9262 ], [ -67.9623, -38.9262 ] ] } },
{ "type": "Feature", "properties": { "nombre": "Camino sin nombre", "longitud_km": 0.58 }, "geometry": { "type": "LineString", "coordinates": [ [ -67.7941, -39.0254 ], [ -67.8007, -39.0246 ] ] } },
{ "type": "Feature", "properties": { "nombre": "Camino sin nombre", "longitud_km": 1.94 }, "geometry": { "type": "LineString", "coordinates": [ [ -70.6002, -40.8277 ], [ -70.6011, -40.8383 ], [ -70.6075, -40.8431 ] ] } },
{ "type": "Feature", "properties": { "nombre": "Camino sin nombre", "longitud_km": 0.32 }, "geometry": { "type": "LineString", "coordinates": [ [ -67.5318, -39.0194 ], [ -67.5355, -39.019 ] ] } },
{ "type": "Feature", "properties": { "nombre": "Camino sin nombre", "longitud_km": 0.12 }, "geometry": { "type": "LineString", "coordinates": [ [ -67.8915, -38.9755 ], [ -67.8902, -38.9757 ] ] } },
{ "type": "Feature", "properties": { "nombre": "Camino sin nombre", "longitud_km": 0.05 }, "geometry": { "type": "LineString", "coordinates": [ [ -68.0085, -38.9532 ], [ -68.0085, -38.9527 ] ] } },
{ "type": "Feature", "properties": { "nombre": "Camino sin nombre", "longitud_km": 0.13 }, "geometry": { "type": "LineString", "coordinates": [ [ -67.5687, -38.9956 ], [ -67.5677, -38.9947 ] ] } },
{ "type": "Feature", "properties": { "nombre": "Camino sin nombre", "longitud_km": 1.04 }, "geometry": { "type": "LineString", "coordinates": [ [ -67.5847, -39.0709 ], [ -67.5864, -39.0802 ] ] } },
{ "type": "Feature", "properties": { "nombre": "Camino sin nombre", "longitud_km": 1.01 }, "geometry": { "type": "LineString", "coordinates": [ [ -67.6238, -39.0849 ], [ -67.6354, -39.0833 ] ] } },
{ "type": "Feature", "properties": { "nombre": "Camino sin nombre", "longitud_km": 0.1 }, "geometry": { "type": "LineString", "coordinates": [ [ -67.9745, -38.9901 ], [ -67.9753, -38.9895 ] ] } },
{ "type": "Feature", "properties": { "nombre": "Camino sin nombre", "longitud_km": 0.17 }, "geometry": { "type": "LineString", "coordinates": [ [ -71.1498, -41.0659 ], [ -71.1501, -41.0644 ] ] } },
{ "type": "Feature", "properties": { "nombre": "Camino sin nombre", "longitud_km": 1.91 }, "geometry": { "type": "LineString", "coordinates": [ [ -68.0496, -38.8475 ], [ -68.0696, -38.8402 ] ] } },
{ "type": "Feature", "properties": { "nombre": "Camino sin nombre", "longitud_km": 1.11 }, "geometry": { "type": "LineString", "coordinates": [ [ -70.5874, -40.8255 ], [ -70.6002, -40.8277 ] ] } },
{ "type": "Feature", "properties": { "nombre": "Camino sin nombre", "longitud_km": 3.06 }, "geometry": { "type": "LineString", "coordinates": [ [ -70.7557, -40.755 ], [ -70.7587, -40.7541 ], [ -70.7537, -40.7457 ], [ -70.7698, -40.7356 ] ] } },
{ "type": "Feature", "properties": { "nombre": "Camino sin nombre", "longitud_km": 0.52 }, "geometry": { "type": "LineString", "coordinates": [ [ -67.9972, -39.0208 ], [ -67.9935, -39.0171 ] ] } },
{ "type": "Feature", "properties": { "nombre": "Camino sin nombre", "longitud_km": 1.02 }, "geometry": { "type": "LineString", "coordinates": [ [ -67.5592, -39.0646 ], [ -67.5709, -39.0632 ] ] } },
{ "type": "Feature", "properties": { "nombre": "Camino sin nombre", "longitud_km": 5.54 }, "geometry": { "type": "LineString", "coordinates": [ [ -67.8944, -38.7103 ], [ -67.8738, -38.674 ], [ -67.8648, -38.6667 ] ] } },
{ "type": "Feature", "properties": { "nombre": "Camino sin nombre", "longitud_km": 0.5 }, "geometry": { "type": "LineString", "coordinates": [ [ -67.9837, -38.9034 ], [ -67.9838, -38.8989 ] ] } },
{ "type": "Feature", "properties": { "nombre": "Camino sin nombre", "longitud_km": 1.8 }, "geometry": { "type": "LineString", "coordinates": [ [ -70.8438, -41.0126 ], [ -70.8407, -41.0145 ], [ -70.8495, -41.0259 ] ] } },
{ "type": "Feature", "properties": { "nombre": "Camino sin nombre", "longitud_km": 1.49 }, "geometry": { "type": "LineString", "coordinates": [ [ -68.12, -38.6827 ], [ -68.1151, -38.6956 ] ] } },
{ "type": "Feature", "properties": { "nombre": "Camino sin nombre", "longitud_km": 1.04 }, "geometry": { "type": "LineString", "coordinates": [ [ -67.6708, -39.0225 ], [ -67.6728, -39.0317 ] ] } },
{ "type": "Feature", "properties": { "nombre": "Camino sin nombre", "longitud_km": 4.51 }, "geometry": { "type": "LineString", "coordinates": [ [ -70.5014, -40.8037 ], [ -70.5208, -40.7989 ], [ -70.5403, -40.7786 ] ] } },
{ "type": "Feature", "properties": { "nombre": "Camino sin nombre", "longitud_km": 0.11 }, "geometry": { "type": "LineString", "coordinates": [ [ -71.3498, -41.146 ], [ -71.3511, -41.1461 ] ] } },
{ "type": "Feature", "properties": { "nombre": "Camino sin nombre", "longitud_km": 0.31 }, "geometry": { "type": "LineString", "coordinates": [ [ -71.1355, -41.0712 ], [ -71.1376, -41.0734 ] ] } },
{ "type": "Feature", "properties": { "nombre": "Camino sin nombre", "longitud_km": 1.31 }, "geometry": { "type": "LineString", "coordinates": [ [ -67.6688, -38.9363 ], [ -67.6693, -38.9313 ], [ -67.6774, -38.9289 ] ] } },
{ "type": "Feature", "properties": { "nombre": "Camino sin nombre", "longitud_km": 0.32 }, "geometry": { "type": "LineString", "coordinates": [ [ -67.9668, -38.9282 ], [ -67.9631, -38.9282 ] ] } },
{ "type": "Feature", "properties": { "nombre": "Camino sin nombre", "longitud_km": 1.03 }, "geometry": { "type": "LineString", "coordinates": [ [ -67.7981, -38.9968 ], [ -67.7962, -38.9877 ] ] } },
{ "type": "Feature", "properties": { "nombre": "Camino sin nombre", "longitud_km": 2.86 }, "geometry": { "type": "LineString", "coordinates": [ [ -67.7622, -38.9229 ], [ -67.7817, -38.9436 ] ] } },
{ "type": "Feature", "properties": { "nombre": "Camino sin nombre", "longitud_km": 0.87 }, "geometry": { "type": "LineString", "coordinates": [ [ -68.1358, -38.9828 ], [ -68.142, -38.9766 ] ] } },
{ "type": "Feature", "properties": { "nombre": "Camino sin nombre", "longitud_km": 1.31 }, "geometry": { "type": "LineString", "coordinates": [ [ -68.157, -38.6878 ], [ -68.1419, -38.6878 ] ] } },
{ "type": "Feature", "properties": { "nombre": "Camino sin nombre", "longitud_km": 1.03 }, "geometry": { "type": "LineString", "coordinates": [ [ -67.5644, -38.9933 ], [ -67.564, -38.984 ] ] } },
{ "type": "Feature", "properties": { "nombre": "Camino sin nombre", "longitud_km": 0.46 }, "geometry": { "type": "LineString", "coordinates": [ [ -70.8963, -40.9297 ], [ -70.892, -40.9322 ] ] } },
{ "type": "Feature", "properties": { "nombre": "Camino sin nombre", "longitud_km": 0.86 }, "geometry": { "type": "LineString", "coordinates": [ [ -68.5092, -39.092 ], [ -68.5182, -39.0888 ] ] } },
{ "type": "Feature", "properties": { "nombre": "Camino sin nombre", "longitud_km": 0.04 }, "geometry": { "type": "LineString", "coordinates": [ [ -68.0746, -38.8314 ], [ -68.0741, -38.8313 ] ] } },
{ "type": "Feature", "properties": { "nombre": "Camino sin nombre", "longitud_km": 0.83 }, "geometry": { "type": "LineString", "coordinates": [ [ -67.7867, -39.0 ], [ -67.7882, -39.0074 ] ] } },
{ "type": "Feature", "properties": { "nombre": "Camino sin nombre", "longitud_km": 0.03 }, "geometry": { "type": "LineString", "coordinates": [ [ -67.8605, -39.0075 ], [ -67.8606, -39.0078 ] ] } },
{ "type": "Feature", "properties": { "nombre": "Camino sin nombre", "longitud_km": 2.34 }, "geometry": { "type": "LineString", "coordinates": [ [ -70.8812, -40.7401 ], [ -70.8535, -40.7394 ] ] } },
{ "type": "Feature", "properties": { "nombre": "Camino sin nombre", "longitud_km": 0.45 }, "geometry": { "type": "LineString", "coordinates": [ [ -70.6709, -40.8071 ], [ -70.6731, -40.8034 ] ] } },
{ "type": "Feature", "properties": { "nombre": "Camino sin nombre", "longitud_km": 0.38 }, "geometry": { "type": "LineString", "coordinates": [ [ -67.5397, -39.0169 ], [ -67.5353, -39.0174 ] ] } },
{ "type": "Feature", "properties": { "nombre": "Camino sin nombre", "longitud_km": 0.12 }, "geometry": { "type": "LineString", "coordinates": [ [ -67.9631, -38.9282 ], [ -67.9631, -38.9271 ] ] } },
{ "type": "Feature", "properties": { "nombre": "Camino sin nombre", "longitud_km": 0.88 }, "geometry": { "type": "LineString", "coordinates": [ [ -67.782, -39.0272 ], [ -67.7921, -39.0259 ] ] } },
{ "type": "Feature", "properties": { "nombre": "Camino sin nombre", "longitud_km": 0.7 }, "geometry": { "type": "LineString", "coordinates": [ [ -69.9629, -40.6159 ], [ -69.9687, -40.6205 ] ] } },
{ "type": "Feature", "properties": { "nombre": "Camino sin nombre", "longitud_km": 5.78 }, "geometry": { "type": "LineString", "coordinates": [ [ -67.691, -38.8363 ], [ -67.722, -38.7902 ] ] } },
{ "type": "Feature", "properties": { "nombre": "Camino sin nombre", "longitud_km": 1.01 }, "geometry": { "type": "LineString", "coordinates": [ [ -67.6843, -39.0864 ], [ -67.6727, -39.0878 ] ] } },
{ "type": "Feature", "properties": { "nombre": "Camino sin nombre", "longitud_km": 0.52 }, "geometry": { "type": "LineString", "coordinates": [ [ -67.9046, -38.9878 ], [ -67.9037, -38.9832 ] ] } },
{ "type": "Feature", "properties": { "nombre": "Camino sin nombre", "longitud_km": 0.14 }, "geometry": { "type": "LineString", "coordinates": [ [ -70.5236, -41.0067 ], [ -70.5229, -41.0078 ] ] } },
{ "type": "Feature", "properties": { "nombre": "Camino sin nombre", "longitud_km": 0.14 }, "geometry": { "type": "LineString", "coordinates": [ [ -70.4986, -40.7268 ], [ -70.5, -40.7261 ] ] } },
{ "type": "Feature", "properties": { "nombre": "Camino sin nombre", "longitud_km": 0.24 }, "geometry": { "type": "LineString", "coordinates": [ [ -68.5713, -39.1275 ], [ -68.5689, -39.1265 ] ] } },
{ "type": "Feature", "properties": { "nombre": "Camino sin nombre", "longitud_km": 0.23 }, "geometry": { "type": "LineString", "coordinates": [ [ -67.8725, -38.9322 ], [ -67.8751, -38.9318 ] ] } },
{ "type": "Feature", "properties": { "nombre": "Camino sin nombre", "longitud_km": 1.93 }, "geometry": { "type": "LineString", "coordinates": [ [ -70.8182, -40.9664 ], [ -70.8406, -40.9625 ] ] } },
{ "type": "Feature", "properties": { "nombre": "Camino sin nombre", "longitud_km": 1.55 }, "geometry": { "type": "LineString", "coordinates": [ [ -70.7038, -40.7638 ], [ -70.7051, -40.7499 ] ] } },
{ "type": "Feature", "properties": { "nombre": "Camino sin nombre", "longitud_km": 0.17 }, "geometry": { "type": "LineString", "coordinates": [ [ -67.547, -39.0194 ], [ -67.5467, -39.0179 ] ] } },
{ "type": "Feature", "properties": { "nombre": "Camino sin nombre", "longitud_km": 1.02 }, "geometry": { "type": "LineString", "coordinates": [ [ -67.8803, -38.9863 ], [ -67.8919, -38.9848 ] ] } },
{ "type": "Feature", "properties": { "nombre": "Camino sin nombre", "longitud_km": 2.92 }, "geometry": { "type": "LineString", "coordinates": [ [ -67.9411, -38.766 ], [ -67.9225, -38.7441 ] ] } },
{ "type": "Feature", "properties": { "nombre": "Camino sin nombre", "longitud_km": 0.2 }, "geometry": { "type": "LineString", "coordinates": [ [ -67.9162, -38.9957 ], [ -67.9139, -38.9953 ] ] } },
{ "type": "Feature", "properties": { "nombre": "Camino sin nombre", "longitud_km": 2.14 }, "geometry": { "type": "LineString", "coordinates": [ [ -70.6995, -40.8513 ], [ -70.7081, -40.856 ], [ -70.7215, -40.8512 ] ] } },
{ "type": "Feature", "properties": { "nombre": "Camino sin nombre", "longitud_km": 0.52 }, "geometry": { "type": "LineString", "coordinates": [ [ -67.9355, -38.9397 ], [ -67.9352, -38.935 ] ] } },
{ "type": "Feature", "properties": { "nombre": "Camino sin nombre", "longitud_km": 0.47 }, "geometry": { "type": "LineString", "coordinates": [ [ -67.7274, -38.8597 ], [ -67.7297, -38.8636 ] ] } },
{ "type": "Feature", "properties": { "nombre": "Camino sin nombre", "longitud_km": 1.53 }, "geometry": { "type": "LineString", "coordinates": [ [ -71.4263, -41.0894 ], [ -71.4389, -41.0794 ] ] } },
{ "type": "Feature", "properties": { "nombre": "Camino sin nombre", "longitud_km": 8.8 }, "geometry": { "type": "LineString", "coordinates": [ [ -70.959, -40.6719 ], [ -70.951, -40.6793 ], [ -70.9556, -40.6894 ], [ -70.948, -40.7005 ], [ -70.9333, -40.7071 ], [ -70.9148, -40.7063 ], [ -70.8938, -40.7171 ] ] } },
{ "type": "Feature", "properties": { "nombre": "Camino sin nombre", "longitud_km": 0.37 }, "geometry": { "type": "LineString", "coordinates": [ [ -67.7778, -39.0149 ], [ -67.7785, -39.0182 ] ] } },
{ "type": "Feature", "properties": { "nombre": "Camino sin nombre", "longitud_km": 0.39 }, "geometry": { "type": "LineString", "coordinates": [ [ -67.6301, -39.0225 ], [ -67.6257, -39.0231 ] ] } },
{ "type": "Feature", "properties": { "nombre": "Camino sin nombre", "longitud_km": 0.98 }, "geometry": { "type": "LineString", "coordinates": [ [ -68.0159, -38.9451 ], [ -68.0272, -38.9444 ] ] } },
{ "type": "Feature", "properties": { "nombre": "Camino sin nombre", "longitud_km": 0.73 }, "geometry": { "type": "LineString", "coordinates": [ [ -67.8449, -38.9909 ], [ -67.8462, -38.9974 ] ] } },
{ "type": "Feature", "properties": { "nombre": "Camino sin nombre", "longitud_km": 0.13 }, "geometry": { "type": "LineString", "coordinates": [ [ -68.0108, -38.9518 ], [ -68.0094, -38.9523 ] ] } },
{ "type": "Feature", "properties": { "nombre": "Camino sin nombre", "longitud_km": 0.38 }, "geometry": { "type": "LineString", "coordinates": [ [ -70.6345, -40.6667 ], [ -70.6327, -40.6698 ] ] } },
{ "type": "Feature", "properties": { "nombre": "Camino sin nombre", "longitud_km": 0.94 }, "geometry": { "type": "LineString", "coordinates": [ [ -67.9574, -39.0069 ], [ -67.9482, -39.0114 ] ] } },
{ "type": "Feature", "properties": { "nombre": "Camino sin nombre", "longitud_km": 0.25 }, "geometry": { "type": "LineString", "coordinates": [ [ -70.6878, -40.8201 ], [ -70.6849, -40.8206 ] ] } },
{ "type": "Feature", "properties": { "nombre": "Camino sin nombre", "longitud_km": 0.24 }, "geometry": { "type": "LineString", "coordinates": [ [ -67.8056, -39.0332 ], [ -67.8051, -39.0311 ] ] } },
{ "type": "Feature", "properties": { "nombre": "Camino sin nombre", "longitud_km": 1.01 }, "geometry": { "type": "LineString", "coordinates": [ [ -67.9488, -38.9397 ], [ -67.9488, -38.9488 ] ] } },
{ "type": "Feature", "properties": { "nombre": "Camino sin nombre", "longitud_km": 0.71 }, "geometry": { "type": "LineString", "coordinates": [ [ -67.9489, -38.9737 ], [ -67.9476, -38.9674 ] ] } },
{ "type": "Feature", "properties": { "nombre": "Camino sin nombre", "longitud_km": 0.77 }, "geometry": { "type": "LineString", "coordinates": [ [ -67.7989, -38.9523 ], [ -67.8073, -38.9547 ] ] } },
{ "type": "Feature", "properties": { "nombre": "Camino sin nombre", "longitud_km": 0.78 }, "geometry": { "type": "LineString", "coordinates": [ [ -70.5784, -40.7336 ], [ -70.5832, -40.7396 ] ] } },
{ "type": "Feature", "properties": { "nombre": "Camino sin nombre", "longitud_km": 0.05 }, "geometry": { "type": "LineString", "coordinates": [ [ -68.0094, -38.9523 ], [ -68.0094, -38.9528 ] ] } },
{ "type": "Feature", "properties": { "nombre": "Camino sin nombre", "longitud_km": 0.26 }, "geometry": { "type": "LineString", "coordinates": [ [ -70.9986, -41.0577 ], [ -70.9956, -41.0577 ] ] } },
{ "type": "Feature", "properties": { "nombre": "Camino sin nombre", "longitud_km": 0.19 }, "geometry": { "type": "LineString", "coordinates": [ [ -67.9566, -38.9551 ], [ -67.9587, -38.9546 ] ] } },
{ "type": "Feature", "properties": { "nombre": "Camino sin nombre", "longitud_km": 0.89 }, "geometry": { "type": "LineString", "coordinates": [ [ -67.6509, -39.0998 ], [ -67.6526, -39.1077 ] ] } },
{ "type": "Feature", "properties": { "nombre": "Camino sin nombre", "longitud_km": 1.75 }, "geometry": { "type": "LineString", "coordinates": [ [ -67.7327, -38.8664 ], [ -67.7391, -38.8814 ] ] } },
{ "type": "Feature", "properties": { "nombre": "Camino sin nombre", "longitud_km": 0.04 }, "geometry": { "type": "LineString", "coordinates": [ [ -68.0084, -38.9526 ], [ -68.0082, -38.9523 ] ] } },
{ "type": "Feature", "properties": { "nombre": "Camino sin nombre", "longitud_km": 2.14 }, "geometry": { "type": "LineString", "coordinates": [ [ -70.6114, -40.8111 ], [ -70.6126, -40.8018 ], [ -70.6237, -40.7966 ] ] } },
{ "type": "Feature", "properties": { "nombre": "Camino sin nombre", "longitud_km": 0.49 }, "geometry": { "type": "LineString", "coordinates": [ [ -67.7648, -39.0105 ], [ -67.7704, -39.0098 ] ] } },
{ "type": "Feature", "properties": { "nombre": "Camino sin nombre", "longitud_km": 0.54 }, "geometry": { "type": "LineString", "coordinates": [ [ -67.7704, -39.0098 ], [ -67.7766, -39.0089 ] ] } },
{ "type": "Feature", "properties": { "nombre": "Camino sin nombre", "longitud_km": 3.13 }, "geometry": { "type": "LineString", "coordinates": [ [ -70.5356, -40.8503 ], [ -70.525, -40.8444 ], [ -70.5163, -40.8275 ] ] } },
{ "type": "Feature", "properties": { "nombre": "Camino sin nombre", "longitud_km": 0.07 }, "geometry": { "type": "LineString", "coordinates": [ [ -70.5687, -40.7538 ], [ -70.5694, -40.754 ] ] } },
{ "type": "Feature", "properties": { "nombre": "Camino sin nombre", "longitud_km": 2.52 }, "geometry": { "type": "LineString", "coordinates": [ [ -70.8728, -40.7567 ], [ -70.8535, -40.7394 ] ] } },
{ "type": "Feature", "properties": { "nombre": "Camino sin nombre", "longitud_km": 1.51 }, "geometry": { "type": "LineString", "coordinates": [ [ -67.9446, -38.9261 ], [ -67.9445, -38.9397 ] ] } },
{ "type": "Feature", "properties": { "nombre": "Camino sin nombre", "longitud_km": 1.03 }, "geometry": { "type": "LineString", "coordinates": [ [ -67.5205, -39.0619 ], [ -67.5322, -39.0606 ] ] } },
{ "type": "Feature", "properties": { "nombre": "Camino sin nombre", "longitud_km": 2.41 }, "geometry": { "type": "LineString", "coordinates": [ [ -67.6275, -38.9432 ], [ -67.6004, -38.9484 ] ] } },
{ "type": "Feature", "properties": { "nombre": "Camino sin nombre", "longitud_km": 0.1 }, "geometry": { "type": "LineString", "coordinates": [ [ -71.152, -41.0592 ], [ -71.1529, -41.0586 ] ] } },
{ "type": "Feature", "properties": { "nombre": "Camino sin nombre", "longitud_km": 0.22 }, "geometry": { "type": "LineString", "coordinates": [ [ -67.5128, -39.0255 ], [ -67.5104, -39.0259 ] ] } },
{ "type": "Feature", "properties": { "nombre": "Camino sin nombre", "longitud_km": 0.06 }, "geometry": { "type": "LineString", "coordinates": [ [ -71.4838, -41.056 ], [ -71.4844, -41.0563 ] ] } },
{ "type": "Feature", "properties": { "nombre": "Camino sin nombre", "longitud_km": 0.14 }, "geometry": { "type": "LineString", "coordinates": [ [ -67.8221, -38.9628 ], [ -67.8233, -38.9621 ] ] } },
{ "type": "Feature", "properties": { "nombre": "Camino sin nombre", "longitud_km": 0.78 }, "geometry": { "type": "LineString", "coordinates": [ [ -68.0525, -38.8702 ], [ -68.0474, -38.8761 ] ] } },
{ "type": "Feature", "properties": { "nombre": "Camino sin nombre", "longitud_km": 0.07 }, "geometry": { "type": "LineString", "coordinates": [ [ -67.9143, -38.9638 ], [ -67.9136, -38.964 ] ] } },
{ "type": "Feature", "properties": { "nombre": "Camino sin nombre", "longitud_km": 0.64 }, "geometry": { "type": "LineString", "coordinates": [ [ -67.9618, -38.9783 ], [ -67.9689, -38.9767 ] ] } },
{ "type": "Feature", "properties": { "nombre": "Camino sin nombre", "longitud_km": 2.97 }, "geometry": { "type": "LineString", "coordinates": [ [ -67.9694, -38.7811 ], [ -67.9411, -38.766 ] ] } },
{ "type": "Feature", "properties": { "nombre": "Camino sin nombre", "longitud_km": 1.34 }, "geometry": { "type": "LineString", "coordinates": [ [ -70.7143, -40.8997 ], [ -70.7029, -40.8912 ] ] } },
{ "type": "Feature", "properties": { "nombre": "Camino sin nombre", "longitud_km": 1.04 }, "geometry": { "type": "LineString", "coordinates": [ [ -67.7547, -39.0212 ], [ -67.7566, -39.0305 ] ] } },
{ "type": "Feature", "properties": { "nombre": "Camino sin nombre", "longitud_km": 2.79 }, "geometry": { "type": "LineString", "coordinates": [ [ -68.5426, -39.2132 ], [ -68.5261, -39.2348 ] ] } },
{ "type": "Feature", "properties": { "nombre": "Camino sin nombre", "longitud_km": 0.49 }, "geometry": { "type": "LineString", "coordinates": [ [ -67.9382, -38.935 ], [ -67.9379, -38.9305 ] ] } },
{ "type": "Feature", "properties": { "nombre": "Camino sin nombre", "longitud_km": 0.44 }, "geometry": { "type": "LineString", "coordinates": [ [ -68.0571, -38.8631 ], [ -68.0555, -38.8668 ] ] } },
{ "type": "Feature", "properties": { "nombre": "Camino sin nombre", "longitud_km": 0.46 }, "geometry": { "type": "LineString", "coordinates": [ [ -67.9666, -38.9601 ], [ -67.9716, -38.9589 ] ] } },
{ "type": "Feature", "properties": { "nombre": "Camino sin nombre", "longitud_km": 1.13 }, "geometry": { "type": "LineString", "coordinates": [ [ -67.9268, -39.0242 ], [ -67.9264, -39.014 ] ] } },
{ "type": "Feature", "properties": { "nombre": "Camino sin nombre", "longitud_km": 0.35 }, "geometry": { "type": "LineString", "coordinates": [ [ -70.7328, -41.1251 ], [ -70.7287, -41.1249 ] ] } },
{ "type": "Feature", "properties": { "nombre": "Camino sin nombre", "longitud_km": 0.59 }, "geometry": { "type": "LineString", "coordinates": [ [ -67.9863, -39.0167 ], [ -67.9874, -39.0219 ] ] } },
{ "type": "Feature", "properties": { "nombre": "Camino sin nombre", "longitud_km": 0.04 }, "geometry": { "type": "LineString", "coordinates": [ [ -67.8593, -38.98 ], [ -67.8591, -38.9797 ] ] } },
{ "type": "Feature", "properties": { "nombre": "Camino sin nombre", "longitud_km": 0.57 }, "geometry": { "type": "LineString", "coordinates": [ [ -68.1705, -38.7253 ], [ -68.1649, -38.7281 ] ] } },
{ "type": "Feature", "properties": { "nombre": "Camino sin nombre", "longitud_km": 0.44 }, "geometry": { "type": "LineString", "coordinates": [ [ -67.9385, -38.9397 ], [ -67.9435, -38.9397 ] ] } },
{ "type": "Feature", "properties": { "nombre": "Camino sin nombre", "longitud_km": 0.67 }, "geometry": { "type": "LineString", "coordinates": [ [ -68.115, -38.723 ], [ -68.1181, -38.7286 ] ] } },
{ "type": "Feature", "properties": { "nombre": "Camino sin nombre", "longitud_km": 0.54 }, "geometry": { "type": "LineString", "coordinates": [ [ -67.8047, -39.029 ], [ -67.8037, -39.0242 ] ] } },
{ "type": "Feature", "properties": { "nombre": "Camino sin nombre", "longitud_km": 0.36 }, "geometry": { "type": "LineString", "coordinates": [ [ -68.1649, -38.7281 ], [ -68.1607, -38.728 ] ] } },
{ "type": "Feature", "properties": { "nombre": "Camino sin nombre", "longitud_km": 2.55 }, "geometry": { "type": "LineString", "coordinates": [ [ -67.8316, -38.9143 ], [ -67.8025, -38.9178 ] ] } },
{ "type": "Feature", "properties": { "nombre": "Camino sin nombre", "longitud_km": 1.03 }, "geometry": { "type": "LineString", "coordinates": [ [ -67.5964, -39.0695 ], [ -67.6082, -39.0682 ] ] } },
{ "type": "Feature", "properties": { "nombre": "Camino sin nombre", "longitud_km": 0.45 }, "geometry": { "type": "LineString", "coordinates": [ [ -67.9273, -38.9396 ], [ -67.9325, -38.9396 ] ] } },
{ "type": "Feature", "properties": { "nombre": "Camino sin nombre", "longitud_km": 0.04 }, "geometry": { "type": "LineString", "coordinates": [ [ -68.1583, -38.728 ], [ -68.1583, -38.7276 ] ] } },
{ "type": "Feature", "properties": { "nombre": "Camino sin nombre", "longitud_km": 1.43 }, "geometry": { "type": "LineString", "coordinates": [ [ -67.9445, -38.9397 ], [ -67.9459, -38.9525 ] ] } },
{ "type": "Feature", "properties": { "nombre": "Camino sin nombre", "longitud_km": 1.01 }, "geometry": { "type": "LineString", "coordinates": [ [ -67.6843, -39.0864 ], [ -67.6958, -39.0849 ] ] } },
{ "type": "Feature", "properties": { "nombre": "Camino sin nombre", "longitud_km": 0.54 }, "geometry": { "type": "LineString", "coordinates": [ [ -67.8099, -39.0298 ], [ -67.8056, -39.0332 ] ] } },
{ "type": "Feature", "properties": { "nombre": "Camino sin nombre", "longitud_km": 0.19 }, "geometry": { "type": "LineString", "coordinates": [ [ -67.5491, -39.0715 ], [ -67.5488, -39.0699 ] ] } },
{ "type": "Feature", "properties": { "nombre": "Camino sin nombre", "longitud_km": 0.26 }, "geometry": { "type": "LineString", "coordinates": [ [ -67.9154, -38.9818 ], [ -67.9124, -38.9822 ] ] } },
{ "type": "Feature", "properties": { "nombre": "Camino sin nombre", "longitud_km": 0.2 }, "geometry": { "type": "LineString", "coordinates": [ [ -67.6847, -38.9335 ], [ -67.6824, -38.9334 ] ] } },
{ "type": "Feature", "properties": { "nombre": "Camino sin nombre", "longitud_km": 0.24 }, "geometry": { "type": "LineString", "coordinates": [ [ -67.8842, -39.0045 ], [ -67.8869, -39.0042 ] ] } },
{ "type": "Feature", "properties": { "nombre": "Camino sin nombre", "longitud_km": 1.22 }, "geometry": { "type": "LineString", "coordinates": [ [ -68.1627, -38.721 ], [ -68.1494, -38.7175 ] ] } },
{ "type": "Feature", "properties": { "nombre": "Camino sin nombre", "longitud_km": 1.94 }, "geometry": { "type": "LineString", "coordinates": [ [ -68.2074, -38.6877 ], [ -68.2046, -38.705 ] ] } },
{ "type": "Feature", "properties": { "nombre": "Camino sin nombre", "longitud_km": 0.31 }, "geometry": { "type": "LineString", "coordinates": [ [ -68.1557, -38.7226 ], [ -68.1522, -38.7226 ] ] } },
{ "type": "Feature", "properties": { "nombre": "Camino sin nombre", "longitud_km": 0.62 }, "geometry": { "type": "LineString", "coordinates": [ [ -67.5466, -38.9593 ], [ -67.5535, -38.9579 ] ] } },
{ "type": "Feature", "properties": { "nombre": "Camino sin nombre", "longitud_km": 1.82 }, "geometry": { "type": "LineString", "coordinates": [ [ -70.7845, -40.7467 ], [ -70.7795, -40.7452 ], [ -70.7748, -40.7334 ] ] } },
{ "type": "Feature", "properties": { "nombre": "Camino sin nombre", "longitud_km": 0.67 }, "geometry": { "type": "LineString", "coordinates": [ [ -70.8484, -41.0423 ], [ -70.8455, -41.0479 ] ] } },
{ "type": "Feature", "properties": { "nombre": "Camino sin nombre", "longitud_km": 0.11 }, "geometry": { "type": "LineString", "coordinates": [ [ -70.5809, -40.8214 ], [ -70.5818, -40.8221 ] ] } },
{ "type": "Feature", "properties": { "nombre": "Camino sin nombre", "longitud_km": 0.09 }, "geometry": { "type": "LineString", "coordinates": [ [ -70.8658, -41.1914 ], [ -70.8653, -41.1921 ] ] } },
{ "type": "Feature", "properties": { "nombre": "Camino sin nombre", "longitud_km": 0.11 }, "geometry": { "type": "LineString", "coordinates": [ [ -67.8716, -38.9874 ], [ -67.8728, -38.9872 ] ] } },
{ "type": "Feature", "properties": { "nombre": "Camino sin nombre", "longitud_km": 0.25 }, "geometry": { "type": "LineString", "coordinates": [ [ -67.959, -38.9788 ], [ -67.9618, -38.9783 ] ] } },
{ "type": "Feature", "properties": { "nombre": "Camino sin nombre", "longitud_km": 1.36 }, "geometry": { "type": "LineString", "coordinates": [ [ -68.5785, -39.1166 ], [ -68.5713, -39.1275 ] ] } },
{ "type": "Feature", "properties": { "nombre": "Camino sin nombre", "longitud_km": 0.01 }, "geometry": { "type": "LineString", "coordinates": [ [ -68.0085, -38.9527 ], [ -68.0084, -38.9526 ] ] } },
{ "type": "Feature", "properties": { "nombre": "Camino sin nombre", "longitud_km": 1.03 }, "geometry": { "type": "LineString", "coordinates": [ [ -67.692, -39.0667 ], [ -67.6937, -39.0759 ] ] } },
{ "type": "Feature", "properties": { "nombre": "Camino sin nombre", "longitud_km": 0.18 }, "geometry": { "type": "LineString", "coordinates": [ [ -67.5355, -39.019 ], [ -67.5353, -39.0174 ] ] } },
{ "type": "Feature", "properties": { "nombre": "Camino sin nombre", "longitud_km": 0.23 }, "geometry": { "type": "LineString", "coordinates": [ [ -70.7913, -41.1409 ], [ -70.7899, -41.1391 ] ] } },
{ "type": "Feature", "properties": { "nombre": "Camino sin nombre", "longitud_km": 1.0 }, "geometry": { "type": "LineString", "coordinates": [ [ -67.5864, -39.0802 ], [ -67.5979, -39.0789 ] ] } },
{ "type": "Feature", "properties": { "nombre": "Camino sin nombre", "longitud_km": 0.29 }, "geometry": { "type": "LineString", "coordinates": [ [ -70.5785, -40.7419 ], [ -70.5761, -40.74 ] ] } },
{ "type": "Feature", "properties": { "nombre": "Camino sin nombre", "longitud_km": 0.67 }, "geometry": { "type": "LineString", "coordinates": [ [ -67.9471, -38.9644 ], [ -67.9546, -38.9629 ] ] } },
{ "type": "Feature", "properties": { "nombre": "Camino sin nombre", "longitud_km": 3.93 }, "geometry": { "type": "LineString", "coordinates": [ [ -70.635, -40.675 ], [ -70.6535, -40.6962 ], [ -70.6533, -40.7061 ] ] } },
{ "type": "Feature", "properties": { "nombre": "Camino sin nombre", "longitud_km": 0.17 }, "geometry": { "type": "LineString", "coordinates": [ [ -70.6297, -40.6791 ], [ -70.6277, -40.6792 ] ] } },
{ "type": "Feature", "properties": { "nombre": "Camino sin nombre", "longitud_km": 0.03 }, "geometry": { "type": "LineString", "coordinates": [ [ -67.8464, -39.0 ], [ -67.8467, -39.0 ] ] } },
{ "type": "Feature", "properties": { "nombre": "Camino sin nombre", "longitud_km": 1.03 }, "geometry": { "type": "LineString", "coordinates": [ [ -67.8232, -39.0031 ], [ -67.8252, -39.0122 ] ] } },
{ "type": "Feature", "properties": { "nombre": "Camino sin nombre", "longitud_km": 1.87 }, "geometry": { "type": "LineString", "coordinates": [ [ -70.398, -40.7247 ], [ -70.395, -40.7297 ], [ -70.4012, -40.7401 ] ] } },
{ "type": "Feature", "properties": { "nombre": "Camino sin nombre", "longitud_km": 0.25 }, "geometry": { "type": "LineString", "coordinates": [ [ -67.9273, -38.9446 ], [ -67.9273, -38.9424 ] ] } },
{ "type": "Feature", "properties": { "nombre": "Camino sin nombre", "longitud_km": 0.08 }, "geometry": { "type": "LineString", "coordinates": [ [ -67.9143, -38.9943 ], [ -67.9134, -38.9941 ] ] } },
{ "type": "Feature", "properties": { "nombre": "Camino sin nombre", "longitud_km": 0.13 }, "geometry": { "type": "LineString", "coordinates": [ [ -67.8312, -38.976 ], [ -67.8297, -38.9763 ] ] } },
{ "type": "Feature", "properties": { "nombre": "Camino sin nombre", "longitud_km": 0.5 }, "geometry": { "type": "LineString", "coordinates": [ [ -67.891, -38.9803 ], [ -67.8919, -38.9848 ] ] } },
{ "type": "Feature", "properties": { "nombre": "Camino sin nombre", "longitud_km": 1.8 }, "geometry": { "type": "LineString", "coordinates": [ [ -70.7918, -40.6667 ], [ -70.7726, -40.6735 ] ] } },
{ "type": "Feature", "properties": { "nombre": "Camino sin nombre", "longitud_km": 1.89 }, "geometry": { "type": "LineString", "coordinates": [ [ -70.9684, -40.8809 ], [ -70.9908, -40.8822 ] ] } },
{ "type": "Feature", "properties": { "nombre": "Camino sin nombre", "longitud_km": 0.0 }, "geometry": { "type": "LineString", "coordinates": [ ] } },
{ "type": "Feature", "properties": { "nombre": "Camino sin nombre", "longitud_km": 0.05 }, "geometry": { "type": "LineString", "coordinates": [ [ -67.7303, -39.0975 ], [ -67.7306, -39.0971 ] ] } },
{ "type": "Feature", "properties": { "nombre": "Camino sin nombre", "longitud_km": 0.05 }, "geometry": { "type": "LineString", "coordinates": [ [ -67.9649, -38.9915 ], [ -67.9655, -38.9916 ] ] } },
{ "type": "Feature", "properties": { "nombre": "Camino sin nombre", "longitud_km": 0.1 }, "geometry": { "type": "LineString", "coordinates": [ [ -67.9622, -38.9282 ], [ -67.9611, -38.9282 ] ] } },
{ "type": "Feature", "properties": { "nombre": "Camino sin nombre", "longitud_km": 1.74 }, "geometry": { "type": "LineString", "coordinates": [ [ -70.0283, -40.5073 ], [ -70.0389, -40.4939 ] ] } },
{ "type": "Feature", "properties": { "nombre": "Camino sin nombre", "longitud_km": 0.03 }, "geometry": { "type": "LineString", "coordinates": [ [ -67.5863, -39.0212 ], [ -67.5861, -39.0209 ] ] } },
{ "type": "Feature", "properties": { "nombre": "Camino sin nombre", "longitud_km": 1.01 }, "geometry": { "type": "LineString", "coordinates": [ [ -67.9407, -38.9873 ], [ -67.9293, -38.9892 ] ] } },
{ "type": "Feature", "properties": { "nombre": "Camino sin nombre", "longitud_km": 2.34 }, "geometry": { "type": "LineString", "coordinates": [ [ -67.8422, -38.9414 ], [ -67.8663, -38.932 ] ] } },
{ "type": "Feature", "properties": { "nombre": "Camino sin nombre", "longitud_km": 0.34 }, "geometry": { "type": "LineString", "coordinates": [ [ -67.5471, -39.0616 ], [ -67.5478, -39.0646 ] ] } },
{ "type": "Feature", "properties": { "nombre": "Camino sin nombre", "longitud_km": 1.01 }, "geometry": { "type": "LineString", "coordinates": [ [ -68.0009, -38.8943 ], [ -68.0009, -38.9034 ] ] } },
{ "type": "Feature", "properties": { "nombre": "Camino sin nombre", "longitud_km": 0.73 }, "geometry": { "type": "LineString", "coordinates": [ [ -70.8637, -41.1645 ], [ -70.8653, -41.171 ] ] } },
{ "type": "Feature", "properties": { "nombre": "Camino sin nombre", "longitud_km": 1.87 }, "geometry": { "type": "LineString", "coordinates": [ [ -67.8919, -39.0763 ], [ -67.9129, -39.0722 ] ] } },
{ "type": "Feature", "properties": { "nombre": "Camino sin nombre", "longitud_km": 2.73 }, "geometry": { "type": "LineString", "coordinates": [ [ -69.5797, -40.6487 ], [ -69.6115, -40.6527 ] ] } },
{ "type": "Feature", "properties": { "nombre": "Camino sin nombre", "longitud_km": 1.01 }, "geometry": { "type": "LineString", "coordinates": [ [ -67.6686, -39.0696 ], [ -67.6802, -39.0684 ] ] } },
{ "type": "Feature", "properties": { "nombre": "Camino sin nombre", "longitud_km": 3.22 }, "geometry": { "type": "LineString", "coordinates": [ [ -68.1253, -38.7367 ], [ -68.093, -38.7509 ] ] } },
{ "type": "Feature", "properties": { "nombre": "Camino sin nombre", "longitud_km": 0.82 }, "geometry": { "type": "LineString", "coordinates": [ [ -67.9134, -38.9726 ], [ -67.9041, -38.9739 ] ] } },
{ "type": "Feature", "properties": { "nombre": "Camino sin nombre", "longitud_km": 0.45 }, "geometry": { "type": "LineString", "coordinates": [ [ -67.5439, -39.0145 ], [ -67.5397, -39.0169 ] ] } },
{ "type": "Feature", "properties": { "nombre": "Camino sin nombre", "longitud_km": 0.46 }, "geometry": { "type": "LineString", "coordinates": [ [ -67.9647, -38.9544 ], [ -67.9698, -38.9534 ] ] } },
{ "type": "Feature", "properties": { "nombre": "Camino sin nombre", "longitud_km": 0.03 }, "geometry": { "type": "LineString", "coordinates": [ [ -67.8369, -39.0107 ], [ -67.837, -39.0109 ] ] } },
{ "type": "Feature", "properties": { "nombre": "Camino sin nombre", "longitud_km": 0.43 }, "geometry": { "type": "LineString", "coordinates": [ [ -70.705, -40.8867 ], [ -70.7034, -40.8831 ] ] } },
{ "type": "Feature", "properties": { "nombre": "Camino sin nombre", "longitud_km": 0.66 }, "geometry": { "type": "LineString", "coordinates": [ [ -68.0016, -38.9538 ], [ -68.0, -38.9596 ] ] } },
{ "type": "Feature", "properties": { "nombre": "Camino sin nombre", "longitud_km": 0.38 }, "geometry": { "type": "LineString", "coordinates": [ [ -70.7158, -40.9668 ], [ -70.7144, -40.9636 ] ] } },
{ "type": "Feature", "properties": { "nombre": "Camino sin nombre", "longitud_km": 0.49 }, "geometry": { "type": "LineString", "coordinates": [ [ -67.9502, -38.9033 ], [ -67.9445, -38.9033 ] ] } },
{ "type": "Feature", "properties": { "nombre": "Camino sin nombre", "longitud_km": 1.92 }, "geometry": { "type": "LineString", "coordinates": [ [ -70.8728, -40.7567 ], [ -70.8809, -40.7406 ] ] } },
{ "type": "Feature", "properties": { "nombre": "Camino sin nombre", "longitud_km": 5.1 }, "geometry": { "type": "LineString", "coordinates": [ [ -70.7391, -41.1371 ], [ -70.7077, -41.1387 ], [ -70.6801, -41.1461 ] ] } },
{ "type": "Feature", "properties": { "nombre": "Camino sin nombre", "longitud_km": 0.06 }, "geometry": { "type": "LineString", "coordinates": [ [ -67.8071, -38.9823 ], [ -67.8072, -38.9829 ] ] } },
{ "type": "Feature", "properties": { "nombre": "Camino sin nombre", "longitud_km": 0.52 }, "geometry": { "type": "LineString", "coordinates": [ [ -68.0459, -38.807 ], [ -68.0403, -38.8055 ] ] } },
{ "type": "Feature", "properties": { "nombre": "Camino sin nombre", "longitud_km": 0.19 }, "geometry": { "type": "LineString", "coordinates": [ [ -70.8334, -41.0904 ], [ -70.8349, -41.0891 ] ] } },
{ "type": "Feature", "properties": { "nombre": "Camino sin nombre", "longitud_km": 0.19 }, "geometry": { "type": "LineString", "coordinates": [ [ -67.792, -39.0257 ], [ -67.7941, -39.0254 ] ] } },
{ "type": "Feature", "properties": { "nombre": "Camino sin nombre", "longitud_km": 0.26 }, "geometry": { "type": "LineString", "coordinates": [ [ -67.6186, -39.1043 ], [ -67.6216, -39.1039 ] ] } },
{ "type": "Feature", "properties": { "nombre": "Camino sin nombre", "longitud_km": 0.11 }, "geometry": { "type": "LineString", "coordinates": [ [ -67.959, -38.9555 ], [ -67.9587, -38.9546 ] ] } },
{ "type": "Feature", "properties": { "nombre": "Camino sin nombre", "longitud_km": 1.82 }, "geometry": { "type": "LineString", "coordinates": [ [ -70.7653, -40.9827 ], [ -70.7645, -40.9664 ] ] } },
{ "type": "Feature", "properties": { "nombre": "Camino sin nombre", "longitud_km": 3.04 }, "geometry": { "type": "LineString", "coordinates": [ [ -68.0549, -38.8675 ], [ -68.0198, -38.8675 ] ] } },
{ "type": "Feature", "properties": { "nombre": "Camino sin nombre", "longitud_km": 0.09 }, "geometry": { "type": "LineString", "coordinates": [ [ -68.0555, -38.8668 ], [ -68.0549, -38.8675 ] ] } },
{ "type": "Feature", "properties": { "nombre": "Camino sin nombre", "longitud_km": 0.5 }, "geometry": { "type": "LineString", "coordinates": [ [ -67.936, -38.9693 ], [ -67.9371, -38.9737 ] ] } },
{ "type": "Feature", "properties": { "nombre": "Camino sin nombre", "longitud_km": 0.14 }, "geometry": { "type": "LineString", "coordinates": [ [ -67.7805, -39.0274 ], [ -67.782, -39.0272 ] ] } },
{ "type": "Feature", "properties": { "nombre": "Camino sin nombre", "longitud_km": 0.66 }, "geometry": { "type": "LineString", "coordinates": [ [ -67.8492, -38.9904 ], [ -67.8568, -38.9894 ] ] } },
{ "type": "Feature", "properties": { "nombre": "Camino sin nombre", "longitud_km": 1.01 }, "geometry": { "type": "LineString", "coordinates": [ [ -67.5691, -39.0543 ], [ -67.5806, -39.0528 ] ] } },
{ "type": "Feature", "properties": { "nombre": "Camino sin nombre", "longitud_km": 0.26 }, "geometry": { "type": "LineString", "coordinates": [ [ -67.9239, -38.9806 ], [ -67.9268, -38.9801 ] ] } },
{ "type": "Feature", "properties": { "nombre": "Camino sin nombre", "longitud_km": 1.69 }, "geometry": { "type": "LineString", "coordinates": [ [ -68.1914, -38.6878 ], [ -68.172, -38.6878 ] ] } },
{ "type": "Feature", "properties": { "nombre": "Camino sin nombre", "longitud_km": 0.54 }, "geometry": { "type": "LineString", "coordinates": [ [ -67.9426, -38.9258 ], [ -67.9435, -38.9306 ] ] } },
{ "type": "Feature", "properties": { "nombre": "Camino sin nombre", "longitud_km": 1.89 }, "geometry": { "type": "LineString", "coordinates": [ [ -69.5315, -40.6498 ], [ -69.5531, -40.6542 ] ] } },
{ "type": "Feature", "properties": { "nombre": "Camino sin nombre", "longitud_km": 0.1 }, "geometry": { "type": "LineString", "coordinates": [ [ -70.0305, -40.5172 ], [ -70.0302, -40.5181 ] ] } },
{ "type": "Feature", "properties": { "nombre": "Camino sin nombre", "longitud_km": 4.25 }, "geometry": { "type": "LineString", "coordinates": [ [ -67.672, -38.871 ], [ -67.6718, -38.8647 ], [ -67.691, -38.8363 ] ] } },
{ "type": "Feature", "properties": { "nombre": "Camino sin nombre", "longitud_km": 0.04 }, "geometry": { "type": "LineString", "coordinates": [ [ -67.5104, -39.0259 ], [ -67.5099, -39.0259 ] ] } },
{ "type": "Feature", "properties": { "nombre": "Camino sin nombre", "longitud_km": 10.29 }, "geometry": { "type": "LineString", "coordinates": [ [ -68.2775, -38.5061 ], [ -68.1616, -38.5232 ] ] } },
{ "type": "Feature", "properties": { "nombre": "Camino sin nombre", "longitud_km": 1.04 }, "geometry": { "type": "LineString", "coordinates": [ [ -67.8723, -39.006 ], [ -67.8842, -39.0045 ] ] } },
{ "type": "Feature", "properties": { "nombre": "Camino sin nombre", "longitud_km": 0.78 }, "geometry": { "type": "LineString", "coordinates": [ [ -67.7195, -39.0258 ], [ -67.721, -39.0327 ] ] } },
{ "type": "Feature", "properties": { "nombre": "Camino sin nombre", "longitud_km": 0.61 }, "geometry": { "type": "LineString", "coordinates": [ [ -70.5818, -40.8221 ], [ -70.5874, -40.8255 ] ] } },
{ "type": "Feature", "properties": { "nombre": "Camino sin nombre", "longitud_km": 1.03 }, "geometry": { "type": "LineString", "coordinates": [ [ -67.6471, -39.0818 ], [ -67.6491, -39.091 ] ] } },
{ "type": "Feature", "properties": { "nombre": "Camino sin nombre", "longitud_km": 0.21 }, "geometry": { "type": "LineString", "coordinates": [ [ -67.9041, -38.9739 ], [ -67.9017, -38.9742 ] ] } },
{ "type": "Feature", "properties": { "nombre": "Camino sin nombre", "longitud_km": 2.59 }, "geometry": { "type": "LineString", "coordinates": [ [ -70.6525, -40.7064 ], [ -70.6286, -40.721 ] ] } },
{ "type": "Feature", "properties": { "nombre": "Camino sin nombre", "longitud_km": 1.05 }, "geometry": { "type": "LineString", "coordinates": [ [ -67.6727, -39.0878 ], [ -67.6608, -39.0894 ] ] } },
{ "type": "Feature", "properties": { "nombre": "Camino sin nombre", "longitud_km": 1.32 }, "geometry": { "type": "LineString", "coordinates": [ [ -70.8773, -40.8812 ], [ -70.8853, -40.871 ] ] } },
{ "type": "Feature", "properties": { "nombre": "Camino sin nombre", "longitud_km": 1.03 }, "geometry": { "type": "LineString", "coordinates": [ [ -67.6765, -39.0501 ], [ -67.6785, -39.0593 ] ] } },
{ "type": "Feature", "properties": { "nombre": "Camino sin nombre", "longitud_km": 1.46 }, "geometry": { "type": "LineString", "coordinates": [ [ -68.5309, -39.1105 ], [ -68.5179, -39.1021 ] ] } },
{ "type": "Feature", "properties": { "nombre": "Camino sin nombre", "longitud_km": 0.13 }, "geometry": { "type": "LineString", "coordinates": [ [ -67.5099, -39.0259 ], [ -67.5084, -39.0261 ] ] } },
{ "type": "Feature", "properties": { "nombre": "Camino sin nombre", "longitud_km": 2.19 }, "geometry": { "type": "LineString", "coordinates": [ [ -68.1043, -38.7539 ], [ -68.1188, -38.754 ], [ -68.1129, -38.7469 ] ] } },
{ "type": "Feature", "properties": { "nombre": "Camino sin nombre", "longitud_km": 11.33 }, "geometry": { "type": "LineString", "coordinates": [ [ -70.5782, -40.798 ], [ -70.5775, -40.7736 ], [ -70.5955, -40.7663 ], [ -70.6079, -40.7749 ], [ -70.6161, -40.7597 ], [ -70.6036, -40.7565 ], [ -70.5832, -40.7396 ] ] } },
{ "type": "Feature", "properties": { "nombre": "Camino sin nombre", "longitud_km": 0.99 }, "geometry": { "type": "LineString", "coordinates": [ [ -70.8629, -41.1799 ], [ -70.8673, -41.1882 ] ] } },
{ "type": "Feature", "properties": { "nombre": "Camino sin nombre", "longitud_km": 0.14 }, "geometry": { "type": "LineString", "coordinates": [ [ -67.8412, -38.9737 ], [ -67.8396, -38.974 ] ] } },
{ "type": "Feature", "properties": { "nombre": "Camino sin nombre", "longitud_km": 1.49 }, "geometry": { "type": "LineString", "coordinates": [ [ -70.8657, -41.1748 ], [ -70.8673, -41.1882 ] ] } },
{ "type": "Feature", "properties": { "nombre": "Camino sin nombre", "longitud_km": 0.75 }, "geometry": { "type": "LineString", "coordinates": [ [ -70.6731, -40.8034 ], [ -70.673, -40.7967 ] ] } },
{ "type": "Feature", "properties": { "nombre": "Camino sin nombre", "longitud_km": 0.51 }, "geometry": { "type": "LineString", "coordinates": [ [ -70.5329, -40.9791 ], [ -70.5278, -40.9816 ] ] } },
{ "type": "Feature", "properties": { "nombre": "Camino sin nombre", "longitud_km": 1.37 }, "geometry": { "type": "LineString", "coordinates": [ [ -70.872, -40.8929 ], [ -70.8773, -40.8812 ] ] } },
{ "type": "Feature", "properties": { "nombre": "Camino sin nombre", "longitud_km": 0.97 }, "geometry": { "type": "LineString", "coordinates": [ [ -70.7539, -41.1271 ], [ -70.7606, -41.1199 ] ] } },
{ "type": "Feature", "properties": { "nombre": "Camino sin nombre", "longitud_km": 1.01 }, "geometry": { "type": "LineString", "coordinates": [ [ -67.8019, -39.0152 ], [ -67.8037, -39.0242 ] ] } },
{ "type": "Feature", "properties": { "nombre": "Camino sin nombre", "longitud_km": 1.48 }, "geometry": { "type": "LineString", "coordinates": [ [ -67.7585, -39.0396 ], [ -67.7753, -39.0374 ] ] } },
{ "type": "Feature", "properties": { "nombre": "Camino sin nombre", "longitud_km": 1.3 }, "geometry": { "type": "LineString", "coordinates": [ [ -70.6451, -41.001 ], [ -70.6583, -41.007 ] ] } },
{ "type": "Feature", "properties": { "nombre": "Camino sin nombre", "longitud_km": 1.15 }, "geometry": { "type": "LineString", "coordinates": [ [ -70.8175, -40.9658 ], [ -70.8154, -40.9556 ] ] } },
{ "type": "Feature", "properties": { "nombre": "Camino sin nombre", "longitud_km": 2.67 }, "geometry": { "type": "LineString", "coordinates": [ [ -67.722, -38.7902 ], [ -67.7363, -38.7689 ] ] } },
{ "type": "Feature", "properties": { "nombre": "Camino sin nombre", "longitud_km": 0.11 }, "geometry": { "type": "LineString", "coordinates": [ [ -67.9655, -39.0188 ], [ -67.9642, -39.019 ] ] } },
{ "type": "Feature", "properties": { "nombre": "Camino sin nombre", "longitud_km": 0.13 }, "geometry": { "type": "LineString", "coordinates": [ [ -67.9837, -38.9034 ], [ -67.9822, -38.9034 ] ] } },
{ "type": "Feature", "properties": { "nombre": "Camino sin nombre", "longitud_km": 1.02 }, "geometry": { "type": "LineString", "coordinates": [ [ -67.6452, -39.0727 ], [ -67.6569, -39.0712 ] ] } },
{ "type": "Feature", "properties": { "nombre": "Camino sin nombre", "longitud_km": 0.1 }, "geometry": { "type": "LineString", "coordinates": [ [ -67.5657, -38.9912 ], [ -67.5659, -38.9903 ] ] } },
{ "type": "Feature", "properties": { "nombre": "Camino sin nombre", "longitud_km": 0.09 }, "geometry": { "type": "LineString", "coordinates": [ [ -68.0746, -38.8314 ], [ -68.074, -38.832 ] ] } },
{ "type": "Feature", "properties": { "nombre": "Camino sin nombre", "longitud_km": 0.82 }, "geometry": { "type": "LineString", "coordinates": [ [ -67.6361, -39.0288 ], [ -67.6376, -39.0361 ] ] } },
{ "type": "Feature", "properties": { "nombre": "Camino sin nombre", "longitud_km": 0.51 }, "geometry": { "type": "LineString", "coordinates": [ [ -67.9548, -38.932 ], [ -67.9488, -38.9319 ] ] } },
{ "type": "Feature", "properties": { "nombre": "Camino sin nombre", "longitud_km": 0.27 }, "geometry": { "type": "LineString", "coordinates": [ [ -67.9352, -38.935 ], [ -67.9321, -38.935 ] ] } },
{ "type": "Feature", "properties": { "nombre": "Camino sin nombre", "longitud_km": 0.27 }, "geometry": { "type": "LineString", "coordinates": [ [ -67.6277, -39.1031 ], [ -67.6309, -39.1027 ] ] } },
{ "type": "Feature", "properties": { "nombre": "Camino sin nombre", "longitud_km": 1.02 }, "geometry": { "type": "LineString", "coordinates": [ [ -67.6883, -39.0486 ], [ -67.6902, -39.0577 ] ] } },
{ "type": "Feature", "properties": { "nombre": "Camino sin nombre", "longitud_km": 0.1 }, "geometry": { "type": "LineString", "coordinates": [ [ -67.7534, -38.9991 ], [ -67.7536, -39.0 ] ] } },
{ "type": "Feature", "properties": { "nombre": "Camino sin nombre", "longitud_km": 0.02 }, "geometry": { "type": "LineString", "coordinates": [ [ -70.866, -41.1912 ], [ -70.8658, -41.1914 ] ] } },
{ "type": "Feature", "properties": { "nombre": "Camino sin nombre", "longitud_km": 2.3 }, "geometry": { "type": "LineString", "coordinates": [ [ -70.4772, -40.8915 ], [ -70.4808, -40.8895 ], [ -70.5, -40.8988 ] ] } },
{ "type": "Feature", "properties": { "nombre": "Camino sin nombre", "longitud_km": 0.58 }, "geometry": { "type": "LineString", "coordinates": [ [ -67.54, -39.0186 ], [ -67.5467, -39.0179 ] ] } },
{ "type": "Feature", "properties": { "nombre": "Camino sin nombre", "longitud_km": 0.5 }, "geometry": { "type": "LineString", "coordinates": [ [ -67.8214, -38.9939 ], [ -67.8205, -38.9894 ] ] } },
{ "type": "Feature", "properties": { "nombre": "Camino sin nombre", "longitud_km": 0.79 }, "geometry": { "type": "LineString", "coordinates": [ [ -70.9908, -40.8822 ], [ -71.0, -40.8835 ] ] } },
{ "type": "Feature", "properties": { "nombre": "Camino sin nombre", "longitud_km": 0.35 }, "geometry": { "type": "LineString", "coordinates": [ [ -68.093, -38.7509 ], [ -68.0925, -38.754 ] ] } },
{ "type": "Feature", "properties": { "nombre": "Camino sin nombre", "longitud_km": 5.42 }, "geometry": { "type": "LineString", "coordinates": [ [ -70.1216, -40.5487 ], [ -70.101, -40.5693 ], [ -70.0765, -40.556 ] ] } },
{ "type": "Feature", "properties": { "nombre": "Camino sin nombre", "longitud_km": 7.1 }, "geometry": { "type": "LineString", "coordinates": [ [ -70.8776, -40.8057 ], [ -70.9066, -40.8128 ], [ -70.926, -40.803 ], [ -70.9309, -40.7937 ], [ -70.9204, -40.7835 ] ] } },
{ "type": "Feature", "properties": { "nombre": "Camino sin nombre", "longitud_km": 0.09 }, "geometry": { "type": "LineString", "coordinates": [ [ -67.9445, -38.9397 ], [ -67.9435, -38.9397 ] ] } },
{ "type": "Feature", "properties": { "nombre": "Camino sin nombre", "longitud_km": 1.19 }, "geometry": { "type": "LineString", "coordinates": [ [ -70.9776, -40.7298 ], [ -70.9758, -40.7192 ] ] } },
{ "type": "Feature", "properties": { "nombre": "Camino sin nombre", "longitud_km": 0.26 }, "geometry": { "type": "LineString", "coordinates": [ [ -67.9355, -38.9397 ], [ -67.9385, -38.9397 ] ] } },
{ "type": "Feature", "properties": { "nombre": "Camino sin nombre", "longitud_km": 0.05 }, "geometry": { "type": "LineString", "coordinates": [ [ -67.9546, -38.9629 ], [ -67.9551, -38.9631 ] ] } },
{ "type": "Feature", "properties": { "nombre": "Camino sin nombre", "longitud_km": 0.39 }, "geometry": { "type": "LineString", "coordinates": [ [ -70.7381, -40.7254 ], [ -70.7396, -40.7288 ] ] } },
{ "type": "Feature", "properties": { "nombre": "Camino sin nombre", "longitud_km": 0.51 }, "geometry": { "type": "LineString", "coordinates": [ [ -67.8115, -39.0046 ], [ -67.8107, -39.0 ] ] } },
{ "type": "Feature", "properties": { "nombre": "Camino sin nombre", "longitud_km": 0.59 }, "geometry": { "type": "LineString", "coordinates": [ [ -68.2046, -38.705 ], [ -68.1987, -38.7076 ] ] } },
{ "type": "Feature", "properties": { "nombre": "Camino sin nombre", "longitud_km": 4.13 }, "geometry": { "type": "LineString", "coordinates": [ [ -70.779, -40.7149 ], [ -70.7844, -40.6987 ], [ -70.7722, -40.6805 ] ] } },
{ "type": "Feature", "properties": { "nombre": "Camino sin nombre", "longitud_km": 0.52 }, "geometry": { "type": "LineString", "coordinates": [ [ -67.9907, -38.9081 ], [ -67.9907, -38.9034 ] ] } },
{ "type": "Feature", "properties": { "nombre": "Camino sin nombre", "longitud_km": 0.58 }, "geometry": { "type": "LineString", "coordinates": [ [ -67.9168, -38.9453 ], [ -67.916, -38.9401 ] ] } },
{ "type": "Feature", "properties": { "nombre": "Camino sin nombre", "longitud_km": 1.01 }, "geometry": { "type": "LineString", "coordinates": [ [ -67.6415, -39.0544 ], [ -67.6433, -39.0634 ] ] } },
{ "type": "Feature", "properties": { "nombre": "Camino sin nombre", "longitud_km": 0.52 }, "geometry": { "type": "LineString", "coordinates": [ [ -67.9821, -38.9081 ], [ -67.9822, -38.9034 ] ] } },
{ "type": "Feature", "properties": { "nombre": "Camino sin nombre", "longitud_km": 0.99 }, "geometry": { "type": "LineString", "coordinates": [ [ -67.6491, -39.091 ], [ -67.6509, -39.0998 ] ] } },
{ "type": "Feature", "properties": { "nombre": "Camino sin nombre", "longitud_km": 0.09 }, "geometry": { "type": "LineString", "coordinates": [ [ -70.5778, -40.7536 ], [ -70.5778, -40.7544 ] ] } },
{ "type": "Feature", "properties": { "nombre": "Camino sin nombre", "longitud_km": 0.09 }, "geometry": { "type": "LineString", "coordinates": [ [ -68.0095, -38.9529 ], [ -68.0085, -38.9532 ] ] } },
{ "type": "Feature", "properties": { "nombre": "Camino sin nombre", "longitud_km": 0.24 }, "geometry": { "type": "LineString", "coordinates": [ [ -70.5293, -41.0231 ], [ -70.5265, -41.0229 ] ] } },
{ "type": "Feature", "properties": { "nombre": "Camino sin nombre", "longitud_km": 1.51 }, "geometry": { "type": "LineString", "coordinates": [ [ -67.6843, -39.0864 ], [ -67.6927, -39.0903 ], [ -67.6958, -39.0849 ] ] } },
{ "type": "Feature", "properties": { "nombre": "Camino sin nombre", "longitud_km": 1.29 }, "geometry": { "type": "LineString", "coordinates": [ [ -70.7271, -40.8895 ], [ -70.7251, -40.878 ] ] } },
{ "type": "Feature", "properties": { "nombre": "Camino sin nombre", "longitud_km": 0.02 }, "geometry": { "type": "LineString", "coordinates": [ [ -67.5131, -39.0255 ], [ -67.5129, -39.0255 ] ] } },
{ "type": "Feature", "properties": { "nombre": "Camino sin nombre", "longitud_km": 1.07 }, "geometry": { "type": "LineString", "coordinates": [ [ -70.8627, -41.1813 ], [ -70.8639, -41.1909 ] ] } },
{ "type": "Feature", "properties": { "nombre": "Camino sin nombre", "longitud_km": 0.57 }, "geometry": { "type": "LineString", "coordinates": [ [ -67.9268, -38.9801 ], [ -67.9257, -38.9751 ] ] } },
{ "type": "Feature", "properties": { "nombre": "Camino sin nombre", "longitud_km": 1.02 }, "geometry": { "type": "LineString", "coordinates": [ [ -67.5847, -39.0709 ], [ -67.5964, -39.0695 ] ] } },
{ "type": "Feature", "properties": { "nombre": "Camino sin nombre", "longitud_km": 0.39 }, "geometry": { "type": "LineString", "coordinates": [ [ -70.8497, -41.0331 ], [ -70.849, -41.0366 ] ] } },
{ "type": "Feature", "properties": { "nombre": "Camino sin nombre", "longitud_km": 0.32 }, "geometry": { "type": "LineString", "coordinates": [ [ -67.7157, -39.0073 ], [ -67.7185, -39.0054 ] ] } },
{ "type": "Feature", "properties": { "nombre": "Camino sin nombre", "longitud_km": 4.45 }, "geometry": { "type": "LineString", "coordinates": [ [ -70.8853, -40.871 ], [ -70.8783, -40.857 ], [ -70.8813, -40.8319 ] ] } },
{ "type": "Feature", "properties": { "nombre": "Camino sin nombre", "longitud_km": 0.12 }, "geometry": { "type": "LineString", "coordinates": [ [ -67.5352, -39.0165 ], [ -67.5348, -39.0154 ] ] } },
{ "type": "Feature", "properties": { "nombre": "Camino sin nombre", "longitud_km": 1.71 }, "geometry": { "type": "LineString", "coordinates": [ [ -68.1404, -38.727 ], [ -68.1253, -38.7367 ] ] } },
{ "type": "Feature", "properties": { "nombre": "Camino sin nombre", "longitud_km": 0.49 }, "geometry": { "type": "LineString", "coordinates": [ [ -70.7114, -40.7212 ], [ -70.71, -40.7255 ] ] } },
{ "type": "Feature", "properties": { "nombre": "Camino sin nombre", "longitud_km": 0.81 }, "geometry": { "type": "LineString", "coordinates": [ [ -68.0185, -38.9476 ], [ -68.0108, -38.9518 ] ] } },
{ "type": "Feature", "properties": { "nombre": "Camino sin nombre", "longitud_km": 1.01 }, "geometry": { "type": "LineString", "coordinates": [ [ -67.6802, -39.0684 ], [ -67.6822, -39.0774 ] ] } },
{ "type": "Feature", "properties": { "nombre": "Camino sin nombre", "longitud_km": 0.55 }, "geometry": { "type": "LineString", "coordinates": [ [ -67.644, -39.1157 ], [ -67.6447, -39.1206 ] ] } },
{ "type": "Feature", "properties": { "nombre": "Camino sin nombre", "longitud_km": 0.05 }, "geometry": { "type": "LineString", "coordinates": [ [ -67.8086, -38.9805 ], [ -67.808, -38.9807 ] ] } },
{ "type": "Feature", "properties": { "nombre": "Camino sin nombre", "longitud_km": 0.21 }, "geometry": { "type": "LineString", "coordinates": [ [ -68.5069, -39.0928 ], [ -68.5092, -39.092 ] ] } },
{ "type": "Feature", "properties": { "nombre": "Camino sin nombre", "longitud_km": 0.26 }, "geometry": { "type": "LineString", "coordinates": [ [ -67.9382, -38.935 ], [ -67.9352, -38.935 ] ] } },
{ "type": "Feature", "properties": { "nombre": "Camino sin nombre", "longitud_km": 0.04 }, "geometry": { "type": "LineString", "coordinates": [ [ -70.0528, -40.5764 ], [ -70.0524, -40.5763 ] ] } },
{ "type": "Feature", "properties": { "nombre": "Camino sin nombre", "longitud_km": 0.2 }, "geometry": { "type": "LineString", "coordinates": [ [ -70.8761, -41.1939 ], [ -70.8785, -41.1943 ] ] } },
{ "type": "Feature", "properties": { "nombre": "Camino sin nombre", "longitud_km": 0.13 }, "geometry": { "type": "LineString", "coordinates": [ [ -70.8587, -41.143 ], [ -70.8572, -41.1427 ] ] } },
{ "type": "Feature", "properties": { "nombre": "Camino sin nombre", "longitud_km": 0.38 }, "geometry": { "type": "LineString", "coordinates": [ [ -67.8449, -38.9909 ], [ -67.8492, -38.9904 ] ] } },
{ "type": "Feature", "properties": { "nombre": "Camino sin nombre", "longitud_km": 0.77 }, "geometry": { "type": "LineString", "coordinates": [ [ -70.6031, -40.8112 ], [ -70.6003, -40.8046 ] ] } },
{ "type": "Feature", "properties": { "nombre": "Camino sin nombre", "longitud_km": 0.62 }, "geometry": { "type": "LineString", "coordinates": [ [ -67.7753, -39.0374 ], [ -67.7824, -39.0365 ] ] } },
{ "type": "Feature", "properties": { "nombre": "Camino sin nombre", "longitud_km": 6.82 }, "geometry": { "type": "LineString", "coordinates": [ [ -67.7622, -38.9229 ], [ -67.6847, -38.9335 ] ] } },
{ "type": "Feature", "properties": { "nombre": "Camino sin nombre", "longitud_km": 0.55 }, "geometry": { "type": "LineString", "coordinates": [ [ -68.1657, -38.716 ], [ -68.1709, -38.7188 ] ] } },
{ "type": "Feature", "properties": { "nombre": "Camino sin nombre", "longitud_km": 0.06 }, "geometry": { "type": "LineString", "coordinates": [ [ -67.9753, -38.9895 ], [ -67.976, -38.9892 ] ] } },
{ "type": "Feature", "properties": { "nombre": "Camino sin nombre", "longitud_km": 1.04 }, "geometry": { "type": "LineString", "coordinates": [ [ -67.7214, -39.035 ], [ -67.7332, -39.0334 ] ] } },
{ "type": "Feature", "properties": { "nombre": "Camino sin nombre", "longitud_km": 0.27 }, "geometry": { "type": "LineString", "coordinates": [ [ -67.6019, -38.9977 ], [ -67.6029, -39.0 ] ] } },
{ "type": "Feature", "properties": { "nombre": "Camino sin nombre", "longitud_km": 2.12 }, "geometry": { "type": "LineString", "coordinates": [ [ -70.6949, -40.8161 ], [ -70.6915, -40.8195 ], [ -70.6879, -40.8155 ], [ -70.6917, -40.806 ] ] } },
{ "type": "Feature", "properties": { "nombre": "Camino sin nombre", "longitud_km": 5.54 }, "geometry": { "type": "LineString", "coordinates": [ [ -70.6533, -40.7061 ], [ -70.693, -40.6873 ], [ -70.6957, -40.6821 ], [ -70.7071, -40.6826 ] ] } },
{ "type": "Feature", "properties": { "nombre": "Camino sin nombre", "longitud_km": 0.61 }, "geometry": { "type": "LineString", "coordinates": [ [ -67.8073, -38.9547 ], [ -67.8111, -38.9593 ] ] } },
{ "type": "Feature", "properties": { "nombre": "Camino sin nombre", "longitud_km": 0.37 }, "geometry": { "type": "LineString", "coordinates": [ [ -67.9488, -38.9397 ], [ -67.9445, -38.9397 ] ] } },
{ "type": "Feature", "properties": { "nombre": "Camino sin nombre", "longitud_km": 1.06 }, "geometry": { "type": "LineString", "coordinates": [ [ -67.6082, -39.0682 ], [ -67.6202, -39.0667 ] ] } },
{ "type": "Feature", "properties": { "nombre": "Camino sin nombre", "longitud_km": 0.43 }, "geometry": { "type": "LineString", "coordinates": [ [ -70.7232, -40.9045 ], [ -70.7237, -40.9006 ] ] } },
{ "type": "Feature", "properties": { "nombre": "Camino sin nombre", "longitud_km": 0.67 }, "geometry": { "type": "LineString", "coordinates": [ [ -67.7824, -39.0365 ], [ -67.79, -39.0356 ] ] } },
{ "type": "Feature", "properties": { "nombre": "Camino sin nombre", "longitud_km": 0.15 }, "geometry": { "type": "LineString", "coordinates": [ [ -67.9483, -38.9269 ], [ -67.9483, -38.9282 ] ] } },
{ "type": "Feature", "properties": { "nombre": "Camino sin nombre", "longitud_km": 0.1 }, "geometry": { "type": "LineString", "coordinates": [ [ -67.9623, -38.9262 ], [ -67.9611, -38.9262 ] ] } },
{ "type": "Feature", "properties": { "nombre": "Camino sin nombre", "longitud_km": 0.59 }, "geometry": { "type": "LineString", "coordinates": [ [ -70.7146, -40.7164 ], [ -70.712, -40.7213 ] ] } },
{ "type": "Feature", "properties": { "nombre": "Camino sin nombre", "longitud_km": 0.99 }, "geometry": { "type": "LineString", "coordinates": [ [ -67.6165, -39.0483 ], [ -67.6277, -39.0469 ] ] } },
{ "type": "Feature", "properties": { "nombre": "Camino sin nombre", "longitud_km": 0.58 }, "geometry": { "type": "LineString", "coordinates": [ [ -68.1914, -38.6878 ], [ -68.1914, -38.693 ] ] } },
{ "type": "Feature", "properties": { "nombre": "Camino sin nombre", "longitud_km": 4.36 }, "geometry": { "type": "LineString", "coordinates": [ [ -70.8329, -41.1408 ], [ -70.8624, -41.1636 ], [ -70.8603, -41.1708 ] ] } },
{ "type": "Feature", "properties": { "nombre": "Camino sin nombre", "longitud_km": 1.54 }, "geometry": { "type": "LineString", "coordinates": [ [ -68.1596, -38.6931 ], [ -68.1419, -38.693 ] ] } },
{ "type": "Feature", "properties": { "nombre": "Camino sin nombre", "longitud_km": 1.3 }, "geometry": { "type": "LineString", "coordinates": [ [ -68.1258, -38.7149 ], [ -68.115, -38.723 ] ] } },
{ "type": "Feature", "properties": { "nombre": "Camino sin nombre", "longitud_km": 0.46 }, "geometry": { "type": "LineString", "coordinates": [ [ -68.0832, -38.8033 ], [ -68.0784, -38.8051 ] ] } },
{ "type": "Feature", "properties": { "nombre": "Camino sin nombre", "longitud_km": 1.02 }, "geometry": { "type": "LineString", "coordinates": [ [ -67.6705, -39.0788 ], [ -67.6727, -39.0878 ] ] } },
{ "type": "Feature", "properties": { "nombre": "Camino sin nombre", "longitud_km": 0.98 }, "geometry": { "type": "LineString", "coordinates": [ [ -67.9611, -38.9282 ], [ -67.9498, -38.9282 ] ] } },
{ "type": "Feature", "properties": { "nombre": "Camino sin nombre", "longitud_km": 0.03 }, "geometry": { "type": "LineString", "coordinates": [ [ -70.0528, -40.5758 ], [ -70.0525, -40.5757 ] ] } },
{ "type": "Feature", "properties": { "nombre": "Camino sin nombre", "longitud_km": 0.11 }, "geometry": { "type": "LineString", "coordinates": [ [ -70.8848, -40.9418 ], [ -70.8835, -40.9418 ] ] } },
{ "type": "Feature", "properties": { "nombre": "Camino sin nombre", "longitud_km": 0.8 }, "geometry": { "type": "LineString", "coordinates": [ [ -70.8339, -41.0041 ], [ -70.8245, -41.0031 ] ] } },
{ "type": "Feature", "properties": { "nombre": "Camino sin nombre", "longitud_km": 0.99 }, "geometry": { "type": "LineString", "coordinates": [ [ -67.8351, -39.0014 ], [ -67.8464, -39.0 ] ] } },
{ "type": "Feature", "properties": { "nombre": "Camino sin nombre", "longitud_km": 1.04 }, "geometry": { "type": "LineString", "coordinates": [ [ -67.7785, -39.0182 ], [ -67.7805, -39.0274 ] ] } },
{ "type": "Feature", "properties": { "nombre": "Camino sin nombre", "longitud_km": 0.06 }, "geometry": { "type": "LineString", "coordinates": [ [ -67.9631, -38.9262 ], [ -67.9632, -38.9257 ] ] } },
{ "type": "Feature", "properties": { "nombre": "Camino sin nombre", "longitud_km": 1.2 }, "geometry": { "type": "LineString", "coordinates": [ [ -70.8658, -41.1914 ], [ -70.8719, -41.1964 ], [ -70.8761, -41.1939 ] ] } },
{ "type": "Feature", "properties": { "nombre": "Camino sin nombre", "longitud_km": 0.58 }, "geometry": { "type": "LineString", "coordinates": [ [ -67.5022, -39.0314 ], [ -67.5, -39.0364 ] ] } },
{ "type": "Feature", "properties": { "nombre": "Camino sin nombre", "longitud_km": 0.49 }, "geometry": { "type": "LineString", "coordinates": [ [ -70.7378, -40.8889 ], [ -70.7323, -40.8902 ] ] } },
{ "type": "Feature", "properties": { "nombre": "Camino sin nombre", "longitud_km": 0.1 }, "geometry": { "type": "LineString", "coordinates": [ [ -67.9623, -38.9271 ], [ -67.9611, -38.9271 ] ] } },
{ "type": "Feature", "properties": { "nombre": "Camino sin nombre", "longitud_km": 1.05 }, "geometry": { "type": "LineString", "coordinates": [ [ -67.7528, -39.0121 ], [ -67.7648, -39.0105 ] ] } },
{ "type": "Feature", "properties": { "nombre": "Camino sin nombre", "longitud_km": 0.8 }, "geometry": { "type": "LineString", "coordinates": [ [ -70.7066, -40.8304 ], [ -70.6978, -40.8332 ] ] } },
{ "type": "Feature", "properties": { "nombre": "Camino sin nombre", "longitud_km": 0.66 }, "geometry": { "type": "LineString", "coordinates": [ [ -70.6095, -40.8903 ], [ -70.6172, -40.8897 ] ] } },
{ "type": "Feature", "properties": { "nombre": "Camino sin nombre", "longitud_km": 1.53 }, "geometry": { "type": "LineString", "coordinates": [ [ -68.0987, -38.761 ], [ -68.0902, -38.773 ] ] } },
{ "type": "Feature", "properties": { "nombre": "Camino sin nombre", "longitud_km": 1.01 }, "geometry": { "type": "LineString", "coordinates": [ [ -70.8587, -41.143 ], [ -70.8558, -41.1518 ] ] } },
{ "type": "Feature", "properties": { "nombre": "Camino sin nombre", "longitud_km": 1.86 }, "geometry": { "type": "LineString", "coordinates": [ [ -70.6745, -40.7943 ], [ -70.6748, -40.7843 ], [ -70.6688, -40.7792 ] ] } },
{ "type": "Feature", "properties": { "nombre": "Camino sin nombre", "longitud_km": 0.17 }, "geometry": { "type": "LineString", "coordinates": [ [ -67.9293, -38.9892 ], [ -67.9273, -38.9895 ] ] } },
{ "type": "Feature", "properties": { "nombre": "Camino sin nombre", "longitud_km": 0.98 }, "geometry": { "type": "LineString", "coordinates": [ [ -68.0822, -38.7892 ], [ -68.0797, -38.7978 ] ] } },
{ "type": "Feature", "properties": { "nombre": "Camino sin nombre", "longitud_km": 1.03 }, "geometry": { "type": "LineString", "coordinates": [ [ -67.6335, -39.0743 ], [ -67.6452, -39.0727 ] ] } },
{ "type": "Feature", "properties": { "nombre": "Camino sin nombre", "longitud_km": 0.63 }, "geometry": { "type": "LineString", "coordinates": [ [ -70.9356, -41.1002 ], [ -70.9387, -41.1053 ] ] } },
{ "type": "Feature", "properties": { "nombre": "Camino sin nombre", "longitud_km": 0.06 }, "geometry": { "type": "LineString", "coordinates": [ [ -67.5987, -39.0074 ], [ -67.5992, -39.007 ] ] } },
{ "type": "Feature", "properties": { "nombre": "Camino sin nombre", "longitud_km": 0.26 }, "geometry": { "type": "LineString", "coordinates": [ [ -67.8007, -39.0246 ], [ -67.8037, -39.0242 ] ] } },
{ "type": "Feature", "properties": { "nombre": "Camino sin nombre", "longitud_km": 7.41 }, "geometry": { "type": "LineString", "coordinates": [ [ -70.8463, -40.7447 ], [ -70.8285, -40.7302 ], [ -70.8264, -40.717 ], [ -70.8191, -40.7094 ], [ -70.8245, -40.7029 ], [ -70.812, -40.6894 ] ] } },
{ "type": "Feature", "properties": { "nombre": "Camino sin nombre", "longitud_km": 0.33 }, "geometry": { "type": "LineString", "coordinates": [ [ -68.0797, -38.7978 ], [ -68.076, -38.7973 ] ] } },
{ "type": "Feature", "properties": { "nombre": "Camino sin nombre", "longitud_km": 0.26 }, "geometry": { "type": "LineString", "coordinates": [ [ -67.6065, -39.0872 ], [ -67.6095, -39.0868 ] ] } },
{ "type": "Feature", "properties": { "nombre": "Camino sin nombre", "longitud_km": 0.16 }, "geometry": { "type": "LineString", "coordinates": [ [ -70.8657, -41.1748 ], [ -70.8639, -41.1746 ] ] } },
{ "type": "Feature", "properties": { "nombre": "Camino sin nombre", "longitud_km": 0.15 }, "geometry": { "type": "LineString", "coordinates": [ [ -67.8271, -39.0211 ], [ -67.8273, -39.0225 ] ] } },
{ "type": "Feature", "properties": { "nombre": "Camino sin nombre", "longitud_km": 2.76 }, "geometry": { "type": "LineString", "coordinates": [ [ -70.6978, -40.8332 ], [ -70.7145, -40.8379 ], [ -70.7234, -40.8288 ] ] } },
{ "type": "Feature", "properties": { "nombre": "Camino sin nombre", "longitud_km": 1.04 }, "geometry": { "type": "LineString", "coordinates": [ [ -67.7313, -39.0243 ], [ -67.7293, -39.015 ] ] } },
{ "type": "Feature", "properties": { "nombre": "Camino sin nombre", "longitud_km": 0.19 }, "geometry": { "type": "LineString", "coordinates": [ [ -67.7272, -39.0623 ], [ -67.7274, -39.064 ] ] } },
{ "type": "Feature", "properties": { "nombre": "Camino sin nombre", "longitud_km": 5.42 }, "geometry": { "type": "LineString", "coordinates": [ [ -70.4845, -40.6976 ], [ -70.487, -40.7006 ], [ -70.479, -40.708 ], [ -70.4799, -40.7292 ], [ -70.471, -40.742 ] ] } },
{ "type": "Feature", "properties": { "nombre": "Camino sin nombre", "longitud_km": 0.63 }, "geometry": { "type": "LineString", "coordinates": [ [ -67.5461, -39.0156 ], [ -67.54, -39.0186 ] ] } },
{ "type": "Feature", "properties": { "nombre": "Camino sin nombre", "longitud_km": 1.73 }, "geometry": { "type": "LineString", "coordinates": [ [ -70.1056, -40.4646 ], [ -70.126, -40.4644 ] ] } },
{ "type": "Feature", "properties": { "nombre": "Camino sin nombre", "longitud_km": 5.56 }, "geometry": { "type": "LineString", "coordinates": [ [ -70.7645, -40.9664 ], [ -70.7387, -40.939 ], [ -70.7223, -40.9283 ] ] } },
{ "type": "Feature", "properties": { "nombre": "Camino sin nombre", "longitud_km": 0.5 }, "geometry": { "type": "LineString", "coordinates": [ [ -70.5694, -40.754 ], [ -70.5747, -40.7521 ] ] } },
{ "type": "Feature", "properties": { "nombre": "Camino sin nombre", "longitud_km": 2.78 }, "geometry": { "type": "LineString", "coordinates": [ [ -70.7826, -41.1108 ], [ -70.7636, -41.0903 ] ] } },
{ "type": "Feature", "properties": { "nombre": "Camino sin nombre", "longitud_km": 0.62 }, "geometry": { "type": "LineString", "coordinates": [ [ -67.9947, -39.0198 ], [ -67.9882, -39.0174 ] ] } },
{ "type": "Feature", "properties": { "nombre": "Camino sin nombre", "longitud_km": 0.2 }, "geometry": { "type": "LineString", "coordinates": [ [ -70.8284, -41.0898 ], [ -70.8306, -41.0892 ] ] } },
{ "type": "Feature", "properties": { "nombre": "Camino sin nombre", "longitud_km": 2.67 }, "geometry": { "type": "LineString", "coordinates": [ [ -70.7062, -40.7882 ], [ -70.7045, -40.7706 ], [ -70.7082, -40.7649 ] ] } },
{ "type": "Feature", "properties": { "nombre": "Camino sin nombre", "longitud_km": 0.08 }, "geometry": { "type": "LineString", "coordinates": [ [ -67.5776, -39.0223 ], [ -67.5779, -39.0217 ] ] } },
{ "type": "Feature", "properties": { "nombre": "Camino sin nombre", "longitud_km": 0.42 }, "geometry": { "type": "LineString", "coordinates": [ [ -67.79, -39.0356 ], [ -67.7938, -39.0333 ] ] } },
{ "type": "Feature", "properties": { "nombre": "Camino sin nombre", "longitud_km": 2.28 }, "geometry": { "type": "LineString", "coordinates": [ [ -68.0284, -38.8604 ], [ -68.046, -38.8451 ] ] } },
{ "type": "Feature", "properties": { "nombre": "Camino sin nombre", "longitud_km": 0.11 }, "geometry": { "type": "LineString", "coordinates": [ [ -67.5627, -39.0236 ], [ -67.5629, -39.0246 ] ] } },
{ "type": "Feature", "properties": { "nombre": "Camino sin nombre", "longitud_km": 2.1 }, "geometry": { "type": "LineString", "coordinates": [ [ -70.7114, -40.7212 ], [ -70.7355, -40.7256 ] ] } },
{ "type": "Feature", "properties": { "nombre": "Camino sin nombre", "longitud_km": 1.01 }, "geometry": { "type": "LineString", "coordinates": [ [ -68.1719, -38.6826 ], [ -68.1603, -38.6826 ] ] } },
{ "type": "Feature", "properties": { "nombre": "Camino sin nombre", "longitud_km": 3.08 }, "geometry": { "type": "LineString", "coordinates": [ [ -70.0963, -40.5327 ], [ -70.0765, -40.556 ] ] } },
{ "type": "Feature", "properties": { "nombre": "Camino sin nombre", "longitud_km": 1.02 }, "geometry": { "type": "LineString", "coordinates": [ [ -67.6705, -39.0788 ], [ -67.6822, -39.0774 ] ] } },
{ "type": "Feature", "properties": { "nombre": "Camino sin nombre", "longitud_km": 0.08 }, "geometry": { "type": "LineString", "coordinates": [ [ -67.5978, -39.0186 ], [ -67.5976, -39.0179 ] ] } },
{ "type": "Feature", "properties": { "nombre": "Camino sin nombre", "longitud_km": 1.81 }, "geometry": { "type": "LineString", "coordinates": [ [ -70.5251, -41.0 ], [ -70.5244, -40.9837 ] ] } },
{ "type": "Feature", "properties": { "nombre": "Camino sin nombre", "longitud_km": 2.48 }, "geometry": { "type": "LineString", "coordinates": [ [ -70.7035, -40.883 ], [ -70.7096, -40.8797 ], [ -70.7147, -40.8636 ] ] } },
{ "type": "Feature", "properties": { "nombre": "Camino sin nombre", "longitud_km": 0.03 }, "geometry": { "type": "LineString", "coordinates": [ [ -68.0773, -38.8231 ], [ -68.077, -38.823 ] ] } },
{ "type": "Feature", "properties": { "nombre": "Camino sin nombre", "longitud_km": 0.8 }, "geometry": { "type": "LineString", "coordinates": [ [ -70.8637, -41.1645 ], [ -70.8614, -41.1716 ] ] } },
{ "type": "Feature", "properties": { "nombre": "Camino sin nombre", "longitud_km": 0.06 }, "geometry": { "type": "LineString", "coordinates": [ [ -70.8809, -40.7406 ], [ -70.8812, -40.7401 ] ] } },
{ "type": "Feature", "properties": { "nombre": "Camino sin nombre", "longitud_km": 0.08 }, "geometry": { "type": "LineString", "coordinates": [ [ -67.8202, -38.9632 ], [ -67.8211, -38.963 ] ] } },
{ "type": "Feature", "properties": { "nombre": "Camino sin nombre", "longitud_km": 0.21 }, "geometry": { "type": "LineString", "coordinates": [ [ -68.152, -38.7185 ], [ -68.1497, -38.7179 ] ] } },
{ "type": "Feature", "properties": { "nombre": "Camino sin nombre", "longitud_km": 1.11 }, "geometry": { "type": "LineString", "coordinates": [ [ -67.7028, -39.0651 ], [ -67.7155, -39.0639 ] ] } },
{ "type": "Feature", "properties": { "nombre": "Camino sin nombre", "longitud_km": 0.61 }, "geometry": { "type": "LineString", "coordinates": [ [ -70.7053, -40.7123 ], [ -70.6985, -40.7141 ] ] } },
{ "type": "Feature", "properties": { "nombre": "Camino sin nombre", "longitud_km": 0.35 }, "geometry": { "type": "LineString", "coordinates": [ [ -70.7414, -41.2921 ], [ -70.7441, -41.2945 ] ] } },
{ "type": "Feature", "properties": { "nombre": "Camino sin nombre", "longitud_km": 1.04 }, "geometry": { "type": "LineString", "coordinates": [ [ -67.7625, -39.0298 ], [ -67.7744, -39.0282 ] ] } },
{ "type": "Feature", "properties": { "nombre": "Camino sin nombre", "longitud_km": 1.07 }, "geometry": { "type": "LineString", "coordinates": [ [ -67.5979, -39.0789 ], [ -67.6102, -39.0773 ] ] } },
{ "type": "Feature", "properties": { "nombre": "Camino sin nombre", "longitud_km": 0.24 }, "geometry": { "type": "LineString", "coordinates": [ [ -67.96, -39.0052 ], [ -67.9579, -39.0066 ] ] } },
{ "type": "Feature", "properties": { "nombre": "Camino sin nombre", "longitud_km": 0.2 }, "geometry": { "type": "LineString", "coordinates": [ [ -70.849, -41.0366 ], [ -70.8486, -41.0384 ] ] } },
{ "type": "Feature", "properties": { "nombre": "Camino sin nombre", "longitud_km": 0.32 }, "geometry": { "type": "LineString", "coordinates": [ [ -70.6149, -40.8122 ], [ -70.6114, -40.8111 ] ] } },
{ "type": "Feature", "properties": { "nombre": "Camino sin nombre", "longitud_km": 1.03 }, "geometry": { "type": "LineString", "coordinates": [ [ -67.6666, -39.0605 ], [ -67.6785, -39.0593 ] ] } },
{ "type": "Feature", "properties": { "nombre": "Camino sin nombre", "longitud_km": 1.0 }, "geometry": { "type": "LineString", "coordinates": [ [ -70.7183, -40.8955 ], [ -70.7271, -40.8895 ] ] } },
{ "type": "Feature", "properties": { "nombre": "Camino sin nombre", "longitud_km": 7.06 }, "geometry": { "type": "LineString", "coordinates": [ [ -68.0, -38.5465 ], [ -68.0797, -38.5352 ] ] } },
{ "type": "Feature", "properties": { "nombre": "Camino sin nombre", "longitud_km": 0.08 }, "geometry": { "type": "LineString", "coordinates": [ [ -67.5016, -39.0285 ], [ -67.5017, -39.0292 ] ] } },
{ "type": "Feature", "properties": { "nombre": "Camino sin nombre", "longitud_km": 1.36 }, "geometry": { "type": "LineString", "coordinates": [ [ -67.5628, -39.0816 ], [ -67.5498, -39.0748 ] ] } },
{ "type": "Feature", "properties": { "nombre": "Camino sin nombre", "longitud_km": 2.83 }, "geometry": { "type": "LineString", "coordinates": [ [ -70.7392, -40.7158 ], [ -70.7529, -40.7036 ], [ -70.7451, -40.6963 ] ] } },
{ "type": "Feature", "properties": { "nombre": "Camino sin nombre", "longitud_km": 0.09 }, "geometry": { "type": "LineString", "coordinates": [ [ -68.0427, -38.8327 ], [ -68.0426, -38.8335 ] ] } },
{ "type": "Feature", "properties": { "nombre": "Camino sin nombre", "longitud_km": 0.5 }, "geometry": { "type": "LineString", "coordinates": [ [ -70.7237, -40.8975 ], [ -70.7183, -40.8955 ] ] } },
{ "type": "Feature", "properties": { "nombre": "Camino sin nombre", "longitud_km": 1.01 }, "geometry": { "type": "LineString", "coordinates": [ [ -67.6648, -39.0516 ], [ -67.6666, -39.0605 ] ] } },
{ "type": "Feature", "properties": { "nombre": "Camino sin nombre", "longitud_km": 0.02 }, "geometry": { "type": "LineString", "coordinates": [ [ -67.6252, -39.0342 ], [ -67.6252, -39.0344 ] ] } },
{ "type": "Feature", "properties": { "nombre": "Camino sin nombre", "longitud_km": 0.07 }, "geometry": { "type": "LineString", "coordinates": [ [ -67.5369, -39.0271 ], [ -67.537, -39.0278 ] ] } },
{ "type": "Feature", "properties": { "nombre": "Camino sin nombre", "longitud_km": 0.74 }, "geometry": { "type": "LineString", "coordinates": [ [ -67.5711, -39.08 ], [ -67.5628, -39.0816 ] ] } },
{ "type": "Feature", "properties": { "nombre": "Camino sin nombre", "longitud_km": 0.28 }, "geometry": { "type": "LineString", "coordinates": [ [ -70.8245, -41.0031 ], [ -70.8231, -41.0054 ] ] } },
{ "type": "Feature", "properties": { "nombre": "Camino sin nombre", "longitud_km": 0.48 }, "geometry": { "type": "LineString", "coordinates": [ [ -70.7881, -41.0031 ], [ -70.7842, -41.0 ] ] } },
{ "type": "Feature", "properties": { "nombre": "Camino sin nombre", "longitud_km": 2.04 }, "geometry": { "type": "LineString", "coordinates": [ [ -70.7251, -40.878 ], [ -70.7185, -40.8763 ], [ -70.7147, -40.8636 ] ] } },
{ "type": "Feature", "properties": { "nombre": "Camino sin nombre", "longitud_km": 1.35 }, "geometry": { "type": "LineString", "coordinates": [ [ -70.5747, -40.7521 ], [ -70.5761, -40.74 ] ] } },
{ "type": "Feature", "properties": { "nombre": "Camino sin nombre", "longitud_km": 1.36 }, "geometry": { "type": "LineString", "coordinates": [ [ -70.5, -40.6908 ], [ -70.5131, -40.6837 ] ] } },
{ "type": "Feature", "properties": { "nombre": "Camino sin nombre", "longitud_km": 0.05 }, "geometry": { "type": "LineString", "coordinates": [ [ -67.837, -39.0109 ], [ -67.8376, -39.0109 ] ] } },
{ "type": "Feature", "properties": { "nombre": "Camino sin nombre", "longitud_km": 3.85 }, "geometry": { "type": "LineString", "coordinates": [ [ -70.7234, -40.8288 ], [ -70.7238, -40.817 ], [ -70.7073, -40.7978 ] ] } },
{ "type": "Feature", "properties": { "nombre": "Camino sin nombre", "longitud_km": 1.96 }, "geometry": { "type": "LineString", "coordinates": [ [ -70.8303, -40.8063 ], [ -70.8479, -40.7948 ] ] } },
{ "type": "Feature", "properties": { "nombre": "Camino sin nombre", "longitud_km": 2.22 }, "geometry": { "type": "LineString", "coordinates": [ [ -69.6115, -40.6527 ], [ -69.6378, -40.6541 ] ] } },
{ "type": "Feature", "properties": { "nombre": "Camino sin nombre", "longitud_km": 0.13 }, "geometry": { "type": "LineString", "coordinates": [ [ -68.1628, -38.7259 ], [ -68.1643, -38.726 ] ] } },
{ "type": "Feature", "properties": { "nombre": "Camino sin nombre", "longitud_km": 0.23 }, "geometry": { "type": "LineString", "coordinates": [ [ -67.514, -39.0301 ], [ -67.5144, -39.0321 ] ] } },
{ "type": "Feature", "properties": { "nombre": "Camino sin nombre", "longitud_km": 0.26 }, "geometry": { "type": "LineString", "coordinates": [ [ -67.7499, -39.0124 ], [ -67.7528, -39.0121 ] ] } },
{ "type": "Feature", "properties": { "nombre": "Camino sin nombre", "longitud_km": 0.08 }, "geometry": { "type": "LineString", "coordinates": [ [ -67.9977, -38.8852 ], [ -67.9968, -38.8852 ] ] } },
{ "type": "Feature", "properties": { "nombre": "Camino sin nombre", "longitud_km": 1.18 }, "geometry": { "type": "LineString", "coordinates": [ [ -70.5, -40.6769 ], [ -70.4961, -40.6667 ] ] } },
{ "type": "Feature", "properties": { "nombre": "Camino sin nombre", "longitud_km": 0.06 }, "geometry": { "type": "LineString", "coordinates": [ [ -68.0779, -38.8243 ], [ -68.0773, -38.8241 ] ] } },
{ "type": "Feature", "properties": { "nombre": "Camino sin nombre", "longitud_km": 2.9 }, "geometry": { "type": "LineString", "coordinates": [ [ -70.6685, -40.7253 ], [ -70.7029, -40.7244 ] ] } },
{ "type": "Feature", "properties": { "nombre": "Camino sin nombre", "longitud_km": 1.91 }, "geometry": { "type": "LineString", "coordinates": [ [ -68.1419, -38.6826 ], [ -68.12, -38.6827 ] ] } },
{ "type": "Feature", "properties": { "nombre": "Camino sin nombre", "longitud_km": 0.2 }, "geometry": { "type": "LineString", "coordinates": [ [ -67.5932, -39.0014 ], [ -67.5954, -39.0009 ] ] } },
{ "type": "Feature", "properties": { "nombre": "Camino sin nombre", "longitud_km": 0.06 }, "geometry": { "type": "LineString", "coordinates": [ [ -67.6093, -39.0153 ], [ -67.6099, -39.0157 ] ] } },
{ "type": "Feature", "properties": { "nombre": "Camino sin nombre", "longitud_km": 2.87 }, "geometry": { "type": "LineString", "coordinates": [ [ -68.1419, -38.6983 ], [ -68.1261, -38.6983 ], [ -68.1261, -38.7117 ] ] } },
{ "type": "Feature", "properties": { "nombre": "Camino sin nombre", "longitud_km": 1.6 }, "geometry": { "type": "LineString", "coordinates": [ [ -67.5829, -38.8785 ], [ -67.5965, -38.8881 ] ] } },
{ "type": "Feature", "properties": { "nombre": "Camino sin nombre", "longitud_km": 0.81 }, "geometry": { "type": "LineString", "coordinates": [ [ -68.5837, -39.1106 ], [ -68.5785, -39.1166 ] ] } },
{ "type": "Feature", "properties": { "nombre": "Camino sin nombre", "longitud_km": 0.53 }, "geometry": { "type": "LineString", "coordinates": [ [ -67.8586, -38.9985 ], [ -67.8577, -38.9938 ] ] } },
{ "type": "Feature", "properties": { "nombre": "Camino sin nombre", "longitud_km": 0.75 }, "geometry": { "type": "LineString", "coordinates": [ [ -67.9154, -38.9818 ], [ -67.9239, -38.9806 ] ] } },
{ "type": "Feature", "properties": { "nombre": "Camino sin nombre", "longitud_km": 0.55 }, "geometry": { "type": "LineString", "coordinates": [ [ -67.7166, -39.0117 ], [ -67.7177, -39.0166 ] ] } },
{ "type": "Feature", "properties": { "nombre": "Camino sin nombre", "longitud_km": 0.28 }, "geometry": { "type": "LineString", "coordinates": [ [ -67.7536, -39.0 ], [ -67.7541, -39.0025 ] ] } },
{ "type": "Feature", "properties": { "nombre": "Camino sin nombre", "longitud_km": 1.64 }, "geometry": { "type": "LineString", "coordinates": [ [ -67.5704, -39.0845 ], [ -67.5883, -39.0893 ] ] } },
{ "type": "Feature", "properties": { "nombre": "Camino sin nombre", "longitud_km": 1.56 }, "geometry": { "type": "LineString", "coordinates": [ [ -70.5356, -40.8503 ], [ -70.5369, -40.8363 ] ] } },
{ "type": "Feature", "properties": { "nombre": "Camino sin nombre", "longitud_km": 3.34 }, "geometry": { "type": "LineString", "coordinates": [ [ -68.0474, -38.8761 ], [ -68.0197, -38.876 ], [ -68.0198, -38.8675 ] ] } },
{ "type": "Feature", "properties": { "nombre": "Camino sin nombre", "longitud_km": 0.99 }, "geometry": { "type": "LineString", "coordinates": [ [ -67.6221, -39.0757 ], [ -67.6335, -39.0743 ] ] } },
{ "type": "Feature", "properties": { "nombre": "Camino sin nombre", "longitud_km": 0.88 }, "geometry": { "type": "LineString", "coordinates": [ [ -67.6684, -39.0097 ], [ -67.6698, -39.0176 ] ] } },
{ "type": "Feature", "properties": { "nombre": "Camino sin nombre", "longitud_km": 0.53 }, "geometry": { "type": "LineString", "coordinates": [ [ -67.6698, -39.0178 ], [ -67.6708, -39.0225 ] ] } },
{ "type": "Feature", "properties": { "nombre": "Camino sin nombre", "longitud_km": 1.04 }, "geometry": { "type": "LineString", "coordinates": [ [ -67.661, -39.0332 ], [ -67.6629, -39.0425 ] ] } },
{ "type": "Feature", "properties": { "nombre": "Camino sin nombre", "longitud_km": 1.02 }, "geometry": { "type": "LineString", "coordinates": [ [ -68.0079, -38.8942 ], [ -68.0079, -38.9034 ] ] } },
{ "type": "Feature", "properties": { "nombre": "Camino sin nombre", "longitud_km": 0.27 }, "geometry": { "type": "LineString", "coordinates": [ [ -70.8306, -41.0892 ], [ -70.8334, -41.0904 ] ] } },
{ "type": "Feature", "properties": { "nombre": "Camino sin nombre", "longitud_km": 0.46 }, "geometry": { "type": "LineString", "coordinates": [ [ -70.861, -41.0333 ], [ -70.8595, -41.0373 ] ] } },
{ "type": "Feature", "properties": { "nombre": "Camino sin nombre", "longitud_km": 0.29 }, "geometry": { "type": "LineString", "coordinates": [ [ -68.0571, -38.8604 ], [ -68.0571, -38.8631 ] ] } },
{ "type": "Feature", "properties": { "nombre": "Camino sin nombre", "longitud_km": 0.26 }, "geometry": { "type": "LineString", "coordinates": [ [ -67.5467, -39.0179 ], [ -67.5461, -39.0156 ] ] } },
{ "type": "Feature", "properties": { "nombre": "Camino sin nombre", "longitud_km": 1.92 }, "geometry": { "type": "LineString", "coordinates": [ [ -70.7223, -40.9283 ], [ -70.7249, -40.9193 ], [ -70.7226, -40.9214 ], [ -70.7217, -40.9162 ] ] } },
{ "type": "Feature", "properties": { "nombre": "Camino sin nombre", "longitud_km": 0.08 }, "geometry": { "type": "LineString", "coordinates": [ [ -70.7281, -41.1248 ], [ -70.728, -41.1255 ] ] } },
{ "type": "Feature", "properties": { "nombre": "Camino sin nombre", "longitud_km": 0.91 }, "geometry": { "type": "LineString", "coordinates": [ [ -67.6003, -39.0879 ], [ -67.6021, -39.096 ] ] } },
{ "type": "Feature", "properties": { "nombre": "Camino sin nombre", "longitud_km": 0.83 }, "geometry": { "type": "LineString", "coordinates": [ [ -67.8388, -38.9484 ], [ -67.8422, -38.9414 ] ] } },
{ "type": "Feature", "properties": { "nombre": "Camino sin nombre", "longitud_km": 0.05 }, "geometry": { "type": "LineString", "coordinates": [ [ -68.0741, -38.8313 ], [ -68.0736, -38.8314 ] ] } },
{ "type": "Feature", "properties": { "nombre": "Camino sin nombre", "longitud_km": 0.52 }, "geometry": { "type": "LineString", "coordinates": [ [ -67.8568, -38.9894 ], [ -67.8559, -38.9848 ] ] } },
{ "type": "Feature", "properties": { "nombre": "Camino sin nombre", "longitud_km": 0.39 }, "geometry": { "type": "LineString", "coordinates": [ [ -70.6313, -40.6734 ], [ -70.6298, -40.6767 ] ] } },
{ "type": "Feature", "properties": { "nombre": "Camino sin nombre", "longitud_km": 4.01 }, "geometry": { "type": "LineString", "coordinates": [ [ -70.5299, -40.7736 ], [ -70.5267, -40.7651 ], [ -70.5305, -40.7379 ] ] } },
{ "type": "Feature", "properties": { "nombre": "Camino sin nombre", "longitud_km": 1.04 }, "geometry": { "type": "LineString", "coordinates": [ [ -67.659, -39.024 ], [ -67.661, -39.0332 ] ] } },
{ "type": "Feature", "properties": { "nombre": "Camino sin nombre", "longitud_km": 0.12 }, "geometry": { "type": "LineString", "coordinates": [ [ -67.7986, -39.0061 ], [ -67.7999, -39.006 ] ] } },
{ "type": "Feature", "properties": { "nombre": "Camino sin nombre", "longitud_km": 1.19 }, "geometry": { "type": "LineString", "coordinates": [ [ -70.628, -40.8084 ], [ -70.6149, -40.8122 ] ] } },
{ "type": "Feature", "properties": { "nombre": "Camino sin nombre", "longitud_km": 0.37 }, "geometry": { "type": "LineString", "coordinates": [ [ -68.156, -38.7195 ], [ -68.152, -38.7185 ] ] } },
{ "type": "Feature", "properties": { "nombre": "Camino sin nombre", "longitud_km": 0.51 }, "geometry": { "type": "LineString", "coordinates": [ [ -67.8548, -39.0086 ], [ -67.8606, -39.0078 ] ] } },
{ "type": "Feature", "properties": { "nombre": "Camino sin nombre", "longitud_km": 0.77 }, "geometry": { "type": "LineString", "coordinates": [ [ -70.7367, -40.8854 ], [ -70.7301, -40.8902 ] ] } },
{ "type": "Feature", "properties": { "nombre": "Camino sin nombre", "longitud_km": 0.7 }, "geometry": { "type": "LineString", "coordinates": [ [ -68.0905, -38.8006 ], [ -68.094, -38.8063 ] ] } },
{ "type": "Feature", "properties": { "nombre": "Camino sin nombre", "longitud_km": 0.07 }, "geometry": { "type": "LineString", "coordinates": [ [ -70.5329, -40.9791 ], [ -70.5322, -40.9788 ] ] } },
{ "type": "Feature", "properties": { "nombre": "Camino sin nombre", "longitud_km": 0.76 }, "geometry": { "type": "LineString", "coordinates": [ [ -67.9019, -38.9055 ], [ -67.8932, -38.9066 ] ] } },
{ "type": "Feature", "properties": { "nombre": "Camino sin nombre", "longitud_km": 0.99 }, "geometry": { "type": "LineString", "coordinates": [ [ -67.7999, -39.006 ], [ -67.8113, -39.0045 ] ] } },
{ "type": "Feature", "properties": { "nombre": "Camino sin nombre", "longitud_km": 0.07 }, "geometry": { "type": "LineString", "coordinates": [ [ -68.0081, -38.9523 ], [ -68.0074, -38.9526 ] ] } },
{ "type": "Feature", "properties": { "nombre": "Camino sin nombre", "longitud_km": 0.09 }, "geometry": { "type": "LineString", "coordinates": [ [ -67.5013, -39.027 ], [ -67.5014, -39.0278 ] ] } },
{ "type": "Feature", "properties": { "nombre": "Camino sin nombre", "longitud_km": 2.98 }, "geometry": { "type": "LineString", "coordinates": [ [ -70.0765, -40.556 ], [ -70.0528, -40.5758 ] ] } },
{ "type": "Feature", "properties": { "nombre": "Camino sin nombre", "longitud_km": 1.03 }, "geometry": { "type": "LineString", "coordinates": [ [ -67.6374, -39.0927 ], [ -67.6491, -39.091 ] ] } },
{ "type": "Feature", "properties": { "nombre": "Camino sin nombre", "longitud_km": 0.04 }, "geometry": { "type": "LineString", "coordinates": [ [ -68.0474, -38.8761 ], [ -68.0479, -38.8761 ] ] } },
{ "type": "Feature", "properties": { "nombre": "Camino sin nombre", "longitud_km": 0.28 }, "geometry": { "type": "LineString", "coordinates": [ [ -67.556, -39.0651 ], [ -67.5592, -39.0646 ] ] } },
{ "type": "Feature", "properties": { "nombre": "Camino sin nombre", "longitud_km": 5.35 }, "geometry": { "type": "LineString", "coordinates": [ [ -70.2173, -41.0 ], [ -70.2201, -40.9943 ], [ -70.2141, -40.9707 ], [ -70.2288, -40.9565 ] ] } },
{ "type": "Feature", "properties": { "nombre": "Camino sin nombre", "longitud_km": 1.06 }, "geometry": { "type": "LineString", "coordinates": [ [ -67.6825, -39.021 ], [ -67.6845, -39.0304 ] ] } },
{ "type": "Feature", "properties": { "nombre": "Camino sin nombre", "longitud_km": 0.57 }, "geometry": { "type": "LineString", "coordinates": [ [ -70.8614, -41.1749 ], [ -70.8629, -41.1799 ] ] } },
{ "type": "Feature", "properties": { "nombre": "Camino sin nombre", "longitud_km": 2.37 }, "geometry": { "type": "LineString", "coordinates": [ [ -70.7899, -41.1391 ], [ -70.7792, -41.1441 ], [ -70.7704, -41.1342 ] ] } },
{ "type": "Feature", "properties": { "nombre": "Camino sin nombre", "longitud_km": 0.03 }, "geometry": { "type": "LineString", "coordinates": [ [ -67.5439, -39.0145 ], [ -67.5435, -39.0145 ] ] } },
{ "type": "Feature", "properties": { "nombre": "Camino sin nombre", "longitud_km": 0.11 }, "geometry": { "type": "LineString", "coordinates": [ [ -67.616, -39.1046 ], [ -67.6172, -39.1045 ] ] } },
{ "type": "Feature", "properties": { "nombre": "Camino sin nombre", "longitud_km": 6.87 }, "geometry": { "type": "LineString", "coordinates": [ [ -68.088, -38.7538 ], [ -68.0795, -38.7868 ], [ -68.066, -38.8129 ] ] } },
{ "type": "Feature", "properties": { "nombre": "Camino sin nombre", "longitud_km": 0.1 }, "geometry": { "type": "LineString", "coordinates": [ [ -67.5356, -39.0199 ], [ -67.5355, -39.019 ] ] } },
{ "type": "Feature", "properties": { "nombre": "Camino sin nombre", "longitud_km": 1.05 }, "geometry": { "type": "LineString", "coordinates": [ [ -67.6961, -39.0287 ], [ -67.698, -39.038 ] ] } },
{ "type": "Feature", "properties": { "nombre": "Camino sin nombre", "longitud_km": 1.32 }, "geometry": { "type": "LineString", "coordinates": [ [ -70.5447, -40.7329 ], [ -70.5305, -40.7379 ] ] } },
{ "type": "Feature", "properties": { "nombre": "Camino sin nombre", "longitud_km": 1.35 }, "geometry": { "type": "LineString", "coordinates": [ [ -68.0982, -38.7607 ], [ -68.089, -38.7614 ], [ -68.0874, -38.7566 ] ] } },
{ "type": "Feature", "properties": { "nombre": "Camino sin nombre", "longitud_km": 0.28 }, "geometry": { "type": "LineString", "coordinates": [ [ -70.8673, -41.1882 ], [ -70.8696, -41.19 ] ] } },
{ "type": "Feature", "properties": { "nombre": "Camino sin nombre", "longitud_km": 0.88 }, "geometry": { "type": "LineString", "coordinates": [ [ -70.598, -40.7325 ], [ -70.5985, -40.7404 ] ] } },
{ "type": "Feature", "properties": { "nombre": "Camino sin nombre", "longitud_km": 0.22 }, "geometry": { "type": "LineString", "coordinates": [ [ -67.5038, -39.0267 ], [ -67.5013, -39.027 ] ] } },
{ "type": "Feature", "properties": { "nombre": "Camino sin nombre", "longitud_km": 1.04 }, "geometry": { "type": "LineString", "coordinates": [ [ -67.8876, -38.9643 ], [ -67.8895, -38.9736 ] ] } },
{ "type": "Feature", "properties": { "nombre": "Camino sin nombre", "longitud_km": 1.49 }, "geometry": { "type": "LineString", "coordinates": [ [ -70.7147, -40.8636 ], [ -70.7215, -40.8512 ] ] } },
{ "type": "Feature", "properties": { "nombre": "Camino sin nombre", "longitud_km": 0.8 }, "geometry": { "type": "LineString", "coordinates": [ [ -70.8495, -41.0259 ], [ -70.8497, -41.0331 ] ] } },
{ "type": "Feature", "properties": { "nombre": "Camino sin nombre", "longitud_km": 0.89 }, "geometry": { "type": "LineString", "coordinates": [ [ -67.561, -39.0738 ], [ -67.5628, -39.0816 ] ] } },
{ "type": "Feature", "properties": { "nombre": "Camino sin nombre", "longitud_km": 0.43 }, "geometry": { "type": "LineString", "coordinates": [ [ -67.6417, -39.0166 ], [ -67.6436, -39.0201 ] ] } },
{ "type": "Feature", "properties": { "nombre": "Camino sin nombre", "longitud_km": 0.06 }, "geometry": { "type": "LineString", "coordinates": [ [ -68.0665, -38.8134 ], [ -68.066, -38.8129 ] ] } },
{ "type": "Feature", "properties": { "nombre": "Camino sin nombre", "longitud_km": 0.02 }, "geometry": { "type": "LineString", "coordinates": [ [ -67.5006, -39.0237 ], [ -67.5005, -39.0235 ] ] } },
{ "type": "Feature", "properties": { "nombre": "Camino sin nombre", "longitud_km": 1.02 }, "geometry": { "type": "LineString", "coordinates": [ [ -67.6374, -39.0927 ], [ -67.6393, -39.1017 ] ] } },
{ "type": "Feature", "properties": { "nombre": "Camino sin nombre", "longitud_km": 0.32 }, "geometry": { "type": "LineString", "coordinates": [ [ -70.5801, -40.7412 ], [ -70.5832, -40.7396 ] ] } },
{ "type": "Feature", "properties": { "nombre": "Camino sin nombre", "longitud_km": 0.73 }, "geometry": { "type": "LineString", "coordinates": [ [ -67.6309, -39.1027 ], [ -67.6393, -39.1017 ] ] } },
{ "type": "Feature", "properties": { "nombre": "Camino sin nombre", "longitud_km": 0.32 }, "geometry": { "type": "LineString", "coordinates": [ [ -68.1643, -38.726 ], [ -68.1677, -38.7249 ] ] } },
{ "type": "Feature", "properties": { "nombre": "Camino sin nombre", "longitud_km": 1.99 }, "geometry": { "type": "LineString", "coordinates": [ [ -70.7051, -40.7499 ], [ -70.7008, -40.7323 ] ] } },
{ "type": "Feature", "properties": { "nombre": "Camino sin nombre", "longitud_km": 0.8 }, "geometry": { "type": "LineString", "coordinates": [ [ -67.7618, -38.9961 ], [ -67.7534, -38.9991 ] ] } },
{ "type": "Feature", "properties": { "nombre": "Camino sin nombre", "longitud_km": 0.21 }, "geometry": { "type": "LineString", "coordinates": [ [ -68.1713, -38.7242 ], [ -68.1696, -38.7229 ] ] } },
{ "type": "Feature", "properties": { "nombre": "Camino sin nombre", "longitud_km": 0.01 }, "geometry": { "type": "LineString", "coordinates": [ [ -67.5129, -39.0255 ], [ -67.5128, -39.0255 ] ] } },
{ "type": "Feature", "properties": { "nombre": "Camino sin nombre", "longitud_km": 0.52 }, "geometry": { "type": "LineString", "coordinates": [ [ -67.7332, -39.0334 ], [ -67.7391, -39.0327 ] ] } },
{ "type": "Feature", "properties": { "nombre": "Camino sin nombre", "longitud_km": 0.28 }, "geometry": { "type": "LineString", "coordinates": [ [ -67.9906, -38.9146 ], [ -67.9907, -38.9121 ] ] } },
{ "type": "Feature", "properties": { "nombre": "Camino sin nombre", "longitud_km": 0.03 }, "geometry": { "type": "LineString", "coordinates": [ [ -67.7973, -38.9827 ], [ -67.7976, -38.9826 ] ] } },
{ "type": "Feature", "properties": { "nombre": "Camino sin nombre", "longitud_km": 0.01 }, "geometry": { "type": "LineString", "coordinates": [ [ -67.7976, -38.9826 ], [ -67.7977, -38.9826 ] ] } },
{ "type": "Feature", "properties": { "nombre": "Camino sin nombre", "longitud_km": 2.66 }, "geometry": { "type": "LineString", "coordinates": [ [ -69.5332, -40.3333 ], [ -69.5352, -40.3485 ], [ -69.5287, -40.3557 ] ] } },
{ "type": "Feature", "properties": { "nombre": "Camino sin nombre", "longitud_km": 0.99 }, "geometry": { "type": "LineString", "coordinates": [ [ -67.6184, -39.0575 ], [ -67.6297, -39.056 ] ] } },
{ "type": "Feature", "properties": { "nombre": "Camino sin nombre", "longitud_km": 0.58 }, "geometry": { "type": "LineString", "coordinates": [ [ -68.1419, -38.6826 ], [ -68.1419, -38.6878 ] ] } },
{ "type": "Feature", "properties": { "nombre": "Camino sin nombre", "longitud_km": 1.04 }, "geometry": { "type": "LineString", "coordinates": [ [ -67.7999, -39.006 ], [ -67.8019, -39.0152 ] ] } },
{ "type": "Feature", "properties": { "nombre": "Camino sin nombre", "longitud_km": 1.04 }, "geometry": { "type": "LineString", "coordinates": [ [ -67.5051, -39.0452 ], [ -67.507, -39.0545 ] ] } },
{ "type": "Feature", "properties": { "nombre": "Camino sin nombre", "longitud_km": 4.22 }, "geometry": { "type": "LineString", "coordinates": [ [ -70.7698, -40.7356 ], [ -70.7639, -40.7334 ], [ -70.7639, -40.7258 ], [ -70.7573, -40.719 ], [ -70.7424, -40.7208 ], [ -70.7392, -40.7158 ] ] } },
{ "type": "Feature", "properties": { "nombre": "Camino sin nombre", "longitud_km": 0.64 }, "geometry": { "type": "LineString", "coordinates": [ [ -68.066, -38.8129 ], [ -68.0597, -38.8159 ] ] } },
{ "type": "Feature", "properties": { "nombre": "Camino sin nombre", "longitud_km": 1.01 }, "geometry": { "type": "LineString", "coordinates": [ [ -67.6822, -39.0774 ], [ -67.6937, -39.0759 ] ] } },
{ "type": "Feature", "properties": { "nombre": "Camino sin nombre", "longitud_km": 1.07 }, "geometry": { "type": "LineString", "coordinates": [ [ -67.8785, -38.9773 ], [ -67.8663, -38.9789 ] ] } },
{ "type": "Feature", "properties": { "nombre": "Camino sin nombre", "longitud_km": 3.04 }, "geometry": { "type": "LineString", "coordinates": [ [ -70.8405, -41.1329 ], [ -70.851, -41.1409 ], [ -70.8475, -41.1488 ], [ -70.856, -41.1531 ] ] } },
{ "type": "Feature", "properties": { "nombre": "Camino sin nombre", "longitud_km": 0.19 }, "geometry": { "type": "LineString", "coordinates": [ [ -70.0305, -40.5172 ], [ -70.0286, -40.5163 ] ] } },
{ "type": "Feature", "properties": { "nombre": "Camino sin nombre", "longitud_km": 1.42 }, "geometry": { "type": "LineString", "coordinates": [ [ -68.0243, -38.9035 ], [ -68.0079, -38.9034 ] ] } },
{ "type": "Feature", "properties": { "nombre": "Camino sin nombre", "longitud_km": 1.02 }, "geometry": { "type": "LineString", "coordinates": [ [ -67.6491, -39.091 ], [ -67.6608, -39.0894 ] ] } },
{ "type": "Feature", "properties": { "nombre": "Camino sin nombre", "longitud_km": 1.45 }, "geometry": { "type": "LineString", "coordinates": [ [ -68.5458, -39.1165 ], [ -68.5309, -39.1105 ] ] } },
{ "type": "Feature", "properties": { "nombre": "Camino sin nombre", "longitud_km": 1.02 }, "geometry": { "type": "LineString", "coordinates": [ [ -67.8115, -39.0046 ], [ -67.8232, -39.0031 ] ] } },
{ "type": "Feature", "properties": { "nombre": "Camino sin nombre", "longitud_km": 0.13 }, "geometry": { "type": "LineString", "coordinates": [ [ -67.9407, -38.9873 ], [ -67.9411, -38.9885 ] ] } },
{ "type": "Feature", "properties": { "nombre": "Camino sin nombre", "longitud_km": 1.03 }, "geometry": { "type": "LineString", "coordinates": [ [ -67.7214, -39.035 ], [ -67.7232, -39.0441 ] ] } },
{ "type": "Feature", "properties": { "nombre": "Camino sin nombre", "longitud_km": 0.1 }, "geometry": { "type": "LineString", "coordinates": [ [ -67.5011, -39.0261 ], [ -67.5013, -39.027 ] ] } },
{ "type": "Feature", "properties": { "nombre": "Camino sin nombre", "longitud_km": 1.05 }, "geometry": { "type": "LineString", "coordinates": [ [ -67.6102, -39.0773 ], [ -67.6221, -39.0757 ] ] } },
{ "type": "Feature", "properties": { "nombre": "Camino sin nombre", "longitud_km": 10.35 }, "geometry": { "type": "LineString", "coordinates": [ [ -70.0389, -40.4939 ], [ -70.0635, -40.4795 ], [ -70.0821, -40.4745 ], [ -70.0989, -40.4449 ], [ -70.107, -40.451 ], [ -70.1056, -40.4646 ] ] } },
{ "type": "Feature", "properties": { "nombre": "Camino sin nombre", "longitud_km": 0.19 }, "geometry": { "type": "LineString", "coordinates": [ [ -70.7301, -40.8902 ], [ -70.7323, -40.8902 ] ] } },
{ "type": "Feature", "properties": { "nombre": "Camino sin nombre", "longitud_km": 1.02 }, "geometry": { "type": "LineString", "coordinates": [ [ -67.7232, -39.0441 ], [ -67.7253, -39.0531 ] ] } },
{ "type": "Feature", "properties": { "nombre": "Camino sin nombre", "longitud_km": 1.04 }, "geometry": { "type": "LineString", "coordinates": [ [ -67.6493, -39.0347 ], [ -67.6512, -39.0439 ] ] } },
{ "type": "Feature", "properties": { "nombre": "Camino sin nombre", "longitud_km": 0.59 }, "geometry": { "type": "LineString", "coordinates": [ [ -68.0803, -38.7985 ], [ -68.0832, -38.8033 ] ] } },
{ "type": "Feature", "properties": { "nombre": "Camino sin nombre", "longitud_km": 4.27 }, "geometry": { "type": "LineString", "coordinates": [ [ -70.6318, -40.9912 ], [ -70.618, -40.9875 ], [ -70.6215, -40.9806 ], [ -70.6173, -40.9761 ], [ -70.5989, -40.9724 ] ] } },
{ "type": "Feature", "properties": { "nombre": "Camino sin nombre", "longitud_km": 1.03 }, "geometry": { "type": "LineString", "coordinates": [ [ -67.8271, -39.0211 ], [ -67.8388, -39.0197 ] ] } },
{ "type": "Feature", "properties": { "nombre": "Camino sin nombre", "longitud_km": 2.11 }, "geometry": { "type": "LineString", "coordinates": [ [ -70.5, -40.5543 ], [ -70.4762, -40.5486 ] ] } },
{ "type": "Feature", "properties": { "nombre": "Camino sin nombre", "longitud_km": 1.29 }, "geometry": { "type": "LineString", "coordinates": [ [ -70.7062, -40.7882 ], [ -70.698, -40.7842 ], [ -70.7, -40.7803 ] ] } },
{ "type": "Feature", "properties": { "nombre": "Camino sin nombre", "longitud_km": 0.09 }, "geometry": { "type": "LineString", "coordinates": [ [ -68.0868, -38.7794 ], [ -68.0862, -38.7788 ] ] } },
{ "type": "Feature", "properties": { "nombre": "Camino sin nombre", "longitud_km": 1.08 }, "geometry": { "type": "LineString", "coordinates": [ [ -68.1544, -38.6826 ], [ -68.1419, -38.6826 ] ] } },
{ "type": "Feature", "properties": { "nombre": "Camino sin nombre", "longitud_km": 0.19 }, "geometry": { "type": "LineString", "coordinates": [ [ -67.5397, -39.0169 ], [ -67.54, -39.0186 ] ] } },
{ "type": "Feature", "properties": { "nombre": "Camino sin nombre", "longitud_km": 0.27 }, "geometry": { "type": "LineString", "coordinates": [ [ -68.1253, -38.7367 ], [ -68.1251, -38.7392 ] ] } },
{ "type": "Feature", "properties": { "nombre": "Camino sin nombre", "longitud_km": 0.23 }, "geometry": { "type": "LineString", "coordinates": [ [ -70.7094, -40.7228 ], [ -70.7071, -40.7217 ] ] } },
{ "type": "Feature", "properties": { "nombre": "Camino sin nombre", "longitud_km": 1.02 }, "geometry": { "type": "LineString", "coordinates": [ [ -67.7116, -39.0456 ], [ -67.7135, -39.0547 ] ] } },
{ "type": "Feature", "properties": { "nombre": "Camino sin nombre", "longitud_km": 1.78 }, "geometry": { "type": "LineString", "coordinates": [ [ -68.1624, -38.6983 ], [ -68.1419, -38.6983 ] ] } },
{ "type": "Feature", "properties": { "nombre": "Camino sin nombre", "longitud_km": 0.58 }, "geometry": { "type": "LineString", "coordinates": [ [ -68.1419, -38.693 ], [ -68.1419, -38.6983 ] ] } },
{ "type": "Feature", "properties": { "nombre": "Camino sin nombre", "longitud_km": 1.27 }, "geometry": { "type": "LineString", "coordinates": [ [ -67.9737, -37.6282 ], [ -67.9753, -37.6168 ] ] } },
{ "type": "Feature", "properties": { "nombre": "Camino sin nombre", "longitud_km": 2.12 }, "geometry": { "type": "LineString", "coordinates": [ [ -67.9737, -37.6282 ], [ -67.9701, -37.6471 ] ] } },
{ "type": "Feature", "properties": { "nombre": "Camino sin nombre", "longitud_km": 9.83 }, "geometry": { "type": "LineString", "coordinates": [ [ -67.8934, -37.6612 ], [ -67.9168, -37.6442 ], [ -67.9311, -37.6205 ], [ -67.96, -37.6193 ], [ -67.9737, -37.6282 ] ] } },
{ "type": "Feature", "properties": { "nombre": "Camino sin nombre", "longitud_km": 7.15 }, "geometry": { "type": "LineString", "coordinates": [ [ -67.7489, -37.6605 ], [ -67.778, -37.6821 ], [ -67.8023, -37.7086 ] ] } },
{ "type": "Feature", "properties": { "nombre": "Camino sin nombre", "longitud_km": 2.07 }, "geometry": { "type": "LineString", "coordinates": [ [ -67.8932, -37.6932 ], [ -67.8698, -37.6932 ] ] } },
{ "type": "Feature", "properties": { "nombre": "Camino sin nombre", "longitud_km": 7.04 }, "geometry": { "type": "LineString", "coordinates": [ [ -67.8698, -37.6932 ], [ -67.8061, -37.6932 ], [ -67.8063, -37.706 ] ] } },
{ "type": "Feature", "properties": { "nombre": "Camino sin nombre", "longitud_km": 0.16 }, "geometry": { "type": "LineString", "coordinates": [ [ -67.5993, -39.0087 ], [ -67.5984, -39.0075 ] ] } },
{ "type": "Feature", "properties": { "nombre": "Camino sin nombre", "longitud_km": 6.37 }, "geometry": { "type": "LineString", "coordinates": [ [ -67.8803, -37.7604 ], [ -67.8817, -37.7349 ], [ -67.8692, -37.7188 ], [ -67.8695, -37.7059 ] ] } },
{ "type": "Feature", "properties": { "nombre": "Camino sin nombre", "longitud_km": 9.16 }, "geometry": { "type": "LineString", "coordinates": [ [ -67.8023, -37.7086 ], [ -67.8784, -37.7647 ] ] } },
{ "type": "Feature", "properties": { "nombre": "Camino sin nombre", "longitud_km": 0.5 }, "geometry": { "type": "LineString", "coordinates": [ [ -67.8784, -37.7647 ], [ -67.8803, -37.7604 ] ] } },
{ "type": "Feature", "properties": { "nombre": "Camino sin nombre", "longitud_km": 4.55 }, "geometry": { "type": "LineString", "coordinates": [ [ -67.8531, -37.7997 ], [ -67.87, -37.7835 ], [ -67.8784, -37.7647 ] ] } },
{ "type": "Feature", "properties": { "nombre": "Camino sin nombre", "longitud_km": 6.49 }, "geometry": { "type": "LineString", "coordinates": [ [ -67.8784, -37.7647 ], [ -67.9361, -37.8011 ] ] } },
{ "type": "Feature", "properties": { "nombre": "Camino sin nombre", "longitud_km": 4.16 }, "geometry": { "type": "LineString", "coordinates": [ [ -67.9361, -37.8011 ], [ -67.9694, -37.7745 ] ] } },
{ "type": "Feature", "properties": { "nombre": "Camino sin nombre", "longitud_km": 2.91 }, "geometry": { "type": "LineString", "coordinates": [ [ -67.8531, -37.7997 ], [ -67.846, -37.7983 ], [ -67.8243, -37.8092 ] ] } },
{ "type": "Feature", "properties": { "nombre": "Camino sin nombre", "longitud_km": 4.43 }, "geometry": { "type": "LineString", "coordinates": [ [ -67.9361, -37.8011 ], [ -67.9754, -37.8261 ] ] } },
{ "type": "Feature", "properties": { "nombre": "Camino sin nombre", "longitud_km": 5.74 }, "geometry": { "type": "LineString", "coordinates": [ [ -67.8243, -37.8092 ], [ -67.7982, -37.8121 ], [ -67.775, -37.8369 ] ] } },
{ "type": "Feature", "properties": { "nombre": "Camino sin nombre", "longitud_km": 5.25 }, "geometry": { "type": "LineString", "coordinates": [ [ -67.7824, -37.843 ], [ -67.8243, -37.8092 ] ] } },
{ "type": "Feature", "properties": { "nombre": "Camino sin nombre", "longitud_km": 7.84 }, "geometry": { "type": "LineString", "coordinates": [ [ -67.8131, -37.8585 ], [ -67.8197, -37.858 ], [ -67.8285, -37.8484 ], [ -67.8407, -37.8115 ], [ -67.8531, -37.7997 ] ] } },
{ "type": "Feature", "properties": { "nombre": "Camino sin nombre", "longitud_km": 2.69 }, "geometry": { "type": "LineString", "coordinates": [ [ -67.8202, -37.8647 ], [ -67.8384, -37.8588 ], [ -67.843, -37.851 ] ] } },
{ "type": "Feature", "properties": { "nombre": "Camino sin nombre", "longitud_km": 2.75 }, "geometry": { "type": "LineString", "coordinates": [ [ -67.8279, -37.9014 ], [ -67.8085, -37.8915 ], [ -67.8053, -37.8855 ] ] } },
{ "type": "Feature", "properties": { "nombre": "Camino sin nombre", "longitud_km": 2.99 }, "geometry": { "type": "LineString", "coordinates": [ [ -67.9334, -37.8973 ], [ -67.9032, -37.8848 ] ] } },
{ "type": "Feature", "properties": { "nombre": "Camino sin nombre", "longitud_km": 6.99 }, "geometry": { "type": "LineString", "coordinates": [ [ -67.8279, -37.9014 ], [ -67.8866, -37.9438 ] ] } },
{ "type": "Feature", "properties": { "nombre": "Camino sin nombre", "longitud_km": 7.5 }, "geometry": { "type": "LineString", "coordinates": [ [ -67.8866, -37.9438 ], [ -67.9303, -37.9735 ], [ -67.9372, -37.971 ], [ -67.9443, -37.9773 ], [ -67.9446, -37.9849 ] ] } },
{ "type": "Feature", "properties": { "nombre": "Camino sin nombre", "longitud_km": 0.73 }, "geometry": { "type": "LineString", "coordinates": [ [ -67.9446, -37.9849 ], [ -67.9514, -37.9888 ] ] } },
{ "type": "Feature", "properties": { "nombre": "Camino sin nombre", "longitud_km": 2.53 }, "geometry": { "type": "LineString", "coordinates": [ [ -67.9446, -37.9849 ], [ -67.9328, -37.9898 ], [ -67.9243, -38.0 ] ] } },
{ "type": "Feature", "properties": { "nombre": "Camino sin nombre", "longitud_km": 1.66 }, "geometry": { "type": "LineString", "coordinates": [ [ -67.9602, -38.0 ], [ -67.9512, -37.9953 ], [ -67.9514, -37.9888 ] ] } },
{ "type": "Feature", "properties": { "nombre": "Camino sin nombre", "longitud_km": 3.06 }, "geometry": { "type": "LineString", "coordinates": [ [ -67.8647, -38.0259 ], [ -67.8995, -38.0275 ] ] } },
{ "type": "Feature", "properties": { "nombre": "Camino sin nombre", "longitud_km": 2.14 }, "geometry": { "type": "LineString", "coordinates": [ [ -67.9137, -38.0119 ], [ -67.8995, -38.0275 ] ] } },
{ "type": "Feature", "properties": { "nombre": "Camino sin nombre", "longitud_km": 5.19 }, "geometry": { "type": "LineString", "coordinates": [ [ -67.8632, -38.0664 ], [ -67.9223, -38.068 ] ] } },
{ "type": "Feature", "properties": { "nombre": "Camino sin nombre", "longitud_km": 6.49 }, "geometry": { "type": "LineString", "coordinates": [ [ -67.9566, -38.1805 ], [ -67.9254, -38.1863 ], [ -67.8885, -38.1703 ] ] } },
{ "type": "Feature", "properties": { "nombre": "Camino sin nombre", "longitud_km": 0.56 }, "geometry": { "type": "LineString", "coordinates": [ [ -67.9832, -38.2118 ], [ -67.977, -38.2105 ] ] } },
{ "type": "Feature", "properties": { "nombre": "Camino sin nombre", "longitud_km": 34.75 }, "geometry": { "type": "LineString", "coordinates": [ [ -67.8005, -38.6321 ], [ -67.9197, -38.3333 ] ] } },
{ "type": "Feature", "properties": { "nombre": "Camino sin nombre", "longitud_km": 96.1 }, "geometry": { "type": "LineString", "coordinates": [ [ -67.2936, -38.317 ], [ -67.2549, -38.343 ], [ -67.1799, -38.344 ], [ -67.0888, -38.4281 ], [ -67.0641, -38.4301 ], [ -67.0567, -38.4386 ], [ -66.8958, -38.4719 ], [ -66.871, -38.4913 ], [ -66.8137, -38.5078 ], [ -66.7628, -38.5449 ], [ -66.6447, -38.6072 ], [ -66.6314, -38.6878 ], [ -66.6149, -38.7062 ], [ -66.5946, -38.7058 ], [ -66.4984, -38.7423 ], [ -66.4345, -38.7476 ] ] } },
{ "type": "Feature", "properties": { "nombre": "Camino sin nombre", "longitud_km": 72.89 }, "geometry": { "type": "LineString", "coordinates": [ [ -67.3438, -38.9806 ], [ -67.3404, -38.9687 ], [ -67.307, -38.9311 ], [ -67.1965, -38.8562 ], [ -67.2443, -38.8144 ], [ -67.2113, -38.7033 ], [ -67.213, -38.6443 ], [ -67.4261, -38.4517 ] ] } },
{ "type": "Feature", "properties": { "nombre": "Camino sin nombre", "longitud_km": 2.53 }, "geometry": { "type": "LineString", "coordinates": [ [ -67.8232, -38.6464 ], [ -67.8005, -38.6321 ] ] } },
{ "type": "Feature", "properties": { "nombre": "Camino sin nombre", "longitud_km": 1.98 }, "geometry": { "type": "LineString", "coordinates": [ [ -66.4116, -38.7456 ], [ -66.4344, -38.7452 ] ] } },
{ "type": "Feature", "properties": { "nombre": "Camino sin nombre", "longitud_km": 1.33 }, "geometry": { "type": "LineString", "coordinates": [ [ -64.3599, -38.9103 ], [ -64.3523, -38.8999 ] ] } },
{ "type": "Feature", "properties": { "nombre": "Camino sin nombre", "longitud_km": 9.12 }, "geometry": { "type": "LineString", "coordinates": [ [ -64.3165, -38.923 ], [ -64.2998, -38.9026 ], [ -64.2913, -38.9141 ], [ -64.2681, -38.9223 ], [ -64.2445, -38.939 ] ] } },
{ "type": "Feature", "properties": { "nombre": "Camino sin nombre", "longitud_km": 5.93 }, "geometry": { "type": "LineString", "coordinates": [ [ -64.1316, -38.9764 ], [ -64.1628, -38.9715 ], [ -64.1872, -38.9501 ] ] } },
{ "type": "Feature", "properties": { "nombre": "Camino sin nombre", "longitud_km": 1.97 }, "geometry": { "type": "LineString", "coordinates": [ [ -64.0974, -39.0117 ], [ -64.0747, -39.0121 ] ] } },
{ "type": "Feature", "properties": { "nombre": "Camino sin nombre", "longitud_km": 73.36 }, "geometry": { "type": "LineString", "coordinates": [ [ -64.3153, -39.6015 ], [ -64.3138, -39.528 ], [ -64.2951, -39.4074 ], [ -64.2837, -39.3829 ], [ -64.2829, -39.365 ], [ -64.2569, -39.2983 ], [ -64.2584, -39.2843 ], [ -64.2411, -39.2375 ], [ -64.212, -39.2052 ], [ -64.2114, -39.1724 ], [ -64.1927, -39.15 ], [ -64.1909, -39.0734 ], [ -64.1716, -39.0604 ], [ -64.133, -39.0577 ], [ -64.132, -39.0006 ], [ -64.1385, -38.9963 ] ] } },
{ "type": "Feature", "properties": { "nombre": "Camino sin nombre", "longitud_km": 1.05 }, "geometry": { "type": "LineString", "coordinates": [ [ -64.0351, -39.0123 ], [ -64.023, -39.012 ] ] } },
{ "type": "Feature", "properties": { "nombre": "Camino sin nombre", "longitud_km": 3.51 }, "geometry": { "type": "LineString", "coordinates": [ [ -64.0351, -39.0123 ], [ -64.0345, -39.0028 ], [ -64.0524, -39.0045 ], [ -64.0539, -39.0125 ] ] } },
{ "type": "Feature", "properties": { "nombre": "Camino sin nombre", "longitud_km": 1.8 }, "geometry": { "type": "LineString", "coordinates": [ [ -64.0747, -39.0121 ], [ -64.0539, -39.0125 ] ] } },
{ "type": "Feature", "properties": { "nombre": "Camino sin nombre", "longitud_km": 1.63 }, "geometry": { "type": "LineString", "coordinates": [ [ -64.0539, -39.0125 ], [ -64.0351, -39.0123 ] ] } },
{ "type": "Feature", "properties": { "nombre": "Camino sin nombre", "longitud_km": 0.67 }, "geometry": { "type": "LineString", "coordinates": [ [ -64.0354, -39.0183 ], [ -64.0351, -39.0123 ] ] } },
{ "type": "Feature", "properties": { "nombre": "Camino sin nombre", "longitud_km": 40.27 }, "geometry": { "type": "LineString", "coordinates": [ [ -64.9411, -39.033 ], [ -64.7127, -39.033 ], [ -64.4771, -39.0152 ] ] } },
{ "type": "Feature", "properties": { "nombre": "Camino sin nombre", "longitud_km": 2.52 }, "geometry": { "type": "LineString", "coordinates": [ [ -64.0126, -39.0276 ], [ -63.9927, -39.011 ] ] } },
{ "type": "Feature", "properties": { "nombre": "Camino sin nombre", "longitud_km": 2.06 }, "geometry": { "type": "LineString", "coordinates": [ [ -64.0563, -39.0257 ], [ -64.0569, -39.0443 ] ] } },
{ "type": "Feature", "properties": { "nombre": "Camino sin nombre", "longitud_km": 2.19 }, "geometry": { "type": "LineString", "coordinates": [ [ -64.0749, -39.0303 ], [ -64.0569, -39.0443 ] ] } },
{ "type": "Feature", "properties": { "nombre": "Camino sin nombre", "longitud_km": 20.08 }, "geometry": { "type": "LineString", "coordinates": [ [ -65.173, -39.0315 ], [ -64.9411, -39.033 ] ] } },
{ "type": "Feature", "properties": { "nombre": "Camino sin nombre", "longitud_km": 22.42 }, "geometry": { "type": "LineString", "coordinates": [ [ -65.4319, -39.0294 ], [ -65.173, -39.0315 ] ] } },
{ "type": "Feature", "properties": { "nombre": "Camino sin nombre", "longitud_km": 57.38 }, "geometry": { "type": "LineString", "coordinates": [ [ -66.0944, -39.0375 ], [ -65.5746, -39.0272 ], [ -65.4319, -39.0294 ] ] } },
{ "type": "Feature", "properties": { "nombre": "Camino sin nombre", "longitud_km": 1.7 }, "geometry": { "type": "LineString", "coordinates": [ [ -63.9801, -39.0461 ], [ -63.9615, -39.0512 ] ] } },
{ "type": "Feature", "properties": { "nombre": "Camino sin nombre", "longitud_km": 2.35 }, "geometry": { "type": "LineString", "coordinates": [ [ -64.002, -39.0473 ], [ -63.9883, -39.0524 ], [ -63.9877, -39.0431 ] ] } },
{ "type": "Feature", "properties": { "nombre": "Camino sin nombre", "longitud_km": 2.52 }, "geometry": { "type": "LineString", "coordinates": [ [ -64.0293, -39.0351 ], [ -64.0303, -39.0578 ] ] } },
{ "type": "Feature", "properties": { "nombre": "Camino sin nombre", "longitud_km": 2.75 }, "geometry": { "type": "LineString", "coordinates": [ [ -64.0569, -39.0443 ], [ -64.0303, -39.0578 ] ] } },
{ "type": "Feature", "properties": { "nombre": "Camino sin nombre", "longitud_km": 4.22 }, "geometry": { "type": "LineString", "coordinates": [ [ -63.9799, -39.0622 ], [ -63.9312, -39.0624 ] ] } },
{ "type": "Feature", "properties": { "nombre": "Camino sin nombre", "longitud_km": 1.79 }, "geometry": { "type": "LineString", "coordinates": [ [ -63.9801, -39.0461 ], [ -63.9799, -39.0622 ] ] } },
{ "type": "Feature", "properties": { "nombre": "Camino sin nombre", "longitud_km": 4.48 }, "geometry": { "type": "LineString", "coordinates": [ [ -64.0303, -39.0578 ], [ -64.021, -39.062 ], [ -63.9799, -39.0622 ] ] } },
{ "type": "Feature", "properties": { "nombre": "Camino sin nombre", "longitud_km": 0.6 }, "geometry": { "type": "LineString", "coordinates": [ [ -63.9799, -39.0622 ], [ -63.9799, -39.0676 ] ] } },
{ "type": "Feature", "properties": { "nombre": "Camino sin nombre", "longitud_km": 0.96 }, "geometry": { "type": "LineString", "coordinates": [ [ -68.5226, -39.0878 ], [ -68.5325, -39.084 ] ] } },
{ "type": "Feature", "properties": { "nombre": "Camino sin nombre", "longitud_km": 1.69 }, "geometry": { "type": "LineString", "coordinates": [ [ -70.6781, -40.8229 ], [ -70.6727, -40.8168 ], [ -70.6766, -40.8095 ] ] } },
{ "type": "Feature", "properties": { "nombre": "Camino sin nombre", "longitud_km": 0.92 }, "geometry": { "type": "LineString", "coordinates": [ [ -67.3246, -39.0481 ], [ -67.3351, -39.0468 ] ] } },
{ "type": "Feature", "properties": { "nombre": "Camino sin nombre", "longitud_km": 18.32 }, "geometry": { "type": "LineString", "coordinates": [ [ -65.173, -39.0315 ], [ -65.1774, -39.1965 ] ] } },
{ "type": "Feature", "properties": { "nombre": "Camino sin nombre", "longitud_km": 6.82 }, "geometry": { "type": "LineString", "coordinates": [ [ -67.3438, -38.9806 ], [ -67.3573, -38.9893 ], [ -67.3657, -39.0128 ], [ -67.3811, -39.0328 ] ] } },
{ "type": "Feature", "properties": { "nombre": "Camino sin nombre", "longitud_km": 0.29 }, "geometry": { "type": "LineString", "coordinates": [ [ -67.3695, -39.0343 ], [ -67.369, -39.0318 ] ] } },
{ "type": "Feature", "properties": { "nombre": "Camino sin nombre", "longitud_km": 1.02 }, "geometry": { "type": "LineString", "coordinates": [ [ -67.3695, -39.0343 ], [ -67.3811, -39.0328 ] ] } },
{ "type": "Feature", "properties": { "nombre": "Camino sin nombre", "longitud_km": 0.84 }, "geometry": { "type": "LineString", "coordinates": [ [ -67.4529, -39.0319 ], [ -67.4523, -39.0243 ] ] } },
{ "type": "Feature", "properties": { "nombre": "Camino sin nombre", "longitud_km": 1.01 }, "geometry": { "type": "LineString", "coordinates": [ [ -67.3581, -39.0358 ], [ -67.3695, -39.0343 ] ] } },
{ "type": "Feature", "properties": { "nombre": "Camino sin nombre", "longitud_km": 1.03 }, "geometry": { "type": "LineString", "coordinates": [ [ -67.3464, -39.0373 ], [ -67.3446, -39.0281 ] ] } },
{ "type": "Feature", "properties": { "nombre": "Camino sin nombre", "longitud_km": 1.03 }, "geometry": { "type": "LineString", "coordinates": [ [ -67.3464, -39.0373 ], [ -67.3581, -39.0358 ] ] } },
{ "type": "Feature", "properties": { "nombre": "Camino sin nombre", "longitud_km": 1.14 }, "geometry": { "type": "LineString", "coordinates": [ [ -67.3333, -39.0389 ], [ -67.3464, -39.0373 ] ] } },
{ "type": "Feature", "properties": { "nombre": "Camino sin nombre", "longitud_km": 0.95 }, "geometry": { "type": "LineString", "coordinates": [ [ -67.3828, -39.0409 ], [ -67.3846, -39.0493 ] ] } },
{ "type": "Feature", "properties": { "nombre": "Camino sin nombre", "longitud_km": 0.82 }, "geometry": { "type": "LineString", "coordinates": [ [ -67.3229, -39.0401 ], [ -67.3214, -39.0328 ] ] } },
{ "type": "Feature", "properties": { "nombre": "Camino sin nombre", "longitud_km": 0.91 }, "geometry": { "type": "LineString", "coordinates": [ [ -67.3229, -39.0401 ], [ -67.3333, -39.0389 ] ] } },
{ "type": "Feature", "properties": { "nombre": "Camino sin nombre", "longitud_km": 1.01 }, "geometry": { "type": "LineString", "coordinates": [ [ -67.4064, -39.0379 ], [ -67.4045, -39.0289 ] ] } },
{ "type": "Feature", "properties": { "nombre": "Camino sin nombre", "longitud_km": 0.96 }, "geometry": { "type": "LineString", "coordinates": [ [ -67.3109, -39.0415 ], [ -67.3091, -39.033 ] ] } },
{ "type": "Feature", "properties": { "nombre": "Camino sin nombre", "longitud_km": 1.05 }, "geometry": { "type": "LineString", "coordinates": [ [ -67.3109, -39.0415 ], [ -67.3229, -39.0401 ] ] } },
{ "type": "Feature", "properties": { "nombre": "Camino sin nombre", "longitud_km": 0.57 }, "geometry": { "type": "LineString", "coordinates": [ [ -67.4542, -39.0368 ], [ -67.4529, -39.0319 ] ] } },
{ "type": "Feature", "properties": { "nombre": "Camino sin nombre", "longitud_km": 1.13 }, "geometry": { "type": "LineString", "coordinates": [ [ -67.3947, -39.0394 ], [ -67.3926, -39.0293 ] ] } },
{ "type": "Feature", "properties": { "nombre": "Camino sin nombre", "longitud_km": 1.03 }, "geometry": { "type": "LineString", "coordinates": [ [ -67.3947, -39.0394 ], [ -67.4064, -39.0379 ] ] } },
{ "type": "Feature", "properties": { "nombre": "Camino sin nombre", "longitud_km": 1.02 }, "geometry": { "type": "LineString", "coordinates": [ [ -67.2994, -39.0429 ], [ -67.2975, -39.0339 ] ] } },
{ "type": "Feature", "properties": { "nombre": "Camino sin nombre", "longitud_km": 1.01 }, "geometry": { "type": "LineString", "coordinates": [ [ -67.2994, -39.0429 ], [ -67.3109, -39.0415 ] ] } },
{ "type": "Feature", "properties": { "nombre": "Camino sin nombre", "longitud_km": 1.13 }, "geometry": { "type": "LineString", "coordinates": [ [ -67.2877, -39.0444 ], [ -67.2858, -39.0343 ] ] } },
{ "type": "Feature", "properties": { "nombre": "Camino sin nombre", "longitud_km": 1.02 }, "geometry": { "type": "LineString", "coordinates": [ [ -67.2877, -39.0444 ], [ -67.2994, -39.0429 ] ] } },
{ "type": "Feature", "properties": { "nombre": "Camino sin nombre", "longitud_km": 0.9 }, "geometry": { "type": "LineString", "coordinates": [ [ -67.3811, -39.0328 ], [ -67.3828, -39.0409 ] ] } },
{ "type": "Feature", "properties": { "nombre": "Camino sin nombre", "longitud_km": 1.05 }, "geometry": { "type": "LineString", "coordinates": [ [ -67.3828, -39.0409 ], [ -67.3947, -39.0394 ] ] } },
{ "type": "Feature", "properties": { "nombre": "Camino sin nombre", "longitud_km": 1.02 }, "geometry": { "type": "LineString", "coordinates": [ [ -67.276, -39.0458 ], [ -67.2743, -39.0368 ] ] } },
{ "type": "Feature", "properties": { "nombre": "Camino sin nombre", "longitud_km": 1.03 }, "geometry": { "type": "LineString", "coordinates": [ [ -67.276, -39.0458 ], [ -67.2877, -39.0444 ] ] } },
{ "type": "Feature", "properties": { "nombre": "Camino sin nombre", "longitud_km": 0.9 }, "geometry": { "type": "LineString", "coordinates": [ [ -67.3712, -39.0423 ], [ -67.3695, -39.0343 ] ] } },
{ "type": "Feature", "properties": { "nombre": "Camino sin nombre", "longitud_km": 1.02 }, "geometry": { "type": "LineString", "coordinates": [ [ -67.3712, -39.0423 ], [ -67.3828, -39.0409 ] ] } },
{ "type": "Feature", "properties": { "nombre": "Camino sin nombre", "longitud_km": 0.9 }, "geometry": { "type": "LineString", "coordinates": [ [ -67.3598, -39.0438 ], [ -67.3581, -39.0358 ] ] } },
{ "type": "Feature", "properties": { "nombre": "Camino sin nombre", "longitud_km": 1.0 }, "geometry": { "type": "LineString", "coordinates": [ [ -67.3598, -39.0438 ], [ -67.3712, -39.0423 ] ] } },
{ "type": "Feature", "properties": { "nombre": "Camino sin nombre", "longitud_km": 0.7 }, "geometry": { "type": "LineString", "coordinates": [ [ -67.2642, -39.0473 ], [ -67.2629, -39.0411 ] ] } },
{ "type": "Feature", "properties": { "nombre": "Camino sin nombre", "longitud_km": 1.03 }, "geometry": { "type": "LineString", "coordinates": [ [ -67.2642, -39.0473 ], [ -67.276, -39.0458 ] ] } },
{ "type": "Feature", "properties": { "nombre": "Camino sin nombre", "longitud_km": 0.89 }, "geometry": { "type": "LineString", "coordinates": [ [ -67.348, -39.0452 ], [ -67.3464, -39.0373 ] ] } },
{ "type": "Feature", "properties": { "nombre": "Camino sin nombre", "longitud_km": 1.03 }, "geometry": { "type": "LineString", "coordinates": [ [ -67.348, -39.0452 ], [ -67.3598, -39.0438 ] ] } },
{ "type": "Feature", "properties": { "nombre": "Camino sin nombre", "longitud_km": 0.6 }, "geometry": { "type": "LineString", "coordinates": [ [ -67.2415, -39.05 ], [ -67.2404, -39.0447 ] ] } },
{ "type": "Feature", "properties": { "nombre": "Camino sin nombre", "longitud_km": 1.99 }, "geometry": { "type": "LineString", "coordinates": [ [ -67.2415, -39.05 ], [ -67.2642, -39.0473 ] ] } },
{ "type": "Feature", "properties": { "nombre": "Camino sin nombre", "longitud_km": 0.89 }, "geometry": { "type": "LineString", "coordinates": [ [ -67.3351, -39.0468 ], [ -67.3333, -39.0389 ] ] } },
{ "type": "Feature", "properties": { "nombre": "Camino sin nombre", "longitud_km": 1.13 }, "geometry": { "type": "LineString", "coordinates": [ [ -67.3351, -39.0468 ], [ -67.348, -39.0452 ] ] } },
{ "type": "Feature", "properties": { "nombre": "Camino sin nombre", "longitud_km": 0.36 }, "geometry": { "type": "LineString", "coordinates": [ [ -67.2295, -39.0514 ], [ -67.2288, -39.0482 ] ] } },
{ "type": "Feature", "properties": { "nombre": "Camino sin nombre", "longitud_km": 1.04 }, "geometry": { "type": "LineString", "coordinates": [ [ -67.2295, -39.0514 ], [ -67.2415, -39.05 ] ] } },
{ "type": "Feature", "properties": { "nombre": "Camino sin nombre", "longitud_km": 0.9 }, "geometry": { "type": "LineString", "coordinates": [ [ -67.3246, -39.0481 ], [ -67.3229, -39.0401 ] ] } },
{ "type": "Feature", "properties": { "nombre": "Camino sin nombre", "longitud_km": 0.08 }, "geometry": { "type": "LineString", "coordinates": [ [ -67.2177, -39.0528 ], [ -67.2175, -39.0521 ] ] } },
{ "type": "Feature", "properties": { "nombre": "Camino sin nombre", "longitud_km": 1.04 }, "geometry": { "type": "LineString", "coordinates": [ [ -67.2177, -39.0528 ], [ -67.2295, -39.0514 ] ] } },
{ "type": "Feature", "properties": { "nombre": "Camino sin nombre", "longitud_km": 0.9 }, "geometry": { "type": "LineString", "coordinates": [ [ -67.3125, -39.0496 ], [ -67.3109, -39.0415 ] ] } },
{ "type": "Feature", "properties": { "nombre": "Camino sin nombre", "longitud_km": 1.05 }, "geometry": { "type": "LineString", "coordinates": [ [ -67.3125, -39.0496 ], [ -67.3246, -39.0481 ] ] } },
{ "type": "Feature", "properties": { "nombre": "Camino sin nombre", "longitud_km": 0.88 }, "geometry": { "type": "LineString", "coordinates": [ [ -67.3964, -39.0471 ], [ -67.3947, -39.0394 ] ] } },
{ "type": "Feature", "properties": { "nombre": "Camino sin nombre", "longitud_km": 1.01 }, "geometry": { "type": "LineString", "coordinates": [ [ -67.4084, -39.0468 ], [ -67.4064, -39.0379 ] ] } },
{ "type": "Feature", "properties": { "nombre": "Camino sin nombre", "longitud_km": 0.9 }, "geometry": { "type": "LineString", "coordinates": [ [ -67.3009, -39.051 ], [ -67.2994, -39.0429 ] ] } },
{ "type": "Feature", "properties": { "nombre": "Camino sin nombre", "longitud_km": 1.02 }, "geometry": { "type": "LineString", "coordinates": [ [ -67.3009, -39.051 ], [ -67.3125, -39.0496 ] ] } },
{ "type": "Feature", "properties": { "nombre": "Camino sin nombre", "longitud_km": 1.04 }, "geometry": { "type": "LineString", "coordinates": [ [ -67.3964, -39.0471 ], [ -67.4084, -39.0468 ] ] } },
{ "type": "Feature", "properties": { "nombre": "Camino sin nombre", "longitud_km": 0.9 }, "geometry": { "type": "LineString", "coordinates": [ [ -67.2892, -39.0524 ], [ -67.2877, -39.0444 ] ] } },
{ "type": "Feature", "properties": { "nombre": "Camino sin nombre", "longitud_km": 1.02 }, "geometry": { "type": "LineString", "coordinates": [ [ -67.2892, -39.0524 ], [ -67.3009, -39.051 ] ] } },
{ "type": "Feature", "properties": { "nombre": "Camino sin nombre", "longitud_km": 1.05 }, "geometry": { "type": "LineString", "coordinates": [ [ -67.3846, -39.0493 ], [ -67.3964, -39.0471 ] ] } },
{ "type": "Feature", "properties": { "nombre": "Camino sin nombre", "longitud_km": 1.02 }, "geometry": { "type": "LineString", "coordinates": [ [ -67.4446, -39.0471 ], [ -67.4562, -39.0456 ] ] } },
{ "type": "Feature", "properties": { "nombre": "Camino sin nombre", "longitud_km": 0.89 }, "geometry": { "type": "LineString", "coordinates": [ [ -67.2775, -39.0538 ], [ -67.276, -39.0458 ] ] } },
{ "type": "Feature", "properties": { "nombre": "Camino sin nombre", "longitud_km": 1.02 }, "geometry": { "type": "LineString", "coordinates": [ [ -67.2775, -39.0538 ], [ -67.2892, -39.0524 ] ] } },
{ "type": "Feature", "properties": { "nombre": "Camino sin nombre", "longitud_km": 1.01 }, "geometry": { "type": "LineString", "coordinates": [ [ -67.4331, -39.0485 ], [ -67.4446, -39.0471 ] ] } },
{ "type": "Feature", "properties": { "nombre": "Camino sin nombre", "longitud_km": 0.89 }, "geometry": { "type": "LineString", "coordinates": [ [ -67.2659, -39.0552 ], [ -67.2642, -39.0473 ] ] } },
{ "type": "Feature", "properties": { "nombre": "Camino sin nombre", "longitud_km": 1.18 }, "geometry": { "type": "LineString", "coordinates": [ [ -67.2601, -39.0843 ], [ -67.2621, -39.0948 ] ] } },
{ "type": "Feature", "properties": { "nombre": "Camino sin nombre", "longitud_km": 1.02 }, "geometry": { "type": "LineString", "coordinates": [ [ -67.2659, -39.0552 ], [ -67.2775, -39.0538 ] ] } },
{ "type": "Feature", "properties": { "nombre": "Camino sin nombre", "longitud_km": 1.0 }, "geometry": { "type": "LineString", "coordinates": [ [ -67.373, -39.0513 ], [ -67.3712, -39.0423 ] ] } },
{ "type": "Feature", "properties": { "nombre": "Camino sin nombre", "longitud_km": 1.02 }, "geometry": { "type": "LineString", "coordinates": [ [ -67.373, -39.0513 ], [ -67.3846, -39.0493 ] ] } },
{ "type": "Feature", "properties": { "nombre": "Camino sin nombre", "longitud_km": 0.94 }, "geometry": { "type": "LineString", "coordinates": [ [ -67.4908, -39.0391 ], [ -67.4924, -39.0474 ] ] } },
{ "type": "Feature", "properties": { "nombre": "Camino sin nombre", "longitud_km": 1.06 }, "geometry": { "type": "LineString", "coordinates": [ [ -67.2538, -39.0566 ], [ -67.2659, -39.0552 ] ] } },
{ "type": "Feature", "properties": { "nombre": "Camino sin nombre", "longitud_km": 1.0 }, "geometry": { "type": "LineString", "coordinates": [ [ -67.3616, -39.0527 ], [ -67.3598, -39.0438 ] ] } },
{ "type": "Feature", "properties": { "nombre": "Camino sin nombre", "longitud_km": 1.0 }, "geometry": { "type": "LineString", "coordinates": [ [ -67.3616, -39.0527 ], [ -67.373, -39.0513 ] ] } },
{ "type": "Feature", "properties": { "nombre": "Camino sin nombre", "longitud_km": 2.04 }, "geometry": { "type": "LineString", "coordinates": [ [ -67.4098, -39.0514 ], [ -67.4331, -39.0485 ] ] } },
{ "type": "Feature", "properties": { "nombre": "Camino sin nombre", "longitud_km": 0.92 }, "geometry": { "type": "LineString", "coordinates": [ [ -67.4794, -39.0405 ], [ -67.4809, -39.0488 ] ] } },
{ "type": "Feature", "properties": { "nombre": "Camino sin nombre", "longitud_km": 1.01 }, "geometry": { "type": "LineString", "coordinates": [ [ -67.4809, -39.0488 ], [ -67.4924, -39.0474 ] ] } },
{ "type": "Feature", "properties": { "nombre": "Camino sin nombre", "longitud_km": 1.0 }, "geometry": { "type": "LineString", "coordinates": [ [ -67.3498, -39.0541 ], [ -67.348, -39.0452 ] ] } },
{ "type": "Feature", "properties": { "nombre": "Camino sin nombre", "longitud_km": 1.04 }, "geometry": { "type": "LineString", "coordinates": [ [ -67.3498, -39.0541 ], [ -67.3616, -39.0527 ] ] } },
{ "type": "Feature", "properties": { "nombre": "Camino sin nombre", "longitud_km": 0.9 }, "geometry": { "type": "LineString", "coordinates": [ [ -67.2431, -39.0581 ], [ -67.2415, -39.05 ] ] } },
{ "type": "Feature", "properties": { "nombre": "Camino sin nombre", "longitud_km": 0.94 }, "geometry": { "type": "LineString", "coordinates": [ [ -67.2431, -39.0581 ], [ -67.2538, -39.0566 ] ] } },
{ "type": "Feature", "properties": { "nombre": "Camino sin nombre", "longitud_km": 0.99 }, "geometry": { "type": "LineString", "coordinates": [ [ -67.3985, -39.0527 ], [ -67.4098, -39.0514 ] ] } },
{ "type": "Feature", "properties": { "nombre": "Camino sin nombre", "longitud_km": 1.67 }, "geometry": { "type": "LineString", "coordinates": [ [ -67.4562, -39.0456 ], [ -67.4676, -39.0442 ], [ -67.4688, -39.0502 ] ] } },
{ "type": "Feature", "properties": { "nombre": "Camino sin nombre", "longitud_km": 1.06 }, "geometry": { "type": "LineString", "coordinates": [ [ -67.4688, -39.0502 ], [ -67.4809, -39.0488 ] ] } },
{ "type": "Feature", "properties": { "nombre": "Camino sin nombre", "longitud_km": 0.96 }, "geometry": { "type": "LineString", "coordinates": [ [ -67.3369, -39.0554 ], [ -67.3351, -39.0468 ] ] } },
{ "type": "Feature", "properties": { "nombre": "Camino sin nombre", "longitud_km": 1.12 }, "geometry": { "type": "LineString", "coordinates": [ [ -67.3369, -39.0554 ], [ -67.3498, -39.0541 ] ] } },
{ "type": "Feature", "properties": { "nombre": "Camino sin nombre", "longitud_km": 0.92 }, "geometry": { "type": "LineString", "coordinates": [ [ -67.2313, -39.0595 ], [ -67.2295, -39.0514 ] ] } },
{ "type": "Feature", "properties": { "nombre": "Camino sin nombre", "longitud_km": 1.03 }, "geometry": { "type": "LineString", "coordinates": [ [ -67.2313, -39.0595 ], [ -67.2431, -39.0581 ] ] } },
{ "type": "Feature", "properties": { "nombre": "Camino sin nombre", "longitud_km": 0.67 }, "geometry": { "type": "LineString", "coordinates": [ [ -67.4574, -39.0516 ], [ -67.4562, -39.0456 ] ] } },
{ "type": "Feature", "properties": { "nombre": "Camino sin nombre", "longitud_km": 1.0 }, "geometry": { "type": "LineString", "coordinates": [ [ -67.4574, -39.0516 ], [ -67.4688, -39.0502 ] ] } },
{ "type": "Feature", "properties": { "nombre": "Camino sin nombre", "longitud_km": 0.97 }, "geometry": { "type": "LineString", "coordinates": [ [ -67.3263, -39.0567 ], [ -67.3246, -39.0481 ] ] } },
{ "type": "Feature", "properties": { "nombre": "Camino sin nombre", "longitud_km": 0.93 }, "geometry": { "type": "LineString", "coordinates": [ [ -67.3263, -39.0567 ], [ -67.3369, -39.0554 ] ] } },
{ "type": "Feature", "properties": { "nombre": "Camino sin nombre", "longitud_km": 0.92 }, "geometry": { "type": "LineString", "coordinates": [ [ -67.2192, -39.061 ], [ -67.2177, -39.0528 ] ] } },
{ "type": "Feature", "properties": { "nombre": "Camino sin nombre", "longitud_km": 1.06 }, "geometry": { "type": "LineString", "coordinates": [ [ -67.2192, -39.061 ], [ -67.2313, -39.0595 ] ] } },
{ "type": "Feature", "properties": { "nombre": "Camino sin nombre", "longitud_km": 0.66 }, "geometry": { "type": "LineString", "coordinates": [ [ -67.4446, -39.0471 ], [ -67.4458, -39.053 ] ] } },
{ "type": "Feature", "properties": { "nombre": "Camino sin nombre", "longitud_km": 1.02 }, "geometry": { "type": "LineString", "coordinates": [ [ -67.4458, -39.053 ], [ -67.4574, -39.0516 ] ] } },
{ "type": "Feature", "properties": { "nombre": "Camino sin nombre", "longitud_km": 0.91 }, "geometry": { "type": "LineString", "coordinates": [ [ -67.3855, -39.0546 ], [ -67.3751, -39.0559 ] ] } },
{ "type": "Feature", "properties": { "nombre": "Camino sin nombre", "longitud_km": 0.98 }, "geometry": { "type": "LineString", "coordinates": [ [ -67.3142, -39.0583 ], [ -67.3125, -39.0496 ] ] } },
{ "type": "Feature", "properties": { "nombre": "Camino sin nombre", "longitud_km": 1.06 }, "geometry": { "type": "LineString", "coordinates": [ [ -67.3142, -39.0583 ], [ -67.3263, -39.0567 ] ] } },
{ "type": "Feature", "properties": { "nombre": "Camino sin nombre", "longitud_km": 1.02 }, "geometry": { "type": "LineString", "coordinates": [ [ -67.2076, -39.0624 ], [ -67.2192, -39.061 ] ] } },
{ "type": "Feature", "properties": { "nombre": "Camino sin nombre", "longitud_km": 0.66 }, "geometry": { "type": "LineString", "coordinates": [ [ -67.4343, -39.0543 ], [ -67.4331, -39.0485 ] ] } },
{ "type": "Feature", "properties": { "nombre": "Camino sin nombre", "longitud_km": 1.0 }, "geometry": { "type": "LineString", "coordinates": [ [ -67.4343, -39.0543 ], [ -67.4458, -39.053 ] ] } },
{ "type": "Feature", "properties": { "nombre": "Camino sin nombre", "longitud_km": 0.99 }, "geometry": { "type": "LineString", "coordinates": [ [ -67.3026, -39.0597 ], [ -67.3009, -39.051 ] ] } },
{ "type": "Feature", "properties": { "nombre": "Camino sin nombre", "longitud_km": 1.02 }, "geometry": { "type": "LineString", "coordinates": [ [ -67.3026, -39.0597 ], [ -67.3142, -39.0583 ] ] } },
{ "type": "Feature", "properties": { "nombre": "Camino sin nombre", "longitud_km": 1.12 }, "geometry": { "type": "LineString", "coordinates": [ [ -67.3751, -39.0559 ], [ -67.3623, -39.0575 ] ] } },
{ "type": "Feature", "properties": { "nombre": "Camino sin nombre", "longitud_km": 1.01 }, "geometry": { "type": "LineString", "coordinates": [ [ -67.1961, -39.0638 ], [ -67.2076, -39.0624 ] ] } },
{ "type": "Feature", "properties": { "nombre": "Camino sin nombre", "longitud_km": 0.93 }, "geometry": { "type": "LineString", "coordinates": [ [ -67.4237, -39.0556 ], [ -67.4343, -39.0543 ] ] } },
{ "type": "Feature", "properties": { "nombre": "Camino sin nombre", "longitud_km": 0.54 }, "geometry": { "type": "LineString", "coordinates": [ [ -67.3508, -39.059 ], [ -67.3498, -39.0541 ] ] } },
{ "type": "Feature", "properties": { "nombre": "Camino sin nombre", "longitud_km": 1.01 }, "geometry": { "type": "LineString", "coordinates": [ [ -67.3623, -39.0575 ], [ -67.3508, -39.059 ] ] } },
{ "type": "Feature", "properties": { "nombre": "Camino sin nombre", "longitud_km": 0.99 }, "geometry": { "type": "LineString", "coordinates": [ [ -67.2909, -39.0612 ], [ -67.2892, -39.0524 ] ] } },
{ "type": "Feature", "properties": { "nombre": "Camino sin nombre", "longitud_km": 1.02 }, "geometry": { "type": "LineString", "coordinates": [ [ -67.2909, -39.0612 ], [ -67.3026, -39.0597 ] ] } },
{ "type": "Feature", "properties": { "nombre": "Camino sin nombre", "longitud_km": 0.84 }, "geometry": { "type": "LineString", "coordinates": [ [ -67.1845, -39.0652 ], [ -67.1828, -39.0578 ] ] } },
{ "type": "Feature", "properties": { "nombre": "Camino sin nombre", "longitud_km": 1.01 }, "geometry": { "type": "LineString", "coordinates": [ [ -67.1961, -39.0638 ], [ -67.1845, -39.0652 ] ] } },
{ "type": "Feature", "properties": { "nombre": "Camino sin nombre", "longitud_km": 0.67 }, "geometry": { "type": "LineString", "coordinates": [ [ -67.4098, -39.0514 ], [ -67.4109, -39.0573 ] ] } },
{ "type": "Feature", "properties": { "nombre": "Camino sin nombre", "longitud_km": 0.95 }, "geometry": { "type": "LineString", "coordinates": [ [ -67.2801, -39.0626 ], [ -67.2909, -39.0612 ] ] } },
{ "type": "Feature", "properties": { "nombre": "Camino sin nombre", "longitud_km": 1.0 }, "geometry": { "type": "LineString", "coordinates": [ [ -67.2793, -39.0627 ], [ -67.2775, -39.0538 ] ] } },
{ "type": "Feature", "properties": { "nombre": "Camino sin nombre", "longitud_km": 0.07 }, "geometry": { "type": "LineString", "coordinates": [ [ -67.2793, -39.0627 ], [ -67.2801, -39.0626 ] ] } },
{ "type": "Feature", "properties": { "nombre": "Camino sin nombre", "longitud_km": 1.01 }, "geometry": { "type": "LineString", "coordinates": [ [ -67.2678, -39.0642 ], [ -67.2659, -39.0552 ] ] } },
{ "type": "Feature", "properties": { "nombre": "Camino sin nombre", "longitud_km": 1.01 }, "geometry": { "type": "LineString", "coordinates": [ [ -67.2678, -39.0642 ], [ -67.2793, -39.0627 ] ] } },
{ "type": "Feature", "properties": { "nombre": "Camino sin nombre", "longitud_km": 0.71 }, "geometry": { "type": "LineString", "coordinates": [ [ -67.2327, -39.0658 ], [ -67.2313, -39.0595 ] ] } },
{ "type": "Feature", "properties": { "nombre": "Camino sin nombre", "longitud_km": 1.0 }, "geometry": { "type": "LineString", "coordinates": [ [ -67.2564, -39.0657 ], [ -67.2678, -39.0642 ] ] } },
{ "type": "Feature", "properties": { "nombre": "Camino sin nombre", "longitud_km": 1.03 }, "geometry": { "type": "LineString", "coordinates": [ [ -67.2538, -39.0566 ], [ -67.256, -39.0657 ] ] } },
{ "type": "Feature", "properties": { "nombre": "Camino sin nombre", "longitud_km": 0.04 }, "geometry": { "type": "LineString", "coordinates": [ [ -67.256, -39.0657 ], [ -67.2564, -39.0657 ] ] } },
{ "type": "Feature", "properties": { "nombre": "Camino sin nombre", "longitud_km": 0.64 }, "geometry": { "type": "LineString", "coordinates": [ [ -67.3751, -39.0559 ], [ -67.3762, -39.0616 ] ] } },
{ "type": "Feature", "properties": { "nombre": "Camino sin nombre", "longitud_km": 0.99 }, "geometry": { "type": "LineString", "coordinates": [ [ -67.4809, -39.0488 ], [ -67.4825, -39.0576 ] ] } },
{ "type": "Feature", "properties": { "nombre": "Camino sin nombre", "longitud_km": 2.0 }, "geometry": { "type": "LineString", "coordinates": [ [ -67.256, -39.0657 ], [ -67.245, -39.0672 ], [ -67.2431, -39.0581 ] ] } },
{ "type": "Feature", "properties": { "nombre": "Camino sin nombre", "longitud_km": 1.0 }, "geometry": { "type": "LineString", "coordinates": [ [ -67.4688, -39.0502 ], [ -67.4707, -39.0591 ] ] } },
{ "type": "Feature", "properties": { "nombre": "Camino sin nombre", "longitud_km": 0.64 }, "geometry": { "type": "LineString", "coordinates": [ [ -67.3623, -39.0575 ], [ -67.3634, -39.0633 ] ] } },
{ "type": "Feature", "properties": { "nombre": "Camino sin nombre", "longitud_km": 0.86 }, "geometry": { "type": "LineString", "coordinates": [ [ -67.1859, -39.0729 ], [ -67.1845, -39.0652 ] ] } },
{ "type": "Feature", "properties": { "nombre": "Camino sin nombre", "longitud_km": 1.01 }, "geometry": { "type": "LineString", "coordinates": [ [ -67.4592, -39.0606 ], [ -67.4574, -39.0516 ] ] } },
{ "type": "Feature", "properties": { "nombre": "Camino sin nombre", "longitud_km": 0.65 }, "geometry": { "type": "LineString", "coordinates": [ [ -67.352, -39.0648 ], [ -67.3508, -39.059 ] ] } },
{ "type": "Feature", "properties": { "nombre": "Camino sin nombre", "longitud_km": 0.89 }, "geometry": { "type": "LineString", "coordinates": [ [ -67.2095, -39.0703 ], [ -67.2076, -39.0624 ] ] } },
{ "type": "Feature", "properties": { "nombre": "Camino sin nombre", "longitud_km": 1.88 }, "geometry": { "type": "LineString", "coordinates": [ [ -67.2095, -39.0703 ], [ -67.2208, -39.0689 ], [ -67.2192, -39.061 ] ] } },
{ "type": "Feature", "properties": { "nombre": "Camino sin nombre", "longitud_km": 1.06 }, "geometry": { "type": "LineString", "coordinates": [ [ -67.1973, -39.0712 ], [ -67.2095, -39.0703 ] ] } },
{ "type": "Feature", "properties": { "nombre": "Camino sin nombre", "longitud_km": 0.83 }, "geometry": { "type": "LineString", "coordinates": [ [ -67.1961, -39.0638 ], [ -67.1973, -39.0712 ] ] } },
{ "type": "Feature", "properties": { "nombre": "Camino sin nombre", "longitud_km": 0.07 }, "geometry": { "type": "LineString", "coordinates": [ [ -67.1966, -39.0713 ], [ -67.1973, -39.0712 ] ] } },
{ "type": "Feature", "properties": { "nombre": "Camino sin nombre", "longitud_km": 1.02 }, "geometry": { "type": "LineString", "coordinates": [ [ -67.4458, -39.053 ], [ -67.4477, -39.062 ] ] } },
{ "type": "Feature", "properties": { "nombre": "Camino sin nombre", "longitud_km": 1.69 }, "geometry": { "type": "LineString", "coordinates": [ [ -67.3508, -39.059 ], [ -67.3391, -39.0604 ], [ -67.3404, -39.0663 ] ] } },
{ "type": "Feature", "properties": { "nombre": "Camino sin nombre", "longitud_km": 0.99 }, "geometry": { "type": "LineString", "coordinates": [ [ -67.4362, -39.0631 ], [ -67.4343, -39.0543 ] ] } },
{ "type": "Feature", "properties": { "nombre": "Camino sin nombre", "longitud_km": 0.02 }, "geometry": { "type": "LineString", "coordinates": [ [ -67.4363, -39.0633 ], [ -67.4362, -39.0631 ] ] } },
{ "type": "Feature", "properties": { "nombre": "Camino sin nombre", "longitud_km": 0.94 }, "geometry": { "type": "LineString", "coordinates": [ [ -67.1859, -39.0729 ], [ -67.1966, -39.0713 ] ] } },
{ "type": "Feature", "properties": { "nombre": "Camino sin nombre", "longitud_km": 1.25 }, "geometry": { "type": "LineString", "coordinates": [ [ -67.3263, -39.0567 ], [ -67.3287, -39.0678 ] ] } },
{ "type": "Feature", "properties": { "nombre": "Camino sin nombre", "longitud_km": 1.02 }, "geometry": { "type": "LineString", "coordinates": [ [ -67.4226, -39.0557 ], [ -67.4246, -39.0648 ] ] } },
{ "type": "Feature", "properties": { "nombre": "Camino sin nombre", "longitud_km": 1.03 }, "geometry": { "type": "LineString", "coordinates": [ [ -67.4246, -39.0648 ], [ -67.4363, -39.0633 ] ] } },
{ "type": "Feature", "properties": { "nombre": "Camino sin nombre", "longitud_km": 1.24 }, "geometry": { "type": "LineString", "coordinates": [ [ -67.3142, -39.0583 ], [ -67.3168, -39.0693 ] ] } },
{ "type": "Feature", "properties": { "nombre": "Camino sin nombre", "longitud_km": 1.01 }, "geometry": { "type": "LineString", "coordinates": [ [ -67.4109, -39.0573 ], [ -67.4127, -39.0663 ] ] } },
{ "type": "Feature", "properties": { "nombre": "Camino sin nombre", "longitud_km": 1.04 }, "geometry": { "type": "LineString", "coordinates": [ [ -67.4127, -39.0663 ], [ -67.4246, -39.0648 ] ] } },
{ "type": "Feature", "properties": { "nombre": "Camino sin nombre", "longitud_km": 0.24 }, "geometry": { "type": "LineString", "coordinates": [ [ -67.1675, -39.0759 ], [ -67.1668, -39.0738 ] ] } },
{ "type": "Feature", "properties": { "nombre": "Camino sin nombre", "longitud_km": 1.63 }, "geometry": { "type": "LineString", "coordinates": [ [ -67.1675, -39.0759 ], [ -67.1859, -39.0729 ] ] } },
{ "type": "Feature", "properties": { "nombre": "Camino sin nombre", "longitud_km": 0.14 }, "geometry": { "type": "LineString", "coordinates": [ [ -67.1659, -39.0762 ], [ -67.1675, -39.0759 ] ] } },
{ "type": "Feature", "properties": { "nombre": "Camino sin nombre", "longitud_km": 1.23 }, "geometry": { "type": "LineString", "coordinates": [ [ -67.2932, -39.0722 ], [ -67.2909, -39.0612 ] ] } },
{ "type": "Feature", "properties": { "nombre": "Camino sin nombre", "longitud_km": 1.23 }, "geometry": { "type": "LineString", "coordinates": [ [ -67.282, -39.0736 ], [ -67.2801, -39.0626 ] ] } },
{ "type": "Feature", "properties": { "nombre": "Camino sin nombre", "longitud_km": 0.95 }, "geometry": { "type": "LineString", "coordinates": [ [ -67.4825, -39.0576 ], [ -67.4843, -39.066 ] ] } },
{ "type": "Feature", "properties": { "nombre": "Camino sin nombre", "longitud_km": 1.22 }, "geometry": { "type": "LineString", "coordinates": [ [ -67.2678, -39.0642 ], [ -67.2701, -39.075 ] ] } },
{ "type": "Feature", "properties": { "nombre": "Camino sin nombre", "longitud_km": 1.3 }, "geometry": { "type": "LineString", "coordinates": [ [ -67.1523, -39.0796 ], [ -67.1505, -39.068 ] ] } },
{ "type": "Feature", "properties": { "nombre": "Camino sin nombre", "longitud_km": 1.01 }, "geometry": { "type": "LineString", "coordinates": [ [ -67.3634, -39.0633 ], [ -67.3652, -39.0722 ] ] } },
{ "type": "Feature", "properties": { "nombre": "Camino sin nombre", "longitud_km": 1.89 }, "geometry": { "type": "LineString", "coordinates": [ [ -67.3762, -39.0616 ], [ -67.3763, -39.0695 ], [ -67.3652, -39.0722 ] ] } },
{ "type": "Feature", "properties": { "nombre": "Camino sin nombre", "longitud_km": 1.21 }, "geometry": { "type": "LineString", "coordinates": [ [ -67.2564, -39.0657 ], [ -67.2585, -39.0764 ] ] } },
{ "type": "Feature", "properties": { "nombre": "Camino sin nombre", "longitud_km": 0.64 }, "geometry": { "type": "LineString", "coordinates": [ [ -67.4127, -39.0663 ], [ -67.4138, -39.0721 ] ] } },
{ "type": "Feature", "properties": { "nombre": "Camino sin nombre", "longitud_km": 2.83 }, "geometry": { "type": "LineString", "coordinates": [ [ -67.4477, -39.062 ], [ -67.4494, -39.0702 ], [ -67.4609, -39.0686 ], [ -67.4592, -39.0606 ] ] } },
{ "type": "Feature", "properties": { "nombre": "Camino sin nombre", "longitud_km": 0.52 }, "geometry": { "type": "LineString", "coordinates": [ [ -67.1689, -39.0805 ], [ -67.1675, -39.0759 ] ] } },
{ "type": "Feature", "properties": { "nombre": "Camino sin nombre", "longitud_km": 1.01 }, "geometry": { "type": "LineString", "coordinates": [ [ -67.352, -39.0648 ], [ -67.3539, -39.0737 ] ] } },
{ "type": "Feature", "properties": { "nombre": "Camino sin nombre", "longitud_km": 0.99 }, "geometry": { "type": "LineString", "coordinates": [ [ -67.3539, -39.0737 ], [ -67.3652, -39.0722 ] ] } },
{ "type": "Feature", "properties": { "nombre": "Camino sin nombre", "longitud_km": 0.25 }, "geometry": { "type": "LineString", "coordinates": [ [ -67.1614, -39.0795 ], [ -67.1621, -39.0817 ] ] } },
{ "type": "Feature", "properties": { "nombre": "Camino sin nombre", "longitud_km": 0.87 }, "geometry": { "type": "LineString", "coordinates": [ [ -67.3287, -39.0678 ], [ -67.3303, -39.0756 ] ] } },
{ "type": "Feature", "properties": { "nombre": "Camino sin nombre", "longitud_km": 1.02 }, "geometry": { "type": "LineString", "coordinates": [ [ -67.4382, -39.0724 ], [ -67.4363, -39.0633 ] ] } },
{ "type": "Feature", "properties": { "nombre": "Camino sin nombre", "longitud_km": 0.88 }, "geometry": { "type": "LineString", "coordinates": [ [ -67.3168, -39.0693 ], [ -67.3186, -39.077 ] ] } },
{ "type": "Feature", "properties": { "nombre": "Camino sin nombre", "longitud_km": 1.02 }, "geometry": { "type": "LineString", "coordinates": [ [ -67.3186, -39.077 ], [ -67.3303, -39.0756 ] ] } },
{ "type": "Feature", "properties": { "nombre": "Camino sin nombre", "longitud_km": 0.42 }, "geometry": { "type": "LineString", "coordinates": [ [ -67.1535, -39.0833 ], [ -67.1523, -39.0796 ] ] } },
{ "type": "Feature", "properties": { "nombre": "Camino sin nombre", "longitud_km": 2.32 }, "geometry": { "type": "LineString", "coordinates": [ [ -67.1523, -39.0796 ], [ -67.1262, -39.0844 ] ] } },
{ "type": "Feature", "properties": { "nombre": "Camino sin nombre", "longitud_km": 1.4 }, "geometry": { "type": "LineString", "coordinates": [ [ -67.4707, -39.0591 ], [ -67.4734, -39.0716 ] ] } },
{ "type": "Feature", "properties": { "nombre": "Camino sin nombre", "longitud_km": 1.17 }, "geometry": { "type": "LineString", "coordinates": [ [ -67.3404, -39.0663 ], [ -67.3429, -39.0766 ] ] } },
{ "type": "Feature", "properties": { "nombre": "Camino sin nombre", "longitud_km": 1.01 }, "geometry": { "type": "LineString", "coordinates": [ [ -67.4246, -39.0648 ], [ -67.4265, -39.0737 ] ] } },
{ "type": "Feature", "properties": { "nombre": "Camino sin nombre", "longitud_km": 1.02 }, "geometry": { "type": "LineString", "coordinates": [ [ -67.4265, -39.0737 ], [ -67.4382, -39.0724 ] ] } },
{ "type": "Feature", "properties": { "nombre": "Camino sin nombre", "longitud_km": 0.88 }, "geometry": { "type": "LineString", "coordinates": [ [ -67.3064, -39.0785 ], [ -67.3048, -39.0707 ] ] } },
{ "type": "Feature", "properties": { "nombre": "Camino sin nombre", "longitud_km": 1.07 }, "geometry": { "type": "LineString", "coordinates": [ [ -67.3064, -39.0785 ], [ -67.3186, -39.077 ] ] } },
{ "type": "Feature", "properties": { "nombre": "Camino sin nombre", "longitud_km": 2.03 }, "geometry": { "type": "LineString", "coordinates": [ [ -67.3996, -39.0587 ], [ -67.4034, -39.0767 ] ] } },
{ "type": "Feature", "properties": { "nombre": "Camino sin nombre", "longitud_km": 0.88 }, "geometry": { "type": "LineString", "coordinates": [ [ -67.2948, -39.08 ], [ -67.2932, -39.0722 ] ] } },
{ "type": "Feature", "properties": { "nombre": "Camino sin nombre", "longitud_km": 1.01 }, "geometry": { "type": "LineString", "coordinates": [ [ -67.2948, -39.08 ], [ -67.3064, -39.0785 ] ] } },
{ "type": "Feature", "properties": { "nombre": "Camino sin nombre", "longitud_km": 0.16 }, "geometry": { "type": "LineString", "coordinates": [ [ -67.4265, -39.0737 ], [ -67.4268, -39.0752 ] ] } },
{ "type": "Feature", "properties": { "nombre": "Camino sin nombre", "longitud_km": 1.39 }, "geometry": { "type": "LineString", "coordinates": [ [ -67.1966, -39.0713 ], [ -67.1991, -39.0837 ] ] } },
{ "type": "Feature", "properties": { "nombre": "Camino sin nombre", "longitud_km": 0.43 }, "geometry": { "type": "LineString", "coordinates": [ [ -67.3303, -39.0756 ], [ -67.3311, -39.0794 ] ] } },
{ "type": "Feature", "properties": { "nombre": "Camino sin nombre", "longitud_km": 0.88 }, "geometry": { "type": "LineString", "coordinates": [ [ -67.2836, -39.0814 ], [ -67.282, -39.0736 ] ] } },
{ "type": "Feature", "properties": { "nombre": "Camino sin nombre", "longitud_km": 0.99 }, "geometry": { "type": "LineString", "coordinates": [ [ -67.2836, -39.0814 ], [ -67.2948, -39.08 ] ] } },
{ "type": "Feature", "properties": { "nombre": "Camino sin nombre", "longitud_km": 0.15 }, "geometry": { "type": "LineString", "coordinates": [ [ -67.0875, -39.0884 ], [ -67.089, -39.0891 ] ] } },
{ "type": "Feature", "properties": { "nombre": "Camino sin nombre", "longitud_km": 0.88 }, "geometry": { "type": "LineString", "coordinates": [ [ -67.2701, -39.075 ], [ -67.2717, -39.0829 ] ] } },
{ "type": "Feature", "properties": { "nombre": "Camino sin nombre", "longitud_km": 1.04 }, "geometry": { "type": "LineString", "coordinates": [ [ -67.2717, -39.0829 ], [ -67.2836, -39.0814 ] ] } },
{ "type": "Feature", "properties": { "nombre": "Camino sin nombre", "longitud_km": 4.63 }, "geometry": { "type": "LineString", "coordinates": [ [ -66.6874, -39.0629 ], [ -66.6932, -39.0956 ], [ -66.688, -39.1033 ] ] } },
{ "type": "Feature", "properties": { "nombre": "Camino sin nombre", "longitud_km": 0.76 }, "geometry": { "type": "LineString", "coordinates": [ [ -67.3539, -39.0737 ], [ -67.3553, -39.0805 ] ] } },
{ "type": "Feature", "properties": { "nombre": "Camino sin nombre", "longitud_km": 0.89 }, "geometry": { "type": "LineString", "coordinates": [ [ -67.2585, -39.0764 ], [ -67.2601, -39.0843 ] ] } },
{ "type": "Feature", "properties": { "nombre": "Camino sin nombre", "longitud_km": 1.02 }, "geometry": { "type": "LineString", "coordinates": [ [ -67.2601, -39.0843 ], [ -67.2717, -39.0829 ] ] } },
{ "type": "Feature", "properties": { "nombre": "Camino sin nombre", "longitud_km": 0.59 }, "geometry": { "type": "LineString", "coordinates": [ [ -67.4394, -39.0776 ], [ -67.4382, -39.0724 ] ] } },
{ "type": "Feature", "properties": { "nombre": "Camino sin nombre", "longitud_km": 2.04 }, "geometry": { "type": "LineString", "coordinates": [ [ -67.2368, -39.0873 ], [ -67.2601, -39.0843 ] ] } },
{ "type": "Feature", "properties": { "nombre": "Camino sin nombre", "longitud_km": 0.61 }, "geometry": { "type": "LineString", "coordinates": [ [ -67.0504, -39.0936 ], [ -67.0434, -39.0938 ] ] } },
{ "type": "Feature", "properties": { "nombre": "Camino sin nombre", "longitud_km": 0.93 }, "geometry": { "type": "LineString", "coordinates": [ [ -67.0434, -39.0938 ], [ -67.0327, -39.0943 ] ] } },
{ "type": "Feature", "properties": { "nombre": "Camino sin nombre", "longitud_km": 0.9 }, "geometry": { "type": "LineString", "coordinates": [ [ -67.2354, -39.0793 ], [ -67.2368, -39.0873 ] ] } },
{ "type": "Feature", "properties": { "nombre": "Camino sin nombre", "longitud_km": 0.9 }, "geometry": { "type": "LineString", "coordinates": [ [ -67.2241, -39.0806 ], [ -67.2255, -39.0886 ] ] } },
{ "type": "Feature", "properties": { "nombre": "Camino sin nombre", "longitud_km": 0.99 }, "geometry": { "type": "LineString", "coordinates": [ [ -67.2255, -39.0886 ], [ -67.2368, -39.0873 ] ] } },
{ "type": "Feature", "properties": { "nombre": "Camino sin nombre", "longitud_km": 1.01 }, "geometry": { "type": "LineString", "coordinates": [ [ -67.1598, -39.0821 ], [ -67.1622, -39.0911 ] ] } },
{ "type": "Feature", "properties": { "nombre": "Camino sin nombre", "longitud_km": 10.29 }, "geometry": { "type": "LineString", "coordinates": [ [ -66.9919, -39.1101 ], [ -66.9996, -39.094 ], [ -67.0346, -39.0851 ], [ -67.0708, -39.0797 ], [ -67.0854, -39.0938 ] ] } },
{ "type": "Feature", "properties": { "nombre": "Camino sin nombre", "longitud_km": 1.48 }, "geometry": { "type": "LineString", "coordinates": [ [ -67.4843, -39.066 ], [ -67.487, -39.0792 ] ] } },
{ "type": "Feature", "properties": { "nombre": "Camino sin nombre", "longitud_km": 2.17 }, "geometry": { "type": "LineString", "coordinates": [ [ -67.2007, -39.0915 ], [ -67.2255, -39.0886 ] ] } },
{ "type": "Feature", "properties": { "nombre": "Camino sin nombre", "longitud_km": 0.88 }, "geometry": { "type": "LineString", "coordinates": [ [ -67.1991, -39.0837 ], [ -67.2007, -39.0915 ] ] } },
{ "type": "Feature", "properties": { "nombre": "Camino sin nombre", "longitud_km": 0.78 }, "geometry": { "type": "LineString", "coordinates": [ [ -67.1896, -39.0857 ], [ -67.1906, -39.0927 ] ] } },
{ "type": "Feature", "properties": { "nombre": "Camino sin nombre", "longitud_km": 0.89 }, "geometry": { "type": "LineString", "coordinates": [ [ -67.1906, -39.0927 ], [ -67.2007, -39.0915 ] ] } },
{ "type": "Feature", "properties": { "nombre": "Camino sin nombre", "longitud_km": 1.14 }, "geometry": { "type": "LineString", "coordinates": [ [ -67.3085, -39.0886 ], [ -67.3064, -39.0785 ] ] } },
{ "type": "Feature", "properties": { "nombre": "Camino sin nombre", "longitud_km": 2.25 }, "geometry": { "type": "LineString", "coordinates": [ [ -67.3186, -39.077 ], [ -67.321, -39.0872 ], [ -67.3085, -39.0886 ] ] } },
{ "type": "Feature", "properties": { "nombre": "Camino sin nombre", "longitud_km": 0.51 }, "geometry": { "type": "LineString", "coordinates": [ [ -67.0504, -39.0936 ], [ -67.0506, -39.0982 ] ] } },
{ "type": "Feature", "properties": { "nombre": "Camino sin nombre", "longitud_km": 2.8 }, "geometry": { "type": "LineString", "coordinates": [ [ -67.0755, -39.0975 ], [ -67.0704, -39.0894 ], [ -67.0504, -39.0936 ] ] } },
{ "type": "Feature", "properties": { "nombre": "Camino sin nombre", "longitud_km": 0.54 }, "geometry": { "type": "LineString", "coordinates": [ [ -67.0434, -39.0938 ], [ -67.0436, -39.0986 ] ] } },
{ "type": "Feature", "properties": { "nombre": "Camino sin nombre", "longitud_km": 0.56 }, "geometry": { "type": "LineString", "coordinates": [ [ -67.0327, -39.0943 ], [ -67.0329, -39.0994 ] ] } },
{ "type": "Feature", "properties": { "nombre": "Camino sin nombre", "longitud_km": 2.13 }, "geometry": { "type": "LineString", "coordinates": [ [ -67.3085, -39.0886 ], [ -67.297, -39.09 ], [ -67.2948, -39.08 ] ] } },
{ "type": "Feature", "properties": { "nombre": "Camino sin nombre", "longitud_km": 1.2 }, "geometry": { "type": "LineString", "coordinates": [ [ -67.0327, -39.0943 ], [ -67.0249, -39.095 ], [ -67.0253, -39.0997 ] ] } },
{ "type": "Feature", "properties": { "nombre": "Camino sin nombre", "longitud_km": 1.18 }, "geometry": { "type": "LineString", "coordinates": [ [ -67.2717, -39.0829 ], [ -67.2739, -39.0934 ] ] } },
{ "type": "Feature", "properties": { "nombre": "Camino sin nombre", "longitud_km": 2.2 }, "geometry": { "type": "LineString", "coordinates": [ [ -67.2739, -39.0934 ], [ -67.2857, -39.0917 ], [ -67.2836, -39.0814 ] ] } },
{ "type": "Feature", "properties": { "nombre": "Camino sin nombre", "longitud_km": 1.03 }, "geometry": { "type": "LineString", "coordinates": [ [ -67.2621, -39.0948 ], [ -67.2739, -39.0934 ] ] } },
{ "type": "Feature", "properties": { "nombre": "Camino sin nombre", "longitud_km": 2.06 }, "geometry": { "type": "LineString", "coordinates": [ [ -67.2386, -39.0977 ], [ -67.2621, -39.0948 ] ] } },
{ "type": "Feature", "properties": { "nombre": "Camino sin nombre", "longitud_km": 0.97 }, "geometry": { "type": "LineString", "coordinates": [ [ -67.1105, -39.102 ], [ -67.1215, -39.1004 ] ] } },
{ "type": "Feature", "properties": { "nombre": "Camino sin nombre", "longitud_km": 1.17 }, "geometry": { "type": "LineString", "coordinates": [ [ -67.2368, -39.0873 ], [ -67.2386, -39.0977 ] ] } },
{ "type": "Feature", "properties": { "nombre": "Camino sin nombre", "longitud_km": 2.19 }, "geometry": { "type": "LineString", "coordinates": [ [ -67.1653, -39.0811 ], [ -67.1697, -39.1006 ] ] } },
{ "type": "Feature", "properties": { "nombre": "Camino sin nombre", "longitud_km": 2.78 }, "geometry": { "type": "LineString", "coordinates": [ [ -67.1759, -39.0792 ], [ -67.1798, -39.0932 ], [ -67.1697, -39.1006 ] ] } },
{ "type": "Feature", "properties": { "nombre": "Camino sin nombre", "longitud_km": 2.15 }, "geometry": { "type": "LineString", "coordinates": [ [ -67.2255, -39.0886 ], [ -67.2274, -39.099 ], [ -67.2386, -39.0977 ] ] } },
{ "type": "Feature", "properties": { "nombre": "Camino sin nombre", "longitud_km": 1.01 }, "geometry": { "type": "LineString", "coordinates": [ [ -67.0991, -39.1038 ], [ -67.1105, -39.102 ] ] } },
{ "type": "Feature", "properties": { "nombre": "Camino sin nombre", "longitud_km": 0.55 }, "geometry": { "type": "LineString", "coordinates": [ [ -67.0526, -39.1054 ], [ -67.0515, -39.1006 ] ] } },
{ "type": "Feature", "properties": { "nombre": "Camino sin nombre", "longitud_km": 0.22 }, "geometry": { "type": "LineString", "coordinates": [ [ -67.1697, -39.1006 ], [ -67.1687, -39.1024 ] ] } },
{ "type": "Feature", "properties": { "nombre": "Camino sin nombre", "longitud_km": 2.34 }, "geometry": { "type": "LineString", "coordinates": [ [ -67.1543, -39.0831 ], [ -67.1592, -39.1038 ] ] } },
{ "type": "Feature", "properties": { "nombre": "Camino sin nombre", "longitud_km": 0.83 }, "geometry": { "type": "LineString", "coordinates": [ [ -67.1592, -39.1038 ], [ -67.1687, -39.1024 ] ] } },
{ "type": "Feature", "properties": { "nombre": "Camino sin nombre", "longitud_km": 0.61 }, "geometry": { "type": "LineString", "coordinates": [ [ -67.2621, -39.0948 ], [ -67.2632, -39.1002 ] ] } },
{ "type": "Feature", "properties": { "nombre": "Camino sin nombre", "longitud_km": 2.3 }, "geometry": { "type": "LineString", "coordinates": [ [ -67.1423, -39.0853 ], [ -67.1473, -39.1056 ] ] } },
{ "type": "Feature", "properties": { "nombre": "Camino sin nombre", "longitud_km": 1.05 }, "geometry": { "type": "LineString", "coordinates": [ [ -67.1473, -39.1056 ], [ -67.1592, -39.1038 ] ] } },
{ "type": "Feature", "properties": { "nombre": "Camino sin nombre", "longitud_km": 0.49 }, "geometry": { "type": "LineString", "coordinates": [ [ -67.0537, -39.1098 ], [ -67.0526, -39.1054 ] ] } },
{ "type": "Feature", "properties": { "nombre": "Camino sin nombre", "longitud_km": 2.27 }, "geometry": { "type": "LineString", "coordinates": [ [ -67.1311, -39.0872 ], [ -67.1362, -39.1073 ] ] } },
{ "type": "Feature", "properties": { "nombre": "Camino sin nombre", "longitud_km": 0.97 }, "geometry": { "type": "LineString", "coordinates": [ [ -67.1362, -39.1073 ], [ -67.1473, -39.1056 ] ] } },
{ "type": "Feature", "properties": { "nombre": "Camino sin nombre", "longitud_km": 1.07 }, "geometry": { "type": "LineString", "coordinates": [ [ -67.0416, -39.1116 ], [ -67.0537, -39.1098 ] ] } },
{ "type": "Feature", "properties": { "nombre": "Camino sin nombre", "longitud_km": 2.1 }, "geometry": { "type": "LineString", "coordinates": [ [ -67.1124, -39.1108 ], [ -67.1362, -39.1073 ] ] } },
{ "type": "Feature", "properties": { "nombre": "Camino sin nombre", "longitud_km": 2.24 }, "geometry": { "type": "LineString", "coordinates": [ [ -67.1906, -39.0927 ], [ -67.1935, -39.1127 ] ] } },
{ "type": "Feature", "properties": { "nombre": "Camino sin nombre", "longitud_km": 1.42 }, "geometry": { "type": "LineString", "coordinates": [ [ -67.0663, -39.1124 ], [ -67.0526, -39.1054 ] ] } },
{ "type": "Feature", "properties": { "nombre": "Camino sin nombre", "longitud_km": 1.21 }, "geometry": { "type": "LineString", "coordinates": [ [ -67.0169, -39.1041 ], [ -67.0192, -39.1149 ] ] } },
{ "type": "Feature", "properties": { "nombre": "Camino sin nombre", "longitud_km": 1.97 }, "geometry": { "type": "LineString", "coordinates": [ [ -67.0192, -39.1149 ], [ -67.0416, -39.1116 ] ] } },
{ "type": "Feature", "properties": { "nombre": "Camino sin nombre", "longitud_km": 0.99 }, "geometry": { "type": "LineString", "coordinates": [ [ -67.1012, -39.1124 ], [ -67.1124, -39.1108 ] ] } },
{ "type": "Feature", "properties": { "nombre": "Camino sin nombre", "longitud_km": 0.94 }, "geometry": { "type": "LineString", "coordinates": [ [ -67.0787, -39.114 ], [ -67.0894, -39.1125 ] ] } },
{ "type": "Feature", "properties": { "nombre": "Camino sin nombre", "longitud_km": 1.0 }, "geometry": { "type": "LineString", "coordinates": [ [ -67.0897, -39.1141 ], [ -67.1012, -39.1124 ] ] } },
{ "type": "Feature", "properties": { "nombre": "Camino sin nombre", "longitud_km": 1.05 }, "geometry": { "type": "LineString", "coordinates": [ [ -67.1592, -39.1038 ], [ -67.1615, -39.1131 ] ] } },
{ "type": "Feature", "properties": { "nombre": "Camino sin nombre", "longitud_km": 2.01 }, "geometry": { "type": "LineString", "coordinates": [ [ -66.9963, -39.1181 ], [ -67.0192, -39.1149 ] ] } },
{ "type": "Feature", "properties": { "nombre": "Camino sin nombre", "longitud_km": 1.08 }, "geometry": { "type": "LineString", "coordinates": [ [ -67.0663, -39.1124 ], [ -67.0787, -39.114 ] ] } },
{ "type": "Feature", "properties": { "nombre": "Camino sin nombre", "longitud_km": 1.87 }, "geometry": { "type": "LineString", "coordinates": [ [ -67.1473, -39.1056 ], [ -67.1513, -39.1222 ] ] } },
{ "type": "Feature", "properties": { "nombre": "Camino sin nombre", "longitud_km": 1.34 }, "geometry": { "type": "LineString", "coordinates": [ [ -67.1687, -39.1024 ], [ -67.1615, -39.1131 ] ] } },
{ "type": "Feature", "properties": { "nombre": "Camino sin nombre", "longitud_km": 1.01 }, "geometry": { "type": "LineString", "coordinates": [ [ -67.5691, -39.0543 ], [ -67.5709, -39.0632 ] ] } },
{ "type": "Feature", "properties": { "nombre": "Camino sin nombre", "longitud_km": 2.65 }, "geometry": { "type": "LineString", "coordinates": [ [ -66.9245, -39.1196 ], [ -66.8942, -39.1235 ] ] } },
{ "type": "Feature", "properties": { "nombre": "Camino sin nombre", "longitud_km": 0.84 }, "geometry": { "type": "LineString", "coordinates": [ [ -67.1615, -39.1131 ], [ -67.1632, -39.1205 ] ] } },
{ "type": "Feature", "properties": { "nombre": "Camino sin nombre", "longitud_km": 0.85 }, "geometry": { "type": "LineString", "coordinates": [ [ -67.1362, -39.1073 ], [ -67.138, -39.1148 ] ] } },
{ "type": "Feature", "properties": { "nombre": "Camino sin nombre", "longitud_km": 2.13 }, "geometry": { "type": "LineString", "coordinates": [ [ -66.8942, -39.1235 ], [ -66.8698, -39.1256 ] ] } },
{ "type": "Feature", "properties": { "nombre": "Camino sin nombre", "longitud_km": 1.03 }, "geometry": { "type": "LineString", "coordinates": [ [ -67.0557, -39.119 ], [ -67.0537, -39.1098 ] ] } },
{ "type": "Feature", "properties": { "nombre": "Camino sin nombre", "longitud_km": 2.24 }, "geometry": { "type": "LineString", "coordinates": [ [ -66.8698, -39.1256 ], [ -66.8439, -39.1277 ] ] } },
{ "type": "Feature", "properties": { "nombre": "Camino sin nombre", "longitud_km": 2.09 }, "geometry": { "type": "LineString", "coordinates": [ [ -67.1143, -39.1182 ], [ -67.138, -39.1148 ] ] } },
{ "type": "Feature", "properties": { "nombre": "Camino sin nombre", "longitud_km": 0.35 }, "geometry": { "type": "LineString", "coordinates": [ [ -67.138, -39.1148 ], [ -67.1387, -39.1179 ] ] } },
{ "type": "Feature", "properties": { "nombre": "Camino sin nombre", "longitud_km": 1.0 }, "geometry": { "type": "LineString", "coordinates": [ [ -67.1029, -39.12 ], [ -67.1143, -39.1182 ] ] } },
{ "type": "Feature", "properties": { "nombre": "Camino sin nombre", "longitud_km": 1.12 }, "geometry": { "type": "LineString", "coordinates": [ [ -67.0192, -39.1149 ], [ -67.0257, -39.1236 ] ] } },
{ "type": "Feature", "properties": { "nombre": "Camino sin nombre", "longitud_km": 1.61 }, "geometry": { "type": "LineString", "coordinates": [ [ -67.0257, -39.1236 ], [ -67.044, -39.1209 ] ] } },
{ "type": "Feature", "properties": { "nombre": "Camino sin nombre", "longitud_km": 1.0 }, "geometry": { "type": "LineString", "coordinates": [ [ -67.0915, -39.1217 ], [ -67.1029, -39.12 ] ] } },
{ "type": "Feature", "properties": { "nombre": "Camino sin nombre", "longitud_km": 0.39 }, "geometry": { "type": "LineString", "coordinates": [ [ -67.0213, -39.1242 ], [ -67.0257, -39.1236 ] ] } },
{ "type": "Feature", "properties": { "nombre": "Camino sin nombre", "longitud_km": 2.08 }, "geometry": { "type": "LineString", "coordinates": [ [ -67.1151, -39.1214 ], [ -67.1387, -39.1179 ] ] } },
{ "type": "Feature", "properties": { "nombre": "Camino sin nombre", "longitud_km": 0.98 }, "geometry": { "type": "LineString", "coordinates": [ [ -67.0803, -39.1233 ], [ -67.0915, -39.1217 ] ] } },
{ "type": "Feature", "properties": { "nombre": "Camino sin nombre", "longitud_km": 0.41 }, "geometry": { "type": "LineString", "coordinates": [ [ -67.1632, -39.1205 ], [ -67.1679, -39.1198 ] ] } },
{ "type": "Feature", "properties": { "nombre": "Camino sin nombre", "longitud_km": 1.01 }, "geometry": { "type": "LineString", "coordinates": [ [ -67.1036, -39.1231 ], [ -67.1151, -39.1214 ] ] } },
{ "type": "Feature", "properties": { "nombre": "Camino sin nombre", "longitud_km": 2.02 }, "geometry": { "type": "LineString", "coordinates": [ [ -66.9983, -39.1275 ], [ -67.0213, -39.1242 ] ] } },
{ "type": "Feature", "properties": { "nombre": "Camino sin nombre", "longitud_km": 1.05 }, "geometry": { "type": "LineString", "coordinates": [ [ -67.1513, -39.1222 ], [ -67.1632, -39.1205 ] ] } },
{ "type": "Feature", "properties": { "nombre": "Camino sin nombre", "longitud_km": 0.04 }, "geometry": { "type": "LineString", "coordinates": [ [ -67.1509, -39.1222 ], [ -67.1513, -39.1222 ] ] } },
{ "type": "Feature", "properties": { "nombre": "Camino sin nombre", "longitud_km": 0.18 }, "geometry": { "type": "LineString", "coordinates": [ [ -67.1632, -39.1205 ], [ -67.1636, -39.122 ] ] } },
{ "type": "Feature", "properties": { "nombre": "Camino sin nombre", "longitud_km": 1.0 }, "geometry": { "type": "LineString", "coordinates": [ [ -67.0922, -39.1247 ], [ -67.1036, -39.1231 ] ] } },
{ "type": "Feature", "properties": { "nombre": "Camino sin nombre", "longitud_km": 0.84 }, "geometry": { "type": "LineString", "coordinates": [ [ -66.8693, -39.1327 ], [ -66.8596, -39.132 ] ] } },
{ "type": "Feature", "properties": { "nombre": "Camino sin nombre", "longitud_km": 0.79 }, "geometry": { "type": "LineString", "coordinates": [ [ -66.8693, -39.1327 ], [ -66.8698, -39.1256 ] ] } },
{ "type": "Feature", "properties": { "nombre": "Camino sin nombre", "longitud_km": 0.66 }, "geometry": { "type": "LineString", "coordinates": [ [ -67.1387, -39.1179 ], [ -67.1401, -39.1238 ] ] } },
{ "type": "Feature", "properties": { "nombre": "Camino sin nombre", "longitud_km": 0.95 }, "geometry": { "type": "LineString", "coordinates": [ [ -67.1401, -39.1238 ], [ -67.1509, -39.1222 ] ] } },
{ "type": "Feature", "properties": { "nombre": "Camino sin nombre", "longitud_km": 1.99 }, "geometry": { "type": "LineString", "coordinates": [ [ -67.0577, -39.1268 ], [ -67.0803, -39.1233 ] ] } },
{ "type": "Feature", "properties": { "nombre": "Camino sin nombre", "longitud_km": 1.99 }, "geometry": { "type": "LineString", "coordinates": [ [ -66.9757, -39.1308 ], [ -66.9983, -39.1275 ] ] } },
{ "type": "Feature", "properties": { "nombre": "Camino sin nombre", "longitud_km": 0.99 }, "geometry": { "type": "LineString", "coordinates": [ [ -67.081, -39.1264 ], [ -67.0922, -39.1247 ] ] } },
{ "type": "Feature", "properties": { "nombre": "Camino sin nombre", "longitud_km": 1.57 }, "geometry": { "type": "LineString", "coordinates": [ [ -66.8874, -39.134 ], [ -66.8693, -39.1327 ] ] } },
{ "type": "Feature", "properties": { "nombre": "Camino sin nombre", "longitud_km": 2.03 }, "geometry": { "type": "LineString", "coordinates": [ [ -66.9526, -39.1342 ], [ -66.9757, -39.1308 ] ] } },
{ "type": "Feature", "properties": { "nombre": "Camino sin nombre", "longitud_km": 2.07 }, "geometry": { "type": "LineString", "coordinates": [ [ -67.1166, -39.1272 ], [ -67.1401, -39.1238 ] ] } },
{ "type": "Feature", "properties": { "nombre": "Camino sin nombre", "longitud_km": 0.99 }, "geometry": { "type": "LineString", "coordinates": [ [ -67.0831, -39.1355 ], [ -67.0944, -39.1338 ] ] } },
{ "type": "Feature", "properties": { "nombre": "Camino sin nombre", "longitud_km": 1.99 }, "geometry": { "type": "LineString", "coordinates": [ [ -67.0584, -39.1296 ], [ -67.081, -39.1264 ] ] } },
{ "type": "Feature", "properties": { "nombre": "Camino sin nombre", "longitud_km": 0.34 }, "geometry": { "type": "LineString", "coordinates": [ [ -67.1401, -39.1238 ], [ -67.1408, -39.1268 ] ] } },
{ "type": "Feature", "properties": { "nombre": "Camino sin nombre", "longitud_km": 1.4 }, "geometry": { "type": "LineString", "coordinates": [ [ -66.8942, -39.1235 ], [ -66.8936, -39.1361 ] ] } },
{ "type": "Feature", "properties": { "nombre": "Camino sin nombre", "longitud_km": 1.02 }, "geometry": { "type": "LineString", "coordinates": [ [ -67.105, -39.1289 ], [ -67.1166, -39.1272 ] ] } },
{ "type": "Feature", "properties": { "nombre": "Camino sin nombre", "longitud_km": 1.6 }, "geometry": { "type": "LineString", "coordinates": [ [ -66.9353, -39.1221 ], [ -66.941, -39.1358 ] ] } },
{ "type": "Feature", "properties": { "nombre": "Camino sin nombre", "longitud_km": 1.02 }, "geometry": { "type": "LineString", "coordinates": [ [ -66.941, -39.1358 ], [ -66.9526, -39.1342 ] ] } },
{ "type": "Feature", "properties": { "nombre": "Camino sin nombre", "longitud_km": 1.0 }, "geometry": { "type": "LineString", "coordinates": [ [ -67.0936, -39.1306 ], [ -67.105, -39.1289 ] ] } },
{ "type": "Feature", "properties": { "nombre": "Camino sin nombre", "longitud_km": 1.02 }, "geometry": { "type": "LineString", "coordinates": [ [ -67.0235, -39.1333 ], [ -67.0213, -39.1242 ] ] } },
{ "type": "Feature", "properties": { "nombre": "Camino sin nombre", "longitud_km": 2.01 }, "geometry": { "type": "LineString", "coordinates": [ [ -67.118, -39.1301 ], [ -67.1408, -39.1268 ] ] } },
{ "type": "Feature", "properties": { "nombre": "Camino sin nombre", "longitud_km": 0.96 }, "geometry": { "type": "LineString", "coordinates": [ [ -66.93, -39.1373 ], [ -66.941, -39.1358 ] ] } },
{ "type": "Feature", "properties": { "nombre": "Camino sin nombre", "longitud_km": 0.99 }, "geometry": { "type": "LineString", "coordinates": [ [ -67.0824, -39.1322 ], [ -67.0936, -39.1306 ] ] } },
{ "type": "Feature", "properties": { "nombre": "Camino sin nombre", "longitud_km": 1.08 }, "geometry": { "type": "LineString", "coordinates": [ [ -66.8936, -39.1361 ], [ -66.8947, -39.1458 ] ] } },
{ "type": "Feature", "properties": { "nombre": "Camino sin nombre", "longitud_km": 0.18 }, "geometry": { "type": "LineString", "coordinates": [ [ -67.0238, -39.1348 ], [ -67.0235, -39.1333 ] ] } },
{ "type": "Feature", "properties": { "nombre": "Camino sin nombre", "longitud_km": 1.11 }, "geometry": { "type": "LineString", "coordinates": [ [ -67.1053, -39.1321 ], [ -67.118, -39.1301 ] ] } },
{ "type": "Feature", "properties": { "nombre": "Camino sin nombre", "longitud_km": 0.94 }, "geometry": { "type": "LineString", "coordinates": [ [ -67.1509, -39.1222 ], [ -67.1531, -39.1306 ] ] } },
{ "type": "Feature", "properties": { "nombre": "Camino sin nombre", "longitud_km": 2.04 }, "geometry": { "type": "LineString", "coordinates": [ [ -67.0002, -39.1364 ], [ -67.0235, -39.1333 ] ] } },
{ "type": "Feature", "properties": { "nombre": "Camino sin nombre", "longitud_km": 0.97 }, "geometry": { "type": "LineString", "coordinates": [ [ -67.0944, -39.1338 ], [ -67.1053, -39.1321 ] ] } },
{ "type": "Feature", "properties": { "nombre": "Camino sin nombre", "longitud_km": 0.74 }, "geometry": { "type": "LineString", "coordinates": [ [ -66.9918, -39.1376 ], [ -67.0002, -39.1364 ] ] } },
{ "type": "Feature", "properties": { "nombre": "Camino sin nombre", "longitud_km": 35.36 }, "geometry": { "type": "LineString", "coordinates": [ [ -65.7421, -39.2029 ], [ -65.856, -39.1853 ], [ -66.0112, -39.1891 ], [ -66.1211, -39.1631 ], [ -66.1441, -39.1636 ] ] } },
{ "type": "Feature", "properties": { "nombre": "Camino sin nombre", "longitud_km": 1.4 }, "geometry": { "type": "LineString", "coordinates": [ [ -66.941, -39.1358 ], [ -66.9427, -39.1396 ], [ -66.9535, -39.1383 ] ] } },
{ "type": "Feature", "properties": { "nombre": "Camino sin nombre", "longitud_km": 1.24 }, "geometry": { "type": "LineString", "coordinates": [ [ -66.9777, -39.1395 ], [ -66.9918, -39.1376 ] ] } },
{ "type": "Feature", "properties": { "nombre": "Camino sin nombre", "longitud_km": 1.61 }, "geometry": { "type": "LineString", "coordinates": [ [ -66.1441, -39.1636 ], [ -66.1628, -39.1636 ] ] } },
{ "type": "Feature", "properties": { "nombre": "Camino sin nombre", "longitud_km": 0.69 }, "geometry": { "type": "LineString", "coordinates": [ [ -67.1408, -39.1268 ], [ -67.1422, -39.1329 ] ] } },
{ "type": "Feature", "properties": { "nombre": "Camino sin nombre", "longitud_km": 0.98 }, "geometry": { "type": "LineString", "coordinates": [ [ -67.1422, -39.1329 ], [ -67.1531, -39.1306 ] ] } },
{ "type": "Feature", "properties": { "nombre": "Camino sin nombre", "longitud_km": 1.98 }, "geometry": { "type": "LineString", "coordinates": [ [ -67.06, -39.1361 ], [ -67.0824, -39.1322 ] ] } },
{ "type": "Feature", "properties": { "nombre": "Camino sin nombre", "longitud_km": 0.83 }, "geometry": { "type": "LineString", "coordinates": [ [ -67.0463, -39.1304 ], [ -67.0481, -39.1377 ] ] } },
{ "type": "Feature", "properties": { "nombre": "Camino sin nombre", "longitud_km": 1.04 }, "geometry": { "type": "LineString", "coordinates": [ [ -67.0481, -39.1377 ], [ -67.06, -39.1361 ] ] } },
{ "type": "Feature", "properties": { "nombre": "Camino sin nombre", "longitud_km": 2.04 }, "geometry": { "type": "LineString", "coordinates": [ [ -66.9545, -39.1428 ], [ -66.9777, -39.1395 ] ] } },
{ "type": "Feature", "properties": { "nombre": "Camino sin nombre", "longitud_km": 1.03 }, "geometry": { "type": "LineString", "coordinates": [ [ -67.0364, -39.1393 ], [ -67.0481, -39.1377 ] ] } },
{ "type": "Feature", "properties": { "nombre": "Camino sin nombre", "longitud_km": 2.06 }, "geometry": { "type": "LineString", "coordinates": [ [ -67.0011, -39.1405 ], [ -67.0238, -39.1348 ] ] } },
{ "type": "Feature", "properties": { "nombre": "Camino sin nombre", "longitud_km": 3.2 }, "geometry": { "type": "LineString", "coordinates": [ [ -67.0235, -39.1333 ], [ -67.0447, -39.1304 ], [ -67.0348, -39.1396 ] ] } },
{ "type": "Feature", "properties": { "nombre": "Camino sin nombre", "longitud_km": 0.14 }, "geometry": { "type": "LineString", "coordinates": [ [ -67.0348, -39.1396 ], [ -67.0364, -39.1393 ] ] } },
{ "type": "Feature", "properties": { "nombre": "Camino sin nombre", "longitud_km": 0.81 }, "geometry": { "type": "LineString", "coordinates": [ [ -67.118, -39.1301 ], [ -67.1197, -39.1373 ] ] } },
{ "type": "Feature", "properties": { "nombre": "Camino sin nombre", "longitud_km": 0.91 }, "geometry": { "type": "LineString", "coordinates": [ [ -67.1197, -39.1373 ], [ -67.1301, -39.1358 ] ] } },
{ "type": "Feature", "properties": { "nombre": "Camino sin nombre", "longitud_km": 0.69 }, "geometry": { "type": "LineString", "coordinates": [ [ -67.0253, -39.141 ], [ -67.0238, -39.1348 ] ] } },
{ "type": "Feature", "properties": { "nombre": "Camino sin nombre", "longitud_km": 0.84 }, "geometry": { "type": "LineString", "coordinates": [ [ -67.0253, -39.141 ], [ -67.0348, -39.1396 ] ] } },
{ "type": "Feature", "properties": { "nombre": "Camino sin nombre", "longitud_km": 0.7 }, "geometry": { "type": "LineString", "coordinates": [ [ -67.1531, -39.1306 ], [ -67.1547, -39.1367 ] ] } },
{ "type": "Feature", "properties": { "nombre": "Camino sin nombre", "longitud_km": 1.76 }, "geometry": { "type": "LineString", "coordinates": [ [ -67.132, -39.1434 ], [ -67.1306, -39.1379 ], [ -67.1422, -39.1329 ] ] } },
{ "type": "Feature", "properties": { "nombre": "Camino sin nombre", "longitud_km": 0.81 }, "geometry": { "type": "LineString", "coordinates": [ [ -67.1053, -39.1321 ], [ -67.1072, -39.1393 ] ] } },
{ "type": "Feature", "properties": { "nombre": "Camino sin nombre", "longitud_km": 1.1 }, "geometry": { "type": "LineString", "coordinates": [ [ -67.1072, -39.1393 ], [ -67.1197, -39.1373 ] ] } },
{ "type": "Feature", "properties": { "nombre": "Camino sin nombre", "longitud_km": 1.05 }, "geometry": { "type": "LineString", "coordinates": [ [ -67.0133, -39.1428 ], [ -67.0253, -39.141 ] ] } },
{ "type": "Feature", "properties": { "nombre": "Camino sin nombre", "longitud_km": 1.5 }, "geometry": { "type": "LineString", "coordinates": [ [ -66.9615, -39.1449 ], [ -66.9787, -39.1439 ] ] } },
{ "type": "Feature", "properties": { "nombre": "Camino sin nombre", "longitud_km": 2.79 }, "geometry": { "type": "LineString", "coordinates": [ [ -66.9299, -39.1401 ], [ -66.9304, -39.1462 ], [ -66.9545, -39.1428 ] ] } },
{ "type": "Feature", "properties": { "nombre": "Camino sin nombre", "longitud_km": 0.98 }, "geometry": { "type": "LineString", "coordinates": [ [ -67.096, -39.1409 ], [ -67.1072, -39.1393 ] ] } },
{ "type": "Feature", "properties": { "nombre": "Camino sin nombre", "longitud_km": 0.08 }, "geometry": { "type": "LineString", "coordinates": [ [ -67.0018, -39.1437 ], [ -67.0019, -39.1444 ] ] } },
{ "type": "Feature", "properties": { "nombre": "Camino sin nombre", "longitud_km": 1.0 }, "geometry": { "type": "LineString", "coordinates": [ [ -67.0019, -39.1444 ], [ -67.0133, -39.1428 ] ] } },
{ "type": "Feature", "properties": { "nombre": "Camino sin nombre", "longitud_km": 0.44 }, "geometry": { "type": "LineString", "coordinates": [ [ -67.0364, -39.1393 ], [ -67.0373, -39.1432 ] ] } },
{ "type": "Feature", "properties": { "nombre": "Camino sin nombre", "longitud_km": 2.07 }, "geometry": { "type": "LineString", "coordinates": [ [ -67.0373, -39.1432 ], [ -67.0609, -39.1398 ] ] } },
{ "type": "Feature", "properties": { "nombre": "Camino sin nombre", "longitud_km": 0.56 }, "geometry": { "type": "LineString", "coordinates": [ [ -66.9552, -39.1461 ], [ -66.9615, -39.1449 ] ] } },
{ "type": "Feature", "properties": { "nombre": "Camino sin nombre", "longitud_km": 0.85 }, "geometry": { "type": "LineString", "coordinates": [ [ -66.9918, -39.1376 ], [ -66.9935, -39.145 ] ] } },
{ "type": "Feature", "properties": { "nombre": "Camino sin nombre", "longitud_km": 0.73 }, "geometry": { "type": "LineString", "coordinates": [ [ -66.9935, -39.145 ], [ -67.0018, -39.1437 ] ] } },
{ "type": "Feature", "properties": { "nombre": "Camino sin nombre", "longitud_km": 0.99 }, "geometry": { "type": "LineString", "coordinates": [ [ -67.0848, -39.1426 ], [ -67.096, -39.1409 ] ] } },
{ "type": "Feature", "properties": { "nombre": "Camino sin nombre", "longitud_km": 1.24 }, "geometry": { "type": "LineString", "coordinates": [ [ -66.9795, -39.1471 ], [ -66.9935, -39.145 ] ] } },
{ "type": "Feature", "properties": { "nombre": "Camino sin nombre", "longitud_km": 1.22 }, "geometry": { "type": "LineString", "coordinates": [ [ -66.9656, -39.1491 ], [ -66.9795, -39.1471 ] ] } },
{ "type": "Feature", "properties": { "nombre": "Camino sin nombre", "longitud_km": 0.53 }, "geometry": { "type": "LineString", "coordinates": [ [ -66.9615, -39.1449 ], [ -66.963, -39.1495 ] ] } },
{ "type": "Feature", "properties": { "nombre": "Camino sin nombre", "longitud_km": 0.22 }, "geometry": { "type": "LineString", "coordinates": [ [ -66.963, -39.1495 ], [ -66.9656, -39.1491 ] ] } },
{ "type": "Feature", "properties": { "nombre": "Camino sin nombre", "longitud_km": 0.41 }, "geometry": { "type": "LineString", "coordinates": [ [ -66.9583, -39.1502 ], [ -66.963, -39.1495 ] ] } },
{ "type": "Feature", "properties": { "nombre": "Camino sin nombre", "longitud_km": 1.26 }, "geometry": { "type": "LineString", "coordinates": [ [ -67.1422, -39.1329 ], [ -67.1448, -39.1441 ] ] } },
{ "type": "Feature", "properties": { "nombre": "Camino sin nombre", "longitud_km": 2.02 }, "geometry": { "type": "LineString", "coordinates": [ [ -67.1072, -39.1393 ], [ -67.1117, -39.1571 ] ] } },
{ "type": "Feature", "properties": { "nombre": "Camino sin nombre", "longitud_km": 2.08 }, "geometry": { "type": "LineString", "coordinates": [ [ -66.8137, -39.1579 ], [ -66.7897, -39.1564 ] ] } },
{ "type": "Feature", "properties": { "nombre": "Camino sin nombre", "longitud_km": 1.0 }, "geometry": { "type": "LineString", "coordinates": [ [ -67.1197, -39.1373 ], [ -67.1219, -39.1462 ] ] } },
{ "type": "Feature", "properties": { "nombre": "Camino sin nombre", "longitud_km": 0.93 }, "geometry": { "type": "LineString", "coordinates": [ [ -67.1219, -39.1462 ], [ -67.132, -39.1434 ] ] } },
{ "type": "Feature", "properties": { "nombre": "Camino sin nombre", "longitud_km": 2.18 }, "geometry": { "type": "LineString", "coordinates": [ [ -67.096, -39.1409 ], [ -67.1008, -39.1601 ] ] } },
{ "type": "Feature", "properties": { "nombre": "Camino sin nombre", "longitud_km": 1.16 }, "geometry": { "type": "LineString", "coordinates": [ [ -65.8757, -39.187 ], [ -65.8892, -39.1874 ] ] } },
{ "type": "Feature", "properties": { "nombre": "Camino sin nombre", "longitud_km": 2.55 }, "geometry": { "type": "LineString", "coordinates": [ [ -67.0639, -39.1524 ], [ -67.0751, -39.1509 ], [ -67.0747, -39.145 ], [ -67.0848, -39.1426 ] ] } },
{ "type": "Feature", "properties": { "nombre": "Camino sin nombre", "longitud_km": 0.92 }, "geometry": { "type": "LineString", "coordinates": [ [ -66.9815, -39.1557 ], [ -66.992, -39.1542 ] ] } },
{ "type": "Feature", "properties": { "nombre": "Camino sin nombre", "longitud_km": 1.19 }, "geometry": { "type": "LineString", "coordinates": [ [ -67.0373, -39.1432 ], [ -67.0397, -39.1538 ] ] } },
{ "type": "Feature", "properties": { "nombre": "Camino sin nombre", "longitud_km": 2.1 }, "geometry": { "type": "LineString", "coordinates": [ [ -67.0397, -39.1538 ], [ -67.0639, -39.1524 ] ] } },
{ "type": "Feature", "properties": { "nombre": "Camino sin nombre", "longitud_km": 0.97 }, "geometry": { "type": "LineString", "coordinates": [ [ -65.8892, -39.1874 ], [ -65.9004, -39.1878 ] ] } },
{ "type": "Feature", "properties": { "nombre": "Camino sin nombre", "longitud_km": 0.59 }, "geometry": { "type": "LineString", "coordinates": [ [ -67.1219, -39.1462 ], [ -67.1232, -39.1514 ] ] } },
{ "type": "Feature", "properties": { "nombre": "Camino sin nombre", "longitud_km": 1.16 }, "geometry": { "type": "LineString", "coordinates": [ [ -65.9004, -39.1878 ], [ -65.9139, -39.1883 ] ] } },
{ "type": "Feature", "properties": { "nombre": "Camino sin nombre", "longitud_km": 1.63 }, "geometry": { "type": "LineString", "coordinates": [ [ -67.0287, -39.1554 ], [ -67.0253, -39.141 ] ] } },
{ "type": "Feature", "properties": { "nombre": "Camino sin nombre", "longitud_km": 0.96 }, "geometry": { "type": "LineString", "coordinates": [ [ -67.0397, -39.1538 ], [ -67.0287, -39.1554 ] ] } },
{ "type": "Feature", "properties": { "nombre": "Camino sin nombre", "longitud_km": 1.1 }, "geometry": { "type": "LineString", "coordinates": [ [ -65.9139, -39.1883 ], [ -65.9266, -39.1887 ] ] } },
{ "type": "Feature", "properties": { "nombre": "Camino sin nombre", "longitud_km": 3.32 }, "geometry": { "type": "LineString", "coordinates": [ [ -66.7887, -39.1599 ], [ -66.7691, -39.1646 ], [ -66.7629, -39.1516 ] ] } },
{ "type": "Feature", "properties": { "nombre": "Camino sin nombre", "longitud_km": 0.94 }, "geometry": { "type": "LineString", "coordinates": [ [ -65.9266, -39.1887 ], [ -65.9374, -39.1891 ] ] } },
{ "type": "Feature", "properties": { "nombre": "Camino sin nombre", "longitud_km": 8.75 }, "geometry": { "type": "LineString", "coordinates": [ [ -65.7755, -39.1984 ], [ -65.8757, -39.187 ] ] } },
{ "type": "Feature", "properties": { "nombre": "Camino sin nombre", "longitud_km": 1.61 }, "geometry": { "type": "LineString", "coordinates": [ [ -67.0133, -39.1428 ], [ -67.017, -39.157 ] ] } },
{ "type": "Feature", "properties": { "nombre": "Camino sin nombre", "longitud_km": 1.03 }, "geometry": { "type": "LineString", "coordinates": [ [ -67.0287, -39.1554 ], [ -67.017, -39.157 ] ] } },
{ "type": "Feature", "properties": { "nombre": "Camino sin nombre", "longitud_km": 1.14 }, "geometry": { "type": "LineString", "coordinates": [ [ -67.132, -39.1434 ], [ -67.1347, -39.1534 ] ] } },
{ "type": "Feature", "properties": { "nombre": "Camino sin nombre", "longitud_km": 2.61 }, "geometry": { "type": "LineString", "coordinates": [ [ -67.0019, -39.1444 ], [ -67.0055, -39.1585 ], [ -67.017, -39.157 ] ] } },
{ "type": "Feature", "properties": { "nombre": "Camino sin nombre", "longitud_km": 1.54 }, "geometry": { "type": "LineString", "coordinates": [ [ -65.9374, -39.1891 ], [ -65.9552, -39.1904 ] ] } },
{ "type": "Feature", "properties": { "nombre": "Camino sin nombre", "longitud_km": 1.27 }, "geometry": { "type": "LineString", "coordinates": [ [ -66.9656, -39.1491 ], [ -66.9683, -39.1604 ] ] } },
{ "type": "Feature", "properties": { "nombre": "Camino sin nombre", "longitud_km": 1.36 }, "geometry": { "type": "LineString", "coordinates": [ [ -66.9815, -39.1557 ], [ -66.9826, -39.1603 ], [ -66.9921, -39.1589 ] ] } },
{ "type": "Feature", "properties": { "nombre": "Camino sin nombre", "longitud_km": 0.62 }, "geometry": { "type": "LineString", "coordinates": [ [ -67.0639, -39.1524 ], [ -67.065, -39.1579 ] ] } },
{ "type": "Feature", "properties": { "nombre": "Camino sin nombre", "longitud_km": 1.85 }, "geometry": { "type": "LineString", "coordinates": [ [ -65.889, -39.1936 ], [ -65.8759, -39.1934 ], [ -65.8757, -39.187 ] ] } },
{ "type": "Feature", "properties": { "nombre": "Camino sin nombre", "longitud_km": 3.01 }, "geometry": { "type": "LineString", "coordinates": [ [ -65.9552, -39.1904 ], [ -65.9901, -39.1908 ] ] } },
{ "type": "Feature", "properties": { "nombre": "Camino sin nombre", "longitud_km": 0.69 }, "geometry": { "type": "LineString", "coordinates": [ [ -65.8892, -39.1874 ], [ -65.889, -39.1936 ] ] } },
{ "type": "Feature", "properties": { "nombre": "Camino sin nombre", "longitud_km": 0.97 }, "geometry": { "type": "LineString", "coordinates": [ [ -65.9002, -39.194 ], [ -65.889, -39.1936 ] ] } },
{ "type": "Feature", "properties": { "nombre": "Camino sin nombre", "longitud_km": 0.69 }, "geometry": { "type": "LineString", "coordinates": [ [ -65.9002, -39.194 ], [ -65.9004, -39.1878 ] ] } },
{ "type": "Feature", "properties": { "nombre": "Camino sin nombre", "longitud_km": 0.18 }, "geometry": { "type": "LineString", "coordinates": [ [ -67.065, -39.1579 ], [ -67.0653, -39.1595 ] ] } },
{ "type": "Feature", "properties": { "nombre": "Camino sin nombre", "longitud_km": 1.44 }, "geometry": { "type": "LineString", "coordinates": [ [ -65.9901, -39.1908 ], [ -66.0067, -39.1921 ] ] } },
{ "type": "Feature", "properties": { "nombre": "Camino sin nombre", "longitud_km": 1.17 }, "geometry": { "type": "LineString", "coordinates": [ [ -65.9138, -39.1944 ], [ -65.9002, -39.194 ] ] } },
{ "type": "Feature", "properties": { "nombre": "Camino sin nombre", "longitud_km": 0.68 }, "geometry": { "type": "LineString", "coordinates": [ [ -65.9138, -39.1944 ], [ -65.9139, -39.1883 ] ] } },
{ "type": "Feature", "properties": { "nombre": "Camino sin nombre", "longitud_km": 0.83 }, "geometry": { "type": "LineString", "coordinates": [ [ -67.0397, -39.1538 ], [ -67.0413, -39.1612 ] ] } },
{ "type": "Feature", "properties": { "nombre": "Camino sin nombre", "longitud_km": 2.08 }, "geometry": { "type": "LineString", "coordinates": [ [ -67.065, -39.1579 ], [ -67.0413, -39.1612 ] ] } },
{ "type": "Feature", "properties": { "nombre": "Camino sin nombre", "longitud_km": 0.42 }, "geometry": { "type": "LineString", "coordinates": [ [ -65.9553, -39.1941 ], [ -65.9552, -39.1904 ] ] } },
{ "type": "Feature", "properties": { "nombre": "Camino sin nombre", "longitud_km": 1.22 }, "geometry": { "type": "LineString", "coordinates": [ [ -67.0653, -39.1595 ], [ -67.0794, -39.1605 ] ] } },
{ "type": "Feature", "properties": { "nombre": "Camino sin nombre", "longitud_km": 1.04 }, "geometry": { "type": "LineString", "coordinates": [ [ -67.0794, -39.1605 ], [ -67.0873, -39.1533 ] ] } },
{ "type": "Feature", "properties": { "nombre": "Camino sin nombre", "longitud_km": 1.1 }, "geometry": { "type": "LineString", "coordinates": [ [ -67.0413, -39.1612 ], [ -67.0288, -39.1633 ] ] } },
{ "type": "Feature", "properties": { "nombre": "Camino sin nombre", "longitud_km": 3.44 }, "geometry": { "type": "LineString", "coordinates": [ [ -65.9901, -39.1908 ], [ -65.9901, -39.1947 ], [ -65.9553, -39.1941 ] ] } },
{ "type": "Feature", "properties": { "nombre": "Camino sin nombre", "longitud_km": 1.74 }, "geometry": { "type": "LineString", "coordinates": [ [ -65.7557, -39.2012 ], [ -65.7755, -39.1984 ] ] } },
{ "type": "Feature", "properties": { "nombre": "Camino sin nombre", "longitud_km": 0.47 }, "geometry": { "type": "LineString", "coordinates": [ [ -65.7504, -39.202 ], [ -65.7557, -39.2012 ] ] } },
{ "type": "Feature", "properties": { "nombre": "Camino sin nombre", "longitud_km": 0.61 }, "geometry": { "type": "LineString", "coordinates": [ [ -65.889, -39.1936 ], [ -65.8889, -39.1991 ] ] } },
{ "type": "Feature", "properties": { "nombre": "Camino sin nombre", "longitud_km": 1.76 }, "geometry": { "type": "LineString", "coordinates": [ [ -67.0653, -39.1595 ], [ -67.0675, -39.1648 ], [ -67.0794, -39.1605 ] ] } },
{ "type": "Feature", "properties": { "nombre": "Camino sin nombre", "longitud_km": 1.76 }, "geometry": { "type": "LineString", "coordinates": [ [ -65.9137, -39.1995 ], [ -65.9, -39.1992 ], [ -65.9002, -39.194 ] ] } },
{ "type": "Feature", "properties": { "nombre": "Camino sin nombre", "longitud_km": 0.57 }, "geometry": { "type": "LineString", "coordinates": [ [ -65.9137, -39.1995 ], [ -65.9138, -39.1944 ] ] } },
{ "type": "Feature", "properties": { "nombre": "Camino sin nombre", "longitud_km": 0.49 }, "geometry": { "type": "LineString", "coordinates": [ [ -65.9553, -39.1941 ], [ -65.9552, -39.1986 ] ] } },
{ "type": "Feature", "properties": { "nombre": "Camino sin nombre", "longitud_km": 1.8 }, "geometry": { "type": "LineString", "coordinates": [ [ -65.9761, -39.1991 ], [ -65.9552, -39.1986 ] ] } },
{ "type": "Feature", "properties": { "nombre": "Camino sin nombre", "longitud_km": 0.74 }, "geometry": { "type": "LineString", "coordinates": [ [ -67.0413, -39.1612 ], [ -67.0427, -39.1678 ] ] } },
{ "type": "Feature", "properties": { "nombre": "Camino sin nombre", "longitud_km": 2.57 }, "geometry": { "type": "LineString", "coordinates": [ [ -65.9266, -39.1887 ], [ -65.9265, -39.2016 ], [ -65.9137, -39.1995 ] ] } },
{ "type": "Feature", "properties": { "nombre": "Camino sin nombre", "longitud_km": 1.37 }, "geometry": { "type": "LineString", "coordinates": [ [ -65.9374, -39.1891 ], [ -65.937, -39.2014 ] ] } },
{ "type": "Feature", "properties": { "nombre": "Camino sin nombre", "longitud_km": 2.04 }, "geometry": { "type": "LineString", "coordinates": [ [ -65.7727, -39.289 ], [ -65.756, -39.276 ] ] } },
{ "type": "Feature", "properties": { "nombre": "Camino sin nombre", "longitud_km": 0.67 }, "geometry": { "type": "LineString", "coordinates": [ [ -65.7606, -39.206 ], [ -65.7557, -39.2012 ] ] } },
{ "type": "Feature", "properties": { "nombre": "Camino sin nombre", "longitud_km": 1.55 }, "geometry": { "type": "LineString", "coordinates": [ [ -65.7755, -39.1984 ], [ -65.7606, -39.206 ] ] } },
{ "type": "Feature", "properties": { "nombre": "Camino sin nombre", "longitud_km": 0.98 }, "geometry": { "type": "LineString", "coordinates": [ [ -65.742, -39.2079 ], [ -65.7504, -39.202 ] ] } },
{ "type": "Feature", "properties": { "nombre": "Camino sin nombre", "longitud_km": 0.86 }, "geometry": { "type": "LineString", "coordinates": [ [ -65.7562, -39.2082 ], [ -65.7504, -39.202 ] ] } },
{ "type": "Feature", "properties": { "nombre": "Camino sin nombre", "longitud_km": 0.45 }, "geometry": { "type": "LineString", "coordinates": [ [ -65.7606, -39.206 ], [ -65.7562, -39.2082 ] ] } },
{ "type": "Feature", "properties": { "nombre": "Camino sin nombre", "longitud_km": 0.39 }, "geometry": { "type": "LineString", "coordinates": [ [ -65.7589, -39.211 ], [ -65.7562, -39.2082 ] ] } },
{ "type": "Feature", "properties": { "nombre": "Camino sin nombre", "longitud_km": 0.74 }, "geometry": { "type": "LineString", "coordinates": [ [ -65.7658, -39.2112 ], [ -65.7606, -39.206 ] ] } },
{ "type": "Feature", "properties": { "nombre": "Camino sin nombre", "longitud_km": 0.38 }, "geometry": { "type": "LineString", "coordinates": [ [ -65.7694, -39.2092 ], [ -65.7658, -39.2112 ] ] } },
{ "type": "Feature", "properties": { "nombre": "Camino sin nombre", "longitud_km": 0.74 }, "geometry": { "type": "LineString", "coordinates": [ [ -65.7489, -39.212 ], [ -65.742, -39.2079 ] ] } },
{ "type": "Feature", "properties": { "nombre": "Camino sin nombre", "longitud_km": 0.76 }, "geometry": { "type": "LineString", "coordinates": [ [ -65.7562, -39.2082 ], [ -65.7489, -39.212 ] ] } },
{ "type": "Feature", "properties": { "nombre": "Camino sin nombre", "longitud_km": 0.37 }, "geometry": { "type": "LineString", "coordinates": [ [ -65.7614, -39.2137 ], [ -65.7589, -39.211 ] ] } },
{ "type": "Feature", "properties": { "nombre": "Camino sin nombre", "longitud_km": 0.47 }, "geometry": { "type": "LineString", "coordinates": [ [ -65.7658, -39.2112 ], [ -65.7614, -39.2137 ] ] } },
{ "type": "Feature", "properties": { "nombre": "Camino sin nombre", "longitud_km": 0.37 }, "geometry": { "type": "LineString", "coordinates": [ [ -65.7523, -39.214 ], [ -65.7489, -39.212 ] ] } },
{ "type": "Feature", "properties": { "nombre": "Camino sin nombre", "longitud_km": 0.66 }, "geometry": { "type": "LineString", "coordinates": [ [ -65.7589, -39.211 ], [ -65.7523, -39.214 ] ] } },
{ "type": "Feature", "properties": { "nombre": "Camino sin nombre", "longitud_km": 0.79 }, "geometry": { "type": "LineString", "coordinates": [ [ -65.7614, -39.2137 ], [ -65.7523, -39.214 ] ] } },
{ "type": "Feature", "properties": { "nombre": "Camino sin nombre", "longitud_km": 3.21 }, "geometry": { "type": "LineString", "coordinates": [ [ -65.9552, -39.1986 ], [ -65.9599, -39.2272 ] ] } },
{ "type": "Feature", "properties": { "nombre": "Camino sin nombre", "longitud_km": 1.97 }, "geometry": { "type": "LineString", "coordinates": [ [ -65.7523, -39.2191 ], [ -65.7383, -39.2106 ], [ -65.742, -39.2079 ] ] } },
{ "type": "Feature", "properties": { "nombre": "Camino sin nombre", "longitud_km": 24.51 }, "geometry": { "type": "LineString", "coordinates": [ [ -66.1686, -39.4297 ], [ -66.0864, -39.3398 ], [ -65.9851, -39.2622 ] ] } },
{ "type": "Feature", "properties": { "nombre": "Camino sin nombre", "longitud_km": 0.93 }, "geometry": { "type": "LineString", "coordinates": [ [ -65.7016, -39.2848 ], [ -65.7022, -39.2764 ] ] } },
{ "type": "Feature", "properties": { "nombre": "Camino sin nombre", "longitud_km": 0.45 }, "geometry": { "type": "LineString", "coordinates": [ [ -65.7016, -39.2848 ], [ -65.7053, -39.2819 ] ] } },
{ "type": "Feature", "properties": { "nombre": "Camino sin nombre", "longitud_km": 0.02 }, "geometry": { "type": "LineString", "coordinates": [ [ -65.7017, -39.285 ], [ -65.7016, -39.2848 ] ] } },
{ "type": "Feature", "properties": { "nombre": "Camino sin nombre", "longitud_km": 0.46 }, "geometry": { "type": "LineString", "coordinates": [ [ -65.7017, -39.285 ], [ -65.7053, -39.2819 ] ] } },
{ "type": "Feature", "properties": { "nombre": "Camino sin nombre", "longitud_km": 3.09 }, "geometry": { "type": "LineString", "coordinates": [ [ -65.7792, -39.284 ], [ -65.7538, -39.2644 ] ] } },
{ "type": "Feature", "properties": { "nombre": "Camino sin nombre", "longitud_km": 0.39 }, "geometry": { "type": "LineString", "coordinates": [ [ -65.7824, -39.2815 ], [ -65.7792, -39.284 ] ] } },
{ "type": "Feature", "properties": { "nombre": "Camino sin nombre", "longitud_km": 2.29 }, "geometry": { "type": "LineString", "coordinates": [ [ -65.752, -39.2846 ], [ -65.748, -39.2814 ], [ -65.7335, -39.2931 ] ] } },
{ "type": "Feature", "properties": { "nombre": "Camino sin nombre", "longitud_km": 2.12 }, "geometry": { "type": "LineString", "coordinates": [ [ -65.8091, -39.2856 ], [ -65.8024, -39.2801 ], [ -65.8062, -39.269 ] ] } },
{ "type": "Feature", "properties": { "nombre": "Camino sin nombre", "longitud_km": 0.49 }, "geometry": { "type": "LineString", "coordinates": [ [ -65.7832, -39.2871 ], [ -65.7792, -39.284 ] ] } },
{ "type": "Feature", "properties": { "nombre": "Camino sin nombre", "longitud_km": 0.84 }, "geometry": { "type": "LineString", "coordinates": [ [ -65.6948, -39.2901 ], [ -65.7016, -39.2848 ] ] } },
{ "type": "Feature", "properties": { "nombre": "Camino sin nombre", "longitud_km": 0.78 }, "geometry": { "type": "LineString", "coordinates": [ [ -65.7792, -39.284 ], [ -65.7727, -39.289 ] ] } },
{ "type": "Feature", "properties": { "nombre": "Camino sin nombre", "longitud_km": 0.25 }, "geometry": { "type": "LineString", "coordinates": [ [ -65.7853, -39.2887 ], [ -65.7832, -39.2871 ] ] } },
{ "type": "Feature", "properties": { "nombre": "Camino sin nombre", "longitud_km": 0.97 }, "geometry": { "type": "LineString", "coordinates": [ [ -65.752, -39.2846 ], [ -65.7441, -39.2909 ] ] } },
{ "type": "Feature", "properties": { "nombre": "Camino sin nombre", "longitud_km": 1.16 }, "geometry": { "type": "LineString", "coordinates": [ [ -65.7791, -39.3058 ], [ -65.7696, -39.2984 ] ] } },
{ "type": "Feature", "properties": { "nombre": "Camino sin nombre", "longitud_km": 1.54 }, "geometry": { "type": "LineString", "coordinates": [ [ -65.7172, -39.2923 ], [ -65.7053, -39.2819 ] ] } },
{ "type": "Feature", "properties": { "nombre": "Camino sin nombre", "longitud_km": 1.07 }, "geometry": { "type": "LineString", "coordinates": [ [ -65.7608, -39.2915 ], [ -65.752, -39.2846 ] ] } },
{ "type": "Feature", "properties": { "nombre": "Camino sin nombre", "longitud_km": 3.27 }, "geometry": { "type": "LineString", "coordinates": [ [ -65.8121, -39.2992 ], [ -65.7924, -39.2836 ], [ -65.7853, -39.2887 ] ] } },
{ "type": "Feature", "properties": { "nombre": "Camino sin nombre", "longitud_km": 1.68 }, "geometry": { "type": "LineString", "coordinates": [ [ -65.7335, -39.2931 ], [ -65.7194, -39.2826 ] ] } },
{ "type": "Feature", "properties": { "nombre": "Camino sin nombre", "longitud_km": 0.87 }, "geometry": { "type": "LineString", "coordinates": [ [ -65.7764, -39.2928 ], [ -65.7832, -39.2871 ] ] } },
{ "type": "Feature", "properties": { "nombre": "Camino sin nombre", "longitud_km": 0.87 }, "geometry": { "type": "LineString", "coordinates": [ [ -65.6882, -39.2951 ], [ -65.681, -39.2896 ] ] } },
{ "type": "Feature", "properties": { "nombre": "Camino sin nombre", "longitud_km": 0.79 }, "geometry": { "type": "LineString", "coordinates": [ [ -65.6882, -39.2951 ], [ -65.6948, -39.2901 ] ] } },
{ "type": "Feature", "properties": { "nombre": "Camino sin nombre", "longitud_km": 0.53 }, "geometry": { "type": "LineString", "coordinates": [ [ -65.7651, -39.2948 ], [ -65.7608, -39.2915 ] ] } },
{ "type": "Feature", "properties": { "nombre": "Camino sin nombre", "longitud_km": 0.93 }, "geometry": { "type": "LineString", "coordinates": [ [ -65.7727, -39.289 ], [ -65.7651, -39.2948 ] ] } },
{ "type": "Feature", "properties": { "nombre": "Camino sin nombre", "longitud_km": 0.3 }, "geometry": { "type": "LineString", "coordinates": [ [ -65.6857, -39.2969 ], [ -65.6882, -39.2951 ] ] } },
{ "type": "Feature", "properties": { "nombre": "Camino sin nombre", "longitud_km": 0.94 }, "geometry": { "type": "LineString", "coordinates": [ [ -65.793, -39.2947 ], [ -65.7853, -39.2887 ] ] } },
{ "type": "Feature", "properties": { "nombre": "Camino sin nombre", "longitud_km": 0.49 }, "geometry": { "type": "LineString", "coordinates": [ [ -65.7376, -39.2961 ], [ -65.7335, -39.2931 ] ] } },
{ "type": "Feature", "properties": { "nombre": "Camino sin nombre", "longitud_km": 0.81 }, "geometry": { "type": "LineString", "coordinates": [ [ -65.7441, -39.2909 ], [ -65.7376, -39.2961 ] ] } },
{ "type": "Feature", "properties": { "nombre": "Camino sin nombre", "longitud_km": 1.92 }, "geometry": { "type": "LineString", "coordinates": [ [ -65.7117, -39.297 ], [ -65.6987, -39.2875 ], [ -65.7017, -39.285 ] ] } },
{ "type": "Feature", "properties": { "nombre": "Camino sin nombre", "longitud_km": 1.08 }, "geometry": { "type": "LineString", "coordinates": [ [ -65.7534, -39.2975 ], [ -65.7441, -39.2909 ] ] } },
{ "type": "Feature", "properties": { "nombre": "Camino sin nombre", "longitud_km": 0.93 }, "geometry": { "type": "LineString", "coordinates": [ [ -65.7608, -39.2915 ], [ -65.7534, -39.2975 ] ] } },
{ "type": "Feature", "properties": { "nombre": "Camino sin nombre", "longitud_km": 1.08 }, "geometry": { "type": "LineString", "coordinates": [ [ -65.8019, -39.3015 ], [ -65.793, -39.2947 ] ] } },
{ "type": "Feature", "properties": { "nombre": "Camino sin nombre", "longitud_km": 0.56 }, "geometry": { "type": "LineString", "coordinates": [ [ -65.7696, -39.2984 ], [ -65.7651, -39.2948 ] ] } },
{ "type": "Feature", "properties": { "nombre": "Camino sin nombre", "longitud_km": 0.85 }, "geometry": { "type": "LineString", "coordinates": [ [ -65.7696, -39.2984 ], [ -65.7764, -39.2928 ] ] } },
{ "type": "Feature", "properties": { "nombre": "Camino sin nombre", "longitud_km": 1.31 }, "geometry": { "type": "LineString", "coordinates": [ [ -65.8388, -39.2916 ], [ -65.8422, -39.3031 ] ] } },
{ "type": "Feature", "properties": { "nombre": "Camino sin nombre", "longitud_km": 1.89 }, "geometry": { "type": "LineString", "coordinates": [ [ -65.7104, -39.302 ], [ -65.6948, -39.2901 ] ] } },
{ "type": "Feature", "properties": { "nombre": "Camino sin nombre", "longitud_km": 1.17 }, "geometry": { "type": "LineString", "coordinates": [ [ -65.7861, -39.3002 ], [ -65.7764, -39.2928 ] ] } },
{ "type": "Feature", "properties": { "nombre": "Camino sin nombre", "longitud_km": 0.86 }, "geometry": { "type": "LineString", "coordinates": [ [ -65.793, -39.2947 ], [ -65.7861, -39.3002 ] ] } },
{ "type": "Feature", "properties": { "nombre": "Camino sin nombre", "longitud_km": 0.89 }, "geometry": { "type": "LineString", "coordinates": [ [ -65.7376, -39.2961 ], [ -65.7304, -39.3019 ] ] } },
{ "type": "Feature", "properties": { "nombre": "Camino sin nombre", "longitud_km": 1.92 }, "geometry": { "type": "LineString", "coordinates": [ [ -65.7534, -39.2975 ], [ -65.7468, -39.3029 ], [ -65.7376, -39.2961 ] ] } },
{ "type": "Feature", "properties": { "nombre": "Camino sin nombre", "longitud_km": 1.09 }, "geometry": { "type": "LineString", "coordinates": [ [ -65.7627, -39.3042 ], [ -65.7534, -39.2975 ] ] } },
{ "type": "Feature", "properties": { "nombre": "Camino sin nombre", "longitud_km": 0.88 }, "geometry": { "type": "LineString", "coordinates": [ [ -65.7627, -39.3042 ], [ -65.7696, -39.2984 ] ] } },
{ "type": "Feature", "properties": { "nombre": "Camino sin nombre", "longitud_km": 0.57 }, "geometry": { "type": "LineString", "coordinates": [ [ -65.7151, -39.3056 ], [ -65.7104, -39.302 ] ] } },
{ "type": "Feature", "properties": { "nombre": "Camino sin nombre", "longitud_km": 1.2 }, "geometry": { "type": "LineString", "coordinates": [ [ -65.7247, -39.2977 ], [ -65.7151, -39.3056 ] ] } },
{ "type": "Feature", "properties": { "nombre": "Camino sin nombre", "longitud_km": 0.5 }, "geometry": { "type": "LineString", "coordinates": [ [ -65.8613, -39.3021 ], [ -65.8652, -39.2987 ] ] } },
{ "type": "Feature", "properties": { "nombre": "Camino sin nombre", "longitud_km": 0.42 }, "geometry": { "type": "LineString", "coordinates": [ [ -65.8054, -39.3042 ], [ -65.8019, -39.3015 ] ] } },
{ "type": "Feature", "properties": { "nombre": "Camino sin nombre", "longitud_km": 0.81 }, "geometry": { "type": "LineString", "coordinates": [ [ -65.8121, -39.2992 ], [ -65.8054, -39.3042 ] ] } },
{ "type": "Feature", "properties": { "nombre": "Camino sin nombre", "longitud_km": 1.9 }, "geometry": { "type": "LineString", "coordinates": [ [ -65.7039, -39.307 ], [ -65.6882, -39.2951 ] ] } },
{ "type": "Feature", "properties": { "nombre": "Camino sin nombre", "longitud_km": 0.87 }, "geometry": { "type": "LineString", "coordinates": [ [ -65.7861, -39.3002 ], [ -65.7791, -39.3058 ] ] } },
{ "type": "Feature", "properties": { "nombre": "Camino sin nombre", "longitud_km": 1.08 }, "geometry": { "type": "LineString", "coordinates": [ [ -65.795, -39.307 ], [ -65.7861, -39.3002 ] ] } },
{ "type": "Feature", "properties": { "nombre": "Camino sin nombre", "longitud_km": 0.85 }, "geometry": { "type": "LineString", "coordinates": [ [ -65.8019, -39.3015 ], [ -65.795, -39.307 ] ] } },
{ "type": "Feature", "properties": { "nombre": "Camino sin nombre", "longitud_km": 1.78 }, "geometry": { "type": "LineString", "coordinates": [ [ -65.6862, -39.2981 ], [ -65.701, -39.3093 ] ] } },
{ "type": "Feature", "properties": { "nombre": "Camino sin nombre", "longitud_km": 0.48 }, "geometry": { "type": "LineString", "coordinates": [ [ -65.8093, -39.3072 ], [ -65.8054, -39.3042 ] ] } },
{ "type": "Feature", "properties": { "nombre": "Camino sin nombre", "longitud_km": 0.83 }, "geometry": { "type": "LineString", "coordinates": [ [ -65.8177, -39.3166 ], [ -65.8108, -39.3218 ] ] } },
{ "type": "Feature", "properties": { "nombre": "Camino sin nombre", "longitud_km": 1.26 }, "geometry": { "type": "LineString", "coordinates": [ [ -65.8121, -39.2992 ], [ -65.8159, -39.3021 ], [ -65.8093, -39.3072 ] ] } },
{ "type": "Feature", "properties": { "nombre": "Camino sin nombre", "longitud_km": 0.69 }, "geometry": { "type": "LineString", "coordinates": [ [ -65.7151, -39.3056 ], [ -65.7096, -39.3101 ] ] } },
{ "type": "Feature", "properties": { "nombre": "Camino sin nombre", "longitud_km": 0.19 }, "geometry": { "type": "LineString", "coordinates": [ [ -65.795, -39.307 ], [ -65.7935, -39.3082 ] ] } },
{ "type": "Feature", "properties": { "nombre": "Camino sin nombre", "longitud_km": 0.8 }, "geometry": { "type": "LineString", "coordinates": [ [ -65.7218, -39.3106 ], [ -65.7151, -39.3056 ] ] } },
{ "type": "Feature", "properties": { "nombre": "Camino sin nombre", "longitud_km": 1.22 }, "geometry": { "type": "LineString", "coordinates": [ [ -65.7319, -39.3029 ], [ -65.7218, -39.3106 ] ] } },
{ "type": "Feature", "properties": { "nombre": "Camino sin nombre", "longitud_km": 1.15 }, "geometry": { "type": "LineString", "coordinates": [ [ -65.7725, -39.3112 ], [ -65.7627, -39.3042 ] ] } },
{ "type": "Feature", "properties": { "nombre": "Camino sin nombre", "longitud_km": 0.83 }, "geometry": { "type": "LineString", "coordinates": [ [ -65.7791, -39.3058 ], [ -65.7725, -39.3112 ] ] } },
{ "type": "Feature", "properties": { "nombre": "Camino sin nombre", "longitud_km": 0.46 }, "geometry": { "type": "LineString", "coordinates": [ [ -65.7256, -39.3135 ], [ -65.7218, -39.3106 ] ] } },
{ "type": "Feature", "properties": { "nombre": "Camino sin nombre", "longitud_km": 1.07 }, "geometry": { "type": "LineString", "coordinates": [ [ -65.7878, -39.3127 ], [ -65.7791, -39.3058 ] ] } },
{ "type": "Feature", "properties": { "nombre": "Camino sin nombre", "longitud_km": 0.69 }, "geometry": { "type": "LineString", "coordinates": [ [ -65.7935, -39.3082 ], [ -65.7878, -39.3127 ] ] } },
{ "type": "Feature", "properties": { "nombre": "Camino sin nombre", "longitud_km": 2.45 }, "geometry": { "type": "LineString", "coordinates": [ [ -65.686, -39.2977 ], [ -65.6788, -39.31 ], [ -65.6867, -39.316 ] ] } },
{ "type": "Feature", "properties": { "nombre": "Camino sin nombre", "longitud_km": 0.9 }, "geometry": { "type": "LineString", "coordinates": [ [ -65.6938, -39.3101 ], [ -65.6867, -39.316 ] ] } },
{ "type": "Feature", "properties": { "nombre": "Camino sin nombre", "longitud_km": 2.02 }, "geometry": { "type": "LineString", "coordinates": [ [ -65.6796, -39.3167 ], [ -65.6629, -39.304 ] ] } },
{ "type": "Feature", "properties": { "nombre": "Camino sin nombre", "longitud_km": 0.96 }, "geometry": { "type": "LineString", "coordinates": [ [ -65.7096, -39.3101 ], [ -65.7019, -39.3164 ] ] } },
{ "type": "Feature", "properties": { "nombre": "Camino sin nombre", "longitud_km": 0.36 }, "geometry": { "type": "LineString", "coordinates": [ [ -65.7286, -39.3158 ], [ -65.7256, -39.3135 ] ] } },
{ "type": "Feature", "properties": { "nombre": "Camino sin nombre", "longitud_km": 1.24 }, "geometry": { "type": "LineString", "coordinates": [ [ -65.739, -39.3081 ], [ -65.7286, -39.3158 ] ] } },
{ "type": "Feature", "properties": { "nombre": "Camino sin nombre", "longitud_km": 0.17 }, "geometry": { "type": "LineString", "coordinates": [ [ -65.6867, -39.316 ], [ -65.6853, -39.3171 ] ] } },
{ "type": "Feature", "properties": { "nombre": "Camino sin nombre", "longitud_km": 0.99 }, "geometry": { "type": "LineString", "coordinates": [ [ -65.8016, -39.3146 ], [ -65.7935, -39.3082 ] ] } },
{ "type": "Feature", "properties": { "nombre": "Camino sin nombre", "longitud_km": 0.45 }, "geometry": { "type": "LineString", "coordinates": [ [ -65.7878, -39.3127 ], [ -65.7841, -39.3156 ] ] } },
{ "type": "Feature", "properties": { "nombre": "Camino sin nombre", "longitud_km": 1.26 }, "geometry": { "type": "LineString", "coordinates": [ [ -65.7202, -39.3179 ], [ -65.7096, -39.3101 ] ] } },
{ "type": "Feature", "properties": { "nombre": "Camino sin nombre", "longitud_km": 0.68 }, "geometry": { "type": "LineString", "coordinates": [ [ -65.7256, -39.3135 ], [ -65.7202, -39.3179 ] ] } },
{ "type": "Feature", "properties": { "nombre": "Camino sin nombre", "longitud_km": 1.98 }, "geometry": { "type": "LineString", "coordinates": [ [ -65.765, -39.3172 ], [ -65.756, -39.3097 ], [ -65.7627, -39.3042 ] ] } },
{ "type": "Feature", "properties": { "nombre": "Camino sin nombre", "longitud_km": 0.93 }, "geometry": { "type": "LineString", "coordinates": [ [ -65.7725, -39.3112 ], [ -65.765, -39.3172 ] ] } },
{ "type": "Feature", "properties": { "nombre": "Camino sin nombre", "longitud_km": 1.06 }, "geometry": { "type": "LineString", "coordinates": [ [ -65.7815, -39.3176 ], [ -65.7725, -39.3112 ] ] } },
{ "type": "Feature", "properties": { "nombre": "Camino sin nombre", "longitud_km": 0.32 }, "geometry": { "type": "LineString", "coordinates": [ [ -65.7841, -39.3156 ], [ -65.7815, -39.3176 ] ] } },
{ "type": "Feature", "properties": { "nombre": "Camino sin nombre", "longitud_km": 0.62 }, "geometry": { "type": "LineString", "coordinates": [ [ -65.6867, -39.316 ], [ -65.6918, -39.3199 ] ] } },
{ "type": "Feature", "properties": { "nombre": "Camino sin nombre", "longitud_km": 0.84 }, "geometry": { "type": "LineString", "coordinates": [ [ -65.7356, -39.321 ], [ -65.7286, -39.3158 ] ] } },
{ "type": "Feature", "properties": { "nombre": "Camino sin nombre", "longitud_km": 0.84 }, "geometry": { "type": "LineString", "coordinates": [ [ -65.8085, -39.32 ], [ -65.8016, -39.3146 ] ] } },
{ "type": "Feature", "properties": { "nombre": "Camino sin nombre", "longitud_km": 0.46 }, "geometry": { "type": "LineString", "coordinates": [ [ -65.6918, -39.3199 ], [ -65.6956, -39.3228 ] ] } },
{ "type": "Feature", "properties": { "nombre": "Camino sin nombre", "longitud_km": 0.89 }, "geometry": { "type": "LineString", "coordinates": [ [ -65.7033, -39.3175 ], [ -65.6956, -39.3228 ] ] } },
{ "type": "Feature", "properties": { "nombre": "Camino sin nombre", "longitud_km": 1.01 }, "geometry": { "type": "LineString", "coordinates": [ [ -65.7841, -39.3156 ], [ -65.7925, -39.3219 ] ] } },
{ "type": "Feature", "properties": { "nombre": "Camino sin nombre", "longitud_km": 0.86 }, "geometry": { "type": "LineString", "coordinates": [ [ -65.765, -39.3172 ], [ -65.758, -39.3228 ] ] } },
{ "type": "Feature", "properties": { "nombre": "Camino sin nombre", "longitud_km": 0.76 }, "geometry": { "type": "LineString", "coordinates": [ [ -65.7815, -39.3176 ], [ -65.7753, -39.3225 ] ] } },
{ "type": "Feature", "properties": { "nombre": "Camino sin nombre", "longitud_km": 0.29 }, "geometry": { "type": "LineString", "coordinates": [ [ -65.8108, -39.3218 ], [ -65.8085, -39.32 ] ] } },
{ "type": "Feature", "properties": { "nombre": "Camino sin nombre", "longitud_km": 0.98 }, "geometry": { "type": "LineString", "coordinates": [ [ -65.7202, -39.3179 ], [ -65.7124, -39.3243 ] ] } },
{ "type": "Feature", "properties": { "nombre": "Camino sin nombre", "longitud_km": 1.05 }, "geometry": { "type": "LineString", "coordinates": [ [ -65.7733, -39.3241 ], [ -65.765, -39.3172 ] ] } },
{ "type": "Feature", "properties": { "nombre": "Camino sin nombre", "longitud_km": 0.24 }, "geometry": { "type": "LineString", "coordinates": [ [ -65.7753, -39.3225 ], [ -65.7733, -39.3241 ] ] } },
{ "type": "Feature", "properties": { "nombre": "Camino sin nombre", "longitud_km": 1.19 }, "geometry": { "type": "LineString", "coordinates": [ [ -65.7302, -39.3253 ], [ -65.7202, -39.3179 ] ] } },
{ "type": "Feature", "properties": { "nombre": "Camino sin nombre", "longitud_km": 0.27 }, "geometry": { "type": "LineString", "coordinates": [ [ -65.813, -39.3235 ], [ -65.8108, -39.3218 ] ] } },
{ "type": "Feature", "properties": { "nombre": "Camino sin nombre", "longitud_km": 0.8 }, "geometry": { "type": "LineString", "coordinates": [ [ -65.8192, -39.3182 ], [ -65.813, -39.3235 ] ] } },
{ "type": "Feature", "properties": { "nombre": "Camino sin nombre", "longitud_km": 0.94 }, "geometry": { "type": "LineString", "coordinates": [ [ -65.6822, -39.3268 ], [ -65.6744, -39.321 ] ] } },
{ "type": "Feature", "properties": { "nombre": "Camino sin nombre", "longitud_km": 1.13 }, "geometry": { "type": "LineString", "coordinates": [ [ -65.6918, -39.3199 ], [ -65.6822, -39.3268 ] ] } },
{ "type": "Feature", "properties": { "nombre": "Camino sin nombre", "longitud_km": 0.6 }, "geometry": { "type": "LineString", "coordinates": [ [ -65.6956, -39.3228 ], [ -65.7006, -39.3266 ] ] } },
{ "type": "Feature", "properties": { "nombre": "Camino sin nombre", "longitud_km": 0.88 }, "geometry": { "type": "LineString", "coordinates": [ [ -65.7074, -39.3207 ], [ -65.7006, -39.3266 ] ] } },
{ "type": "Feature", "properties": { "nombre": "Camino sin nombre", "longitud_km": 0.36 }, "geometry": { "type": "LineString", "coordinates": [ [ -65.8159, -39.3258 ], [ -65.813, -39.3235 ] ] } },
{ "type": "Feature", "properties": { "nombre": "Camino sin nombre", "longitud_km": 0.87 }, "geometry": { "type": "LineString", "coordinates": [ [ -65.8232, -39.3203 ], [ -65.8159, -39.3258 ] ] } },
{ "type": "Feature", "properties": { "nombre": "Camino sin nombre", "longitud_km": 0.82 }, "geometry": { "type": "LineString", "coordinates": [ [ -65.7925, -39.3219 ], [ -65.7993, -39.3271 ] ] } },
{ "type": "Feature", "properties": { "nombre": "Camino sin nombre", "longitud_km": 1.12 }, "geometry": { "type": "LineString", "coordinates": [ [ -65.8085, -39.32 ], [ -65.7993, -39.3271 ] ] } },
{ "type": "Feature", "properties": { "nombre": "Camino sin nombre", "longitud_km": 0.56 }, "geometry": { "type": "LineString", "coordinates": [ [ -65.7006, -39.3266 ], [ -65.7053, -39.3301 ] ] } },
{ "type": "Feature", "properties": { "nombre": "Camino sin nombre", "longitud_km": 0.89 }, "geometry": { "type": "LineString", "coordinates": [ [ -65.7124, -39.3243 ], [ -65.7053, -39.3301 ] ] } },
{ "type": "Feature", "properties": { "nombre": "Camino sin nombre", "longitud_km": 1.72 }, "geometry": { "type": "LineString", "coordinates": [ [ -65.7053, -39.3301 ], [ -65.7195, -39.341 ] ] } },
{ "type": "Feature", "properties": { "nombre": "Camino sin nombre", "longitud_km": 0.82 }, "geometry": { "type": "LineString", "coordinates": [ [ -65.7733, -39.3241 ], [ -65.7666, -39.3293 ] ] } },
{ "type": "Feature", "properties": { "nombre": "Camino sin nombre", "longitud_km": 1.02 }, "geometry": { "type": "LineString", "coordinates": [ [ -65.7753, -39.3225 ], [ -65.7837, -39.329 ] ] } },
{ "type": "Feature", "properties": { "nombre": "Camino sin nombre", "longitud_km": 0.66 }, "geometry": { "type": "LineString", "coordinates": [ [ -65.7803, -39.34 ], [ -65.775, -39.3357 ] ] } },
{ "type": "Feature", "properties": { "nombre": "Camino sin nombre", "longitud_km": 0.78 }, "geometry": { "type": "LineString", "coordinates": [ [ -65.6888, -39.3317 ], [ -65.6822, -39.3268 ] ] } },
{ "type": "Feature", "properties": { "nombre": "Camino sin nombre", "longitud_km": 0.4 }, "geometry": { "type": "LineString", "coordinates": [ [ -65.8192, -39.3284 ], [ -65.8159, -39.3258 ] ] } },
{ "type": "Feature", "properties": { "nombre": "Camino sin nombre", "longitud_km": 3.93 }, "geometry": { "type": "LineString", "coordinates": [ [ -65.6621, -39.3309 ], [ -65.6643, -39.3404 ], [ -65.6584, -39.3658 ] ] } },
{ "type": "Feature", "properties": { "nombre": "Camino sin nombre", "longitud_km": 1.68 }, "geometry": { "type": "LineString", "coordinates": [ [ -65.7495, -39.3316 ], [ -65.7356, -39.321 ] ] } },
{ "type": "Feature", "properties": { "nombre": "Camino sin nombre", "longitud_km": 1.22 }, "geometry": { "type": "LineString", "coordinates": [ [ -65.7598, -39.3241 ], [ -65.7495, -39.3316 ] ] } },
{ "type": "Feature", "properties": { "nombre": "Camino sin nombre", "longitud_km": 1.18 }, "geometry": { "type": "LineString", "coordinates": [ [ -65.6822, -39.3268 ], [ -65.6722, -39.3341 ] ] } },
{ "type": "Feature", "properties": { "nombre": "Camino sin nombre", "longitud_km": 0.87 }, "geometry": { "type": "LineString", "coordinates": [ [ -65.7568, -39.3371 ], [ -65.7495, -39.3316 ] ] } },
{ "type": "Feature", "properties": { "nombre": "Camino sin nombre", "longitud_km": 0.9 }, "geometry": { "type": "LineString", "coordinates": [ [ -65.7993, -39.3271 ], [ -65.8068, -39.3328 ] ] } },
{ "type": "Feature", "properties": { "nombre": "Camino sin nombre", "longitud_km": 1.11 }, "geometry": { "type": "LineString", "coordinates": [ [ -65.8159, -39.3258 ], [ -65.8068, -39.3328 ] ] } },
{ "type": "Feature", "properties": { "nombre": "Camino sin nombre", "longitud_km": 0.68 }, "geometry": { "type": "LineString", "coordinates": [ [ -65.7837, -39.329 ], [ -65.7893, -39.3334 ] ] } },
{ "type": "Feature", "properties": { "nombre": "Camino sin nombre", "longitud_km": 0.13 }, "geometry": { "type": "LineString", "coordinates": [ [ -65.7893, -39.3334 ], [ -65.7903, -39.3342 ] ] } },
{ "type": "Feature", "properties": { "nombre": "Camino sin nombre", "longitud_km": 1.1 }, "geometry": { "type": "LineString", "coordinates": [ [ -65.7993, -39.3271 ], [ -65.7903, -39.3342 ] ] } },
{ "type": "Feature", "properties": { "nombre": "Camino sin nombre", "longitud_km": 0.9 }, "geometry": { "type": "LineString", "coordinates": [ [ -65.6963, -39.3373 ], [ -65.6888, -39.3317 ] ] } },
{ "type": "Feature", "properties": { "nombre": "Camino sin nombre", "longitud_km": 4.1 }, "geometry": { "type": "LineString", "coordinates": [ [ -65.8068, -39.3328 ], [ -65.8369, -39.3558 ], [ -65.8421, -39.3551 ] ] } },
{ "type": "Feature", "properties": { "nombre": "Camino sin nombre", "longitud_km": 1.21 }, "geometry": { "type": "LineString", "coordinates": [ [ -65.7666, -39.3293 ], [ -65.7568, -39.3371 ] ] } },
{ "type": "Feature", "properties": { "nombre": "Camino sin nombre", "longitud_km": 1.22 }, "geometry": { "type": "LineString", "coordinates": [ [ -65.6888, -39.3317 ], [ -65.6789, -39.3395 ] ] } },
{ "type": "Feature", "properties": { "nombre": "Camino sin nombre", "longitud_km": 0.65 }, "geometry": { "type": "LineString", "coordinates": [ [ -65.7838, -39.3374 ], [ -65.7782, -39.3334 ] ] } },
{ "type": "Feature", "properties": { "nombre": "Camino sin nombre", "longitud_km": 0.65 }, "geometry": { "type": "LineString", "coordinates": [ [ -65.7893, -39.3334 ], [ -65.7838, -39.3374 ] ] } },
{ "type": "Feature", "properties": { "nombre": "Camino sin nombre", "longitud_km": 0.82 }, "geometry": { "type": "LineString", "coordinates": [ [ -65.7636, -39.3422 ], [ -65.7568, -39.3371 ] ] } },
{ "type": "Feature", "properties": { "nombre": "Camino sin nombre", "longitud_km": 0.41 }, "geometry": { "type": "LineString", "coordinates": [ [ -65.7838, -39.3374 ], [ -65.7803, -39.34 ] ] } },
{ "type": "Feature", "properties": { "nombre": "Camino sin nombre", "longitud_km": 0.57 }, "geometry": { "type": "LineString", "coordinates": [ [ -65.775, -39.3357 ], [ -65.7721, -39.3403 ] ] } },
{ "type": "Feature", "properties": { "nombre": "Camino sin nombre", "longitud_km": 0.89 }, "geometry": { "type": "LineString", "coordinates": [ [ -65.7903, -39.3342 ], [ -65.7976, -39.3399 ] ] } },
{ "type": "Feature", "properties": { "nombre": "Camino sin nombre", "longitud_km": 1.11 }, "geometry": { "type": "LineString", "coordinates": [ [ -65.8068, -39.3328 ], [ -65.7976, -39.3399 ] ] } },
{ "type": "Feature", "properties": { "nombre": "Camino sin nombre", "longitud_km": 1.2 }, "geometry": { "type": "LineString", "coordinates": [ [ -65.7733, -39.3345 ], [ -65.7636, -39.3422 ] ] } },
{ "type": "Feature", "properties": { "nombre": "Camino sin nombre", "longitud_km": 1.97 }, "geometry": { "type": "LineString", "coordinates": [ [ -65.763, -39.3549 ], [ -65.747, -39.3422 ] ] } },
{ "type": "Feature", "properties": { "nombre": "Camino sin nombre", "longitud_km": 0.6 }, "geometry": { "type": "LineString", "coordinates": [ [ -65.7686, -39.346 ], [ -65.7636, -39.3422 ] ] } },
{ "type": "Feature", "properties": { "nombre": "Camino sin nombre", "longitud_km": 0.69 }, "geometry": { "type": "LineString", "coordinates": [ [ -65.7721, -39.3403 ], [ -65.7686, -39.346 ] ] } },
{ "type": "Feature", "properties": { "nombre": "Camino sin nombre", "longitud_km": 2.11 }, "geometry": { "type": "LineString", "coordinates": [ [ -65.7976, -39.3399 ], [ -65.7887, -39.3466 ], [ -65.7803, -39.34 ] ] } },
{ "type": "Feature", "properties": { "nombre": "Camino sin nombre", "longitud_km": 1.02 }, "geometry": { "type": "LineString", "coordinates": [ [ -65.7721, -39.3403 ], [ -65.78, -39.3472 ] ] } },
{ "type": "Feature", "properties": { "nombre": "Camino sin nombre", "longitud_km": 1.11 }, "geometry": { "type": "LineString", "coordinates": [ [ -65.7686, -39.346 ], [ -65.763, -39.3549 ] ] } },
{ "type": "Feature", "properties": { "nombre": "Camino sin nombre", "longitud_km": 2.75 }, "geometry": { "type": "LineString", "coordinates": [ [ -65.763, -39.3549 ], [ -65.7421, -39.3736 ] ] } },
{ "type": "Feature", "properties": { "nombre": "Camino sin nombre", "longitud_km": 2.24 }, "geometry": { "type": "LineString", "coordinates": [ [ -65.7331, -39.3533 ], [ -65.7128, -39.3659 ] ] } },
{ "type": "Feature", "properties": { "nombre": "Camino sin nombre", "longitud_km": 0.66 }, "geometry": { "type": "LineString", "coordinates": [ [ -65.7073, -39.3862 ], [ -65.7019, -39.382 ] ] } },
{ "type": "Feature", "properties": { "nombre": "Camino sin nombre", "longitud_km": 0.88 }, "geometry": { "type": "LineString", "coordinates": [ [ -65.6693, -39.3787 ], [ -65.662, -39.3842 ] ] } },
{ "type": "Feature", "properties": { "nombre": "Camino sin nombre", "longitud_km": 1.1 }, "geometry": { "type": "LineString", "coordinates": [ [ -65.6836, -39.3679 ], [ -65.6746, -39.3609 ] ] } },
{ "type": "Feature", "properties": { "nombre": "Camino sin nombre", "longitud_km": 1.22 }, "geometry": { "type": "LineString", "coordinates": [ [ -65.6937, -39.3756 ], [ -65.6836, -39.3679 ] ] } },
{ "type": "Feature", "properties": { "nombre": "Camino sin nombre", "longitud_km": 1.89 }, "geometry": { "type": "LineString", "coordinates": [ [ -65.7096, -39.3639 ], [ -65.6937, -39.3756 ] ] } },
{ "type": "Feature", "properties": { "nombre": "Camino sin nombre", "longitud_km": 0.46 }, "geometry": { "type": "LineString", "coordinates": [ [ -65.6785, -39.3717 ], [ -65.675, -39.3686 ] ] } },
{ "type": "Feature", "properties": { "nombre": "Camino sin nombre", "longitud_km": 0.61 }, "geometry": { "type": "LineString", "coordinates": [ [ -65.6836, -39.3679 ], [ -65.6785, -39.3717 ] ] } },
{ "type": "Feature", "properties": { "nombre": "Camino sin nombre", "longitud_km": 1.52 }, "geometry": { "type": "LineString", "coordinates": [ [ -65.7199, -39.3958 ], [ -65.7073, -39.3862 ] ] } },
{ "type": "Feature", "properties": { "nombre": "Camino sin nombre", "longitud_km": 0.85 }, "geometry": { "type": "LineString", "coordinates": [ [ -65.7171, -39.3699 ], [ -65.7103, -39.3753 ] ] } },
{ "type": "Feature", "properties": { "nombre": "Camino sin nombre", "longitud_km": 1.98 }, "geometry": { "type": "LineString", "coordinates": [ [ -65.6549, -39.3895 ], [ -65.6482, -39.3946 ], [ -65.6576, -39.4022 ] ] } },
{ "type": "Feature", "properties": { "nombre": "Camino sin nombre", "longitud_km": 0.85 }, "geometry": { "type": "LineString", "coordinates": [ [ -65.6648, -39.3969 ], [ -65.6576, -39.4022 ] ] } },
{ "type": "Feature", "properties": { "nombre": "Camino sin nombre", "longitud_km": 1.68 }, "geometry": { "type": "LineString", "coordinates": [ [ -65.6726, -39.3762 ], [ -65.6584, -39.3658 ] ] } },
{ "type": "Feature", "properties": { "nombre": "Camino sin nombre", "longitud_km": 0.72 }, "geometry": { "type": "LineString", "coordinates": [ [ -65.6785, -39.3717 ], [ -65.6726, -39.3762 ] ] } },
{ "type": "Feature", "properties": { "nombre": "Camino sin nombre", "longitud_km": 0.39 }, "geometry": { "type": "LineString", "coordinates": [ [ -65.6726, -39.3762 ], [ -65.6693, -39.3787 ] ] } },
{ "type": "Feature", "properties": { "nombre": "Camino sin nombre", "longitud_km": 1.22 }, "geometry": { "type": "LineString", "coordinates": [ [ -65.6879, -39.3799 ], [ -65.6785, -39.3717 ] ] } },
{ "type": "Feature", "properties": { "nombre": "Camino sin nombre", "longitud_km": 0.68 }, "geometry": { "type": "LineString", "coordinates": [ [ -65.6937, -39.3756 ], [ -65.6879, -39.3799 ] ] } },
{ "type": "Feature", "properties": { "nombre": "Camino sin nombre", "longitud_km": 1.0 }, "geometry": { "type": "LineString", "coordinates": [ [ -65.7019, -39.382 ], [ -65.6937, -39.3756 ] ] } },
{ "type": "Feature", "properties": { "nombre": "Camino sin nombre", "longitud_km": 0.96 }, "geometry": { "type": "LineString", "coordinates": [ [ -65.7097, -39.3758 ], [ -65.7019, -39.382 ] ] } },
{ "type": "Feature", "properties": { "nombre": "Camino sin nombre", "longitud_km": 2.8 }, "geometry": { "type": "LineString", "coordinates": [ [ -65.6584, -39.3658 ], [ -65.6491, -39.374 ], [ -65.662, -39.3842 ] ] } },
{ "type": "Feature", "properties": { "nombre": "Camino sin nombre", "longitud_km": 1.2 }, "geometry": { "type": "LineString", "coordinates": [ [ -65.6793, -39.3863 ], [ -65.6693, -39.3787 ] ] } },
{ "type": "Feature", "properties": { "nombre": "Camino sin nombre", "longitud_km": 1.03 }, "geometry": { "type": "LineString", "coordinates": [ [ -65.6879, -39.3799 ], [ -65.6793, -39.3863 ] ] } },
{ "type": "Feature", "properties": { "nombre": "Camino sin nombre", "longitud_km": 1.02 }, "geometry": { "type": "LineString", "coordinates": [ [ -65.6959, -39.3867 ], [ -65.6879, -39.3799 ] ] } },
{ "type": "Feature", "properties": { "nombre": "Camino sin nombre", "longitud_km": 0.74 }, "geometry": { "type": "LineString", "coordinates": [ [ -65.7019, -39.382 ], [ -65.6959, -39.3867 ] ] } },
{ "type": "Feature", "properties": { "nombre": "Camino sin nombre", "longitud_km": 0.85 }, "geometry": { "type": "LineString", "coordinates": [ [ -65.662, -39.3842 ], [ -65.6549, -39.3895 ] ] } },
{ "type": "Feature", "properties": { "nombre": "Camino sin nombre", "longitud_km": 1.19 }, "geometry": { "type": "LineString", "coordinates": [ [ -65.6717, -39.3918 ], [ -65.662, -39.3842 ] ] } },
{ "type": "Feature", "properties": { "nombre": "Camino sin nombre", "longitud_km": 0.89 }, "geometry": { "type": "LineString", "coordinates": [ [ -65.6793, -39.3863 ], [ -65.6717, -39.3918 ] ] } },
{ "type": "Feature", "properties": { "nombre": "Camino sin nombre", "longitud_km": 1.06 }, "geometry": { "type": "LineString", "coordinates": [ [ -65.688, -39.3929 ], [ -65.6793, -39.3863 ] ] } },
{ "type": "Feature", "properties": { "nombre": "Camino sin nombre", "longitud_km": 0.97 }, "geometry": { "type": "LineString", "coordinates": [ [ -65.6959, -39.3867 ], [ -65.688, -39.3929 ] ] } },
{ "type": "Feature", "properties": { "nombre": "Camino sin nombre", "longitud_km": 2.92 }, "geometry": { "type": "LineString", "coordinates": [ [ -65.6549, -39.3895 ], [ -65.6477, -39.384 ], [ -65.6294, -39.3958 ] ] } },
{ "type": "Feature", "properties": { "nombre": "Camino sin nombre", "longitud_km": 1.11 }, "geometry": { "type": "LineString", "coordinates": [ [ -65.7045, -39.3942 ], [ -65.6959, -39.3867 ] ] } },
{ "type": "Feature", "properties": { "nombre": "Camino sin nombre", "longitud_km": 1.18 }, "geometry": { "type": "LineString", "coordinates": [ [ -65.6648, -39.3969 ], [ -65.6549, -39.3895 ] ] } },
{ "type": "Feature", "properties": { "nombre": "Camino sin nombre", "longitud_km": 0.82 }, "geometry": { "type": "LineString", "coordinates": [ [ -65.6717, -39.3918 ], [ -65.6648, -39.3969 ] ] } },
{ "type": "Feature", "properties": { "nombre": "Camino sin nombre", "longitud_km": 1.09 }, "geometry": { "type": "LineString", "coordinates": [ [ -65.6806, -39.3988 ], [ -65.6717, -39.3918 ] ] } },
{ "type": "Feature", "properties": { "nombre": "Camino sin nombre", "longitud_km": 0.91 }, "geometry": { "type": "LineString", "coordinates": [ [ -65.688, -39.3929 ], [ -65.6806, -39.3988 ] ] } },
{ "type": "Feature", "properties": { "nombre": "Camino sin nombre", "longitud_km": 1.25 }, "geometry": { "type": "LineString", "coordinates": [ [ -65.6983, -39.4008 ], [ -65.688, -39.3929 ] ] } },
{ "type": "Feature", "properties": { "nombre": "Camino sin nombre", "longitud_km": 0.59 }, "geometry": { "type": "LineString", "coordinates": [ [ -65.7034, -39.3972 ], [ -65.6983, -39.4008 ] ] } },
{ "type": "Feature", "properties": { "nombre": "Camino sin nombre", "longitud_km": 0.83 }, "geometry": { "type": "LineString", "coordinates": [ [ -65.7267, -39.401 ], [ -65.7199, -39.3958 ] ] } },
{ "type": "Feature", "properties": { "nombre": "Camino sin nombre", "longitud_km": 0.35 }, "geometry": { "type": "LineString", "coordinates": [ [ -65.7012, -39.403 ], [ -65.6983, -39.4008 ] ] } },
{ "type": "Feature", "properties": { "nombre": "Camino sin nombre", "longitud_km": 1.12 }, "geometry": { "type": "LineString", "coordinates": [ [ -65.6741, -39.4039 ], [ -65.6648, -39.3969 ] ] } },
{ "type": "Feature", "properties": { "nombre": "Camino sin nombre", "longitud_km": 0.8 }, "geometry": { "type": "LineString", "coordinates": [ [ -65.6806, -39.3988 ], [ -65.6741, -39.4039 ] ] } },
{ "type": "Feature", "properties": { "nombre": "Camino sin nombre", "longitud_km": 0.27 }, "geometry": { "type": "LineString", "coordinates": [ [ -65.6622, -39.467 ], [ -65.66, -39.4653 ] ] } },
{ "type": "Feature", "properties": { "nombre": "Camino sin nombre", "longitud_km": 27.75 }, "geometry": { "type": "LineString", "coordinates": [ [ -63.5435, -39.4241 ], [ -63.7859, -39.589 ] ] } },
{ "type": "Feature", "properties": { "nombre": "Camino sin nombre", "longitud_km": 1.21 }, "geometry": { "type": "LineString", "coordinates": [ [ -65.6905, -39.4065 ], [ -65.6806, -39.3988 ] ] } },
{ "type": "Feature", "properties": { "nombre": "Camino sin nombre", "longitud_km": 0.93 }, "geometry": { "type": "LineString", "coordinates": [ [ -65.6983, -39.4008 ], [ -65.6905, -39.4065 ] ] } },
{ "type": "Feature", "properties": { "nombre": "Camino sin nombre", "longitud_km": 0.43 }, "geometry": { "type": "LineString", "coordinates": [ [ -65.704, -39.4079 ], [ -65.7003, -39.4053 ] ] } },
{ "type": "Feature", "properties": { "nombre": "Camino sin nombre", "longitud_km": 1.92 }, "geometry": { "type": "LineString", "coordinates": [ [ -65.7199, -39.3958 ], [ -65.704, -39.4079 ] ] } },
{ "type": "Feature", "properties": { "nombre": "Camino sin nombre", "longitud_km": 1.15 }, "geometry": { "type": "LineString", "coordinates": [ [ -65.6669, -39.4096 ], [ -65.6576, -39.4022 ] ] } },
{ "type": "Feature", "properties": { "nombre": "Camino sin nombre", "longitud_km": 0.88 }, "geometry": { "type": "LineString", "coordinates": [ [ -65.6741, -39.4039 ], [ -65.6669, -39.4096 ] ] } },
{ "type": "Feature", "properties": { "nombre": "Camino sin nombre", "longitud_km": 0.43 }, "geometry": { "type": "LineString", "coordinates": [ [ -65.6905, -39.4065 ], [ -65.6868, -39.4092 ] ] } },
{ "type": "Feature", "properties": { "nombre": "Camino sin nombre", "longitud_km": 0.11 }, "geometry": { "type": "LineString", "coordinates": [ [ -65.6868, -39.4092 ], [ -65.6859, -39.4099 ] ] } },
{ "type": "Feature", "properties": { "nombre": "Camino sin nombre", "longitud_km": 1.09 }, "geometry": { "type": "LineString", "coordinates": [ [ -65.6669, -39.4096 ], [ -65.6579, -39.4165 ] ] } },
{ "type": "Feature", "properties": { "nombre": "Camino sin nombre", "longitud_km": 1.17 }, "geometry": { "type": "LineString", "coordinates": [ [ -65.6839, -39.4113 ], [ -65.6741, -39.4039 ] ] } },
{ "type": "Feature", "properties": { "nombre": "Camino sin nombre", "longitud_km": 0.23 }, "geometry": { "type": "LineString", "coordinates": [ [ -65.6859, -39.4099 ], [ -65.6839, -39.4113 ] ] } },
{ "type": "Feature", "properties": { "nombre": "Camino sin nombre", "longitud_km": 0.36 }, "geometry": { "type": "LineString", "coordinates": [ [ -65.6998, -39.4112 ], [ -65.6968, -39.4089 ] ] } },
{ "type": "Feature", "properties": { "nombre": "Camino sin nombre", "longitud_km": 0.52 }, "geometry": { "type": "LineString", "coordinates": [ [ -65.704, -39.4079 ], [ -65.6998, -39.4112 ] ] } },
{ "type": "Feature", "properties": { "nombre": "Camino sin nombre", "longitud_km": 4.23 }, "geometry": { "type": "LineString", "coordinates": [ [ -65.7066, -39.4166 ], [ -65.7138, -39.4223 ], [ -65.734, -39.4067 ], [ -65.7267, -39.401 ] ] } },
{ "type": "Feature", "properties": { "nombre": "Camino sin nombre", "longitud_km": 0.6 }, "geometry": { "type": "LineString", "coordinates": [ [ -65.6917, -39.413 ], [ -65.6868, -39.4092 ] ] } },
{ "type": "Feature", "properties": { "nombre": "Camino sin nombre", "longitud_km": 1.02 }, "geometry": { "type": "LineString", "coordinates": [ [ -65.6752, -39.4162 ], [ -65.6669, -39.4096 ] ] } },
{ "type": "Feature", "properties": { "nombre": "Camino sin nombre", "longitud_km": 0.11 }, "geometry": { "type": "LineString", "coordinates": [ [ -65.6761, -39.417 ], [ -65.6752, -39.4162 ] ] } },
{ "type": "Feature", "properties": { "nombre": "Camino sin nombre", "longitud_km": 0.92 }, "geometry": { "type": "LineString", "coordinates": [ [ -65.6839, -39.4113 ], [ -65.6761, -39.417 ] ] } },
{ "type": "Feature", "properties": { "nombre": "Camino sin nombre", "longitud_km": 0.84 }, "geometry": { "type": "LineString", "coordinates": [ [ -65.7066, -39.4166 ], [ -65.6998, -39.4112 ] ] } },
{ "type": "Feature", "properties": { "nombre": "Camino sin nombre", "longitud_km": 2.45 }, "geometry": { "type": "LineString", "coordinates": [ [ -65.7267, -39.401 ], [ -65.7066, -39.4166 ] ] } },
{ "type": "Feature", "properties": { "nombre": "Camino sin nombre", "longitud_km": 2.91 }, "geometry": { "type": "LineString", "coordinates": [ [ -65.6453, -39.435 ], [ -65.6397, -39.4304 ], [ -65.6579, -39.4165 ] ] } },
{ "type": "Feature", "properties": { "nombre": "Camino sin nombre", "longitud_km": 1.17 }, "geometry": { "type": "LineString", "coordinates": [ [ -65.6827, -39.4201 ], [ -65.6859, -39.4099 ] ] } },
{ "type": "Feature", "properties": { "nombre": "Camino sin nombre", "longitud_km": 0.66 }, "geometry": { "type": "LineString", "coordinates": [ [ -65.6814, -39.4212 ], [ -65.6761, -39.417 ] ] } },
{ "type": "Feature", "properties": { "nombre": "Camino sin nombre", "longitud_km": 1.0 }, "geometry": { "type": "LineString", "coordinates": [ [ -65.666, -39.423 ], [ -65.6579, -39.4165 ] ] } },
{ "type": "Feature", "properties": { "nombre": "Camino sin nombre", "longitud_km": 1.09 }, "geometry": { "type": "LineString", "coordinates": [ [ -65.6752, -39.4162 ], [ -65.666, -39.423 ] ] } },
{ "type": "Feature", "properties": { "nombre": "Camino sin nombre", "longitud_km": 0.81 }, "geometry": { "type": "LineString", "coordinates": [ [ -65.6726, -39.4282 ], [ -65.666, -39.423 ] ] } },
{ "type": "Feature", "properties": { "nombre": "Camino sin nombre", "longitud_km": 2.21 }, "geometry": { "type": "LineString", "coordinates": [ [ -65.666, -39.423 ], [ -65.6473, -39.4366 ] ] } },
{ "type": "Feature", "properties": { "nombre": "Camino sin nombre", "longitud_km": 1.93 }, "geometry": { "type": "LineString", "coordinates": [ [ -65.6871, -39.4283 ], [ -65.6711, -39.4403 ] ] } },
{ "type": "Feature", "properties": { "nombre": "Camino sin nombre", "longitud_km": 0.24 }, "geometry": { "type": "LineString", "coordinates": [ [ -65.6473, -39.4366 ], [ -65.6453, -39.435 ] ] } },
{ "type": "Feature", "properties": { "nombre": "Camino sin nombre", "longitud_km": 3.75 }, "geometry": { "type": "LineString", "coordinates": [ [ -65.6453, -39.435 ], [ -65.6149, -39.4592 ] ] } },
{ "type": "Feature", "properties": { "nombre": "Camino sin nombre", "longitud_km": 54.37 }, "geometry": { "type": "LineString", "coordinates": [ [ -66.4898, -39.5105 ], [ -67.1187, -39.4629 ] ] } },
{ "type": "Feature", "properties": { "nombre": "Camino sin nombre", "longitud_km": 0.84 }, "geometry": { "type": "LineString", "coordinates": [ [ -65.6711, -39.4403 ], [ -65.664, -39.4351 ] ] } },
{ "type": "Feature", "properties": { "nombre": "Camino sin nombre", "longitud_km": 0.92 }, "geometry": { "type": "LineString", "coordinates": [ [ -65.6548, -39.4426 ], [ -65.6473, -39.4366 ] ] } },
{ "type": "Feature", "properties": { "nombre": "Camino sin nombre", "longitud_km": 1.01 }, "geometry": { "type": "LineString", "coordinates": [ [ -65.6095, -39.4674 ], [ -65.601, -39.4738 ] ] } },
{ "type": "Feature", "properties": { "nombre": "Camino sin nombre", "longitud_km": 0.89 }, "geometry": { "type": "LineString", "coordinates": [ [ -65.6786, -39.4458 ], [ -65.6711, -39.4403 ] ] } },
{ "type": "Feature", "properties": { "nombre": "Camino sin nombre", "longitud_km": 0.9 }, "geometry": { "type": "LineString", "coordinates": [ [ -65.6627, -39.4479 ], [ -65.6548, -39.4426 ] ] } },
{ "type": "Feature", "properties": { "nombre": "Camino sin nombre", "longitud_km": 1.1 }, "geometry": { "type": "LineString", "coordinates": [ [ -65.6711, -39.4403 ], [ -65.6627, -39.4479 ] ] } },
{ "type": "Feature", "properties": { "nombre": "Camino sin nombre", "longitud_km": 0.88 }, "geometry": { "type": "LineString", "coordinates": [ [ -65.6578, -39.4516 ], [ -65.6502, -39.4462 ] ] } },
{ "type": "Feature", "properties": { "nombre": "Camino sin nombre", "longitud_km": 0.6 }, "geometry": { "type": "LineString", "coordinates": [ [ -65.6627, -39.4479 ], [ -65.6578, -39.4516 ] ] } },
{ "type": "Feature", "properties": { "nombre": "Camino sin nombre", "longitud_km": 0.86 }, "geometry": { "type": "LineString", "coordinates": [ [ -65.6501, -39.4574 ], [ -65.6431, -39.4519 ] ] } },
{ "type": "Feature", "properties": { "nombre": "Camino sin nombre", "longitud_km": 0.92 }, "geometry": { "type": "LineString", "coordinates": [ [ -65.6578, -39.4516 ], [ -65.6501, -39.4574 ] ] } },
{ "type": "Feature", "properties": { "nombre": "Camino sin nombre", "longitud_km": 1.23 }, "geometry": { "type": "LineString", "coordinates": [ [ -65.668, -39.4593 ], [ -65.6578, -39.4516 ] ] } },
{ "type": "Feature", "properties": { "nombre": "Camino sin nombre", "longitud_km": 1.71 }, "geometry": { "type": "LineString", "coordinates": [ [ -65.6823, -39.4485 ], [ -65.668, -39.4593 ] ] } },
{ "type": "Feature", "properties": { "nombre": "Camino sin nombre", "longitud_km": 0.2 }, "geometry": { "type": "LineString", "coordinates": [ [ -65.668, -39.4593 ], [ -65.6663, -39.4606 ] ] } },
{ "type": "Feature", "properties": { "nombre": "Camino sin nombre", "longitud_km": 0.73 }, "geometry": { "type": "LineString", "coordinates": [ [ -65.656, -39.4621 ], [ -65.6501, -39.4574 ] ] } },
{ "type": "Feature", "properties": { "nombre": "Camino sin nombre", "longitud_km": 0.5 }, "geometry": { "type": "LineString", "coordinates": [ [ -65.66, -39.4653 ], [ -65.656, -39.4621 ] ] } },
{ "type": "Feature", "properties": { "nombre": "Camino sin nombre", "longitud_km": 0.75 }, "geometry": { "type": "LineString", "coordinates": [ [ -65.6663, -39.4606 ], [ -65.66, -39.4653 ] ] } },
{ "type": "Feature", "properties": { "nombre": "Camino sin nombre", "longitud_km": 2.29 }, "geometry": { "type": "LineString", "coordinates": [ [ -65.656, -39.4621 ], [ -65.6375, -39.477 ] ] } },
{ "type": "Feature", "properties": { "nombre": "Camino sin nombre", "longitud_km": 0.97 }, "geometry": { "type": "LineString", "coordinates": [ [ -65.6176, -39.4614 ], [ -65.6095, -39.4674 ] ] } },
{ "type": "Feature", "properties": { "nombre": "Camino sin nombre", "longitud_km": 1.03 }, "geometry": { "type": "LineString", "coordinates": [ [ -65.6741, -39.4675 ], [ -65.6663, -39.4606 ] ] } },
{ "type": "Feature", "properties": { "nombre": "Camino sin nombre", "longitud_km": 0.71 }, "geometry": { "type": "LineString", "coordinates": [ [ -65.6153, -39.472 ], [ -65.6095, -39.4674 ] ] } },
{ "type": "Feature", "properties": { "nombre": "Camino sin nombre", "longitud_km": 0.29 }, "geometry": { "type": "LineString", "coordinates": [ [ -65.6176, -39.4738 ], [ -65.6153, -39.472 ] ] } },
{ "type": "Feature", "properties": { "nombre": "Camino sin nombre", "longitud_km": 0.97 }, "geometry": { "type": "LineString", "coordinates": [ [ -65.6257, -39.4677 ], [ -65.6176, -39.4738 ] ] } },
{ "type": "Feature", "properties": { "nombre": "Camino sin nombre", "longitud_km": 0.58 }, "geometry": { "type": "LineString", "coordinates": [ [ -65.601, -39.4738 ], [ -65.5961, -39.4774 ] ] } },
{ "type": "Feature", "properties": { "nombre": "Camino sin nombre", "longitud_km": 0.71 }, "geometry": { "type": "LineString", "coordinates": [ [ -65.6063, -39.4786 ], [ -65.601, -39.4738 ] ] } },
{ "type": "Feature", "properties": { "nombre": "Camino sin nombre", "longitud_km": 2.12 }, "geometry": { "type": "LineString", "coordinates": [ [ -65.5961, -39.4774 ], [ -65.5887, -39.4829 ], [ -65.599, -39.4906 ] ] } },
{ "type": "Feature", "properties": { "nombre": "Camino sin nombre", "longitud_km": 0.42 }, "geometry": { "type": "LineString", "coordinates": [ [ -65.6095, -39.4815 ], [ -65.6063, -39.4786 ] ] } },
{ "type": "Feature", "properties": { "nombre": "Camino sin nombre", "longitud_km": 1.13 }, "geometry": { "type": "LineString", "coordinates": [ [ -65.6268, -39.4811 ], [ -65.6176, -39.4738 ] ] } },
{ "type": "Feature", "properties": { "nombre": "Camino sin nombre", "longitud_km": 0.97 }, "geometry": { "type": "LineString", "coordinates": [ [ -65.6353, -39.4752 ], [ -65.6268, -39.4811 ] ] } },
{ "type": "Feature", "properties": { "nombre": "Camino sin nombre", "longitud_km": 0.53 }, "geometry": { "type": "LineString", "coordinates": [ [ -65.6268, -39.4811 ], [ -65.6222, -39.4843 ] ] } },
{ "type": "Feature", "properties": { "nombre": "Camino sin nombre", "longitud_km": 1.21 }, "geometry": { "type": "LineString", "coordinates": [ [ -65.6061, -39.4851 ], [ -65.5961, -39.4774 ] ] } },
{ "type": "Feature", "properties": { "nombre": "Camino sin nombre", "longitud_km": 0.07 }, "geometry": { "type": "LineString", "coordinates": [ [ -65.6066, -39.4846 ], [ -65.6061, -39.4851 ] ] } },
{ "type": "Feature", "properties": { "nombre": "Camino sin nombre", "longitud_km": 0.87 }, "geometry": { "type": "LineString", "coordinates": [ [ -65.6061, -39.4851 ], [ -65.599, -39.4906 ] ] } },
{ "type": "Feature", "properties": { "nombre": "Camino sin nombre", "longitud_km": 33.09 }, "geometry": { "type": "LineString", "coordinates": [ [ -67.1187, -39.4629 ], [ -67.5011, -39.4321 ] ] } },
{ "type": "Feature", "properties": { "nombre": "Camino sin nombre", "longitud_km": 1.08 }, "geometry": { "type": "LineString", "coordinates": [ [ -65.599, -39.4906 ], [ -65.5903, -39.4976 ] ] } },
{ "type": "Feature", "properties": { "nombre": "Camino sin nombre", "longitud_km": 3.52 }, "geometry": { "type": "LineString", "coordinates": [ [ -65.6117, -39.5193 ], [ -65.5871, -39.52 ], [ -65.5796, -39.5088 ] ] } },
{ "type": "Feature", "properties": { "nombre": "Camino sin nombre", "longitud_km": 7.81 }, "geometry": { "type": "LineString", "coordinates": [ [ -65.6773, -39.5623 ], [ -65.6751, -39.5552 ], [ -65.6178, -39.5104 ] ] } },
{ "type": "Feature", "properties": { "nombre": "Camino sin nombre", "longitud_km": 18.42 }, "geometry": { "type": "LineString", "coordinates": [ [ -66.3389, -39.5214 ], [ -66.2961, -39.4968 ], [ -66.2162, -39.4352 ], [ -66.1686, -39.4297 ] ] } },
{ "type": "Feature", "properties": { "nombre": "Camino sin nombre", "longitud_km": 13.03 }, "geometry": { "type": "LineString", "coordinates": [ [ -66.3389, -39.5214 ], [ -66.4898, -39.5105 ] ] } },
{ "type": "Feature", "properties": { "nombre": "Camino sin nombre", "longitud_km": 38.07 }, "geometry": { "type": "LineString", "coordinates": [ [ -66.1686, -39.4297 ], [ -66.1611, -39.4727 ], [ -66.1062, -39.5027 ], [ -66.1144, -39.5127 ], [ -66.1088, -39.5227 ], [ -66.0832, -39.5394 ], [ -66.3389, -39.5214 ] ] } },
{ "type": "Feature", "properties": { "nombre": "Camino sin nombre", "longitud_km": 20.7 }, "geometry": { "type": "LineString", "coordinates": [ [ -65.6836, -39.5645 ], [ -65.6973, -39.6942 ], [ -65.6723, -39.7194 ], [ -65.6469, -39.7341 ] ] } },
{ "type": "Feature", "properties": { "nombre": "Camino sin nombre", "longitud_km": 8.44 }, "geometry": { "type": "LineString", "coordinates": [ [ -66.4286, -39.5522 ], [ -66.3389, -39.5214 ] ] } },
{ "type": "Feature", "properties": { "nombre": "Camino sin nombre", "longitud_km": 6.53 }, "geometry": { "type": "LineString", "coordinates": [ [ -66.4902, -39.5178 ], [ -66.4286, -39.5522 ] ] } },
{ "type": "Feature", "properties": { "nombre": "Camino sin nombre", "longitud_km": 75.89 }, "geometry": { "type": "LineString", "coordinates": [ [ -64.4371, -40.0504 ], [ -64.3723, -39.9841 ], [ -63.7859, -39.589 ] ] } },
{ "type": "Feature", "properties": { "nombre": "Camino sin nombre", "longitud_km": 10.06 }, "geometry": { "type": "LineString", "coordinates": [ [ -64.3153, -39.6015 ], [ -64.4324, -39.6008 ] ] } },
{ "type": "Feature", "properties": { "nombre": "Camino sin nombre", "longitud_km": 46.17 }, "geometry": { "type": "LineString", "coordinates": [ [ -67.937, -39.4463 ], [ -67.8181, -39.4975 ], [ -67.7407, -39.5468 ], [ -67.6723, -39.6007 ], [ -67.6366, -39.6174 ], [ -67.6122, -39.6461 ], [ -67.5929, -39.6587 ], [ -67.5602, -39.7251 ] ] } },
{ "type": "Feature", "properties": { "nombre": "Camino sin nombre", "longitud_km": 11.27 }, "geometry": { "type": "LineString", "coordinates": [ [ -64.3712, -39.69 ], [ -64.3384, -39.6454 ], [ -64.3159, -39.6246 ], [ -64.3153, -39.6015 ] ] } },
{ "type": "Feature", "properties": { "nombre": "Camino sin nombre", "longitud_km": 27.11 }, "geometry": { "type": "LineString", "coordinates": [ [ -66.4226, -39.7893 ], [ -66.4183, -39.6648 ], [ -66.4002, -39.6446 ], [ -66.4286, -39.5522 ] ] } },
{ "type": "Feature", "properties": { "nombre": "Camino sin nombre", "longitud_km": 45.37 }, "geometry": { "type": "LineString", "coordinates": [ [ -64.4355, -39.6889 ], [ -64.9015, -39.6828 ], [ -64.9012, -39.6511 ], [ -64.9136, -39.6373 ] ] } },
{ "type": "Feature", "properties": { "nombre": "Camino sin nombre", "longitud_km": 5.51 }, "geometry": { "type": "LineString", "coordinates": [ [ -64.4355, -39.6889 ], [ -64.3712, -39.69 ] ] } },
{ "type": "Feature", "properties": { "nombre": "Camino sin nombre", "longitud_km": 38.02 }, "geometry": { "type": "LineString", "coordinates": [ [ -64.3712, -39.69 ], [ -64.3717, -39.7034 ], [ -64.3821, -39.717 ], [ -64.3787, -39.7782 ], [ -64.3883, -39.8281 ], [ -64.3947, -39.8349 ], [ -64.382, -39.8682 ], [ -64.3733, -39.8754 ], [ -64.3759, -39.9195 ], [ -64.3712, -39.9259 ], [ -64.3778, -39.9607 ], [ -64.3877, -39.9734 ], [ -64.4371, -40.0011 ] ] } },
{ "type": "Feature", "properties": { "nombre": "Camino sin nombre", "longitud_km": 16.94 }, "geometry": { "type": "LineString", "coordinates": [ [ -65.638, -39.7326 ], [ -65.5971, -39.7251 ], [ -65.4882, -39.6393 ] ] } },
{ "type": "Feature", "properties": { "nombre": "Camino sin nombre", "longitud_km": 1.23 }, "geometry": { "type": "LineString", "coordinates": [ [ -65.6319, -39.7225 ], [ -65.638, -39.7326 ] ] } },
{ "type": "Feature", "properties": { "nombre": "Camino sin nombre", "longitud_km": 0.78 }, "geometry": { "type": "LineString", "coordinates": [ [ -65.6469, -39.7341 ], [ -65.638, -39.7326 ] ] } },
{ "type": "Feature", "properties": { "nombre": "Camino sin nombre", "longitud_km": 24.54 }, "geometry": { "type": "LineString", "coordinates": [ [ -65.6469, -39.7341 ], [ -65.6101, -39.7558 ], [ -65.5749, -39.8085 ], [ -65.4768, -39.8474 ], [ -65.4381, -39.8754 ] ] } },
{ "type": "Feature", "properties": { "nombre": "Camino sin nombre", "longitud_km": 3.76 }, "geometry": { "type": "LineString", "coordinates": [ [ -67.5602, -39.7251 ], [ -67.5512, -39.7394 ], [ -67.5509, -39.7574 ] ] } },
{ "type": "Feature", "properties": { "nombre": "Camino sin nombre", "longitud_km": 26.85 }, "geometry": { "type": "LineString", "coordinates": [ [ -68.482, -39.7156 ], [ -68.4718, -39.7217 ], [ -68.4732, -39.7313 ], [ -68.4415, -39.7274 ], [ -68.3877, -39.7337 ], [ -68.3771, -39.7446 ], [ -68.3321, -39.7411 ], [ -68.3085, -39.7447 ], [ -68.268, -39.7384 ], [ -68.1984, -39.7551 ] ] } },
{ "type": "Feature", "properties": { "nombre": "Camino sin nombre", "longitud_km": 64.62 }, "geometry": { "type": "LineString", "coordinates": [ [ -68.2481, -39.8542 ], [ -68.2291, -39.8637 ], [ -68.1771, -39.8655 ], [ -68.0525, -39.884 ], [ -67.854, -39.8523 ], [ -67.8348, -39.8458 ], [ -67.8213, -39.8312 ], [ -67.6663, -39.7874 ], [ -67.6512, -39.7782 ], [ -67.649, -39.77 ], [ -67.6306, -39.7605 ], [ -67.5995, -39.7544 ], [ -67.5943, -39.7457 ], [ -67.5661, -39.7332 ], [ -67.5602, -39.7251 ] ] } },
{ "type": "Feature", "properties": { "nombre": "Camino sin nombre", "longitud_km": 17.05 }, "geometry": { "type": "LineString", "coordinates": [ [ -65.3707, -39.9478 ], [ -65.3245, -39.9126 ], [ -65.2287, -39.9292 ], [ -65.1965, -39.9421 ] ] } },
{ "type": "Feature", "properties": { "nombre": "Camino sin nombre", "longitud_km": 21.25 }, "geometry": { "type": "LineString", "coordinates": [ [ -67.0637, -39.9011 ], [ -66.9625, -39.8782 ], [ -66.8982, -39.8755 ], [ -66.8203, -39.8834 ] ] } },
{ "type": "Feature", "properties": { "nombre": "Camino sin nombre", "longitud_km": 34.91 }, "geometry": { "type": "LineString", "coordinates": [ [ -65.1965, -39.9421 ], [ -65.135, -39.9519 ], [ -65.0889, -39.9748 ], [ -65.048, -40.0047 ], [ -65.0288, -40.0271 ], [ -64.9883, -40.0456 ], [ -64.9703, -40.074 ], [ -64.9061, -40.1069 ], [ -64.8896, -40.1093 ], [ -64.8756, -40.1177 ] ] } },
{ "type": "Feature", "properties": { "nombre": "Camino sin nombre", "longitud_km": 6.64 }, "geometry": { "type": "LineString", "coordinates": [ [ -64.4103, -40.1155 ], [ -64.3886, -40.0991 ], [ -64.3547, -40.1246 ] ] } },
{ "type": "Feature", "properties": { "nombre": "Camino sin nombre", "longitud_km": 9.64 }, "geometry": { "type": "LineString", "coordinates": [ [ -65.5648, -40.1188 ], [ -65.5279, -40.1257 ], [ -65.4924, -40.1154 ], [ -65.464, -40.0971 ] ] } },
{ "type": "Feature", "properties": { "nombre": "Camino sin nombre", "longitud_km": 19.15 }, "geometry": { "type": "LineString", "coordinates": [ [ -66.1725, -39.9787 ], [ -66.0374, -39.9996 ], [ -65.9558, -40.0216 ] ] } },
{ "type": "Feature", "properties": { "nombre": "Camino sin nombre", "longitud_km": 2.48 }, "geometry": { "type": "LineString", "coordinates": [ [ -64.6346, -40.0546 ], [ -64.6507, -40.046 ], [ -64.6574, -40.0511 ] ] } },
{ "type": "Feature", "properties": { "nombre": "Camino sin nombre", "longitud_km": 2.35 }, "geometry": { "type": "LineString", "coordinates": [ [ -64.6346, -40.0546 ], [ -64.6108, -40.0653 ] ] } },
{ "type": "Feature", "properties": { "nombre": "Camino sin nombre", "longitud_km": 1.87 }, "geometry": { "type": "LineString", "coordinates": [ [ -64.6346, -40.0546 ], [ -64.6491, -40.0672 ] ] } },
{ "type": "Feature", "properties": { "nombre": "Camino sin nombre", "longitud_km": 1.56 }, "geometry": { "type": "LineString", "coordinates": [ [ -64.6239, -40.0752 ], [ -64.6108, -40.0653 ] ] } },
{ "type": "Feature", "properties": { "nombre": "Camino sin nombre", "longitud_km": 38.62 }, "geometry": { "type": "LineString", "coordinates": [ [ -65.8289, -39.9996 ], [ -65.8524, -40.0389 ], [ -65.8627, -40.0675 ], [ -65.8811, -40.0891 ], [ -65.9079, -40.1027 ], [ -65.923, -40.1169 ], [ -65.9236, -40.1334 ], [ -65.9534, -40.1849 ], [ -65.9535, -40.1957 ], [ -65.9639, -40.2083 ], [ -65.9711, -40.2284 ], [ -65.9757, -40.2496 ], [ -65.9718, -40.2668 ], [ -66.0009, -40.3089 ] ] } },
{ "type": "Feature", "properties": { "nombre": "Camino sin nombre", "longitud_km": 3.69 }, "geometry": { "type": "LineString", "coordinates": [ [ -64.6108, -40.0653 ], [ -64.5876, -40.0712 ], [ -64.5837, -40.0854 ] ] } },
{ "type": "Feature", "properties": { "nombre": "Camino sin nombre", "longitud_km": 1.41 }, "geometry": { "type": "LineString", "coordinates": [ [ -64.4703, -40.1001 ], [ -64.4823, -40.0913 ] ] } },
{ "type": "Feature", "properties": { "nombre": "Camino sin nombre", "longitud_km": 4.91 }, "geometry": { "type": "LineString", "coordinates": [ [ -64.6527, -40.1105 ], [ -64.6322, -40.0977 ], [ -64.6247, -40.0865 ], [ -64.6239, -40.0752 ] ] } },
{ "type": "Feature", "properties": { "nombre": "Camino sin nombre", "longitud_km": 7.23 }, "geometry": { "type": "LineString", "coordinates": [ [ -64.6527, -40.1105 ], [ -64.6181, -40.1103 ], [ -64.6073, -40.1044 ], [ -64.6024, -40.0927 ], [ -64.5837, -40.0854 ] ] } },
{ "type": "Feature", "properties": { "nombre": "Camino sin nombre", "longitud_km": 2.14 }, "geometry": { "type": "LineString", "coordinates": [ [ -64.4703, -40.1001 ], [ -64.4524, -40.1137 ] ] } },
{ "type": "Feature", "properties": { "nombre": "Camino sin nombre", "longitud_km": 3.19 }, "geometry": { "type": "LineString", "coordinates": [ [ -65.464, -40.0971 ], [ -65.4473, -40.0714 ] ] } },
{ "type": "Feature", "properties": { "nombre": "Camino sin nombre", "longitud_km": 2.91 }, "geometry": { "type": "LineString", "coordinates": [ [ -64.3221, -40.1248 ], [ -64.2986, -40.1058 ] ] } },
{ "type": "Feature", "properties": { "nombre": "Camino sin nombre", "longitud_km": 0.93 }, "geometry": { "type": "LineString", "coordinates": [ [ -64.3297, -40.1308 ], [ -64.3221, -40.1248 ] ] } },
{ "type": "Feature", "properties": { "nombre": "Camino sin nombre", "longitud_km": 3.0 }, "geometry": { "type": "LineString", "coordinates": [ [ -64.3547, -40.1246 ], [ -64.3463, -40.1182 ], [ -64.3297, -40.1308 ] ] } },
{ "type": "Feature", "properties": { "nombre": "Camino sin nombre", "longitud_km": 5.12 }, "geometry": { "type": "LineString", "coordinates": [ [ -64.4524, -40.1137 ], [ -64.43, -40.131 ], [ -64.4103, -40.1155 ] ] } },
{ "type": "Feature", "properties": { "nombre": "Camino sin nombre", "longitud_km": 2.7 }, "geometry": { "type": "LineString", "coordinates": [ [ -65.3493, -40.111 ], [ -65.334, -40.1323 ] ] } },
{ "type": "Feature", "properties": { "nombre": "Camino sin nombre", "longitud_km": 38.55 }, "geometry": { "type": "LineString", "coordinates": [ [ -65.464, -40.0971 ], [ -65.464, -40.1109 ], [ -65.4808, -40.1307 ], [ -65.5005, -40.1885 ], [ -65.4768, -40.2409 ], [ -65.4423, -40.2861 ], [ -65.425, -40.2867 ], [ -65.4276, -40.3198 ], [ -65.3932, -40.3731 ], [ -65.3979, -40.4093 ] ] } },
{ "type": "Feature", "properties": { "nombre": "Camino sin nombre", "longitud_km": 21.54 }, "geometry": { "type": "LineString", "coordinates": [ [ -67.874, -40.0155 ], [ -67.902, -40.016 ], [ -67.946, -40.0378 ], [ -67.9828, -40.0321 ], [ -68.0033, -39.9934 ], [ -68.0598, -39.9499 ] ] } },
{ "type": "Feature", "properties": { "nombre": "Camino sin nombre", "longitud_km": 2.16 }, "geometry": { "type": "LineString", "coordinates": [ [ -64.8756, -40.1177 ], [ -64.8558, -40.1298 ] ] } },
{ "type": "Feature", "properties": { "nombre": "Camino sin nombre", "longitud_km": 2.39 }, "geometry": { "type": "LineString", "coordinates": [ [ -64.3547, -40.1246 ], [ -64.3749, -40.1395 ] ] } },
{ "type": "Feature", "properties": { "nombre": "Camino sin nombre", "longitud_km": 0.88 }, "geometry": { "type": "LineString", "coordinates": [ [ -64.2961, -40.1438 ], [ -64.2889, -40.1382 ] ] } },
{ "type": "Feature", "properties": { "nombre": "Camino sin nombre", "longitud_km": 3.05 }, "geometry": { "type": "LineString", "coordinates": [ [ -64.3221, -40.1248 ], [ -64.2961, -40.1438 ] ] } },
{ "type": "Feature", "properties": { "nombre": "Camino sin nombre", "longitud_km": 6.31 }, "geometry": { "type": "LineString", "coordinates": [ [ -65.1908, -40.1318 ], [ -65.1229, -40.1093 ] ] } },
{ "type": "Feature", "properties": { "nombre": "Camino sin nombre", "longitud_km": 6.95 }, "geometry": { "type": "LineString", "coordinates": [ [ -65.2892, -40.1721 ], [ -65.2879, -40.1647 ], [ -65.2954, -40.1502 ], [ -65.3263, -40.1282 ], [ -65.334, -40.1323 ] ] } },
{ "type": "Feature", "properties": { "nombre": "Camino sin nombre", "longitud_km": 3.04 }, "geometry": { "type": "LineString", "coordinates": [ [ -64.3297, -40.1308 ], [ -64.3551, -40.15 ] ] } },
{ "type": "Feature", "properties": { "nombre": "Camino sin nombre", "longitud_km": 8.29 }, "geometry": { "type": "LineString", "coordinates": [ [ -64.5598, -40.0924 ], [ -64.5543, -40.1121 ], [ -64.5724, -40.1298 ], [ -64.6052, -40.1497 ] ] } },
{ "type": "Feature", "properties": { "nombre": "Camino sin nombre", "longitud_km": 4.72 }, "geometry": { "type": "LineString", "coordinates": [ [ -64.8756, -40.1177 ], [ -64.9117, -40.1498 ] ] } },
{ "type": "Feature", "properties": { "nombre": "Camino sin nombre", "longitud_km": 3.94 }, "geometry": { "type": "LineString", "coordinates": [ [ -64.9571, -40.1433 ], [ -64.9117, -40.1498 ] ] } },
{ "type": "Feature", "properties": { "nombre": "Camino sin nombre", "longitud_km": 3.45 }, "geometry": { "type": "LineString", "coordinates": [ [ -64.2565, -40.1605 ], [ -64.247, -40.1531 ], [ -64.2375, -40.1609 ], [ -64.2472, -40.1676 ] ] } },
{ "type": "Feature", "properties": { "nombre": "Camino sin nombre", "longitud_km": 3.59 }, "geometry": { "type": "LineString", "coordinates": [ [ -64.8558, -40.1298 ], [ -64.8827, -40.1546 ] ] } },
{ "type": "Feature", "properties": { "nombre": "Camino sin nombre", "longitud_km": 2.53 }, "geometry": { "type": "LineString", "coordinates": [ [ -64.9117, -40.1498 ], [ -64.8827, -40.1546 ] ] } },
{ "type": "Feature", "properties": { "nombre": "Camino sin nombre", "longitud_km": 3.0 }, "geometry": { "type": "LineString", "coordinates": [ [ -64.3211, -40.1629 ], [ -64.2961, -40.1438 ] ] } },
{ "type": "Feature", "properties": { "nombre": "Camino sin nombre", "longitud_km": 1.11 }, "geometry": { "type": "LineString", "coordinates": [ [ -64.2565, -40.1605 ], [ -64.2472, -40.1676 ] ] } },
{ "type": "Feature", "properties": { "nombre": "Camino sin nombre", "longitud_km": 39.02 }, "geometry": { "type": "LineString", "coordinates": [ [ -67.7944, -40.324 ], [ -67.8002, -40.3048 ], [ -67.818, -40.2955 ], [ -67.8233, -40.2462 ], [ -67.8324, -40.2138 ], [ -67.822, -40.1738 ], [ -67.8322, -40.1442 ], [ -67.7894, -40.1057 ], [ -67.746, -40.078 ], [ -67.7435, -40.0109 ] ] } },
{ "type": "Feature", "properties": { "nombre": "Camino sin nombre", "longitud_km": 5.24 }, "geometry": { "type": "LineString", "coordinates": [ [ -64.3058, -40.1703 ], [ -64.2623, -40.137 ] ] } },
{ "type": "Feature", "properties": { "nombre": "Camino sin nombre", "longitud_km": 0.95 }, "geometry": { "type": "LineString", "coordinates": [ [ -64.1821, -40.2111 ], [ -64.1742, -40.205 ] ] } },
{ "type": "Feature", "properties": { "nombre": "Camino sin nombre", "longitud_km": 7.39 }, "geometry": { "type": "LineString", "coordinates": [ [ -64.9769, -40.2058 ], [ -64.9742, -40.1857 ], [ -64.9569, -40.1651 ], [ -64.9571, -40.1433 ] ] } },
{ "type": "Feature", "properties": { "nombre": "Camino sin nombre", "longitud_km": 12.4 }, "geometry": { "type": "LineString", "coordinates": [ [ -64.7616, -40.1724 ], [ -64.7222, -40.1712 ], [ -64.6924, -40.1376 ], [ -64.6527, -40.1105 ] ] } },
{ "type": "Feature", "properties": { "nombre": "Camino sin nombre", "longitud_km": 9.46 }, "geometry": { "type": "LineString", "coordinates": [ [ -64.8558, -40.1298 ], [ -64.8278, -40.147 ], [ -64.7991, -40.1526 ], [ -64.7616, -40.1724 ] ] } },
{ "type": "Feature", "properties": { "nombre": "Camino sin nombre", "longitud_km": 4.3 }, "geometry": { "type": "LineString", "coordinates": [ [ -64.8827, -40.1546 ], [ -64.8594, -40.1585 ], [ -64.8386, -40.1713 ] ] } },
{ "type": "Feature", "properties": { "nombre": "Camino sin nombre", "longitud_km": 13.42 }, "geometry": { "type": "LineString", "coordinates": [ [ -64.8827, -40.1546 ], [ -64.8874, -40.1766 ], [ -64.8761, -40.2225 ], [ -64.8793, -40.2526 ], [ -64.8881, -40.2732 ] ] } },
{ "type": "Feature", "properties": { "nombre": "Camino sin nombre", "longitud_km": 3.57 }, "geometry": { "type": "LineString", "coordinates": [ [ -64.2854, -40.1838 ], [ -64.2565, -40.1605 ] ] } },
{ "type": "Feature", "properties": { "nombre": "Camino sin nombre", "longitud_km": 4.72 }, "geometry": { "type": "LineString", "coordinates": [ [ -65.334, -40.1323 ], [ -65.3579, -40.1707 ] ] } },
{ "type": "Feature", "properties": { "nombre": "Camino sin nombre", "longitud_km": 3.28 }, "geometry": { "type": "LineString", "coordinates": [ [ -64.2472, -40.1676 ], [ -64.2746, -40.1885 ] ] } },
{ "type": "Feature", "properties": { "nombre": "Camino sin nombre", "longitud_km": 7.54 }, "geometry": { "type": "LineString", "coordinates": [ [ -65.2022, -40.183 ], [ -65.2519, -40.1799 ], [ -65.2892, -40.1721 ] ] } },
{ "type": "Feature", "properties": { "nombre": "Camino sin nombre", "longitud_km": 18.17 }, "geometry": { "type": "LineString", "coordinates": [ [ -64.7616, -40.1724 ], [ -64.7485, -40.1843 ], [ -64.7411, -40.2 ], [ -64.6699, -40.2524 ], [ -64.6489, -40.2835 ], [ -64.6445, -40.3039 ] ] } },
{ "type": "Feature", "properties": { "nombre": "Camino sin nombre", "longitud_km": 1.79 }, "geometry": { "type": "LineString", "coordinates": [ [ -64.1742, -40.205 ], [ -64.1845, -40.1999 ], [ -64.1918, -40.2036 ] ] } },
{ "type": "Feature", "properties": { "nombre": "Camino sin nombre", "longitud_km": 6.14 }, "geometry": { "type": "LineString", "coordinates": [ [ -64.243, -40.2069 ], [ -64.2155, -40.1858 ], [ -64.1918, -40.2036 ] ] } },
{ "type": "Feature", "properties": { "nombre": "Camino sin nombre", "longitud_km": 20.61 }, "geometry": { "type": "LineString", "coordinates": [ [ -65.1495, -40.2257 ], [ -65.014, -40.1314 ], [ -64.9571, -40.1433 ] ] } },
{ "type": "Feature", "properties": { "nombre": "Camino sin nombre", "longitud_km": 1.17 }, "geometry": { "type": "LineString", "coordinates": [ [ -64.1918, -40.2036 ], [ -64.1821, -40.2111 ] ] } },
{ "type": "Feature", "properties": { "nombre": "Camino sin nombre", "longitud_km": 3.27 }, "geometry": { "type": "LineString", "coordinates": [ [ -65.3127, -40.1953 ], [ -65.2892, -40.1721 ] ] } },
{ "type": "Feature", "properties": { "nombre": "Camino sin nombre", "longitud_km": 2.98 }, "geometry": { "type": "LineString", "coordinates": [ [ -64.2075, -40.2296 ], [ -64.1821, -40.2111 ] ] } },
{ "type": "Feature", "properties": { "nombre": "Camino sin nombre", "longitud_km": 4.03 }, "geometry": { "type": "LineString", "coordinates": [ [ -64.1742, -40.205 ], [ -64.1487, -40.2238 ], [ -64.1569, -40.2305 ] ] } },
{ "type": "Feature", "properties": { "nombre": "Camino sin nombre", "longitud_km": 3.03 }, "geometry": { "type": "LineString", "coordinates": [ [ -64.1821, -40.2111 ], [ -64.1569, -40.2305 ] ] } },
{ "type": "Feature", "properties": { "nombre": "Camino sin nombre", "longitud_km": 3.33 }, "geometry": { "type": "LineString", "coordinates": [ [ -64.1569, -40.2305 ], [ -64.1848, -40.2515 ] ] } },
{ "type": "Feature", "properties": { "nombre": "Camino sin nombre", "longitud_km": 1.26 }, "geometry": { "type": "LineString", "coordinates": [ [ -64.1144, -40.247 ], [ -64.1241, -40.2555 ] ] } },
{ "type": "Feature", "properties": { "nombre": "Camino sin nombre", "longitud_km": 3.94 }, "geometry": { "type": "LineString", "coordinates": [ [ -64.1569, -40.2305 ], [ -64.1241, -40.2555 ] ] } },
{ "type": "Feature", "properties": { "nombre": "Camino sin nombre", "longitud_km": 7.05 }, "geometry": { "type": "LineString", "coordinates": [ [ -68.1652, -40.1063 ], [ -68.1804, -40.1444 ], [ -68.1873, -40.1489 ], [ -68.1891, -40.1655 ] ] } },
{ "type": "Feature", "properties": { "nombre": "Camino sin nombre", "longitud_km": 10.41 }, "geometry": { "type": "LineString", "coordinates": [ [ -69.0528, -40.1194 ], [ -68.9847, -40.1049 ], [ -68.9703, -40.1121 ], [ -68.9365, -40.1167 ] ] } },
{ "type": "Feature", "properties": { "nombre": "Camino sin nombre", "longitud_km": 6.46 }, "geometry": { "type": "LineString", "coordinates": [ [ -68.9365, -40.1167 ], [ -68.9056, -40.1178 ], [ -68.8625, -40.1082 ] ] } },
{ "type": "Feature", "properties": { "nombre": "Camino sin nombre", "longitud_km": 3.34 }, "geometry": { "type": "LineString", "coordinates": [ [ -64.1241, -40.2555 ], [ -64.0957, -40.2764 ] ] } },
{ "type": "Feature", "properties": { "nombre": "Camino sin nombre", "longitud_km": 3.81 }, "geometry": { "type": "LineString", "coordinates": [ [ -67.6928, -40.3304 ], [ -67.6543, -40.3129 ] ] } },
{ "type": "Feature", "properties": { "nombre": "Camino sin nombre", "longitud_km": 3.75 }, "geometry": { "type": "LineString", "coordinates": [ [ -64.1241, -40.2555 ], [ -64.155, -40.2796 ] ] } },
{ "type": "Feature", "properties": { "nombre": "Camino sin nombre", "longitud_km": 6.46 }, "geometry": { "type": "LineString", "coordinates": [ [ -67.4885, -40.2648 ], [ -67.541, -40.2227 ] ] } },
{ "type": "Feature", "properties": { "nombre": "Camino sin nombre", "longitud_km": 0.48 }, "geometry": { "type": "LineString", "coordinates": [ [ -64.8934, -40.2748 ], [ -64.8881, -40.2732 ] ] } },
{ "type": "Feature", "properties": { "nombre": "Camino sin nombre", "longitud_km": 3.85 }, "geometry": { "type": "LineString", "coordinates": [ [ -69.0257, -40.1471 ], [ -69.0528, -40.1194 ] ] } },
{ "type": "Feature", "properties": { "nombre": "Camino sin nombre", "longitud_km": 10.02 }, "geometry": { "type": "LineString", "coordinates": [ [ -68.9628, -40.2217 ], [ -68.9918, -40.2012 ], [ -69.0257, -40.1471 ] ] } },
{ "type": "Feature", "properties": { "nombre": "Camino sin nombre", "longitud_km": 7.04 }, "geometry": { "type": "LineString", "coordinates": [ [ -68.9476, -40.1625 ], [ -68.9719, -40.1643 ], [ -69.0257, -40.1471 ] ] } },
{ "type": "Feature", "properties": { "nombre": "Camino sin nombre", "longitud_km": 6.43 }, "geometry": { "type": "LineString", "coordinates": [ [ -65.1758, -40.2927 ], [ -65.1275, -40.2482 ] ] } },
{ "type": "Feature", "properties": { "nombre": "Camino sin nombre", "longitud_km": 7.74 }, "geometry": { "type": "LineString", "coordinates": [ [ -64.6445, -40.3039 ], [ -64.5534, -40.3054 ] ] } },
{ "type": "Feature", "properties": { "nombre": "Camino sin nombre", "longitud_km": 12.81 }, "geometry": { "type": "LineString", "coordinates": [ [ -67.7456, -40.2876 ], [ -67.6961, -40.23 ], [ -67.6796, -40.1853 ] ] } },
{ "type": "Feature", "properties": { "nombre": "Camino sin nombre", "longitud_km": 0.37 }, "geometry": { "type": "LineString", "coordinates": [ [ -63.3808, -40.3289 ], [ -63.3809, -40.3256 ] ] } },
{ "type": "Feature", "properties": { "nombre": "Camino sin nombre", "longitud_km": 8.91 }, "geometry": { "type": "LineString", "coordinates": [ [ -68.0496, -40.2222 ], [ -68.007, -40.2117 ], [ -67.9905, -40.1992 ], [ -67.9541, -40.1956 ] ] } },
{ "type": "Feature", "properties": { "nombre": "Camino sin nombre", "longitud_km": 7.79 }, "geometry": { "type": "LineString", "coordinates": [ [ -64.6445, -40.3039 ], [ -64.6299, -40.3731 ] ] } },
{ "type": "Feature", "properties": { "nombre": "Camino sin nombre", "longitud_km": 14.43 }, "geometry": { "type": "LineString", "coordinates": [ [ -65.7257, -40.3148 ], [ -65.7147, -40.3012 ], [ -65.7248, -40.2688 ], [ -65.7225, -40.2599 ], [ -65.6971, -40.2205 ], [ -65.6694, -40.2028 ] ] } },
{ "type": "Feature", "properties": { "nombre": "Camino sin nombre", "longitud_km": 12.37 }, "geometry": { "type": "LineString", "coordinates": [ [ -65.8379, -40.3474 ], [ -65.8157, -40.3087 ], [ -65.7257, -40.3148 ] ] } },
{ "type": "Feature", "properties": { "nombre": "Camino sin nombre", "longitud_km": 5.41 }, "geometry": { "type": "LineString", "coordinates": [ [ -67.4885, -40.2648 ], [ -67.4253, -40.2699 ] ] } },
{ "type": "Feature", "properties": { "nombre": "Camino sin nombre", "longitud_km": 9.88 }, "geometry": { "type": "LineString", "coordinates": [ [ -67.5955, -40.2862 ], [ -67.5408, -40.2627 ], [ -67.501, -40.2678 ], [ -67.4885, -40.2648 ] ] } },
{ "type": "Feature", "properties": { "nombre": "Camino sin nombre", "longitud_km": 19.57 }, "geometry": { "type": "LineString", "coordinates": [ [ -64.8881, -40.2732 ], [ -64.8591, -40.287 ], [ -64.8317, -40.2844 ], [ -64.7794, -40.2887 ], [ -64.7771, -40.3254 ], [ -64.7562, -40.3307 ], [ -64.7177, -40.3497 ] ] } },
{ "type": "Feature", "properties": { "nombre": "Camino sin nombre", "longitud_km": 14.25 }, "geometry": { "type": "LineString", "coordinates": [ [ -63.3805, -40.4572 ], [ -63.3808, -40.3289 ] ] } },
{ "type": "Feature", "properties": { "nombre": "Camino sin nombre", "longitud_km": 41.22 }, "geometry": { "type": "LineString", "coordinates": [ [ -69.3549, -40.3101 ], [ -69.3657, -40.2901 ], [ -69.3474, -40.2585 ], [ -69.2882, -40.2131 ], [ -69.2216, -40.1366 ], [ -69.2072, -40.1305 ], [ -69.1926, -40.1418 ], [ -69.1695, -40.146 ], [ -69.1356, -40.1237 ], [ -69.1307, -40.1095 ], [ -69.1252, -40.1072 ], [ -69.0768, -40.1211 ], [ -69.0528, -40.1194 ] ] } },
{ "type": "Feature", "properties": { "nombre": "Camino sin nombre", "longitud_km": 5.51 }, "geometry": { "type": "LineString", "coordinates": [ [ -64.7177, -40.3497 ], [ -64.6709, -40.3615 ], [ -64.6604, -40.3703 ] ] } },
{ "type": "Feature", "properties": { "nombre": "Camino sin nombre", "longitud_km": 2.61 }, "geometry": { "type": "LineString", "coordinates": [ [ -64.6604, -40.3703 ], [ -64.6299, -40.3731 ] ] } },
{ "type": "Feature", "properties": { "nombre": "Camino sin nombre", "longitud_km": 3.66 }, "geometry": { "type": "LineString", "coordinates": [ [ -64.6299, -40.3731 ], [ -64.5869, -40.3758 ] ] } },
{ "type": "Feature", "properties": { "nombre": "Camino sin nombre", "longitud_km": 5.79 }, "geometry": { "type": "LineString", "coordinates": [ [ -67.7944, -40.324 ], [ -67.7456, -40.2876 ] ] } },
{ "type": "Feature", "properties": { "nombre": "Camino sin nombre", "longitud_km": 13.59 }, "geometry": { "type": "LineString", "coordinates": [ [ -68.8592, -40.2403 ], [ -68.8672, -40.198 ], [ -68.924, -40.1701 ], [ -68.9248, -40.1599 ], [ -68.9476, -40.1625 ] ] } },
{ "type": "Feature", "properties": { "nombre": "Camino sin nombre", "longitud_km": 3.26 }, "geometry": { "type": "LineString", "coordinates": [ [ -67.6284, -40.3012 ], [ -67.5955, -40.2862 ] ] } },
{ "type": "Feature", "properties": { "nombre": "Camino sin nombre", "longitud_km": 6.03 }, "geometry": { "type": "LineString", "coordinates": [ [ -66.0009, -40.3089 ], [ -66.016, -40.3281 ], [ -66.0288, -40.3585 ] ] } },
{ "type": "Feature", "properties": { "nombre": "Camino sin nombre", "longitud_km": 1.32 }, "geometry": { "type": "LineString", "coordinates": [ [ -68.8592, -40.2403 ], [ -68.8483, -40.2489 ] ] } },
{ "type": "Feature", "properties": { "nombre": "Camino sin nombre", "longitud_km": 2.56 }, "geometry": { "type": "LineString", "coordinates": [ [ -67.6543, -40.3129 ], [ -67.6284, -40.3012 ] ] } },
{ "type": "Feature", "properties": { "nombre": "Camino sin nombre", "longitud_km": 5.67 }, "geometry": { "type": "LineString", "coordinates": [ [ -64.7177, -40.3497 ], [ -64.7354, -40.3867 ], [ -64.7471, -40.3941 ] ] } },
{ "type": "Feature", "properties": { "nombre": "Camino sin nombre", "longitud_km": 2.3 }, "geometry": { "type": "LineString", "coordinates": [ [ -65.9108, -41.2036 ], [ -65.9176, -41.2237 ] ] } },
{ "type": "Feature", "properties": { "nombre": "Camino sin nombre", "longitud_km": 9.24 }, "geometry": { "type": "LineString", "coordinates": [ [ -66.0009, -40.3089 ], [ -65.9649, -40.3182 ], [ -65.9501, -40.3711 ] ] } },
{ "type": "Feature", "properties": { "nombre": "Camino sin nombre", "longitud_km": 10.6 }, "geometry": { "type": "LineString", "coordinates": [ [ -65.7257, -40.3148 ], [ -65.7145, -40.3156 ], [ -65.7087, -40.3243 ], [ -65.6903, -40.3342 ], [ -65.6686, -40.3629 ], [ -65.6721, -40.3748 ], [ -65.6559, -40.3823 ] ] } },
{ "type": "Feature", "properties": { "nombre": "Camino sin nombre", "longitud_km": 20.8 }, "geometry": { "type": "LineString", "coordinates": [ [ -64.6099, -40.4489 ], [ -64.5123, -40.4611 ], [ -64.5167, -40.4361 ], [ -64.5238, -40.4252 ], [ -64.5822, -40.3657 ] ] } },
{ "type": "Feature", "properties": { "nombre": "Camino sin nombre", "longitud_km": 3.76 }, "geometry": { "type": "LineString", "coordinates": [ [ -68.9672, -40.2379 ], [ -68.9993, -40.2612 ] ] } },
{ "type": "Feature", "properties": { "nombre": "Camino sin nombre", "longitud_km": 8.59 }, "geometry": { "type": "LineString", "coordinates": [ [ -67.6284, -40.3012 ], [ -67.6385, -40.2907 ], [ -67.6968, -40.3198 ], [ -67.6928, -40.3304 ] ] } },
{ "type": "Feature", "properties": { "nombre": "Camino sin nombre", "longitud_km": 31.49 }, "geometry": { "type": "LineString", "coordinates": [ [ -67.9436, -40.5067 ], [ -67.9469, -40.4924 ], [ -67.9355, -40.4708 ], [ -67.936, -40.4516 ], [ -67.9537, -40.4205 ], [ -67.9463, -40.3945 ], [ -67.9519, -40.3748 ], [ -68.0033, -40.3506 ], [ -68.1206, -40.3073 ] ] } },
{ "type": "Feature", "properties": { "nombre": "Camino sin nombre", "longitud_km": 5.05 }, "geometry": { "type": "LineString", "coordinates": [ [ -64.6604, -40.3703 ], [ -64.6554, -40.4156 ] ] } },
{ "type": "Feature", "properties": { "nombre": "Camino sin nombre", "longitud_km": 5.37 }, "geometry": { "type": "LineString", "coordinates": [ [ -67.7578, -40.335 ], [ -67.7456, -40.2876 ] ] } },
{ "type": "Feature", "properties": { "nombre": "Camino sin nombre", "longitud_km": 1.44 }, "geometry": { "type": "LineString", "coordinates": [ [ -63.6787, -40.4222 ], [ -63.6912, -40.431 ] ] } },
{ "type": "Feature", "properties": { "nombre": "Camino sin nombre", "longitud_km": 6.92 }, "geometry": { "type": "LineString", "coordinates": [ [ -63.6912, -40.431 ], [ -63.7072, -40.4181 ], [ -63.7248, -40.4269 ], [ -63.7566, -40.412 ] ] } },
{ "type": "Feature", "properties": { "nombre": "Camino sin nombre", "longitud_km": 3.87 }, "geometry": { "type": "LineString", "coordinates": [ [ -65.3979, -40.4093 ], [ -65.3523, -40.4093 ] ] } },
{ "type": "Feature", "properties": { "nombre": "Camino sin nombre", "longitud_km": 36.38 }, "geometry": { "type": "LineString", "coordinates": [ [ -67.7111, -40.5699 ], [ -67.7139, -40.5651 ], [ -67.7043, -40.5521 ], [ -67.6685, -40.5193 ], [ -67.6494, -40.491 ], [ -67.633, -40.4511 ], [ -67.6137, -40.424 ], [ -67.5854, -40.4089 ], [ -67.6028, -40.4045 ], [ -67.609, -40.3937 ], [ -67.5955, -40.2862 ] ] } },
{ "type": "Feature", "properties": { "nombre": "Camino sin nombre", "longitud_km": 3.18 }, "geometry": { "type": "LineString", "coordinates": [ [ -67.6484, -40.3412 ], [ -67.6543, -40.3129 ] ] } },
{ "type": "Feature", "properties": { "nombre": "Camino sin nombre", "longitud_km": 1.01 }, "geometry": { "type": "LineString", "coordinates": [ [ -63.6674, -40.4523 ], [ -63.6597, -40.4593 ] ] } },
{ "type": "Feature", "properties": { "nombre": "Camino sin nombre", "longitud_km": 11.11 }, "geometry": { "type": "LineString", "coordinates": [ [ -67.724, -40.4116 ], [ -67.6702, -40.3517 ], [ -67.6928, -40.3304 ] ] } },
{ "type": "Feature", "properties": { "nombre": "Camino sin nombre", "longitud_km": 7.11 }, "geometry": { "type": "LineString", "coordinates": [ [ -65.3979, -40.4093 ], [ -65.4131, -40.4129 ], [ -65.4048, -40.4644 ] ] } },
{ "type": "Feature", "properties": { "nombre": "Camino sin nombre", "longitud_km": 6.61 }, "geometry": { "type": "LineString", "coordinates": [ [ -64.6299, -40.3731 ], [ -64.6125, -40.4312 ] ] } },
{ "type": "Feature", "properties": { "nombre": "Camino sin nombre", "longitud_km": 1.18 }, "geometry": { "type": "LineString", "coordinates": [ [ -65.742, -41.2535 ], [ -65.7351, -41.2442 ] ] } },
{ "type": "Feature", "properties": { "nombre": "Camino sin nombre", "longitud_km": 16.59 }, "geometry": { "type": "LineString", "coordinates": [ [ -65.3159, -40.4087 ], [ -65.2812, -40.4378 ], [ -65.2365, -40.4586 ], [ -65.1449, -40.457 ] ] } },
{ "type": "Feature", "properties": { "nombre": "Camino sin nombre", "longitud_km": 3.4 }, "geometry": { "type": "LineString", "coordinates": [ [ -67.7941, -40.3481 ], [ -67.7578, -40.335 ] ] } },
{ "type": "Feature", "properties": { "nombre": "Camino sin nombre", "longitud_km": 2.68 }, "geometry": { "type": "LineString", "coordinates": [ [ -67.7941, -40.3481 ], [ -67.7944, -40.324 ] ] } },
{ "type": "Feature", "properties": { "nombre": "Camino sin nombre", "longitud_km": 1.19 }, "geometry": { "type": "LineString", "coordinates": [ [ -63.6471, -40.4392 ], [ -63.6577, -40.4462 ] ] } },
{ "type": "Feature", "properties": { "nombre": "Camino sin nombre", "longitud_km": 4.12 }, "geometry": { "type": "LineString", "coordinates": [ [ -63.6912, -40.431 ], [ -63.6838, -40.4374 ], [ -63.6742, -40.4316 ], [ -63.6577, -40.4462 ] ] } },
{ "type": "Feature", "properties": { "nombre": "Camino sin nombre", "longitud_km": 5.2 }, "geometry": { "type": "LineString", "coordinates": [ [ -67.7833, -40.3776 ], [ -67.7578, -40.335 ] ] } },
{ "type": "Feature", "properties": { "nombre": "Camino sin nombre", "longitud_km": 7.23 }, "geometry": { "type": "LineString", "coordinates": [ [ -64.7016, -40.4398 ], [ -64.6164, -40.4396 ] ] } },
{ "type": "Feature", "properties": { "nombre": "Camino sin nombre", "longitud_km": 9.5 }, "geometry": { "type": "LineString", "coordinates": [ [ -67.7833, -40.3776 ], [ -67.7592, -40.3614 ], [ -67.7393, -40.358 ], [ -67.7175, -40.3414 ], [ -67.6928, -40.3304 ] ] } },
{ "type": "Feature", "properties": { "nombre": "Camino sin nombre", "longitud_km": 21.03 }, "geometry": { "type": "LineString", "coordinates": [ [ -65.5453, -40.5453 ], [ -65.5465, -40.7347 ] ] } },
{ "type": "Feature", "properties": { "nombre": "Camino sin nombre", "longitud_km": 17.7 }, "geometry": { "type": "LineString", "coordinates": [ [ -65.4923, -40.4297 ], [ -65.5178, -40.4055 ], [ -65.5448, -40.3901 ], [ -65.5438, -40.3746 ], [ -65.6058, -40.3746 ], [ -65.6408, -40.3833 ], [ -65.6559, -40.3823 ] ] } },
{ "type": "Feature", "properties": { "nombre": "Camino sin nombre", "longitud_km": 8.6 }, "geometry": { "type": "LineString", "coordinates": [ [ -64.8999, -40.4371 ], [ -64.881, -40.4171 ], [ -64.8571, -40.4073 ], [ -64.8772, -40.3792 ] ] } },
{ "type": "Feature", "properties": { "nombre": "Camino sin nombre", "longitud_km": 1.06 }, "geometry": { "type": "LineString", "coordinates": [ [ -63.6577, -40.4462 ], [ -63.6674, -40.4523 ] ] } },
{ "type": "Feature", "properties": { "nombre": "Camino sin nombre", "longitud_km": 0.44 }, "geometry": { "type": "LineString", "coordinates": [ [ -63.6707, -40.4493 ], [ -63.6674, -40.4523 ] ] } },
{ "type": "Feature", "properties": { "nombre": "Camino sin nombre", "longitud_km": 0.32 }, "geometry": { "type": "LineString", "coordinates": [ [ -63.6674, -40.4523 ], [ -63.6702, -40.4542 ] ] } },
{ "type": "Feature", "properties": { "nombre": "Camino sin nombre", "longitud_km": 1.98 }, "geometry": { "type": "LineString", "coordinates": [ [ -64.6099, -40.4489 ], [ -64.6125, -40.4312 ] ] } },
{ "type": "Feature", "properties": { "nombre": "Camino sin nombre", "longitud_km": 1.04 }, "geometry": { "type": "LineString", "coordinates": [ [ -64.6172, -40.4414 ], [ -64.6099, -40.4489 ] ] } },
{ "type": "Feature", "properties": { "nombre": "Camino sin nombre", "longitud_km": 3.52 }, "geometry": { "type": "LineString", "coordinates": [ [ -63.6279, -40.4513 ], [ -63.6428, -40.4596 ], [ -63.6577, -40.4462 ] ] } },
{ "type": "Feature", "properties": { "nombre": "Camino sin nombre", "longitud_km": 22.32 }, "geometry": { "type": "LineString", "coordinates": [ [ -65.6559, -40.3823 ], [ -65.6569, -40.3911 ], [ -65.6754, -40.416 ], [ -65.6806, -40.4373 ], [ -65.6772, -40.4433 ], [ -65.6224, -40.4681 ], [ -65.5612, -40.5125 ], [ -65.545, -40.531 ] ] } },
{ "type": "Feature", "properties": { "nombre": "Camino sin nombre", "longitud_km": 5.06 }, "geometry": { "type": "LineString", "coordinates": [ [ -67.7874, -40.3926 ], [ -67.7966, -40.3674 ], [ -67.7941, -40.3481 ] ] } },
{ "type": "Feature", "properties": { "nombre": "Camino sin nombre", "longitud_km": 8.48 }, "geometry": { "type": "LineString", "coordinates": [ [ -65.4048, -40.4644 ], [ -65.4756, -40.4424 ], [ -65.4923, -40.4297 ] ] } },
{ "type": "Feature", "properties": { "nombre": "Camino sin nombre", "longitud_km": 1.71 }, "geometry": { "type": "LineString", "coordinates": [ [ -67.7874, -40.3926 ], [ -67.7833, -40.3776 ] ] } },
{ "type": "Feature", "properties": { "nombre": "Camino sin nombre", "longitud_km": 12.82 }, "geometry": { "type": "LineString", "coordinates": [ [ -65.4048, -40.4644 ], [ -65.3209, -40.4943 ], [ -65.2626, -40.4897 ] ] } },
{ "type": "Feature", "properties": { "nombre": "Camino sin nombre", "longitud_km": 5.23 }, "geometry": { "type": "LineString", "coordinates": [ [ -63.3808, -40.5043 ], [ -63.3805, -40.4572 ] ] } },
{ "type": "Feature", "properties": { "nombre": "Camino sin nombre", "longitud_km": 13.86 }, "geometry": { "type": "LineString", "coordinates": [ [ -64.7137, -40.5384 ], [ -64.8538, -40.4858 ], [ -64.8579, -40.4906 ] ] } },
{ "type": "Feature", "properties": { "nombre": "Camino sin nombre", "longitud_km": 22.4 }, "geometry": { "type": "LineString", "coordinates": [ [ -67.7562, -40.588 ], [ -67.7695, -40.5702 ], [ -67.7807, -40.5364 ], [ -67.7849, -40.4808 ], [ -67.7749, -40.4667 ], [ -67.7874, -40.3926 ] ] } },
{ "type": "Feature", "properties": { "nombre": "Camino sin nombre", "longitud_km": 12.24 }, "geometry": { "type": "LineString", "coordinates": [ [ -65.383, -40.5721 ], [ -65.3895, -40.5312 ], [ -65.3886, -40.4987 ], [ -65.4048, -40.4644 ] ] } },
{ "type": "Feature", "properties": { "nombre": "Camino sin nombre", "longitud_km": 47.25 }, "geometry": { "type": "LineString", "coordinates": [ [ -64.6099, -40.4489 ], [ -64.6051, -40.5022 ], [ -64.6374, -40.5295 ], [ -64.6637, -40.5908 ], [ -64.6575, -40.6238 ], [ -64.6721, -40.6271 ], [ -64.672, -40.6368 ], [ -64.6809, -40.6441 ], [ -64.7056, -40.6392 ], [ -64.7298, -40.6479 ], [ -64.7363, -40.661 ], [ -64.7703, -40.6609 ], [ -64.777, -40.6699 ], [ -64.79, -40.676 ], [ -64.8385, -40.6739 ], [ -64.9173, -40.7049 ] ] } },
{ "type": "Feature", "properties": { "nombre": "Camino sin nombre", "longitud_km": 2.22 }, "geometry": { "type": "LineString", "coordinates": [ [ -63.6087, -40.5414 ], [ -63.5883, -40.5288 ] ] } },
{ "type": "Feature", "properties": { "nombre": "Camino sin nombre", "longitud_km": 25.44 }, "geometry": { "type": "LineString", "coordinates": [ [ -64.4512, -40.7087 ], [ -64.4515, -40.6172 ], [ -64.5054, -40.6194 ], [ -64.5277, -40.6779 ], [ -64.5631, -40.7012 ] ] } },
{ "type": "Feature", "properties": { "nombre": "Camino sin nombre", "longitud_km": 6.16 }, "geometry": { "type": "LineString", "coordinates": [ [ -64.9194, -40.5966 ], [ -64.9032, -40.6507 ] ] } },
{ "type": "Feature", "properties": { "nombre": "Camino sin nombre", "longitud_km": 13.65 }, "geometry": { "type": "LineString", "coordinates": [ [ -65.4923, -40.4297 ], [ -65.507, -40.4315 ], [ -65.4989, -40.4567 ], [ -65.5074, -40.4957 ], [ -65.5073, -40.533 ], [ -65.5158, -40.5388 ] ] } },
{ "type": "Feature", "properties": { "nombre": "Camino sin nombre", "longitud_km": 2.63 }, "geometry": { "type": "LineString", "coordinates": [ [ -65.545, -40.531 ], [ -65.5158, -40.5388 ] ] } },
{ "type": "Feature", "properties": { "nombre": "Camino sin nombre", "longitud_km": 0.73 }, "geometry": { "type": "LineString", "coordinates": [ [ -63.5661, -40.5613 ], [ -63.5717, -40.5663 ] ] } },
{ "type": "Feature", "properties": { "nombre": "Camino sin nombre", "longitud_km": 1.07 }, "geometry": { "type": "LineString", "coordinates": [ [ -63.5717, -40.5663 ], [ -63.5843, -40.5672 ] ] } },
{ "type": "Feature", "properties": { "nombre": "Camino sin nombre", "longitud_km": 1.6 }, "geometry": { "type": "LineString", "coordinates": [ [ -65.545, -40.531 ], [ -65.5453, -40.5453 ] ] } },
{ "type": "Feature", "properties": { "nombre": "Camino sin nombre", "longitud_km": 2.73 }, "geometry": { "type": "LineString", "coordinates": [ [ -65.5453, -40.5453 ], [ -65.5335, -40.5464 ], [ -65.5158, -40.5388 ] ] } },
{ "type": "Feature", "properties": { "nombre": "Camino sin nombre", "longitud_km": 1.17 }, "geometry": { "type": "LineString", "coordinates": [ [ -63.5717, -40.5663 ], [ -63.5611, -40.573 ] ] } },
{ "type": "Feature", "properties": { "nombre": "Camino sin nombre", "longitud_km": 12.55 }, "geometry": { "type": "LineString", "coordinates": [ [ -65.5158, -40.5388 ], [ -65.4586, -40.5597 ], [ -65.434, -40.5615 ], [ -65.4135, -40.5755 ], [ -65.4015, -40.5781 ], [ -65.383, -40.5721 ] ] } },
{ "type": "Feature", "properties": { "nombre": "Camino sin nombre", "longitud_km": 4.77 }, "geometry": { "type": "LineString", "coordinates": [ [ -67.2584, -40.4788 ], [ -67.2536, -40.4901 ], [ -67.2366, -40.5019 ], [ -67.2373, -40.5154 ] ] } },
{ "type": "Feature", "properties": { "nombre": "Camino sin nombre", "longitud_km": 11.96 }, "geometry": { "type": "LineString", "coordinates": [ [ -65.2476, -40.5909 ], [ -65.2788, -40.5968 ], [ -65.383, -40.5721 ] ] } },
{ "type": "Feature", "properties": { "nombre": "Camino sin nombre", "longitud_km": 8.56 }, "geometry": { "type": "LineString", "coordinates": [ [ -68.2753, -40.4806 ], [ -68.2962, -40.5005 ], [ -68.3183, -40.5097 ], [ -68.3292, -40.5221 ], [ -68.3505, -40.5286 ] ] } },
{ "type": "Feature", "properties": { "nombre": "Camino sin nombre", "longitud_km": 14.65 }, "geometry": { "type": "LineString", "coordinates": [ [ -68.5649, -40.5217 ], [ -68.5157, -40.5177 ], [ -68.4129, -40.5212 ], [ -68.4063, -40.5263 ], [ -68.3952, -40.5257 ] ] } },
{ "type": "Feature", "properties": { "nombre": "Camino sin nombre", "longitud_km": 3.8 }, "geometry": { "type": "LineString", "coordinates": [ [ -68.3505, -40.5286 ], [ -68.3952, -40.5257 ] ] } },
{ "type": "Feature", "properties": { "nombre": "Camino sin nombre", "longitud_km": 3.09 }, "geometry": { "type": "LineString", "coordinates": [ [ -64.8478, -40.6349 ], [ -64.883, -40.6424 ] ] } },
{ "type": "Feature", "properties": { "nombre": "Camino sin nombre", "longitud_km": 6.06 }, "geometry": { "type": "LineString", "coordinates": [ [ -64.8661, -40.5905 ], [ -64.8851, -40.6297 ], [ -64.883, -40.6424 ] ] } },
{ "type": "Feature", "properties": { "nombre": "Camino sin nombre", "longitud_km": 26.96 }, "geometry": { "type": "LineString", "coordinates": [ [ -65.2476, -40.5909 ], [ -65.2052, -40.5896 ], [ -65.1813, -40.5952 ], [ -65.1775, -40.6075 ], [ -65.1508, -40.6377 ], [ -65.1055, -40.646 ], [ -65.0939, -40.6708 ], [ -65.0303, -40.6934 ], [ -65.0013, -40.7092 ] ] } },
{ "type": "Feature", "properties": { "nombre": "Camino sin nombre", "longitud_km": 3.82 }, "geometry": { "type": "LineString", "coordinates": [ [ -65.3651, -41.1614 ], [ -65.3315, -41.1846 ] ] } },
{ "type": "Feature", "properties": { "nombre": "Camino sin nombre", "longitud_km": 2.34 }, "geometry": { "type": "LineString", "coordinates": [ [ -63.3596, -40.7631 ], [ -63.3364, -40.7516 ] ] } },
{ "type": "Feature", "properties": { "nombre": "Camino sin nombre", "longitud_km": 1.94 }, "geometry": { "type": "LineString", "coordinates": [ [ -64.883, -40.6424 ], [ -64.9032, -40.6507 ] ] } },
{ "type": "Feature", "properties": { "nombre": "Camino sin nombre", "longitud_km": 6.26 }, "geometry": { "type": "LineString", "coordinates": [ [ -68.6351, -40.5285 ], [ -68.6085, -40.5306 ], [ -68.5787, -40.5198 ], [ -68.5649, -40.5217 ] ] } },
{ "type": "Feature", "properties": { "nombre": "Camino sin nombre", "longitud_km": 1.61 }, "geometry": { "type": "LineString", "coordinates": [ [ -63.2248, -40.7942 ], [ -63.2189, -40.7805 ] ] } },
{ "type": "Feature", "properties": { "nombre": "Camino sin nombre", "longitud_km": 7.94 }, "geometry": { "type": "LineString", "coordinates": [ [ -65.2241, -40.6592 ], [ -65.2456, -40.6194 ], [ -65.2476, -40.5909 ] ] } },
{ "type": "Feature", "properties": { "nombre": "Camino sin nombre", "longitud_km": 7.85 }, "geometry": { "type": "LineString", "coordinates": [ [ -69.0605, -40.5238 ], [ -69.1432, -40.4921 ] ] } },
{ "type": "Feature", "properties": { "nombre": "Camino sin nombre", "longitud_km": 2.54 }, "geometry": { "type": "LineString", "coordinates": [ [ -64.9032, -40.6507 ], [ -64.9133, -40.6722 ] ] } },
{ "type": "Feature", "properties": { "nombre": "Camino sin nombre", "longitud_km": 5.19 }, "geometry": { "type": "LineString", "coordinates": [ [ -68.3521, -40.5739 ], [ -68.3439, -40.5497 ], [ -68.3505, -40.5286 ] ] } },
{ "type": "Feature", "properties": { "nombre": "Camino sin nombre", "longitud_km": 4.9 }, "geometry": { "type": "LineString", "coordinates": [ [ -64.609, -40.6667 ], [ -64.6017, -40.6855 ], [ -64.6014, -40.7099 ] ] } },
{ "type": "Feature", "properties": { "nombre": "Camino sin nombre", "longitud_km": 22.05 }, "geometry": { "type": "LineString", "coordinates": [ [ -68.0907, -40.7586 ], [ -68.0889, -40.7148 ], [ -68.0773, -40.6801 ], [ -68.0798, -40.6594 ], [ -68.0723, -40.6507 ], [ -68.05, -40.6442 ], [ -68.0121, -40.6241 ], [ -68.0051, -40.607 ], [ -68.0076, -40.5906 ] ] } },
{ "type": "Feature", "properties": { "nombre": "Camino sin nombre", "longitud_km": 28.15 }, "geometry": { "type": "LineString", "coordinates": [ [ -67.5154, -40.7571 ], [ -67.5725, -40.7271 ], [ -67.6474, -40.6678 ], [ -67.6747, -40.6581 ], [ -67.6916, -40.6413 ], [ -67.7545, -40.6048 ], [ -67.7574, -40.5908 ] ] } },
{ "type": "Feature", "properties": { "nombre": "Camino sin nombre", "longitud_km": 9.81 }, "geometry": { "type": "LineString", "coordinates": [ [ -64.5878, -40.6188 ], [ -64.5761, -40.6186 ], [ -64.5687, -40.6978 ] ] } },
{ "type": "Feature", "properties": { "nombre": "Camino sin nombre", "longitud_km": 4.81 }, "geometry": { "type": "LineString", "coordinates": [ [ -63.4015, -40.7924 ], [ -63.3596, -40.7631 ] ] } },
{ "type": "Feature", "properties": { "nombre": "Camino sin nombre", "longitud_km": 1.16 }, "geometry": { "type": "LineString", "coordinates": [ [ -64.5604, -40.7096 ], [ -64.5651, -40.6999 ] ] } },
{ "type": "Feature", "properties": { "nombre": "Camino sin nombre", "longitud_km": 19.84 }, "geometry": { "type": "LineString", "coordinates": [ [ -64.5524, -40.7096 ], [ -64.5356, -40.7401 ], [ -64.5372, -40.8149 ], [ -64.5626, -40.8162 ], [ -64.5821, -40.8275 ], [ -64.5948, -40.8285 ], [ -64.5953, -40.8517 ] ] } },
{ "type": "Feature", "properties": { "nombre": "Camino sin nombre", "longitud_km": 30.67 }, "geometry": { "type": "LineString", "coordinates": [ [ -68.5649, -40.5217 ], [ -68.5993, -40.576 ], [ -68.6022, -40.6161 ], [ -68.6087, -40.6362 ], [ -68.6378, -40.6567 ], [ -68.6259, -40.6806 ], [ -68.6536, -40.7295 ], [ -68.671, -40.7734 ] ] } },
{ "type": "Feature", "properties": { "nombre": "Camino sin nombre", "longitud_km": 1.66 }, "geometry": { "type": "LineString", "coordinates": [ [ -63.2064, -40.7428 ], [ -63.2056, -40.7371 ], [ -63.1957, -40.7318 ] ] } },
{ "type": "Feature", "properties": { "nombre": "Camino sin nombre", "longitud_km": 2.45 }, "geometry": { "type": "LineString", "coordinates": [ [ -63.2274, -40.758 ], [ -63.2064, -40.7428 ] ] } },
{ "type": "Feature", "properties": { "nombre": "Camino sin nombre", "longitud_km": 2.3 }, "geometry": { "type": "LineString", "coordinates": [ [ -63.2464, -40.7433 ], [ -63.2274, -40.758 ] ] } },
{ "type": "Feature", "properties": { "nombre": "Camino sin nombre", "longitud_km": 1.28 }, "geometry": { "type": "LineString", "coordinates": [ [ -63.2983, -40.761 ], [ -63.2937, -40.75 ] ] } },
{ "type": "Feature", "properties": { "nombre": "Camino sin nombre", "longitud_km": 1.78 }, "geometry": { "type": "LineString", "coordinates": [ [ -63.1655, -40.7617 ], [ -63.151, -40.7501 ] ] } },
{ "type": "Feature", "properties": { "nombre": "Camino sin nombre", "longitud_km": 1.93 }, "geometry": { "type": "LineString", "coordinates": [ [ -63.1859, -40.7537 ], [ -63.1655, -40.7617 ] ] } },
{ "type": "Feature", "properties": { "nombre": "Camino sin nombre", "longitud_km": 18.39 }, "geometry": { "type": "LineString", "coordinates": [ [ -63.5284, -40.8484 ], [ -63.4124, -40.7605 ], [ -63.4036, -40.7657 ], [ -63.3815, -40.7483 ], [ -63.3779, -40.7403 ] ] } },
{ "type": "Feature", "properties": { "nombre": "Camino sin nombre", "longitud_km": 0.65 }, "geometry": { "type": "LineString", "coordinates": [ [ -63.1243, -40.7706 ], [ -63.1191, -40.7663 ] ] } },
{ "type": "Feature", "properties": { "nombre": "Camino sin nombre", "longitud_km": 3.98 }, "geometry": { "type": "LineString", "coordinates": [ [ -63.3591, -40.7634 ], [ -63.3505, -40.7689 ], [ -63.3364, -40.7644 ], [ -63.3176, -40.7709 ] ] } },
{ "type": "Feature", "properties": { "nombre": "Camino sin nombre", "longitud_km": 0.84 }, "geometry": { "type": "LineString", "coordinates": [ [ -63.2839, -40.7714 ], [ -63.2765, -40.7663 ] ] } },
{ "type": "Feature", "properties": { "nombre": "Camino sin nombre", "longitud_km": 10.88 }, "geometry": { "type": "LineString", "coordinates": [ [ -64.9953, -40.7382 ], [ -64.95, -40.7351 ], [ -64.9469, -40.7398 ], [ -64.9625, -40.7452 ], [ -64.9623, -40.7495 ], [ -64.9092, -40.7561 ] ] } },
{ "type": "Feature", "properties": { "nombre": "Camino sin nombre", "longitud_km": 3.0 }, "geometry": { "type": "LineString", "coordinates": [ [ -63.3176, -40.7709 ], [ -63.2997, -40.7754 ], [ -63.2839, -40.7714 ] ] } },
{ "type": "Feature", "properties": { "nombre": "Camino sin nombre", "longitud_km": 3.05 }, "geometry": { "type": "LineString", "coordinates": [ [ -64.7194, -40.7625 ], [ -64.7553, -40.766 ] ] } },
{ "type": "Feature", "properties": { "nombre": "Camino sin nombre", "longitud_km": 2.95 }, "geometry": { "type": "LineString", "coordinates": [ [ -63.2274, -40.758 ], [ -63.2181, -40.7653 ], [ -63.2334, -40.7769 ] ] } },
{ "type": "Feature", "properties": { "nombre": "Camino sin nombre", "longitud_km": 11.93 }, "geometry": { "type": "LineString", "coordinates": [ [ -64.6687, -40.7104 ], [ -64.672, -40.7173 ], [ -64.6659, -40.7223 ], [ -64.657, -40.7674 ], [ -64.7194, -40.7625 ] ] } },
{ "type": "Feature", "properties": { "nombre": "Camino sin nombre", "longitud_km": 1.99 }, "geometry": { "type": "LineString", "coordinates": [ [ -63.1432, -40.7812 ], [ -63.1243, -40.7706 ] ] } },
{ "type": "Feature", "properties": { "nombre": "Camino sin nombre", "longitud_km": 2.15 }, "geometry": { "type": "LineString", "coordinates": [ [ -63.1062, -40.786 ], [ -63.0913, -40.7702 ] ] } },
{ "type": "Feature", "properties": { "nombre": "Camino sin nombre", "longitud_km": 2.29 }, "geometry": { "type": "LineString", "coordinates": [ [ -63.1243, -40.7706 ], [ -63.1062, -40.786 ] ] } },
{ "type": "Feature", "properties": { "nombre": "Camino sin nombre", "longitud_km": 3.79 }, "geometry": { "type": "LineString", "coordinates": [ [ -63.1973, -40.7857 ], [ -63.1655, -40.7617 ] ] } },
{ "type": "Feature", "properties": { "nombre": "Camino sin nombre", "longitud_km": 1.02 }, "geometry": { "type": "LineString", "coordinates": [ [ -63.042, -40.8452 ], [ -63.0335, -40.8517 ] ] } },
{ "type": "Feature", "properties": { "nombre": "Camino sin nombre", "longitud_km": 7.84 }, "geometry": { "type": "LineString", "coordinates": [ [ -63.4015, -40.7924 ], [ -63.3823, -40.7908 ], [ -63.3794, -40.7795 ], [ -63.321, -40.7792 ] ] } },
{ "type": "Feature", "properties": { "nombre": "Camino sin nombre", "longitud_km": 5.05 }, "geometry": { "type": "LineString", "coordinates": [ [ -63.1655, -40.7617 ], [ -63.1521, -40.7714 ], [ -63.1462, -40.7709 ], [ -63.1526, -40.7758 ], [ -63.1589, -40.7951 ] ] } },
{ "type": "Feature", "properties": { "nombre": "Camino sin nombre", "longitud_km": 1.37 }, "geometry": { "type": "LineString", "coordinates": [ [ -63.2358, -40.7998 ], [ -63.2289, -40.8006 ], [ -63.2248, -40.7942 ] ] } },
{ "type": "Feature", "properties": { "nombre": "Camino sin nombre", "longitud_km": 2.52 }, "geometry": { "type": "LineString", "coordinates": [ [ -63.1255, -40.8033 ], [ -63.1062, -40.786 ] ] } },
{ "type": "Feature", "properties": { "nombre": "Camino sin nombre", "longitud_km": 1.86 }, "geometry": { "type": "LineString", "coordinates": [ [ -63.4176, -40.8038 ], [ -63.4015, -40.7924 ] ] } },
{ "type": "Feature", "properties": { "nombre": "Camino sin nombre", "longitud_km": 13.66 }, "geometry": { "type": "LineString", "coordinates": [ [ -68.1894, -40.6694 ], [ -68.1841, -40.6773 ], [ -68.1544, -40.6915 ], [ -68.1531, -40.712 ], [ -68.1317, -40.7334 ], [ -68.0907, -40.7586 ] ] } },
{ "type": "Feature", "properties": { "nombre": "Camino sin nombre", "longitud_km": 3.22 }, "geometry": { "type": "LineString", "coordinates": [ [ -63.1976, -40.7857 ], [ -63.206, -40.8055 ], [ -63.2016, -40.8058 ], [ -63.2015, -40.8106 ] ] } },
{ "type": "Feature", "properties": { "nombre": "Camino sin nombre", "longitud_km": 2.65 }, "geometry": { "type": "LineString", "coordinates": [ [ -69.4372, -40.6235 ], [ -69.4679, -40.6282 ] ] } },
{ "type": "Feature", "properties": { "nombre": "Camino sin nombre", "longitud_km": 5.74 }, "geometry": { "type": "LineString", "coordinates": [ [ -65.3315, -41.1848 ], [ -65.3375, -41.2363 ] ] } },
{ "type": "Feature", "properties": { "nombre": "Camino sin nombre", "longitud_km": 11.02 }, "geometry": { "type": "LineString", "coordinates": [ [ -63.5284, -40.8484 ], [ -63.6567, -40.8297 ] ] } },
{ "type": "Feature", "properties": { "nombre": "Camino sin nombre", "longitud_km": 2.8 }, "geometry": { "type": "LineString", "coordinates": [ [ -63.1308, -40.8428 ], [ -63.11, -40.8232 ] ] } },
{ "type": "Feature", "properties": { "nombre": "Camino sin nombre", "longitud_km": 32.53 }, "geometry": { "type": "LineString", "coordinates": [ [ -69.4679, -40.6282 ], [ -69.4607, -40.6347 ], [ -69.4424, -40.6338 ], [ -69.4284, -40.6257 ], [ -69.4146, -40.6282 ], [ -69.3839, -40.6211 ], [ -69.3758, -40.6261 ], [ -69.3405, -40.616 ], [ -69.3288, -40.6207 ], [ -69.3124, -40.6411 ], [ -69.2939, -40.6482 ], [ -69.2744, -40.6471 ], [ -69.2493, -40.6579 ], [ -69.1682, -40.6782 ], [ -69.1313, -40.6967 ] ] } },
{ "type": "Feature", "properties": { "nombre": "Camino sin nombre", "longitud_km": 0.97 }, "geometry": { "type": "LineString", "coordinates": [ [ -63.048, -40.8171 ], [ -63.0439, -40.8089 ] ] } },
{ "type": "Feature", "properties": { "nombre": "Camino sin nombre", "longitud_km": 3.22 }, "geometry": { "type": "LineString", "coordinates": [ [ -63.189, -40.8183 ], [ -63.1773, -40.7907 ] ] } },
{ "type": "Feature", "properties": { "nombre": "Camino sin nombre", "longitud_km": 1.18 }, "geometry": { "type": "LineString", "coordinates": [ [ -63.0134, -40.823 ], [ -63.0004, -40.8268 ] ] } },
{ "type": "Feature", "properties": { "nombre": "Camino sin nombre", "longitud_km": 6.12 }, "geometry": { "type": "LineString", "coordinates": [ [ -65.7381, -41.3006 ], [ -65.6663, -41.311 ] ] } },
{ "type": "Feature", "properties": { "nombre": "Camino sin nombre", "longitud_km": 3.64 }, "geometry": { "type": "LineString", "coordinates": [ [ -63.1432, -40.799 ], [ -63.1452, -40.804 ], [ -63.1383, -40.8107 ], [ -63.1598, -40.8204 ] ] } },
{ "type": "Feature", "properties": { "nombre": "Camino sin nombre", "longitud_km": 3.56 }, "geometry": { "type": "LineString", "coordinates": [ [ -63.1705, -40.7923 ], [ -63.1744, -40.8056 ], [ -63.1598, -40.8204 ] ] } },
{ "type": "Feature", "properties": { "nombre": "Camino sin nombre", "longitud_km": 0.76 }, "geometry": { "type": "LineString", "coordinates": [ [ -63.054, -40.8222 ], [ -63.048, -40.8171 ] ] } },
{ "type": "Feature", "properties": { "nombre": "Camino sin nombre", "longitud_km": 1.71 }, "geometry": { "type": "LineString", "coordinates": [ [ -63.11, -40.8232 ], [ -63.1016, -40.8091 ] ] } },
{ "type": "Feature", "properties": { "nombre": "Camino sin nombre", "longitud_km": 0.39 }, "geometry": { "type": "LineString", "coordinates": [ [ -63.013, -40.8231 ], [ -63.0162, -40.8257 ] ] } },
{ "type": "Feature", "properties": { "nombre": "Camino sin nombre", "longitud_km": 5.24 }, "geometry": { "type": "LineString", "coordinates": [ [ -67.8792, -40.7233 ], [ -67.8173, -40.7255 ] ] } },
{ "type": "Feature", "properties": { "nombre": "Camino sin nombre", "longitud_km": 0.72 }, "geometry": { "type": "LineString", "coordinates": [ [ -62.9928, -40.8297 ], [ -63.0004, -40.8268 ] ] } },
{ "type": "Feature", "properties": { "nombre": "Camino sin nombre", "longitud_km": 14.73 }, "geometry": { "type": "LineString", "coordinates": [ [ -67.9743, -40.6654 ], [ -67.994, -40.7029 ], [ -68.0907, -40.7586 ] ] } },
{ "type": "Feature", "properties": { "nombre": "Camino sin nombre", "longitud_km": 0.99 }, "geometry": { "type": "LineString", "coordinates": [ [ -62.9814, -40.8318 ], [ -62.9928, -40.8297 ] ] } },
{ "type": "Feature", "properties": { "nombre": "Camino sin nombre", "longitud_km": 0.85 }, "geometry": { "type": "LineString", "coordinates": [ [ -63.0078, -40.8321 ], [ -63.0004, -40.8268 ] ] } },
{ "type": "Feature", "properties": { "nombre": "Camino sin nombre", "longitud_km": 0.99 }, "geometry": { "type": "LineString", "coordinates": [ [ -63.0162, -40.8257 ], [ -63.0079, -40.832 ] ] } },
{ "type": "Feature", "properties": { "nombre": "Camino sin nombre", "longitud_km": 1.03 }, "geometry": { "type": "LineString", "coordinates": [ [ -63.0162, -40.8257 ], [ -63.0249, -40.8322 ] ] } },
{ "type": "Feature", "properties": { "nombre": "Camino sin nombre", "longitud_km": 27.59 }, "geometry": { "type": "LineString", "coordinates": [ [ -65.316, -40.9736 ], [ -65.282, -40.8952 ], [ -65.2686, -40.8298 ], [ -65.2584, -40.8124 ], [ -65.2293, -40.8002 ], [ -65.2172, -40.7701 ], [ -65.1928, -40.7551 ] ] } },
{ "type": "Feature", "properties": { "nombre": "Camino sin nombre", "longitud_km": 0.87 }, "geometry": { "type": "LineString", "coordinates": [ [ -63.0079, -40.832 ], [ -63.0008, -40.8377 ] ] } },
{ "type": "Feature", "properties": { "nombre": "Camino sin nombre", "longitud_km": 1.02 }, "geometry": { "type": "LineString", "coordinates": [ [ -63.0163, -40.8387 ], [ -63.0249, -40.8322 ] ] } },
{ "type": "Feature", "properties": { "nombre": "Camino sin nombre", "longitud_km": 5.04 }, "geometry": { "type": "LineString", "coordinates": [ [ -63.1598, -40.8204 ], [ -63.1699, -40.8255 ], [ -63.1634, -40.824 ], [ -63.1308, -40.8428 ] ] } },
{ "type": "Feature", "properties": { "nombre": "Camino sin nombre", "longitud_km": 3.59 }, "geometry": { "type": "LineString", "coordinates": [ [ -63.0862, -40.8433 ], [ -63.054, -40.8222 ] ] } },
{ "type": "Feature", "properties": { "nombre": "Camino sin nombre", "longitud_km": 3.0 }, "geometry": { "type": "LineString", "coordinates": [ [ -63.11, -40.8232 ], [ -63.0862, -40.8433 ] ] } },
{ "type": "Feature", "properties": { "nombre": "Camino sin nombre", "longitud_km": 15.11 }, "geometry": { "type": "LineString", "coordinates": [ [ -63.3499, -40.8364 ], [ -63.5284, -40.8484 ] ] } },
{ "type": "Feature", "properties": { "nombre": "Camino sin nombre", "longitud_km": 2.04 }, "geometry": { "type": "LineString", "coordinates": [ [ -63.0249, -40.8322 ], [ -63.042, -40.8452 ] ] } },
{ "type": "Feature", "properties": { "nombre": "Camino sin nombre", "longitud_km": 1.66 }, "geometry": { "type": "LineString", "coordinates": [ [ -66.6517, -40.9244 ], [ -66.6372, -40.9345 ] ] } },
{ "type": "Feature", "properties": { "nombre": "Camino sin nombre", "longitud_km": 21.85 }, "geometry": { "type": "LineString", "coordinates": [ [ -64.2442, -40.7065 ], [ -64.2439, -40.813 ], [ -64.2545, -40.827 ], [ -64.2591, -40.8607 ], [ -64.2707, -40.8725 ], [ -64.2665, -40.8979 ] ] } },
{ "type": "Feature", "properties": { "nombre": "Camino sin nombre", "longitud_km": 2.0 }, "geometry": { "type": "LineString", "coordinates": [ [ -62.9995, -40.8514 ], [ -63.0163, -40.8387 ] ] } },
{ "type": "Feature", "properties": { "nombre": "Camino sin nombre", "longitud_km": 4.27 }, "geometry": { "type": "LineString", "coordinates": [ [ -63.1308, -40.8428 ], [ -63.0997, -40.8516 ], [ -63.0862, -40.8433 ] ] } },
{ "type": "Feature", "properties": { "nombre": "Camino sin nombre", "longitud_km": 2.04 }, "geometry": { "type": "LineString", "coordinates": [ [ -63.0335, -40.8517 ], [ -63.0163, -40.8387 ] ] } },
{ "type": "Feature", "properties": { "nombre": "Camino sin nombre", "longitud_km": 1.55 }, "geometry": { "type": "LineString", "coordinates": [ [ -63.0335, -40.8517 ], [ -63.0205, -40.8617 ] ] } },
{ "type": "Feature", "properties": { "nombre": "Camino sin nombre", "longitud_km": 0.44 }, "geometry": { "type": "LineString", "coordinates": [ [ -63.0205, -40.8617 ], [ -63.0168, -40.8645 ] ] } },
{ "type": "Feature", "properties": { "nombre": "Camino sin nombre", "longitud_km": 1.72 }, "geometry": { "type": "LineString", "coordinates": [ [ -68.7161, -40.8079 ], [ -68.7021, -40.8192 ] ] } },
{ "type": "Feature", "properties": { "nombre": "Camino sin nombre", "longitud_km": 3.11 }, "geometry": { "type": "LineString", "coordinates": [ [ -68.1218, -40.8439 ], [ -68.1343, -40.85 ], [ -68.1559, -40.8466 ] ] } },
{ "type": "Feature", "properties": { "nombre": "Camino sin nombre", "longitud_km": 16.53 }, "geometry": { "type": "LineString", "coordinates": [ [ -67.9145, -40.7375 ], [ -67.8604, -40.7663 ], [ -67.939, -40.7858 ], [ -67.9852, -40.7786 ] ] } },
{ "type": "Feature", "properties": { "nombre": "Camino sin nombre", "longitud_km": 45.86 }, "geometry": { "type": "LineString", "coordinates": [ [ -68.7021, -40.8192 ], [ -68.7119, -40.8176 ], [ -68.7215, -40.8262 ], [ -68.7345, -40.8267 ], [ -68.76, -40.8211 ], [ -68.839, -40.8206 ], [ -68.8627, -40.8314 ], [ -68.8695, -40.8138 ], [ -68.8999, -40.7817 ], [ -68.9574, -40.7505 ], [ -68.9955, -40.716 ], [ -69.0125, -40.709 ], [ -69.0414, -40.6782 ], [ -69.0477, -40.675 ], [ -69.0833, -40.6959 ], [ -69.0967, -40.6907 ], [ -69.1064, -40.6695 ] ] } },
{ "type": "Feature", "properties": { "nombre": "Camino sin nombre", "longitud_km": 6.85 }, "geometry": { "type": "LineString", "coordinates": [ [ -68.0844, -40.8186 ], [ -68.0967, -40.7836 ], [ -68.0907, -40.7586 ] ] } },
{ "type": "Feature", "properties": { "nombre": "Camino sin nombre", "longitud_km": 2.11 }, "geometry": { "type": "LineString", "coordinates": [ [ -63.0205, -40.8617 ], [ -63.0341, -40.8776 ] ] } },
{ "type": "Feature", "properties": { "nombre": "Camino sin nombre", "longitud_km": 2.86 }, "geometry": { "type": "LineString", "coordinates": [ [ -65.6653, -41.2944 ], [ -65.6465, -41.3159 ] ] } },
{ "type": "Feature", "properties": { "nombre": "Camino sin nombre", "longitud_km": 5.06 }, "geometry": { "type": "LineString", "coordinates": [ [ -63.042, -40.8452 ], [ -63.0592, -40.8584 ], [ -63.0345, -40.878 ] ] } },
{ "type": "Feature", "properties": { "nombre": "Camino sin nombre", "longitud_km": 13.87 }, "geometry": { "type": "LineString", "coordinates": [ [ -64.4752, -40.7646 ], [ -64.4425, -40.7962 ], [ -64.4366, -40.8362 ], [ -64.4364, -40.8806 ] ] } },
{ "type": "Feature", "properties": { "nombre": "Camino sin nombre", "longitud_km": 26.45 }, "geometry": { "type": "LineString", "coordinates": [ [ -63.1322, -41.154 ], [ -63.1324, -41.0962 ], [ -63.1456, -41.0956 ], [ -63.1461, -41.0653 ], [ -63.1524, -41.065 ], [ -63.1937, -41.0281 ], [ -63.1431, -40.95 ] ] } },
{ "type": "Feature", "properties": { "nombre": "Camino sin nombre", "longitud_km": 8.88 }, "geometry": { "type": "LineString", "coordinates": [ [ -65.365, -41.1607 ], [ -65.3625, -41.1876 ], [ -65.3376, -41.2372 ] ] } },
{ "type": "Feature", "properties": { "nombre": "Camino sin nombre", "longitud_km": 27.66 }, "geometry": { "type": "LineString", "coordinates": [ [ -67.0335, -40.9219 ], [ -67.014, -40.8923 ], [ -67.0242, -40.8109 ], [ -67.0564, -40.776 ], [ -67.0623, -40.7616 ], [ -67.0787, -40.7628 ], [ -67.0845, -40.755 ], [ -67.1108, -40.7485 ], [ -67.1476, -40.7292 ] ] } },
{ "type": "Feature", "properties": { "nombre": "Camino sin nombre", "longitud_km": 21.57 }, "geometry": { "type": "LineString", "coordinates": [ [ -63.5572, -41.0346 ], [ -63.559, -41.022 ], [ -63.5533, -41.0084 ], [ -63.5645, -40.9803 ], [ -63.552, -40.9511 ], [ -63.5415, -40.8935 ], [ -63.5333, -40.8737 ], [ -63.5368, -40.8543 ], [ -63.5284, -40.8484 ] ] } },
{ "type": "Feature", "properties": { "nombre": "Camino sin nombre", "longitud_km": 9.05 }, "geometry": { "type": "LineString", "coordinates": [ [ -64.2665, -40.8979 ], [ -64.2619, -40.9146 ], [ -64.2679, -40.9189 ], [ -64.3426, -40.9321 ] ] } },
{ "type": "Feature", "properties": { "nombre": "Camino sin nombre", "longitud_km": 13.21 }, "geometry": { "type": "LineString", "coordinates": [ [ -62.9562, -40.9803 ], [ -62.9989, -40.9554 ], [ -63.0211, -40.9148 ], [ -63.0444, -40.8856 ] ] } },
{ "type": "Feature", "properties": { "nombre": "Camino sin nombre", "longitud_km": 41.0 }, "geometry": { "type": "LineString", "coordinates": [ [ -68.3787, -41.0627 ], [ -68.3876, -41.0248 ], [ -68.4033, -41.0132 ], [ -68.4444, -40.9996 ], [ -68.4508, -40.9854 ], [ -68.4648, -40.9802 ], [ -68.5198, -40.9084 ], [ -68.553, -40.8848 ], [ -68.5722, -40.8636 ], [ -68.5947, -40.8577 ], [ -68.6133, -40.8439 ], [ -68.6506, -40.8297 ], [ -68.7021, -40.8192 ] ] } },
{ "type": "Feature", "properties": { "nombre": "Camino sin nombre", "longitud_km": 62.17 }, "geometry": { "type": "LineString", "coordinates": [ [ -66.2796, -41.1318 ], [ -66.3385, -41.1591 ], [ -66.3405, -41.1728 ], [ -66.3497, -41.1812 ], [ -66.3468, -41.2024 ], [ -66.3376, -41.2152 ], [ -66.295, -41.2273 ], [ -66.2876, -41.2144 ], [ -66.2714, -41.2095 ], [ -66.2666, -41.2159 ], [ -66.2434, -41.2175 ], [ -66.1744, -41.2149 ], [ -66.1603, -41.2071 ], [ -66.1302, -41.2106 ], [ -66.1091, -41.1913 ], [ -66.0579, -41.1753 ], [ -66.0598, -41.165 ], [ -66.0383, -41.1266 ], [ -66.0349, -41.103 ], [ -66.0156, -41.0719 ], [ -65.9885, -41.0406 ], [ -65.9692, -41.0296 ], [ -65.9214, -41.0141 ] ] } },
{ "type": "Feature", "properties": { "nombre": "Camino sin nombre", "longitud_km": 5.71 }, "geometry": { "type": "LineString", "coordinates": [ [ -65.9214, -41.0141 ], [ -65.8618, -40.9896 ] ] } },
{ "type": "Feature", "properties": { "nombre": "Camino sin nombre", "longitud_km": 3.27 }, "geometry": { "type": "LineString", "coordinates": [ [ -65.3644, -41.1526 ], [ -65.3269, -41.1446 ] ] } },
{ "type": "Feature", "properties": { "nombre": "Camino sin nombre", "longitud_km": 1.36 }, "geometry": { "type": "LineString", "coordinates": [ [ -65.3744, -41.6624 ], [ -65.3621, -41.6704 ] ] } },
{ "type": "Feature", "properties": { "nombre": "Camino sin nombre", "longitud_km": 9.31 }, "geometry": { "type": "LineString", "coordinates": [ [ -67.8029, -40.9643 ], [ -67.7758, -40.9415 ], [ -67.7151, -40.9151 ] ] } },
{ "type": "Feature", "properties": { "nombre": "Camino sin nombre", "longitud_km": 4.14 }, "geometry": { "type": "LineString", "coordinates": [ [ -65.316, -40.9736 ], [ -65.2962, -40.9857 ], [ -65.2838, -41.0011 ] ] } },
{ "type": "Feature", "properties": { "nombre": "Camino sin nombre", "longitud_km": 13.39 }, "geometry": { "type": "LineString", "coordinates": [ [ -68.0347, -40.9597 ], [ -68.0374, -40.9513 ], [ -68.0497, -40.9448 ], [ -68.0459, -40.9226 ], [ -68.0506, -40.9026 ], [ -68.0965, -40.8565 ] ] } },
{ "type": "Feature", "properties": { "nombre": "Camino sin nombre", "longitud_km": 20.4 }, "geometry": { "type": "LineString", "coordinates": [ [ -65.3644, -41.1526 ], [ -65.355, -41.0717 ], [ -65.316, -40.9736 ] ] } },
{ "type": "Feature", "properties": { "nombre": "Camino sin nombre", "longitud_km": 1.7 }, "geometry": { "type": "LineString", "coordinates": [ [ -65.3843, -41.1566 ], [ -65.3651, -41.1614 ] ] } },
{ "type": "Feature", "properties": { "nombre": "Camino sin nombre", "longitud_km": 2.12 }, "geometry": { "type": "LineString", "coordinates": [ [ -65.6663, -41.311 ], [ -65.6678, -41.33 ] ] } },
{ "type": "Feature", "properties": { "nombre": "Camino sin nombre", "longitud_km": 13.95 }, "geometry": { "type": "LineString", "coordinates": [ [ -68.5582, -41.026 ], [ -68.5464, -41.0285 ], [ -68.5285, -41.0493 ], [ -68.5042, -41.0656 ], [ -68.4831, -41.0723 ], [ -68.4653, -41.0902 ], [ -68.4456, -41.0925 ], [ -68.4304, -41.0888 ] ] } },
{ "type": "Feature", "properties": { "nombre": "Camino sin nombre", "longitud_km": 35.3 }, "geometry": { "type": "LineString", "coordinates": [ [ -68.0347, -40.9597 ], [ -68.0289, -40.9773 ], [ -68.0147, -40.986 ], [ -68.0167, -41.0162 ], [ -67.9893, -41.0425 ], [ -67.9885, -41.0645 ], [ -67.973, -41.0799 ], [ -67.9898, -41.0979 ], [ -68.0046, -41.1246 ], [ -67.9898, -41.1845 ], [ -67.9859, -41.1922 ], [ -67.964, -41.2061 ], [ -67.9184, -41.2243 ] ] } },
{ "type": "Feature", "properties": { "nombre": "Camino sin nombre", "longitud_km": 13.55 }, "geometry": { "type": "LineString", "coordinates": [ [ -65.3924, -41.0669 ], [ -65.4779, -41.0911 ], [ -65.4977, -41.09 ], [ -65.5013, -41.0927 ], [ -65.5049, -41.1266 ] ] } },
{ "type": "Feature", "properties": { "nombre": "Camino sin nombre", "longitud_km": 5.35 }, "geometry": { "type": "LineString", "coordinates": [ [ -67.454, -41.0709 ], [ -67.425, -41.0629 ], [ -67.3928, -41.0674 ] ] } },
{ "type": "Feature", "properties": { "nombre": "Camino sin nombre", "longitud_km": 16.35 }, "geometry": { "type": "LineString", "coordinates": [ [ -65.2838, -41.0011 ], [ -65.3269, -41.1446 ] ] } },
{ "type": "Feature", "properties": { "nombre": "Camino sin nombre", "longitud_km": 2.13 }, "geometry": { "type": "LineString", "coordinates": [ [ -65.5049, -41.1266 ], [ -65.5068, -41.1457 ] ] } },
{ "type": "Feature", "properties": { "nombre": "Camino sin nombre", "longitud_km": 25.21 }, "geometry": { "type": "LineString", "coordinates": [ [ -67.6339, -41.0431 ], [ -67.6503, -41.0538 ], [ -67.6564, -41.0857 ], [ -67.7967, -41.1185 ], [ -67.8241, -41.1124 ], [ -67.8789, -41.1315 ] ] } },
{ "type": "Feature", "properties": { "nombre": "Camino sin nombre", "longitud_km": 1.91 }, "geometry": { "type": "LineString", "coordinates": [ [ -65.3853, -41.146 ], [ -65.3644, -41.1526 ] ] } },
{ "type": "Feature", "properties": { "nombre": "Camino sin nombre", "longitud_km": 5.91 }, "geometry": { "type": "LineString", "coordinates": [ [ -65.9214, -41.0141 ], [ -65.962, -40.9834 ], [ -65.9656, -40.9741 ] ] } },
{ "type": "Feature", "properties": { "nombre": "Camino sin nombre", "longitud_km": 6.12 }, "geometry": { "type": "LineString", "coordinates": [ [ -67.9782, -40.9275 ], [ -68.0115, -40.9421 ], [ -68.0136, -40.9481 ], [ -68.0347, -40.9597 ] ] } },
{ "type": "Feature", "properties": { "nombre": "Camino sin nombre", "longitud_km": 13.05 }, "geometry": { "type": "LineString", "coordinates": [ [ -65.2838, -41.0011 ], [ -65.2567, -41.0377 ], [ -65.2467, -41.0366 ], [ -65.2199, -41.0498 ], [ -65.1955, -41.0512 ], [ -65.1685, -41.0658 ] ] } },
{ "type": "Feature", "properties": { "nombre": "Camino sin nombre", "longitud_km": 0.9 }, "geometry": { "type": "LineString", "coordinates": [ [ -65.3644, -41.1526 ], [ -65.365, -41.1607 ] ] } },
{ "type": "Feature", "properties": { "nombre": "Camino sin nombre", "longitud_km": 4.47 }, "geometry": { "type": "LineString", "coordinates": [ [ -65.3269, -41.1446 ], [ -65.3315, -41.1848 ] ] } },
{ "type": "Feature", "properties": { "nombre": "Camino sin nombre", "longitud_km": 13.2 }, "geometry": { "type": "LineString", "coordinates": [ [ -65.6397, -41.3985 ], [ -65.5938, -41.3532 ], [ -65.577, -41.3312 ], [ -65.5773, -41.3224 ], [ -65.5428, -41.313 ] ] } },
{ "type": "Feature", "properties": { "nombre": "Camino sin nombre", "longitud_km": 20.07 }, "geometry": { "type": "LineString", "coordinates": [ [ -65.9192, -41.1251 ], [ -65.9037, -41.131 ], [ -65.8872, -41.1474 ], [ -65.8346, -41.1521 ], [ -65.818, -41.1478 ], [ -65.7579, -41.1516 ], [ -65.7253, -41.1361 ], [ -65.7008, -41.1316 ] ] } },
{ "type": "Feature", "properties": { "nombre": "Camino sin nombre", "longitud_km": 27.9 }, "geometry": { "type": "LineString", "coordinates": [ [ -65.5049, -41.1266 ], [ -65.5957, -41.1103 ], [ -65.638, -41.175 ], [ -65.6647, -41.1897 ], [ -65.6743, -41.2055 ], [ -65.681, -41.2374 ], [ -65.6895, -41.243 ], [ -65.707, -41.2414 ], [ -65.7217, -41.2463 ] ] } },
{ "type": "Feature", "properties": { "nombre": "Camino sin nombre", "longitud_km": 14.23 }, "geometry": { "type": "LineString", "coordinates": [ [ -69.3293, -41.0435 ], [ -69.3088, -41.0598 ], [ -69.3031, -41.0778 ], [ -69.2876, -41.1019 ], [ -69.2574, -41.1335 ], [ -69.2495, -41.1539 ] ] } },
{ "type": "Feature", "properties": { "nombre": "Camino sin nombre", "longitud_km": 15.55 }, "geometry": { "type": "LineString", "coordinates": [ [ -68.7075, -41.2522 ], [ -68.7199, -41.2356 ], [ -68.7213, -41.2263 ], [ -68.7146, -41.2202 ], [ -68.7253, -41.2079 ], [ -68.735, -41.1704 ], [ -68.7553, -41.1493 ], [ -68.7602, -41.1249 ] ] } },
{ "type": "Feature", "properties": { "nombre": "Camino sin nombre", "longitud_km": 6.04 }, "geometry": { "type": "LineString", "coordinates": [ [ -69.3212, -41.1589 ], [ -69.2495, -41.1539 ] ] } },
{ "type": "Feature", "properties": { "nombre": "Camino sin nombre", "longitud_km": 5.05 }, "geometry": { "type": "LineString", "coordinates": [ [ -65.3376, -41.2372 ], [ -65.3157, -41.2795 ] ] } },
{ "type": "Feature", "properties": { "nombre": "Camino sin nombre", "longitud_km": 0.72 }, "geometry": { "type": "LineString", "coordinates": [ [ -65.312, -41.2854 ], [ -65.3054, -41.2812 ] ] } },
{ "type": "Feature", "properties": { "nombre": "Camino sin nombre", "longitud_km": 0.73 }, "geometry": { "type": "LineString", "coordinates": [ [ -65.3152, -41.2794 ], [ -65.312, -41.2854 ] ] } },
{ "type": "Feature", "properties": { "nombre": "Camino sin nombre", "longitud_km": 3.14 }, "geometry": { "type": "LineString", "coordinates": [ [ -65.3448, -41.2967 ], [ -65.3152, -41.2794 ] ] } },
{ "type": "Feature", "properties": { "nombre": "Camino sin nombre", "longitud_km": 6.73 }, "geometry": { "type": "LineString", "coordinates": [ [ -65.3375, -41.2363 ], [ -65.3448, -41.2967 ] ] } },
{ "type": "Feature", "properties": { "nombre": "Camino sin nombre", "longitud_km": 20.44 }, "geometry": { "type": "LineString", "coordinates": [ [ -65.876, -41.3847 ], [ -65.8789, -41.3454 ], [ -65.8674, -41.3425 ], [ -65.8605, -41.3209 ], [ -65.8523, -41.3183 ], [ -65.8219, -41.291 ], [ -65.742, -41.2535 ] ] } },
{ "type": "Feature", "properties": { "nombre": "Camino sin nombre", "longitud_km": 7.18 }, "geometry": { "type": "LineString", "coordinates": [ [ -69.2495, -41.1539 ], [ -69.1865, -41.1294 ], [ -69.172, -41.1278 ] ] } },
{ "type": "Feature", "properties": { "nombre": "Camino sin nombre", "longitud_km": 4.44 }, "geometry": { "type": "LineString", "coordinates": [ [ -65.742, -41.2535 ], [ -65.7387, -41.2617 ], [ -65.7436, -41.2763 ], [ -65.7388, -41.2922 ] ] } },
{ "type": "Feature", "properties": { "nombre": "Camino sin nombre", "longitud_km": 2.29 }, "geometry": { "type": "LineString", "coordinates": [ [ -65.371, -41.3028 ], [ -65.3448, -41.2967 ] ] } },
{ "type": "Feature", "properties": { "nombre": "Camino sin nombre", "longitud_km": 7.72 }, "geometry": { "type": "LineString", "coordinates": [ [ -65.312, -41.2854 ], [ -65.2957, -41.3163 ], [ -65.2861, -41.3217 ], [ -65.2889, -41.3297 ], [ -65.2799, -41.3474 ] ] } },
{ "type": "Feature", "properties": { "nombre": "Camino sin nombre", "longitud_km": 1.3 }, "geometry": { "type": "LineString", "coordinates": [ [ -65.6524, -41.3139 ], [ -65.656, -41.3253 ] ] } },
{ "type": "Feature", "properties": { "nombre": "Camino sin nombre", "longitud_km": 3.15 }, "geometry": { "type": "LineString", "coordinates": [ [ -66.0928, -41.4408 ], [ -66.0941, -41.4523 ], [ -66.0833, -41.467 ] ] } },
{ "type": "Feature", "properties": { "nombre": "Camino sin nombre", "longitud_km": 2.99 }, "geometry": { "type": "LineString", "coordinates": [ [ -69.568, -41.3244 ], [ -69.5868, -41.3248 ], [ -69.5955, -41.3139 ] ] } },
{ "type": "Feature", "properties": { "nombre": "Camino sin nombre", "longitud_km": 6.88 }, "geometry": { "type": "LineString", "coordinates": [ [ -65.4489, -41.3423 ], [ -65.3685, -41.3297 ] ] } },
{ "type": "Feature", "properties": { "nombre": "Camino sin nombre", "longitud_km": 8.71 }, "geometry": { "type": "LineString", "coordinates": [ [ -65.656, -41.3253 ], [ -65.6631, -41.3387 ], [ -65.6436, -41.3799 ], [ -65.6453, -41.3934 ], [ -65.6397, -41.3985 ] ] } },
{ "type": "Feature", "properties": { "nombre": "Camino sin nombre", "longitud_km": 23.13 }, "geometry": { "type": "LineString", "coordinates": [ [ -69.1888, -41.3067 ], [ -69.179, -41.3501 ], [ -69.1871, -41.3686 ], [ -69.1722, -41.3806 ], [ -69.1534, -41.3873 ], [ -69.1233, -41.3879 ], [ -69.0525, -41.4288 ], [ -69.047, -41.4351 ], [ -69.0455, -41.4504 ] ] } },
{ "type": "Feature", "properties": { "nombre": "Camino sin nombre", "longitud_km": 12.66 }, "geometry": { "type": "LineString", "coordinates": [ [ -66.0371, -41.3439 ], [ -65.9885, -41.3403 ], [ -65.983, -41.3476 ], [ -65.9448, -41.3595 ], [ -65.9208, -41.3753 ], [ -65.9196, -41.3889 ] ] } },
{ "type": "Feature", "properties": { "nombre": "Camino sin nombre", "longitud_km": 7.49 }, "geometry": { "type": "LineString", "coordinates": [ [ -69.2495, -41.1539 ], [ -69.2343, -41.1721 ], [ -69.2177, -41.2163 ] ] } },
{ "type": "Feature", "properties": { "nombre": "Camino sin nombre", "longitud_km": 10.81 }, "geometry": { "type": "LineString", "coordinates": [ [ -65.2799, -41.3474 ], [ -65.2541, -41.3991 ], [ -65.2264, -41.4357 ] ] } },
{ "type": "Feature", "properties": { "nombre": "Camino sin nombre", "longitud_km": 17.14 }, "geometry": { "type": "LineString", "coordinates": [ [ -65.2799, -41.3474 ], [ -65.2491, -41.3479 ], [ -65.202, -41.3636 ], [ -65.1815, -41.3657 ], [ -65.1744, -41.3627 ], [ -65.1711, -41.3521 ], [ -65.103, -41.3216 ] ] } },
{ "type": "Feature", "properties": { "nombre": "Camino sin nombre", "longitud_km": 2.47 }, "geometry": { "type": "LineString", "coordinates": [ [ -65.123, -41.675 ], [ -65.0934, -41.6769 ] ] } },
{ "type": "Feature", "properties": { "nombre": "Camino sin nombre", "longitud_km": 0.69 }, "geometry": { "type": "LineString", "coordinates": [ [ -70.6688, -40.7792 ], [ -70.6702, -40.773 ] ] } },
{ "type": "Feature", "properties": { "nombre": "Camino sin nombre", "longitud_km": 4.06 }, "geometry": { "type": "LineString", "coordinates": [ [ -66.2601, -41.4732 ], [ -66.2193, -41.4535 ] ] } },
{ "type": "Feature", "properties": { "nombre": "Camino sin nombre", "longitud_km": 10.49 }, "geometry": { "type": "LineString", "coordinates": [ [ -69.9929, -41.2332 ], [ -69.9845, -41.2255 ], [ -69.9857, -41.1949 ], [ -69.957, -41.15 ], [ -69.9518, -41.15 ] ] } },
{ "type": "Feature", "properties": { "nombre": "Camino sin nombre", "longitud_km": 30.59 }, "geometry": { "type": "LineString", "coordinates": [ [ -70.4424, -41.2938 ], [ -70.4349, -41.2896 ], [ -70.4399, -41.2696 ], [ -70.4297, -41.2653 ], [ -70.4332, -41.2604 ], [ -70.4214, -41.2444 ], [ -70.4333, -41.2264 ], [ -70.4231, -41.1948 ], [ -70.4334, -41.1866 ], [ -70.419, -41.1715 ], [ -70.4253, -41.1672 ], [ -70.3915, -41.1406 ], [ -70.3976, -41.1261 ], [ -70.3942, -41.117 ], [ -70.3736, -41.1097 ], [ -70.3599, -41.0901 ], [ -70.3371, -41.0713 ] ] } },
{ "type": "Feature", "properties": { "nombre": "Camino sin nombre", "longitud_km": 6.0 }, "geometry": { "type": "LineString", "coordinates": [ [ -70.031, -41.2702 ], [ -70.0516, -41.2853 ], [ -70.0941, -41.2898 ] ] } },
{ "type": "Feature", "properties": { "nombre": "Camino sin nombre", "longitud_km": 3.58 }, "geometry": { "type": "LineString", "coordinates": [ [ -66.0564, -41.4578 ], [ -66.0928, -41.4408 ] ] } },
{ "type": "Feature", "properties": { "nombre": "Camino sin nombre", "longitud_km": 5.86 }, "geometry": { "type": "LineString", "coordinates": [ [ -65.1749, -41.7282 ], [ -65.1049, -41.7223 ] ] } },
{ "type": "Feature", "properties": { "nombre": "Camino sin nombre", "longitud_km": 0.08 }, "geometry": { "type": "LineString", "coordinates": [ [ -67.6071, -39.0118 ], [ -67.608, -39.0119 ] ] } },
{ "type": "Feature", "properties": { "nombre": "Camino sin nombre", "longitud_km": 21.09 }, "geometry": { "type": "LineString", "coordinates": [ [ -65.896, -41.6029 ], [ -65.9111, -41.5971 ], [ -65.966, -41.5379 ], [ -66.0564, -41.4578 ] ] } },
{ "type": "Feature", "properties": { "nombre": "Camino sin nombre", "longitud_km": 1.48 }, "geometry": { "type": "LineString", "coordinates": [ [ -69.6139, -41.2333 ], [ -69.6086, -41.23 ], [ -69.6151, -41.2235 ] ] } },
{ "type": "Feature", "properties": { "nombre": "Camino sin nombre", "longitud_km": 6.41 }, "geometry": { "type": "LineString", "coordinates": [ [ -69.6139, -41.2333 ], [ -69.6343, -41.2142 ], [ -69.6553, -41.185 ] ] } },
{ "type": "Feature", "properties": { "nombre": "Camino sin nombre", "longitud_km": 13.48 }, "geometry": { "type": "LineString", "coordinates": [ [ -65.3448, -41.2967 ], [ -65.3604, -41.4175 ] ] } },
{ "type": "Feature", "properties": { "nombre": "Camino sin nombre", "longitud_km": 10.87 }, "geometry": { "type": "LineString", "coordinates": [ [ -65.0622, -41.4476 ], [ -65.0608, -41.4342 ], [ -65.0767, -41.4167 ], [ -65.0927, -41.4144 ], [ -65.1596, -41.4225 ] ] } },
{ "type": "Feature", "properties": { "nombre": "Camino sin nombre", "longitud_km": 12.47 }, "geometry": { "type": "LineString", "coordinates": [ [ -65.3604, -41.4175 ], [ -65.3869, -41.528 ] ] } },
{ "type": "Feature", "properties": { "nombre": "Camino sin nombre", "longitud_km": 8.54 }, "geometry": { "type": "LineString", "coordinates": [ [ -65.1596, -41.4225 ], [ -65.1531, -41.4093 ], [ -65.1311, -41.3913 ], [ -65.1162, -41.3872 ], [ -65.0922, -41.368 ] ] } },
{ "type": "Feature", "properties": { "nombre": "Camino sin nombre", "longitud_km": 6.02 }, "geometry": { "type": "LineString", "coordinates": [ [ -65.2264, -41.4357 ], [ -65.178, -41.4335 ], [ -65.1596, -41.4225 ] ] } },
{ "type": "Feature", "properties": { "nombre": "Camino sin nombre", "longitud_km": 0.81 }, "geometry": { "type": "LineString", "coordinates": [ [ -65.3735, -41.6552 ], [ -65.3744, -41.6624 ] ] } },
{ "type": "Feature", "properties": { "nombre": "Camino sin nombre", "longitud_km": 4.48 }, "geometry": { "type": "LineString", "coordinates": [ [ -70.0368, -41.2503 ], [ -70.02, -41.2485 ], [ -70.0142, -41.2408 ], [ -70.0017, -41.2396 ], [ -69.9929, -41.2332 ] ] } },
{ "type": "Feature", "properties": { "nombre": "Camino sin nombre", "longitud_km": 3.04 }, "geometry": { "type": "LineString", "coordinates": [ [ -69.478, -41.2885 ], [ -69.468, -41.2621 ] ] } },
{ "type": "Feature", "properties": { "nombre": "Camino sin nombre", "longitud_km": 0.72 }, "geometry": { "type": "LineString", "coordinates": [ [ -66.1054, -41.4324 ], [ -66.1135, -41.4346 ] ] } },
{ "type": "Feature", "properties": { "nombre": "Camino sin nombre", "longitud_km": 0.67 }, "geometry": { "type": "LineString", "coordinates": [ [ -66.1007, -41.4373 ], [ -66.1054, -41.4324 ] ] } },
{ "type": "Feature", "properties": { "nombre": "Camino sin nombre", "longitud_km": 0.77 }, "geometry": { "type": "LineString", "coordinates": [ [ -66.0928, -41.4408 ], [ -66.1007, -41.4373 ] ] } },
{ "type": "Feature", "properties": { "nombre": "Camino sin nombre", "longitud_km": 9.97 }, "geometry": { "type": "LineString", "coordinates": [ [ -69.9929, -41.2332 ], [ -69.96, -41.2358 ], [ -69.9265, -41.2539 ], [ -69.944, -41.2686 ], [ -69.9511, -41.2814 ] ] } },
{ "type": "Feature", "properties": { "nombre": "Camino sin nombre", "longitud_km": 7.71 }, "geometry": { "type": "LineString", "coordinates": [ [ -69.5557, -41.3192 ], [ -69.5011, -41.3092 ], [ -69.478, -41.2885 ] ] } },
{ "type": "Feature", "properties": { "nombre": "Camino sin nombre", "longitud_km": 10.68 }, "geometry": { "type": "LineString", "coordinates": [ [ -66.1054, -41.4324 ], [ -66.1144, -41.4266 ], [ -66.1869, -41.4322 ], [ -66.2193, -41.4535 ] ] } },
{ "type": "Feature", "properties": { "nombre": "Camino sin nombre", "longitud_km": 2.75 }, "geometry": { "type": "LineString", "coordinates": [ [ -66.2497, -41.4492 ], [ -66.2332, -41.4472 ], [ -66.2193, -41.4535 ] ] } },
{ "type": "Feature", "properties": { "nombre": "Camino sin nombre", "longitud_km": 6.2 }, "geometry": { "type": "LineString", "coordinates": [ [ -65.2264, -41.4357 ], [ -65.2056, -41.4893 ] ] } },
{ "type": "Feature", "properties": { "nombre": "Camino sin nombre", "longitud_km": 9.92 }, "geometry": { "type": "LineString", "coordinates": [ [ -69.5955, -41.3139 ], [ -69.6082, -41.2964 ], [ -69.5957, -41.2627 ], [ -69.6041, -41.2568 ], [ -69.6059, -41.2412 ], [ -69.6139, -41.2333 ] ] } },
{ "type": "Feature", "properties": { "nombre": "Camino sin nombre", "longitud_km": 7.4 }, "geometry": { "type": "LineString", "coordinates": [ [ -69.5955, -41.3139 ], [ -69.6613, -41.2987 ], [ -69.6795, -41.3041 ] ] } },
{ "type": "Feature", "properties": { "nombre": "Camino sin nombre", "longitud_km": 14.95 }, "geometry": { "type": "LineString", "coordinates": [ [ -65.896, -41.6029 ], [ -65.8285, -41.6259 ], [ -65.7591, -41.6421 ], [ -65.7377, -41.6606 ] ] } },
{ "type": "Feature", "properties": { "nombre": "Camino sin nombre", "longitud_km": 5.32 }, "geometry": { "type": "LineString", "coordinates": [ [ -66.4442, -41.6005 ], [ -66.469, -41.6037 ], [ -66.4785, -41.5911 ], [ -66.4661, -41.5799 ] ] } },
{ "type": "Feature", "properties": { "nombre": "Camino sin nombre", "longitud_km": 28.97 }, "geometry": { "type": "LineString", "coordinates": [ [ -69.5502, -41.3329 ], [ -69.5506, -41.3465 ], [ -69.571, -41.3612 ], [ -69.6034, -41.4114 ], [ -69.6338, -41.4212 ], [ -69.6623, -41.4455 ], [ -69.6902, -41.4522 ], [ -69.7156, -41.472 ], [ -69.7895, -41.5024 ] ] } },
{ "type": "Feature", "properties": { "nombre": "Camino sin nombre", "longitud_km": 0.71 }, "geometry": { "type": "LineString", "coordinates": [ [ -65.5749, -41.6254 ], [ -65.582, -41.622 ] ] } },
{ "type": "Feature", "properties": { "nombre": "Camino sin nombre", "longitud_km": 9.23 }, "geometry": { "type": "LineString", "coordinates": [ [ -65.3542, -41.5282 ], [ -65.3296, -41.5136 ], [ -65.3297, -41.5041 ], [ -65.3194, -41.5022 ], [ -65.3001, -41.4825 ], [ -65.2803, -41.4731 ] ] } },
{ "type": "Feature", "properties": { "nombre": "Camino sin nombre", "longitud_km": 31.13 }, "geometry": { "type": "LineString", "coordinates": [ [ -65.4977, -41.5684 ], [ -65.5632, -41.5398 ], [ -65.6354, -41.52 ], [ -65.6375, -41.504 ], [ -65.6477, -41.4918 ], [ -65.6801, -41.4715 ], [ -65.6947, -41.4444 ], [ -65.6836, -41.4512 ], [ -65.6775, -41.4499 ], [ -65.6397, -41.3985 ] ] } },
{ "type": "Feature", "properties": { "nombre": "Camino sin nombre", "longitud_km": 18.23 }, "geometry": { "type": "LineString", "coordinates": [ [ -65.3392, -41.6004 ], [ -65.3327, -41.5996 ], [ -65.3307, -41.5789 ], [ -65.3081, -41.5671 ], [ -65.2919, -41.5464 ], [ -65.2645, -41.5255 ], [ -65.2201, -41.5173 ], [ -65.2056, -41.4893 ] ] } },
{ "type": "Feature", "properties": { "nombre": "Camino sin nombre", "longitud_km": 11.2 }, "geometry": { "type": "LineString", "coordinates": [ [ -65.4977, -41.5684 ], [ -65.4809, -41.5532 ], [ -65.451, -41.5487 ], [ -65.4036, -41.5222 ], [ -65.3869, -41.528 ] ] } },
{ "type": "Feature", "properties": { "nombre": "Camino sin nombre", "longitud_km": 2.65 }, "geometry": { "type": "LineString", "coordinates": [ [ -65.3556, -41.5317 ], [ -65.3869, -41.528 ] ] } },
{ "type": "Feature", "properties": { "nombre": "Camino sin nombre", "longitud_km": 5.82 }, "geometry": { "type": "LineString", "coordinates": [ [ -66.1798, -41.6295 ], [ -66.211, -41.5927 ], [ -66.2103, -41.5839 ] ] } },
{ "type": "Feature", "properties": { "nombre": "Camino sin nombre", "longitud_km": 4.13 }, "geometry": { "type": "LineString", "coordinates": [ [ -66.0697, -41.8407 ], [ -66.0365, -41.8484 ], [ -66.0225, -41.8444 ] ] } },
{ "type": "Feature", "properties": { "nombre": "Camino sin nombre", "longitud_km": 40.54 }, "geometry": { "type": "LineString", "coordinates": [ [ -69.4237, -41.4477 ], [ -69.3923, -41.4537 ], [ -69.3149, -41.4895 ], [ -69.3406, -41.5246 ], [ -69.3417, -41.5334 ], [ -69.3334, -41.5432 ], [ -69.3334, -41.5515 ], [ -69.3163, -41.569 ], [ -69.2855, -41.5758 ], [ -69.2479, -41.6142 ], [ -69.2467, -41.6261 ], [ -69.232, -41.64 ], [ -69.2213, -41.6597 ], [ -69.2043, -41.667 ], [ -69.1916, -41.6884 ], [ -69.202, -41.7079 ] ] } },
{ "type": "Feature", "properties": { "nombre": "Camino sin nombre", "longitud_km": 8.54 }, "geometry": { "type": "LineString", "coordinates": [ [ -65.038, -41.618 ], [ -65.1386, -41.6329 ] ] } },
{ "type": "Feature", "properties": { "nombre": "Camino sin nombre", "longitud_km": 5.11 }, "geometry": { "type": "LineString", "coordinates": [ [ -70.6949, -41.358 ], [ -70.7421, -41.3691 ], [ -70.7467, -41.3772 ] ] } },
{ "type": "Feature", "properties": { "nombre": "Camino sin nombre", "longitud_km": 13.55 }, "geometry": { "type": "LineString", "coordinates": [ [ -66.0568, -41.6149 ], [ -65.9846, -41.6081 ], [ -65.9355, -41.61 ], [ -65.896, -41.6029 ] ] } },
{ "type": "Feature", "properties": { "nombre": "Camino sin nombre", "longitud_km": 2.52 }, "geometry": { "type": "LineString", "coordinates": [ [ -65.1144, -41.6968 ], [ -65.123, -41.675 ] ] } },
{ "type": "Feature", "properties": { "nombre": "Camino sin nombre", "longitud_km": 6.51 }, "geometry": { "type": "LineString", "coordinates": [ [ -66.1129, -41.5409 ], [ -66.0771, -41.5495 ], [ -66.0368, -41.5473 ] ] } },
{ "type": "Feature", "properties": { "nombre": "Camino sin nombre", "longitud_km": 16.06 }, "geometry": { "type": "LineString", "coordinates": [ [ -65.2056, -41.4893 ], [ -65.189, -41.5214 ], [ -65.1802, -41.528 ], [ -65.1847, -41.5314 ], [ -65.1654, -41.5661 ], [ -65.1432, -41.622 ] ] } },
{ "type": "Feature", "properties": { "nombre": "Camino sin nombre", "longitud_km": 5.98 }, "geometry": { "type": "LineString", "coordinates": [ [ -66.4426, -41.5907 ], [ -66.4372, -41.5777 ], [ -66.4469, -41.5642 ], [ -66.4797, -41.5672 ] ] } },
{ "type": "Feature", "properties": { "nombre": "Camino sin nombre", "longitud_km": 3.65 }, "geometry": { "type": "LineString", "coordinates": [ [ -66.4797, -41.5672 ], [ -66.5095, -41.5583 ], [ -66.5033, -41.5509 ] ] } },
{ "type": "Feature", "properties": { "nombre": "Camino sin nombre", "longitud_km": 8.18 }, "geometry": { "type": "LineString", "coordinates": [ [ -65.3869, -41.528 ], [ -65.403, -41.6006 ] ] } },
{ "type": "Feature", "properties": { "nombre": "Camino sin nombre", "longitud_km": 4.48 }, "geometry": { "type": "LineString", "coordinates": [ [ -65.4693, -41.5995 ], [ -65.4706, -41.5863 ], [ -65.4977, -41.5684 ] ] } },
{ "type": "Feature", "properties": { "nombre": "Camino sin nombre", "longitud_km": 2.09 }, "geometry": { "type": "LineString", "coordinates": [ [ -65.3623, -41.6051 ], [ -65.3864, -41.6001 ] ] } },
{ "type": "Feature", "properties": { "nombre": "Camino sin nombre", "longitud_km": 2.98 }, "geometry": { "type": "LineString", "coordinates": [ [ -70.6961, -41.3664 ], [ -70.6856, -41.3615 ], [ -70.6696, -41.3743 ] ] } },
{ "type": "Feature", "properties": { "nombre": "Camino sin nombre", "longitud_km": 1.81 }, "geometry": { "type": "LineString", "coordinates": [ [ -66.4797, -41.5672 ], [ -66.4661, -41.5799 ] ] } },
{ "type": "Feature", "properties": { "nombre": "Camino sin nombre", "longitud_km": 3.78 }, "geometry": { "type": "LineString", "coordinates": [ [ -65.5106, -41.611 ], [ -65.5144, -41.6271 ], [ -65.5119, -41.6447 ] ] } },
{ "type": "Feature", "properties": { "nombre": "Camino sin nombre", "longitud_km": 6.22 }, "geometry": { "type": "LineString", "coordinates": [ [ -66.1068, -41.6179 ], [ -66.1798, -41.6295 ] ] } },
{ "type": "Feature", "properties": { "nombre": "Camino sin nombre", "longitud_km": 2.3 }, "geometry": { "type": "LineString", "coordinates": [ [ -66.4661, -41.5799 ], [ -66.4426, -41.5907 ] ] } },
{ "type": "Feature", "properties": { "nombre": "Camino sin nombre", "longitud_km": 0.86 }, "geometry": { "type": "LineString", "coordinates": [ [ -65.0417, -41.6252 ], [ -65.038, -41.618 ] ] } },
{ "type": "Feature", "properties": { "nombre": "Camino sin nombre", "longitud_km": 0.04 }, "geometry": { "type": "LineString", "coordinates": [ [ -68.0528, -38.8704 ], [ -68.0525, -38.8702 ] ] } },
{ "type": "Feature", "properties": { "nombre": "Camino sin nombre", "longitud_km": 0.51 }, "geometry": { "type": "LineString", "coordinates": [ [ -67.9624, -38.9029 ], [ -67.9671, -38.9 ] ] } },
{ "type": "Feature", "properties": { "nombre": "Camino sin nombre", "longitud_km": 1.02 }, "geometry": { "type": "LineString", "coordinates": [ [ -67.701, -39.056 ], [ -67.7028, -39.0651 ] ] } },
{ "type": "Feature", "properties": { "nombre": "Camino sin nombre", "longitud_km": 0.52 }, "geometry": { "type": "LineString", "coordinates": [ [ -68.0074, -38.9526 ], [ -68.0016, -38.9538 ] ] } },
{ "type": "Feature", "properties": { "nombre": "Camino sin nombre", "longitud_km": 2.96 }, "geometry": { "type": "LineString", "coordinates": [ [ -65.038, -41.618 ], [ -65.0282, -41.618 ], [ -65.0282, -41.6316 ], [ -65.0252, -41.6263 ] ] } },
{ "type": "Feature", "properties": { "nombre": "Camino sin nombre", "longitud_km": 7.74 }, "geometry": { "type": "LineString", "coordinates": [ [ -65.582, -41.622 ], [ -65.6036, -41.6025 ], [ -65.6298, -41.5628 ] ] } },
{ "type": "Feature", "properties": { "nombre": "Camino sin nombre", "longitud_km": 1.1 }, "geometry": { "type": "LineString", "coordinates": [ [ -66.4442, -41.6005 ], [ -66.4426, -41.5907 ] ] } },
{ "type": "Feature", "properties": { "nombre": "Camino sin nombre", "longitud_km": 3.09 }, "geometry": { "type": "LineString", "coordinates": [ [ -65.4107, -41.6278 ], [ -65.403, -41.6006 ] ] } },
{ "type": "Feature", "properties": { "nombre": "Camino sin nombre", "longitud_km": 1.16 }, "geometry": { "type": "LineString", "coordinates": [ [ -65.351, -41.6268 ], [ -65.3636, -41.6314 ] ] } },
{ "type": "Feature", "properties": { "nombre": "Camino sin nombre", "longitud_km": 4.18 }, "geometry": { "type": "LineString", "coordinates": [ [ -66.0568, -41.6149 ], [ -66.1068, -41.6179 ] ] } },
{ "type": "Feature", "properties": { "nombre": "Camino sin nombre", "longitud_km": 1.16 }, "geometry": { "type": "LineString", "coordinates": [ [ -65.582, -41.622 ], [ -65.5823, -41.6324 ] ] } },
{ "type": "Feature", "properties": { "nombre": "Camino sin nombre", "longitud_km": 0.42 }, "geometry": { "type": "LineString", "coordinates": [ [ -65.447, -41.9233 ], [ -65.4422, -41.9221 ] ] } },
{ "type": "Feature", "properties": { "nombre": "Camino sin nombre", "longitud_km": 2.77 }, "geometry": { "type": "LineString", "coordinates": [ [ -65.3636, -41.6314 ], [ -65.3735, -41.6552 ] ] } },
{ "type": "Feature", "properties": { "nombre": "Camino sin nombre", "longitud_km": 4.34 }, "geometry": { "type": "LineString", "coordinates": [ [ -65.4107, -41.6278 ], [ -65.3735, -41.6552 ] ] } },
{ "type": "Feature", "properties": { "nombre": "Camino sin nombre", "longitud_km": 3.16 }, "geometry": { "type": "LineString", "coordinates": [ [ -65.4197, -41.6555 ], [ -65.4107, -41.6278 ] ] } },
{ "type": "Feature", "properties": { "nombre": "Camino sin nombre", "longitud_km": 29.97 }, "geometry": { "type": "LineString", "coordinates": [ [ -66.1798, -41.6295 ], [ -66.286, -41.6431 ], [ -66.3088, -41.6542 ], [ -66.3335, -41.6565 ], [ -66.3406, -41.6665 ], [ -66.3839, -41.6497 ], [ -66.4119, -41.657 ], [ -66.4274, -41.6514 ], [ -66.4317, -41.6435 ], [ -66.4459, -41.6397 ], [ -66.4475, -41.629 ], [ -66.4425, -41.6237 ], [ -66.4478, -41.6189 ], [ -66.4394, -41.6173 ], [ -66.4442, -41.6005 ] ] } },
{ "type": "Feature", "properties": { "nombre": "Camino sin nombre", "longitud_km": 7.78 }, "geometry": { "type": "LineString", "coordinates": [ [ -65.4197, -41.6555 ], [ -65.5119, -41.6447 ] ] } },
{ "type": "Feature", "properties": { "nombre": "Camino sin nombre", "longitud_km": 0.83 }, "geometry": { "type": "LineString", "coordinates": [ [ -65.0249, -41.6991 ], [ -65.0299, -41.6926 ] ] } },
{ "type": "Feature", "properties": { "nombre": "Camino sin nombre", "longitud_km": 4.24 }, "geometry": { "type": "LineString", "coordinates": [ [ -66.8256, -41.933 ], [ -66.8418, -41.8968 ] ] } },
{ "type": "Feature", "properties": { "nombre": "Camino sin nombre", "longitud_km": 3.29 }, "geometry": { "type": "LineString", "coordinates": [ [ -65.5119, -41.6447 ], [ -65.5115, -41.6531 ], [ -65.4897, -41.6667 ] ] } },
{ "type": "Feature", "properties": { "nombre": "Camino sin nombre", "longitud_km": 4.86 }, "geometry": { "type": "LineString", "coordinates": [ [ -65.123, -41.675 ], [ -65.1386, -41.6329 ] ] } },
{ "type": "Feature", "properties": { "nombre": "Camino sin nombre", "longitud_km": 7.16 }, "geometry": { "type": "LineString", "coordinates": [ [ -65.0885, -41.6773 ], [ -65.0881, -41.6696 ], [ -65.0705, -41.6475 ], [ -65.0417, -41.6252 ] ] } },
{ "type": "Feature", "properties": { "nombre": "Camino sin nombre", "longitud_km": 0.41 }, "geometry": { "type": "LineString", "coordinates": [ [ -65.0934, -41.6769 ], [ -65.0885, -41.6773 ] ] } },
{ "type": "Feature", "properties": { "nombre": "Camino sin nombre", "longitud_km": 5.05 }, "geometry": { "type": "LineString", "coordinates": [ [ -66.0877, -41.6611 ], [ -66.1068, -41.6179 ] ] } },
{ "type": "Feature", "properties": { "nombre": "Camino sin nombre", "longitud_km": 1.26 }, "geometry": { "type": "LineString", "coordinates": [ [ -65.3744, -41.6624 ], [ -65.3677, -41.6726 ] ] } },
{ "type": "Feature", "properties": { "nombre": "Camino sin nombre", "longitud_km": 2.47 }, "geometry": { "type": "LineString", "coordinates": [ [ -70.8836, -41.798 ], [ -70.8848, -41.7758 ] ] } },
{ "type": "Feature", "properties": { "nombre": "Camino sin nombre", "longitud_km": 5.56 }, "geometry": { "type": "LineString", "coordinates": [ [ -65.4197, -41.6555 ], [ -65.384, -41.6556 ], [ -65.3804, -41.6679 ], [ -65.3677, -41.6726 ] ] } },
{ "type": "Feature", "properties": { "nombre": "Camino sin nombre", "longitud_km": 3.57 }, "geometry": { "type": "LineString", "coordinates": [ [ -71.7538, -41.3407 ], [ -71.753, -41.3531 ], [ -71.7428, -41.3713 ] ] } },
{ "type": "Feature", "properties": { "nombre": "Camino sin nombre", "longitud_km": 2.94 }, "geometry": { "type": "LineString", "coordinates": [ [ -65.4282, -41.6811 ], [ -65.4197, -41.6555 ] ] } },
{ "type": "Feature", "properties": { "nombre": "Camino sin nombre", "longitud_km": 5.49 }, "geometry": { "type": "LineString", "coordinates": [ [ -65.4897, -41.6667 ], [ -65.4324, -41.6769 ], [ -65.4282, -41.6811 ] ] } },
{ "type": "Feature", "properties": { "nombre": "Camino sin nombre", "longitud_km": 6.34 }, "geometry": { "type": "LineString", "coordinates": [ [ -70.706, -41.4491 ], [ -70.7247, -41.4382 ], [ -70.7331, -41.4153 ], [ -70.7496, -41.4061 ] ] } },
{ "type": "Feature", "properties": { "nombre": "Camino sin nombre", "longitud_km": 2.68 }, "geometry": { "type": "LineString", "coordinates": [ [ -65.4897, -41.6667 ], [ -65.5004, -41.6684 ], [ -65.514, -41.6806 ] ] } },
{ "type": "Feature", "properties": { "nombre": "Camino sin nombre", "longitud_km": 1.93 }, "geometry": { "type": "LineString", "coordinates": [ [ -70.6831, -41.4464 ], [ -70.706, -41.4491 ] ] } },
{ "type": "Feature", "properties": { "nombre": "Camino sin nombre", "longitud_km": 7.58 }, "geometry": { "type": "LineString", "coordinates": [ [ -65.0299, -41.6926 ], [ -65.0343, -41.6433 ], [ -65.0417, -41.6252 ] ] } },
{ "type": "Feature", "properties": { "nombre": "Camino sin nombre", "longitud_km": 5.17 }, "geometry": { "type": "LineString", "coordinates": [ [ -65.0885, -41.6773 ], [ -65.0299, -41.6926 ] ] } },
{ "type": "Feature", "properties": { "nombre": "Camino sin nombre", "longitud_km": 9.37 }, "geometry": { "type": "LineString", "coordinates": [ [ -70.8157, -41.447 ], [ -70.8049, -41.443 ], [ -70.7588, -41.4506 ], [ -70.706, -41.4491 ] ] } },
{ "type": "Feature", "properties": { "nombre": "Camino sin nombre", "longitud_km": 9.45 }, "geometry": { "type": "LineString", "coordinates": [ [ -70.8157, -41.447 ], [ -70.8131, -41.4421 ], [ -70.8269, -41.4157 ], [ -70.8487, -41.3928 ], [ -70.8499, -41.3754 ], [ -70.8439, -41.3717 ] ] } },
{ "type": "Feature", "properties": { "nombre": "Camino sin nombre", "longitud_km": 2.57 }, "geometry": { "type": "LineString", "coordinates": [ [ -65.1094, -41.6967 ], [ -65.0934, -41.6769 ] ] } },
{ "type": "Feature", "properties": { "nombre": "Camino sin nombre", "longitud_km": 22.41 }, "geometry": { "type": "LineString", "coordinates": [ [ -65.5823, -41.6324 ], [ -65.5842, -41.67 ], [ -65.5905, -41.689 ], [ -65.5751, -41.7317 ], [ -65.5826, -41.7716 ], [ -65.5649, -41.7935 ], [ -65.5189, -41.7954 ] ] } },
{ "type": "Feature", "properties": { "nombre": "Camino sin nombre", "longitud_km": 1.93 }, "geometry": { "type": "LineString", "coordinates": [ [ -65.4356, -41.6976 ], [ -65.4282, -41.6811 ] ] } },
{ "type": "Feature", "properties": { "nombre": "Camino sin nombre", "longitud_km": 1.43 }, "geometry": { "type": "LineString", "coordinates": [ [ -70.6864, -41.4753 ], [ -70.7032, -41.4775 ] ] } },
{ "type": "Feature", "properties": { "nombre": "Camino sin nombre", "longitud_km": 2.94 }, "geometry": { "type": "LineString", "coordinates": [ [ -65.1049, -41.7223 ], [ -65.1144, -41.6968 ] ] } },
{ "type": "Feature", "properties": { "nombre": "Camino sin nombre", "longitud_km": 4.33 }, "geometry": { "type": "LineString", "coordinates": [ [ -65.1749, -41.7282 ], [ -65.1441, -41.6967 ] ] } },
{ "type": "Feature", "properties": { "nombre": "Camino sin nombre", "longitud_km": 3.43 }, "geometry": { "type": "LineString", "coordinates": [ [ -65.2104, -41.7124 ], [ -65.1749, -41.7282 ] ] } },
{ "type": "Feature", "properties": { "nombre": "Camino sin nombre", "longitud_km": 6.46 }, "geometry": { "type": "LineString", "coordinates": [ [ -65.3036, -41.7246 ], [ -65.3577, -41.7238 ], [ -65.379, -41.7314 ] ] } },
{ "type": "Feature", "properties": { "nombre": "Camino sin nombre", "longitud_km": 15.87 }, "geometry": { "type": "LineString", "coordinates": [ [ -70.6527, -41.4639 ], [ -70.6257, -41.481 ], [ -70.5769, -41.4824 ], [ -70.5807, -41.4961 ], [ -70.5698, -41.5027 ], [ -70.557, -41.5198 ], [ -70.5568, -41.531 ], [ -70.5462, -41.5468 ], [ -70.5505, -41.5525 ] ] } },
{ "type": "Feature", "properties": { "nombre": "Camino sin nombre", "longitud_km": 5.39 }, "geometry": { "type": "LineString", "coordinates": [ [ -65.3897, -41.7318 ], [ -65.4356, -41.6976 ] ] } },
{ "type": "Feature", "properties": { "nombre": "Camino sin nombre", "longitud_km": 0.03 }, "geometry": { "type": "LineString", "coordinates": [ [ -65.3894, -41.7319 ], [ -65.3897, -41.7318 ] ] } },
{ "type": "Feature", "properties": { "nombre": "Camino sin nombre", "longitud_km": 0.89 }, "geometry": { "type": "LineString", "coordinates": [ [ -65.379, -41.7314 ], [ -65.3897, -41.7318 ] ] } },
{ "type": "Feature", "properties": { "nombre": "Camino sin nombre", "longitud_km": 8.1 }, "geometry": { "type": "LineString", "coordinates": [ [ -65.0904, -41.8387 ], [ -65.0952, -41.7869 ], [ -65.0907, -41.7662 ] ] } },
{ "type": "Feature", "properties": { "nombre": "Camino sin nombre", "longitud_km": 11.87 }, "geometry": { "type": "LineString", "coordinates": [ [ -65.3787, -41.8269 ], [ -65.3878, -41.81 ], [ -65.398, -41.8028 ], [ -65.3886, -41.801 ], [ -65.377, -41.7737 ], [ -65.379, -41.7314 ] ] } },
{ "type": "Feature", "properties": { "nombre": "Camino sin nombre", "longitud_km": 6.88 }, "geometry": { "type": "LineString", "coordinates": [ [ -71.057, -41.4507 ], [ -70.9886, -41.4852 ] ] } },
{ "type": "Feature", "properties": { "nombre": "Camino sin nombre", "longitud_km": 18.93 }, "geometry": { "type": "LineString", "coordinates": [ [ -70.9886, -41.4852 ], [ -70.9634, -41.4905 ], [ -70.9381, -41.4863 ], [ -70.9156, -41.4671 ], [ -70.9194, -41.4406 ], [ -70.8588, -41.4496 ], [ -70.8157, -41.447 ] ] } },
{ "type": "Feature", "properties": { "nombre": "Camino sin nombre", "longitud_km": 8.92 }, "geometry": { "type": "LineString", "coordinates": [ [ -65.7297, -41.6608 ], [ -65.7304, -41.6815 ], [ -65.7377, -41.6957 ], [ -65.738, -41.7343 ], [ -65.7419, -41.7394 ] ] } },
{ "type": "Feature", "properties": { "nombre": "Camino sin nombre", "longitud_km": 5.02 }, "geometry": { "type": "LineString", "coordinates": [ [ -65.0907, -41.7662 ], [ -65.1049, -41.7223 ] ] } },
{ "type": "Feature", "properties": { "nombre": "Camino sin nombre", "longitud_km": 5.55 }, "geometry": { "type": "LineString", "coordinates": [ [ -69.9394, -41.5772 ], [ -69.9176, -41.571 ], [ -69.9074, -41.5751 ], [ -69.8758, -41.5737 ] ] } },
{ "type": "Feature", "properties": { "nombre": "Camino sin nombre", "longitud_km": 3.98 }, "geometry": { "type": "LineString", "coordinates": [ [ -69.9394, -41.5772 ], [ -69.9697, -41.5495 ] ] } },
{ "type": "Feature", "properties": { "nombre": "Camino sin nombre", "longitud_km": 2.17 }, "geometry": { "type": "LineString", "coordinates": [ [ -65.0907, -41.7662 ], [ -65.1157, -41.7719 ] ] } },
{ "type": "Feature", "properties": { "nombre": "Camino sin nombre", "longitud_km": 6.53 }, "geometry": { "type": "LineString", "coordinates": [ [ -71.4703, -41.4759 ], [ -71.4355, -41.4891 ], [ -71.4062, -41.4843 ], [ -71.3977, -41.4869 ] ] } },
{ "type": "Feature", "properties": { "nombre": "Camino sin nombre", "longitud_km": 21.72 }, "geometry": { "type": "LineString", "coordinates": [ [ -66.0697, -41.8407 ], [ -66.0383, -41.8288 ], [ -66.0393, -41.8214 ], [ -65.9853, -41.7377 ], [ -65.9602, -41.7602 ], [ -65.9303, -41.7723 ], [ -65.924, -41.7728 ], [ -65.9158, -41.7658 ] ] } },
{ "type": "Feature", "properties": { "nombre": "Camino sin nombre", "longitud_km": 8.2 }, "geometry": { "type": "LineString", "coordinates": [ [ -65.9224, -41.6928 ], [ -65.9135, -41.7221 ], [ -65.9158, -41.7658 ] ] } },
{ "type": "Feature", "properties": { "nombre": "Camino sin nombre", "longitud_km": 6.42 }, "geometry": { "type": "LineString", "coordinates": [ [ -71.0708, -41.4961 ], [ -71.0032, -41.5237 ] ] } },
{ "type": "Feature", "properties": { "nombre": "Camino sin nombre", "longitud_km": 3.02 }, "geometry": { "type": "LineString", "coordinates": [ [ -69.9211, -41.6006 ], [ -69.9394, -41.5772 ] ] } },
{ "type": "Feature", "properties": { "nombre": "Camino sin nombre", "longitud_km": 5.57 }, "geometry": { "type": "LineString", "coordinates": [ [ -65.9158, -41.7658 ], [ -65.9162, -41.7815 ], [ -65.9021, -41.8143 ] ] } },
{ "type": "Feature", "properties": { "nombre": "Camino sin nombre", "longitud_km": 25.5 }, "geometry": { "type": "LineString", "coordinates": [ [ -70.4931, -41.6521 ], [ -70.437, -41.6091 ], [ -70.4129, -41.6 ], [ -70.3958, -41.5864 ], [ -70.3449, -41.5858 ], [ -70.3258, -41.5775 ], [ -70.3217, -41.5731 ], [ -70.3232, -41.5607 ], [ -70.303, -41.5393 ], [ -70.2898, -41.5093 ] ] } },
{ "type": "Feature", "properties": { "nombre": "Camino sin nombre", "longitud_km": 11.97 }, "geometry": { "type": "LineString", "coordinates": [ [ -65.5039, -41.7886 ], [ -65.4922, -41.774 ], [ -65.4914, -41.7514 ], [ -65.4356, -41.6976 ] ] } },
{ "type": "Feature", "properties": { "nombre": "Camino sin nombre", "longitud_km": 1.46 }, "geometry": { "type": "LineString", "coordinates": [ [ -65.5189, -41.7954 ], [ -65.5039, -41.7886 ] ] } },
{ "type": "Feature", "properties": { "nombre": "Camino sin nombre", "longitud_km": 8.21 }, "geometry": { "type": "LineString", "coordinates": [ [ -65.3787, -41.8269 ], [ -65.3528, -41.8329 ], [ -65.3197, -41.8506 ], [ -65.2896, -41.8564 ] ] } },
{ "type": "Feature", "properties": { "nombre": "Camino sin nombre", "longitud_km": 6.24 }, "geometry": { "type": "LineString", "coordinates": [ [ -71.5344, -41.5118 ], [ -71.4606, -41.521 ] ] } },
{ "type": "Feature", "properties": { "nombre": "Camino sin nombre", "longitud_km": 9.9 }, "geometry": { "type": "LineString", "coordinates": [ [ -67.2241, -41.7588 ], [ -67.1887, -41.7357 ], [ -67.1418, -41.7252 ], [ -67.1363, -41.7209 ], [ -67.1345, -41.7096 ] ] } },
{ "type": "Feature", "properties": { "nombre": "Camino sin nombre", "longitud_km": 11.66 }, "geometry": { "type": "LineString", "coordinates": [ [ -65.5039, -41.7886 ], [ -65.4797, -41.8074 ], [ -65.4636, -41.8128 ], [ -65.4348, -41.8134 ], [ -65.3787, -41.8269 ] ] } },
{ "type": "Feature", "properties": { "nombre": "Camino sin nombre", "longitud_km": 29.91 }, "geometry": { "type": "LineString", "coordinates": [ [ -70.6812, -41.5856 ], [ -70.7413, -41.5784 ], [ -70.7543, -41.5836 ], [ -70.763, -41.5766 ], [ -70.7884, -41.5723 ], [ -70.8128, -41.5754 ], [ -70.8604, -41.5704 ], [ -70.8815, -41.5436 ], [ -70.9064, -41.5307 ], [ -70.9286, -41.5259 ], [ -70.963, -41.5311 ], [ -71.0032, -41.5237 ] ] } },
{ "type": "Feature", "properties": { "nombre": "Camino sin nombre", "longitud_km": 13.44 }, "geometry": { "type": "LineString", "coordinates": [ [ -65.9021, -41.8143 ], [ -65.8852, -41.8175 ], [ -65.8508, -41.8095 ], [ -65.8441, -41.8224 ], [ -65.8448, -41.8525 ], [ -65.8176, -41.8835 ] ] } },
{ "type": "Feature", "properties": { "nombre": "Camino sin nombre", "longitud_km": 16.94 }, "geometry": { "type": "LineString", "coordinates": [ [ -65.2896, -41.8564 ], [ -65.2205, -41.8542 ], [ -65.1855, -41.8403 ], [ -65.0904, -41.8387 ] ] } },
{ "type": "Feature", "properties": { "nombre": "Camino sin nombre", "longitud_km": 19.35 }, "geometry": { "type": "LineString", "coordinates": [ [ -65.0896, -41.8443 ], [ -65.0373, -41.8138 ], [ -65.0189, -41.7973 ], [ -65.0143, -41.7676 ], [ -65.0292, -41.7505 ], [ -65.0289, -41.7384 ], [ -65.0237, -41.7334 ], [ -65.0249, -41.6991 ] ] } },
{ "type": "Feature", "properties": { "nombre": "Camino sin nombre", "longitud_km": 0.62 }, "geometry": { "type": "LineString", "coordinates": [ [ -65.0896, -41.8443 ], [ -65.0904, -41.8387 ] ] } },
{ "type": "Feature", "properties": { "nombre": "Camino sin nombre", "longitud_km": 26.66 }, "geometry": { "type": "LineString", "coordinates": [ [ -66.3208, -41.8906 ], [ -66.3365, -41.8656 ], [ -66.3361, -41.8455 ], [ -66.3456, -41.8375 ], [ -66.3756, -41.8348 ], [ -66.3885, -41.8255 ], [ -66.4004, -41.827 ], [ -66.4018, -41.8194 ], [ -66.416, -41.8136 ], [ -66.4441, -41.8202 ], [ -66.466, -41.8157 ], [ -66.4817, -41.8068 ], [ -66.504, -41.8046 ], [ -66.5117, -41.7863 ], [ -66.4977, -41.7713 ], [ -66.5056, -41.7649 ] ] } },
{ "type": "Feature", "properties": { "nombre": "Camino sin nombre", "longitud_km": 10.81 }, "geometry": { "type": "LineString", "coordinates": [ [ -66.0225, -41.8444 ], [ -65.9959, -41.8412 ], [ -65.9532, -41.8196 ], [ -65.9021, -41.8143 ] ] } },
{ "type": "Feature", "properties": { "nombre": "Camino sin nombre", "longitud_km": 0.97 }, "geometry": { "type": "LineString", "coordinates": [ [ -66.0799, -41.8449 ], [ -66.0697, -41.8407 ] ] } },
{ "type": "Feature", "properties": { "nombre": "Camino sin nombre", "longitud_km": 35.44 }, "geometry": { "type": "LineString", "coordinates": [ [ -65.5171, -42.1 ], [ -65.5332, -42.0461 ], [ -65.5158, -42.0084 ], [ -65.5086, -41.9529 ], [ -65.5127, -41.9229 ], [ -65.5039, -41.9008 ], [ -65.5111, -41.8743 ], [ -65.5203, -41.8642 ], [ -65.5317, -41.8614 ], [ -65.5189, -41.7954 ] ] } },
{ "type": "Feature", "properties": { "nombre": "Camino sin nombre", "longitud_km": 18.36 }, "geometry": { "type": "LineString", "coordinates": [ [ -70.6812, -41.5856 ], [ -70.6267, -41.6092 ], [ -70.5886, -41.6156 ], [ -70.5513, -41.6152 ], [ -70.5119, -41.6493 ], [ -70.502, -41.6539 ], [ -70.4931, -41.6521 ] ] } },
{ "type": "Feature", "properties": { "nombre": "Camino sin nombre", "longitud_km": 11.48 }, "geometry": { "type": "LineString", "coordinates": [ [ -66.6244, -41.8988 ], [ -66.6277, -41.8734 ], [ -66.5955, -41.8279 ], [ -66.6005, -41.8018 ] ] } },
{ "type": "Feature", "properties": { "nombre": "Camino sin nombre", "longitud_km": 10.41 }, "geometry": { "type": "LineString", "coordinates": [ [ -66.1674, -41.908 ], [ -66.1374, -41.8948 ], [ -66.1209, -41.8685 ], [ -66.0799, -41.8449 ] ] } },
{ "type": "Feature", "properties": { "nombre": "Camino sin nombre", "longitud_km": 14.02 }, "geometry": { "type": "LineString", "coordinates": [ [ -65.8057, -41.8986 ], [ -65.7811, -41.9205 ], [ -65.7279, -41.9201 ], [ -65.689, -41.9294 ], [ -65.6697, -41.9527 ] ] } },
{ "type": "Feature", "properties": { "nombre": "Camino sin nombre", "longitud_km": 9.87 }, "geometry": { "type": "LineString", "coordinates": [ [ -65.8176, -41.8835 ], [ -65.7294, -41.873 ], [ -65.7269, -41.8648 ], [ -65.7315, -41.8516 ] ] } },
{ "type": "Feature", "properties": { "nombre": "Camino sin nombre", "longitud_km": 5.91 }, "geometry": { "type": "LineString", "coordinates": [ [ -71.4619, -41.6171 ], [ -71.4442, -41.6128 ], [ -71.4384, -41.6063 ], [ -71.4218, -41.6053 ], [ -71.4007, -41.6157 ] ] } },
{ "type": "Feature", "properties": { "nombre": "Camino sin nombre", "longitud_km": 2.13 }, "geometry": { "type": "LineString", "coordinates": [ [ -65.8176, -41.8835 ], [ -65.8056, -41.8913 ], [ -65.8057, -41.8986 ] ] } },
{ "type": "Feature", "properties": { "nombre": "Camino sin nombre", "longitud_km": 14.9 }, "geometry": { "type": "LineString", "coordinates": [ [ -67.0481, -41.8641 ], [ -67.0904, -41.8603 ], [ -67.2051, -41.8044 ] ] } },
{ "type": "Feature", "properties": { "nombre": "Camino sin nombre", "longitud_km": 7.97 }, "geometry": { "type": "LineString", "coordinates": [ [ -65.0737, -41.9151 ], [ -65.0896, -41.8443 ] ] } },
{ "type": "Feature", "properties": { "nombre": "Camino sin nombre", "longitud_km": 3.87 }, "geometry": { "type": "LineString", "coordinates": [ [ -66.9175, -41.8672 ], [ -66.8718, -41.8599 ] ] } },
{ "type": "Feature", "properties": { "nombre": "Camino sin nombre", "longitud_km": 4.29 }, "geometry": { "type": "LineString", "coordinates": [ [ -67.0481, -41.8641 ], [ -66.9968, -41.8595 ] ] } },
{ "type": "Feature", "properties": { "nombre": "Camino sin nombre", "longitud_km": 5.33 }, "geometry": { "type": "LineString", "coordinates": [ [ -68.8873, -41.7896 ], [ -68.861, -41.7795 ], [ -68.8511, -41.7815 ], [ -68.8383, -41.766 ] ] } },
{ "type": "Feature", "properties": { "nombre": "Camino sin nombre", "longitud_km": 4.21 }, "geometry": { "type": "LineString", "coordinates": [ [ -68.8873, -41.7896 ], [ -68.8963, -41.7806 ], [ -68.9169, -41.7752 ], [ -68.9241, -41.7663 ] ] } },
{ "type": "Feature", "properties": { "nombre": "Camino sin nombre", "longitud_km": 6.49 }, "geometry": { "type": "LineString", "coordinates": [ [ -66.9788, -41.8692 ], [ -66.9855, -41.8767 ], [ -66.9931, -41.8765 ], [ -67.0313, -41.8719 ], [ -67.0481, -41.8641 ] ] } },
{ "type": "Feature", "properties": { "nombre": "Camino sin nombre", "longitud_km": 2.81 }, "geometry": { "type": "LineString", "coordinates": [ [ -65.0737, -41.9151 ], [ -65.1024, -41.9285 ] ] } },
{ "type": "Feature", "properties": { "nombre": "Camino sin nombre", "longitud_km": 20.6 }, "geometry": { "type": "LineString", "coordinates": [ [ -66.3704, -41.9659 ], [ -66.3772, -41.9744 ], [ -66.4283, -41.979 ], [ -66.4419, -41.9888 ], [ -66.5602, -41.9697 ], [ -66.6041, -41.9704 ] ] } },
{ "type": "Feature", "properties": { "nombre": "Camino sin nombre", "longitud_km": 9.8 }, "geometry": { "type": "LineString", "coordinates": [ [ -68.8452, -41.864 ], [ -68.8374, -41.8471 ], [ -68.8815, -41.8092 ], [ -68.8873, -41.7896 ] ] } },
{ "type": "Feature", "properties": { "nombre": "Camino sin nombre", "longitud_km": 8.57 }, "geometry": { "type": "LineString", "coordinates": [ [ -66.2689, -41.9539 ], [ -66.2789, -41.9451 ], [ -66.2892, -41.913 ], [ -66.3208, -41.8906 ] ] } },
{ "type": "Feature", "properties": { "nombre": "Camino sin nombre", "longitud_km": 10.01 }, "geometry": { "type": "LineString", "coordinates": [ [ -70.8067, -41.6438 ], [ -70.7791, -41.6429 ], [ -70.7663, -41.6754 ], [ -70.7455, -41.688 ], [ -70.7514, -41.7028 ] ] } },
{ "type": "Feature", "properties": { "nombre": "Camino sin nombre", "longitud_km": 13.04 }, "geometry": { "type": "LineString", "coordinates": [ [ -70.4435, -41.7587 ], [ -70.479, -41.7068 ], [ -70.4821, -41.685 ], [ -70.4937, -41.6711 ], [ -70.4883, -41.6659 ], [ -70.4931, -41.6521 ] ] } },
{ "type": "Feature", "properties": { "nombre": "Camino sin nombre", "longitud_km": 18.04 }, "geometry": { "type": "LineString", "coordinates": [ [ -69.2397, -41.8739 ], [ -69.1882, -41.8437 ], [ -69.162, -41.8419 ], [ -69.1641, -41.8312 ], [ -69.1828, -41.8138 ], [ -69.2009, -41.8023 ], [ -69.2216, -41.7982 ], [ -69.2294, -41.788 ], [ -69.2315, -41.773 ] ] } },
{ "type": "Feature", "properties": { "nombre": "Camino sin nombre", "longitud_km": 4.86 }, "geometry": { "type": "LineString", "coordinates": [ [ -65.8057, -41.8986 ], [ -65.8183, -41.9146 ], [ -65.8204, -41.9397 ] ] } },
{ "type": "Feature", "properties": { "nombre": "Camino sin nombre", "longitud_km": 25.83 }, "geometry": { "type": "LineString", "coordinates": [ [ -66.0225, -41.8444 ], [ -66.0097, -41.8572 ], [ -66.0239, -41.9134 ], [ -65.9909, -41.9528 ], [ -65.9701, -41.9513 ], [ -65.9328, -41.9682 ], [ -65.933, -41.9776 ], [ -65.9393, -41.9839 ], [ -65.9309, -42.0092 ], [ -65.9321, -42.0305 ] ] } },
{ "type": "Feature", "properties": { "nombre": "Camino sin nombre", "longitud_km": 4.77 }, "geometry": { "type": "LineString", "coordinates": [ [ -71.6047, -41.6417 ], [ -71.5974, -41.6433 ], [ -71.5745, -41.6643 ], [ -71.5619, -41.668 ] ] } },
{ "type": "Feature", "properties": { "nombre": "Camino sin nombre", "longitud_km": 5.45 }, "geometry": { "type": "LineString", "coordinates": [ [ -66.6244, -41.8988 ], [ -66.6127, -41.9005 ], [ -66.6162, -41.9405 ] ] } },
{ "type": "Feature", "properties": { "nombre": "Camino sin nombre", "longitud_km": 4.76 }, "geometry": { "type": "LineString", "coordinates": [ [ -66.6162, -41.9405 ], [ -66.6217, -41.9333 ], [ -66.6244, -41.8988 ] ] } },
{ "type": "Feature", "properties": { "nombre": "Camino sin nombre", "longitud_km": 11.23 }, "geometry": { "type": "LineString", "coordinates": [ [ -71.4576, -41.6558 ], [ -71.4711, -41.6533 ], [ -71.4801, -41.6655 ], [ -71.4913, -41.6684 ], [ -71.4992, -41.6768 ], [ -71.5142, -41.6747 ], [ -71.5264, -41.6852 ], [ -71.5483, -41.678 ], [ -71.5619, -41.668 ] ] } },
{ "type": "Feature", "properties": { "nombre": "Camino sin nombre", "longitud_km": 2.24 }, "geometry": { "type": "LineString", "coordinates": [ [ -68.8452, -41.864 ], [ -68.8421, -41.8536 ], [ -68.8541, -41.8505 ] ] } },
{ "type": "Feature", "properties": { "nombre": "Camino sin nombre", "longitud_km": 8.79 }, "geometry": { "type": "LineString", "coordinates": [ [ -66.3208, -41.8906 ], [ -66.328, -41.9553 ], [ -66.3416, -41.9652 ] ] } },
{ "type": "Feature", "properties": { "nombre": "Camino sin nombre", "longitud_km": 10.11 }, "geometry": { "type": "LineString", "coordinates": [ [ -70.8316, -41.7489 ], [ -70.8238, -41.7365 ], [ -70.8258, -41.7327 ], [ -70.8654, -41.7203 ], [ -70.8939, -41.6853 ] ] } },
{ "type": "Feature", "properties": { "nombre": "Camino sin nombre", "longitud_km": 9.52 }, "geometry": { "type": "LineString", "coordinates": [ [ -65.0758, -41.9997 ], [ -65.0791, -41.9583 ], [ -65.07, -41.9314 ], [ -65.0737, -41.9151 ] ] } },
{ "type": "Feature", "properties": { "nombre": "Camino sin nombre", "longitud_km": 6.4 }, "geometry": { "type": "LineString", "coordinates": [ [ -71.6013, -41.7023 ], [ -71.5666, -41.6971 ], [ -71.5635, -41.692 ], [ -71.5684, -41.6799 ], [ -71.5619, -41.668 ] ] } },
{ "type": "Feature", "properties": { "nombre": "Camino sin nombre", "longitud_km": 1.0 }, "geometry": { "type": "LineString", "coordinates": [ [ -69.3621, -41.8496 ], [ -69.3719, -41.8444 ] ] } },
{ "type": "Feature", "properties": { "nombre": "Camino sin nombre", "longitud_km": 3.56 }, "geometry": { "type": "LineString", "coordinates": [ [ -66.6041, -41.9704 ], [ -66.609, -41.9473 ], [ -66.6162, -41.9405 ] ] } },
{ "type": "Feature", "properties": { "nombre": "Camino sin nombre", "longitud_km": 5.82 }, "geometry": { "type": "LineString", "coordinates": [ [ -66.6743, -41.97 ], [ -66.6041, -41.9704 ] ] } },
{ "type": "Feature", "properties": { "nombre": "Camino sin nombre", "longitud_km": 36.58 }, "geometry": { "type": "LineString", "coordinates": [ [ -69.0873, -41.9605 ], [ -69.014, -41.9992 ], [ -68.9903, -42.0044 ], [ -68.9794, -42.0161 ], [ -68.9517, -42.0215 ], [ -68.9147, -41.9929 ], [ -68.9091, -41.9746 ], [ -68.9154, -41.9665 ], [ -68.9134, -41.9632 ], [ -68.8855, -41.947 ], [ -68.8607, -41.9428 ], [ -68.8511, -41.9332 ], [ -68.8452, -41.9072 ], [ -68.8659, -41.8831 ], [ -68.8452, -41.864 ] ] } },
{ "type": "Feature", "properties": { "nombre": "Camino sin nombre", "longitud_km": 3.06 }, "geometry": { "type": "LineString", "coordinates": [ [ -70.8316, -41.7489 ], [ -70.8068, -41.7693 ] ] } },
{ "type": "Feature", "properties": { "nombre": "Camino sin nombre", "longitud_km": 1.17 }, "geometry": { "type": "LineString", "coordinates": [ [ -66.6128, -41.9787 ], [ -66.6041, -41.9704 ] ] } },
{ "type": "Feature", "properties": { "nombre": "Camino sin nombre", "longitud_km": 15.31 }, "geometry": { "type": "LineString", "coordinates": [ [ -67.6324, -41.9465 ], [ -67.6362, -41.9246 ], [ -67.6144, -41.9001 ], [ -67.5863, -41.9228 ], [ -67.581, -41.9347 ], [ -67.5837, -41.9554 ], [ -67.5965, -41.9753 ] ] } },
{ "type": "Feature", "properties": { "nombre": "Camino sin nombre", "longitud_km": 9.96 }, "geometry": { "type": "LineString", "coordinates": [ [ -71.719, -41.7048 ], [ -71.6695, -41.6978 ], [ -71.6259, -41.7045 ], [ -71.6013, -41.7023 ] ] } },
{ "type": "Feature", "properties": { "nombre": "Camino sin nombre", "longitud_km": 19.97 }, "geometry": { "type": "LineString", "coordinates": [ [ -66.0687, -42.0188 ], [ -66.065, -42.0152 ], [ -66.0689, -41.9931 ], [ -66.0858, -41.9605 ], [ -66.0805, -41.9132 ], [ -66.0837, -41.894 ], [ -66.074, -41.8509 ], [ -66.0799, -41.8449 ] ] } },
{ "type": "Feature", "properties": { "nombre": "Camino sin nombre", "longitud_km": 8.77 }, "geometry": { "type": "LineString", "coordinates": [ [ -71.6013, -41.7023 ], [ -71.5189, -41.7205 ], [ -71.5172, -41.735 ] ] } },
{ "type": "Feature", "properties": { "nombre": "Camino sin nombre", "longitud_km": 6.27 }, "geometry": { "type": "LineString", "coordinates": [ [ -70.7096, -41.8044 ], [ -70.7241, -41.7718 ], [ -70.7405, -41.7535 ] ] } },
{ "type": "Feature", "properties": { "nombre": "Camino sin nombre", "longitud_km": 7.22 }, "geometry": { "type": "LineString", "coordinates": [ [ -71.5172, -41.735 ], [ -71.5018, -41.7399 ], [ -71.4632, -41.7406 ], [ -71.4382, -41.7549 ] ] } },
{ "type": "Feature", "properties": { "nombre": "Camino sin nombre", "longitud_km": 6.99 }, "geometry": { "type": "LineString", "coordinates": [ [ -70.8836, -41.798 ], [ -70.8654, -41.7763 ], [ -70.8316, -41.7489 ] ] } },
{ "type": "Feature", "properties": { "nombre": "Camino sin nombre", "longitud_km": 4.79 }, "geometry": { "type": "LineString", "coordinates": [ [ -71.5172, -41.735 ], [ -71.5217, -41.7525 ], [ -71.5315, -41.7547 ], [ -71.5454, -41.7689 ] ] } },
{ "type": "Feature", "properties": { "nombre": "Camino sin nombre", "longitud_km": 3.17 }, "geometry": { "type": "LineString", "coordinates": [ [ -71.5454, -41.7689 ], [ -71.5513, -41.7557 ], [ -71.5623, -41.7598 ], [ -71.5649, -41.7548 ] ] } },
{ "type": "Feature", "properties": { "nombre": "Camino sin nombre", "longitud_km": 3.21 }, "geometry": { "type": "LineString", "coordinates": [ [ -70.8839, -41.8269 ], [ -70.8836, -41.798 ] ] } },
{ "type": "Feature", "properties": { "nombre": "Camino sin nombre", "longitud_km": 27.23 }, "geometry": { "type": "LineString", "coordinates": [ [ -70.3532, -41.7798 ], [ -70.3672, -41.8235 ], [ -70.3482, -41.8619 ], [ -70.3417, -41.9407 ], [ -70.3491, -41.9761 ], [ -70.3766, -41.9997 ], [ -70.3933, -42.0039 ] ] } },
{ "type": "Feature", "properties": { "nombre": "Camino sin nombre", "longitud_km": 20.32 }, "geometry": { "type": "LineString", "coordinates": [ [ -70.4548, -41.7515 ], [ -70.4549, -41.7628 ], [ -70.4197, -41.7943 ], [ -70.3883, -41.8451 ], [ -70.3769, -41.8685 ], [ -70.3684, -41.9178 ] ] } },
{ "type": "Feature", "properties": { "nombre": "Camino sin nombre", "longitud_km": 11.1 }, "geometry": { "type": "LineString", "coordinates": [ [ -70.7454, -41.8943 ], [ -70.7491, -41.8824 ], [ -70.7441, -41.8681 ], [ -70.7874, -41.8301 ], [ -70.8009, -41.8094 ] ] } },
{ "type": "Feature", "properties": { "nombre": "Camino sin nombre", "longitud_km": 7.49 }, "geometry": { "type": "LineString", "coordinates": [ [ -70.7454, -41.8943 ], [ -70.7717, -41.8895 ], [ -70.7914, -41.8922 ], [ -70.8132, -41.9069 ], [ -70.8262, -41.9036 ] ] } },
{ "type": "Feature", "properties": { "nombre": "Camino sin nombre", "longitud_km": 13.7 }, "geometry": { "type": "LineString", "coordinates": [ [ -71.0061, -41.9088 ], [ -71.0289, -41.8901 ], [ -71.0777, -41.877 ], [ -71.0943, -41.8566 ], [ -71.0932, -41.8444 ], [ -71.1, -41.8346 ], [ -71.1141, -41.8288 ] ] } },
{ "type": "Feature", "properties": { "nombre": "Camino sin nombre", "longitud_km": 15.02 }, "geometry": { "type": "LineString", "coordinates": [ [ -70.716, -42.025 ], [ -70.7105, -41.9905 ], [ -70.7229, -41.9324 ], [ -70.7454, -41.8943 ] ] } },
{ "type": "Feature", "properties": { "nombre": "Camino sin nombre", "longitud_km": 29.1 }, "geometry": { "type": "LineString", "coordinates": [ [ -71.2659, -41.9672 ], [ -71.2631, -41.9595 ], [ -71.2214, -41.92 ], [ -71.1922, -41.9089 ], [ -71.1872, -41.9012 ], [ -71.1746, -41.8974 ], [ -71.1443, -41.8763 ], [ -71.1297, -41.8744 ], [ -71.1234, -41.8782 ], [ -71.1285, -41.9094 ], [ -71.1133, -41.9196 ], [ -71.1099, -41.937 ], [ -71.0774, -41.9162 ], [ -71.0635, -41.9287 ] ] } },
{ "type": "Feature", "properties": { "nombre": "Camino sin nombre", "longitud_km": 27.09 }, "geometry": { "type": "LineString", "coordinates": [ [ -71.5352, -41.9605 ], [ -71.5464, -41.9616 ], [ -71.5584, -41.9781 ], [ -71.5591, -41.9524 ], [ -71.5477, -41.8961 ], [ -71.548, -41.8599 ], [ -71.5403, -41.8136 ], [ -71.5338, -41.8093 ], [ -71.5405, -41.7897 ], [ -71.5457, -41.7896 ], [ -71.5454, -41.7689 ] ] } },
{ "type": "Feature", "properties": { "nombre": "Camino sin nombre", "longitud_km": 1.19 }, "geometry": { "type": "LineString", "coordinates": [ [ -63.0371, -40.8173 ], [ -63.0235, -40.82 ] ] } },
{ "type": "Feature", "properties": { "nombre": "Camino sin nombre", "longitud_km": 0.91 }, "geometry": { "type": "LineString", "coordinates": [ [ -63.0235, -40.82 ], [ -63.0134, -40.823 ] ] } },
{ "type": "Feature", "properties": { "nombre": "Camino sin nombre", "longitud_km": 4.53 }, "geometry": { "type": "LineString", "coordinates": [ [ -67.9592, -37.8619 ], [ -67.9334, -37.8973 ] ] } },
{ "type": "Feature", "properties": { "nombre": "Camino sin nombre", "longitud_km": 3.04 }, "geometry": { "type": "LineString", "coordinates": [ [ -67.8624, -37.9017 ], [ -67.8279, -37.9014 ] ] } },
{ "type": "Feature", "properties": { "nombre": "Camino sin nombre", "longitud_km": 6.87 }, "geometry": { "type": "LineString", "coordinates": [ [ -67.9334, -37.8973 ], [ -67.9266, -37.9066 ], [ -67.8624, -37.9017 ] ] } },
{ "type": "Feature", "properties": { "nombre": "Camino sin nombre", "longitud_km": 1.65 }, "geometry": { "type": "LineString", "coordinates": [ [ -64.8138, -38.8486 ], [ -64.8138, -38.8337 ] ] } },
{ "type": "Feature", "properties": { "nombre": "Camino sin nombre", "longitud_km": 2.96 }, "geometry": { "type": "LineString", "coordinates": [ [ -63.7566, -40.412 ], [ -63.7416, -40.3879 ] ] } },
{ "type": "Feature", "properties": { "nombre": "Camino sin nombre", "longitud_km": 39.5 }, "geometry": { "type": "LineString", "coordinates": [ [ -66.0944, -39.0375 ], [ -66.0895, -39.018 ], [ -66.0926, -39.0107 ], [ -66.0649, -38.9721 ], [ -66.0232, -38.942 ], [ -65.987, -38.9053 ], [ -66.0038, -38.8767 ], [ -65.9838, -38.8406 ], [ -65.9678, -38.7705 ], [ -65.9755, -38.7483 ], [ -65.9739, -38.7199 ] ] } },
{ "type": "Feature", "properties": { "nombre": "Camino sin nombre", "longitud_km": 1.12 }, "geometry": { "type": "LineString", "coordinates": [ [ -64.8143, -38.8236 ], [ -64.8138, -38.8337 ] ] } },
{ "type": "Feature", "properties": { "nombre": "Camino sin nombre", "longitud_km": 1.12 }, "geometry": { "type": "LineString", "coordinates": [ [ -64.8138, -38.8337 ], [ -64.8209, -38.8254 ] ] } },
{ "type": "Feature", "properties": { "nombre": "Camino sin nombre", "longitud_km": 2.27 }, "geometry": { "type": "LineString", "coordinates": [ [ -64.0747, -38.9921 ], [ -64.0487, -38.9945 ] ] } },
{ "type": "Feature", "properties": { "nombre": "Camino sin nombre", "longitud_km": 8.85 }, "geometry": { "type": "LineString", "coordinates": [ [ -66.7469, -39.0657 ], [ -66.7556, -39.0467 ], [ -66.8023, -38.9996 ] ] } },
{ "type": "Feature", "properties": { "nombre": "Camino sin nombre", "longitud_km": 6.65 }, "geometry": { "type": "LineString", "coordinates": [ [ -66.5258, -39.0877 ], [ -66.5314, -39.028 ] ] } },
{ "type": "Feature", "properties": { "nombre": "Camino sin nombre", "longitud_km": 16.03 }, "geometry": { "type": "LineString", "coordinates": [ [ -66.0944, -39.0375 ], [ -66.101, -39.1057 ], [ -66.1417, -39.1247 ], [ -66.1451, -39.1463 ], [ -66.1393, -39.1535 ], [ -66.1418, -39.162 ] ] } },
{ "type": "Feature", "properties": { "nombre": "Camino sin nombre", "longitud_km": 8.59 }, "geometry": { "type": "LineString", "coordinates": [ [ -66.8817, -39.0966 ], [ -66.9434, -39.0401 ], [ -66.9417, -39.0373 ] ] } },
{ "type": "Feature", "properties": { "nombre": "Camino sin nombre", "longitud_km": 10.37 }, "geometry": { "type": "LineString", "coordinates": [ [ -66.2271, -39.1208 ], [ -66.1999, -39.089 ], [ -66.1916, -39.0341 ] ] } },
{ "type": "Feature", "properties": { "nombre": "Camino sin nombre", "longitud_km": 3.11 }, "geometry": { "type": "LineString", "coordinates": [ [ -66.8947, -39.1458 ], [ -66.9299, -39.1401 ] ] } },
{ "type": "Feature", "properties": { "nombre": "Camino sin nombre", "longitud_km": 6.14 }, "geometry": { "type": "LineString", "coordinates": [ [ -66.8452, -39.168 ], [ -66.8786, -39.1683 ], [ -66.8839, -39.1575 ], [ -66.882, -39.1511 ], [ -66.8947, -39.1458 ] ] } },
{ "type": "Feature", "properties": { "nombre": "Camino sin nombre", "longitud_km": 6.08 }, "geometry": { "type": "LineString", "coordinates": [ [ -63.7566, -40.412 ], [ -63.7879, -40.4613 ] ] } },
{ "type": "Feature", "properties": { "nombre": "Camino sin nombre", "longitud_km": 0.27 }, "geometry": { "type": "LineString", "coordinates": [ [ -65.6688, -39.2805 ], [ -65.6694, -39.2829 ] ] } },
{ "type": "Feature", "properties": { "nombre": "Camino sin nombre", "longitud_km": 38.05 }, "geometry": { "type": "LineString", "coordinates": [ [ -65.4502, -39.8915 ], [ -65.4776, -39.8756 ], [ -65.5494, -39.9263 ], [ -65.6115, -39.9217 ], [ -65.6837, -39.9286 ], [ -65.7233, -39.9436 ], [ -65.7864, -39.9587 ], [ -65.8289, -39.9996 ] ] } },
{ "type": "Feature", "properties": { "nombre": "Camino sin nombre", "longitud_km": 15.54 }, "geometry": { "type": "LineString", "coordinates": [ [ -64.7539, -40.0176 ], [ -64.7652, -40.0258 ], [ -64.7914, -40.066 ], [ -64.8324, -40.0871 ], [ -64.8756, -40.1177 ] ] } },
{ "type": "Feature", "properties": { "nombre": "Camino sin nombre", "longitud_km": 10.75 }, "geometry": { "type": "LineString", "coordinates": [ [ -65.0187, -40.4476 ], [ -65.1449, -40.457 ] ] } },
{ "type": "Feature", "properties": { "nombre": "Camino sin nombre", "longitud_km": 4.36 }, "geometry": { "type": "LineString", "coordinates": [ [ -64.4797, -40.7472 ], [ -64.485, -40.7398 ], [ -64.4831, -40.709 ] ] } },
{ "type": "Feature", "properties": { "nombre": "Camino sin nombre", "longitud_km": 3.38 }, "geometry": { "type": "LineString", "coordinates": [ [ -63.2464, -40.7433 ], [ -63.2064, -40.7428 ] ] } },
{ "type": "Feature", "properties": { "nombre": "Camino sin nombre", "longitud_km": 2.82 }, "geometry": { "type": "LineString", "coordinates": [ [ -63.2064, -40.7428 ], [ -63.173, -40.7435 ] ] } },
{ "type": "Feature", "properties": { "nombre": "Camino sin nombre", "longitud_km": 2.0 }, "geometry": { "type": "LineString", "coordinates": [ [ -63.173, -40.7435 ], [ -63.151, -40.7501 ] ] } },
{ "type": "Feature", "properties": { "nombre": "Camino sin nombre", "longitud_km": 1.48 }, "geometry": { "type": "LineString", "coordinates": [ [ -63.2602, -40.7514 ], [ -63.2464, -40.7433 ] ] } },
{ "type": "Feature", "properties": { "nombre": "Camino sin nombre", "longitud_km": 3.13 }, "geometry": { "type": "LineString", "coordinates": [ [ -63.3308, -40.7514 ], [ -63.2937, -40.75 ] ] } },
{ "type": "Feature", "properties": { "nombre": "Camino sin nombre", "longitud_km": 0.27 }, "geometry": { "type": "LineString", "coordinates": [ [ -63.3337, -40.7523 ], [ -63.3308, -40.7514 ] ] } },
{ "type": "Feature", "properties": { "nombre": "Camino sin nombre", "longitud_km": 2.84 }, "geometry": { "type": "LineString", "coordinates": [ [ -63.2937, -40.75 ], [ -63.2602, -40.7514 ] ] } },
{ "type": "Feature", "properties": { "nombre": "Camino sin nombre", "longitud_km": 1.57 }, "geometry": { "type": "LineString", "coordinates": [ [ -63.1859, -40.7537 ], [ -63.173, -40.7435 ] ] } },
{ "type": "Feature", "properties": { "nombre": "Camino sin nombre", "longitud_km": 1.96 }, "geometry": { "type": "LineString", "coordinates": [ [ -63.151, -40.7501 ], [ -63.1315, -40.7597 ] ] } },
{ "type": "Feature", "properties": { "nombre": "Camino sin nombre", "longitud_km": 4.44 }, "geometry": { "type": "LineString", "coordinates": [ [ -65.0475, -40.7426 ], [ -64.9953, -40.7382 ] ] } },
{ "type": "Feature", "properties": { "nombre": "Camino sin nombre", "longitud_km": 1.28 }, "geometry": { "type": "LineString", "coordinates": [ [ -63.1315, -40.7597 ], [ -63.1191, -40.7663 ] ] } },
{ "type": "Feature", "properties": { "nombre": "Camino sin nombre", "longitud_km": 2.16 }, "geometry": { "type": "LineString", "coordinates": [ [ -63.2765, -40.7663 ], [ -63.2602, -40.7514 ] ] } },
{ "type": "Feature", "properties": { "nombre": "Camino sin nombre", "longitud_km": 0.95 }, "geometry": { "type": "LineString", "coordinates": [ [ -63.1191, -40.7663 ], [ -63.1082, -40.7686 ] ] } },
{ "type": "Feature", "properties": { "nombre": "Camino sin nombre", "longitud_km": 1.55 }, "geometry": { "type": "LineString", "coordinates": [ [ -63.3163, -40.7712 ], [ -63.3107, -40.7579 ] ] } },
{ "type": "Feature", "properties": { "nombre": "Camino sin nombre", "longitud_km": 4.7 }, "geometry": { "type": "LineString", "coordinates": [ [ -64.1654, -41.0076 ], [ -64.1375, -40.9892 ], [ -64.1284, -40.9767 ] ] } },
{ "type": "Feature", "properties": { "nombre": "Camino sin nombre", "longitud_km": 0.97 }, "geometry": { "type": "LineString", "coordinates": [ [ -63.321, -40.7792 ], [ -63.3163, -40.7712 ] ] } },
{ "type": "Feature", "properties": { "nombre": "Camino sin nombre", "longitud_km": 4.14 }, "geometry": { "type": "LineString", "coordinates": [ [ -63.2189, -40.7805 ], [ -63.1941, -40.7647 ], [ -63.1859, -40.7537 ] ] } },
{ "type": "Feature", "properties": { "nombre": "Camino sin nombre", "longitud_km": 2.94 }, "geometry": { "type": "LineString", "coordinates": [ [ -63.1432, -40.7812 ], [ -63.1462, -40.7709 ], [ -63.1315, -40.7597 ] ] } },
{ "type": "Feature", "properties": { "nombre": "Camino sin nombre", "longitud_km": 7.13 }, "geometry": { "type": "LineString", "coordinates": [ [ -63.3499, -40.8364 ], [ -63.3407, -40.8301 ], [ -63.329, -40.7897 ], [ -63.3191, -40.7785 ] ] } },
{ "type": "Feature", "properties": { "nombre": "Camino sin nombre", "longitud_km": 10.8 }, "geometry": { "type": "LineString", "coordinates": [ [ -63.8289, -40.7128 ], [ -63.8289, -40.7626 ], [ -63.8708, -40.7977 ] ] } },
{ "type": "Feature", "properties": { "nombre": "Camino sin nombre", "longitud_km": 2.5 }, "geometry": { "type": "LineString", "coordinates": [ [ -63.1313, -40.8019 ], [ -63.1432, -40.7812 ] ] } },
{ "type": "Feature", "properties": { "nombre": "Camino sin nombre", "longitud_km": 4.24 }, "geometry": { "type": "LineString", "coordinates": [ [ -62.8013, -41.021 ], [ -62.8366, -41.0483 ] ] } },
{ "type": "Feature", "properties": { "nombre": "Camino sin nombre", "longitud_km": 1.85 }, "geometry": { "type": "LineString", "coordinates": [ [ -65.6653, -41.2944 ], [ -65.6663, -41.311 ] ] } },
{ "type": "Feature", "properties": { "nombre": "Camino sin nombre", "longitud_km": 1.21 }, "geometry": { "type": "LineString", "coordinates": [ [ -65.6663, -41.311 ], [ -65.6524, -41.3139 ] ] } },
{ "type": "Feature", "properties": { "nombre": "Camino sin nombre", "longitud_km": 2.24 }, "geometry": { "type": "LineString", "coordinates": [ [ -67.4806, -41.0694 ], [ -67.454, -41.0709 ] ] } },
{ "type": "Feature", "properties": { "nombre": "Camino sin nombre", "longitud_km": 0.53 }, "geometry": { "type": "LineString", "coordinates": [ [ -65.6524, -41.3139 ], [ -65.6465, -41.3159 ] ] } },
{ "type": "Feature", "properties": { "nombre": "Camino sin nombre", "longitud_km": 0.61 }, "geometry": { "type": "LineString", "coordinates": [ [ -65.6465, -41.3159 ], [ -65.6392, -41.3164 ] ] } },
{ "type": "Feature", "properties": { "nombre": "Camino sin nombre", "longitud_km": 5.13 }, "geometry": { "type": "LineString", "coordinates": [ [ -65.9402, -41.1631 ], [ -65.9108, -41.2036 ] ] } },
{ "type": "Feature", "properties": { "nombre": "Camino sin nombre", "longitud_km": 15.69 }, "geometry": { "type": "LineString", "coordinates": [ [ -65.9108, -41.2036 ], [ -65.8596, -41.2264 ], [ -65.8483, -41.2247 ], [ -65.7351, -41.2442 ] ] } },
{ "type": "Feature", "properties": { "nombre": "Camino sin nombre", "longitud_km": 1.15 }, "geometry": { "type": "LineString", "coordinates": [ [ -65.7351, -41.2442 ], [ -65.7217, -41.2463 ] ] } },
{ "type": "Feature", "properties": { "nombre": "Camino sin nombre", "longitud_km": 7.13 }, "geometry": { "type": "LineString", "coordinates": [ [ -65.7217, -41.2463 ], [ -65.6653, -41.2944 ] ] } },
{ "type": "Feature", "properties": { "nombre": "Camino sin nombre", "longitud_km": 0.53 }, "geometry": { "type": "LineString", "coordinates": [ [ -65.3677, -41.6726 ], [ -65.3621, -41.6704 ] ] } },
{ "type": "Feature", "properties": { "nombre": "Camino sin nombre", "longitud_km": 1.26 }, "geometry": { "type": "LineString", "coordinates": [ [ -65.1432, -41.622 ], [ -65.1386, -41.6329 ] ] } },
{ "type": "Feature", "properties": { "nombre": "Camino sin nombre", "longitud_km": 3.24 }, "geometry": { "type": "LineString", "coordinates": [ [ -65.3621, -41.6704 ], [ -65.3247, -41.6624 ] ] } },
{ "type": "Feature", "properties": { "nombre": "Camino sin nombre", "longitud_km": 8.74 }, "geometry": { "type": "LineString", "coordinates": [ [ -69.2315, -41.773 ], [ -69.2123, -41.7602 ], [ -69.1887, -41.7324 ], [ -69.202, -41.7079 ] ] } },
{ "type": "Feature", "properties": { "nombre": "Camino sin nombre", "longitud_km": 11.32 }, "geometry": { "type": "LineString", "coordinates": [ [ -69.3559, -41.7799 ], [ -69.3157, -41.7899 ], [ -69.272, -41.7842 ], [ -69.2643, -41.7783 ], [ -69.2435, -41.7821 ], [ -69.2315, -41.773 ] ] } },
{ "type": "Feature", "properties": { "nombre": "Camino sin nombre", "longitud_km": 12.06 }, "geometry": { "type": "LineString", "coordinates": [ [ -69.3621, -41.8496 ], [ -69.3231, -41.8665 ], [ -69.2916, -41.8519 ], [ -69.2733, -41.855 ], [ -69.2483, -41.8627 ], [ -69.2397, -41.8739 ] ] } },
{ "type": "Feature", "properties": { "nombre": "Camino sin nombre", "longitud_km": 18.67 }, "geometry": { "type": "LineString", "coordinates": [ [ -69.2397, -41.8739 ], [ -69.2297, -41.8874 ], [ -69.2251, -41.9158 ], [ -69.217, -41.9206 ], [ -69.1233, -41.9235 ], [ -69.1161, -41.9368 ], [ -69.0873, -41.9605 ] ] } },
{ "type": "Feature", "properties": { "nombre": "Camino sin nombre", "longitud_km": 8.33 }, "geometry": { "type": "LineString", "coordinates": [ [ -71.4342, -41.7693 ], [ -71.4713, -41.7833 ], [ -71.5032, -41.8201 ] ] } },
{ "type": "Feature", "properties": { "nombre": "Camino sin nombre", "longitud_km": 10.97 }, "geometry": { "type": "LineString", "coordinates": [ [ -71.5032, -41.8201 ], [ -71.5101, -41.8384 ], [ -71.5068, -41.8479 ], [ -71.4976, -41.8584 ], [ -71.4847, -41.8627 ], [ -71.4851, -41.8677 ], [ -71.5116, -41.888 ], [ -71.5096, -41.8937 ], [ -71.4997, -41.8955 ] ] } },
{ "type": "Feature", "properties": { "nombre": "Camino sin nombre", "longitud_km": 13.19 }, "geometry": { "type": "LineString", "coordinates": [ [ -71.526, -41.9208 ], [ -71.5348, -41.904 ], [ -71.5331, -41.8469 ], [ -71.5295, -41.8326 ], [ -71.512, -41.8159 ], [ -71.5032, -41.8201 ] ] } },
{ "type": "Feature", "properties": { "nombre": "Camino sin nombre", "longitud_km": 0.31 }, "geometry": { "type": "LineString", "coordinates": [ [ -66.93, -39.1373 ], [ -66.9299, -39.1401 ] ] } },
{ "type": "Feature", "properties": { "nombre": "Camino sin nombre", "longitud_km": 8.44 }, "geometry": { "type": "LineString", "coordinates": [ [ -67.7928, -37.8798 ], [ -67.7772, -37.8736 ], [ -67.7637, -37.8608 ], [ -67.7461, -37.8571 ], [ -67.7411, -37.8646 ], [ -67.713, -37.8687 ] ] } },
{ "type": "Feature", "properties": { "nombre": "Camino sin nombre", "longitud_km": 3.33 }, "geometry": { "type": "LineString", "coordinates": [ [ -67.7928, -37.8798 ], [ -67.792, -37.8498 ] ] } },
{ "type": "Feature", "properties": { "nombre": "Camino sin nombre", "longitud_km": 1.74 }, "geometry": { "type": "LineString", "coordinates": [ [ -67.8053, -37.8855 ], [ -67.7929, -37.8857 ], [ -67.7928, -37.8798 ] ] } },
{ "type": "Feature", "properties": { "nombre": "Camino sin nombre", "longitud_km": 1.27 }, "geometry": { "type": "LineString", "coordinates": [ [ -67.8053, -37.8855 ], [ -67.7928, -37.8798 ] ] } },
{ "type": "Feature", "properties": { "nombre": "Camino sin nombre", "longitud_km": 3.42 }, "geometry": { "type": "LineString", "coordinates": [ [ -67.8442, -37.8857 ], [ -67.8053, -37.8855 ] ] } },
{ "type": "Feature", "properties": { "nombre": "Camino sin nombre", "longitud_km": 0.15 }, "geometry": { "type": "LineString", "coordinates": [ [ -67.3982, -39.0514 ], [ -67.3985, -39.0527 ] ] } },
{ "type": "Feature", "properties": { "nombre": "Camino sin nombre", "longitud_km": 1.61 }, "geometry": { "type": "LineString", "coordinates": [ [ -64.0562, -39.0179 ], [ -64.0747, -39.0175 ] ] } },
{ "type": "Feature", "properties": { "nombre": "Camino sin nombre", "longitud_km": 1.8 }, "geometry": { "type": "LineString", "coordinates": [ [ -64.0354, -39.0183 ], [ -64.0562, -39.0179 ] ] } },
{ "type": "Feature", "properties": { "nombre": "Camino sin nombre", "longitud_km": 0.87 }, "geometry": { "type": "LineString", "coordinates": [ [ -64.0562, -39.0179 ], [ -64.0563, -39.0257 ] ] } },
{ "type": "Feature", "properties": { "nombre": "Camino sin nombre", "longitud_km": 1.25 }, "geometry": { "type": "LineString", "coordinates": [ [ -64.0354, -39.0183 ], [ -64.0289, -39.0221 ], [ -64.0291, -39.027 ] ] } },
{ "type": "Feature", "properties": { "nombre": "Camino sin nombre", "longitud_km": 1.42 }, "geometry": { "type": "LineString", "coordinates": [ [ -64.0291, -39.027 ], [ -64.0126, -39.0276 ] ] } },
{ "type": "Feature", "properties": { "nombre": "Camino sin nombre", "longitud_km": 0.9 }, "geometry": { "type": "LineString", "coordinates": [ [ -64.0291, -39.027 ], [ -64.0293, -39.0351 ] ] } },
{ "type": "Feature", "properties": { "nombre": "Camino sin nombre", "longitud_km": 2.56 }, "geometry": { "type": "LineString", "coordinates": [ [ -64.0563, -39.0257 ], [ -64.0293, -39.0351 ] ] } },
{ "type": "Feature", "properties": { "nombre": "Camino sin nombre", "longitud_km": 2.76 }, "geometry": { "type": "LineString", "coordinates": [ [ -64.0126, -39.0276 ], [ -63.9877, -39.0431 ] ] } },
{ "type": "Feature", "properties": { "nombre": "Camino sin nombre", "longitud_km": 0.74 }, "geometry": { "type": "LineString", "coordinates": [ [ -63.9877, -39.0431 ], [ -63.9801, -39.0461 ] ] } },
{ "type": "Feature", "properties": { "nombre": "Camino sin nombre", "longitud_km": 2.72 }, "geometry": { "type": "LineString", "coordinates": [ [ -64.0293, -39.0351 ], [ -64.002, -39.0473 ] ] } },
{ "type": "Feature", "properties": { "nombre": "Camino sin nombre", "longitud_km": 0.24 }, "geometry": { "type": "LineString", "coordinates": [ [ -67.5461, -39.0156 ], [ -67.5439, -39.0145 ] ] } },
{ "type": "Feature", "properties": { "nombre": "Camino sin nombre", "longitud_km": 0.59 }, "geometry": { "type": "LineString", "coordinates": [ [ -67.3846, -39.0493 ], [ -67.3855, -39.0546 ] ] } },
{ "type": "Feature", "properties": { "nombre": "Camino sin nombre", "longitud_km": 0.67 }, "geometry": { "type": "LineString", "coordinates": [ [ -67.3985, -39.0527 ], [ -67.3996, -39.0587 ] ] } },
{ "type": "Feature", "properties": { "nombre": "Camino sin nombre", "longitud_km": 0.63 }, "geometry": { "type": "LineString", "coordinates": [ [ -67.3855, -39.0546 ], [ -67.3865, -39.0602 ] ] } },
{ "type": "Feature", "properties": { "nombre": "Camino sin nombre", "longitud_km": 0.89 }, "geometry": { "type": "LineString", "coordinates": [ [ -67.0557, -39.119 ], [ -67.0577, -39.1268 ] ] } },
{ "type": "Feature", "properties": { "nombre": "Camino sin nombre", "longitud_km": 3.15 }, "geometry": { "type": "LineString", "coordinates": [ [ -67.0991, -39.1038 ], [ -67.0968, -39.0941 ], [ -67.1086, -39.0928 ], [ -67.1105, -39.102 ] ] } },
{ "type": "Feature", "properties": { "nombre": "Camino sin nombre", "longitud_km": 1.2 }, "geometry": { "type": "LineString", "coordinates": [ [ -67.0777, -39.1083 ], [ -67.0758, -39.0976 ] ] } },
{ "type": "Feature", "properties": { "nombre": "Camino sin nombre", "longitud_km": 1.17 }, "geometry": { "type": "LineString", "coordinates": [ [ -67.0388, -39.1013 ], [ -67.0416, -39.1116 ] ] } },
{ "type": "Feature", "properties": { "nombre": "Camino sin nombre", "longitud_km": 0.98 }, "geometry": { "type": "LineString", "coordinates": [ [ -67.1105, -39.102 ], [ -67.1124, -39.1108 ] ] } },
{ "type": "Feature", "properties": { "nombre": "Camino sin nombre", "longitud_km": 1.08 }, "geometry": { "type": "LineString", "coordinates": [ [ -67.0777, -39.1083 ], [ -67.0663, -39.1124 ] ] } },
{ "type": "Feature", "properties": { "nombre": "Camino sin nombre", "longitud_km": 2.02 }, "geometry": { "type": "LineString", "coordinates": [ [ -67.0851, -39.0945 ], [ -67.0894, -39.1125 ] ] } },
{ "type": "Feature", "properties": { "nombre": "Camino sin nombre", "longitud_km": 0.98 }, "geometry": { "type": "LineString", "coordinates": [ [ -67.0991, -39.1038 ], [ -67.1012, -39.1124 ] ] } },
{ "type": "Feature", "properties": { "nombre": "Camino sin nombre", "longitud_km": 0.64 }, "geometry": { "type": "LineString", "coordinates": [ [ -67.0787, -39.114 ], [ -67.0777, -39.1083 ] ] } },
{ "type": "Feature", "properties": { "nombre": "Camino sin nombre", "longitud_km": 0.18 }, "geometry": { "type": "LineString", "coordinates": [ [ -67.0894, -39.1125 ], [ -67.0897, -39.1141 ] ] } },
{ "type": "Feature", "properties": { "nombre": "Camino sin nombre", "longitud_km": 0.97 }, "geometry": { "type": "LineString", "coordinates": [ [ -66.9945, -39.1094 ], [ -66.9963, -39.1181 ] ] } },
{ "type": "Feature", "properties": { "nombre": "Camino sin nombre", "longitud_km": 1.06 }, "geometry": { "type": "LineString", "coordinates": [ [ -66.9963, -39.1181 ], [ -66.9983, -39.1275 ] ] } },
{ "type": "Feature", "properties": { "nombre": "Camino sin nombre", "longitud_km": 1.6 }, "geometry": { "type": "LineString", "coordinates": [ [ -67.0663, -39.1124 ], [ -67.0676, -39.1174 ], [ -67.0557, -39.119 ] ] } },
{ "type": "Feature", "properties": { "nombre": "Camino sin nombre", "longitud_km": 1.97 }, "geometry": { "type": "LineString", "coordinates": [ [ -66.9716, -39.1134 ], [ -66.9757, -39.1308 ] ] } },
{ "type": "Feature", "properties": { "nombre": "Camino sin nombre", "longitud_km": 0.85 }, "geometry": { "type": "LineString", "coordinates": [ [ -67.1124, -39.1108 ], [ -67.1143, -39.1182 ] ] } },
{ "type": "Feature", "properties": { "nombre": "Camino sin nombre", "longitud_km": 0.44 }, "geometry": { "type": "LineString", "coordinates": [ [ -66.9311, -39.1208 ], [ -66.9306, -39.1247 ] ] } },
{ "type": "Feature", "properties": { "nombre": "Camino sin nombre", "longitud_km": 1.05 }, "geometry": { "type": "LineString", "coordinates": [ [ -67.0416, -39.1116 ], [ -67.044, -39.1209 ] ] } },
{ "type": "Feature", "properties": { "nombre": "Camino sin nombre", "longitud_km": 1.04 }, "geometry": { "type": "LineString", "coordinates": [ [ -67.0557, -39.119 ], [ -67.044, -39.1209 ] ] } },
{ "type": "Feature", "properties": { "nombre": "Camino sin nombre", "longitud_km": 0.86 }, "geometry": { "type": "LineString", "coordinates": [ [ -67.1012, -39.1124 ], [ -67.1029, -39.12 ] ] } },
{ "type": "Feature", "properties": { "nombre": "Camino sin nombre", "longitud_km": 0.86 }, "geometry": { "type": "LineString", "coordinates": [ [ -67.0897, -39.1141 ], [ -67.0915, -39.1217 ] ] } },
{ "type": "Feature", "properties": { "nombre": "Camino sin nombre", "longitud_km": 0.36 }, "geometry": { "type": "LineString", "coordinates": [ [ -67.1143, -39.1182 ], [ -67.1151, -39.1214 ] ] } },
{ "type": "Feature", "properties": { "nombre": "Camino sin nombre", "longitud_km": 2.64 }, "geometry": { "type": "LineString", "coordinates": [ [ -66.9306, -39.1247 ], [ -66.9008, -39.1301 ] ] } },
{ "type": "Feature", "properties": { "nombre": "Camino sin nombre", "longitud_km": 1.04 }, "geometry": { "type": "LineString", "coordinates": [ [ -67.0803, -39.1233 ], [ -67.0787, -39.114 ] ] } },
{ "type": "Feature", "properties": { "nombre": "Camino sin nombre", "longitud_km": 1.9 }, "geometry": { "type": "LineString", "coordinates": [ [ -66.9489, -39.1173 ], [ -66.9526, -39.1342 ] ] } },
{ "type": "Feature", "properties": { "nombre": "Camino sin nombre", "longitud_km": 0.34 }, "geometry": { "type": "LineString", "coordinates": [ [ -67.1029, -39.12 ], [ -67.1036, -39.1231 ] ] } },
{ "type": "Feature", "properties": { "nombre": "Camino sin nombre", "longitud_km": 0.34 }, "geometry": { "type": "LineString", "coordinates": [ [ -67.0915, -39.1217 ], [ -67.0922, -39.1247 ] ] } },
{ "type": "Feature", "properties": { "nombre": "Camino sin nombre", "longitud_km": 0.35 }, "geometry": { "type": "LineString", "coordinates": [ [ -67.081, -39.1264 ], [ -67.0803, -39.1233 ] ] } },
{ "type": "Feature", "properties": { "nombre": "Camino sin nombre", "longitud_km": 0.66 }, "geometry": { "type": "LineString", "coordinates": [ [ -67.1151, -39.1214 ], [ -67.1166, -39.1272 ] ] } },
{ "type": "Feature", "properties": { "nombre": "Camino sin nombre", "longitud_km": 0.31 }, "geometry": { "type": "LineString", "coordinates": [ [ -67.0577, -39.1268 ], [ -67.0584, -39.1296 ] ] } },
{ "type": "Feature", "properties": { "nombre": "Camino sin nombre", "longitud_km": 1.07 }, "geometry": { "type": "LineString", "coordinates": [ [ -67.044, -39.1209 ], [ -67.0463, -39.1304 ] ] } },
{ "type": "Feature", "properties": { "nombre": "Camino sin nombre", "longitud_km": 0.67 }, "geometry": { "type": "LineString", "coordinates": [ [ -66.8936, -39.1361 ], [ -66.8859, -39.1355 ] ] } },
{ "type": "Feature", "properties": { "nombre": "Camino sin nombre", "longitud_km": 0.66 }, "geometry": { "type": "LineString", "coordinates": [ [ -67.1036, -39.1231 ], [ -67.105, -39.1289 ] ] } },
{ "type": "Feature", "properties": { "nombre": "Camino sin nombre", "longitud_km": 3.16 }, "geometry": { "type": "LineString", "coordinates": [ [ -66.9302, -39.135 ], [ -66.8936, -39.1361 ] ] } },
{ "type": "Feature", "properties": { "nombre": "Camino sin nombre", "longitud_km": 1.15 }, "geometry": { "type": "LineString", "coordinates": [ [ -66.9306, -39.1247 ], [ -66.9302, -39.135 ] ] } },
{ "type": "Feature", "properties": { "nombre": "Camino sin nombre", "longitud_km": 0.66 }, "geometry": { "type": "LineString", "coordinates": [ [ -67.0922, -39.1247 ], [ -67.0936, -39.1306 ] ] } },
{ "type": "Feature", "properties": { "nombre": "Camino sin nombre", "longitud_km": 0.25 }, "geometry": { "type": "LineString", "coordinates": [ [ -66.9302, -39.135 ], [ -66.93, -39.1373 ] ] } },
{ "type": "Feature", "properties": { "nombre": "Camino sin nombre", "longitud_km": 0.66 }, "geometry": { "type": "LineString", "coordinates": [ [ -67.0824, -39.1322 ], [ -67.081, -39.1264 ] ] } },
{ "type": "Feature", "properties": { "nombre": "Camino sin nombre", "longitud_km": 0.35 }, "geometry": { "type": "LineString", "coordinates": [ [ -67.105, -39.1289 ], [ -67.1053, -39.1321 ] ] } },
{ "type": "Feature", "properties": { "nombre": "Camino sin nombre", "longitud_km": 1.0 }, "geometry": { "type": "LineString", "coordinates": [ [ -66.9983, -39.1275 ], [ -67.0002, -39.1364 ] ] } },
{ "type": "Feature", "properties": { "nombre": "Camino sin nombre", "longitud_km": 0.46 }, "geometry": { "type": "LineString", "coordinates": [ [ -66.9526, -39.1342 ], [ -66.9535, -39.1383 ] ] } },
{ "type": "Feature", "properties": { "nombre": "Camino sin nombre", "longitud_km": 0.36 }, "geometry": { "type": "LineString", "coordinates": [ [ -67.0936, -39.1306 ], [ -67.0944, -39.1338 ] ] } },
{ "type": "Feature", "properties": { "nombre": "Camino sin nombre", "longitud_km": 0.73 }, "geometry": { "type": "LineString", "coordinates": [ [ -67.0584, -39.1296 ], [ -67.06, -39.1361 ] ] } },
{ "type": "Feature", "properties": { "nombre": "Camino sin nombre", "longitud_km": 0.37 }, "geometry": { "type": "LineString", "coordinates": [ [ -67.0831, -39.1355 ], [ -67.0824, -39.1322 ] ] } },
{ "type": "Feature", "properties": { "nombre": "Camino sin nombre", "longitud_km": 0.98 }, "geometry": { "type": "LineString", "coordinates": [ [ -66.9757, -39.1308 ], [ -66.9777, -39.1395 ] ] } },
{ "type": "Feature", "properties": { "nombre": "Camino sin nombre", "longitud_km": 0.46 }, "geometry": { "type": "LineString", "coordinates": [ [ -67.0002, -39.1364 ], [ -67.0011, -39.1405 ] ] } },
{ "type": "Feature", "properties": { "nombre": "Camino sin nombre", "longitud_km": 0.51 }, "geometry": { "type": "LineString", "coordinates": [ [ -66.9535, -39.1383 ], [ -66.9545, -39.1428 ] ] } },
{ "type": "Feature", "properties": { "nombre": "Camino sin nombre", "longitud_km": 0.42 }, "geometry": { "type": "LineString", "coordinates": [ [ -67.06, -39.1361 ], [ -67.0609, -39.1398 ] ] } },
{ "type": "Feature", "properties": { "nombre": "Camino sin nombre", "longitud_km": 0.49 }, "geometry": { "type": "LineString", "coordinates": [ [ -66.9777, -39.1395 ], [ -66.9787, -39.1439 ] ] } },
{ "type": "Feature", "properties": { "nombre": "Camino sin nombre", "longitud_km": 0.36 }, "geometry": { "type": "LineString", "coordinates": [ [ -67.0011, -39.1405 ], [ -67.0018, -39.1437 ] ] } },
{ "type": "Feature", "properties": { "nombre": "Camino sin nombre", "longitud_km": 0.8 }, "geometry": { "type": "LineString", "coordinates": [ [ -67.0944, -39.1338 ], [ -67.096, -39.1409 ] ] } },
{ "type": "Feature", "properties": { "nombre": "Camino sin nombre", "longitud_km": 0.37 }, "geometry": { "type": "LineString", "coordinates": [ [ -66.9545, -39.1428 ], [ -66.9552, -39.1461 ] ] } },
{ "type": "Feature", "properties": { "nombre": "Camino sin nombre", "longitud_km": 0.8 }, "geometry": { "type": "LineString", "coordinates": [ [ -67.0848, -39.1426 ], [ -67.0831, -39.1355 ] ] } },
{ "type": "Feature", "properties": { "nombre": "Camino sin nombre", "longitud_km": 5.99 }, "geometry": { "type": "LineString", "coordinates": [ [ -66.1441, -39.1636 ], [ -66.1709, -39.1726 ], [ -66.2041, -39.169 ], [ -66.2013, -39.1644 ] ] } },
{ "type": "Feature", "properties": { "nombre": "Camino sin nombre", "longitud_km": 0.36 }, "geometry": { "type": "LineString", "coordinates": [ [ -66.9787, -39.1439 ], [ -66.9795, -39.1471 ] ] } },
{ "type": "Feature", "properties": { "nombre": "Camino sin nombre", "longitud_km": 1.43 }, "geometry": { "type": "LineString", "coordinates": [ [ -67.0609, -39.1398 ], [ -67.0639, -39.1524 ] ] } },
{ "type": "Feature", "properties": { "nombre": "Camino sin nombre", "longitud_km": 0.97 }, "geometry": { "type": "LineString", "coordinates": [ [ -66.9795, -39.1471 ], [ -66.9815, -39.1557 ] ] } },
{ "type": "Feature", "properties": { "nombre": "Camino sin nombre", "longitud_km": 1.21 }, "geometry": { "type": "LineString", "coordinates": [ [ -67.0873, -39.1533 ], [ -67.0848, -39.1426 ] ] } },
{ "type": "Feature", "properties": { "nombre": "Camino sin nombre", "longitud_km": 1.87 }, "geometry": { "type": "LineString", "coordinates": [ [ -67.0962, -39.1676 ], [ -67.0901, -39.1639 ], [ -67.0873, -39.1533 ] ] } },
{ "type": "Feature", "properties": { "nombre": "Camino sin nombre", "longitud_km": 0.71 }, "geometry": { "type": "LineString", "coordinates": [ [ -65.7172, -39.2923 ], [ -65.7117, -39.297 ] ] } },
{ "type": "Feature", "properties": { "nombre": "Camino sin nombre", "longitud_km": 0.88 }, "geometry": { "type": "LineString", "coordinates": [ [ -65.7247, -39.2977 ], [ -65.7172, -39.2923 ] ] } },
{ "type": "Feature", "properties": { "nombre": "Camino sin nombre", "longitud_km": 0.57 }, "geometry": { "type": "LineString", "coordinates": [ [ -65.7117, -39.297 ], [ -65.7104, -39.302 ] ] } },
{ "type": "Feature", "properties": { "nombre": "Camino sin nombre", "longitud_km": 0.67 }, "geometry": { "type": "LineString", "coordinates": [ [ -65.7304, -39.3019 ], [ -65.7247, -39.2977 ] ] } },
{ "type": "Feature", "properties": { "nombre": "Camino sin nombre", "longitud_km": 0.18 }, "geometry": { "type": "LineString", "coordinates": [ [ -65.7319, -39.3029 ], [ -65.7304, -39.3019 ] ] } },
{ "type": "Feature", "properties": { "nombre": "Camino sin nombre", "longitud_km": 0.79 }, "geometry": { "type": "LineString", "coordinates": [ [ -65.7104, -39.302 ], [ -65.7039, -39.307 ] ] } },
{ "type": "Feature", "properties": { "nombre": "Camino sin nombre", "longitud_km": 0.85 }, "geometry": { "type": "LineString", "coordinates": [ [ -65.739, -39.3081 ], [ -65.7319, -39.3029 ] ] } },
{ "type": "Feature", "properties": { "nombre": "Camino sin nombre", "longitud_km": 0.36 }, "geometry": { "type": "LineString", "coordinates": [ [ -65.7039, -39.307 ], [ -65.701, -39.3093 ] ] } },
{ "type": "Feature", "properties": { "nombre": "Camino sin nombre", "longitud_km": 0.5 }, "geometry": { "type": "LineString", "coordinates": [ [ -65.701, -39.3093 ], [ -65.6969, -39.3125 ] ] } },
{ "type": "Feature", "properties": { "nombre": "Camino sin nombre", "longitud_km": 0.79 }, "geometry": { "type": "LineString", "coordinates": [ [ -65.7457, -39.313 ], [ -65.739, -39.3081 ] ] } },
{ "type": "Feature", "properties": { "nombre": "Camino sin nombre", "longitud_km": 3.78 }, "geometry": { "type": "LineString", "coordinates": [ [ -64.4789, -40.0442 ], [ -64.4731, -40.0652 ], [ -64.4607, -40.0733 ] ] } },
{ "type": "Feature", "properties": { "nombre": "Camino sin nombre", "longitud_km": 0.64 }, "geometry": { "type": "LineString", "coordinates": [ [ -65.0061, -40.7136 ], [ -65.0012, -40.7091 ] ] } },
{ "type": "Feature", "properties": { "nombre": "Camino sin nombre", "longitud_km": 1.44 }, "geometry": { "type": "LineString", "coordinates": [ [ -63.1082, -40.7686 ], [ -63.0913, -40.7702 ] ] } },
{ "type": "Feature", "properties": { "nombre": "Camino sin nombre", "longitud_km": 3.85 }, "geometry": { "type": "LineString", "coordinates": [ [ -63.0512, -40.7867 ], [ -63.0913, -40.7702 ] ] } },
{ "type": "Feature", "properties": { "nombre": "Camino sin nombre", "longitud_km": 4.17 }, "geometry": { "type": "LineString", "coordinates": [ [ -63.0512, -40.7867 ], [ -63.0159, -40.8129 ] ] } },
{ "type": "Feature", "properties": { "nombre": "Camino sin nombre", "longitud_km": 0.27 }, "geometry": { "type": "LineString", "coordinates": [ [ -63.015, -40.8136 ], [ -63.0173, -40.8118 ] ] } },
{ "type": "Feature", "properties": { "nombre": "Camino sin nombre", "longitud_km": 4.12 }, "geometry": { "type": "LineString", "coordinates": [ [ -63.0512, -40.7867 ], [ -63.0789, -40.8048 ], [ -63.0829, -40.8137 ] ] } },
{ "type": "Feature", "properties": { "nombre": "Camino sin nombre", "longitud_km": 0.98 }, "geometry": { "type": "LineString", "coordinates": [ [ -62.9834, -40.8238 ], [ -62.9891, -40.8162 ] ] } },
{ "type": "Feature", "properties": { "nombre": "Camino sin nombre", "longitud_km": 1.85 }, "geometry": { "type": "LineString", "coordinates": [ [ -62.9995, -40.8254 ], [ -63.015, -40.8136 ] ] } },
{ "type": "Feature", "properties": { "nombre": "Camino sin nombre", "longitud_km": 0.74 }, "geometry": { "type": "LineString", "coordinates": [ [ -62.9928, -40.8297 ], [ -62.9995, -40.8254 ] ] } },
{ "type": "Feature", "properties": { "nombre": "Camino sin nombre", "longitud_km": 0.3 }, "geometry": { "type": "LineString", "coordinates": [ [ -62.9902, -40.8315 ], [ -62.9928, -40.8297 ] ] } },
{ "type": "Feature", "properties": { "nombre": "Camino sin nombre", "longitud_km": 0.9 }, "geometry": { "type": "LineString", "coordinates": [ [ -62.9814, -40.8318 ], [ -62.9834, -40.8238 ] ] } },
{ "type": "Feature", "properties": { "nombre": "Camino sin nombre", "longitud_km": 0.86 }, "geometry": { "type": "LineString", "coordinates": [ [ -62.9831, -40.8371 ], [ -62.9902, -40.8315 ] ] } },
{ "type": "Feature", "properties": { "nombre": "Camino sin nombre", "longitud_km": 1.14 }, "geometry": { "type": "LineString", "coordinates": [ [ -63.0008, -40.8377 ], [ -62.9902, -40.8315 ] ] } },
{ "type": "Feature", "properties": { "nombre": "Camino sin nombre", "longitud_km": 0.89 }, "geometry": { "type": "LineString", "coordinates": [ [ -65.3642, -41.613 ], [ -65.3623, -41.6051 ] ] } },
{ "type": "Feature", "properties": { "nombre": "Camino sin nombre", "longitud_km": 0.77 }, "geometry": { "type": "LineString", "coordinates": [ [ -65.3631, -41.6051 ], [ -65.3544, -41.6028 ] ] } },
{ "type": "Feature", "properties": { "nombre": "Camino sin nombre", "longitud_km": 0.84 }, "geometry": { "type": "LineString", "coordinates": [ [ -65.3642, -41.613 ], [ -65.3542, -41.6139 ] ] } },
{ "type": "Feature", "properties": { "nombre": "Camino sin nombre", "longitud_km": 2.14 }, "geometry": { "type": "LineString", "coordinates": [ [ -65.3642, -41.613 ], [ -65.3677, -41.6201 ], [ -65.3636, -41.6314 ] ] } },
{ "type": "Feature", "properties": { "nombre": "Camino sin nombre", "longitud_km": 0.46 }, "geometry": { "type": "LineString", "coordinates": [ [ -71.5369, -41.9668 ], [ -71.5331, -41.9699 ] ] } },
{ "type": "Feature", "properties": { "nombre": "Camino sin nombre", "longitud_km": 0.04 }, "geometry": { "type": "LineString", "coordinates": [ [ -68.0487, -38.8468 ], [ -68.0484, -38.8471 ] ] } },
{ "type": "Feature", "properties": { "nombre": "Camino sin nombre", "longitud_km": 0.42 }, "geometry": { "type": "LineString", "coordinates": [ [ -68.1626, -38.7233 ], [ -68.1578, -38.7228 ] ] } },
{ "type": "Feature", "properties": { "nombre": "Camino sin nombre", "longitud_km": 0.5 }, "geometry": { "type": "LineString", "coordinates": [ [ -70.7103, -40.8269 ], [ -70.7066, -40.8304 ] ] } },
{ "type": "Feature", "properties": { "nombre": "Camino sin nombre", "longitud_km": 1.03 }, "geometry": { "type": "LineString", "coordinates": [ [ -67.6863, -39.0395 ], [ -67.698, -39.038 ] ] } },
{ "type": "Feature", "properties": { "nombre": "Camino sin nombre", "longitud_km": 3.17 }, "geometry": { "type": "LineString", "coordinates": [ [ -68.2272, -38.6753 ], [ -68.2233, -38.7037 ] ] } },
{ "type": "Feature", "properties": { "nombre": "Camino sin nombre", "longitud_km": 3.02 }, "geometry": { "type": "LineString", "coordinates": [ [ -68.0403, -38.8055 ], [ -68.022, -38.7959 ], [ -68.0093, -38.7969 ] ] } },
{ "type": "Feature", "properties": { "nombre": "Camino sin nombre", "longitud_km": 3.48 }, "geometry": { "type": "LineString", "coordinates": [ [ -70.8257, -40.833 ], [ -70.8364, -40.8239 ], [ -70.831, -40.819 ], [ -70.8303, -40.8063 ] ] } },
{ "type": "Feature", "properties": { "nombre": "Camino sin nombre", "longitud_km": 0.91 }, "geometry": { "type": "LineString", "coordinates": [ [ -68.0093, -38.7969 ], [ -68.0, -38.7932 ] ] } },
{ "type": "Feature", "properties": { "nombre": "Camino sin nombre", "longitud_km": 2.85 }, "geometry": { "type": "LineString", "coordinates": [ [ -70.8257, -40.833 ], [ -70.8092, -40.8385 ], [ -70.7963, -40.8316 ] ] } },
{ "type": "Feature", "properties": { "nombre": "Camino sin nombre", "longitud_km": 0.04 }, "geometry": { "type": "LineString", "coordinates": [ [ -68.0098, -38.9527 ], [ -68.0095, -38.9529 ] ] } },
{ "type": "Feature", "properties": { "nombre": "Camino sin nombre", "longitud_km": 1.36 }, "geometry": { "type": "LineString", "coordinates": [ [ -70.5169, -40.7644 ], [ -70.5073, -40.7546 ] ] } },
{ "type": "Feature", "properties": { "nombre": "Camino sin nombre", "longitud_km": 0.07 }, "geometry": { "type": "LineString", "coordinates": [ [ -67.701, -39.056 ], [ -67.7018, -39.0559 ] ] } },
{ "type": "Feature", "properties": { "nombre": "Camino sin nombre", "longitud_km": 0.3 }, "geometry": { "type": "LineString", "coordinates": [ [ -70.673, -40.7967 ], [ -70.6745, -40.7943 ] ] } },
{ "type": "Feature", "properties": { "nombre": "Camino sin nombre", "longitud_km": 0.65 }, "geometry": { "type": "LineString", "coordinates": [ [ -70.598, -40.7325 ], [ -70.5958, -40.7269 ] ] } },
{ "type": "Feature", "properties": { "nombre": "Camino sin nombre", "longitud_km": 2.49 }, "geometry": { "type": "LineString", "coordinates": [ [ -68.0571, -38.8604 ], [ -68.0284, -38.8604 ] ] } },
{ "type": "Feature", "properties": { "nombre": "Camino sin nombre", "longitud_km": 4.12 }, "geometry": { "type": "LineString", "coordinates": [ [ -70.5403, -40.7786 ], [ -70.5476, -40.7757 ], [ -70.5642, -40.7517 ], [ -70.5692, -40.7516 ] ] } },
{ "type": "Feature", "properties": { "nombre": "Camino sin nombre", "longitud_km": 0.91 }, "geometry": { "type": "LineString", "coordinates": [ [ -70.7392, -40.7158 ], [ -70.738, -40.724 ] ] } },
{ "type": "Feature", "properties": { "nombre": "Camino sin nombre", "longitud_km": 0.67 }, "geometry": { "type": "LineString", "coordinates": [ [ -67.7766, -39.0089 ], [ -67.7778, -39.0149 ] ] } },
{ "type": "Feature", "properties": { "nombre": "Camino sin nombre", "longitud_km": 1.02 }, "geometry": { "type": "LineString", "coordinates": [ [ -67.5592, -39.0646 ], [ -67.561, -39.0738 ] ] } },
{ "type": "Feature", "properties": { "nombre": "Camino sin nombre", "longitud_km": 0.1 }, "geometry": { "type": "LineString", "coordinates": [ [ -67.5357, -39.0208 ], [ -67.5356, -39.0199 ] ] } },
{ "type": "Feature", "properties": { "nombre": "Camino sin nombre", "longitud_km": 2.55 }, "geometry": { "type": "LineString", "coordinates": [ [ -70.711, -40.9451 ], [ -70.7186, -40.9444 ], [ -70.7168, -40.9368 ], [ -70.7223, -40.9283 ] ] } },
{ "type": "Feature", "properties": { "nombre": "Camino sin nombre", "longitud_km": 0.0 }, "geometry": { "type": "LineString", "coordinates": [ ] } },
{ "type": "Feature", "properties": { "nombre": "Camino sin nombre", "longitud_km": 0.35 }, "geometry": { "type": "LineString", "coordinates": [ [ -70.7091, -40.8872 ], [ -70.705, -40.8867 ] ] } },
{ "type": "Feature", "properties": { "nombre": "Camino sin nombre", "longitud_km": 1.24 }, "geometry": { "type": "LineString", "coordinates": [ [ -70.7038, -40.7638 ], [ -70.6965, -40.7735 ] ] } },
{ "type": "Feature", "properties": { "nombre": "Camino sin nombre", "longitud_km": 2.43 }, "geometry": { "type": "LineString", "coordinates": [ [ -68.0882, -37.6945 ], [ -68.1136, -37.6861 ] ] } },
{ "type": "Feature", "properties": { "nombre": "Camino sin nombre", "longitud_km": 1.03 }, "geometry": { "type": "LineString", "coordinates": [ [ -67.9476, -38.9674 ], [ -67.936, -38.9693 ] ] } },
{ "type": "Feature", "properties": { "nombre": "Camino sin nombre", "longitud_km": 2.23 }, "geometry": { "type": "LineString", "coordinates": [ [ -68.0676, -37.7083 ], [ -68.0871, -37.6955 ] ] } },
{ "type": "Feature", "properties": { "nombre": "Camino sin nombre", "longitud_km": 0.68 }, "geometry": { "type": "LineString", "coordinates": [ [ -68.0865, -38.809 ], [ -68.0794, -38.8115 ] ] } },
{ "type": "Feature", "properties": { "nombre": "Camino sin nombre", "longitud_km": 0.13 }, "geometry": { "type": "LineString", "coordinates": [ [ -68.0024, -38.8943 ], [ -68.0009, -38.8943 ] ] } },
{ "type": "Feature", "properties": { "nombre": "Camino sin nombre", "longitud_km": 2.94 }, "geometry": { "type": "LineString", "coordinates": [ [ -70.7645, -40.9664 ], [ -70.7701, -40.9523 ], [ -70.7579, -40.9449 ] ] } },
{ "type": "Feature", "properties": { "nombre": "Camino sin nombre", "longitud_km": 3.57 }, "geometry": { "type": "LineString", "coordinates": [ [ -70.3722, -40.9637 ], [ -70.3918, -40.9713 ], [ -70.3987, -40.9696 ], [ -70.4046, -40.9784 ] ] } },
{ "type": "Feature", "properties": { "nombre": "Camino sin nombre", "longitud_km": 0.46 }, "geometry": { "type": "LineString", "coordinates": [ [ -68.1716, -38.7062 ], [ -68.1663, -38.7062 ] ] } },
{ "type": "Feature", "properties": { "nombre": "Camino sin nombre", "longitud_km": 1.0 }, "geometry": { "type": "LineString", "coordinates": [ [ -68.0024, -38.8853 ], [ -68.0024, -38.8943 ] ] } },
{ "type": "Feature", "properties": { "nombre": "Camino sin nombre", "longitud_km": 1.03 }, "geometry": { "type": "LineString", "coordinates": [ [ -67.8115, -39.0046 ], [ -67.8136, -39.0137 ] ] } },
{ "type": "Feature", "properties": { "nombre": "Camino sin nombre", "longitud_km": 1.47 }, "geometry": { "type": "LineString", "coordinates": [ [ -67.7558, -38.9106 ], [ -67.7622, -38.9229 ] ] } },
{ "type": "Feature", "properties": { "nombre": "Camino sin nombre", "longitud_km": 1.03 }, "geometry": { "type": "LineString", "coordinates": [ [ -67.5709, -39.0632 ], [ -67.5728, -39.0724 ] ] } },
{ "type": "Feature", "properties": { "nombre": "Camino sin nombre", "longitud_km": 0.04 }, "geometry": { "type": "LineString", "coordinates": [ [ -68.0769, -38.824 ], [ -68.0773, -38.8241 ] ] } },
{ "type": "Feature", "properties": { "nombre": "Camino sin nombre", "longitud_km": 0.01 }, "geometry": { "type": "LineString", "coordinates": [ [ -68.0094, -38.9528 ], [ -68.0095, -38.9529 ] ] } },
{ "type": "Feature", "properties": { "nombre": "Camino sin nombre", "longitud_km": 1.34 }, "geometry": { "type": "LineString", "coordinates": [ [ -70.5131, -40.6837 ], [ -70.5, -40.6769 ] ] } },
{ "type": "Feature", "properties": { "nombre": "Camino sin nombre", "longitud_km": 0.26 }, "geometry": { "type": "LineString", "coordinates": [ [ -67.8902, -38.9757 ], [ -67.8872, -38.9761 ] ] } },
{ "type": "Feature", "properties": { "nombre": "Camino sin nombre", "longitud_km": 1.12 }, "geometry": { "type": "LineString", "coordinates": [ [ -70.0283, -40.5073 ], [ -70.0305, -40.5172 ] ] } },
{ "type": "Feature", "properties": { "nombre": "Camino sin nombre", "longitud_km": 5.55 }, "geometry": { "type": "LineString", "coordinates": [ [ -70.7963, -40.8316 ], [ -70.7872, -40.8299 ], [ -70.7776, -40.8185 ], [ -70.7399, -40.825 ] ] } },
{ "type": "Feature", "properties": { "nombre": "Camino sin nombre", "longitud_km": 1.66 }, "geometry": { "type": "LineString", "coordinates": [ [ -70.1139, -40.5259 ], [ -70.0963, -40.5327 ] ] } },
{ "type": "Feature", "properties": { "nombre": "Camino sin nombre", "longitud_km": 3.03 }, "geometry": { "type": "LineString", "coordinates": [ [ -70.5874, -40.8255 ], [ -70.5783, -40.7992 ] ] } },
{ "type": "Feature", "properties": { "nombre": "Camino sin nombre", "longitud_km": 1.7 }, "geometry": { "type": "LineString", "coordinates": [ [ -68.2044, -38.6896 ], [ -68.2046, -38.705 ] ] } },
{ "type": "Feature", "properties": { "nombre": "Camino sin nombre", "longitud_km": 2.45 }, "geometry": { "type": "LineString", "coordinates": [ [ -70.6172, -40.8897 ], [ -70.6376, -40.8917 ], [ -70.6426, -40.8864 ] ] } },
{ "type": "Feature", "properties": { "nombre": "Camino sin nombre", "longitud_km": 1.74 }, "geometry": { "type": "LineString", "coordinates": [ [ -67.6393, -39.1017 ], [ -67.6403, -39.1078 ], [ -67.628, -39.1081 ] ] } },
{ "type": "Feature", "properties": { "nombre": "Camino sin nombre", "longitud_km": 1.1 }, "geometry": { "type": "LineString", "coordinates": [ [ -68.1831, -38.7148 ], [ -68.1705, -38.715 ] ] } },
{ "type": "Feature", "properties": { "nombre": "Camino sin nombre", "longitud_km": 1.05 }, "geometry": { "type": "LineString", "coordinates": [ [ -67.8232, -39.0031 ], [ -67.8351, -39.0014 ] ] } },
{ "type": "Feature", "properties": { "nombre": "Camino sin nombre", "longitud_km": 1.04 }, "geometry": { "type": "LineString", "coordinates": [ [ -67.7882, -39.0074 ], [ -67.7901, -39.0167 ] ] } },
{ "type": "Feature", "properties": { "nombre": "Camino sin nombre", "longitud_km": 1.59 }, "geometry": { "type": "LineString", "coordinates": [ [ -70.737, -41.0 ], [ -70.7494, -40.9892 ] ] } },
{ "type": "Feature", "properties": { "nombre": "Camino sin nombre", "longitud_km": 0.5 }, "geometry": { "type": "LineString", "coordinates": [ [ -67.8833, -39.0 ], [ -67.8842, -39.0045 ] ] } },
{ "type": "Feature", "properties": { "nombre": "Camino sin nombre", "longitud_km": 5.54 }, "geometry": { "type": "LineString", "coordinates": [ [ -67.9032, -37.8848 ], [ -67.9592, -37.8619 ] ] } },
{ "type": "Feature", "properties": { "nombre": "Camino sin nombre", "longitud_km": 5.19 }, "geometry": { "type": "LineString", "coordinates": [ [ -67.8442, -37.8857 ], [ -67.9032, -37.8848 ] ] } },
{ "type": "Feature", "properties": { "nombre": "Camino sin nombre", "longitud_km": 4.42 }, "geometry": { "type": "LineString", "coordinates": [ [ -67.9592, -37.8619 ], [ -67.9765, -37.84 ], [ -67.9754, -37.8261 ] ] } },
{ "type": "Feature", "properties": { "nombre": "Camino sin nombre", "longitud_km": 0.1 }, "geometry": { "type": "LineString", "coordinates": [ [ -68.0779, -38.8243 ], [ -68.0776, -38.8235 ] ] } },
{ "type": "Feature", "properties": { "nombre": "Camino sin nombre", "longitud_km": 0.69 }, "geometry": { "type": "LineString", "coordinates": [ [ -68.0832, -38.8033 ], [ -68.0865, -38.809 ] ] } },
{ "type": "Feature", "properties": { "nombre": "Camino sin nombre", "longitud_km": 0.59 }, "geometry": { "type": "LineString", "coordinates": [ [ -68.0806, -38.829 ], [ -68.0746, -38.8314 ] ] } },
{ "type": "Feature", "properties": { "nombre": "Camino sin nombre", "longitud_km": 1.77 }, "geometry": { "type": "LineString", "coordinates": [ [ -70.6849, -40.8206 ], [ -70.6975, -40.8333 ] ] } },
{ "type": "Feature", "properties": { "nombre": "Camino sin nombre", "longitud_km": 1.02 }, "geometry": { "type": "LineString", "coordinates": [ [ -67.6629, -39.0425 ], [ -67.6648, -39.0516 ] ] } },
{ "type": "Feature", "properties": { "nombre": "Camino sin nombre", "longitud_km": 0.78 }, "geometry": { "type": "LineString", "coordinates": [ [ -70.5092, -40.8514 ], [ -70.5, -40.8523 ] ] } },
{ "type": "Feature", "properties": { "nombre": "Camino sin nombre", "longitud_km": 0.37 }, "geometry": { "type": "LineString", "coordinates": [ [ -67.8803, -38.9863 ], [ -67.881, -38.9896 ] ] } },
{ "type": "Feature", "properties": { "nombre": "Camino sin nombre", "longitud_km": 1.01 }, "geometry": { "type": "LineString", "coordinates": [ [ -67.5185, -39.053 ], [ -67.5205, -39.0619 ] ] } },
{ "type": "Feature", "properties": { "nombre": "Camino sin nombre", "longitud_km": 0.1 }, "geometry": { "type": "LineString", "coordinates": [ [ -67.9762, -38.8955 ], [ -67.9771, -38.8959 ] ] } },
{ "type": "Feature", "properties": { "nombre": "Camino sin nombre", "longitud_km": 0.1 }, "geometry": { "type": "LineString", "coordinates": [ [ -67.9434, -38.9252 ], [ -67.9426, -38.9258 ] ] } },
{ "type": "Feature", "properties": { "nombre": "Camino sin nombre", "longitud_km": 7.48 }, "geometry": { "type": "LineString", "coordinates": [ [ -69.7271, -40.6717 ], [ -69.7536, -40.6758 ], [ -69.7629, -40.6841 ], [ -69.808, -40.6945 ] ] } }
]
}
