{
"type": "FeatureCollection",
"name": "salta",
"crs": { "type": "name", "properties": { "name": "urn:ogc:def:crs:OGC:1.3:CRS84" } },
"xy_coordinate_resolution": 0.0001,
"features": [
{ "type": "Feature", "properties": { "nombre": "Camino sin nombre", "longitud_km": 0.54 }, "geometry": { "type": "LineString", "coordinates": [ [ -63.3606, -22.4239 ], [ -63.3658, -22.4245 ] ] } },
{ "type": "Feature", "properties": { "nombre": "Camino sin nombre", "longitud_km": 0.83 }, "geometry": { "type": "LineString", "coordinates": [ [ -62.9183, -22.8827 ], [ -62.9175, -22.8752 ] ] } },
{ "type": "Feature", "properties": { "nombre": "Camino sin nombre", "longitud_km": 4.87 }, "geometry": { "type": "LineString", "coordinates": [ [ -62.5604, -23.3261 ], [ -62.608, -23.3269 ] ] } },
{ "type": "Feature", "properties": { "nombre": "Camino sin nombre", "longitud_km": 1.48 }, "geometry": { "type": "LineString", "coordinates": [ [ -62.608, -23.3269 ], [ -62.6224, -23.3273 ] ] } },
{ "type": "Feature", "properties": { "nombre": "Camino sin nombre", "longitud_km": 3.46 }, "geometry": { "type": "LineString", "coordinates": [ [ -62.6224, -23.3273 ], [ -62.6563, -23.3281 ] ] } },
{ "type": "Feature", "properties": { "nombre": "Camino sin nombre", "longitud_km": 0.59 }, "geometry": { "type": "LineString", "coordinates": [ [ -62.5142, -24.5941 ], [ -62.5182, -24.5903 ] ] } },
{ "type": "Feature", "properties": { "nombre": "Camino sin nombre", "longitud_km": 0.12 }, "geometry": { "type": "LineString", "coordinates": [ [ -64.446, -23.3889 ], [ -64.4451, -23.3896 ] ] } },
{ "type": "Feature", "properties": { "nombre": "Camino sin nombre", "longitud_km": 0.11 }, "geometry": { "type": "LineString", "coordinates": [ [ -64.6783, -23.1205 ], [ -64.6773, -23.1207 ] ] } },
{ "type": "Feature", "properties": { "nombre": "Camino sin nombre", "longitud_km": 0.07 }, "geometry": { "type": "LineString", "coordinates": [ [ -64.6794, -23.1203 ], [ -64.6795, -23.1209 ] ] } },
{ "type": "Feature", "properties": { "nombre": "Camino sin nombre", "longitud_km": 0.11 }, "geometry": { "type": "LineString", "coordinates": [ [ -64.6836, -23.1847 ], [ -64.6828, -23.1839 ] ] } },
{ "type": "Feature", "properties": { "nombre": "Camino sin nombre", "longitud_km": 0.09 }, "geometry": { "type": "LineString", "coordinates": [ [ -64.6828, -23.1839 ], [ -64.6823, -23.1845 ] ] } },
{ "type": "Feature", "properties": { "nombre": "Camino sin nombre", "longitud_km": 0.29 }, "geometry": { "type": "LineString", "coordinates": [ [ -64.0277, -24.4723 ], [ -64.0257, -24.4704 ] ] } },
{ "type": "Feature", "properties": { "nombre": "Camino sin nombre", "longitud_km": 1.91 }, "geometry": { "type": "LineString", "coordinates": [ [ -64.413, -22.9848 ], [ -64.3944, -22.9847 ] ] } },
{ "type": "Feature", "properties": { "nombre": "Camino sin nombre", "longitud_km": 2.16 }, "geometry": { "type": "LineString", "coordinates": [ [ -64.353, -23.1979 ], [ -64.336, -23.2095 ] ] } },
{ "type": "Feature", "properties": { "nombre": "Camino sin nombre", "longitud_km": 0.47 }, "geometry": { "type": "LineString", "coordinates": [ [ -64.293, -23.2384 ], [ -64.2957, -23.2418 ] ] } },
{ "type": "Feature", "properties": { "nombre": "Camino sin nombre", "longitud_km": 0.75 }, "geometry": { "type": "LineString", "coordinates": [ [ -64.2876, -23.242 ], [ -64.291, -23.2359 ] ] } },
{ "type": "Feature", "properties": { "nombre": "Camino sin nombre", "longitud_km": 0.68 }, "geometry": { "type": "LineString", "coordinates": [ [ -64.293, -23.2384 ], [ -64.2876, -23.242 ] ] } },
{ "type": "Feature", "properties": { "nombre": "Camino sin nombre", "longitud_km": 0.54 }, "geometry": { "type": "LineString", "coordinates": [ [ -64.275, -23.2562 ], [ -64.2719, -23.2524 ] ] } },
{ "type": "Feature", "properties": { "nombre": "Camino sin nombre", "longitud_km": 2.65 }, "geometry": { "type": "LineString", "coordinates": [ [ -64.2957, -23.2418 ], [ -64.275, -23.2562 ] ] } },
{ "type": "Feature", "properties": { "nombre": "Camino sin nombre", "longitud_km": 0.13 }, "geometry": { "type": "LineString", "coordinates": [ [ -64.4229, -23.374 ], [ -64.4228, -23.3728 ] ] } },
{ "type": "Feature", "properties": { "nombre": "Camino sin nombre", "longitud_km": 0.02 }, "geometry": { "type": "LineString", "coordinates": [ [ -64.4234, -23.3815 ], [ -64.4237, -23.3815 ] ] } },
{ "type": "Feature", "properties": { "nombre": "Camino sin nombre", "longitud_km": 0.11 }, "geometry": { "type": "LineString", "coordinates": [ [ -64.6735, -23.1189 ], [ -64.6737, -23.1199 ] ] } },
{ "type": "Feature", "properties": { "nombre": "Camino sin nombre", "longitud_km": 0.08 }, "geometry": { "type": "LineString", "coordinates": [ [ -64.4693, -23.3797 ], [ -64.4698, -23.3792 ] ] } },
{ "type": "Feature", "properties": { "nombre": "Camino sin nombre", "longitud_km": 0.14 }, "geometry": { "type": "LineString", "coordinates": [ [ -64.6798, -23.119 ], [ -64.68, -23.1202 ] ] } },
{ "type": "Feature", "properties": { "nombre": "Camino sin nombre", "longitud_km": 0.06 }, "geometry": { "type": "LineString", "coordinates": [ [ -64.6798, -23.119 ], [ -64.6793, -23.1191 ] ] } },
{ "type": "Feature", "properties": { "nombre": "Camino sin nombre", "longitud_km": 0.11 }, "geometry": { "type": "LineString", "coordinates": [ [ -64.6865, -23.1852 ], [ -64.6856, -23.1859 ] ] } },
{ "type": "Feature", "properties": { "nombre": "Camino sin nombre", "longitud_km": 0.09 }, "geometry": { "type": "LineString", "coordinates": [ [ -64.6851, -23.1849 ], [ -64.6845, -23.1854 ] ] } },
{ "type": "Feature", "properties": { "nombre": "Camino sin nombre", "longitud_km": 7.86 }, "geometry": { "type": "LineString", "coordinates": [ [ -64.722, -23.2493 ], [ -64.6848, -23.2053 ], [ -64.6859, -23.1901 ] ] } },
{ "type": "Feature", "properties": { "nombre": "Camino sin nombre", "longitud_km": 0.09 }, "geometry": { "type": "LineString", "coordinates": [ [ -64.0, -24.4066 ], [ -64.0009, -24.4066 ] ] } },
{ "type": "Feature", "properties": { "nombre": "Camino sin nombre", "longitud_km": 0.2 }, "geometry": { "type": "LineString", "coordinates": [ [ -64.0811, -24.3987 ], [ -64.0813, -24.4005 ] ] } },
{ "type": "Feature", "properties": { "nombre": "Camino sin nombre", "longitud_km": 0.24 }, "geometry": { "type": "LineString", "coordinates": [ [ -64.0505, -24.4943 ], [ -64.0489, -24.4927 ] ] } },
{ "type": "Feature", "properties": { "nombre": "Camino sin nombre", "longitud_km": 0.16 }, "geometry": { "type": "LineString", "coordinates": [ [ -64.0987, -24.5403 ], [ -64.0976, -24.5393 ] ] } },
{ "type": "Feature", "properties": { "nombre": "Camino sin nombre", "longitud_km": 0.75 }, "geometry": { "type": "LineString", "coordinates": [ [ -64.0067, -24.5983 ], [ -63.9997, -24.596 ] ] } },
{ "type": "Feature", "properties": { "nombre": "Camino sin nombre", "longitud_km": 0.46 }, "geometry": { "type": "LineString", "coordinates": [ [ -63.4799, -22.4157 ], [ -63.4755, -22.4163 ] ] } },
{ "type": "Feature", "properties": { "nombre": "-2", "longitud_km": 0.23 }, "geometry": { "type": "LineString", "coordinates": [ [ -65.2135, -22.8374 ], [ -65.2156, -22.8367 ] ] } },
{ "type": "Feature", "properties": { "nombre": "Camino sin nombre", "longitud_km": 0.62 }, "geometry": { "type": "LineString", "coordinates": [ [ -63.6018, -22.6182 ], [ -63.5959, -22.6193 ] ] } },
{ "type": "Feature", "properties": { "nombre": "-2", "longitud_km": 0.09 }, "geometry": { "type": "LineString", "coordinates": [ [ -65.2146, -22.8585 ], [ -65.2143, -22.8593 ] ] } },
{ "type": "Feature", "properties": { "nombre": "-2", "longitud_km": 0.25 }, "geometry": { "type": "LineString", "coordinates": [ [ -65.2182, -22.8967 ], [ -65.219, -22.8989 ] ] } },
{ "type": "Feature", "properties": { "nombre": "-2", "longitud_km": 0.31 }, "geometry": { "type": "LineString", "coordinates": [ [ -65.2253, -22.8911 ], [ -65.2274, -22.889 ] ] } },
{ "type": "Feature", "properties": { "nombre": "-2", "longitud_km": 0.55 }, "geometry": { "type": "LineString", "coordinates": [ [ -65.2175, -22.8011 ], [ -65.2156, -22.7964 ] ] } },
{ "type": "Feature", "properties": { "nombre": "-2", "longitud_km": 0.19 }, "geometry": { "type": "LineString", "coordinates": [ [ -65.2128, -22.8767 ], [ -65.2144, -22.8758 ] ] } },
{ "type": "Feature", "properties": { "nombre": "-2", "longitud_km": 0.05 }, "geometry": { "type": "LineString", "coordinates": [ [ -65.2156, -22.7964 ], [ -65.2158, -22.7968 ] ] } },
{ "type": "Feature", "properties": { "nombre": "-2", "longitud_km": 0.8 }, "geometry": { "type": "LineString", "coordinates": [ [ -65.2254, -22.8937 ], [ -65.2182, -22.8967 ] ] } },
{ "type": "Feature", "properties": { "nombre": "-2", "longitud_km": 0.6 }, "geometry": { "type": "LineString", "coordinates": [ [ -65.2304, -22.9052 ], [ -65.2313, -22.9106 ] ] } },
{ "type": "Feature", "properties": { "nombre": "-2", "longitud_km": 0.47 }, "geometry": { "type": "LineString", "coordinates": [ [ -65.2158, -22.7968 ], [ -65.2133, -22.8003 ] ] } },
{ "type": "Feature", "properties": { "nombre": "-2", "longitud_km": 5.95 }, "geometry": { "type": "LineString", "coordinates": [ [ -65.2946, -22.8409 ], [ -65.27, -22.8225 ], [ -65.2642, -22.7987 ] ] } },
{ "type": "Feature", "properties": { "nombre": "-2", "longitud_km": 0.17 }, "geometry": { "type": "LineString", "coordinates": [ [ -65.2642, -22.7987 ], [ -65.2654, -22.7977 ] ] } },
{ "type": "Feature", "properties": { "nombre": "-2", "longitud_km": 0.21 }, "geometry": { "type": "LineString", "coordinates": [ [ -65.2181, -22.8003 ], [ -65.2176, -22.7985 ] ] } },
{ "type": "Feature", "properties": { "nombre": "-2", "longitud_km": 0.1 }, "geometry": { "type": "LineString", "coordinates": [ [ -65.2135, -22.8374 ], [ -65.2139, -22.8383 ] ] } },
{ "type": "Feature", "properties": { "nombre": "-2", "longitud_km": 0.55 }, "geometry": { "type": "LineString", "coordinates": [ [ -65.208, -22.8808 ], [ -65.2035, -22.878 ] ] } },
{ "type": "Feature", "properties": { "nombre": "-2", "longitud_km": 0.21 }, "geometry": { "type": "LineString", "coordinates": [ [ -65.217, -22.796 ], [ -65.2175, -22.7941 ] ] } },
{ "type": "Feature", "properties": { "nombre": "-2", "longitud_km": 1.95 }, "geometry": { "type": "LineString", "coordinates": [ [ -65.2265, -22.8542 ], [ -65.2207, -22.8648 ], [ -65.2158, -22.8614 ] ] } },
{ "type": "Feature", "properties": { "nombre": "-2", "longitud_km": 0.07 }, "geometry": { "type": "LineString", "coordinates": [ [ -65.2642, -22.7987 ], [ -65.264, -22.7982 ] ] } },
{ "type": "Feature", "properties": { "nombre": "-2", "longitud_km": 0.44 }, "geometry": { "type": "LineString", "coordinates": [ [ -65.2146, -22.8585 ], [ -65.2143, -22.8546 ] ] } },
{ "type": "Feature", "properties": { "nombre": "-2", "longitud_km": 0.67 }, "geometry": { "type": "LineString", "coordinates": [ [ -65.2128, -22.8767 ], [ -65.208, -22.8808 ] ] } },
{ "type": "Feature", "properties": { "nombre": "-2", "longitud_km": 0.18 }, "geometry": { "type": "LineString", "coordinates": [ [ -65.2156, -22.7964 ], [ -65.2156, -22.7948 ] ] } },
{ "type": "Feature", "properties": { "nombre": "-2", "longitud_km": 0.56 }, "geometry": { "type": "LineString", "coordinates": [ [ -65.2156, -22.8367 ], [ -65.2209, -22.8376 ] ] } },
{ "type": "Feature", "properties": { "nombre": "-2", "longitud_km": 0.5 }, "geometry": { "type": "LineString", "coordinates": [ [ -65.2116, -22.8381 ], [ -65.2079, -22.841 ] ] } },
{ "type": "Feature", "properties": { "nombre": "Camino sin nombre", "longitud_km": 1.7 }, "geometry": { "type": "LineString", "coordinates": [ [ -64.3882, -23.2439 ], [ -64.3747, -23.2529 ] ] } },
{ "type": "Feature", "properties": { "nombre": "-2", "longitud_km": 3.98 }, "geometry": { "type": "LineString", "coordinates": [ [ -65.2115, -22.7778 ], [ -65.2279, -22.771 ], [ -65.2427, -22.7575 ] ] } },
{ "type": "Feature", "properties": { "nombre": "-2", "longitud_km": 11.93 }, "geometry": { "type": "LineString", "coordinates": [ [ -65.0523, -22.9045 ], [ -65.0432, -22.9142 ], [ -65.0402, -22.9261 ], [ -65.0231, -22.9396 ], [ -65.024, -22.9705 ], [ -65.0202, -22.9796 ], [ -65.0263, -23.0 ] ] } },
{ "type": "Feature", "properties": { "nombre": "-2", "longitud_km": 2.02 }, "geometry": { "type": "LineString", "coordinates": [ [ -64.8634, -24.6414 ], [ -64.8578, -24.6239 ] ] } },
{ "type": "Feature", "properties": { "nombre": "-2", "longitud_km": 0.75 }, "geometry": { "type": "LineString", "coordinates": [ [ -66.8534, -24.1234 ], [ -66.8531, -24.1167 ] ] } },
{ "type": "Feature", "properties": { "nombre": "-2", "longitud_km": 2.77 }, "geometry": { "type": "LineString", "coordinates": [ [ -66.8531, -24.1167 ], [ -66.8392, -24.0951 ] ] } },
{ "type": "Feature", "properties": { "nombre": "-2", "longitud_km": 1.53 }, "geometry": { "type": "LineString", "coordinates": [ [ -65.7573, -24.2814 ], [ -65.7619, -24.2945 ] ] } },
{ "type": "Feature", "properties": { "nombre": "Camino sin nombre", "longitud_km": 0.17 }, "geometry": { "type": "LineString", "coordinates": [ [ -62.7615, -22.3655 ], [ -62.76, -22.3659 ] ] } },
{ "type": "Feature", "properties": { "nombre": "Camino sin nombre", "longitud_km": 1.93 }, "geometry": { "type": "LineString", "coordinates": [ [ -62.9265, -22.7647 ], [ -62.9077, -22.765 ] ] } },
{ "type": "Feature", "properties": { "nombre": "Camino sin nombre", "longitud_km": 11.18 }, "geometry": { "type": "LineString", "coordinates": [ [ -63.2025, -22.263 ], [ -63.2149, -22.3058 ], [ -63.2736, -22.2912 ] ] } },
{ "type": "Feature", "properties": { "nombre": "-2", "longitud_km": 0.59 }, "geometry": { "type": "LineString", "coordinates": [ [ -65.2202, -22.8598 ], [ -65.2146, -22.8585 ] ] } },
{ "type": "Feature", "properties": { "nombre": "Camino sin nombre", "longitud_km": 0.98 }, "geometry": { "type": "LineString", "coordinates": [ [ -64.363, -23.2379 ], [ -64.3574, -23.2307 ] ] } },
{ "type": "Feature", "properties": { "nombre": "Camino sin nombre", "longitud_km": 7.41 }, "geometry": { "type": "LineString", "coordinates": [ [ -63.2806, -22.2436 ], [ -63.3045, -22.3068 ] ] } },
{ "type": "Feature", "properties": { "nombre": "Camino sin nombre", "longitud_km": 3.1 }, "geometry": { "type": "LineString", "coordinates": [ [ -62.9269, -22.1049 ], [ -62.9161, -22.1134 ], [ -62.9147, -22.1282 ] ] } },
{ "type": "Feature", "properties": { "nombre": "Camino sin nombre", "longitud_km": 11.25 }, "geometry": { "type": "LineString", "coordinates": [ [ -63.3676, -22.2229 ], [ -63.3163, -22.3126 ] ] } },
{ "type": "Feature", "properties": { "nombre": "Camino sin nombre", "longitud_km": 15.23 }, "geometry": { "type": "LineString", "coordinates": [ [ -63.3676, -22.2229 ], [ -63.4064, -22.3556 ] ] } },
{ "type": "Feature", "properties": { "nombre": "Camino sin nombre", "longitud_km": 2.56 }, "geometry": { "type": "LineString", "coordinates": [ [ -62.8599, -22.265 ], [ -62.8625, -22.288 ] ] } },
{ "type": "Feature", "properties": { "nombre": "Camino sin nombre", "longitud_km": 5.37 }, "geometry": { "type": "LineString", "coordinates": [ [ -62.8121, -22.3538 ], [ -62.7615, -22.3655 ] ] } },
{ "type": "Feature", "properties": { "nombre": "Camino sin nombre", "longitud_km": 2.7 }, "geometry": { "type": "LineString", "coordinates": [ [ -62.6439, -22.3595 ], [ -62.6193, -22.3511 ] ] } },
{ "type": "Feature", "properties": { "nombre": "Camino sin nombre", "longitud_km": 7.14 }, "geometry": { "type": "LineString", "coordinates": [ [ -63.8143, -22.6901 ], [ -63.8326, -22.6878 ], [ -63.8407, -22.7346 ] ] } },
{ "type": "Feature", "properties": { "nombre": "Camino sin nombre", "longitud_km": 1.87 }, "geometry": { "type": "LineString", "coordinates": [ [ -62.8364, -22.0 ], [ -62.8375, -22.0169 ] ] } },
{ "type": "Feature", "properties": { "nombre": "Camino sin nombre", "longitud_km": 2.46 }, "geometry": { "type": "LineString", "coordinates": [ [ -62.8242, -22.0 ], [ -62.8238, -22.0222 ] ] } },
{ "type": "Feature", "properties": { "nombre": "Camino sin nombre", "longitud_km": 1.53 }, "geometry": { "type": "LineString", "coordinates": [ [ -62.8375, -22.0169 ], [ -62.8238, -22.0222 ] ] } },
{ "type": "Feature", "properties": { "nombre": "Camino sin nombre", "longitud_km": 6.46 }, "geometry": { "type": "LineString", "coordinates": [ [ -63.5254, -22.0054 ], [ -63.5325, -22.0288 ], [ -63.5596, -22.0259 ], [ -63.5663, -22.0318 ] ] } },
{ "type": "Feature", "properties": { "nombre": "Camino sin nombre", "longitud_km": 2.73 }, "geometry": { "type": "LineString", "coordinates": [ [ -62.8486, -22.0392 ], [ -62.8375, -22.0169 ] ] } },
{ "type": "Feature", "properties": { "nombre": "Camino sin nombre", "longitud_km": 2.34 }, "geometry": { "type": "LineString", "coordinates": [ [ -63.669, -22.0438 ], [ -63.66, -22.0244 ] ] } },
{ "type": "Feature", "properties": { "nombre": "Camino sin nombre", "longitud_km": 12.07 }, "geometry": { "type": "LineString", "coordinates": [ [ -63.5663, -22.0318 ], [ -63.5873, -22.0381 ], [ -63.5994, -22.0361 ], [ -63.606, -22.0407 ], [ -63.6123, -22.0367 ], [ -63.6331, -22.0363 ], [ -63.6338, -22.0459 ], [ -63.6421, -22.0471 ], [ -63.669, -22.0438 ] ] } },
{ "type": "Feature", "properties": { "nombre": "Camino sin nombre", "longitud_km": 2.58 }, "geometry": { "type": "LineString", "coordinates": [ [ -63.669, -22.0438 ], [ -63.6754, -22.0556 ], [ -63.6848, -22.0607 ] ] } },
{ "type": "Feature", "properties": { "nombre": "Camino sin nombre", "longitud_km": 7.68 }, "geometry": { "type": "LineString", "coordinates": [ [ -62.8238, -22.0222 ], [ -62.8281, -22.052 ], [ -62.8209, -22.0695 ], [ -62.8273, -22.0892 ] ] } },
{ "type": "Feature", "properties": { "nombre": "Camino sin nombre", "longitud_km": 5.95 }, "geometry": { "type": "LineString", "coordinates": [ [ -62.8486, -22.0392 ], [ -62.8273, -22.0892 ] ] } },
{ "type": "Feature", "properties": { "nombre": "Camino sin nombre", "longitud_km": 2.43 }, "geometry": { "type": "LineString", "coordinates": [ [ -63.7469, -22.0876 ], [ -63.7355, -22.0861 ], [ -63.7276, -22.0945 ] ] } },
{ "type": "Feature", "properties": { "nombre": "Camino sin nombre", "longitud_km": 9.26 }, "geometry": { "type": "LineString", "coordinates": [ [ -63.218, -22.0206 ], [ -63.2268, -22.0319 ], [ -63.213, -22.0597 ], [ -63.2268, -22.0966 ] ] } },
{ "type": "Feature", "properties": { "nombre": "Camino sin nombre", "longitud_km": 2.59 }, "geometry": { "type": "LineString", "coordinates": [ [ -62.8273, -22.0892 ], [ -62.8291, -22.1125 ] ] } },
{ "type": "Feature", "properties": { "nombre": "Camino sin nombre", "longitud_km": 14.1 }, "geometry": { "type": "LineString", "coordinates": [ [ -62.9321, -22.0 ], [ -62.9688, -22.1227 ] ] } },
{ "type": "Feature", "properties": { "nombre": "Camino sin nombre", "longitud_km": 12.44 }, "geometry": { "type": "LineString", "coordinates": [ [ -62.8902, -22.1314 ], [ -62.8769, -22.0476 ], [ -62.8486, -22.0392 ] ] } },
{ "type": "Feature", "properties": { "nombre": "Camino sin nombre", "longitud_km": 5.52 }, "geometry": { "type": "LineString", "coordinates": [ [ -62.8752, -22.1351 ], [ -62.8422, -22.1251 ], [ -62.8291, -22.1125 ] ] } },
{ "type": "Feature", "properties": { "nombre": "Camino sin nombre", "longitud_km": 13.51 }, "geometry": { "type": "LineString", "coordinates": [ [ -63.8709, -22.0362 ], [ -63.8884, -22.0538 ], [ -63.9037, -22.1113 ], [ -63.9031, -22.1302 ], [ -63.9177, -22.1447 ] ] } },
{ "type": "Feature", "properties": { "nombre": "Camino sin nombre", "longitud_km": 4.54 }, "geometry": { "type": "LineString", "coordinates": [ [ -62.9112, -22.1586 ], [ -62.8752, -22.1351 ] ] } },
{ "type": "Feature", "properties": { "nombre": "Camino sin nombre", "longitud_km": 3.79 }, "geometry": { "type": "LineString", "coordinates": [ [ -62.9147, -22.1282 ], [ -62.9214, -22.1397 ], [ -62.9112, -22.1586 ] ] } },
{ "type": "Feature", "properties": { "nombre": "Camino sin nombre", "longitud_km": 0.15 }, "geometry": { "type": "LineString", "coordinates": [ [ -62.9125, -22.1594 ], [ -62.9112, -22.1586 ] ] } },
{ "type": "Feature", "properties": { "nombre": "Camino sin nombre", "longitud_km": 20.43 }, "geometry": { "type": "LineString", "coordinates": [ [ -63.5663, -22.0318 ], [ -63.5229, -22.0611 ], [ -63.5141, -22.0804 ], [ -63.5231, -22.0831 ], [ -63.5232, -22.0961 ], [ -63.5413, -22.1082 ], [ -63.5423, -22.1617 ], [ -63.5581, -22.1709 ] ] } },
{ "type": "Feature", "properties": { "nombre": "Camino sin nombre", "longitud_km": 3.16 }, "geometry": { "type": "LineString", "coordinates": [ [ -63.5581, -22.1709 ], [ -63.5397, -22.1761 ], [ -63.5306, -22.1696 ] ] } },
{ "type": "Feature", "properties": { "nombre": "Camino sin nombre", "longitud_km": 3.05 }, "geometry": { "type": "LineString", "coordinates": [ [ -63.7135, -22.1679 ], [ -63.697, -22.1766 ], [ -63.7002, -22.1861 ] ] } },
{ "type": "Feature", "properties": { "nombre": "Camino sin nombre", "longitud_km": 5.54 }, "geometry": { "type": "LineString", "coordinates": [ [ -63.5107, -22.1958 ], [ -63.5227, -22.1869 ], [ -63.5597, -22.1963 ] ] } },
{ "type": "Feature", "properties": { "nombre": "Camino sin nombre", "longitud_km": 6.07 }, "geometry": { "type": "LineString", "coordinates": [ [ -63.4317, -22.1582 ], [ -63.4581, -22.1782 ], [ -63.4719, -22.1974 ] ] } },
{ "type": "Feature", "properties": { "nombre": "Camino sin nombre", "longitud_km": 5.59 }, "geometry": { "type": "LineString", "coordinates": [ [ -63.5581, -22.1709 ], [ -63.572, -22.1746 ], [ -63.6004, -22.2006 ] ] } },
{ "type": "Feature", "properties": { "nombre": "Camino sin nombre", "longitud_km": 0.75 }, "geometry": { "type": "LineString", "coordinates": [ [ -63.6773, -22.2088 ], [ -63.6722, -22.2039 ] ] } },
{ "type": "Feature", "properties": { "nombre": "Camino sin nombre", "longitud_km": 19.14 }, "geometry": { "type": "LineString", "coordinates": [ [ -62.8291, -22.1125 ], [ -62.8116, -22.1459 ], [ -62.8076, -22.166 ], [ -62.7964, -22.1784 ], [ -62.7801, -22.1859 ], [ -62.7655, -22.176 ], [ -62.7477, -22.1714 ], [ -62.7246, -22.2144 ] ] } },
{ "type": "Feature", "properties": { "nombre": "Camino sin nombre", "longitud_km": 3.2 }, "geometry": { "type": "LineString", "coordinates": [ [ -63.6773, -22.2088 ], [ -63.6588, -22.2104 ], [ -63.6528, -22.2206 ] ] } },
{ "type": "Feature", "properties": { "nombre": "Camino sin nombre", "longitud_km": 2.31 }, "geometry": { "type": "LineString", "coordinates": [ [ -63.6303, -22.2208 ], [ -63.6333, -22.2048 ], [ -63.6291, -22.2023 ] ] } },
{ "type": "Feature", "properties": { "nombre": "Camino sin nombre", "longitud_km": 1.05 }, "geometry": { "type": "LineString", "coordinates": [ [ -63.6156, -22.2232 ], [ -63.609, -22.216 ] ] } },
{ "type": "Feature", "properties": { "nombre": "Camino sin nombre", "longitud_km": 1.54 }, "geometry": { "type": "LineString", "coordinates": [ [ -63.6303, -22.2208 ], [ -63.6156, -22.2232 ] ] } },
{ "type": "Feature", "properties": { "nombre": "Camino sin nombre", "longitud_km": 1.43 }, "geometry": { "type": "LineString", "coordinates": [ [ -63.6156, -22.2232 ], [ -63.6018, -22.2243 ] ] } },
{ "type": "Feature", "properties": { "nombre": "Camino sin nombre", "longitud_km": 2.51 }, "geometry": { "type": "LineString", "coordinates": [ [ -63.6528, -22.2206 ], [ -63.6427, -22.225 ], [ -63.6303, -22.2208 ] ] } },
{ "type": "Feature", "properties": { "nombre": "Camino sin nombre", "longitud_km": 10.02 }, "geometry": { "type": "LineString", "coordinates": [ [ -62.9273, -22.2489 ], [ -63.0214, -22.2263 ] ] } },
{ "type": "Feature", "properties": { "nombre": "Camino sin nombre", "longitud_km": 3.31 }, "geometry": { "type": "LineString", "coordinates": [ [ -63.6945, -22.234 ], [ -63.6773, -22.2088 ] ] } },
{ "type": "Feature", "properties": { "nombre": "Camino sin nombre", "longitud_km": 3.35 }, "geometry": { "type": "LineString", "coordinates": [ [ -62.7246, -22.2144 ], [ -62.7441, -22.2386 ] ] } },
{ "type": "Feature", "properties": { "nombre": "Camino sin nombre", "longitud_km": 3.76 }, "geometry": { "type": "LineString", "coordinates": [ [ -63.7262, -22.2397 ], [ -63.7187, -22.2355 ], [ -63.707, -22.241 ], [ -63.6945, -22.234 ] ] } },
{ "type": "Feature", "properties": { "nombre": "Camino sin nombre", "longitud_km": 9.26 }, "geometry": { "type": "LineString", "coordinates": [ [ -63.3676, -22.2229 ], [ -63.2806, -22.2436 ] ] } },
{ "type": "Feature", "properties": { "nombre": "Camino sin nombre", "longitud_km": 3.44 }, "geometry": { "type": "LineString", "coordinates": [ [ -63.6528, -22.2206 ], [ -63.6529, -22.2354 ], [ -63.6667, -22.2453 ] ] } },
{ "type": "Feature", "properties": { "nombre": "Camino sin nombre", "longitud_km": 14.91 }, "geometry": { "type": "LineString", "coordinates": [ [ -62.9273, -22.2489 ], [ -62.9611, -22.1943 ], [ -62.9668, -22.1229 ] ] } },
{ "type": "Feature", "properties": { "nombre": "Camino sin nombre", "longitud_km": 5.65 }, "geometry": { "type": "LineString", "coordinates": [ [ -63.0214, -22.2263 ], [ -62.9941, -22.2576 ], [ -62.9933, -22.2683 ] ] } },
{ "type": "Feature", "properties": { "nombre": "Camino sin nombre", "longitud_km": 4.09 }, "geometry": { "type": "LineString", "coordinates": [ [ -63.6945, -22.234 ], [ -63.6632, -22.2567 ] ] } },
{ "type": "Feature", "properties": { "nombre": "Camino sin nombre", "longitud_km": 22.42 }, "geometry": { "type": "LineString", "coordinates": [ [ -63.0214, -22.2263 ], [ -63.0938, -22.1968 ], [ -63.2144, -22.2601 ] ] } },
{ "type": "Feature", "properties": { "nombre": "Camino sin nombre", "longitud_km": 7.06 }, "geometry": { "type": "LineString", "coordinates": [ [ -63.2806, -22.2436 ], [ -63.2144, -22.2601 ] ] } },
{ "type": "Feature", "properties": { "nombre": "Camino sin nombre", "longitud_km": 10.51 }, "geometry": { "type": "LineString", "coordinates": [ [ -62.7246, -22.2144 ], [ -62.7155, -22.2218 ], [ -62.6973, -22.2115 ], [ -62.689, -22.2133 ], [ -62.6803, -22.2331 ], [ -62.6572, -22.2601 ] ] } },
{ "type": "Feature", "properties": { "nombre": "Camino sin nombre", "longitud_km": 7.17 }, "geometry": { "type": "LineString", "coordinates": [ [ -62.9273, -22.2489 ], [ -62.8598, -22.2649 ] ] } },
{ "type": "Feature", "properties": { "nombre": "Camino sin nombre", "longitud_km": 0.02 }, "geometry": { "type": "LineString", "coordinates": [ [ -62.8598, -22.2649 ], [ -62.8599, -22.265 ] ] } },
{ "type": "Feature", "properties": { "nombre": "Camino sin nombre", "longitud_km": 5.6 }, "geometry": { "type": "LineString", "coordinates": [ [ -62.7089, -22.2723 ], [ -62.6637, -22.2652 ], [ -62.6572, -22.2601 ] ] } },
{ "type": "Feature", "properties": { "nombre": "Camino sin nombre", "longitud_km": 0.04 }, "geometry": { "type": "LineString", "coordinates": [ [ -62.7143, -22.2726 ], [ -62.7138, -22.2725 ] ] } },
{ "type": "Feature", "properties": { "nombre": "Camino sin nombre", "longitud_km": 12.8 }, "geometry": { "type": "LineString", "coordinates": [ [ -62.8706, -22.2867 ], [ -62.9933, -22.2683 ] ] } },
{ "type": "Feature", "properties": { "nombre": "Camino sin nombre", "longitud_km": 0.85 }, "geometry": { "type": "LineString", "coordinates": [ [ -62.8625, -22.288 ], [ -62.8706, -22.2867 ] ] } },
{ "type": "Feature", "properties": { "nombre": "Camino sin nombre", "longitud_km": 5.54 }, "geometry": { "type": "LineString", "coordinates": [ [ -62.8087, -22.2887 ], [ -62.8625, -22.288 ] ] } },
{ "type": "Feature", "properties": { "nombre": "Camino sin nombre", "longitud_km": 0.16 }, "geometry": { "type": "LineString", "coordinates": [ [ -62.7598, -22.3644 ], [ -62.76, -22.3659 ] ] } },
{ "type": "Feature", "properties": { "nombre": "Camino sin nombre", "longitud_km": 4.51 }, "geometry": { "type": "LineString", "coordinates": [ [ -62.7649, -22.2884 ], [ -62.8087, -22.2887 ] ] } },
{ "type": "Feature", "properties": { "nombre": "Camino sin nombre", "longitud_km": 7.07 }, "geometry": { "type": "LineString", "coordinates": [ [ -62.9933, -22.2683 ], [ -62.995, -22.2715 ], [ -62.9859, -22.2812 ], [ -63.0293, -22.3059 ] ] } },
{ "type": "Feature", "properties": { "nombre": "Camino sin nombre", "longitud_km": 35.55 }, "geometry": { "type": "LineString", "coordinates": [ [ -64.9597, -22.2507 ], [ -64.9583, -22.2475 ], [ -64.9477, -22.2543 ], [ -64.9421, -22.2506 ], [ -64.9253, -22.2841 ], [ -64.9142, -22.2857 ], [ -64.8951, -22.2816 ], [ -64.8638, -22.2887 ], [ -64.8529, -22.2834 ], [ -64.8481, -22.2742 ], [ -64.8224, -22.2862 ], [ -64.8143, -22.2792 ], [ -64.808, -22.2614 ], [ -64.7984, -22.2576 ], [ -64.7907, -22.262 ], [ -64.7879, -22.2767 ], [ -64.7615, -22.2836 ], [ -64.7512, -22.2823 ], [ -64.7443, -22.2709 ], [ -64.6972, -22.2795 ] ] } },
{ "type": "Feature", "properties": { "nombre": "Camino sin nombre", "longitud_km": 5.41 }, "geometry": { "type": "LineString", "coordinates": [ [ -62.7649, -22.2884 ], [ -62.7141, -22.3004 ] ] } },
{ "type": "Feature", "properties": { "nombre": "Camino sin nombre", "longitud_km": 6.67 }, "geometry": { "type": "LineString", "coordinates": [ [ -62.6572, -22.2601 ], [ -62.6476, -22.2718 ], [ -62.654, -22.2849 ], [ -62.6449, -22.3149 ] ] } },
{ "type": "Feature", "properties": { "nombre": "Camino sin nombre", "longitud_km": 2.18 }, "geometry": { "type": "LineString", "coordinates": [ [ -62.6449, -22.3149 ], [ -62.6239, -22.3169 ] ] } },
{ "type": "Feature", "properties": { "nombre": "Camino sin nombre", "longitud_km": 0.33 }, "geometry": { "type": "LineString", "coordinates": [ [ -62.6455, -22.3178 ], [ -62.6449, -22.3149 ] ] } },
{ "type": "Feature", "properties": { "nombre": "Camino sin nombre", "longitud_km": 3.2 }, "geometry": { "type": "LineString", "coordinates": [ [ -62.6239, -22.3169 ], [ -62.6212, -22.3095 ], [ -62.611, -22.3082 ], [ -62.6057, -22.3185 ] ] } },
{ "type": "Feature", "properties": { "nombre": "Camino sin nombre", "longitud_km": 1.88 }, "geometry": { "type": "LineString", "coordinates": [ [ -62.6239, -22.3169 ], [ -62.6057, -22.3185 ] ] } },
{ "type": "Feature", "properties": { "nombre": "Camino sin nombre", "longitud_km": 6.88 }, "geometry": { "type": "LineString", "coordinates": [ [ -62.8087, -22.2887 ], [ -62.8124, -22.3095 ], [ -62.8327, -22.3237 ], [ -62.8505, -22.3293 ] ] } },
{ "type": "Feature", "properties": { "nombre": "Camino sin nombre", "longitud_km": 0.2 }, "geometry": { "type": "LineString", "coordinates": [ [ -62.7292, -22.3345 ], [ -62.7291, -22.3326 ] ] } },
{ "type": "Feature", "properties": { "nombre": "Camino sin nombre", "longitud_km": 5.89 }, "geometry": { "type": "LineString", "coordinates": [ [ -62.8625, -22.288 ], [ -62.8683, -22.3409 ] ] } },
{ "type": "Feature", "properties": { "nombre": "Camino sin nombre", "longitud_km": 2.79 }, "geometry": { "type": "LineString", "coordinates": [ [ -62.8946, -22.3351 ], [ -62.8683, -22.3409 ] ] } },
{ "type": "Feature", "properties": { "nombre": "Camino sin nombre", "longitud_km": 0.38 }, "geometry": { "type": "LineString", "coordinates": [ [ -62.8683, -22.3409 ], [ -62.8647, -22.3417 ] ] } },
{ "type": "Feature", "properties": { "nombre": "Camino sin nombre", "longitud_km": 2.09 }, "geometry": { "type": "LineString", "coordinates": [ [ -62.8505, -22.3293 ], [ -62.851, -22.334 ], [ -62.8636, -22.3419 ] ] } },
{ "type": "Feature", "properties": { "nombre": "Camino sin nombre", "longitud_km": 0.12 }, "geometry": { "type": "LineString", "coordinates": [ [ -62.8647, -22.3417 ], [ -62.8636, -22.3419 ] ] } },
{ "type": "Feature", "properties": { "nombre": "Camino sin nombre", "longitud_km": 2.85 }, "geometry": { "type": "LineString", "coordinates": [ [ -62.8505, -22.3293 ], [ -62.8372, -22.3363 ], [ -62.8376, -22.3478 ] ] } },
{ "type": "Feature", "properties": { "nombre": "Camino sin nombre", "longitud_km": 2.76 }, "geometry": { "type": "LineString", "coordinates": [ [ -62.8636, -22.3419 ], [ -62.8376, -22.3478 ] ] } },
{ "type": "Feature", "properties": { "nombre": "Camino sin nombre", "longitud_km": 6.82 }, "geometry": { "type": "LineString", "coordinates": [ [ -62.78, -22.3071 ], [ -62.794, -22.3121 ], [ -62.7908, -22.3198 ], [ -62.8121, -22.3538 ] ] } },
{ "type": "Feature", "properties": { "nombre": "Camino sin nombre", "longitud_km": 2.71 }, "geometry": { "type": "LineString", "coordinates": [ [ -62.8376, -22.3478 ], [ -62.8121, -22.3538 ] ] } },
{ "type": "Feature", "properties": { "nombre": "Camino sin nombre", "longitud_km": 12.66 }, "geometry": { "type": "LineString", "coordinates": [ [ -62.7138, -22.2725 ], [ -62.6923, -22.3269 ], [ -62.6601, -22.343 ], [ -62.6439, -22.3595 ] ] } },
{ "type": "Feature", "properties": { "nombre": "Camino sin nombre", "longitud_km": 6.94 }, "geometry": { "type": "LineString", "coordinates": [ [ -62.7291, -22.3326 ], [ -62.741, -22.3354 ], [ -62.749, -22.3319 ], [ -62.7634, -22.341 ], [ -62.7698, -22.3488 ], [ -62.7595, -22.3629 ] ] } },
{ "type": "Feature", "properties": { "nombre": "Camino sin nombre", "longitud_km": 11.41 }, "geometry": { "type": "LineString", "coordinates": [ [ -62.6057, -22.3185 ], [ -62.5808, -22.3288 ], [ -62.5564, -22.346 ], [ -62.5393, -22.3724 ], [ -62.521, -22.3793 ] ] } },
{ "type": "Feature", "properties": { "nombre": "Camino sin nombre", "longitud_km": 2.9 }, "geometry": { "type": "LineString", "coordinates": [ [ -62.6439, -22.3595 ], [ -62.6274, -22.3808 ] ] } },
{ "type": "Feature", "properties": { "nombre": "Camino sin nombre", "longitud_km": 2.86 }, "geometry": { "type": "LineString", "coordinates": [ [ -62.6569, -22.3813 ], [ -62.6525, -22.367 ], [ -62.6439, -22.3595 ] ] } },
{ "type": "Feature", "properties": { "nombre": "Camino sin nombre", "longitud_km": 6.49 }, "geometry": { "type": "LineString", "coordinates": [ [ -62.6961, -22.3822 ], [ -62.7101, -22.3489 ], [ -62.7292, -22.3345 ] ] } },
{ "type": "Feature", "properties": { "nombre": "Camino sin nombre", "longitud_km": 6.82 }, "geometry": { "type": "LineString", "coordinates": [ [ -62.76, -22.3659 ], [ -62.6961, -22.3822 ] ] } },
{ "type": "Feature", "properties": { "nombre": "Camino sin nombre", "longitud_km": 0.85 }, "geometry": { "type": "LineString", "coordinates": [ [ -62.521, -22.3793 ], [ -62.5133, -22.3818 ] ] } },
{ "type": "Feature", "properties": { "nombre": "Camino sin nombre", "longitud_km": 2.4 }, "geometry": { "type": "LineString", "coordinates": [ [ -62.76, -22.3659 ], [ -62.7463, -22.3835 ] ] } },
{ "type": "Feature", "properties": { "nombre": "Camino sin nombre", "longitud_km": 14.08 }, "geometry": { "type": "LineString", "coordinates": [ [ -63.2249, -22.4079 ], [ -63.3606, -22.4239 ] ] } },
{ "type": "Feature", "properties": { "nombre": "Camino sin nombre", "longitud_km": 5.81 }, "geometry": { "type": "LineString", "coordinates": [ [ -62.8376, -22.3478 ], [ -62.8062, -22.3707 ], [ -62.8009, -22.3853 ] ] } },
{ "type": "Feature", "properties": { "nombre": "Camino sin nombre", "longitud_km": 5.22 }, "geometry": { "type": "LineString", "coordinates": [ [ -62.8647, -22.3417 ], [ -62.8703, -22.3885 ] ] } },
{ "type": "Feature", "properties": { "nombre": "Camino sin nombre", "longitud_km": 6.89 }, "geometry": { "type": "LineString", "coordinates": [ [ -62.8946, -22.3351 ], [ -62.9227, -22.3916 ] ] } },
{ "type": "Feature", "properties": { "nombre": "Camino sin nombre", "longitud_km": 8.78 }, "geometry": { "type": "LineString", "coordinates": [ [ -63.6407, -22.3321 ], [ -63.6595, -22.3612 ], [ -63.6639, -22.376 ], [ -63.6899, -22.3936 ] ] } },
{ "type": "Feature", "properties": { "nombre": "Camino sin nombre", "longitud_km": 1.45 }, "geometry": { "type": "LineString", "coordinates": [ [ -62.7463, -22.3835 ], [ -62.7428, -22.3962 ] ] } },
{ "type": "Feature", "properties": { "nombre": "Camino sin nombre", "longitud_km": 9.56 }, "geometry": { "type": "LineString", "coordinates": [ [ -63.6899, -22.3936 ], [ -63.6433, -22.392 ], [ -63.5991, -22.3795 ] ] } },
{ "type": "Feature", "properties": { "nombre": "Camino sin nombre", "longitud_km": 12.55 }, "geometry": { "type": "LineString", "coordinates": [ [ -63.3163, -22.3126 ], [ -63.3107, -22.3237 ], [ -63.2359, -22.397 ] ] } },
{ "type": "Feature", "properties": { "nombre": "Camino sin nombre", "longitud_km": 20.93 }, "geometry": { "type": "LineString", "coordinates": [ [ -63.4371, -22.3701 ], [ -63.2359, -22.397 ] ] } },
{ "type": "Feature", "properties": { "nombre": "Camino sin nombre", "longitud_km": 9.22 }, "geometry": { "type": "LineString", "coordinates": [ [ -63.6899, -22.3936 ], [ -63.723, -22.399 ], [ -63.773, -22.3757 ] ] } },
{ "type": "Feature", "properties": { "nombre": "Camino sin nombre", "longitud_km": 3.15 }, "geometry": { "type": "LineString", "coordinates": [ [ -62.715, -22.4046 ], [ -62.6961, -22.3822 ] ] } },
{ "type": "Feature", "properties": { "nombre": "Camino sin nombre", "longitud_km": 3.45 }, "geometry": { "type": "LineString", "coordinates": [ [ -62.7428, -22.3962 ], [ -62.7288, -22.4055 ], [ -62.7208, -22.4011 ], [ -62.715, -22.4046 ] ] } },
{ "type": "Feature", "properties": { "nombre": "Camino sin nombre", "longitud_km": 3.13 }, "geometry": { "type": "LineString", "coordinates": [ [ -62.542, -22.3795 ], [ -62.5467, -22.4074 ] ] } },
{ "type": "Feature", "properties": { "nombre": "Camino sin nombre", "longitud_km": 1.65 }, "geometry": { "type": "LineString", "coordinates": [ [ -63.2359, -22.397 ], [ -63.2249, -22.4079 ] ] } },
{ "type": "Feature", "properties": { "nombre": "Camino sin nombre", "longitud_km": 2.76 }, "geometry": { "type": "LineString", "coordinates": [ [ -62.8009, -22.3853 ], [ -62.79, -22.4081 ] ] } },
{ "type": "Feature", "properties": { "nombre": "Camino sin nombre", "longitud_km": 3.3 }, "geometry": { "type": "LineString", "coordinates": [ [ -62.9227, -22.3916 ], [ -62.936, -22.4187 ] ] } },
{ "type": "Feature", "properties": { "nombre": "Camino sin nombre", "longitud_km": 27.03 }, "geometry": { "type": "LineString", "coordinates": [ [ -63.1981, -22.4348 ], [ -62.936, -22.4187 ] ] } },
{ "type": "Feature", "properties": { "nombre": "Camino sin nombre", "longitud_km": 6.82 }, "geometry": { "type": "LineString", "coordinates": [ [ -62.6889, -22.4269 ], [ -62.6814, -22.3906 ], [ -62.6569, -22.3813 ] ] } },
{ "type": "Feature", "properties": { "nombre": "Camino sin nombre", "longitud_km": 4.25 }, "geometry": { "type": "LineString", "coordinates": [ [ -62.6889, -22.4269 ], [ -62.7011, -22.4158 ], [ -62.7154, -22.4136 ], [ -62.715, -22.4046 ] ] } },
{ "type": "Feature", "properties": { "nombre": "Camino sin nombre", "longitud_km": 2.54 }, "geometry": { "type": "LineString", "coordinates": [ [ -63.4755, -22.4163 ], [ -63.454, -22.4274 ] ] } },
{ "type": "Feature", "properties": { "nombre": "Camino sin nombre", "longitud_km": 6.08 }, "geometry": { "type": "LineString", "coordinates": [ [ -62.7881, -22.4287 ], [ -62.7495, -22.4083 ], [ -62.7428, -22.3962 ] ] } },
{ "type": "Feature", "properties": { "nombre": "Camino sin nombre", "longitud_km": 0.69 }, "geometry": { "type": "LineString", "coordinates": [ [ -62.6894, -22.433 ], [ -62.6889, -22.4269 ] ] } },
{ "type": "Feature", "properties": { "nombre": "Camino sin nombre", "longitud_km": 8.68 }, "geometry": { "type": "LineString", "coordinates": [ [ -62.5133, -22.3818 ], [ -62.4749, -22.3946 ], [ -62.4595, -22.4324 ] ] } },
{ "type": "Feature", "properties": { "nombre": "Camino sin nombre", "longitud_km": 4.06 }, "geometry": { "type": "LineString", "coordinates": [ [ -63.2249, -22.4079 ], [ -63.1981, -22.4348 ] ] } },
{ "type": "Feature", "properties": { "nombre": "Camino sin nombre", "longitud_km": 2.86 }, "geometry": { "type": "LineString", "coordinates": [ [ -63.4946, -22.4352 ], [ -63.4755, -22.4163 ] ] } },
{ "type": "Feature", "properties": { "nombre": "Camino sin nombre", "longitud_km": 2.02 }, "geometry": { "type": "LineString", "coordinates": [ [ -63.7531, -22.7188 ], [ -63.7457, -22.7358 ] ] } },
{ "type": "Feature", "properties": { "nombre": "Camino sin nombre", "longitud_km": 8.46 }, "geometry": { "type": "LineString", "coordinates": [ [ -63.783, -22.4344 ], [ -63.7277, -22.4492 ], [ -63.711, -22.4322 ] ] } },
{ "type": "Feature", "properties": { "nombre": "Camino sin nombre", "longitud_km": 7.02 }, "geometry": { "type": "LineString", "coordinates": [ [ -63.3658, -22.4245 ], [ -63.4211, -22.4298 ], [ -63.4233, -22.4414 ] ] } },
{ "type": "Feature", "properties": { "nombre": "Camino sin nombre", "longitud_km": 2.27 }, "geometry": { "type": "LineString", "coordinates": [ [ -62.4595, -22.4324 ], [ -62.4726, -22.4489 ] ] } },
{ "type": "Feature", "properties": { "nombre": "Camino sin nombre", "longitud_km": 3.45 }, "geometry": { "type": "LineString", "coordinates": [ [ -63.454, -22.4274 ], [ -63.4368, -22.4542 ] ] } },
{ "type": "Feature", "properties": { "nombre": "Camino sin nombre", "longitud_km": 1.63 }, "geometry": { "type": "LineString", "coordinates": [ [ -63.4523, -22.451 ], [ -63.4368, -22.4542 ] ] } },
{ "type": "Feature", "properties": { "nombre": "Camino sin nombre", "longitud_km": 8.56 }, "geometry": { "type": "LineString", "coordinates": [ [ -62.6274, -22.3808 ], [ -62.6284, -22.4162 ], [ -62.6169, -22.4566 ] ] } },
{ "type": "Feature", "properties": { "nombre": "Camino sin nombre", "longitud_km": 8.67 }, "geometry": { "type": "LineString", "coordinates": [ [ -62.6169, -22.4566 ], [ -62.6457, -22.4546 ], [ -62.6751, -22.4455 ], [ -62.6889, -22.4269 ] ] } },
{ "type": "Feature", "properties": { "nombre": "Camino sin nombre", "longitud_km": 1.7 }, "geometry": { "type": "LineString", "coordinates": [ [ -63.4233, -22.4414 ], [ -63.4261, -22.4565 ] ] } },
{ "type": "Feature", "properties": { "nombre": "Camino sin nombre", "longitud_km": 1.14 }, "geometry": { "type": "LineString", "coordinates": [ [ -63.4261, -22.4565 ], [ -63.4368, -22.4542 ] ] } },
{ "type": "Feature", "properties": { "nombre": "Camino sin nombre", "longitud_km": 23.25 }, "geometry": { "type": "LineString", "coordinates": [ [ -62.2565, -22.5374 ], [ -62.293, -22.5274 ], [ -62.2986, -22.5184 ], [ -62.2919, -22.4967 ], [ -62.3492, -22.4754 ], [ -62.3528, -22.4682 ], [ -62.3501, -22.4566 ], [ -62.3594, -22.4598 ], [ -62.3762, -22.4828 ], [ -62.3822, -22.4822 ], [ -62.3833, -22.4747 ], [ -62.3927, -22.4862 ] ] } },
{ "type": "Feature", "properties": { "nombre": "Camino sin nombre", "longitud_km": 22.41 }, "geometry": { "type": "LineString", "coordinates": [ [ -63.5927, -22.5685 ], [ -63.3784, -22.6049 ] ] } },
{ "type": "Feature", "properties": { "nombre": "Camino sin nombre", "longitud_km": 3.49 }, "geometry": { "type": "LineString", "coordinates": [ [ -63.4233, -22.4414 ], [ -63.3994, -22.4638 ] ] } },
{ "type": "Feature", "properties": { "nombre": "Camino sin nombre", "longitud_km": 0.17 }, "geometry": { "type": "LineString", "coordinates": [ [ -62.9544, -23.2191 ], [ -62.9538, -23.2206 ] ] } },
{ "type": "Feature", "properties": { "nombre": "Camino sin nombre", "longitud_km": 2.86 }, "geometry": { "type": "LineString", "coordinates": [ [ -63.3994, -22.4638 ], [ -63.4261, -22.4565 ] ] } },
{ "type": "Feature", "properties": { "nombre": "Camino sin nombre", "longitud_km": 5.57 }, "geometry": { "type": "LineString", "coordinates": [ [ -63.3658, -22.4245 ], [ -63.3882, -22.4434 ], [ -63.3805, -22.4643 ] ] } },
{ "type": "Feature", "properties": { "nombre": "Camino sin nombre", "longitud_km": 6.37 }, "geometry": { "type": "LineString", "coordinates": [ [ -62.4726, -22.4489 ], [ -62.4907, -22.4576 ], [ -62.5317, -22.4641 ] ] } },
{ "type": "Feature", "properties": { "nombre": "Camino sin nombre", "longitud_km": 9.8 }, "geometry": { "type": "LineString", "coordinates": [ [ -62.5133, -22.3818 ], [ -62.5069, -22.4202 ], [ -62.5317, -22.4641 ] ] } },
{ "type": "Feature", "properties": { "nombre": "Camino sin nombre", "longitud_km": 1.78 }, "geometry": { "type": "LineString", "coordinates": [ [ -62.4726, -22.4489 ], [ -62.4711, -22.465 ] ] } },
{ "type": "Feature", "properties": { "nombre": "Camino sin nombre", "longitud_km": 4.85 }, "geometry": { "type": "LineString", "coordinates": [ [ -62.6731, -22.4736 ], [ -62.6848, -22.4534 ], [ -62.6894, -22.433 ] ] } },
{ "type": "Feature", "properties": { "nombre": "Camino sin nombre", "longitud_km": 8.35 }, "geometry": { "type": "LineString", "coordinates": [ [ -62.7531, -22.4866 ], [ -62.6731, -22.4736 ] ] } },
{ "type": "Feature", "properties": { "nombre": "Camino sin nombre", "longitud_km": 17.84 }, "geometry": { "type": "LineString", "coordinates": [ [ -63.1909, -22.6622 ], [ -63.3442, -22.7377 ] ] } },
{ "type": "Feature", "properties": { "nombre": "Camino sin nombre", "longitud_km": 10.03 }, "geometry": { "type": "LineString", "coordinates": [ [ -62.6894, -22.433 ], [ -62.7089, -22.4438 ], [ -62.7116, -22.4629 ], [ -62.7319, -22.4766 ], [ -62.7445, -22.474 ], [ -62.7531, -22.4866 ] ] } },
{ "type": "Feature", "properties": { "nombre": "Camino sin nombre", "longitud_km": 9.24 }, "geometry": { "type": "LineString", "coordinates": [ [ -62.4595, -22.4324 ], [ -62.4484, -22.4499 ], [ -62.3927, -22.4862 ] ] } },
{ "type": "Feature", "properties": { "nombre": "Camino sin nombre", "longitud_km": 5.11 }, "geometry": { "type": "LineString", "coordinates": [ [ -62.5317, -22.4641 ], [ -62.5521, -22.4794 ], [ -62.5736, -22.488 ] ] } },
{ "type": "Feature", "properties": { "nombre": "Camino sin nombre", "longitud_km": 5.65 }, "geometry": { "type": "LineString", "coordinates": [ [ -62.6169, -22.4566 ], [ -62.5736, -22.488 ] ] } },
{ "type": "Feature", "properties": { "nombre": "Camino sin nombre", "longitud_km": 1.17 }, "geometry": { "type": "LineString", "coordinates": [ [ -62.7641, -22.489 ], [ -62.7531, -22.4866 ] ] } },
{ "type": "Feature", "properties": { "nombre": "Camino sin nombre", "longitud_km": 2.84 }, "geometry": { "type": "LineString", "coordinates": [ [ -62.7909, -22.4951 ], [ -62.7641, -22.489 ] ] } },
{ "type": "Feature", "properties": { "nombre": "Camino sin nombre", "longitud_km": 5.42 }, "geometry": { "type": "LineString", "coordinates": [ [ -63.0339, -22.545 ], [ -62.9822, -22.5353 ] ] } },
{ "type": "Feature", "properties": { "nombre": "Camino sin nombre", "longitud_km": 1.95 }, "geometry": { "type": "LineString", "coordinates": [ [ -63.0339, -22.545 ], [ -63.0336, -22.5274 ] ] } },
{ "type": "Feature", "properties": { "nombre": "Camino sin nombre", "longitud_km": 1.71 }, "geometry": { "type": "LineString", "coordinates": [ [ -62.3927, -22.4862 ], [ -62.4045, -22.4971 ] ] } },
{ "type": "Feature", "properties": { "nombre": "Camino sin nombre", "longitud_km": 2.37 }, "geometry": { "type": "LineString", "coordinates": [ [ -62.4022, -22.5915 ], [ -62.3837, -22.6042 ] ] } },
{ "type": "Feature", "properties": { "nombre": "Camino sin nombre", "longitud_km": 6.88 }, "geometry": { "type": "LineString", "coordinates": [ [ -63.7261, -22.4987 ], [ -63.7288, -22.4897 ], [ -63.7121, -22.4697 ], [ -63.6875, -22.4846 ] ] } },
{ "type": "Feature", "properties": { "nombre": "Camino sin nombre", "longitud_km": 4.59 }, "geometry": { "type": "LineString", "coordinates": [ [ -62.6549, -22.5088 ], [ -62.6566, -22.4973 ], [ -62.6663, -22.4919 ], [ -62.6731, -22.4736 ] ] } },
{ "type": "Feature", "properties": { "nombre": "Camino sin nombre", "longitud_km": 2.97 }, "geometry": { "type": "LineString", "coordinates": [ [ -62.7641, -22.489 ], [ -62.7727, -22.5147 ] ] } },
{ "type": "Feature", "properties": { "nombre": "Camino sin nombre", "longitud_km": 10.38 }, "geometry": { "type": "LineString", "coordinates": [ [ -62.3927, -22.4862 ], [ -62.3951, -22.4958 ], [ -62.351, -22.513 ], [ -62.3221, -22.5419 ] ] } },
{ "type": "Feature", "properties": { "nombre": "Camino sin nombre", "longitud_km": 9.98 }, "geometry": { "type": "LineString", "coordinates": [ [ -62.8854, -22.5155 ], [ -62.7909, -22.4951 ] ] } },
{ "type": "Feature", "properties": { "nombre": "Camino sin nombre", "longitud_km": 14.15 }, "geometry": { "type": "LineString", "coordinates": [ [ -62.8703, -22.3885 ], [ -62.8854, -22.5155 ] ] } },
{ "type": "Feature", "properties": { "nombre": "Camino sin nombre", "longitud_km": 12.56 }, "geometry": { "type": "LineString", "coordinates": [ [ -63.3606, -22.4239 ], [ -63.29, -22.5165 ] ] } },
{ "type": "Feature", "properties": { "nombre": "Camino sin nombre", "longitud_km": 3.46 }, "geometry": { "type": "LineString", "coordinates": [ [ -63.3236, -22.5155 ], [ -63.29, -22.5165 ] ] } },
{ "type": "Feature", "properties": { "nombre": "Camino sin nombre", "longitud_km": 4.44 }, "geometry": { "type": "LineString", "coordinates": [ [ -63.7928, -22.5166 ], [ -63.8359, -22.5134 ] ] } },
{ "type": "Feature", "properties": { "nombre": "Camino sin nombre", "longitud_km": 17.9 }, "geometry": { "type": "LineString", "coordinates": [ [ -63.5839, -22.5201 ], [ -63.6333, -22.4963 ], [ -63.646, -22.4784 ], [ -63.6601, -22.4839 ], [ -63.6616, -22.5057 ], [ -63.7168, -22.4954 ] ] } },
{ "type": "Feature", "properties": { "nombre": "Camino sin nombre", "longitud_km": 13.72 }, "geometry": { "type": "LineString", "coordinates": [ [ -63.3236, -22.5155 ], [ -63.3898, -22.5215 ], [ -63.3901, -22.485 ], [ -63.3997, -22.478 ], [ -63.3994, -22.4638 ] ] } },
{ "type": "Feature", "properties": { "nombre": "Camino sin nombre", "longitud_km": 12.46 }, "geometry": { "type": "LineString", "coordinates": [ [ -62.7665, -22.5171 ], [ -62.7401, -22.521 ], [ -62.7359, -22.5266 ], [ -62.7211, -22.5303 ], [ -62.7104, -22.524 ], [ -62.6747, -22.5198 ], [ -62.6549, -22.5088 ] ] } },
{ "type": "Feature", "properties": { "nombre": "Camino sin nombre", "longitud_km": 10.2 }, "geometry": { "type": "LineString", "coordinates": [ [ -62.9822, -22.5353 ], [ -62.8854, -22.5155 ] ] } },
{ "type": "Feature", "properties": { "nombre": "Camino sin nombre", "longitud_km": 13.96 }, "geometry": { "type": "LineString", "coordinates": [ [ -62.936, -22.4187 ], [ -62.9834, -22.5155 ], [ -62.9822, -22.5353 ] ] } },
{ "type": "Feature", "properties": { "nombre": "Camino sin nombre", "longitud_km": 12.45 }, "geometry": { "type": "LineString", "coordinates": [ [ -63.454, -22.4274 ], [ -63.4802, -22.5371 ] ] } },
{ "type": "Feature", "properties": { "nombre": "Camino sin nombre", "longitud_km": 10.83 }, "geometry": { "type": "LineString", "coordinates": [ [ -63.4802, -22.5371 ], [ -63.5839, -22.5201 ] ] } },
{ "type": "Feature", "properties": { "nombre": "Camino sin nombre", "longitud_km": 6.05 }, "geometry": { "type": "LineString", "coordinates": [ [ -63.4224, -22.547 ], [ -63.4802, -22.5371 ] ] } },
{ "type": "Feature", "properties": { "nombre": "Camino sin nombre", "longitud_km": 14.62 }, "geometry": { "type": "LineString", "coordinates": [ [ -62.4045, -22.4971 ], [ -62.4226, -22.4976 ], [ -62.4326, -22.493 ], [ -62.477, -22.5089 ], [ -62.4808, -22.5181 ], [ -62.4964, -22.5205 ], [ -62.4932, -22.5433 ], [ -62.5046, -22.5507 ] ] } },
{ "type": "Feature", "properties": { "nombre": "Camino sin nombre", "longitud_km": 10.35 }, "geometry": { "type": "LineString", "coordinates": [ [ -62.5736, -22.488 ], [ -62.5449, -22.5138 ], [ -62.5391, -22.5314 ], [ -62.5214, -22.5452 ], [ -62.5046, -22.5507 ] ] } },
{ "type": "Feature", "properties": { "nombre": "Camino sin nombre", "longitud_km": 10.6 }, "geometry": { "type": "LineString", "coordinates": [ [ -62.3201, -22.5412 ], [ -62.3322, -22.5562 ], [ -62.3498, -22.5553 ], [ -62.3597, -22.5598 ], [ -62.3703, -22.5887 ], [ -62.3837, -22.6042 ] ] } },
{ "type": "Feature", "properties": { "nombre": "Camino sin nombre", "longitud_km": 24.52 }, "geometry": { "type": "LineString", "coordinates": [ [ -63.1981, -22.4348 ], [ -63.176, -22.4569 ], [ -63.1266, -22.5457 ], [ -63.1068, -22.5582 ], [ -63.0339, -22.545 ] ] } },
{ "type": "Feature", "properties": { "nombre": "Camino sin nombre", "longitud_km": 5.83 }, "geometry": { "type": "LineString", "coordinates": [ [ -63.9057, -22.5576 ], [ -63.8978, -22.5439 ], [ -63.9017, -22.5341 ], [ -63.8932, -22.5085 ] ] } },
{ "type": "Feature", "properties": { "nombre": "Camino sin nombre", "longitud_km": 5.87 }, "geometry": { "type": "LineString", "coordinates": [ [ -63.9577, -22.5385 ], [ -63.9398, -22.5432 ], [ -63.9264, -22.5532 ], [ -63.9057, -22.5576 ] ] } },
{ "type": "Feature", "properties": { "nombre": "Camino sin nombre", "longitud_km": 15.78 }, "geometry": { "type": "LineString", "coordinates": [ [ -63.7168, -22.4954 ], [ -63.7236, -22.5641 ], [ -63.7937, -22.5301 ] ] } },
{ "type": "Feature", "properties": { "nombre": "Camino sin nombre", "longitud_km": 5.44 }, "geometry": { "type": "LineString", "coordinates": [ [ -63.5839, -22.5201 ], [ -63.5927, -22.5685 ] ] } },
{ "type": "Feature", "properties": { "nombre": "Camino sin nombre", "longitud_km": 5.58 }, "geometry": { "type": "LineString", "coordinates": [ [ -63.9057, -22.5576 ], [ -63.8777, -22.5752 ], [ -63.8582, -22.5809 ] ] } },
{ "type": "Feature", "properties": { "nombre": "Camino sin nombre", "longitud_km": 13.22 }, "geometry": { "type": "LineString", "coordinates": [ [ -62.5736, -22.488 ], [ -62.5868, -22.5136 ], [ -62.5993, -22.5224 ], [ -62.6258, -22.5746 ], [ -62.6441, -22.5824 ] ] } },
{ "type": "Feature", "properties": { "nombre": "Camino sin nombre", "longitud_km": 8.6 }, "geometry": { "type": "LineString", "coordinates": [ [ -62.6549, -22.5088 ], [ -62.6482, -22.5335 ], [ -62.6548, -22.5556 ], [ -62.6456, -22.5693 ], [ -62.6441, -22.5824 ] ] } },
{ "type": "Feature", "properties": { "nombre": "Camino sin nombre", "longitud_km": 3.72 }, "geometry": { "type": "LineString", "coordinates": [ [ -62.5046, -22.5507 ], [ -62.5118, -22.5836 ] ] } },
{ "type": "Feature", "properties": { "nombre": "Camino sin nombre", "longitud_km": 11.52 }, "geometry": { "type": "LineString", "coordinates": [ [ -62.4045, -22.4971 ], [ -62.4256, -22.5249 ], [ -62.4022, -22.5915 ] ] } },
{ "type": "Feature", "properties": { "nombre": "Camino sin nombre", "longitud_km": 2.08 }, "geometry": { "type": "LineString", "coordinates": [ [ -63.8582, -22.5809 ], [ -63.8417, -22.5916 ] ] } },
{ "type": "Feature", "properties": { "nombre": "Camino sin nombre", "longitud_km": 1.94 }, "geometry": { "type": "LineString", "coordinates": [ [ -63.8417, -22.5916 ], [ -63.823, -22.5938 ] ] } },
{ "type": "Feature", "properties": { "nombre": "Camino sin nombre", "longitud_km": 1.6 }, "geometry": { "type": "LineString", "coordinates": [ [ -63.823, -22.5938 ], [ -63.8076, -22.5961 ] ] } },
{ "type": "Feature", "properties": { "nombre": "Camino sin nombre", "longitud_km": 9.54 }, "geometry": { "type": "LineString", "coordinates": [ [ -62.8854, -22.5155 ], [ -62.894, -22.6013 ] ] } },
{ "type": "Feature", "properties": { "nombre": "Camino sin nombre", "longitud_km": 6.31 }, "geometry": { "type": "LineString", "coordinates": [ [ -63.0339, -22.545 ], [ -63.0349, -22.602 ] ] } },
{ "type": "Feature", "properties": { "nombre": "Camino sin nombre", "longitud_km": 3.41 }, "geometry": { "type": "LineString", "coordinates": [ [ -62.6441, -22.5824 ], [ -62.6286, -22.5981 ], [ -62.6271, -22.6075 ] ] } },
{ "type": "Feature", "properties": { "nombre": "Camino sin nombre", "longitud_km": 1.79 }, "geometry": { "type": "LineString", "coordinates": [ [ -62.3837, -22.6042 ], [ -62.3997, -22.6105 ] ] } },
{ "type": "Feature", "properties": { "nombre": "Camino sin nombre", "longitud_km": 11.95 }, "geometry": { "type": "LineString", "coordinates": [ [ -63.29, -22.5165 ], [ -63.2544, -22.5589 ], [ -63.2453, -22.6123 ] ] } },
{ "type": "Feature", "properties": { "nombre": "Camino sin nombre", "longitud_km": 13.41 }, "geometry": { "type": "LineString", "coordinates": [ [ -63.3236, -22.5155 ], [ -63.2453, -22.6123 ] ] } },
{ "type": "Feature", "properties": { "nombre": "Camino sin nombre", "longitud_km": 0.49 }, "geometry": { "type": "LineString", "coordinates": [ [ -63.2453, -22.6123 ], [ -63.2424, -22.6158 ] ] } },
{ "type": "Feature", "properties": { "nombre": "Camino sin nombre", "longitud_km": 9.04 }, "geometry": { "type": "LineString", "coordinates": [ [ -63.8582, -22.5809 ], [ -63.8624, -22.5856 ], [ -63.8639, -22.6145 ], [ -63.8412, -22.6132 ], [ -63.8375, -22.5978 ], [ -63.8432, -22.5954 ], [ -63.8417, -22.5916 ] ] } },
{ "type": "Feature", "properties": { "nombre": "Camino sin nombre", "longitud_km": 5.58 }, "geometry": { "type": "LineString", "coordinates": [ [ -63.5927, -22.5685 ], [ -63.6018, -22.6182 ] ] } },
{ "type": "Feature", "properties": { "nombre": "Camino sin nombre", "longitud_km": 0.5 }, "geometry": { "type": "LineString", "coordinates": [ [ -63.6066, -22.6173 ], [ -63.6018, -22.6182 ] ] } },
{ "type": "Feature", "properties": { "nombre": "Camino sin nombre", "longitud_km": 2.64 }, "geometry": { "type": "LineString", "coordinates": [ [ -63.823, -22.5938 ], [ -63.8205, -22.6175 ] ] } },
{ "type": "Feature", "properties": { "nombre": "Camino sin nombre", "longitud_km": 17.23 }, "geometry": { "type": "LineString", "coordinates": [ [ -63.0349, -22.602 ], [ -62.926, -22.6666 ], [ -62.8881, -22.6721 ] ] } },
{ "type": "Feature", "properties": { "nombre": "Camino sin nombre", "longitud_km": 14.43 }, "geometry": { "type": "LineString", "coordinates": [ [ -63.3784, -22.6049 ], [ -63.2564, -22.624 ], [ -63.2424, -22.6158 ] ] } },
{ "type": "Feature", "properties": { "nombre": "Camino sin nombre", "longitud_km": 2.19 }, "geometry": { "type": "LineString", "coordinates": [ [ -62.6271, -22.6075 ], [ -62.6263, -22.6273 ] ] } },
{ "type": "Feature", "properties": { "nombre": "Camino sin nombre", "longitud_km": 4.62 }, "geometry": { "type": "LineString", "coordinates": [ [ -63.6066, -22.6173 ], [ -63.6088, -22.6334 ], [ -63.5983, -22.6348 ], [ -63.5959, -22.6193 ] ] } },
{ "type": "Feature", "properties": { "nombre": "Camino sin nombre", "longitud_km": 15.12 }, "geometry": { "type": "LineString", "coordinates": [ [ -63.3784, -22.6049 ], [ -63.3442, -22.7377 ] ] } },
{ "type": "Feature", "properties": { "nombre": "Camino sin nombre", "longitud_km": 11.14 }, "geometry": { "type": "LineString", "coordinates": [ [ -62.5118, -22.5836 ], [ -62.5258, -22.6036 ], [ -62.557, -22.611 ], [ -62.5669, -22.6293 ], [ -62.5766, -22.6368 ], [ -62.5921, -22.6396 ] ] } },
{ "type": "Feature", "properties": { "nombre": "Camino sin nombre", "longitud_km": 4.05 }, "geometry": { "type": "LineString", "coordinates": [ [ -62.5921, -22.6396 ], [ -62.6108, -22.626 ], [ -62.6263, -22.6273 ] ] } },
{ "type": "Feature", "properties": { "nombre": "Camino sin nombre", "longitud_km": 5.59 }, "geometry": { "type": "LineString", "coordinates": [ [ -62.3997, -22.6105 ], [ -62.4104, -22.6149 ], [ -62.4268, -22.6404 ], [ -62.4364, -22.6445 ] ] } },
{ "type": "Feature", "properties": { "nombre": "Camino sin nombre", "longitud_km": 8.09 }, "geometry": { "type": "LineString", "coordinates": [ [ -62.4022, -22.5915 ], [ -62.4261, -22.5974 ], [ -62.4219, -22.6062 ], [ -62.4364, -22.6445 ] ] } },
{ "type": "Feature", "properties": { "nombre": "Camino sin nombre", "longitud_km": 24.42 }, "geometry": { "type": "LineString", "coordinates": [ [ -63.7457, -22.7358 ], [ -63.5119, -22.7762 ] ] } },
{ "type": "Feature", "properties": { "nombre": "Camino sin nombre", "longitud_km": 8.9 }, "geometry": { "type": "LineString", "coordinates": [ [ -62.5118, -22.5836 ], [ -62.4907, -22.6137 ], [ -62.4711, -22.6318 ], [ -62.4666, -22.6502 ] ] } },
{ "type": "Feature", "properties": { "nombre": "Camino sin nombre", "longitud_km": 3.27 }, "geometry": { "type": "LineString", "coordinates": [ [ -62.4364, -22.6445 ], [ -62.4509, -22.6509 ], [ -62.4666, -22.6502 ] ] } },
{ "type": "Feature", "properties": { "nombre": "Camino sin nombre", "longitud_km": 2.81 }, "geometry": { "type": "LineString", "coordinates": [ [ -62.6263, -22.6273 ], [ -62.6227, -22.6525 ] ] } },
{ "type": "Feature", "properties": { "nombre": "Camino sin nombre", "longitud_km": 9.04 }, "geometry": { "type": "LineString", "coordinates": [ [ -63.8137, -22.6741 ], [ -63.7671, -22.6838 ], [ -63.7531, -22.7188 ] ] } },
{ "type": "Feature", "properties": { "nombre": "Camino sin nombre", "longitud_km": 7.0 }, "geometry": { "type": "LineString", "coordinates": [ [ -64.4387, -22.6013 ], [ -64.4303, -22.6027 ], [ -64.4318, -22.6161 ], [ -64.4421, -22.6239 ], [ -64.4395, -22.6283 ], [ -64.4471, -22.6365 ], [ -64.4394, -22.6482 ] ] } },
{ "type": "Feature", "properties": { "nombre": "Camino sin nombre", "longitud_km": 1.82 }, "geometry": { "type": "LineString", "coordinates": [ [ -64.457, -22.6461 ], [ -64.4394, -22.6482 ] ] } },
{ "type": "Feature", "properties": { "nombre": "Camino sin nombre", "longitud_km": 6.72 }, "geometry": { "type": "LineString", "coordinates": [ [ -63.2424, -22.6158 ], [ -63.2136, -22.6495 ], [ -63.1964, -22.6571 ] ] } },
{ "type": "Feature", "properties": { "nombre": "Camino sin nombre", "longitud_km": 10.15 }, "geometry": { "type": "LineString", "coordinates": [ [ -62.7803, -22.5658 ], [ -62.7875, -22.6572 ] ] } },
{ "type": "Feature", "properties": { "nombre": "Camino sin nombre", "longitud_km": 0.8 }, "geometry": { "type": "LineString", "coordinates": [ [ -63.1964, -22.6571 ], [ -63.1909, -22.6622 ] ] } },
{ "type": "Feature", "properties": { "nombre": "Camino sin nombre", "longitud_km": 18.74 }, "geometry": { "type": "LineString", "coordinates": [ [ -62.7875, -22.6572 ], [ -62.7733, -22.663 ], [ -62.7348, -22.6613 ], [ -62.7069, -22.635 ], [ -62.674, -22.6298 ], [ -62.6566, -22.6215 ], [ -62.6459, -22.6098 ], [ -62.6271, -22.6075 ] ] } },
{ "type": "Feature", "properties": { "nombre": "Camino sin nombre", "longitud_km": 3.71 }, "geometry": { "type": "LineString", "coordinates": [ [ -62.9394, -22.7994 ], [ -62.9277, -22.7677 ] ] } },
{ "type": "Feature", "properties": { "nombre": "Camino sin nombre", "longitud_km": 11.22 }, "geometry": { "type": "LineString", "coordinates": [ [ -62.8881, -22.6721 ], [ -62.8477, -22.6812 ], [ -62.8133, -22.6611 ], [ -62.8027, -22.6626 ], [ -62.7875, -22.6572 ] ] } },
{ "type": "Feature", "properties": { "nombre": "Camino sin nombre", "longitud_km": 3.79 }, "geometry": { "type": "LineString", "coordinates": [ [ -64.4394, -22.6482 ], [ -64.4266, -22.6561 ], [ -64.4225, -22.6757 ] ] } },
{ "type": "Feature", "properties": { "nombre": "Camino sin nombre", "longitud_km": 6.87 }, "geometry": { "type": "LineString", "coordinates": [ [ -63.8172, -22.7364 ], [ -63.7531, -22.7188 ] ] } },
{ "type": "Feature", "properties": { "nombre": "Camino sin nombre", "longitud_km": 7.98 }, "geometry": { "type": "LineString", "coordinates": [ [ -63.1964, -22.6571 ], [ -63.1851, -22.6569 ], [ -63.159, -22.6731 ], [ -63.1568, -22.6873 ], [ -63.1492, -22.6928 ], [ -63.1475, -22.7018 ] ] } },
{ "type": "Feature", "properties": { "nombre": "Camino sin nombre", "longitud_km": 6.26 }, "geometry": { "type": "LineString", "coordinates": [ [ -63.1909, -22.6622 ], [ -63.1475, -22.7018 ] ] } },
{ "type": "Feature", "properties": { "nombre": "Camino sin nombre", "longitud_km": 20.88 }, "geometry": { "type": "LineString", "coordinates": [ [ -62.8172, -22.7067 ], [ -62.6227, -22.6525 ] ] } },
{ "type": "Feature", "properties": { "nombre": "Camino sin nombre", "longitud_km": 1.98 }, "geometry": { "type": "LineString", "coordinates": [ [ -64.273, -22.7023 ], [ -64.2538, -22.7034 ] ] } },
{ "type": "Feature", "properties": { "nombre": "Camino sin nombre", "longitud_km": 8.19 }, "geometry": { "type": "LineString", "coordinates": [ [ -63.4167, -22.7768 ], [ -63.3372, -22.7704 ] ] } },
{ "type": "Feature", "properties": { "nombre": "Camino sin nombre", "longitud_km": 1.34 }, "geometry": { "type": "LineString", "coordinates": [ [ -63.1475, -22.7018 ], [ -63.1382, -22.7103 ] ] } },
{ "type": "Feature", "properties": { "nombre": "Camino sin nombre", "longitud_km": 14.85 }, "geometry": { "type": "LineString", "coordinates": [ [ -62.3596, -22.7188 ], [ -62.3608, -22.7055 ], [ -62.3736, -22.6783 ], [ -62.3654, -22.6582 ], [ -62.3645, -22.6275 ], [ -62.3786, -22.6137 ], [ -62.3997, -22.6105 ] ] } },
{ "type": "Feature", "properties": { "nombre": "Camino sin nombre", "longitud_km": 9.02 }, "geometry": { "type": "LineString", "coordinates": [ [ -63.1284, -22.7202 ], [ -63.0957, -22.6957 ], [ -63.0513, -22.6856 ] ] } },
{ "type": "Feature", "properties": { "nombre": "Camino sin nombre", "longitud_km": 1.49 }, "geometry": { "type": "LineString", "coordinates": [ [ -63.1382, -22.7103 ], [ -63.1284, -22.7202 ] ] } },
{ "type": "Feature", "properties": { "nombre": "Camino sin nombre", "longitud_km": 7.84 }, "geometry": { "type": "LineString", "coordinates": [ [ -62.8917, -22.7223 ], [ -62.8172, -22.7067 ] ] } },
{ "type": "Feature", "properties": { "nombre": "Camino sin nombre", "longitud_km": 1.87 }, "geometry": { "type": "LineString", "coordinates": [ [ -62.9031, -22.7092 ], [ -62.8917, -22.7223 ] ] } },
{ "type": "Feature", "properties": { "nombre": "Camino sin nombre", "longitud_km": 0.92 }, "geometry": { "type": "LineString", "coordinates": [ [ -63.1284, -22.7202 ], [ -63.1357, -22.725 ] ] } },
{ "type": "Feature", "properties": { "nombre": "Camino sin nombre", "longitud_km": 1.64 }, "geometry": { "type": "LineString", "coordinates": [ [ -63.1382, -22.7103 ], [ -63.1357, -22.725 ] ] } },
{ "type": "Feature", "properties": { "nombre": "Camino sin nombre", "longitud_km": 2.94 }, "geometry": { "type": "LineString", "coordinates": [ [ -64.4047, -22.7055 ], [ -64.4292, -22.7193 ] ] } },
{ "type": "Feature", "properties": { "nombre": "Camino sin nombre", "longitud_km": 6.28 }, "geometry": { "type": "LineString", "coordinates": [ [ -62.9816, -22.8112 ], [ -62.9947, -22.7986 ], [ -63.0355, -22.7883 ] ] } },
{ "type": "Feature", "properties": { "nombre": "Camino sin nombre", "longitud_km": 2.81 }, "geometry": { "type": "LineString", "coordinates": [ [ -62.9109, -22.8018 ], [ -62.9087, -22.7765 ] ] } },
{ "type": "Feature", "properties": { "nombre": "Camino sin nombre", "longitud_km": 2.95 }, "geometry": { "type": "LineString", "coordinates": [ [ -62.9394, -22.7994 ], [ -62.9109, -22.8018 ] ] } },
{ "type": "Feature", "properties": { "nombre": "Camino sin nombre", "longitud_km": 11.0 }, "geometry": { "type": "LineString", "coordinates": [ [ -62.4666, -22.6502 ], [ -62.4943, -22.6633 ], [ -62.5024, -22.6734 ], [ -62.5046, -22.6868 ], [ -62.4975, -22.7306 ] ] } },
{ "type": "Feature", "properties": { "nombre": "Camino sin nombre", "longitud_km": 14.2 }, "geometry": { "type": "LineString", "coordinates": [ [ -62.4975, -22.7306 ], [ -62.4346, -22.7316 ], [ -62.3605, -22.719 ] ] } },
{ "type": "Feature", "properties": { "nombre": "Camino sin nombre", "longitud_km": 0.74 }, "geometry": { "type": "LineString", "coordinates": [ [ -62.5041, -22.7334 ], [ -62.4975, -22.7306 ] ] } },
{ "type": "Feature", "properties": { "nombre": "Camino sin nombre", "longitud_km": 14.03 }, "geometry": { "type": "LineString", "coordinates": [ [ -62.5921, -22.6396 ], [ -62.5674, -22.653 ], [ -62.5454, -22.6729 ], [ -62.5041, -22.7334 ] ] } },
{ "type": "Feature", "properties": { "nombre": "Camino sin nombre", "longitud_km": 0.59 }, "geometry": { "type": "LineString", "coordinates": [ [ -62.5041, -22.7334 ], [ -62.5017, -22.7383 ] ] } },
{ "type": "Feature", "properties": { "nombre": "Camino sin nombre", "longitud_km": 2.43 }, "geometry": { "type": "LineString", "coordinates": [ [ -63.8407, -22.7346 ], [ -63.8172, -22.7364 ] ] } },
{ "type": "Feature", "properties": { "nombre": "Camino sin nombre", "longitud_km": 8.61 }, "geometry": { "type": "LineString", "coordinates": [ [ -63.3442, -22.7377 ], [ -63.4167, -22.7768 ] ] } },
{ "type": "Feature", "properties": { "nombre": "Camino sin nombre", "longitud_km": 16.12 }, "geometry": { "type": "LineString", "coordinates": [ [ -63.9672, -22.7441 ], [ -63.955, -22.7334 ], [ -63.9217, -22.7199 ], [ -63.9158, -22.7041 ], [ -63.9085, -22.7028 ], [ -63.8932, -22.719 ], [ -63.8407, -22.7346 ] ] } },
{ "type": "Feature", "properties": { "nombre": "Camino sin nombre", "longitud_km": 1.38 }, "geometry": { "type": "LineString", "coordinates": [ [ -63.7457, -22.7358 ], [ -63.741, -22.7474 ] ] } },
{ "type": "Feature", "properties": { "nombre": "Camino sin nombre", "longitud_km": 7.91 }, "geometry": { "type": "LineString", "coordinates": [ [ -63.8179, -22.7483 ], [ -63.741, -22.7474 ] ] } },
{ "type": "Feature", "properties": { "nombre": "Camino sin nombre", "longitud_km": 5.75 }, "geometry": { "type": "LineString", "coordinates": [ [ -62.9077, -22.765 ], [ -62.9042, -22.7251 ], [ -62.8917, -22.7223 ] ] } },
{ "type": "Feature", "properties": { "nombre": "Camino sin nombre", "longitud_km": 8.0 }, "geometry": { "type": "LineString", "coordinates": [ [ -62.8172, -22.7067 ], [ -62.8125, -22.7221 ], [ -62.7949, -22.7279 ], [ -62.7915, -22.7338 ], [ -62.7949, -22.7659 ] ] } },
{ "type": "Feature", "properties": { "nombre": "Camino sin nombre", "longitud_km": 11.58 }, "geometry": { "type": "LineString", "coordinates": [ [ -62.9077, -22.765 ], [ -62.7949, -22.7659 ] ] } },
{ "type": "Feature", "properties": { "nombre": "Camino sin nombre", "longitud_km": 0.75 }, "geometry": { "type": "LineString", "coordinates": [ [ -62.7949, -22.7659 ], [ -62.7876, -22.7659 ] ] } },
{ "type": "Feature", "properties": { "nombre": "Camino sin nombre", "longitud_km": 0.36 }, "geometry": { "type": "LineString", "coordinates": [ [ -62.9277, -22.7677 ], [ -62.9265, -22.7647 ] ] } },
{ "type": "Feature", "properties": { "nombre": "Camino sin nombre", "longitud_km": 3.7 }, "geometry": { "type": "LineString", "coordinates": [ [ -63.3442, -22.7377 ], [ -63.3372, -22.7704 ] ] } },
{ "type": "Feature", "properties": { "nombre": "Camino sin nombre", "longitud_km": 12.23 }, "geometry": { "type": "LineString", "coordinates": [ [ -62.5974, -22.7706 ], [ -62.5947, -22.7666 ], [ -62.5312, -22.7655 ], [ -62.5139, -22.7542 ], [ -62.5185, -22.7486 ], [ -62.5041, -22.7334 ] ] } },
{ "type": "Feature", "properties": { "nombre": "Camino sin nombre", "longitud_km": 14.05 }, "geometry": { "type": "LineString", "coordinates": [ [ -62.6227, -22.6525 ], [ -62.6181, -22.6654 ], [ -62.6233, -22.6755 ], [ -62.611, -22.6943 ], [ -62.616, -22.7055 ], [ -62.6139, -22.7295 ], [ -62.5974, -22.7706 ] ] } },
{ "type": "Feature", "properties": { "nombre": "Camino sin nombre", "longitud_km": 18.8 }, "geometry": { "type": "LineString", "coordinates": [ [ -63.0349, -22.602 ], [ -63.036, -22.7717 ] ] } },
{ "type": "Feature", "properties": { "nombre": "Camino sin nombre", "longitud_km": 1.28 }, "geometry": { "type": "LineString", "coordinates": [ [ -62.9087, -22.7765 ], [ -62.9077, -22.765 ] ] } },
{ "type": "Feature", "properties": { "nombre": "Camino sin nombre", "longitud_km": 2.18 }, "geometry": { "type": "LineString", "coordinates": [ [ -62.9277, -22.7677 ], [ -62.9087, -22.7765 ] ] } },
{ "type": "Feature", "properties": { "nombre": "Camino sin nombre", "longitud_km": 21.84 }, "geometry": { "type": "LineString", "coordinates": [ [ -63.5959, -22.6193 ], [ -63.5589, -22.6259 ], [ -63.5107, -22.7038 ], [ -63.5119, -22.7762 ] ] } },
{ "type": "Feature", "properties": { "nombre": "Camino sin nombre", "longitud_km": 1.25 }, "geometry": { "type": "LineString", "coordinates": [ [ -63.8531, -22.8319 ], [ -63.8411, -22.8344 ] ] } },
{ "type": "Feature", "properties": { "nombre": "Camino sin nombre", "longitud_km": 8.52 }, "geometry": { "type": "LineString", "coordinates": [ [ -62.5017, -22.7383 ], [ -62.4524, -22.7489 ], [ -62.4448, -22.762 ], [ -62.4474, -22.777 ] ] } },
{ "type": "Feature", "properties": { "nombre": "Camino sin nombre", "longitud_km": 5.94 }, "geometry": { "type": "LineString", "coordinates": [ [ -62.4474, -22.777 ], [ -62.4691, -22.7702 ], [ -62.4981, -22.7521 ] ] } },
{ "type": "Feature", "properties": { "nombre": "Camino sin nombre", "longitud_km": 6.54 }, "geometry": { "type": "LineString", "coordinates": [ [ -63.4801, -22.7818 ], [ -63.4167, -22.7768 ] ] } },
{ "type": "Feature", "properties": { "nombre": "Camino sin nombre", "longitud_km": 3.32 }, "geometry": { "type": "LineString", "coordinates": [ [ -63.5119, -22.7762 ], [ -63.4801, -22.7818 ] ] } },
{ "type": "Feature", "properties": { "nombre": "Camino sin nombre", "longitud_km": 1.24 }, "geometry": { "type": "LineString", "coordinates": [ [ -63.036, -22.7717 ], [ -63.0357, -22.7829 ] ] } },
{ "type": "Feature", "properties": { "nombre": "Camino sin nombre", "longitud_km": 9.85 }, "geometry": { "type": "LineString", "coordinates": [ [ -63.9408, -22.7583 ], [ -63.951, -22.7574 ], [ -63.9522, -22.7661 ], [ -63.966, -22.7797 ], [ -63.9893, -22.7814 ], [ -64.0059, -22.7728 ], [ -64.0192, -22.7757 ] ] } },
{ "type": "Feature", "properties": { "nombre": "Camino sin nombre", "longitud_km": 2.14 }, "geometry": { "type": "LineString", "coordinates": [ [ -63.0513, -22.7848 ], [ -63.036, -22.7717 ] ] } },
{ "type": "Feature", "properties": { "nombre": "Camino sin nombre", "longitud_km": 0.6 }, "geometry": { "type": "LineString", "coordinates": [ [ -63.0357, -22.7829 ], [ -63.0355, -22.7883 ] ] } },
{ "type": "Feature", "properties": { "nombre": "Camino sin nombre", "longitud_km": 1.01 }, "geometry": { "type": "LineString", "coordinates": [ [ -63.0355, -22.7883 ], [ -63.0441, -22.7839 ] ] } },
{ "type": "Feature", "properties": { "nombre": "Camino sin nombre", "longitud_km": 0.59 }, "geometry": { "type": "LineString", "coordinates": [ [ -63.0477, -22.7843 ], [ -63.0512, -22.7885 ] ] } },
{ "type": "Feature", "properties": { "nombre": "Camino sin nombre", "longitud_km": 0.84 }, "geometry": { "type": "LineString", "coordinates": [ [ -63.0594, -22.7888 ], [ -63.0512, -22.7885 ] ] } },
{ "type": "Feature", "properties": { "nombre": "Camino sin nombre", "longitud_km": 12.17 }, "geometry": { "type": "LineString", "coordinates": [ [ -63.1284, -22.7202 ], [ -63.1178, -22.7318 ], [ -63.1171, -22.7539 ], [ -63.096, -22.7872 ], [ -63.0594, -22.7888 ] ] } },
{ "type": "Feature", "properties": { "nombre": "Camino sin nombre", "longitud_km": 12.07 }, "geometry": { "type": "LineString", "coordinates": [ [ -64.118, -22.7871 ], [ -64.1143, -22.7763 ], [ -64.1058, -22.7712 ], [ -64.0881, -22.7758 ], [ -64.0793, -22.7735 ], [ -64.0574, -22.7834 ], [ -64.0351, -22.7726 ], [ -64.0232, -22.7715 ], [ -64.0192, -22.7757 ] ] } },
{ "type": "Feature", "properties": { "nombre": "Camino sin nombre", "longitud_km": 7.09 }, "geometry": { "type": "LineString", "coordinates": [ [ -62.388, -22.793 ], [ -62.4194, -22.7699 ], [ -62.4474, -22.777 ] ] } },
{ "type": "Feature", "properties": { "nombre": "Camino sin nombre", "longitud_km": 6.35 }, "geometry": { "type": "LineString", "coordinates": [ [ -62.9087, -22.7765 ], [ -62.8684, -22.7878 ], [ -62.8656, -22.7939 ], [ -62.8731, -22.8033 ] ] } },
{ "type": "Feature", "properties": { "nombre": "Camino sin nombre", "longitud_km": 4.34 }, "geometry": { "type": "LineString", "coordinates": [ [ -62.9109, -22.8018 ], [ -62.9078, -22.8042 ], [ -62.8853, -22.7965 ], [ -62.8731, -22.8033 ] ] } },
{ "type": "Feature", "properties": { "nombre": "Camino sin nombre", "longitud_km": 5.97 }, "geometry": { "type": "LineString", "coordinates": [ [ -63.4167, -22.7768 ], [ -63.467, -22.8037 ] ] } },
{ "type": "Feature", "properties": { "nombre": "Camino sin nombre", "longitud_km": 2.77 }, "geometry": { "type": "LineString", "coordinates": [ [ -63.4801, -22.7818 ], [ -63.467, -22.8037 ] ] } },
{ "type": "Feature", "properties": { "nombre": "Camino sin nombre", "longitud_km": 9.42 }, "geometry": { "type": "LineString", "coordinates": [ [ -62.7876, -22.7659 ], [ -62.7447, -22.7658 ], [ -62.7492, -22.786 ], [ -62.7563, -22.7917 ], [ -62.7536, -22.8075 ] ] } },
{ "type": "Feature", "properties": { "nombre": "Camino sin nombre", "longitud_km": 6.26 }, "geometry": { "type": "LineString", "coordinates": [ [ -62.7876, -22.7659 ], [ -62.7846, -22.7731 ], [ -62.7711, -22.7779 ], [ -62.7686, -22.7933 ], [ -62.7536, -22.8075 ] ] } },
{ "type": "Feature", "properties": { "nombre": "Camino sin nombre", "longitud_km": 5.29 }, "geometry": { "type": "LineString", "coordinates": [ [ -62.6268, -22.8081 ], [ -62.6151, -22.8018 ], [ -62.5974, -22.7706 ] ] } },
{ "type": "Feature", "properties": { "nombre": "Camino sin nombre", "longitud_km": 5.49 }, "geometry": { "type": "LineString", "coordinates": [ [ -63.0351, -22.8125 ], [ -62.9816, -22.8112 ] ] } },
{ "type": "Feature", "properties": { "nombre": "Camino sin nombre", "longitud_km": 2.68 }, "geometry": { "type": "LineString", "coordinates": [ [ -63.0355, -22.7883 ], [ -63.0351, -22.8125 ] ] } },
{ "type": "Feature", "properties": { "nombre": "Camino sin nombre", "longitud_km": 2.71 }, "geometry": { "type": "LineString", "coordinates": [ [ -63.0615, -22.8132 ], [ -63.0351, -22.8125 ] ] } },
{ "type": "Feature", "properties": { "nombre": "Camino sin nombre", "longitud_km": 3.08 }, "geometry": { "type": "LineString", "coordinates": [ [ -63.0512, -22.7885 ], [ -63.0602, -22.7987 ], [ -63.0615, -22.8132 ] ] } },
{ "type": "Feature", "properties": { "nombre": "Camino sin nombre", "longitud_km": 2.15 }, "geometry": { "type": "LineString", "coordinates": [ [ -63.0824, -22.8133 ], [ -63.0615, -22.8132 ] ] } },
{ "type": "Feature", "properties": { "nombre": "Camino sin nombre", "longitud_km": 1.33 }, "geometry": { "type": "LineString", "coordinates": [ [ -63.4528, -22.8052 ], [ -63.4604, -22.8148 ] ] } },
{ "type": "Feature", "properties": { "nombre": "Camino sin nombre", "longitud_km": 1.41 }, "geometry": { "type": "LineString", "coordinates": [ [ -63.467, -22.8037 ], [ -63.4604, -22.8148 ] ] } },
{ "type": "Feature", "properties": { "nombre": "Camino sin nombre", "longitud_km": 5.25 }, "geometry": { "type": "LineString", "coordinates": [ [ -63.3372, -22.7704 ], [ -63.3264, -22.8168 ] ] } },
{ "type": "Feature", "properties": { "nombre": "Camino sin nombre", "longitud_km": 2.93 }, "geometry": { "type": "LineString", "coordinates": [ [ -62.9407, -22.8258 ], [ -62.9394, -22.7994 ] ] } },
{ "type": "Feature", "properties": { "nombre": "Camino sin nombre", "longitud_km": 5.08 }, "geometry": { "type": "LineString", "coordinates": [ [ -62.9816, -22.8112 ], [ -62.9677, -22.8214 ], [ -62.9484, -22.8174 ], [ -62.9407, -22.8258 ] ] } },
{ "type": "Feature", "properties": { "nombre": "Camino sin nombre", "longitud_km": 5.27 }, "geometry": { "type": "LineString", "coordinates": [ [ -63.467, -22.8037 ], [ -63.5124, -22.8259 ] ] } },
{ "type": "Feature", "properties": { "nombre": "Camino sin nombre", "longitud_km": 4.76 }, "geometry": { "type": "LineString", "coordinates": [ [ -62.6268, -22.8081 ], [ -62.6316, -22.8265 ], [ -62.6417, -22.8384 ], [ -62.6366, -22.846 ] ] } },
{ "type": "Feature", "properties": { "nombre": "Camino sin nombre", "longitud_km": 5.61 }, "geometry": { "type": "LineString", "coordinates": [ [ -63.5119, -22.7762 ], [ -63.5175, -22.8033 ], [ -63.5124, -22.8259 ] ] } },
{ "type": "Feature", "properties": { "nombre": "Camino sin nombre", "longitud_km": 12.59 }, "geometry": { "type": "LineString", "coordinates": [ [ -62.747, -22.8305 ], [ -62.6268, -22.8081 ] ] } },
{ "type": "Feature", "properties": { "nombre": "Camino sin nombre", "longitud_km": 2.64 }, "geometry": { "type": "LineString", "coordinates": [ [ -62.7536, -22.8075 ], [ -62.747, -22.8305 ] ] } },
{ "type": "Feature", "properties": { "nombre": "Camino sin nombre", "longitud_km": 0.33 }, "geometry": { "type": "LineString", "coordinates": [ [ -62.7501, -22.8312 ], [ -62.747, -22.8305 ] ] } },
{ "type": "Feature", "properties": { "nombre": "Camino sin nombre", "longitud_km": 10.86 }, "geometry": { "type": "LineString", "coordinates": [ [ -63.8659, -22.7695 ], [ -63.8641, -22.7792 ], [ -63.8764, -22.7799 ], [ -63.8855, -22.825 ], [ -63.8531, -22.8319 ] ] } },
{ "type": "Feature", "properties": { "nombre": "Camino sin nombre", "longitud_km": 2.06 }, "geometry": { "type": "LineString", "coordinates": [ [ -64.3371, -22.8322 ], [ -64.3569, -22.8292 ] ] } },
{ "type": "Feature", "properties": { "nombre": "Camino sin nombre", "longitud_km": 10.28 }, "geometry": { "type": "LineString", "coordinates": [ [ -63.8189, -22.7642 ], [ -63.8308, -22.7634 ], [ -63.832, -22.7708 ], [ -63.8526, -22.7908 ], [ -63.8533, -22.8038 ], [ -63.844, -22.8152 ], [ -63.8411, -22.8344 ] ] } },
{ "type": "Feature", "properties": { "nombre": "Camino sin nombre", "longitud_km": 2.69 }, "geometry": { "type": "LineString", "coordinates": [ [ -63.4604, -22.8148 ], [ -63.4672, -22.8204 ], [ -63.4697, -22.8361 ] ] } },
{ "type": "Feature", "properties": { "nombre": "Camino sin nombre", "longitud_km": 2.77 }, "geometry": { "type": "LineString", "coordinates": [ [ -63.4604, -22.8148 ], [ -63.447, -22.8365 ] ] } },
{ "type": "Feature", "properties": { "nombre": "Camino sin nombre", "longitud_km": 0.85 }, "geometry": { "type": "LineString", "coordinates": [ [ -63.8411, -22.8344 ], [ -63.8329, -22.8354 ] ] } },
{ "type": "Feature", "properties": { "nombre": "Camino sin nombre", "longitud_km": 8.44 }, "geometry": { "type": "LineString", "coordinates": [ [ -62.8731, -22.8033 ], [ -62.8374, -22.8199 ], [ -62.8246, -22.8199 ], [ -62.8033, -22.8389 ] ] } },
{ "type": "Feature", "properties": { "nombre": "Camino sin nombre", "longitud_km": 8.13 }, "geometry": { "type": "LineString", "coordinates": [ [ -62.7949, -22.7659 ], [ -62.8007, -22.8391 ] ] } },
{ "type": "Feature", "properties": { "nombre": "Camino sin nombre", "longitud_km": 0.27 }, "geometry": { "type": "LineString", "coordinates": [ [ -62.8033, -22.8389 ], [ -62.8007, -22.8391 ] ] } },
{ "type": "Feature", "properties": { "nombre": "Camino sin nombre", "longitud_km": 0.92 }, "geometry": { "type": "LineString", "coordinates": [ [ -62.7476, -22.8391 ], [ -62.7501, -22.8312 ] ] } },
{ "type": "Feature", "properties": { "nombre": "Camino sin nombre", "longitud_km": 5.27 }, "geometry": { "type": "LineString", "coordinates": [ [ -62.8007, -22.8391 ], [ -62.7501, -22.8312 ] ] } },
{ "type": "Feature", "properties": { "nombre": "Camino sin nombre", "longitud_km": 11.38 }, "geometry": { "type": "LineString", "coordinates": [ [ -62.9142, -22.8395 ], [ -62.8033, -22.8389 ] ] } },
{ "type": "Feature", "properties": { "nombre": "Camino sin nombre", "longitud_km": 4.19 }, "geometry": { "type": "LineString", "coordinates": [ [ -62.9142, -22.8395 ], [ -62.9109, -22.8018 ] ] } },
{ "type": "Feature", "properties": { "nombre": "Camino sin nombre", "longitud_km": 1.6 }, "geometry": { "type": "LineString", "coordinates": [ [ -62.9449, -22.8397 ], [ -62.9407, -22.8258 ] ] } },
{ "type": "Feature", "properties": { "nombre": "Camino sin nombre", "longitud_km": 3.16 }, "geometry": { "type": "LineString", "coordinates": [ [ -62.9449, -22.8397 ], [ -62.9142, -22.8395 ] ] } },
{ "type": "Feature", "properties": { "nombre": "Camino sin nombre", "longitud_km": 1.46 }, "geometry": { "type": "LineString", "coordinates": [ [ -63.5124, -22.8259 ], [ -63.5123, -22.839 ] ] } },
{ "type": "Feature", "properties": { "nombre": "Camino sin nombre", "longitud_km": 12.96 }, "geometry": { "type": "LineString", "coordinates": [ [ -63.1357, -22.725 ], [ -63.1168, -22.8407 ] ] } },
{ "type": "Feature", "properties": { "nombre": "Camino sin nombre", "longitud_km": 15.14 }, "geometry": { "type": "LineString", "coordinates": [ [ -63.1357, -22.725 ], [ -63.1977, -22.8062 ], [ -63.1997, -22.826 ], [ -63.208, -22.8415 ] ] } },
{ "type": "Feature", "properties": { "nombre": "Camino sin nombre", "longitud_km": 1.08 }, "geometry": { "type": "LineString", "coordinates": [ [ -63.447, -22.8365 ], [ -63.4417, -22.8449 ] ] } },
{ "type": "Feature", "properties": { "nombre": "Camino sin nombre", "longitud_km": 1.29 }, "geometry": { "type": "LineString", "coordinates": [ [ -63.8531, -22.8319 ], [ -63.8529, -22.8436 ] ] } },
{ "type": "Feature", "properties": { "nombre": "Camino sin nombre", "longitud_km": 2.95 }, "geometry": { "type": "LineString", "coordinates": [ [ -63.8529, -22.8436 ], [ -63.8241, -22.8439 ] ] } },
{ "type": "Feature", "properties": { "nombre": "Camino sin nombre", "longitud_km": 1.08 }, "geometry": { "type": "LineString", "coordinates": [ [ -63.447, -22.8365 ], [ -63.4471, -22.8462 ] ] } },
{ "type": "Feature", "properties": { "nombre": "Camino sin nombre", "longitud_km": 11.72 }, "geometry": { "type": "LineString", "coordinates": [ [ -63.741, -22.7474 ], [ -63.7007, -22.8464 ] ] } },
{ "type": "Feature", "properties": { "nombre": "Camino sin nombre", "longitud_km": 5.4 }, "geometry": { "type": "LineString", "coordinates": [ [ -63.1095, -22.8407 ], [ -63.0819, -22.8821 ] ] } },
{ "type": "Feature", "properties": { "nombre": "Camino sin nombre", "longitud_km": 1.53 }, "geometry": { "type": "LineString", "coordinates": [ [ -63.4697, -22.8361 ], [ -63.4704, -22.8499 ] ] } },
{ "type": "Feature", "properties": { "nombre": "Camino sin nombre", "longitud_km": 2.45 }, "geometry": { "type": "LineString", "coordinates": [ [ -63.8529, -22.8436 ], [ -63.8756, -22.8505 ] ] } },
{ "type": "Feature", "properties": { "nombre": "Camino sin nombre", "longitud_km": 3.25 }, "geometry": { "type": "LineString", "coordinates": [ [ -63.4697, -22.8361 ], [ -63.4608, -22.8383 ], [ -63.46, -22.8514 ], [ -63.4518, -22.8527 ] ] } },
{ "type": "Feature", "properties": { "nombre": "Camino sin nombre", "longitud_km": 0.75 }, "geometry": { "type": "LineString", "coordinates": [ [ -63.4471, -22.8462 ], [ -63.4472, -22.853 ] ] } },
{ "type": "Feature", "properties": { "nombre": "Camino sin nombre", "longitud_km": 0.47 }, "geometry": { "type": "LineString", "coordinates": [ [ -63.4518, -22.8527 ], [ -63.4472, -22.853 ] ] } },
{ "type": "Feature", "properties": { "nombre": "Camino sin nombre", "longitud_km": 1.48 }, "geometry": { "type": "LineString", "coordinates": [ [ -62.4455, -22.9425 ], [ -62.4428, -22.9557 ] ] } },
{ "type": "Feature", "properties": { "nombre": "Camino sin nombre", "longitud_km": 2.32 }, "geometry": { "type": "LineString", "coordinates": [ [ -62.8228, -22.9539 ], [ -62.8041, -22.9656 ] ] } },
{ "type": "Feature", "properties": { "nombre": "Camino sin nombre", "longitud_km": 11.73 }, "geometry": { "type": "LineString", "coordinates": [ [ -62.7476, -22.8391 ], [ -62.6849, -22.8551 ], [ -62.6366, -22.846 ] ] } },
{ "type": "Feature", "properties": { "nombre": "Camino sin nombre", "longitud_km": 0.03 }, "geometry": { "type": "LineString", "coordinates": [ [ -62.4841, -22.8571 ], [ -62.4838, -22.8573 ] ] } },
{ "type": "Feature", "properties": { "nombre": "Camino sin nombre", "longitud_km": 3.41 }, "geometry": { "type": "LineString", "coordinates": [ [ -62.9449, -22.8397 ], [ -62.9472, -22.8604 ], [ -62.9385, -22.8662 ] ] } },
{ "type": "Feature", "properties": { "nombre": "Camino sin nombre", "longitud_km": 4.77 }, "geometry": { "type": "LineString", "coordinates": [ [ -62.7672, -22.8719 ], [ -62.7608, -22.8483 ], [ -62.7516, -22.8368 ], [ -62.7476, -22.8391 ] ] } },
{ "type": "Feature", "properties": { "nombre": "Camino sin nombre", "longitud_km": 5.0 }, "geometry": { "type": "LineString", "coordinates": [ [ -62.7672, -22.8719 ], [ -62.8007, -22.8391 ] ] } },
{ "type": "Feature", "properties": { "nombre": "Camino sin nombre", "longitud_km": 3.97 }, "geometry": { "type": "LineString", "coordinates": [ [ -62.9175, -22.8752 ], [ -62.9142, -22.8395 ] ] } },
{ "type": "Feature", "properties": { "nombre": "Camino sin nombre", "longitud_km": 2.75 }, "geometry": { "type": "LineString", "coordinates": [ [ -62.9175, -22.8752 ], [ -62.9307, -22.8633 ], [ -62.9385, -22.8662 ] ] } },
{ "type": "Feature", "properties": { "nombre": "Camino sin nombre", "longitud_km": 2.74 }, "geometry": { "type": "LineString", "coordinates": [ [ -63.8756, -22.8505 ], [ -63.8701, -22.8566 ], [ -63.874, -22.873 ] ] } },
{ "type": "Feature", "properties": { "nombre": "Camino sin nombre", "longitud_km": 6.24 }, "geometry": { "type": "LineString", "coordinates": [ [ -63.8756, -22.8505 ], [ -63.8922, -22.8522 ], [ -63.9005, -22.8654 ], [ -63.874, -22.873 ] ] } },
{ "type": "Feature", "properties": { "nombre": "Camino sin nombre", "longitud_km": 3.96 }, "geometry": { "type": "LineString", "coordinates": [ [ -63.2297, -22.8417 ], [ -63.2226, -22.8769 ] ] } },
{ "type": "Feature", "properties": { "nombre": "Camino sin nombre", "longitud_km": 1.97 }, "geometry": { "type": "LineString", "coordinates": [ [ -64.29, -22.8704 ], [ -64.3089, -22.8737 ] ] } },
{ "type": "Feature", "properties": { "nombre": "Camino sin nombre", "longitud_km": 7.48 }, "geometry": { "type": "LineString", "coordinates": [ [ -63.0351, -22.8125 ], [ -63.0339, -22.8801 ] ] } },
{ "type": "Feature", "properties": { "nombre": "Camino sin nombre", "longitud_km": 10.68 }, "geometry": { "type": "LineString", "coordinates": [ [ -63.0339, -22.8801 ], [ -63.0, -22.8738 ], [ -62.9741, -22.8848 ], [ -62.9385, -22.8662 ] ] } },
{ "type": "Feature", "properties": { "nombre": "Camino sin nombre", "longitud_km": 17.39 }, "geometry": { "type": "LineString", "coordinates": [ [ -62.4474, -22.777 ], [ -62.4442, -22.7851 ], [ -62.414, -22.7902 ], [ -62.385, -22.8056 ], [ -62.3759, -22.8287 ], [ -62.3542, -22.8589 ], [ -62.3468, -22.886 ] ] } },
{ "type": "Feature", "properties": { "nombre": "Camino sin nombre", "longitud_km": 7.99 }, "geometry": { "type": "LineString", "coordinates": [ [ -63.0615, -22.8132 ], [ -63.0634, -22.8371 ], [ -63.0819, -22.8821 ] ] } },
{ "type": "Feature", "properties": { "nombre": "Camino sin nombre", "longitud_km": 5.51 }, "geometry": { "type": "LineString", "coordinates": [ [ -63.5123, -22.839 ], [ -63.5117, -22.8642 ], [ -63.4995, -22.874 ], [ -63.5, -22.8837 ] ] } },
{ "type": "Feature", "properties": { "nombre": "Camino sin nombre", "longitud_km": 11.72 }, "geometry": { "type": "LineString", "coordinates": [ [ -64.1459, -22.8519 ], [ -64.1324, -22.8682 ], [ -64.0943, -22.883 ], [ -64.0722, -22.8803 ], [ -64.0662, -22.8743 ], [ -64.047, -22.878 ] ] } },
{ "type": "Feature", "properties": { "nombre": "Camino sin nombre", "longitud_km": 4.65 }, "geometry": { "type": "LineString", "coordinates": [ [ -63.0786, -22.8871 ], [ -63.0339, -22.8801 ] ] } },
{ "type": "Feature", "properties": { "nombre": "Camino sin nombre", "longitud_km": 0.64 }, "geometry": { "type": "LineString", "coordinates": [ [ -63.0819, -22.8821 ], [ -63.0786, -22.8871 ] ] } },
{ "type": "Feature", "properties": { "nombre": "Camino sin nombre", "longitud_km": 5.76 }, "geometry": { "type": "LineString", "coordinates": [ [ -63.5123, -22.839 ], [ -63.524, -22.8492 ], [ -63.5226, -22.8863 ] ] } },
{ "type": "Feature", "properties": { "nombre": "Camino sin nombre", "longitud_km": 5.32 }, "geometry": { "type": "LineString", "coordinates": [ [ -63.2514, -22.8418 ], [ -63.2563, -22.8679 ], [ -63.2514, -22.889 ] ] } },
{ "type": "Feature", "properties": { "nombre": "Camino sin nombre", "longitud_km": 14.23 }, "geometry": { "type": "LineString", "coordinates": [ [ -64.0192, -22.7757 ], [ -64.0002, -22.8127 ], [ -64.0003, -22.8325 ], [ -64.0113, -22.8439 ], [ -64.0028, -22.8558 ], [ -64.0038, -22.8627 ], [ -63.9837, -22.8877 ] ] } },
{ "type": "Feature", "properties": { "nombre": "Camino sin nombre", "longitud_km": 6.59 }, "geometry": { "type": "LineString", "coordinates": [ [ -64.047, -22.878 ], [ -63.9837, -22.8877 ] ] } },
{ "type": "Feature", "properties": { "nombre": "Camino sin nombre", "longitud_km": 2.12 }, "geometry": { "type": "LineString", "coordinates": [ [ -62.3839, -22.892 ], [ -62.3636, -22.8886 ] ] } },
{ "type": "Feature", "properties": { "nombre": "Camino sin nombre", "longitud_km": 11.69 }, "geometry": { "type": "LineString", "coordinates": [ [ -62.3839, -22.892 ], [ -62.4436, -22.8562 ], [ -62.4743, -22.8511 ], [ -62.4838, -22.8573 ] ] } },
{ "type": "Feature", "properties": { "nombre": "Camino sin nombre", "longitud_km": 4.39 }, "geometry": { "type": "LineString", "coordinates": [ [ -63.2514, -22.889 ], [ -63.2381, -22.8867 ], [ -63.2097, -22.8932 ] ] } },
{ "type": "Feature", "properties": { "nombre": "Camino sin nombre", "longitud_km": 0.24 }, "geometry": { "type": "LineString", "coordinates": [ [ -63.2097, -22.8932 ], [ -63.2075, -22.8939 ] ] } },
{ "type": "Feature", "properties": { "nombre": "Camino sin nombre", "longitud_km": 9.01 }, "geometry": { "type": "LineString", "coordinates": [ [ -63.208, -22.8415 ], [ -63.2006, -22.8789 ], [ -63.1843, -22.8843 ], [ -63.1879, -22.8835 ], [ -63.1916, -22.8919 ], [ -63.2075, -22.8939 ] ] } },
{ "type": "Feature", "properties": { "nombre": "Camino sin nombre", "longitud_km": 6.7 }, "geometry": { "type": "LineString", "coordinates": [ [ -63.1141, -22.8407 ], [ -63.1417, -22.8955 ] ] } },
{ "type": "Feature", "properties": { "nombre": "Camino sin nombre", "longitud_km": 4.75 }, "geometry": { "type": "LineString", "coordinates": [ [ -63.4472, -22.853 ], [ -63.4476, -22.896 ] ] } },
{ "type": "Feature", "properties": { "nombre": "Camino sin nombre", "longitud_km": 1.78 }, "geometry": { "type": "LineString", "coordinates": [ [ -64.3669, -22.8918 ], [ -64.352, -22.8835 ] ] } },
{ "type": "Feature", "properties": { "nombre": "Camino sin nombre", "longitud_km": 18.42 }, "geometry": { "type": "LineString", "coordinates": [ [ -63.82, -22.7801 ], [ -63.79, -22.785 ], [ -63.8105, -22.8737 ], [ -63.8284, -22.9182 ] ] } },
{ "type": "Feature", "properties": { "nombre": "Camino sin nombre", "longitud_km": 2.92 }, "geometry": { "type": "LineString", "coordinates": [ [ -63.9837, -22.8877 ], [ -63.9716, -22.8876 ], [ -63.9701, -22.8922 ], [ -63.9594, -22.895 ] ] } },
{ "type": "Feature", "properties": { "nombre": "Camino sin nombre", "longitud_km": 1.91 }, "geometry": { "type": "LineString", "coordinates": [ [ -63.1417, -22.8955 ], [ -63.1602, -22.898 ] ] } },
{ "type": "Feature", "properties": { "nombre": "Camino sin nombre", "longitud_km": 0.98 }, "geometry": { "type": "LineString", "coordinates": [ [ -64.3444, -22.8918 ], [ -64.3539, -22.893 ] ] } },
{ "type": "Feature", "properties": { "nombre": "Camino sin nombre", "longitud_km": 2.36 }, "geometry": { "type": "LineString", "coordinates": [ [ -62.9288, -22.9017 ], [ -62.9183, -22.8827 ] ] } },
{ "type": "Feature", "properties": { "nombre": "Camino sin nombre", "longitud_km": 1.76 }, "geometry": { "type": "LineString", "coordinates": [ [ -63.5226, -22.8863 ], [ -63.5228, -22.9021 ] ] } },
{ "type": "Feature", "properties": { "nombre": "Camino sin nombre", "longitud_km": 2.37 }, "geometry": { "type": "LineString", "coordinates": [ [ -62.92, -22.9041 ], [ -62.9183, -22.8827 ] ] } },
{ "type": "Feature", "properties": { "nombre": "Camino sin nombre", "longitud_km": 0.94 }, "geometry": { "type": "LineString", "coordinates": [ [ -62.9288, -22.9017 ], [ -62.92, -22.9041 ] ] } },
{ "type": "Feature", "properties": { "nombre": "Camino sin nombre", "longitud_km": 7.25 }, "geometry": { "type": "LineString", "coordinates": [ [ -62.4534, -22.9041 ], [ -62.3839, -22.892 ] ] } },
{ "type": "Feature", "properties": { "nombre": "Camino sin nombre", "longitud_km": 6.43 }, "geometry": { "type": "LineString", "coordinates": [ [ -62.4838, -22.8573 ], [ -62.4641, -22.8693 ], [ -62.4534, -22.9041 ] ] } },
{ "type": "Feature", "properties": { "nombre": "Camino sin nombre", "longitud_km": 1.63 }, "geometry": { "type": "LineString", "coordinates": [ [ -63.4586, -22.9033 ], [ -63.4543, -22.9045 ], [ -63.4476, -22.896 ] ] } },
{ "type": "Feature", "properties": { "nombre": "Camino sin nombre", "longitud_km": 6.68 }, "geometry": { "type": "LineString", "coordinates": [ [ -63.7007, -22.8464 ], [ -63.6807, -22.9038 ] ] } },
{ "type": "Feature", "properties": { "nombre": "Camino sin nombre", "longitud_km": 7.07 }, "geometry": { "type": "LineString", "coordinates": [ [ -63.7007, -22.8464 ], [ -63.7071, -22.8758 ], [ -63.699, -22.8875 ], [ -63.7037, -22.907 ] ] } },
{ "type": "Feature", "properties": { "nombre": "Camino sin nombre", "longitud_km": 4.41 }, "geometry": { "type": "LineString", "coordinates": [ [ -63.2822, -22.9088 ], [ -63.2719, -22.9096 ], [ -63.2681, -22.9006 ], [ -63.2565, -22.897 ], [ -63.2514, -22.889 ] ] } },
{ "type": "Feature", "properties": { "nombre": "Camino sin nombre", "longitud_km": 7.68 }, "geometry": { "type": "LineString", "coordinates": [ [ -63.3322, -22.9098 ], [ -63.3181, -22.8492 ], [ -63.3201, -22.8421 ] ] } },
{ "type": "Feature", "properties": { "nombre": "Camino sin nombre", "longitud_km": 3.18 }, "geometry": { "type": "LineString", "coordinates": [ [ -63.5, -22.8837 ], [ -63.4967, -22.9123 ] ] } },
{ "type": "Feature", "properties": { "nombre": "Camino sin nombre", "longitud_km": 0.46 }, "geometry": { "type": "LineString", "coordinates": [ [ -63.5012, -22.9126 ], [ -63.4967, -22.9123 ] ] } },
{ "type": "Feature", "properties": { "nombre": "Camino sin nombre", "longitud_km": 2.5 }, "geometry": { "type": "LineString", "coordinates": [ [ -63.5228, -22.9021 ], [ -63.5012, -22.9126 ] ] } },
{ "type": "Feature", "properties": { "nombre": "Camino sin nombre", "longitud_km": 5.72 }, "geometry": { "type": "LineString", "coordinates": [ [ -62.5083, -22.9127 ], [ -62.4534, -22.9041 ] ] } },
{ "type": "Feature", "properties": { "nombre": "Camino sin nombre", "longitud_km": 4.04 }, "geometry": { "type": "LineString", "coordinates": [ [ -63.4967, -22.9123 ], [ -63.4586, -22.9033 ] ] } },
{ "type": "Feature", "properties": { "nombre": "Camino sin nombre", "longitud_km": 4.56 }, "geometry": { "type": "LineString", "coordinates": [ [ -63.326, -22.9157 ], [ -63.2822, -22.9088 ] ] } },
{ "type": "Feature", "properties": { "nombre": "Camino sin nombre", "longitud_km": 0.92 }, "geometry": { "type": "LineString", "coordinates": [ [ -63.3322, -22.9098 ], [ -63.326, -22.9157 ] ] } },
{ "type": "Feature", "properties": { "nombre": "Camino sin nombre", "longitud_km": 0.38 }, "geometry": { "type": "LineString", "coordinates": [ [ -63.326, -22.9157 ], [ -63.3273, -22.9189 ] ] } },
{ "type": "Feature", "properties": { "nombre": "Camino sin nombre", "longitud_km": 6.77 }, "geometry": { "type": "LineString", "coordinates": [ [ -63.3947, -22.9202 ], [ -63.3655, -22.9068 ], [ -63.3322, -22.9098 ] ] } },
{ "type": "Feature", "properties": { "nombre": "Camino sin nombre", "longitud_km": 9.63 }, "geometry": { "type": "LineString", "coordinates": [ [ -63.4417, -22.8449 ], [ -63.3947, -22.9202 ] ] } },
{ "type": "Feature", "properties": { "nombre": "Camino sin nombre", "longitud_km": 6.19 }, "geometry": { "type": "LineString", "coordinates": [ [ -62.5679, -22.9214 ], [ -62.5083, -22.9127 ] ] } },
{ "type": "Feature", "properties": { "nombre": "Camino sin nombre", "longitud_km": 11.15 }, "geometry": { "type": "LineString", "coordinates": [ [ -62.6366, -22.846 ], [ -62.6116, -22.8812 ], [ -62.5928, -22.8936 ], [ -62.5884, -22.9047 ], [ -62.5679, -22.9214 ] ] } },
{ "type": "Feature", "properties": { "nombre": "Camino sin nombre", "longitud_km": 2.68 }, "geometry": { "type": "LineString", "coordinates": [ [ -64.3539, -22.893 ], [ -64.3542, -22.9172 ] ] } },
{ "type": "Feature", "properties": { "nombre": "Camino sin nombre", "longitud_km": 1.48 }, "geometry": { "type": "LineString", "coordinates": [ [ -63.2822, -22.9088 ], [ -63.2839, -22.9221 ] ] } },
{ "type": "Feature", "properties": { "nombre": "Camino sin nombre", "longitud_km": 0.47 }, "geometry": { "type": "LineString", "coordinates": [ [ -63.8284, -22.9182 ], [ -63.8302, -22.922 ] ] } },
{ "type": "Feature", "properties": { "nombre": "Camino sin nombre", "longitud_km": 2.51 }, "geometry": { "type": "LineString", "coordinates": [ [ -62.5922, -22.9246 ], [ -62.5679, -22.9214 ] ] } },
{ "type": "Feature", "properties": { "nombre": "Camino sin nombre", "longitud_km": 1.27 }, "geometry": { "type": "LineString", "coordinates": [ [ -63.8483, -22.9244 ], [ -63.8607, -22.9237 ] ] } },
{ "type": "Feature", "properties": { "nombre": "Camino sin nombre", "longitud_km": 3.13 }, "geometry": { "type": "LineString", "coordinates": [ [ -63.4586, -22.9033 ], [ -63.4511, -22.9141 ], [ -63.4609, -22.9265 ] ] } },
{ "type": "Feature", "properties": { "nombre": "Camino sin nombre", "longitud_km": 1.74 }, "geometry": { "type": "LineString", "coordinates": [ [ -63.4967, -22.9123 ], [ -63.4897, -22.9265 ] ] } },
{ "type": "Feature", "properties": { "nombre": "Camino sin nombre", "longitud_km": 0.66 }, "geometry": { "type": "LineString", "coordinates": [ [ -63.8607, -22.9237 ], [ -63.867, -22.925 ] ] } },
{ "type": "Feature", "properties": { "nombre": "Camino sin nombre", "longitud_km": 6.1 }, "geometry": { "type": "LineString", "coordinates": [ [ -63.874, -22.873 ], [ -63.8765, -22.9015 ], [ -63.8652, -22.9204 ], [ -63.867, -22.925 ] ] } },
{ "type": "Feature", "properties": { "nombre": "Camino sin nombre", "longitud_km": 1.59 }, "geometry": { "type": "LineString", "coordinates": [ [ -62.4428, -22.9557 ], [ -62.44, -22.9698 ] ] } },
{ "type": "Feature", "properties": { "nombre": "Camino sin nombre", "longitud_km": 7.16 }, "geometry": { "type": "LineString", "coordinates": [ [ -63.4476, -22.896 ], [ -63.4345, -22.902 ], [ -63.4297, -22.9149 ], [ -63.4161, -22.9259 ], [ -63.3947, -22.9202 ] ] } },
{ "type": "Feature", "properties": { "nombre": "Camino sin nombre", "longitud_km": 2.03 }, "geometry": { "type": "LineString", "coordinates": [ [ -63.8302, -22.922 ], [ -63.8404, -22.9268 ], [ -63.8483, -22.9244 ] ] } },
{ "type": "Feature", "properties": { "nombre": "Camino sin nombre", "longitud_km": 3.98 }, "geometry": { "type": "LineString", "coordinates": [ [ -63.2075, -22.8939 ], [ -63.2114, -22.9297 ] ] } },
{ "type": "Feature", "properties": { "nombre": "Camino sin nombre", "longitud_km": 4.95 }, "geometry": { "type": "LineString", "coordinates": [ [ -63.2097, -22.8932 ], [ -63.2232, -22.9132 ], [ -63.2155, -22.9175 ], [ -63.2114, -22.9297 ] ] } },
{ "type": "Feature", "properties": { "nombre": "Camino sin nombre", "longitud_km": 2.88 }, "geometry": { "type": "LineString", "coordinates": [ [ -63.6807, -22.9038 ], [ -63.6721, -22.9286 ] ] } },
{ "type": "Feature", "properties": { "nombre": "Camino sin nombre", "longitud_km": 3.31 }, "geometry": { "type": "LineString", "coordinates": [ [ -63.4897, -22.9265 ], [ -63.484, -22.9322 ], [ -63.4609, -22.9265 ] ] } },
{ "type": "Feature", "properties": { "nombre": "Camino sin nombre", "longitud_km": 0.84 }, "geometry": { "type": "LineString", "coordinates": [ [ -63.8714, -22.9313 ], [ -63.867, -22.925 ] ] } },
{ "type": "Feature", "properties": { "nombre": "Camino sin nombre", "longitud_km": 5.06 }, "geometry": { "type": "LineString", "coordinates": [ [ -63.7175, -22.9321 ], [ -63.7049, -22.923 ], [ -63.6721, -22.9286 ] ] } },
{ "type": "Feature", "properties": { "nombre": "Camino sin nombre", "longitud_km": 3.29 }, "geometry": { "type": "LineString", "coordinates": [ [ -63.7037, -22.907 ], [ -63.7181, -22.9239 ], [ -63.7175, -22.9321 ] ] } },
{ "type": "Feature", "properties": { "nombre": "Camino sin nombre", "longitud_km": 10.36 }, "geometry": { "type": "LineString", "coordinates": [ [ -63.9594, -22.895 ], [ -63.9474, -22.8992 ], [ -63.9461, -22.9064 ], [ -63.9175, -22.9104 ], [ -63.8714, -22.9313 ] ] } },
{ "type": "Feature", "properties": { "nombre": "Camino sin nombre", "longitud_km": 1.78 }, "geometry": { "type": "LineString", "coordinates": [ [ -63.3947, -22.9202 ], [ -63.386, -22.9342 ] ] } },
{ "type": "Feature", "properties": { "nombre": "Camino sin nombre", "longitud_km": 1.28 }, "geometry": { "type": "LineString", "coordinates": [ [ -63.8607, -22.9237 ], [ -63.8639, -22.9348 ] ] } },
{ "type": "Feature", "properties": { "nombre": "Camino sin nombre", "longitud_km": 0.87 }, "geometry": { "type": "LineString", "coordinates": [ [ -63.8714, -22.9313 ], [ -63.8639, -22.9348 ] ] } },
{ "type": "Feature", "properties": { "nombre": "Camino sin nombre", "longitud_km": 1.59 }, "geometry": { "type": "LineString", "coordinates": [ [ -63.8302, -22.922 ], [ -63.8363, -22.9352 ] ] } },
{ "type": "Feature", "properties": { "nombre": "Camino sin nombre", "longitud_km": 1.47 }, "geometry": { "type": "LineString", "coordinates": [ [ -63.8363, -22.9352 ], [ -63.8502, -22.9321 ] ] } },
{ "type": "Feature", "properties": { "nombre": "Camino sin nombre", "longitud_km": 11.06 }, "geometry": { "type": "LineString", "coordinates": [ [ -62.6989, -22.9388 ], [ -62.5922, -22.9246 ] ] } },
{ "type": "Feature", "properties": { "nombre": "Camino sin nombre", "longitud_km": 10.2 }, "geometry": { "type": "LineString", "coordinates": [ [ -62.6989, -22.9388 ], [ -62.7672, -22.8719 ] ] } },
{ "type": "Feature", "properties": { "nombre": "Camino sin nombre", "longitud_km": 8.3 }, "geometry": { "type": "LineString", "coordinates": [ [ -63.5228, -22.9021 ], [ -63.532, -22.9154 ], [ -63.5614, -22.9156 ], [ -63.5704, -22.9273 ], [ -63.5819, -22.9324 ], [ -63.5823, -22.9382 ] ] } },
{ "type": "Feature", "properties": { "nombre": "Camino sin nombre", "longitud_km": 9.27 }, "geometry": { "type": "LineString", "coordinates": [ [ -63.6721, -22.9286 ], [ -63.5823, -22.9382 ] ] } },
{ "type": "Feature", "properties": { "nombre": "Camino sin nombre", "longitud_km": 1.19 }, "geometry": { "type": "LineString", "coordinates": [ [ -63.8641, -22.9356 ], [ -63.8528, -22.9382 ] ] } },
{ "type": "Feature", "properties": { "nombre": "Camino sin nombre", "longitud_km": 2.48 }, "geometry": { "type": "LineString", "coordinates": [ [ -64.4118, -22.9786 ], [ -64.3943, -22.9785 ], [ -64.3944, -22.9847 ] ] } },
{ "type": "Feature", "properties": { "nombre": "Camino sin nombre", "longitud_km": 4.1 }, "geometry": { "type": "LineString", "coordinates": [ [ -63.5247, -22.9391 ], [ -63.5148, -22.9173 ], [ -63.5012, -22.9126 ] ] } },
{ "type": "Feature", "properties": { "nombre": "Camino sin nombre", "longitud_km": 4.36 }, "geometry": { "type": "LineString", "coordinates": [ [ -63.5823, -22.9382 ], [ -63.5398, -22.9391 ] ] } },
{ "type": "Feature", "properties": { "nombre": "Camino sin nombre", "longitud_km": 1.56 }, "geometry": { "type": "LineString", "coordinates": [ [ -63.5398, -22.9391 ], [ -63.5247, -22.9391 ] ] } },
{ "type": "Feature", "properties": { "nombre": "Camino sin nombre", "longitud_km": 1.43 }, "geometry": { "type": "LineString", "coordinates": [ [ -63.4897, -22.9265 ], [ -63.4891, -22.9395 ] ] } },
{ "type": "Feature", "properties": { "nombre": "Camino sin nombre", "longitud_km": 3.65 }, "geometry": { "type": "LineString", "coordinates": [ [ -63.5247, -22.9391 ], [ -63.4891, -22.9395 ] ] } },
{ "type": "Feature", "properties": { "nombre": "Camino sin nombre", "longitud_km": 6.31 }, "geometry": { "type": "LineString", "coordinates": [ [ -63.1417, -22.8955 ], [ -63.1758, -22.9429 ] ] } },
{ "type": "Feature", "properties": { "nombre": "Camino sin nombre", "longitud_km": 4.22 }, "geometry": { "type": "LineString", "coordinates": [ [ -63.1758, -22.9429 ], [ -63.1579, -22.9425 ], [ -63.1385, -22.9306 ] ] } },
{ "type": "Feature", "properties": { "nombre": "Camino sin nombre", "longitud_km": 4.58 }, "geometry": { "type": "LineString", "coordinates": [ [ -62.4534, -22.9041 ], [ -62.4558, -22.9177 ], [ -62.4487, -22.9253 ], [ -62.4455, -22.9425 ] ] } },
{ "type": "Feature", "properties": { "nombre": "Camino sin nombre", "longitud_km": 13.96 }, "geometry": { "type": "LineString", "coordinates": [ [ -63.8363, -22.9352 ], [ -63.7996, -22.9227 ], [ -63.7749, -22.9377 ], [ -63.7734, -22.9446 ], [ -63.7307, -22.942 ], [ -63.7175, -22.9321 ] ] } },
{ "type": "Feature", "properties": { "nombre": "Camino sin nombre", "longitud_km": 1.23 }, "geometry": { "type": "LineString", "coordinates": [ [ -63.8363, -22.9352 ], [ -63.8408, -22.9455 ] ] } },
{ "type": "Feature", "properties": { "nombre": "Camino sin nombre", "longitud_km": 1.48 }, "geometry": { "type": "LineString", "coordinates": [ [ -63.8528, -22.9382 ], [ -63.8408, -22.9455 ] ] } },
{ "type": "Feature", "properties": { "nombre": "Camino sin nombre", "longitud_km": 3.47 }, "geometry": { "type": "LineString", "coordinates": [ [ -62.5922, -22.9246 ], [ -62.6105, -22.9509 ] ] } },
{ "type": "Feature", "properties": { "nombre": "Camino sin nombre", "longitud_km": 10.05 }, "geometry": { "type": "LineString", "coordinates": [ [ -62.7959, -22.9518 ], [ -62.6989, -22.9388 ] ] } },
{ "type": "Feature", "properties": { "nombre": "Camino sin nombre", "longitud_km": 9.45 }, "geometry": { "type": "LineString", "coordinates": [ [ -62.7959, -22.9518 ], [ -62.7763, -22.8999 ], [ -62.7757, -22.8844 ], [ -62.7672, -22.8719 ] ] } },
{ "type": "Feature", "properties": { "nombre": "Camino sin nombre", "longitud_km": 5.52 }, "geometry": { "type": "LineString", "coordinates": [ [ -62.9248, -22.9537 ], [ -62.92, -22.9041 ] ] } },
{ "type": "Feature", "properties": { "nombre": "Camino sin nombre", "longitud_km": 6.83 }, "geometry": { "type": "LineString", "coordinates": [ [ -62.9248, -22.9537 ], [ -62.9381, -22.9462 ], [ -62.9404, -22.923 ], [ -62.9288, -22.9017 ] ] } },
{ "type": "Feature", "properties": { "nombre": "Camino sin nombre", "longitud_km": 2.77 }, "geometry": { "type": "LineString", "coordinates": [ [ -62.8228, -22.9539 ], [ -62.7959, -22.9518 ] ] } },
{ "type": "Feature", "properties": { "nombre": "Camino sin nombre", "longitud_km": 11.59 }, "geometry": { "type": "LineString", "coordinates": [ [ -62.92, -22.9041 ], [ -62.8859, -22.9324 ], [ -62.8228, -22.9539 ] ] } },
{ "type": "Feature", "properties": { "nombre": "Camino sin nombre", "longitud_km": 4.69 }, "geometry": { "type": "LineString", "coordinates": [ [ -62.5679, -22.9214 ], [ -62.5379, -22.9534 ] ] } },
{ "type": "Feature", "properties": { "nombre": "Camino sin nombre", "longitud_km": 10.47 }, "geometry": { "type": "LineString", "coordinates": [ [ -62.9249, -22.9551 ], [ -62.8228, -22.9539 ] ] } },
{ "type": "Feature", "properties": { "nombre": "Camino sin nombre", "longitud_km": 0.15 }, "geometry": { "type": "LineString", "coordinates": [ [ -62.9249, -22.9551 ], [ -62.9248, -22.9537 ] ] } },
{ "type": "Feature", "properties": { "nombre": "Camino sin nombre", "longitud_km": 4.7 }, "geometry": { "type": "LineString", "coordinates": [ [ -63.386, -22.9342 ], [ -63.426, -22.9548 ] ] } },
{ "type": "Feature", "properties": { "nombre": "Camino sin nombre", "longitud_km": 4.88 }, "geometry": { "type": "LineString", "coordinates": [ [ -63.4609, -22.9265 ], [ -63.4557, -22.9367 ], [ -63.426, -22.9548 ] ] } },
{ "type": "Feature", "properties": { "nombre": "Camino sin nombre", "longitud_km": 1.99 }, "geometry": { "type": "LineString", "coordinates": [ [ -62.9443, -22.9554 ], [ -62.9249, -22.9551 ] ] } },
{ "type": "Feature", "properties": { "nombre": "Camino sin nombre", "longitud_km": 9.05 }, "geometry": { "type": "LineString", "coordinates": [ [ -63.0326, -22.9563 ], [ -62.9443, -22.9554 ] ] } },
{ "type": "Feature", "properties": { "nombre": "Camino sin nombre", "longitud_km": 8.44 }, "geometry": { "type": "LineString", "coordinates": [ [ -63.0339, -22.8801 ], [ -63.0326, -22.9563 ] ] } },
{ "type": "Feature", "properties": { "nombre": "Camino sin nombre", "longitud_km": 9.0 }, "geometry": { "type": "LineString", "coordinates": [ [ -63.0786, -22.8871 ], [ -63.0326, -22.9563 ] ] } },
{ "type": "Feature", "properties": { "nombre": "Camino sin nombre", "longitud_km": 2.39 }, "geometry": { "type": "LineString", "coordinates": [ [ -63.4782, -22.982 ], [ -63.4984, -22.9928 ] ] } },
{ "type": "Feature", "properties": { "nombre": "Camino sin nombre", "longitud_km": 1.92 }, "geometry": { "type": "LineString", "coordinates": [ [ -63.4891, -22.9395 ], [ -63.4892, -22.9568 ] ] } },
{ "type": "Feature", "properties": { "nombre": "Camino sin nombre", "longitud_km": 9.57 }, "geometry": { "type": "LineString", "coordinates": [ [ -62.5331, -22.9502 ], [ -62.5301, -22.9539 ], [ -62.4769, -22.961 ], [ -62.4428, -22.9557 ] ] } },
{ "type": "Feature", "properties": { "nombre": "Camino sin nombre", "longitud_km": 4.12 }, "geometry": { "type": "LineString", "coordinates": [ [ -63.1069, -22.9588 ], [ -63.1296, -22.9526 ], [ -63.1406, -22.964 ] ] } },
{ "type": "Feature", "properties": { "nombre": "Camino sin nombre", "longitud_km": 1.75 }, "geometry": { "type": "LineString", "coordinates": [ [ -62.8041, -22.9656 ], [ -62.7959, -22.9518 ] ] } },
{ "type": "Feature", "properties": { "nombre": "Camino sin nombre", "longitud_km": 6.84 }, "geometry": { "type": "LineString", "coordinates": [ [ -63.4618, -23.0444 ], [ -63.4984, -22.9928 ] ] } },
{ "type": "Feature", "properties": { "nombre": "Camino sin nombre", "longitud_km": 10.97 }, "geometry": { "type": "LineString", "coordinates": [ [ -64.0735, -22.968 ], [ -64.0736, -22.9356 ], [ -64.0572, -22.9228 ], [ -64.0487, -22.9084 ], [ -64.047, -22.878 ] ] } },
{ "type": "Feature", "properties": { "nombre": "Camino sin nombre", "longitud_km": 1.54 }, "geometry": { "type": "LineString", "coordinates": [ [ -62.5459, -22.9586 ], [ -62.5424, -22.9722 ] ] } },
{ "type": "Feature", "properties": { "nombre": "Camino sin nombre", "longitud_km": 11.47 }, "geometry": { "type": "LineString", "coordinates": [ [ -62.4455, -22.9425 ], [ -62.412, -22.933 ], [ -62.403, -22.9574 ], [ -62.3918, -22.9565 ], [ -62.3783, -22.9696 ], [ -62.3607, -22.9735 ] ] } },
{ "type": "Feature", "properties": { "nombre": "Camino sin nombre", "longitud_km": 4.33 }, "geometry": { "type": "LineString", "coordinates": [ [ -62.6909, -22.9754 ], [ -62.7022, -22.9502 ], [ -62.6989, -22.9388 ] ] } },
{ "type": "Feature", "properties": { "nombre": "Camino sin nombre", "longitud_km": 5.76 }, "geometry": { "type": "LineString", "coordinates": [ [ -63.5398, -22.9391 ], [ -63.5381, -22.9438 ], [ -63.5472, -22.9574 ], [ -63.5745, -22.9753 ] ] } },
{ "type": "Feature", "properties": { "nombre": "Camino sin nombre", "longitud_km": 4.45 }, "geometry": { "type": "LineString", "coordinates": [ [ -63.5823, -22.9382 ], [ -63.5853, -22.9597 ], [ -63.5745, -22.9753 ] ] } },
{ "type": "Feature", "properties": { "nombre": "Camino sin nombre", "longitud_km": 10.53 }, "geometry": { "type": "LineString", "coordinates": [ [ -63.9594, -22.895 ], [ -63.9629, -22.9194 ], [ -63.9736, -22.9414 ], [ -63.9814, -22.9411 ], [ -63.9881, -22.9515 ], [ -63.9923, -22.9782 ] ] } },
{ "type": "Feature", "properties": { "nombre": "Camino sin nombre", "longitud_km": 9.36 }, "geometry": { "type": "LineString", "coordinates": [ [ -64.0735, -22.968 ], [ -64.0299, -22.9693 ], [ -64.0311, -22.9774 ], [ -63.9923, -22.9782 ] ] } },
{ "type": "Feature", "properties": { "nombre": "Camino sin nombre", "longitud_km": 6.14 }, "geometry": { "type": "LineString", "coordinates": [ [ -63.426, -22.9548 ], [ -63.4782, -22.982 ] ] } },
{ "type": "Feature", "properties": { "nombre": "Camino sin nombre", "longitud_km": 3.02 }, "geometry": { "type": "LineString", "coordinates": [ [ -63.4892, -22.9568 ], [ -63.4782, -22.982 ] ] } },
{ "type": "Feature", "properties": { "nombre": "Camino sin nombre", "longitud_km": 6.91 }, "geometry": { "type": "LineString", "coordinates": [ [ -64.4265, -22.9505 ], [ -64.4219, -22.9421 ], [ -64.4109, -22.9436 ], [ -64.4042, -22.9717 ], [ -64.4127, -22.9718 ], [ -64.4127, -22.9778 ] ] } },
{ "type": "Feature", "properties": { "nombre": "Camino sin nombre", "longitud_km": 0.35 }, "geometry": { "type": "LineString", "coordinates": [ [ -64.4161, -22.9778 ], [ -64.4127, -22.9778 ] ] } },
{ "type": "Feature", "properties": { "nombre": "Camino sin nombre", "longitud_km": 11.71 }, "geometry": { "type": "LineString", "coordinates": [ [ -63.3273, -22.9189 ], [ -63.2946, -22.9341 ], [ -63.2758, -22.9705 ], [ -63.2481, -22.9887 ] ] } },
{ "type": "Feature", "properties": { "nombre": "Camino sin nombre", "longitud_km": 7.13 }, "geometry": { "type": "LineString", "coordinates": [ [ -63.2114, -22.9297 ], [ -63.2283, -22.9922 ] ] } },
{ "type": "Feature", "properties": { "nombre": "Camino sin nombre", "longitud_km": 2.06 }, "geometry": { "type": "LineString", "coordinates": [ [ -63.2481, -22.9887 ], [ -63.2283, -22.9922 ] ] } },
{ "type": "Feature", "properties": { "nombre": "Camino sin nombre", "longitud_km": 3.58 }, "geometry": { "type": "LineString", "coordinates": [ [ -63.1406, -22.964 ], [ -63.1282, -22.9942 ] ] } },
{ "type": "Feature", "properties": { "nombre": "Camino sin nombre", "longitud_km": 10.67 }, "geometry": { "type": "LineString", "coordinates": [ [ -63.0326, -22.9563 ], [ -63.1279, -22.9947 ] ] } },
{ "type": "Feature", "properties": { "nombre": "Camino sin nombre", "longitud_km": 0.06 }, "geometry": { "type": "LineString", "coordinates": [ [ -63.1282, -22.9942 ], [ -63.1279, -22.9947 ] ] } },
{ "type": "Feature", "properties": { "nombre": "Camino sin nombre", "longitud_km": 1.6 }, "geometry": { "type": "LineString", "coordinates": [ [ -63.5236, -23.0065 ], [ -63.5102, -22.999 ] ] } },
{ "type": "Feature", "properties": { "nombre": "Camino sin nombre", "longitud_km": 7.33 }, "geometry": { "type": "LineString", "coordinates": [ [ -63.1406, -22.964 ], [ -63.1627, -22.9697 ], [ -63.1647, -22.976 ], [ -63.1282, -22.9942 ] ] } },
{ "type": "Feature", "properties": { "nombre": "Camino sin nombre", "longitud_km": 1.39 }, "geometry": { "type": "LineString", "coordinates": [ [ -63.4984, -22.9928 ], [ -63.5102, -22.999 ] ] } },
{ "type": "Feature", "properties": { "nombre": "Camino sin nombre", "longitud_km": 5.37 }, "geometry": { "type": "LineString", "coordinates": [ [ -63.4892, -22.9568 ], [ -63.5088, -22.9802 ], [ -63.5102, -22.999 ] ] } },
{ "type": "Feature", "properties": { "nombre": "Camino sin nombre", "longitud_km": 10.45 }, "geometry": { "type": "LineString", "coordinates": [ [ -63.3273, -22.9189 ], [ -63.35, -22.9449 ], [ -63.3426, -22.9496 ], [ -63.339, -22.9617 ], [ -63.3396, -22.9869 ], [ -63.3481, -22.9995 ] ] } },
{ "type": "Feature", "properties": { "nombre": "Camino sin nombre", "longitud_km": 8.22 }, "geometry": { "type": "LineString", "coordinates": [ [ -63.3481, -22.9995 ], [ -63.386, -22.9342 ] ] } },
{ "type": "Feature", "properties": { "nombre": "Camino sin nombre", "longitud_km": 5.94 }, "geometry": { "type": "LineString", "coordinates": [ [ -63.0028, -23.0023 ], [ -63.0326, -22.9563 ] ] } },
{ "type": "Feature", "properties": { "nombre": "Camino sin nombre", "longitud_km": 11.49 }, "geometry": { "type": "LineString", "coordinates": [ [ -62.9221, -23.0375 ], [ -62.9147, -23.0207 ], [ -62.9086, -23.0181 ], [ -62.9054, -23.005 ], [ -62.9227, -22.9835 ], [ -62.9232, -22.9692 ], [ -62.9401, -22.9618 ], [ -62.9443, -22.9554 ] ] } },
{ "type": "Feature", "properties": { "nombre": "Camino sin nombre", "longitud_km": 1.46 }, "geometry": { "type": "LineString", "coordinates": [ [ -63.1279, -22.9947 ], [ -63.141, -23.0 ] ] } },
{ "type": "Feature", "properties": { "nombre": "Camino sin nombre", "longitud_km": 7.21 }, "geometry": { "type": "LineString", "coordinates": [ [ -62.8041, -22.9656 ], [ -62.7827, -23.0016 ], [ -62.7866, -23.0074 ], [ -62.7743, -23.0202 ] ] } },
{ "type": "Feature", "properties": { "nombre": "Camino sin nombre", "longitud_km": 11.32 }, "geometry": { "type": "LineString", "coordinates": [ [ -63.1758, -22.9429 ], [ -63.2369, -23.028 ] ] } },
{ "type": "Feature", "properties": { "nombre": "Camino sin nombre", "longitud_km": 4.07 }, "geometry": { "type": "LineString", "coordinates": [ [ -63.2369, -23.028 ], [ -63.2283, -22.9922 ] ] } },
{ "type": "Feature", "properties": { "nombre": "Camino sin nombre", "longitud_km": 9.24 }, "geometry": { "type": "LineString", "coordinates": [ [ -63.2978, -23.0529 ], [ -63.2888, -23.0442 ], [ -63.2792, -23.016 ], [ -63.2679, -23.0139 ], [ -63.2481, -22.9887 ] ] } },
{ "type": "Feature", "properties": { "nombre": "Camino sin nombre", "longitud_km": 8.13 }, "geometry": { "type": "LineString", "coordinates": [ [ -63.3123, -23.0497 ], [ -63.3203, -23.0497 ], [ -63.3499, -23.0309 ], [ -63.3539, -23.0138 ], [ -63.3481, -22.9995 ] ] } },
{ "type": "Feature", "properties": { "nombre": "Camino sin nombre", "longitud_km": 10.55 }, "geometry": { "type": "LineString", "coordinates": [ [ -62.6282, -23.0081 ], [ -62.6989, -22.9388 ] ] } },
{ "type": "Feature", "properties": { "nombre": "Camino sin nombre", "longitud_km": 1.52 }, "geometry": { "type": "LineString", "coordinates": [ [ -63.2978, -23.0529 ], [ -63.3123, -23.0497 ] ] } },
{ "type": "Feature", "properties": { "nombre": "Camino sin nombre", "longitud_km": 9.48 }, "geometry": { "type": "LineString", "coordinates": [ [ -62.5424, -22.9722 ], [ -62.5626, -23.0092 ], [ -62.5751, -23.0202 ], [ -62.6024, -23.0327 ] ] } },
{ "type": "Feature", "properties": { "nombre": "Camino sin nombre", "longitud_km": 5.19 }, "geometry": { "type": "LineString", "coordinates": [ [ -64.4046, -23.0535 ], [ -64.4087, -23.0187 ], [ -64.4005, -23.0096 ] ] } },
{ "type": "Feature", "properties": { "nombre": "Camino sin nombre", "longitud_km": 7.53 }, "geometry": { "type": "LineString", "coordinates": [ [ -63.4618, -23.0444 ], [ -63.4626, -23.0329 ], [ -63.4734, -23.0216 ], [ -63.4699, -23.0 ], [ -63.4782, -22.982 ] ] } },
{ "type": "Feature", "properties": { "nombre": "Camino sin nombre", "longitud_km": 7.38 }, "geometry": { "type": "LineString", "coordinates": [ [ -62.5424, -22.9722 ], [ -62.5216, -22.9793 ], [ -62.4824, -23.0078 ] ] } },
{ "type": "Feature", "properties": { "nombre": "Camino sin nombre", "longitud_km": 6.02 }, "geometry": { "type": "LineString", "coordinates": [ [ -62.4806, -23.0064 ], [ -62.4623, -22.9874 ], [ -62.4508, -22.9846 ], [ -62.44, -22.9698 ] ] } },
{ "type": "Feature", "properties": { "nombre": "Camino sin nombre", "longitud_km": 6.63 }, "geometry": { "type": "LineString", "coordinates": [ [ -63.5236, -23.0065 ], [ -63.5262, -23.001 ], [ -63.5403, -23.0009 ], [ -63.5745, -22.9753 ] ] } },
{ "type": "Feature", "properties": { "nombre": "Camino sin nombre", "longitud_km": 6.68 }, "geometry": { "type": "LineString", "coordinates": [ [ -62.44, -22.9698 ], [ -62.4361, -22.9898 ], [ -62.4228, -23.0023 ], [ -62.4154, -23.0179 ], [ -62.4196, -23.0216 ] ] } },
{ "type": "Feature", "properties": { "nombre": "Camino sin nombre", "longitud_km": 31.2 }, "geometry": { "type": "LineString", "coordinates": [ [ -63.6248, -23.0462 ], [ -63.6366, -23.011 ], [ -63.652, -23.0223 ], [ -63.7545, -23.0239 ], [ -63.7449, -23.0 ], [ -63.8173, -22.9706 ], [ -63.8408, -22.9455 ] ] } },
{ "type": "Feature", "properties": { "nombre": "Camino sin nombre", "longitud_km": 8.56 }, "geometry": { "type": "LineString", "coordinates": [ [ -63.8408, -22.9455 ], [ -63.8684, -23.0039 ], [ -63.883, -23.0033 ] ] } },
{ "type": "Feature", "properties": { "nombre": "Camino sin nombre", "longitud_km": 8.47 }, "geometry": { "type": "LineString", "coordinates": [ [ -63.8639, -22.9348 ], [ -63.8868, -22.9818 ], [ -63.8909, -23.0065 ] ] } },
{ "type": "Feature", "properties": { "nombre": "Camino sin nombre", "longitud_km": 10.67 }, "geometry": { "type": "LineString", "coordinates": [ [ -63.9923, -22.9782 ], [ -63.9957, -23.0 ], [ -63.981, -23.0191 ], [ -63.9565, -23.0256 ], [ -63.9336, -23.0427 ] ] } },
{ "type": "Feature", "properties": { "nombre": "Camino sin nombre", "longitud_km": 12.33 }, "geometry": { "type": "LineString", "coordinates": [ [ -64.0255, -23.0657 ], [ -64.0243, -23.0389 ], [ -64.0474, -23.0 ], [ -64.0735, -22.968 ] ] } },
{ "type": "Feature", "properties": { "nombre": "Camino sin nombre", "longitud_km": 1.37 }, "geometry": { "type": "LineString", "coordinates": [ [ -63.1534, -23.0048 ], [ -63.141, -23.0 ] ] } },
{ "type": "Feature", "properties": { "nombre": "Camino sin nombre", "longitud_km": 1.78 }, "geometry": { "type": "LineString", "coordinates": [ [ -64.3944, -22.9847 ], [ -64.3944, -23.0008 ] ] } },
{ "type": "Feature", "properties": { "nombre": "Camino sin nombre", "longitud_km": 10.59 }, "geometry": { "type": "LineString", "coordinates": [ [ -62.95, -23.0845 ], [ -63.0028, -23.0023 ] ] } },
{ "type": "Feature", "properties": { "nombre": "Camino sin nombre", "longitud_km": 0.24 }, "geometry": { "type": "LineString", "coordinates": [ [ -62.4824, -23.0078 ], [ -62.4806, -23.0064 ] ] } },
{ "type": "Feature", "properties": { "nombre": "Camino sin nombre", "longitud_km": 10.54 }, "geometry": { "type": "LineString", "coordinates": [ [ -64.6503, -22.9352 ], [ -64.6814, -22.9771 ], [ -64.7223, -23.0 ] ] } },
{ "type": "Feature", "properties": { "nombre": "Camino sin nombre", "longitud_km": 1.71 }, "geometry": { "type": "LineString", "coordinates": [ [ -63.141, -23.0 ], [ -63.135, -23.0145 ] ] } },
{ "type": "Feature", "properties": { "nombre": "Camino sin nombre", "longitud_km": 2.32 }, "geometry": { "type": "LineString", "coordinates": [ [ -63.135, -23.0145 ], [ -63.1472, -23.0123 ], [ -63.1534, -23.0048 ] ] } },
{ "type": "Feature", "properties": { "nombre": "Camino sin nombre", "longitud_km": 2.13 }, "geometry": { "type": "LineString", "coordinates": [ [ -63.115, -23.0198 ], [ -63.135, -23.0145 ] ] } },
{ "type": "Feature", "properties": { "nombre": "Camino sin nombre", "longitud_km": 4.99 }, "geometry": { "type": "LineString", "coordinates": [ [ -63.163, -23.0883 ], [ -63.1517, -23.1035 ], [ -63.1436, -23.1291 ] ] } },
{ "type": "Feature", "properties": { "nombre": "Camino sin nombre", "longitud_km": 3.13 }, "geometry": { "type": "LineString", "coordinates": [ [ -63.5498, -23.0211 ], [ -63.5236, -23.0065 ] ] } },
{ "type": "Feature", "properties": { "nombre": "Camino sin nombre", "longitud_km": 6.67 }, "geometry": { "type": "LineString", "coordinates": [ [ -62.4806, -23.0064 ], [ -62.468, -23.0046 ], [ -62.4524, -23.0137 ], [ -62.4196, -23.0216 ] ] } },
{ "type": "Feature", "properties": { "nombre": "Camino sin nombre", "longitud_km": 0.41 }, "geometry": { "type": "LineString", "coordinates": [ [ -62.4196, -23.0216 ], [ -62.4159, -23.0229 ] ] } },
{ "type": "Feature", "properties": { "nombre": "Camino sin nombre", "longitud_km": 3.87 }, "geometry": { "type": "LineString", "coordinates": [ [ -63.025, -23.0272 ], [ -63.0266, -23.0235 ], [ -63.0174, -23.0116 ], [ -63.0028, -23.0023 ] ] } },
{ "type": "Feature", "properties": { "nombre": "Camino sin nombre", "longitud_km": 9.44 }, "geometry": { "type": "LineString", "coordinates": [ [ -63.025, -23.0272 ], [ -63.0565, -23.0234 ], [ -63.0721, -23.0284 ], [ -63.115, -23.0198 ] ] } },
{ "type": "Feature", "properties": { "nombre": "Camino sin nombre", "longitud_km": 1.55 }, "geometry": { "type": "LineString", "coordinates": [ [ -62.4017, -23.0278 ], [ -62.4159, -23.0229 ] ] } },
{ "type": "Feature", "properties": { "nombre": "Camino sin nombre", "longitud_km": 2.06 }, "geometry": { "type": "LineString", "coordinates": [ [ -63.1298, -23.0323 ], [ -63.115, -23.0198 ] ] } },
{ "type": "Feature", "properties": { "nombre": "Camino sin nombre", "longitud_km": 2.48 }, "geometry": { "type": "LineString", "coordinates": [ [ -63.1298, -23.0323 ], [ -63.1392, -23.0245 ], [ -63.135, -23.0145 ] ] } },
{ "type": "Feature", "properties": { "nombre": "Camino sin nombre", "longitud_km": 3.79 }, "geometry": { "type": "LineString", "coordinates": [ [ -62.6282, -23.0081 ], [ -62.6024, -23.0327 ] ] } },
{ "type": "Feature", "properties": { "nombre": "Camino sin nombre", "longitud_km": 0.69 }, "geometry": { "type": "LineString", "coordinates": [ [ -62.6024, -23.0327 ], [ -62.6072, -23.0369 ] ] } },
{ "type": "Feature", "properties": { "nombre": "Camino sin nombre", "longitud_km": 6.28 }, "geometry": { "type": "LineString", "coordinates": [ [ -62.9221, -23.0375 ], [ -62.9387, -23.0077 ], [ -62.9634, -23.011 ] ] } },
{ "type": "Feature", "properties": { "nombre": "Camino sin nombre", "longitud_km": 7.36 }, "geometry": { "type": "LineString", "coordinates": [ [ -63.163, -23.0883 ], [ -63.1525, -23.0745 ], [ -63.1518, -23.0615 ], [ -63.1338, -23.0448 ], [ -63.1298, -23.0323 ] ] } },
{ "type": "Feature", "properties": { "nombre": "Camino sin nombre", "longitud_km": 10.0 }, "geometry": { "type": "LineString", "coordinates": [ [ -63.243, -23.0405 ], [ -63.1534, -23.0048 ] ] } },
{ "type": "Feature", "properties": { "nombre": "Camino sin nombre", "longitud_km": 1.52 }, "geometry": { "type": "LineString", "coordinates": [ [ -63.2369, -23.028 ], [ -63.243, -23.0405 ] ] } },
{ "type": "Feature", "properties": { "nombre": "Camino sin nombre", "longitud_km": 0.03 }, "geometry": { "type": "LineString", "coordinates": [ [ -63.243, -23.0405 ], [ -63.2432, -23.0406 ] ] } },
{ "type": "Feature", "properties": { "nombre": "Camino sin nombre", "longitud_km": 0.59 }, "geometry": { "type": "LineString", "coordinates": [ [ -63.9322, -23.0416 ], [ -63.9281, -23.0452 ] ] } },
{ "type": "Feature", "properties": { "nombre": "Camino sin nombre", "longitud_km": 0.83 }, "geometry": { "type": "LineString", "coordinates": [ [ -63.4577, -23.0509 ], [ -63.4618, -23.0444 ] ] } },
{ "type": "Feature", "properties": { "nombre": "Camino sin nombre", "longitud_km": 8.72 }, "geometry": { "type": "LineString", "coordinates": [ [ -63.6248, -23.0462 ], [ -63.5975, -23.0506 ], [ -63.5498, -23.0211 ] ] } },
{ "type": "Feature", "properties": { "nombre": "Camino sin nombre", "longitud_km": 5.95 }, "geometry": { "type": "LineString", "coordinates": [ [ -63.2432, -23.0406 ], [ -63.2818, -23.0555 ], [ -63.2978, -23.0529 ] ] } },
{ "type": "Feature", "properties": { "nombre": "Camino sin nombre", "longitud_km": 11.53 }, "geometry": { "type": "LineString", "coordinates": [ [ -63.661, -23.1226 ], [ -63.6596, -23.0817 ], [ -63.6411, -23.0807 ], [ -63.642, -23.0927 ], [ -63.6224, -23.0938 ], [ -63.6178, -23.0882 ], [ -63.6083, -23.0884 ] ] } },
{ "type": "Feature", "properties": { "nombre": "Camino sin nombre", "longitud_km": 7.1 }, "geometry": { "type": "LineString", "coordinates": [ [ -64.0616, -23.0525 ], [ -64.1012, -23.0438 ], [ -64.123, -23.0267 ] ] } },
{ "type": "Feature", "properties": { "nombre": "Camino sin nombre", "longitud_km": 7.45 }, "geometry": { "type": "LineString", "coordinates": [ [ -62.7743, -23.0202 ], [ -62.7353, -23.0328 ], [ -62.7274, -23.0535 ], [ -62.7327, -23.0586 ] ] } },
{ "type": "Feature", "properties": { "nombre": "Camino sin nombre", "longitud_km": 2.88 }, "geometry": { "type": "LineString", "coordinates": [ [ -64.3766, -23.0479 ], [ -64.4039, -23.0542 ] ] } },
{ "type": "Feature", "properties": { "nombre": "Camino sin nombre", "longitud_km": 4.81 }, "geometry": { "type": "LineString", "coordinates": [ [ -62.7327, -23.0586 ], [ -62.7294, -23.0727 ], [ -62.6981, -23.0704 ] ] } },
{ "type": "Feature", "properties": { "nombre": "Camino sin nombre", "longitud_km": 1.36 }, "geometry": { "type": "LineString", "coordinates": [ [ -64.4046, -23.0535 ], [ -64.4163, -23.0595 ] ] } },
{ "type": "Feature", "properties": { "nombre": "Camino sin nombre", "longitud_km": 4.08 }, "geometry": { "type": "LineString", "coordinates": [ [ -64.0255, -23.0657 ], [ -64.0359, -23.0578 ], [ -64.0616, -23.0525 ] ] } },
{ "type": "Feature", "properties": { "nombre": "Camino sin nombre", "longitud_km": 5.82 }, "geometry": { "type": "LineString", "coordinates": [ [ -62.7183, -23.0258 ], [ -62.7008, -23.0458 ], [ -62.705, -23.0513 ], [ -62.6981, -23.0704 ] ] } },
{ "type": "Feature", "properties": { "nombre": "Camino sin nombre", "longitud_km": 4.17 }, "geometry": { "type": "LineString", "coordinates": [ [ -63.3123, -23.0497 ], [ -63.3268, -23.0726 ], [ -63.3277, -23.0837 ] ] } },
{ "type": "Feature", "properties": { "nombre": "Camino sin nombre", "longitud_km": 12.17 }, "geometry": { "type": "LineString", "coordinates": [ [ -64.0616, -23.0525 ], [ -64.0638, -23.073 ], [ -64.0749, -23.0681 ], [ -64.1155, -23.0688 ], [ -64.1184, -23.0585 ], [ -64.126, -23.0563 ], [ -64.15, -23.0574 ] ] } },
{ "type": "Feature", "properties": { "nombre": "Camino sin nombre", "longitud_km": 9.01 }, "geometry": { "type": "LineString", "coordinates": [ [ -63.4089, -23.0787 ], [ -63.3485, -23.0697 ], [ -63.337, -23.0733 ], [ -63.3277, -23.0837 ] ] } },
{ "type": "Feature", "properties": { "nombre": "Camino sin nombre", "longitud_km": 6.74 }, "geometry": { "type": "LineString", "coordinates": [ [ -63.4577, -23.0509 ], [ -63.4462, -23.0486 ], [ -63.4394, -23.0616 ], [ -63.4198, -23.065 ], [ -63.4089, -23.0787 ] ] } },
{ "type": "Feature", "properties": { "nombre": "Camino sin nombre", "longitud_km": 2.61 }, "geometry": { "type": "LineString", "coordinates": [ [ -62.6981, -23.0704 ], [ -62.6854, -23.0698 ], [ -62.6787, -23.0798 ] ] } },
{ "type": "Feature", "properties": { "nombre": "Camino sin nombre", "longitud_km": 6.39 }, "geometry": { "type": "LineString", "coordinates": [ [ -62.9221, -23.0375 ], [ -62.95, -23.0633 ], [ -62.95, -23.0845 ] ] } },
{ "type": "Feature", "properties": { "nombre": "Camino sin nombre", "longitud_km": 8.31 }, "geometry": { "type": "LineString", "coordinates": [ [ -62.7743, -23.0202 ], [ -62.7917, -23.0681 ], [ -62.8061, -23.0886 ] ] } },
{ "type": "Feature", "properties": { "nombre": "Camino sin nombre", "longitud_km": 4.97 }, "geometry": { "type": "LineString", "coordinates": [ [ -63.6083, -23.0884 ], [ -63.6248, -23.0462 ] ] } },
{ "type": "Feature", "properties": { "nombre": "Camino sin nombre", "longitud_km": 4.79 }, "geometry": { "type": "LineString", "coordinates": [ [ -64.3766, -23.0479 ], [ -64.3535, -23.0855 ] ] } },
{ "type": "Feature", "properties": { "nombre": "Camino sin nombre", "longitud_km": 7.42 }, "geometry": { "type": "LineString", "coordinates": [ [ -63.8201, -23.0928 ], [ -63.7543, -23.0649 ] ] } },
{ "type": "Feature", "properties": { "nombre": "Camino sin nombre", "longitud_km": 6.88 }, "geometry": { "type": "LineString", "coordinates": [ [ -63.2432, -23.0406 ], [ -63.2705, -23.0974 ] ] } },
{ "type": "Feature", "properties": { "nombre": "Camino sin nombre", "longitud_km": 11.59 }, "geometry": { "type": "LineString", "coordinates": [ [ -62.5359, -23.0971 ], [ -62.5195, -23.0814 ], [ -62.5123, -23.0579 ], [ -62.4917, -23.0301 ], [ -62.4885, -23.0141 ], [ -62.4824, -23.0078 ] ] } },
{ "type": "Feature", "properties": { "nombre": "Camino sin nombre", "longitud_km": 9.86 }, "geometry": { "type": "LineString", "coordinates": [ [ -62.6024, -23.0327 ], [ -62.5359, -23.0971 ] ] } },
{ "type": "Feature", "properties": { "nombre": "Camino sin nombre", "longitud_km": 10.68 }, "geometry": { "type": "LineString", "coordinates": [ [ -62.4017, -23.0278 ], [ -62.3797, -23.0669 ], [ -62.3795, -23.0879 ], [ -62.3621, -23.0891 ], [ -62.3507, -23.1 ] ] } },
{ "type": "Feature", "properties": { "nombre": "Camino sin nombre", "longitud_km": 2.3 }, "geometry": { "type": "LineString", "coordinates": [ [ -64.3754, -23.1264 ], [ -64.3532, -23.13 ] ] } },
{ "type": "Feature", "properties": { "nombre": "Camino sin nombre", "longitud_km": 6.34 }, "geometry": { "type": "LineString", "coordinates": [ [ -62.95, -23.0845 ], [ -62.9566, -23.0973 ], [ -62.9575, -23.1192 ], [ -62.9753, -23.1324 ] ] } },
{ "type": "Feature", "properties": { "nombre": "Camino sin nombre", "longitud_km": 10.45 }, "geometry": { "type": "LineString", "coordinates": [ [ -62.6072, -23.0369 ], [ -62.6163, -23.0565 ], [ -62.636, -23.0661 ], [ -62.6493, -23.0872 ], [ -62.6757, -23.1011 ] ] } },
{ "type": "Feature", "properties": { "nombre": "Camino sin nombre", "longitud_km": 5.43 }, "geometry": { "type": "LineString", "coordinates": [ [ -63.3991, -23.1245 ], [ -63.4048, -23.0926 ], [ -63.4018, -23.0869 ], [ -63.4089, -23.0787 ] ] } },
{ "type": "Feature", "properties": { "nombre": "Camino sin nombre", "longitud_km": 10.18 }, "geometry": { "type": "LineString", "coordinates": [ [ -63.3991, -23.1245 ], [ -63.4313, -23.0927 ], [ -63.4577, -23.0509 ] ] } },
{ "type": "Feature", "properties": { "nombre": "Camino sin nombre", "longitud_km": 1.81 }, "geometry": { "type": "LineString", "coordinates": [ [ -63.2705, -23.0974 ], [ -63.2591, -23.1099 ] ] } },
{ "type": "Feature", "properties": { "nombre": "Camino sin nombre", "longitud_km": 8.49 }, "geometry": { "type": "LineString", "coordinates": [ [ -64.3139, -23.1385 ], [ -64.2704, -23.1461 ], [ -64.2447, -23.1404 ], [ -64.2347, -23.147 ] ] } },
{ "type": "Feature", "properties": { "nombre": "Camino sin nombre", "longitud_km": 1.67 }, "geometry": { "type": "LineString", "coordinates": [ [ -64.3234, -23.218 ], [ -64.3103, -23.2269 ] ] } },
{ "type": "Feature", "properties": { "nombre": "Camino sin nombre", "longitud_km": 10.73 }, "geometry": { "type": "LineString", "coordinates": [ [ -63.0446, -23.1163 ], [ -63.0494, -23.1148 ], [ -63.0503, -23.0988 ], [ -63.0389, -23.0789 ], [ -63.0357, -23.0544 ], [ -63.025, -23.0272 ] ] } },
{ "type": "Feature", "properties": { "nombre": "Camino sin nombre", "longitud_km": 2.63 }, "geometry": { "type": "LineString", "coordinates": [ [ -62.5359, -23.0971 ], [ -62.5188, -23.1148 ] ] } },
{ "type": "Feature", "properties": { "nombre": "Camino sin nombre", "longitud_km": 3.9 }, "geometry": { "type": "LineString", "coordinates": [ [ -64.3535, -23.0855 ], [ -64.3331, -23.1051 ], [ -64.3343, -23.113 ] ] } },
{ "type": "Feature", "properties": { "nombre": "Camino sin nombre", "longitud_km": 5.25 }, "geometry": { "type": "LineString", "coordinates": [ [ -62.5698, -23.1191 ], [ -62.5188, -23.1148 ] ] } },
{ "type": "Feature", "properties": { "nombre": "Camino sin nombre", "longitud_km": 4.65 }, "geometry": { "type": "LineString", "coordinates": [ [ -62.5698, -23.1191 ], [ -62.5471, -23.1124 ], [ -62.5357, -23.1026 ], [ -62.5359, -23.0971 ] ] } },
{ "type": "Feature", "properties": { "nombre": "Camino sin nombre", "longitud_km": 0.33 }, "geometry": { "type": "LineString", "coordinates": [ [ -62.573, -23.1194 ], [ -62.5698, -23.1191 ] ] } },
{ "type": "Feature", "properties": { "nombre": "Camino sin nombre", "longitud_km": 7.53 }, "geometry": { "type": "LineString", "coordinates": [ [ -63.0446, -23.1163 ], [ -62.9804, -23.1262 ], [ -62.9753, -23.1324 ] ] } },
{ "type": "Feature", "properties": { "nombre": "Camino sin nombre", "longitud_km": 3.42 }, "geometry": { "type": "LineString", "coordinates": [ [ -62.6063, -23.1223 ], [ -62.573, -23.1194 ] ] } },
{ "type": "Feature", "properties": { "nombre": "Camino sin nombre", "longitud_km": 10.06 }, "geometry": { "type": "LineString", "coordinates": [ [ -62.6072, -23.0369 ], [ -62.6031, -23.0898 ], [ -62.5944, -23.1069 ], [ -62.6063, -23.1223 ] ] } },
{ "type": "Feature", "properties": { "nombre": "Camino sin nombre", "longitud_km": 0.02 }, "geometry": { "type": "LineString", "coordinates": [ [ -62.6063, -23.1223 ], [ -62.6065, -23.1223 ] ] } },
{ "type": "Feature", "properties": { "nombre": "Camino sin nombre", "longitud_km": 5.03 }, "geometry": { "type": "LineString", "coordinates": [ [ -62.6554, -23.1264 ], [ -62.6065, -23.1223 ] ] } },
{ "type": "Feature", "properties": { "nombre": "Camino sin nombre", "longitud_km": 1.05 }, "geometry": { "type": "LineString", "coordinates": [ [ -63.9195, -23.1642 ], [ -63.9137, -23.1564 ] ] } },
{ "type": "Feature", "properties": { "nombre": "Camino sin nombre", "longitud_km": 6.56 }, "geometry": { "type": "LineString", "coordinates": [ [ -64.0019, -23.0998 ], [ -63.9958, -23.1062 ], [ -63.9988, -23.1143 ], [ -63.9909, -23.1165 ], [ -63.9941, -23.1216 ], [ -63.9634, -23.1245 ] ] } },
{ "type": "Feature", "properties": { "nombre": "Camino sin nombre", "longitud_km": 1.87 }, "geometry": { "type": "LineString", "coordinates": [ [ -62.6768, -23.1274 ], [ -62.6625, -23.1169 ] ] } },
{ "type": "Feature", "properties": { "nombre": "Camino sin nombre", "longitud_km": 4.58 }, "geometry": { "type": "LineString", "coordinates": [ [ -63.5933, -23.1273 ], [ -63.6083, -23.0884 ] ] } },
{ "type": "Feature", "properties": { "nombre": "Camino sin nombre", "longitud_km": 2.16 }, "geometry": { "type": "LineString", "coordinates": [ [ -62.6764, -23.1281 ], [ -62.6554, -23.1264 ] ] } },
{ "type": "Feature", "properties": { "nombre": "Camino sin nombre", "longitud_km": 0.09 }, "geometry": { "type": "LineString", "coordinates": [ [ -62.6768, -23.1274 ], [ -62.6764, -23.1281 ] ] } },
{ "type": "Feature", "properties": { "nombre": "Camino sin nombre", "longitud_km": 4.28 }, "geometry": { "type": "LineString", "coordinates": [ [ -63.9195, -23.1642 ], [ -63.905, -23.1678 ], [ -63.9043, -23.1644 ], [ -63.8812, -23.1639 ] ] } },
{ "type": "Feature", "properties": { "nombre": "Camino sin nombre", "longitud_km": 13.24 }, "geometry": { "type": "LineString", "coordinates": [ [ -62.8052, -23.1386 ], [ -62.6764, -23.1281 ] ] } },
{ "type": "Feature", "properties": { "nombre": "Camino sin nombre", "longitud_km": 14.07 }, "geometry": { "type": "LineString", "coordinates": [ [ -63.5913, -23.1326 ], [ -63.5682, -23.1156 ], [ -63.5687, -23.0845 ], [ -63.5516, -23.049 ], [ -63.5561, -23.0417 ], [ -63.5498, -23.0211 ] ] } },
{ "type": "Feature", "properties": { "nombre": "Camino sin nombre", "longitud_km": 0.62 }, "geometry": { "type": "LineString", "coordinates": [ [ -63.5913, -23.1326 ], [ -63.5933, -23.1273 ] ] } },
{ "type": "Feature", "properties": { "nombre": "Camino sin nombre", "longitud_km": 1.7 }, "geometry": { "type": "LineString", "coordinates": [ [ -63.2901, -23.2589 ], [ -63.3001, -23.2466 ] ] } },
{ "type": "Feature", "properties": { "nombre": "Camino sin nombre", "longitud_km": 8.04 }, "geometry": { "type": "LineString", "coordinates": [ [ -63.5933, -23.1273 ], [ -63.609, -23.1335 ], [ -63.6151, -23.132 ], [ -63.6237, -23.1185 ], [ -63.6389, -23.1233 ], [ -63.661, -23.1226 ] ] } },
{ "type": "Feature", "properties": { "nombre": "Camino sin nombre", "longitud_km": 1.64 }, "geometry": { "type": "LineString", "coordinates": [ [ -62.5737, -23.1342 ], [ -62.573, -23.1194 ] ] } },
{ "type": "Feature", "properties": { "nombre": "Camino sin nombre", "longitud_km": 1.38 }, "geometry": { "type": "LineString", "coordinates": [ [ -64.3532, -23.13 ], [ -64.34, -23.1324 ] ] } },
{ "type": "Feature", "properties": { "nombre": "Camino sin nombre", "longitud_km": 0.47 }, "geometry": { "type": "LineString", "coordinates": [ [ -62.9753, -23.1324 ], [ -62.9736, -23.1364 ] ] } },
{ "type": "Feature", "properties": { "nombre": "Camino sin nombre", "longitud_km": 2.6 }, "geometry": { "type": "LineString", "coordinates": [ [ -63.0528, -23.1369 ], [ -63.0428, -23.1217 ], [ -63.0446, -23.1163 ] ] } },
{ "type": "Feature", "properties": { "nombre": "Camino sin nombre", "longitud_km": 1.07 }, "geometry": { "type": "LineString", "coordinates": [ [ -63.9634, -23.1245 ], [ -63.965, -23.134 ] ] } },
{ "type": "Feature", "properties": { "nombre": "Camino sin nombre", "longitud_km": 11.92 }, "geometry": { "type": "LineString", "coordinates": [ [ -62.7327, -23.0586 ], [ -62.7615, -23.1045 ], [ -62.7975, -23.1247 ], [ -62.8052, -23.1386 ] ] } },
{ "type": "Feature", "properties": { "nombre": "Camino sin nombre", "longitud_km": 1.89 }, "geometry": { "type": "LineString", "coordinates": [ [ -64.349, -23.2473 ], [ -64.334, -23.2574 ] ] } },
{ "type": "Feature", "properties": { "nombre": "Camino sin nombre", "longitud_km": 15.78 }, "geometry": { "type": "LineString", "coordinates": [ [ -62.4159, -23.0229 ], [ -62.4448, -23.0505 ], [ -62.4611, -23.1107 ], [ -62.4953, -23.1383 ] ] } },
{ "type": "Feature", "properties": { "nombre": "Camino sin nombre", "longitud_km": 3.54 }, "geometry": { "type": "LineString", "coordinates": [ [ -62.5188, -23.1148 ], [ -62.4953, -23.1383 ] ] } },
{ "type": "Feature", "properties": { "nombre": "Camino sin nombre", "longitud_km": 1.0 }, "geometry": { "type": "LineString", "coordinates": [ [ -64.3302, -23.2022 ], [ -64.336, -23.2095 ] ] } },
{ "type": "Feature", "properties": { "nombre": "Camino sin nombre", "longitud_km": 5.61 }, "geometry": { "type": "LineString", "coordinates": [ [ -62.5737, -23.1342 ], [ -62.5836, -23.1272 ], [ -62.5952, -23.1272 ], [ -62.6231, -23.139 ] ] } },
{ "type": "Feature", "properties": { "nombre": "Camino sin nombre", "longitud_km": 2.63 }, "geometry": { "type": "LineString", "coordinates": [ [ -62.6231, -23.139 ], [ -62.616, -23.1267 ], [ -62.6065, -23.1223 ] ] } },
{ "type": "Feature", "properties": { "nombre": "Camino sin nombre", "longitud_km": 3.59 }, "geometry": { "type": "LineString", "coordinates": [ [ -62.6231, -23.139 ], [ -62.6554, -23.1264 ] ] } },
{ "type": "Feature", "properties": { "nombre": "Camino sin nombre", "longitud_km": 10.5 }, "geometry": { "type": "LineString", "coordinates": [ [ -62.9074, -23.147 ], [ -62.8052, -23.1386 ] ] } },
{ "type": "Feature", "properties": { "nombre": "Camino sin nombre", "longitud_km": 8.18 }, "geometry": { "type": "LineString", "coordinates": [ [ -62.95, -23.0845 ], [ -62.9074, -23.147 ] ] } },
{ "type": "Feature", "properties": { "nombre": "Camino sin nombre", "longitud_km": 13.97 }, "geometry": { "type": "LineString", "coordinates": [ [ -62.3291, -23.1437 ], [ -62.4625, -23.1701 ] ] } },
{ "type": "Feature", "properties": { "nombre": "Camino sin nombre", "longitud_km": 4.87 }, "geometry": { "type": "LineString", "coordinates": [ [ -62.4953, -23.1383 ], [ -62.4625, -23.1701 ] ] } },
{ "type": "Feature", "properties": { "nombre": "Camino sin nombre", "longitud_km": 15.42 }, "geometry": { "type": "LineString", "coordinates": [ [ -63.524, -23.148 ], [ -63.5102, -23.1233 ], [ -63.489, -23.118 ], [ -63.4724, -23.1062 ], [ -63.4713, -23.0998 ], [ -63.4775, -23.094 ], [ -63.4678, -23.0832 ], [ -63.4674, -23.0753 ], [ -63.4736, -23.064 ], [ -63.4618, -23.0444 ] ] } },
{ "type": "Feature", "properties": { "nombre": "Camino sin nombre", "longitud_km": 9.36 }, "geometry": { "type": "LineString", "coordinates": [ [ -63.3277, -23.0837 ], [ -63.3403, -23.1125 ], [ -63.3561, -23.1308 ], [ -63.3816, -23.1493 ] ] } },
{ "type": "Feature", "properties": { "nombre": "Camino sin nombre", "longitud_km": 3.29 }, "geometry": { "type": "LineString", "coordinates": [ [ -63.3816, -23.1493 ], [ -63.3991, -23.1245 ] ] } },
{ "type": "Feature", "properties": { "nombre": "Camino sin nombre", "longitud_km": 2.77 }, "geometry": { "type": "LineString", "coordinates": [ [ -64.2347, -23.147 ], [ -64.2279, -23.139 ], [ -64.2119, -23.1384 ] ] } },
{ "type": "Feature", "properties": { "nombre": "Camino sin nombre", "longitud_km": 4.6 }, "geometry": { "type": "LineString", "coordinates": [ [ -62.4953, -23.1383 ], [ -62.5069, -23.1471 ], [ -62.5364, -23.1523 ] ] } },
{ "type": "Feature", "properties": { "nombre": "Camino sin nombre", "longitud_km": 1.18 }, "geometry": { "type": "LineString", "coordinates": [ [ -64.4049, -23.1502 ], [ -64.4141, -23.1437 ] ] } },
{ "type": "Feature", "properties": { "nombre": "Camino sin nombre", "longitud_km": 9.16 }, "geometry": { "type": "LineString", "coordinates": [ [ -63.9137, -23.1564 ], [ -63.9009, -23.142 ], [ -63.9528, -23.1315 ], [ -63.9538, -23.1255 ], [ -63.9634, -23.1245 ] ] } },
{ "type": "Feature", "properties": { "nombre": "Camino sin nombre", "longitud_km": 5.81 }, "geometry": { "type": "LineString", "coordinates": [ [ -63.9137, -23.1564 ], [ -63.965, -23.134 ] ] } },
{ "type": "Feature", "properties": { "nombre": "Camino sin nombre", "longitud_km": 8.59 }, "geometry": { "type": "LineString", "coordinates": [ [ -63.0419, -23.1677 ], [ -63.0043, -23.1685 ], [ -62.9736, -23.1364 ] ] } },
{ "type": "Feature", "properties": { "nombre": "Camino sin nombre", "longitud_km": 6.01 }, "geometry": { "type": "LineString", "coordinates": [ [ -62.5364, -23.1523 ], [ -62.5632, -23.1605 ], [ -62.5737, -23.1342 ] ] } },
{ "type": "Feature", "properties": { "nombre": "Camino sin nombre", "longitud_km": 1.06 }, "geometry": { "type": "LineString", "coordinates": [ [ -64.3967, -23.156 ], [ -64.4049, -23.1502 ] ] } },
{ "type": "Feature", "properties": { "nombre": "Camino sin nombre", "longitud_km": 6.49 }, "geometry": { "type": "LineString", "coordinates": [ [ -63.6866, -23.161 ], [ -63.6817, -23.1219 ], [ -63.661, -23.1226 ] ] } },
{ "type": "Feature", "properties": { "nombre": "Camino sin nombre", "longitud_km": 2.19 }, "geometry": { "type": "LineString", "coordinates": [ [ -63.3816, -23.1493 ], [ -63.3922, -23.1665 ] ] } },
{ "type": "Feature", "properties": { "nombre": "Camino sin nombre", "longitud_km": 4.75 }, "geometry": { "type": "LineString", "coordinates": [ [ -63.3922, -23.1665 ], [ -63.3915, -23.1517 ], [ -63.3991, -23.1245 ] ] } },
{ "type": "Feature", "properties": { "nombre": "Camino sin nombre", "longitud_km": 1.03 }, "geometry": { "type": "LineString", "coordinates": [ [ -64.3887, -23.1615 ], [ -64.3967, -23.156 ] ] } },
{ "type": "Feature", "properties": { "nombre": "Camino sin nombre", "longitud_km": 3.59 }, "geometry": { "type": "LineString", "coordinates": [ [ -63.0528, -23.1369 ], [ -63.0419, -23.1677 ] ] } },
{ "type": "Feature", "properties": { "nombre": "Camino sin nombre", "longitud_km": 3.68 }, "geometry": { "type": "LineString", "coordinates": [ [ -64.3532, -23.13 ], [ -64.3601, -23.1626 ] ] } },
{ "type": "Feature", "properties": { "nombre": "Camino sin nombre", "longitud_km": 3.83 }, "geometry": { "type": "LineString", "coordinates": [ [ -64.3967, -23.156 ], [ -64.36, -23.1626 ] ] } },
{ "type": "Feature", "properties": { "nombre": "Camino sin nombre", "longitud_km": 9.06 }, "geometry": { "type": "LineString", "coordinates": [ [ -63.5609, -23.2096 ], [ -63.5908, -23.1327 ] ] } },
{ "type": "Feature", "properties": { "nombre": "Camino sin nombre", "longitud_km": 4.96 }, "geometry": { "type": "LineString", "coordinates": [ [ -64.4566, -23.1643 ], [ -64.4326, -23.1493 ], [ -64.4141, -23.1437 ] ] } },
{ "type": "Feature", "properties": { "nombre": "Camino sin nombre", "longitud_km": 3.18 }, "geometry": { "type": "LineString", "coordinates": [ [ -64.4529, -23.1476 ], [ -64.4672, -23.1557 ], [ -64.4566, -23.1643 ] ] } },
{ "type": "Feature", "properties": { "nombre": "Camino sin nombre", "longitud_km": 9.05 }, "geometry": { "type": "LineString", "coordinates": [ [ -63.2705, -23.0974 ], [ -63.3067, -23.172 ] ] } },
{ "type": "Feature", "properties": { "nombre": "Camino sin nombre", "longitud_km": 10.34 }, "geometry": { "type": "LineString", "coordinates": [ [ -63.3277, -23.0837 ], [ -63.3056, -23.1308 ], [ -63.3098, -23.1646 ], [ -63.3067, -23.172 ] ] } },
{ "type": "Feature", "properties": { "nombre": "Camino sin nombre", "longitud_km": 3.12 }, "geometry": { "type": "LineString", "coordinates": [ [ -64.36, -23.1625 ], [ -64.3301, -23.1678 ] ] } },
{ "type": "Feature", "properties": { "nombre": "Camino sin nombre", "longitud_km": 4.21 }, "geometry": { "type": "LineString", "coordinates": [ [ -62.9182, -23.1764 ], [ -62.9235, -23.1663 ], [ -62.92, -23.1531 ], [ -62.9074, -23.147 ] ] } },
{ "type": "Feature", "properties": { "nombre": "Camino sin nombre", "longitud_km": 7.56 }, "geometry": { "type": "LineString", "coordinates": [ [ -63.843, -23.2165 ], [ -63.8313, -23.1491 ] ] } },
{ "type": "Feature", "properties": { "nombre": "Camino sin nombre", "longitud_km": 11.91 }, "geometry": { "type": "LineString", "coordinates": [ [ -63.2195, -23.1775 ], [ -63.2192, -23.1662 ], [ -63.1892, -23.132 ], [ -63.1813, -23.1034 ], [ -63.163, -23.0883 ] ] } },
{ "type": "Feature", "properties": { "nombre": "Camino sin nombre", "longitud_km": 6.65 }, "geometry": { "type": "LineString", "coordinates": [ [ -62.4625, -23.1701 ], [ -62.526, -23.1826 ] ] } },
{ "type": "Feature", "properties": { "nombre": "Camino sin nombre", "longitud_km": 3.52 }, "geometry": { "type": "LineString", "coordinates": [ [ -62.526, -23.1826 ], [ -62.5364, -23.1523 ] ] } },
{ "type": "Feature", "properties": { "nombre": "Camino sin nombre", "longitud_km": 3.18 }, "geometry": { "type": "LineString", "coordinates": [ [ -64.3637, -23.1786 ], [ -64.3887, -23.1615 ] ] } },
{ "type": "Feature", "properties": { "nombre": "Camino sin nombre", "longitud_km": 7.29 }, "geometry": { "type": "LineString", "coordinates": [ [ -63.0419, -23.1677 ], [ -63.039, -23.1803 ], [ -63.0453, -23.1931 ], [ -63.0445, -23.2046 ], [ -63.0588, -23.2286 ] ] } },
{ "type": "Feature", "properties": { "nombre": "Camino sin nombre", "longitud_km": 4.44 }, "geometry": { "type": "LineString", "coordinates": [ [ -64.4049, -23.1502 ], [ -64.4301, -23.1828 ] ] } },
{ "type": "Feature", "properties": { "nombre": "Camino sin nombre", "longitud_km": 3.4 }, "geometry": { "type": "LineString", "coordinates": [ [ -64.4566, -23.1643 ], [ -64.4301, -23.1828 ] ] } },
{ "type": "Feature", "properties": { "nombre": "Camino sin nombre", "longitud_km": 6.93 }, "geometry": { "type": "LineString", "coordinates": [ [ -63.3922, -23.1665 ], [ -63.3983, -23.1735 ], [ -63.4528, -23.1917 ] ] } },
{ "type": "Feature", "properties": { "nombre": "Camino sin nombre", "longitud_km": 9.45 }, "geometry": { "type": "LineString", "coordinates": [ [ -63.4528, -23.1917 ], [ -63.4809, -23.1696 ], [ -63.4906, -23.1525 ], [ -63.5035, -23.1475 ], [ -63.524, -23.148 ] ] } },
{ "type": "Feature", "properties": { "nombre": "Camino sin nombre", "longitud_km": 3.64 }, "geometry": { "type": "LineString", "coordinates": [ [ -62.4625, -23.1701 ], [ -62.4379, -23.1939 ] ] } },
{ "type": "Feature", "properties": { "nombre": "Camino sin nombre", "longitud_km": 2.13 }, "geometry": { "type": "LineString", "coordinates": [ [ -64.3469, -23.19 ], [ -64.3637, -23.1786 ] ] } },
{ "type": "Feature", "properties": { "nombre": "Camino sin nombre", "longitud_km": 8.24 }, "geometry": { "type": "LineString", "coordinates": [ [ -62.526, -23.1826 ], [ -62.6047, -23.1979 ] ] } },
{ "type": "Feature", "properties": { "nombre": "Camino sin nombre", "longitud_km": 6.89 }, "geometry": { "type": "LineString", "coordinates": [ [ -62.6231, -23.139 ], [ -62.6236, -23.1532 ], [ -62.6047, -23.1979 ] ] } },
{ "type": "Feature", "properties": { "nombre": "Camino sin nombre", "longitud_km": 4.39 }, "geometry": { "type": "LineString", "coordinates": [ [ -64.4137, -23.1937 ], [ -64.3887, -23.1615 ] ] } },
{ "type": "Feature", "properties": { "nombre": "Camino sin nombre", "longitud_km": 2.07 }, "geometry": { "type": "LineString", "coordinates": [ [ -64.4137, -23.1937 ], [ -64.4301, -23.1828 ] ] } },
{ "type": "Feature", "properties": { "nombre": "Camino sin nombre", "longitud_km": 7.49 }, "geometry": { "type": "LineString", "coordinates": [ [ -62.7163, -23.1976 ], [ -62.737, -23.2017 ], [ -62.7657, -23.1935 ], [ -62.7791, -23.1774 ] ] } },
{ "type": "Feature", "properties": { "nombre": "Camino sin nombre", "longitud_km": 9.15 }, "geometry": { "type": "LineString", "coordinates": [ [ -64.2347, -23.147 ], [ -64.2191, -23.1588 ], [ -64.1995, -23.1909 ], [ -64.1713, -23.1984 ] ] } },
{ "type": "Feature", "properties": { "nombre": "Camino sin nombre", "longitud_km": 2.8 }, "geometry": { "type": "LineString", "coordinates": [ [ -62.6047, -23.1979 ], [ -62.6316, -23.2029 ] ] } },
{ "type": "Feature", "properties": { "nombre": "Camino sin nombre", "longitud_km": 9.47 }, "geometry": { "type": "LineString", "coordinates": [ [ -62.9736, -23.1364 ], [ -62.9733, -23.1654 ], [ -62.9544, -23.2191 ] ] } },
{ "type": "Feature", "properties": { "nombre": "Camino sin nombre", "longitud_km": 3.24 }, "geometry": { "type": "LineString", "coordinates": [ [ -62.9538, -23.2206 ], [ -62.9223, -23.2169 ] ] } },
{ "type": "Feature", "properties": { "nombre": "Camino sin nombre", "longitud_km": 16.51 }, "geometry": { "type": "LineString", "coordinates": [ [ -63.965, -23.134 ], [ -63.9799, -23.132 ], [ -63.9997, -23.1373 ], [ -64.0039, -23.1292 ], [ -64.0084, -23.1293 ], [ -64.0497, -23.1504 ], [ -64.0816, -23.2019 ] ] } },
{ "type": "Feature", "properties": { "nombre": "Camino sin nombre", "longitud_km": 2.43 }, "geometry": { "type": "LineString", "coordinates": [ [ -62.6316, -23.2029 ], [ -62.6548, -23.2073 ] ] } },
{ "type": "Feature", "properties": { "nombre": "Camino sin nombre", "longitud_km": 2.18 }, "geometry": { "type": "LineString", "coordinates": [ [ -64.3302, -23.2022 ], [ -64.3469, -23.19 ] ] } },
{ "type": "Feature", "properties": { "nombre": "Camino sin nombre", "longitud_km": 8.39 }, "geometry": { "type": "LineString", "coordinates": [ [ -63.5567, -23.2096 ], [ -63.5571, -23.1876 ], [ -63.5493, -23.1862 ], [ -63.5307, -23.1702 ], [ -63.524, -23.148 ] ] } },
{ "type": "Feature", "properties": { "nombre": "Camino sin nombre", "longitud_km": 2.74 }, "geometry": { "type": "LineString", "coordinates": [ [ -63.5432, -23.2111 ], [ -63.5699, -23.2121 ] ] } },
{ "type": "Feature", "properties": { "nombre": "Camino sin nombre", "longitud_km": 0.02 }, "geometry": { "type": "LineString", "coordinates": [ [ -63.5699, -23.2121 ], [ -63.5701, -23.2121 ] ] } },
{ "type": "Feature", "properties": { "nombre": "Camino sin nombre", "longitud_km": 4.84 }, "geometry": { "type": "LineString", "coordinates": [ [ -63.5701, -23.2121 ], [ -63.6174, -23.2131 ] ] } },
{ "type": "Feature", "properties": { "nombre": "Camino sin nombre", "longitud_km": 10.58 }, "geometry": { "type": "LineString", "coordinates": [ [ -62.8052, -23.1386 ], [ -62.8376, -23.16 ], [ -62.8604, -23.2148 ] ] } },
{ "type": "Feature", "properties": { "nombre": "Camino sin nombre", "longitud_km": 8.92 }, "geometry": { "type": "LineString", "coordinates": [ [ -62.9074, -23.147 ], [ -62.8604, -23.2148 ] ] } },
{ "type": "Feature", "properties": { "nombre": "Camino sin nombre", "longitud_km": 5.31 }, "geometry": { "type": "LineString", "coordinates": [ [ -63.3067, -23.172 ], [ -63.3279, -23.2158 ] ] } },
{ "type": "Feature", "properties": { "nombre": "Camino sin nombre", "longitud_km": 9.18 }, "geometry": { "type": "LineString", "coordinates": [ [ -63.3279, -23.2158 ], [ -63.3816, -23.1493 ] ] } },
{ "type": "Feature", "properties": { "nombre": "Camino sin nombre", "longitud_km": 7.87 }, "geometry": { "type": "LineString", "coordinates": [ [ -63.6174, -23.2131 ], [ -63.6943, -23.2148 ] ] } },
{ "type": "Feature", "properties": { "nombre": "Camino sin nombre", "longitud_km": 1.61 }, "geometry": { "type": "LineString", "coordinates": [ [ -64.3175, -23.2108 ], [ -64.3302, -23.2022 ] ] } },
{ "type": "Feature", "properties": { "nombre": "Camino sin nombre", "longitud_km": 0.36 }, "geometry": { "type": "LineString", "coordinates": [ [ -63.6943, -23.2148 ], [ -63.6978, -23.2148 ] ] } },
{ "type": "Feature", "properties": { "nombre": "Camino sin nombre", "longitud_km": 4.34 }, "geometry": { "type": "LineString", "coordinates": [ [ -64.3637, -23.1786 ], [ -64.3881, -23.2106 ] ] } },
{ "type": "Feature", "properties": { "nombre": "Camino sin nombre", "longitud_km": 3.22 }, "geometry": { "type": "LineString", "coordinates": [ [ -64.3881, -23.2106 ], [ -64.4137, -23.1937 ] ] } },
{ "type": "Feature", "properties": { "nombre": "Camino sin nombre", "longitud_km": 4.81 }, "geometry": { "type": "LineString", "coordinates": [ [ -62.9223, -23.2169 ], [ -62.9137, -23.206 ], [ -62.9182, -23.1764 ] ] } },
{ "type": "Feature", "properties": { "nombre": "Camino sin nombre", "longitud_km": 4.29 }, "geometry": { "type": "LineString", "coordinates": [ [ -63.6978, -23.2148 ], [ -63.7397, -23.2155 ] ] } },
{ "type": "Feature", "properties": { "nombre": "Camino sin nombre", "longitud_km": 4.07 }, "geometry": { "type": "LineString", "coordinates": [ [ -63.7397, -23.2155 ], [ -63.7794, -23.2158 ] ] } },
{ "type": "Feature", "properties": { "nombre": "Camino sin nombre", "longitud_km": 3.99 }, "geometry": { "type": "LineString", "coordinates": [ [ -63.7794, -23.2158 ], [ -63.8184, -23.2168 ] ] } },
{ "type": "Feature", "properties": { "nombre": "Camino sin nombre", "longitud_km": 12.08 }, "geometry": { "type": "LineString", "coordinates": [ [ -63.6943, -23.2148 ], [ -63.699, -23.2479 ], [ -63.6597, -23.2721 ], [ -63.6272, -23.283 ] ] } },
{ "type": "Feature", "properties": { "nombre": "Camino sin nombre", "longitud_km": 12.4 }, "geometry": { "type": "LineString", "coordinates": [ [ -63.0588, -23.2286 ], [ -63.0245, -23.219 ], [ -63.0065, -23.2232 ], [ -62.9955, -23.212 ], [ -62.9776, -23.2135 ], [ -62.9719, -23.2061 ], [ -62.9544, -23.2191 ] ] } },
{ "type": "Feature", "properties": { "nombre": "Camino sin nombre", "longitud_km": 1.05 }, "geometry": { "type": "LineString", "coordinates": [ [ -63.8184, -23.2168 ], [ -63.8287, -23.217 ] ] } },
{ "type": "Feature", "properties": { "nombre": "Camino sin nombre", "longitud_km": 9.82 }, "geometry": { "type": "LineString", "coordinates": [ [ -63.955, -23.2186 ], [ -63.9711, -23.1986 ], [ -63.9383, -23.1789 ], [ -63.9313, -23.1798 ], [ -63.9235, -23.164 ], [ -63.9195, -23.1642 ] ] } },
{ "type": "Feature", "properties": { "nombre": "Camino sin nombre", "longitud_km": 0.03 }, "geometry": { "type": "LineString", "coordinates": [ [ -63.9549, -23.2189 ], [ -63.955, -23.2186 ] ] } },
{ "type": "Feature", "properties": { "nombre": "Camino sin nombre", "longitud_km": 5.84 }, "geometry": { "type": "LineString", "coordinates": [ [ -64.3013, -23.2165 ], [ -64.3173, -23.1871 ], [ -64.3347, -23.1756 ] ] } },
{ "type": "Feature", "properties": { "nombre": "Camino sin nombre", "longitud_km": 0.94 }, "geometry": { "type": "LineString", "coordinates": [ [ -64.336, -23.2095 ], [ -64.3413, -23.2164 ] ] } },
{ "type": "Feature", "properties": { "nombre": "Camino sin nombre", "longitud_km": 2.16 }, "geometry": { "type": "LineString", "coordinates": [ [ -64.3584, -23.2049 ], [ -64.3413, -23.2164 ] ] } },
{ "type": "Feature", "properties": { "nombre": "Camino sin nombre", "longitud_km": 4.36 }, "geometry": { "type": "LineString", "coordinates": [ [ -64.1768, -23.2035 ], [ -64.1863, -23.2083 ], [ -64.1566, -23.2185 ] ] } },
{ "type": "Feature", "properties": { "nombre": "Camino sin nombre", "longitud_km": 1.0 }, "geometry": { "type": "LineString", "coordinates": [ [ -64.3175, -23.2108 ], [ -64.3234, -23.218 ] ] } },
{ "type": "Feature", "properties": { "nombre": "Camino sin nombre", "longitud_km": 1.6 }, "geometry": { "type": "LineString", "coordinates": [ [ -64.336, -23.2095 ], [ -64.3234, -23.218 ] ] } },
{ "type": "Feature", "properties": { "nombre": "Camino sin nombre", "longitud_km": 2.4 }, "geometry": { "type": "LineString", "coordinates": [ [ -63.4528, -23.1917 ], [ -63.4497, -23.2132 ] ] } },
{ "type": "Feature", "properties": { "nombre": "Camino sin nombre", "longitud_km": 0.41 }, "geometry": { "type": "LineString", "coordinates": [ [ -64.3013, -23.2165 ], [ -64.3036, -23.2195 ] ] } },
{ "type": "Feature", "properties": { "nombre": "Camino sin nombre", "longitud_km": 1.64 }, "geometry": { "type": "LineString", "coordinates": [ [ -64.3045, -23.2195 ], [ -64.3175, -23.2108 ] ] } },
{ "type": "Feature", "properties": { "nombre": "Camino sin nombre", "longitud_km": 0.99 }, "geometry": { "type": "LineString", "coordinates": [ [ -63.8939, -23.2251 ], [ -63.8883, -23.2178 ] ] } },
{ "type": "Feature", "properties": { "nombre": "Camino sin nombre", "longitud_km": 0.67 }, "geometry": { "type": "LineString", "coordinates": [ [ -63.9546, -23.2249 ], [ -63.9549, -23.2189 ] ] } },
{ "type": "Feature", "properties": { "nombre": "Camino sin nombre", "longitud_km": 2.13 }, "geometry": { "type": "LineString", "coordinates": [ [ -64.3712, -23.2218 ], [ -64.3881, -23.2106 ] ] } },
{ "type": "Feature", "properties": { "nombre": "Camino sin nombre", "longitud_km": 21.32 }, "geometry": { "type": "LineString", "coordinates": [ [ -63.2061, -23.2304 ], [ -63.1987, -23.2144 ], [ -63.1657, -23.1936 ], [ -63.1425, -23.1686 ], [ -63.1225, -23.1676 ], [ -63.1192, -23.1731 ], [ -63.111, -23.1719 ], [ -63.1014, -23.1533 ], [ -63.0837, -23.1493 ], [ -63.0778, -23.1385 ], [ -63.0528, -23.1369 ] ] } },
{ "type": "Feature", "properties": { "nombre": "Camino sin nombre", "longitud_km": 0.34 }, "geometry": { "type": "LineString", "coordinates": [ [ -64.291, -23.2359 ], [ -64.293, -23.2384 ] ] } },
{ "type": "Feature", "properties": { "nombre": "Camino sin nombre", "longitud_km": 2.18 }, "geometry": { "type": "LineString", "coordinates": [ [ -64.3103, -23.2269 ], [ -64.293, -23.2384 ] ] } },
{ "type": "Feature", "properties": { "nombre": "Camino sin nombre", "longitud_km": 6.49 }, "geometry": { "type": "LineString", "coordinates": [ [ -63.2195, -23.1775 ], [ -63.2064, -23.1875 ], [ -63.2061, -23.2304 ] ] } },
{ "type": "Feature", "properties": { "nombre": "Camino sin nombre", "longitud_km": 0.94 }, "geometry": { "type": "LineString", "coordinates": [ [ -64.3234, -23.218 ], [ -64.3287, -23.225 ] ] } },
{ "type": "Feature", "properties": { "nombre": "Camino sin nombre", "longitud_km": 1.6 }, "geometry": { "type": "LineString", "coordinates": [ [ -64.3413, -23.2164 ], [ -64.3287, -23.225 ] ] } },
{ "type": "Feature", "properties": { "nombre": "Camino sin nombre", "longitud_km": 4.78 }, "geometry": { "type": "LineString", "coordinates": [ [ -64.1566, -23.2185 ], [ -64.1508, -23.2167 ], [ -64.1419, -23.2271 ], [ -64.1157, -23.2263 ] ] } },
{ "type": "Feature", "properties": { "nombre": "Camino sin nombre", "longitud_km": 1.22 }, "geometry": { "type": "LineString", "coordinates": [ [ -64.3413, -23.2164 ], [ -64.348, -23.2256 ] ] } },
{ "type": "Feature", "properties": { "nombre": "Camino sin nombre", "longitud_km": 1.02 }, "geometry": { "type": "LineString", "coordinates": [ [ -64.3045, -23.2195 ], [ -64.3103, -23.2269 ] ] } },
{ "type": "Feature", "properties": { "nombre": "Camino sin nombre", "longitud_km": 4.22 }, "geometry": { "type": "LineString", "coordinates": [ [ -62.6316, -23.2029 ], [ -62.6272, -23.2206 ], [ -62.6171, -23.2248 ], [ -62.6136, -23.2339 ] ] } },
{ "type": "Feature", "properties": { "nombre": "Camino sin nombre", "longitud_km": 2.64 }, "geometry": { "type": "LineString", "coordinates": [ [ -64.1781, -23.2317 ], [ -64.1566, -23.2185 ] ] } },
{ "type": "Feature", "properties": { "nombre": "Camino sin nombre", "longitud_km": 1.48 }, "geometry": { "type": "LineString", "coordinates": [ [ -64.3574, -23.2307 ], [ -64.3516, -23.2232 ], [ -64.348, -23.2256 ] ] } },
{ "type": "Feature", "properties": { "nombre": "Camino sin nombre", "longitud_km": 1.72 }, "geometry": { "type": "LineString", "coordinates": [ [ -64.3574, -23.2307 ], [ -64.3712, -23.2218 ] ] } },
{ "type": "Feature", "properties": { "nombre": "Camino sin nombre", "longitud_km": 3.59 }, "geometry": { "type": "LineString", "coordinates": [ [ -63.7239, -23.2364 ], [ -63.6978, -23.2148 ] ] } },
{ "type": "Feature", "properties": { "nombre": "Camino sin nombre", "longitud_km": 2.92 }, "geometry": { "type": "LineString", "coordinates": [ [ -63.7397, -23.2155 ], [ -63.7271, -23.2263 ], [ -63.7239, -23.2364 ] ] } },
{ "type": "Feature", "properties": { "nombre": "Camino sin nombre", "longitud_km": 4.64 }, "geometry": { "type": "LineString", "coordinates": [ [ -63.101, -23.239 ], [ -63.0836, -23.2288 ], [ -63.0588, -23.2286 ] ] } },
{ "type": "Feature", "properties": { "nombre": "Camino sin nombre", "longitud_km": 0.94 }, "geometry": { "type": "LineString", "coordinates": [ [ -64.3103, -23.2269 ], [ -64.3156, -23.2339 ] ] } },
{ "type": "Feature", "properties": { "nombre": "Camino sin nombre", "longitud_km": 1.66 }, "geometry": { "type": "LineString", "coordinates": [ [ -64.3287, -23.225 ], [ -64.3156, -23.2339 ] ] } },
{ "type": "Feature", "properties": { "nombre": "Camino sin nombre", "longitud_km": 4.52 }, "geometry": { "type": "LineString", "coordinates": [ [ -63.2083, -23.2712 ], [ -63.2061, -23.2304 ] ] } },
{ "type": "Feature", "properties": { "nombre": "Camino sin nombre", "longitud_km": 4.23 }, "geometry": { "type": "LineString", "coordinates": [ [ -62.6136, -23.2339 ], [ -62.6547, -23.2385 ] ] } },
{ "type": "Feature", "properties": { "nombre": "Camino sin nombre", "longitud_km": 6.94 }, "geometry": { "type": "LineString", "coordinates": [ [ -62.4825, -23.2397 ], [ -62.4488, -23.2134 ], [ -62.4379, -23.1939 ] ] } },
{ "type": "Feature", "properties": { "nombre": "Camino sin nombre", "longitud_km": 2.49 }, "geometry": { "type": "LineString", "coordinates": [ [ -63.8184, -23.2168 ], [ -63.8223, -23.239 ] ] } },
{ "type": "Feature", "properties": { "nombre": "Camino sin nombre", "longitud_km": 2.74 }, "geometry": { "type": "LineString", "coordinates": [ [ -63.8303, -23.239 ], [ -63.833, -23.2223 ], [ -63.8391, -23.2168 ] ] } },
{ "type": "Feature", "properties": { "nombre": "Camino sin nombre", "longitud_km": 2.41 }, "geometry": { "type": "LineString", "coordinates": [ [ -64.2903, -23.2357 ], [ -64.3013, -23.2165 ] ] } },
{ "type": "Feature", "properties": { "nombre": "Camino sin nombre", "longitud_km": 1.71 }, "geometry": { "type": "LineString", "coordinates": [ [ -64.3765, -23.2289 ], [ -64.363, -23.2379 ] ] } },
{ "type": "Feature", "properties": { "nombre": "Camino sin nombre", "longitud_km": 1.75 }, "geometry": { "type": "LineString", "coordinates": [ [ -64.3437, -23.2401 ], [ -64.3574, -23.2307 ] ] } },
{ "type": "Feature", "properties": { "nombre": "Camino sin nombre", "longitud_km": 9.27 }, "geometry": { "type": "LineString", "coordinates": [ [ -64.3939, -23.2512 ], [ -64.4357, -23.2235 ], [ -64.4137, -23.1937 ] ] } },
{ "type": "Feature", "properties": { "nombre": "Camino sin nombre", "longitud_km": 1.98 }, "geometry": { "type": "LineString", "coordinates": [ [ -64.2876, -23.242 ], [ -64.2719, -23.2524 ] ] } },
{ "type": "Feature", "properties": { "nombre": "Camino sin nombre", "longitud_km": 11.76 }, "geometry": { "type": "LineString", "coordinates": [ [ -63.3001, -23.2466 ], [ -63.264, -23.2316 ], [ -63.2463, -23.1979 ], [ -63.2195, -23.1775 ] ] } },
{ "type": "Feature", "properties": { "nombre": "Camino sin nombre", "longitud_km": 4.45 }, "geometry": { "type": "LineString", "coordinates": [ [ -63.3001, -23.2466 ], [ -63.3279, -23.2158 ] ] } },
{ "type": "Feature", "properties": { "nombre": "Camino sin nombre", "longitud_km": 0.06 }, "geometry": { "type": "LineString", "coordinates": [ [ -63.3754, -23.2417 ], [ -63.3753, -23.2411 ] ] } },
{ "type": "Feature", "properties": { "nombre": "Camino sin nombre", "longitud_km": 1.18 }, "geometry": { "type": "LineString", "coordinates": [ [ -64.3156, -23.2339 ], [ -64.3224, -23.2425 ] ] } },
{ "type": "Feature", "properties": { "nombre": "Camino sin nombre", "longitud_km": 3.22 }, "geometry": { "type": "LineString", "coordinates": [ [ -64.348, -23.2256 ], [ -64.3224, -23.2425 ] ] } },
{ "type": "Feature", "properties": { "nombre": "Camino sin nombre", "longitud_km": 4.55 }, "geometry": { "type": "LineString", "coordinates": [ [ -62.8604, -23.2148 ], [ -62.8364, -23.2494 ] ] } },
{ "type": "Feature", "properties": { "nombre": "Camino sin nombre", "longitud_km": 10.55 }, "geometry": { "type": "LineString", "coordinates": [ [ -64.0387, -23.2417 ], [ -64.042, -23.2461 ], [ -64.0523, -23.2419 ], [ -64.1206, -23.2403 ], [ -64.1371, -23.2462 ] ] } },
{ "type": "Feature", "properties": { "nombre": "Camino sin nombre", "longitud_km": 0.02 }, "geometry": { "type": "LineString", "coordinates": [ [ -63.3395, -23.2455 ], [ -63.3396, -23.2457 ] ] } },
{ "type": "Feature", "properties": { "nombre": "Camino sin nombre", "longitud_km": 5.59 }, "geometry": { "type": "LineString", "coordinates": [ [ -62.4325, -23.3237 ], [ -62.4872, -23.3248 ] ] } },
{ "type": "Feature", "properties": { "nombre": "Camino sin nombre", "longitud_km": 5.7 }, "geometry": { "type": "LineString", "coordinates": [ [ -64.2278, -23.2454 ], [ -64.2096, -23.232 ], [ -64.1884, -23.2352 ], [ -64.1829, -23.2439 ] ] } },
{ "type": "Feature", "properties": { "nombre": "Camino sin nombre", "longitud_km": 16.28 }, "geometry": { "type": "LineString", "coordinates": [ [ -64.3171, -23.1427 ], [ -64.274, -23.149 ], [ -64.2435, -23.2286 ], [ -64.2278, -23.2454 ] ] } },
{ "type": "Feature", "properties": { "nombre": "Camino sin nombre", "longitud_km": 3.06 }, "geometry": { "type": "LineString", "coordinates": [ [ -62.5094, -23.2519 ], [ -62.4825, -23.2397 ] ] } },
{ "type": "Feature", "properties": { "nombre": "Camino sin nombre", "longitud_km": 7.86 }, "geometry": { "type": "LineString", "coordinates": [ [ -62.5094, -23.2519 ], [ -62.526, -23.1826 ] ] } },
{ "type": "Feature", "properties": { "nombre": "Camino sin nombre", "longitud_km": 0.96 }, "geometry": { "type": "LineString", "coordinates": [ [ -64.349, -23.2473 ], [ -64.3437, -23.2401 ] ] } },
{ "type": "Feature", "properties": { "nombre": "Camino sin nombre", "longitud_km": 1.78 }, "geometry": { "type": "LineString", "coordinates": [ [ -64.363, -23.2379 ], [ -64.349, -23.2473 ] ] } },
{ "type": "Feature", "properties": { "nombre": "Camino sin nombre", "longitud_km": 4.83 }, "geometry": { "type": "LineString", "coordinates": [ [ -63.1448, -23.2549 ], [ -63.101, -23.239 ] ] } },
{ "type": "Feature", "properties": { "nombre": "Camino sin nombre", "longitud_km": 4.78 }, "geometry": { "type": "LineString", "coordinates": [ [ -62.8604, -23.2148 ], [ -62.8702, -23.2288 ], [ -62.8724, -23.2552 ] ] } },
{ "type": "Feature", "properties": { "nombre": "Camino sin nombre", "longitud_km": 11.32 }, "geometry": { "type": "LineString", "coordinates": [ [ -62.8724, -23.2552 ], [ -62.8785, -23.2366 ], [ -62.8749, -23.2183 ], [ -62.8804, -23.1937 ], [ -62.9182, -23.1764 ] ] } },
{ "type": "Feature", "properties": { "nombre": "Camino sin nombre", "longitud_km": 1.29 }, "geometry": { "type": "LineString", "coordinates": [ [ -64.2392, -23.2505 ], [ -64.2278, -23.2454 ] ] } },
{ "type": "Feature", "properties": { "nombre": "Camino sin nombre", "longitud_km": 1.04 }, "geometry": { "type": "LineString", "coordinates": [ [ -64.3224, -23.2425 ], [ -64.3283, -23.2501 ] ] } },
{ "type": "Feature", "properties": { "nombre": "Camino sin nombre", "longitud_km": 1.92 }, "geometry": { "type": "LineString", "coordinates": [ [ -64.3283, -23.2501 ], [ -64.3437, -23.2401 ] ] } },
{ "type": "Feature", "properties": { "nombre": "Camino sin nombre", "longitud_km": 2.04 }, "geometry": { "type": "LineString", "coordinates": [ [ -64.3747, -23.2529 ], [ -64.363, -23.2379 ] ] } },
{ "type": "Feature", "properties": { "nombre": "Camino sin nombre", "longitud_km": 1.64 }, "geometry": { "type": "LineString", "coordinates": [ [ -64.2957, -23.2418 ], [ -64.3051, -23.2537 ] ] } },
{ "type": "Feature", "properties": { "nombre": "Camino sin nombre", "longitud_km": 2.16 }, "geometry": { "type": "LineString", "coordinates": [ [ -64.3224, -23.2425 ], [ -64.3051, -23.2537 ] ] } },
{ "type": "Feature", "properties": { "nombre": "Camino sin nombre", "longitud_km": 4.33 }, "geometry": { "type": "LineString", "coordinates": [ [ -63.7239, -23.2364 ], [ -63.7202, -23.257 ], [ -63.7009, -23.2604 ] ] } },
{ "type": "Feature", "properties": { "nombre": "Camino sin nombre", "longitud_km": 1.36 }, "geometry": { "type": "LineString", "coordinates": [ [ -63.2994, -23.261 ], [ -63.2862, -23.2599 ] ] } },
{ "type": "Feature", "properties": { "nombre": "Camino sin nombre", "longitud_km": 10.39 }, "geometry": { "type": "LineString", "coordinates": [ [ -62.4379, -23.1939 ], [ -62.3678, -23.2617 ] ] } },
{ "type": "Feature", "properties": { "nombre": "Camino sin nombre", "longitud_km": 0.99 }, "geometry": { "type": "LineString", "coordinates": [ [ -64.3283, -23.2501 ], [ -64.334, -23.2574 ] ] } },
{ "type": "Feature", "properties": { "nombre": "Camino sin nombre", "longitud_km": 6.97 }, "geometry": { "type": "LineString", "coordinates": [ [ -63.7401, -23.2616 ], [ -63.7392, -23.25 ], [ -63.7552, -23.2419 ], [ -63.7794, -23.2158 ] ] } },
{ "type": "Feature", "properties": { "nombre": "Camino sin nombre", "longitud_km": 0.98 }, "geometry": { "type": "LineString", "coordinates": [ [ -64.3803, -23.2601 ], [ -64.3747, -23.2529 ] ] } },
{ "type": "Feature", "properties": { "nombre": "Camino sin nombre", "longitud_km": 1.7 }, "geometry": { "type": "LineString", "coordinates": [ [ -64.3939, -23.2512 ], [ -64.3803, -23.2601 ] ] } },
{ "type": "Feature", "properties": { "nombre": "Camino sin nombre", "longitud_km": 1.01 }, "geometry": { "type": "LineString", "coordinates": [ [ -64.3051, -23.2537 ], [ -64.3108, -23.2612 ] ] } },
{ "type": "Feature", "properties": { "nombre": "Camino sin nombre", "longitud_km": 2.17 }, "geometry": { "type": "LineString", "coordinates": [ [ -64.3108, -23.2612 ], [ -64.3283, -23.2501 ] ] } },
{ "type": "Feature", "properties": { "nombre": "Camino sin nombre", "longitud_km": 0.7 }, "geometry": { "type": "LineString", "coordinates": [ [ -62.7811, -23.2645 ], [ -62.7867, -23.2682 ] ] } },
{ "type": "Feature", "properties": { "nombre": "Camino sin nombre", "longitud_km": 2.04 }, "geometry": { "type": "LineString", "coordinates": [ [ -64.3602, -23.2626 ], [ -64.349, -23.2473 ] ] } },
{ "type": "Feature", "properties": { "nombre": "Camino sin nombre", "longitud_km": 1.83 }, "geometry": { "type": "LineString", "coordinates": [ [ -64.3747, -23.2529 ], [ -64.3602, -23.2626 ] ] } },
{ "type": "Feature", "properties": { "nombre": "Camino sin nombre", "longitud_km": 3.32 }, "geometry": { "type": "LineString", "coordinates": [ [ -63.2875, -23.2715 ], [ -63.2684, -23.2695 ], [ -63.2571, -23.2631 ] ] } },
{ "type": "Feature", "properties": { "nombre": "Camino sin nombre", "longitud_km": 1.07 }, "geometry": { "type": "LineString", "coordinates": [ [ -63.2083, -23.2712 ], [ -63.1979, -23.2699 ] ] } },
{ "type": "Feature", "properties": { "nombre": "Camino sin nombre", "longitud_km": 0.78 }, "geometry": { "type": "LineString", "coordinates": [ [ -64.3847, -23.2658 ], [ -64.3803, -23.2601 ] ] } },
{ "type": "Feature", "properties": { "nombre": "Camino sin nombre", "longitud_km": 1.73 }, "geometry": { "type": "LineString", "coordinates": [ [ -64.3981, -23.2562 ], [ -64.3847, -23.2658 ] ] } },
{ "type": "Feature", "properties": { "nombre": "Camino sin nombre", "longitud_km": 2.01 }, "geometry": { "type": "LineString", "coordinates": [ [ -64.4044, -23.2649 ], [ -64.3847, -23.2658 ] ] } },
{ "type": "Feature", "properties": { "nombre": "Camino sin nombre", "longitud_km": 1.21 }, "geometry": { "type": "LineString", "coordinates": [ [ -64.3803, -23.2601 ], [ -64.3707, -23.2664 ] ] } },
{ "type": "Feature", "properties": { "nombre": "Camino sin nombre", "longitud_km": 1.44 }, "geometry": { "type": "LineString", "coordinates": [ [ -64.3847, -23.2658 ], [ -64.3707, -23.2664 ] ] } },
{ "type": "Feature", "properties": { "nombre": "Camino sin nombre", "longitud_km": 1.15 }, "geometry": { "type": "LineString", "coordinates": [ [ -64.3707, -23.2664 ], [ -64.3602, -23.2626 ] ] } },
{ "type": "Feature", "properties": { "nombre": "Camino sin nombre", "longitud_km": 1.55 }, "geometry": { "type": "LineString", "coordinates": [ [ -64.2842, -23.2674 ], [ -64.275, -23.2562 ] ] } },
{ "type": "Feature", "properties": { "nombre": "Camino sin nombre", "longitud_km": 2.62 }, "geometry": { "type": "LineString", "coordinates": [ [ -64.3051, -23.2537 ], [ -64.2842, -23.2674 ] ] } },
{ "type": "Feature", "properties": { "nombre": "Camino sin nombre", "longitud_km": 6.11 }, "geometry": { "type": "LineString", "coordinates": [ [ -63.1979, -23.2699 ], [ -63.1728, -23.2734 ], [ -63.1448, -23.2549 ] ] } },
{ "type": "Feature", "properties": { "nombre": "Camino sin nombre", "longitud_km": 1.05 }, "geometry": { "type": "LineString", "coordinates": [ [ -64.3108, -23.2612 ], [ -64.3168, -23.2689 ] ] } },
{ "type": "Feature", "properties": { "nombre": "Camino sin nombre", "longitud_km": 2.17 }, "geometry": { "type": "LineString", "coordinates": [ [ -64.334, -23.2574 ], [ -64.3168, -23.2689 ] ] } },
{ "type": "Feature", "properties": { "nombre": "Camino sin nombre", "longitud_km": 1.92 }, "geometry": { "type": "LineString", "coordinates": [ [ -63.3225, -23.2662 ], [ -63.3051, -23.2726 ] ] } },
{ "type": "Feature", "properties": { "nombre": "Camino sin nombre", "longitud_km": 1.63 }, "geometry": { "type": "LineString", "coordinates": [ [ -64.334, -23.2574 ], [ -64.3434, -23.2693 ] ] } },
{ "type": "Feature", "properties": { "nombre": "Camino sin nombre", "longitud_km": 3.42 }, "geometry": { "type": "LineString", "coordinates": [ [ -63.2574, -23.2624 ], [ -63.2418, -23.264 ], [ -63.2288, -23.2752 ] ] } },
{ "type": "Feature", "properties": { "nombre": "Camino sin nombre", "longitud_km": 1.87 }, "geometry": { "type": "LineString", "coordinates": [ [ -64.3602, -23.2626 ], [ -64.3434, -23.2693 ] ] } },
{ "type": "Feature", "properties": { "nombre": "Camino sin nombre", "longitud_km": 9.17 }, "geometry": { "type": "LineString", "coordinates": [ [ -62.6547, -23.2385 ], [ -62.6773, -23.2383 ], [ -62.7019, -23.2533 ], [ -62.7285, -23.2777 ] ] } },
{ "type": "Feature", "properties": { "nombre": "Camino sin nombre", "longitud_km": 6.73 }, "geometry": { "type": "LineString", "coordinates": [ [ -62.7285, -23.2777 ], [ -62.717, -23.2179 ] ] } },
{ "type": "Feature", "properties": { "nombre": "Camino sin nombre", "longitud_km": 1.39 }, "geometry": { "type": "LineString", "coordinates": [ [ -63.3244, -23.2781 ], [ -63.3222, -23.2656 ] ] } },
{ "type": "Feature", "properties": { "nombre": "Camino sin nombre", "longitud_km": 3.2 }, "geometry": { "type": "LineString", "coordinates": [ [ -63.342, -23.2497 ], [ -63.3363, -23.2782 ] ] } },
{ "type": "Feature", "properties": { "nombre": "Camino sin nombre", "longitud_km": 0.67 }, "geometry": { "type": "LineString", "coordinates": [ [ -64.3168, -23.2689 ], [ -64.3206, -23.2738 ] ] } },
{ "type": "Feature", "properties": { "nombre": "Camino sin nombre", "longitud_km": 2.39 }, "geometry": { "type": "LineString", "coordinates": [ [ -64.3434, -23.2693 ], [ -64.3206, -23.2738 ] ] } },
{ "type": "Feature", "properties": { "nombre": "Camino sin nombre", "longitud_km": 1.03 }, "geometry": { "type": "LineString", "coordinates": [ [ -64.2902, -23.2748 ], [ -64.2842, -23.2674 ] ] } },
{ "type": "Feature", "properties": { "nombre": "Camino sin nombre", "longitud_km": 2.6 }, "geometry": { "type": "LineString", "coordinates": [ [ -64.2902, -23.2748 ], [ -64.3108, -23.2612 ] ] } },
{ "type": "Feature", "properties": { "nombre": "Camino sin nombre", "longitud_km": 1.22 }, "geometry": { "type": "LineString", "coordinates": [ [ -63.3244, -23.2781 ], [ -63.3363, -23.2782 ] ] } },
{ "type": "Feature", "properties": { "nombre": "Camino sin nombre", "longitud_km": 4.24 }, "geometry": { "type": "LineString", "coordinates": [ [ -64.2278, -23.2454 ], [ -64.2029, -23.276 ] ] } },
{ "type": "Feature", "properties": { "nombre": "Camino sin nombre", "longitud_km": 1.23 }, "geometry": { "type": "LineString", "coordinates": [ [ -63.597, -23.2805 ], [ -63.6062, -23.2734 ] ] } },
{ "type": "Feature", "properties": { "nombre": "Camino sin nombre", "longitud_km": 0.72 }, "geometry": { "type": "LineString", "coordinates": [ [ -62.7342, -23.2816 ], [ -62.7285, -23.2777 ] ] } },
{ "type": "Feature", "properties": { "nombre": "Camino sin nombre", "longitud_km": 1.56 }, "geometry": { "type": "LineString", "coordinates": [ [ -63.1979, -23.2699 ], [ -63.1915, -23.2826 ] ] } },
{ "type": "Feature", "properties": { "nombre": "Camino sin nombre", "longitud_km": 0.35 }, "geometry": { "type": "LineString", "coordinates": [ [ -64.2922, -23.2774 ], [ -64.2902, -23.2748 ] ] } },
{ "type": "Feature", "properties": { "nombre": "Camino sin nombre", "longitud_km": 8.9 }, "geometry": { "type": "LineString", "coordinates": [ [ -63.6272, -23.283 ], [ -63.6213, -23.2771 ], [ -63.6374, -23.2447 ], [ -63.6174, -23.2131 ] ] } },
{ "type": "Feature", "properties": { "nombre": "Camino sin nombre", "longitud_km": 1.97 }, "geometry": { "type": "LineString", "coordinates": [ [ -64.3168, -23.2689 ], [ -64.3013, -23.2793 ] ] } },
{ "type": "Feature", "properties": { "nombre": "Camino sin nombre", "longitud_km": 2.07 }, "geometry": { "type": "LineString", "coordinates": [ [ -64.3206, -23.2738 ], [ -64.3013, -23.2793 ] ] } },
{ "type": "Feature", "properties": { "nombre": "Camino sin nombre", "longitud_km": 0.96 }, "geometry": { "type": "LineString", "coordinates": [ [ -64.3013, -23.2793 ], [ -64.2922, -23.2774 ] ] } },
{ "type": "Feature", "properties": { "nombre": "Camino sin nombre", "longitud_km": 3.79 }, "geometry": { "type": "LineString", "coordinates": [ [ -62.5002, -23.285 ], [ -62.5094, -23.2519 ] ] } },
{ "type": "Feature", "properties": { "nombre": "Camino sin nombre", "longitud_km": 2.13 }, "geometry": { "type": "LineString", "coordinates": [ [ -62.5203, -23.2798 ], [ -62.5002, -23.285 ] ] } },
{ "type": "Feature", "properties": { "nombre": "Camino sin nombre", "longitud_km": 2.48 }, "geometry": { "type": "LineString", "coordinates": [ [ -63.1915, -23.2826 ], [ -63.1822, -23.2802 ], [ -63.1693, -23.2863 ] ] } },
{ "type": "Feature", "properties": { "nombre": "Camino sin nombre", "longitud_km": 0.91 }, "geometry": { "type": "LineString", "coordinates": [ [ -63.3363, -23.2782 ], [ -63.3382, -23.2862 ] ] } },
{ "type": "Feature", "properties": { "nombre": "Camino sin nombre", "longitud_km": 3.94 }, "geometry": { "type": "LineString", "coordinates": [ [ -62.8724, -23.2552 ], [ -62.8765, -23.2906 ] ] } },
{ "type": "Feature", "properties": { "nombre": "Camino sin nombre", "longitud_km": 10.3 }, "geometry": { "type": "LineString", "coordinates": [ [ -62.9223, -23.2169 ], [ -62.9096, -23.2399 ], [ -62.9062, -23.2747 ], [ -62.8932, -23.2853 ], [ -62.8765, -23.2906 ] ] } },
{ "type": "Feature", "properties": { "nombre": "Camino sin nombre", "longitud_km": 3.28 }, "geometry": { "type": "LineString", "coordinates": [ [ -62.6224, -23.3273 ], [ -62.6016, -23.3048 ] ] } },
{ "type": "Feature", "properties": { "nombre": "Camino sin nombre", "longitud_km": 4.6 }, "geometry": { "type": "LineString", "coordinates": [ [ -62.4872, -23.3248 ], [ -62.5002, -23.285 ] ] } },
{ "type": "Feature", "properties": { "nombre": "Camino sin nombre", "longitud_km": 4.48 }, "geometry": { "type": "LineString", "coordinates": [ [ -63.3796, -23.2836 ], [ -63.3591, -23.2913 ], [ -63.3382, -23.2862 ] ] } },
{ "type": "Feature", "properties": { "nombre": "Camino sin nombre", "longitud_km": 7.98 }, "geometry": { "type": "LineString", "coordinates": [ [ -62.6581, -23.5097 ], [ -62.6997, -23.4487 ] ] } },
{ "type": "Feature", "properties": { "nombre": "Camino sin nombre", "longitud_km": 3.6 }, "geometry": { "type": "LineString", "coordinates": [ [ -62.7867, -23.2682 ], [ -62.8045, -23.2853 ], [ -62.8055, -23.294 ] ] } },
{ "type": "Feature", "properties": { "nombre": "Camino sin nombre", "longitud_km": 5.87 }, "geometry": { "type": "LineString", "coordinates": [ [ -62.8364, -23.2494 ], [ -62.8055, -23.294 ] ] } },
{ "type": "Feature", "properties": { "nombre": "Camino sin nombre", "longitud_km": 1.57 }, "geometry": { "type": "LineString", "coordinates": [ [ -62.7342, -23.2816 ], [ -62.7275, -23.2944 ] ] } },
{ "type": "Feature", "properties": { "nombre": "Camino sin nombre", "longitud_km": 9.93 }, "geometry": { "type": "LineString", "coordinates": [ [ -63.5805, -23.2975 ], [ -63.5728, -23.2866 ], [ -63.5751, -23.2657 ], [ -63.5661, -23.2481 ], [ -63.5699, -23.2121 ] ] } },
{ "type": "Feature", "properties": { "nombre": "Camino sin nombre", "longitud_km": 2.53 }, "geometry": { "type": "LineString", "coordinates": [ [ -63.5805, -23.2975 ], [ -63.597, -23.2805 ] ] } },
{ "type": "Feature", "properties": { "nombre": "Camino sin nombre", "longitud_km": 5.0 }, "geometry": { "type": "LineString", "coordinates": [ [ -63.3382, -23.2862 ], [ -63.3411, -23.2971 ], [ -63.3365, -23.3019 ], [ -63.3281, -23.2945 ], [ -63.3244, -23.2781 ] ] } },
{ "type": "Feature", "properties": { "nombre": "Camino sin nombre", "longitud_km": 7.66 }, "geometry": { "type": "LineString", "coordinates": [ [ -64.2922, -23.2774 ], [ -64.2201, -23.2964 ] ] } },
{ "type": "Feature", "properties": { "nombre": "Camino sin nombre", "longitud_km": 6.34 }, "geometry": { "type": "LineString", "coordinates": [ [ -62.4121, -23.3018 ], [ -62.3678, -23.2617 ] ] } },
{ "type": "Feature", "properties": { "nombre": "Camino sin nombre", "longitud_km": 10.06 }, "geometry": { "type": "LineString", "coordinates": [ [ -62.4121, -23.3018 ], [ -62.4392, -23.2862 ], [ -62.4825, -23.2397 ] ] } },
{ "type": "Feature", "properties": { "nombre": "Camino sin nombre", "longitud_km": 6.98 }, "geometry": { "type": "LineString", "coordinates": [ [ -63.8223, -23.239 ], [ -63.8337, -23.3011 ] ] } },
{ "type": "Feature", "properties": { "nombre": "Camino sin nombre", "longitud_km": 13.98 }, "geometry": { "type": "LineString", "coordinates": [ [ -63.0136, -23.3242 ], [ -62.9926, -23.3116 ], [ -62.9863, -23.3019 ], [ -62.983, -23.2824 ], [ -62.9587, -23.2541 ], [ -62.9629, -23.238 ], [ -62.9538, -23.2206 ] ] } },
{ "type": "Feature", "properties": { "nombre": "Camino sin nombre", "longitud_km": 10.43 }, "geometry": { "type": "LineString", "coordinates": [ [ -63.949, -23.3021 ], [ -63.955, -23.2941 ], [ -63.9996, -23.2706 ], [ -64.0095, -23.2608 ], [ -64.0099, -23.2489 ], [ -64.0193, -23.241 ] ] } },
{ "type": "Feature", "properties": { "nombre": "Camino sin nombre", "longitud_km": 11.22 }, "geometry": { "type": "LineString", "coordinates": [ [ -62.6016, -23.3048 ], [ -62.5909, -23.2928 ], [ -62.5094, -23.2519 ] ] } },
{ "type": "Feature", "properties": { "nombre": "Camino sin nombre", "longitud_km": 2.35 }, "geometry": { "type": "LineString", "coordinates": [ [ -63.4905, -23.3851 ], [ -63.484, -23.4054 ] ] } },
{ "type": "Feature", "properties": { "nombre": "Camino sin nombre", "longitud_km": 9.69 }, "geometry": { "type": "LineString", "coordinates": [ [ -62.6136, -23.2339 ], [ -62.635, -23.2594 ], [ -62.6162, -23.2796 ], [ -62.6016, -23.3048 ] ] } },
{ "type": "Feature", "properties": { "nombre": "Camino sin nombre", "longitud_km": 3.87 }, "geometry": { "type": "LineString", "coordinates": [ [ -62.7603, -23.307 ], [ -62.7342, -23.2816 ] ] } },
{ "type": "Feature", "properties": { "nombre": "Camino sin nombre", "longitud_km": 7.49 }, "geometry": { "type": "LineString", "coordinates": [ [ -62.4872, -23.3248 ], [ -62.5604, -23.3261 ] ] } },
{ "type": "Feature", "properties": { "nombre": "Camino sin nombre", "longitud_km": 5.59 }, "geometry": { "type": "LineString", "coordinates": [ [ -62.7603, -23.307 ], [ -62.773, -23.2714 ], [ -62.7867, -23.2682 ] ] } },
{ "type": "Feature", "properties": { "nombre": "Camino sin nombre", "longitud_km": 10.51 }, "geometry": { "type": "LineString", "coordinates": [ [ -62.4624, -23.4108 ], [ -62.4541, -23.4031 ], [ -62.4566, -23.38 ], [ -62.4427, -23.3399 ], [ -62.4325, -23.3237 ] ] } },
{ "type": "Feature", "properties": { "nombre": "Camino sin nombre", "longitud_km": 4.8 }, "geometry": { "type": "LineString", "coordinates": [ [ -63.2272, -23.309 ], [ -63.2217, -23.284 ], [ -63.2083, -23.2712 ] ] } },
{ "type": "Feature", "properties": { "nombre": "Camino sin nombre", "longitud_km": 6.75 }, "geometry": { "type": "LineString", "coordinates": [ [ -62.8399, -23.3102 ], [ -62.8364, -23.2494 ] ] } },
{ "type": "Feature", "properties": { "nombre": "Camino sin nombre", "longitud_km": 4.44 }, "geometry": { "type": "LineString", "coordinates": [ [ -62.8765, -23.2906 ], [ -62.8585, -23.2952 ], [ -62.8399, -23.3102 ] ] } },
{ "type": "Feature", "properties": { "nombre": "Camino sin nombre", "longitud_km": 10.44 }, "geometry": { "type": "LineString", "coordinates": [ [ -63.0929, -23.3156 ], [ -63.0815, -23.3052 ], [ -63.0751, -23.2891 ], [ -63.0588, -23.2286 ] ] } },
{ "type": "Feature", "properties": { "nombre": "Camino sin nombre", "longitud_km": 8.7 }, "geometry": { "type": "LineString", "coordinates": [ [ -63.101, -23.239 ], [ -63.0979, -23.2647 ], [ -63.0895, -23.2823 ], [ -63.0929, -23.3156 ] ] } },
{ "type": "Feature", "properties": { "nombre": "Camino sin nombre", "longitud_km": 4.83 }, "geometry": { "type": "LineString", "coordinates": [ [ -62.8055, -23.294 ], [ -62.8118, -23.3087 ], [ -62.8206, -23.3139 ], [ -62.8399, -23.3102 ] ] } },
{ "type": "Feature", "properties": { "nombre": "Camino sin nombre", "longitud_km": 4.04 }, "geometry": { "type": "LineString", "coordinates": [ [ -63.6442, -23.316 ], [ -63.6272, -23.283 ] ] } },
{ "type": "Feature", "properties": { "nombre": "Camino sin nombre", "longitud_km": 12.02 }, "geometry": { "type": "LineString", "coordinates": [ [ -64.1436, -23.2674 ], [ -64.1345, -23.286 ], [ -64.1386, -23.3036 ], [ -64.1964, -23.3149 ], [ -64.2129, -23.3115 ] ] } },
{ "type": "Feature", "properties": { "nombre": "Camino sin nombre", "longitud_km": 7.09 }, "geometry": { "type": "LineString", "coordinates": [ [ -63.2114, -23.3167 ], [ -63.2122, -23.33 ], [ -63.2443, -23.3205 ], [ -63.2272, -23.309 ] ] } },
{ "type": "Feature", "properties": { "nombre": "Camino sin nombre", "longitud_km": 1.82 }, "geometry": { "type": "LineString", "coordinates": [ [ -62.767, -23.3221 ], [ -62.7603, -23.307 ] ] } },
{ "type": "Feature", "properties": { "nombre": "Camino sin nombre", "longitud_km": 3.2 }, "geometry": { "type": "LineString", "coordinates": [ [ -62.4325, -23.3237 ], [ -62.4121, -23.3018 ] ] } },
{ "type": "Feature", "properties": { "nombre": "Camino sin nombre", "longitud_km": 9.43 }, "geometry": { "type": "LineString", "coordinates": [ [ -62.6548, -23.243 ], [ -62.6563, -23.3281 ] ] } },
{ "type": "Feature", "properties": { "nombre": "Camino sin nombre", "longitud_km": 0.03 }, "geometry": { "type": "LineString", "coordinates": [ [ -62.6563, -23.3281 ], [ -62.6566, -23.3281 ] ] } },
{ "type": "Feature", "properties": { "nombre": "Camino sin nombre", "longitud_km": 10.18 }, "geometry": { "type": "LineString", "coordinates": [ [ -62.6581, -23.5097 ], [ -62.6582, -23.4177 ] ] } },
{ "type": "Feature", "properties": { "nombre": "Camino sin nombre", "longitud_km": 5.54 }, "geometry": { "type": "LineString", "coordinates": [ [ -62.6566, -23.3281 ], [ -62.6973, -23.3291 ], [ -62.705, -23.3392 ] ] } },
{ "type": "Feature", "properties": { "nombre": "Camino sin nombre", "longitud_km": 5.47 }, "geometry": { "type": "LineString", "coordinates": [ [ -62.7275, -23.2944 ], [ -62.705, -23.3392 ] ] } },
{ "type": "Feature", "properties": { "nombre": "Camino sin nombre", "longitud_km": 0.99 }, "geometry": { "type": "LineString", "coordinates": [ [ -62.705, -23.3392 ], [ -62.6997, -23.3466 ] ] } },
{ "type": "Feature", "properties": { "nombre": "Camino sin nombre", "longitud_km": 5.69 }, "geometry": { "type": "LineString", "coordinates": [ [ -64.1365, -23.3037 ], [ -64.1389, -23.3197 ], [ -64.174, -23.3333 ] ] } },
{ "type": "Feature", "properties": { "nombre": "Camino sin nombre", "longitud_km": 7.77 }, "geometry": { "type": "LineString", "coordinates": [ [ -62.8415, -23.3507 ], [ -62.7799, -23.3316 ], [ -62.774, -23.3401 ] ] } },
{ "type": "Feature", "properties": { "nombre": "Camino sin nombre", "longitud_km": 4.49 }, "geometry": { "type": "LineString", "coordinates": [ [ -62.8415, -23.3507 ], [ -62.8399, -23.3102 ] ] } },
{ "type": "Feature", "properties": { "nombre": "Camino sin nombre", "longitud_km": 6.33 }, "geometry": { "type": "LineString", "coordinates": [ [ -63.5805, -23.3499 ], [ -63.5689, -23.3144 ], [ -63.5805, -23.2975 ] ] } },
{ "type": "Feature", "properties": { "nombre": "Camino sin nombre", "longitud_km": 4.38 }, "geometry": { "type": "LineString", "coordinates": [ [ -63.0958, -23.3524 ], [ -63.1002, -23.3237 ], [ -63.0929, -23.3156 ] ] } },
{ "type": "Feature", "properties": { "nombre": "Camino sin nombre", "longitud_km": 12.75 }, "geometry": { "type": "LineString", "coordinates": [ [ -63.0958, -23.3524 ], [ -63.1092, -23.3321 ], [ -63.1197, -23.3273 ], [ -63.1389, -23.307 ], [ -63.1463, -23.2922 ], [ -63.1448, -23.2549 ] ] } },
{ "type": "Feature", "properties": { "nombre": "Camino sin nombre", "longitud_km": 3.56 }, "geometry": { "type": "LineString", "coordinates": [ [ -63.5163, -23.3976 ], [ -63.5246, -23.3848 ], [ -63.5254, -23.3676 ] ] } },
{ "type": "Feature", "properties": { "nombre": "Camino sin nombre", "longitud_km": 1.11 }, "geometry": { "type": "LineString", "coordinates": [ [ -63.4253, -23.7263 ], [ -63.4351, -23.7307 ] ] } },
{ "type": "Feature", "properties": { "nombre": "Camino sin nombre", "longitud_km": 10.83 }, "geometry": { "type": "LineString", "coordinates": [ [ -64.119, -23.3333 ], [ -64.1049, -23.3198 ], [ -64.0952, -23.3166 ], [ -64.0764, -23.3224 ], [ -64.0575, -23.3187 ], [ -64.0341, -23.332 ], [ -64.0255, -23.3317 ] ] } },
{ "type": "Feature", "properties": { "nombre": "Camino sin nombre", "longitud_km": 2.48 }, "geometry": { "type": "LineString", "coordinates": [ [ -63.9679, -23.3534 ], [ -63.968, -23.331 ] ] } },
{ "type": "Feature", "properties": { "nombre": "Camino sin nombre", "longitud_km": 2.61 }, "geometry": { "type": "LineString", "coordinates": [ [ -63.9554, -23.3311 ], [ -63.96, -23.3543 ] ] } },
{ "type": "Feature", "properties": { "nombre": "Camino sin nombre", "longitud_km": 7.03 }, "geometry": { "type": "LineString", "coordinates": [ [ -63.0045, -23.4013 ], [ -62.9393, -23.381 ] ] } },
{ "type": "Feature", "properties": { "nombre": "Camino sin nombre", "longitud_km": 9.56 }, "geometry": { "type": "LineString", "coordinates": [ [ -63.0134, -23.3245 ], [ -63.08, -23.3477 ], [ -63.0941, -23.3636 ] ] } },
{ "type": "Feature", "properties": { "nombre": "Camino sin nombre", "longitud_km": 1.46 }, "geometry": { "type": "LineString", "coordinates": [ [ -63.095, -23.3656 ], [ -63.0958, -23.3524 ] ] } },
{ "type": "Feature", "properties": { "nombre": "Camino sin nombre", "longitud_km": 4.02 }, "geometry": { "type": "LineString", "coordinates": [ [ -62.6572, -23.3644 ], [ -62.6566, -23.3281 ] ] } },
{ "type": "Feature", "properties": { "nombre": "Camino sin nombre", "longitud_km": 6.85 }, "geometry": { "type": "LineString", "coordinates": [ [ -62.5952, -23.3812 ], [ -62.6159, -23.3575 ], [ -62.608, -23.3269 ] ] } },
{ "type": "Feature", "properties": { "nombre": "Camino sin nombre", "longitud_km": 15.73 }, "geometry": { "type": "LineString", "coordinates": [ [ -63.5267, -23.3671 ], [ -63.5064, -23.3417 ], [ -63.5038, -23.3071 ], [ -63.4994, -23.2997 ], [ -63.507, -23.281 ], [ -63.5407, -23.2452 ] ] } },
{ "type": "Feature", "properties": { "nombre": "Camino sin nombre", "longitud_km": 5.23 }, "geometry": { "type": "LineString", "coordinates": [ [ -63.1886, -23.3277 ], [ -63.1936, -23.3629 ], [ -63.2041, -23.3693 ] ] } },
{ "type": "Feature", "properties": { "nombre": "Camino sin nombre", "longitud_km": 10.09 }, "geometry": { "type": "LineString", "coordinates": [ [ -63.0901, -23.3705 ], [ -63.053, -23.3593 ], [ -63.0385, -23.3492 ], [ -63.0274, -23.3498 ], [ -63.0135, -23.3248 ] ] } },
{ "type": "Feature", "properties": { "nombre": "Camino sin nombre", "longitud_km": 4.61 }, "geometry": { "type": "LineString", "coordinates": [ [ -62.705, -23.3392 ], [ -62.7174, -23.353 ], [ -62.7242, -23.3536 ], [ -62.7302, -23.3701 ] ] } },
{ "type": "Feature", "properties": { "nombre": "Camino sin nombre", "longitud_km": 2.98 }, "geometry": { "type": "LineString", "coordinates": [ [ -63.4905, -23.3851 ], [ -63.5163, -23.3976 ] ] } },
{ "type": "Feature", "properties": { "nombre": "Camino sin nombre", "longitud_km": 5.12 }, "geometry": { "type": "LineString", "coordinates": [ [ -62.9003, -23.3877 ], [ -62.8525, -23.4017 ] ] } },
{ "type": "Feature", "properties": { "nombre": "Camino sin nombre", "longitud_km": 8.95 }, "geometry": { "type": "LineString", "coordinates": [ [ -62.9245, -23.3765 ], [ -62.8415, -23.3507 ] ] } },
{ "type": "Feature", "properties": { "nombre": "Camino sin nombre", "longitud_km": 2.19 }, "geometry": { "type": "LineString", "coordinates": [ [ -63.7909, -23.3578 ], [ -63.791, -23.3776 ] ] } },
{ "type": "Feature", "properties": { "nombre": "Camino sin nombre", "longitud_km": 1.59 }, "geometry": { "type": "LineString", "coordinates": [ [ -62.9393, -23.381 ], [ -62.9245, -23.3765 ] ] } },
{ "type": "Feature", "properties": { "nombre": "Camino sin nombre", "longitud_km": 0.97 }, "geometry": { "type": "LineString", "coordinates": [ [ -62.9245, -23.3765 ], [ -62.9168, -23.3815 ] ] } },
{ "type": "Feature", "properties": { "nombre": "Camino sin nombre", "longitud_km": 10.09 }, "geometry": { "type": "LineString", "coordinates": [ [ -62.3687, -23.3803 ], [ -62.374, -23.3638 ], [ -62.3906, -23.3426 ], [ -62.3962, -23.3153 ], [ -62.4121, -23.3018 ] ] } },
{ "type": "Feature", "properties": { "nombre": "Camino sin nombre", "longitud_km": 0.34 }, "geometry": { "type": "LineString", "coordinates": [ [ -62.658, -23.5127 ], [ -62.6581, -23.5097 ] ] } },
{ "type": "Feature", "properties": { "nombre": "Camino sin nombre", "longitud_km": 10.49 }, "geometry": { "type": "LineString", "coordinates": [ [ -63.7909, -23.3578 ], [ -63.7839, -23.3471 ], [ -63.7683, -23.3387 ], [ -63.7602, -23.346 ], [ -63.736, -23.353 ], [ -63.7331, -23.3583 ], [ -63.7445, -23.3819 ] ] } },
{ "type": "Feature", "properties": { "nombre": "Camino sin nombre", "longitud_km": 2.07 }, "geometry": { "type": "LineString", "coordinates": [ [ -62.9168, -23.3815 ], [ -62.9083, -23.3799 ], [ -62.9003, -23.3877 ] ] } },
{ "type": "Feature", "properties": { "nombre": "Camino sin nombre", "longitud_km": 7.62 }, "geometry": { "type": "LineString", "coordinates": [ [ -62.5952, -23.3812 ], [ -62.611, -23.38 ], [ -62.6307, -23.3875 ], [ -62.6481, -23.3777 ], [ -62.6572, -23.3644 ] ] } },
{ "type": "Feature", "properties": { "nombre": "Camino sin nombre", "longitud_km": 10.85 }, "geometry": { "type": "LineString", "coordinates": [ [ -63.5805, -23.3499 ], [ -63.596, -23.389 ], [ -63.6144, -23.3807 ], [ -63.6079, -23.3437 ] ] } },
{ "type": "Feature", "properties": { "nombre": "Camino sin nombre", "longitud_km": 2.12 }, "geometry": { "type": "LineString", "coordinates": [ [ -63.791, -23.3776 ], [ -63.8069, -23.3899 ] ] } },
{ "type": "Feature", "properties": { "nombre": "Camino sin nombre", "longitud_km": 4.16 }, "geometry": { "type": "LineString", "coordinates": [ [ -63.8445, -23.3756 ], [ -63.8069, -23.3899 ] ] } },
{ "type": "Feature", "properties": { "nombre": "Camino sin nombre", "longitud_km": 2.98 }, "geometry": { "type": "LineString", "coordinates": [ [ -63.7247, -23.3921 ], [ -63.7174, -23.3779 ], [ -63.7221, -23.3676 ] ] } },
{ "type": "Feature", "properties": { "nombre": "Camino sin nombre", "longitud_km": 10.57 }, "geometry": { "type": "LineString", "coordinates": [ [ -62.774, -23.3401 ], [ -62.7187, -23.4208 ] ] } },
{ "type": "Feature", "properties": { "nombre": "Camino sin nombre", "longitud_km": 1.89 }, "geometry": { "type": "LineString", "coordinates": [ [ -63.7076, -23.3965 ], [ -63.701, -23.3806 ] ] } },
{ "type": "Feature", "properties": { "nombre": "Camino sin nombre", "longitud_km": 3.7 }, "geometry": { "type": "LineString", "coordinates": [ [ -63.467, -23.7149 ], [ -63.4351, -23.7307 ] ] } },
{ "type": "Feature", "properties": { "nombre": "Camino sin nombre", "longitud_km": 3.78 }, "geometry": { "type": "LineString", "coordinates": [ [ -63.5163, -23.3976 ], [ -63.5208, -23.4018 ], [ -63.526, -23.4296 ] ] } },
{ "type": "Feature", "properties": { "nombre": "Camino sin nombre", "longitud_km": 9.67 }, "geometry": { "type": "LineString", "coordinates": [ [ -63.4905, -23.3851 ], [ -63.4868, -23.3716 ], [ -63.4596, -23.3653 ], [ -63.447, -23.385 ], [ -63.4434, -23.4094 ] ] } },
{ "type": "Feature", "properties": { "nombre": "Camino sin nombre", "longitud_km": 4.2 }, "geometry": { "type": "LineString", "coordinates": [ [ -62.5761, -23.4102 ], [ -62.5813, -23.4072 ], [ -62.5814, -23.3911 ], [ -62.5952, -23.3812 ] ] } },
{ "type": "Feature", "properties": { "nombre": "Camino sin nombre", "longitud_km": 2.51 }, "geometry": { "type": "LineString", "coordinates": [ [ -63.7247, -23.3921 ], [ -63.7313, -23.4139 ] ] } },
{ "type": "Feature", "properties": { "nombre": "Camino sin nombre", "longitud_km": 7.47 }, "geometry": { "type": "LineString", "coordinates": [ [ -63.7313, -23.4139 ], [ -63.7444, -23.4103 ], [ -63.7769, -23.3827 ], [ -63.791, -23.3776 ] ] } },
{ "type": "Feature", "properties": { "nombre": "Camino sin nombre", "longitud_km": 20.7 }, "geometry": { "type": "LineString", "coordinates": [ [ -63.3188, -23.4842 ], [ -63.325, -23.4664 ], [ -63.3216, -23.4465 ], [ -63.3097, -23.4257 ], [ -63.2957, -23.416 ], [ -63.3001, -23.4043 ], [ -63.2979, -23.3705 ], [ -63.2755, -23.3303 ], [ -63.2584, -23.3241 ] ] } },
{ "type": "Feature", "properties": { "nombre": "Camino sin nombre", "longitud_km": 5.91 }, "geometry": { "type": "LineString", "coordinates": [ [ -62.6582, -23.4177 ], [ -62.6572, -23.3644 ] ] } },
{ "type": "Feature", "properties": { "nombre": "Camino sin nombre", "longitud_km": 15.23 }, "geometry": { "type": "LineString", "coordinates": [ [ -62.5604, -23.3261 ], [ -62.569, -23.3387 ], [ -62.5634, -23.3514 ], [ -62.5541, -23.3532 ], [ -62.544, -23.3627 ], [ -62.5449, -23.4175 ], [ -62.5494, -23.4207 ], [ -62.5761, -23.4102 ] ] } },
{ "type": "Feature", "properties": { "nombre": "Camino sin nombre", "longitud_km": 5.28 }, "geometry": { "type": "LineString", "coordinates": [ [ -62.9003, -23.3877 ], [ -62.8868, -23.4148 ], [ -62.8691, -23.4217 ] ] } },
{ "type": "Feature", "properties": { "nombre": "Camino sin nombre", "longitud_km": 2.93 }, "geometry": { "type": "LineString", "coordinates": [ [ -63.7313, -23.4139 ], [ -63.741, -23.4388 ] ] } },
{ "type": "Feature", "properties": { "nombre": "Camino sin nombre", "longitud_km": 1.27 }, "geometry": { "type": "LineString", "coordinates": [ [ -63.6497, -23.4568 ], [ -63.6488, -23.4682 ] ] } },
{ "type": "Feature", "properties": { "nombre": "Camino sin nombre", "longitud_km": 9.16 }, "geometry": { "type": "LineString", "coordinates": [ [ -63.8069, -23.3899 ], [ -63.7894, -23.3969 ], [ -63.7771, -23.4225 ], [ -63.741, -23.4388 ] ] } },
{ "type": "Feature", "properties": { "nombre": "Camino sin nombre", "longitud_km": 0.03 }, "geometry": { "type": "LineString", "coordinates": [ [ -63.741, -23.4388 ], [ -63.7408, -23.439 ] ] } },
{ "type": "Feature", "properties": { "nombre": "Camino sin nombre", "longitud_km": 5.69 }, "geometry": { "type": "LineString", "coordinates": [ [ -63.063, -23.4192 ], [ -63.1127, -23.4424 ] ] } },
{ "type": "Feature", "properties": { "nombre": "Camino sin nombre", "longitud_km": 8.67 }, "geometry": { "type": "LineString", "coordinates": [ [ -63.1127, -23.4424 ], [ -63.118, -23.4135 ], [ -63.1027, -23.3866 ], [ -63.0966, -23.3889 ], [ -63.0906, -23.3777 ] ] } },
{ "type": "Feature", "properties": { "nombre": "Camino sin nombre", "longitud_km": 8.5 }, "geometry": { "type": "LineString", "coordinates": [ [ -63.2067, -23.4453 ], [ -63.1988, -23.4298 ], [ -63.1964, -23.4044 ], [ -63.2018, -23.3706 ] ] } },
{ "type": "Feature", "properties": { "nombre": "Camino sin nombre", "longitud_km": 4.7 }, "geometry": { "type": "LineString", "coordinates": [ [ -62.4367, -23.4459 ], [ -62.4624, -23.4108 ] ] } },
{ "type": "Feature", "properties": { "nombre": "Camino sin nombre", "longitud_km": 6.97 }, "geometry": { "type": "LineString", "coordinates": [ [ -62.6582, -23.4177 ], [ -62.6836, -23.4154 ], [ -62.6856, -23.4375 ], [ -62.6997, -23.4487 ] ] } },
{ "type": "Feature", "properties": { "nombre": "Camino sin nombre", "longitud_km": 3.65 }, "geometry": { "type": "LineString", "coordinates": [ [ -62.6997, -23.4487 ], [ -62.7187, -23.4208 ] ] } },
{ "type": "Feature", "properties": { "nombre": "Camino sin nombre", "longitud_km": 8.1 }, "geometry": { "type": "LineString", "coordinates": [ [ -63.2067, -23.4453 ], [ -63.2208, -23.4443 ], [ -63.237, -23.4538 ], [ -63.2383, -23.4726 ], [ -63.2497, -23.4936 ] ] } },
{ "type": "Feature", "properties": { "nombre": "Camino sin nombre", "longitud_km": 6.94 }, "geometry": { "type": "LineString", "coordinates": [ [ -63.063, -23.4192 ], [ -63.0691, -23.4316 ], [ -63.0865, -23.4357 ], [ -63.0952, -23.4449 ], [ -63.1153, -23.453 ] ] } },
{ "type": "Feature", "properties": { "nombre": "Camino sin nombre", "longitud_km": 1.2 }, "geometry": { "type": "LineString", "coordinates": [ [ -63.1153, -23.453 ], [ -63.1127, -23.4424 ] ] } },
{ "type": "Feature", "properties": { "nombre": "Camino sin nombre", "longitud_km": 2.08 }, "geometry": { "type": "LineString", "coordinates": [ [ -63.5125, -23.5095 ], [ -63.4945, -23.5184 ] ] } },
{ "type": "Feature", "properties": { "nombre": "Camino sin nombre", "longitud_km": 1.98 }, "geometry": { "type": "LineString", "coordinates": [ [ -63.1896, -23.4536 ], [ -63.2067, -23.4453 ] ] } },
{ "type": "Feature", "properties": { "nombre": "Camino sin nombre", "longitud_km": 10.91 }, "geometry": { "type": "LineString", "coordinates": [ [ -63.2035, -23.4943 ], [ -63.1127, -23.4424 ] ] } },
{ "type": "Feature", "properties": { "nombre": "Camino sin nombre", "longitud_km": 5.05 }, "geometry": { "type": "LineString", "coordinates": [ [ -62.7187, -23.4208 ], [ -62.726, -23.4414 ], [ -62.7415, -23.4605 ] ] } },
{ "type": "Feature", "properties": { "nombre": "Camino sin nombre", "longitud_km": 8.9 }, "geometry": { "type": "LineString", "coordinates": [ [ -62.8207, -23.4628 ], [ -62.8087, -23.4523 ], [ -62.7913, -23.4475 ], [ -62.7549, -23.4534 ], [ -62.7415, -23.4605 ] ] } },
{ "type": "Feature", "properties": { "nombre": "Camino sin nombre", "longitud_km": 7.82 }, "geometry": { "type": "LineString", "coordinates": [ [ -63.4571, -23.4023 ], [ -63.4727, -23.4125 ], [ -63.4723, -23.4207 ], [ -63.4805, -23.4349 ], [ -63.4826, -23.4636 ] ] } },
{ "type": "Feature", "properties": { "nombre": "Camino sin nombre", "longitud_km": 2.48 }, "geometry": { "type": "LineString", "coordinates": [ [ -62.6997, -23.4487 ], [ -62.7151, -23.466 ] ] } },
{ "type": "Feature", "properties": { "nombre": "Camino sin nombre", "longitud_km": 1.86 }, "geometry": { "type": "LineString", "coordinates": [ [ -63.4017, -23.6039 ], [ -63.4123, -23.5903 ] ] } },
{ "type": "Feature", "properties": { "nombre": "Camino sin nombre", "longitud_km": 5.9 }, "geometry": { "type": "LineString", "coordinates": [ [ -63.6722, -23.4274 ], [ -63.6873, -23.4466 ], [ -63.6924, -23.4469 ], [ -63.7048, -23.4689 ] ] } },
{ "type": "Feature", "properties": { "nombre": "Camino sin nombre", "longitud_km": 4.95 }, "geometry": { "type": "LineString", "coordinates": [ [ -63.7408, -23.439 ], [ -63.7048, -23.4689 ] ] } },
{ "type": "Feature", "properties": { "nombre": "Camino sin nombre", "longitud_km": 1.48 }, "geometry": { "type": "LineString", "coordinates": [ [ -62.7415, -23.4605 ], [ -62.742, -23.4665 ], [ -62.7489, -23.4704 ] ] } },
{ "type": "Feature", "properties": { "nombre": "Camino sin nombre", "longitud_km": 1.68 }, "geometry": { "type": "LineString", "coordinates": [ [ -62.7652, -23.4686 ], [ -62.7489, -23.4704 ] ] } },
{ "type": "Feature", "properties": { "nombre": "Camino sin nombre", "longitud_km": 5.28 }, "geometry": { "type": "LineString", "coordinates": [ [ -63.6488, -23.4682 ], [ -63.6564, -23.4697 ], [ -63.671, -23.4547 ], [ -63.6672, -23.4347 ] ] } },
{ "type": "Feature", "properties": { "nombre": "Camino sin nombre", "longitud_km": 3.43 }, "geometry": { "type": "LineString", "coordinates": [ [ -62.8207, -23.4628 ], [ -62.7979, -23.4719 ], [ -62.7894, -23.4702 ] ] } },
{ "type": "Feature", "properties": { "nombre": "Camino sin nombre", "longitud_km": 8.04 }, "geometry": { "type": "LineString", "coordinates": [ [ -62.5813, -23.4792 ], [ -62.5668, -23.445 ], [ -62.5761, -23.4102 ] ] } },
{ "type": "Feature", "properties": { "nombre": "Camino sin nombre", "longitud_km": 5.82 }, "geometry": { "type": "LineString", "coordinates": [ [ -62.8704, -23.4766 ], [ -62.8536, -23.4726 ], [ -62.8402, -23.4761 ], [ -62.8263, -23.4712 ], [ -62.8207, -23.4628 ] ] } },
{ "type": "Feature", "properties": { "nombre": "Camino sin nombre", "longitud_km": 4.72 }, "geometry": { "type": "LineString", "coordinates": [ [ -63.5603, -23.5188 ], [ -63.5818, -23.5121 ], [ -63.5959, -23.4948 ] ] } },
{ "type": "Feature", "properties": { "nombre": "Camino sin nombre", "longitud_km": 0.9 }, "geometry": { "type": "LineString", "coordinates": [ [ -63.2444, -23.5208 ], [ -63.2389, -23.5145 ] ] } },
{ "type": "Feature", "properties": { "nombre": "Camino sin nombre", "longitud_km": 13.18 }, "geometry": { "type": "LineString", "coordinates": [ [ -63.1523, -23.5574 ], [ -63.1422, -23.5418 ], [ -63.1399, -23.5231 ], [ -63.1144, -23.4964 ], [ -63.1088, -23.4789 ], [ -63.1098, -23.4576 ], [ -63.1153, -23.453 ] ] } },
{ "type": "Feature", "properties": { "nombre": "Camino sin nombre", "longitud_km": 7.13 }, "geometry": { "type": "LineString", "coordinates": [ [ -63.3935, -23.4264 ], [ -63.3888, -23.4717 ], [ -63.4007, -23.487 ] ] } },
{ "type": "Feature", "properties": { "nombre": "Camino sin nombre", "longitud_km": 12.18 }, "geometry": { "type": "LineString", "coordinates": [ [ -63.4007, -23.487 ], [ -63.425, -23.4741 ], [ -63.4376, -23.4768 ], [ -63.4509, -23.471 ], [ -63.4357, -23.4384 ], [ -63.4375, -23.4258 ], [ -63.4315, -23.4169 ] ] } },
{ "type": "Feature", "properties": { "nombre": "Camino sin nombre", "longitud_km": 6.32 }, "geometry": { "type": "LineString", "coordinates": [ [ -63.6488, -23.4682 ], [ -63.6479, -23.4761 ], [ -63.6374, -23.482 ], [ -63.6255, -23.4802 ], [ -63.6191, -23.4901 ], [ -63.6027, -23.49 ] ] } },
{ "type": "Feature", "properties": { "nombre": "Camino sin nombre", "longitud_km": 3.06 }, "geometry": { "type": "LineString", "coordinates": [ [ -62.5552, -23.4926 ], [ -62.5813, -23.4792 ] ] } },
{ "type": "Feature", "properties": { "nombre": "Camino sin nombre", "longitud_km": 3.85 }, "geometry": { "type": "LineString", "coordinates": [ [ -63.5125, -23.5095 ], [ -63.5151, -23.5205 ], [ -63.5311, -23.5242 ], [ -63.5318, -23.5324 ] ] } },
{ "type": "Feature", "properties": { "nombre": "Camino sin nombre", "longitud_km": 7.64 }, "geometry": { "type": "LineString", "coordinates": [ [ -63.2497, -23.4936 ], [ -63.2721, -23.4884 ], [ -63.2742, -23.4829 ], [ -63.2928, -23.481 ], [ -63.318, -23.4891 ] ] } },
{ "type": "Feature", "properties": { "nombre": "Camino sin nombre", "longitud_km": 5.33 }, "geometry": { "type": "LineString", "coordinates": [ [ -63.2035, -23.4943 ], [ -63.2079, -23.4875 ], [ -63.1872, -23.4594 ], [ -63.1896, -23.4536 ] ] } },
{ "type": "Feature", "properties": { "nombre": "Camino sin nombre", "longitud_km": 12.2 }, "geometry": { "type": "LineString", "coordinates": [ [ -62.4624, -23.4108 ], [ -62.4655, -23.4186 ], [ -62.4774, -23.4257 ], [ -62.4962, -23.4754 ], [ -62.5245, -23.5003 ] ] } },
{ "type": "Feature", "properties": { "nombre": "Camino sin nombre", "longitud_km": 3.34 }, "geometry": { "type": "LineString", "coordinates": [ [ -62.5245, -23.5003 ], [ -62.5316, -23.4953 ], [ -62.5552, -23.4926 ] ] } },
{ "type": "Feature", "properties": { "nombre": "Camino sin nombre", "longitud_km": 2.27 }, "geometry": { "type": "LineString", "coordinates": [ [ -63.4007, -23.487 ], [ -63.4112, -23.505 ] ] } },
{ "type": "Feature", "properties": { "nombre": "Camino sin nombre", "longitud_km": 4.25 }, "geometry": { "type": "LineString", "coordinates": [ [ -63.2389, -23.5145 ], [ -63.2035, -23.4943 ] ] } },
{ "type": "Feature", "properties": { "nombre": "Camino sin nombre", "longitud_km": 2.56 }, "geometry": { "type": "LineString", "coordinates": [ [ -63.2497, -23.4936 ], [ -63.2389, -23.5145 ] ] } },
{ "type": "Feature", "properties": { "nombre": "Camino sin nombre", "longitud_km": 10.79 }, "geometry": { "type": "LineString", "coordinates": [ [ -63.5541, -23.5204 ], [ -63.5416, -23.481 ], [ -63.5597, -23.4723 ], [ -63.5688, -23.4746 ], [ -63.5705, -23.5033 ] ] } },
{ "type": "Feature", "properties": { "nombre": "Camino sin nombre", "longitud_km": 5.68 }, "geometry": { "type": "LineString", "coordinates": [ [ -63.5472, -23.5232 ], [ -63.5287, -23.4966 ], [ -63.5125, -23.5095 ] ] } },
{ "type": "Feature", "properties": { "nombre": "Camino sin nombre", "longitud_km": 6.67 }, "geometry": { "type": "LineString", "coordinates": [ [ -63.7048, -23.4689 ], [ -63.7341, -23.5228 ] ] } },
{ "type": "Feature", "properties": { "nombre": "Camino sin nombre", "longitud_km": 11.55 }, "geometry": { "type": "LineString", "coordinates": [ [ -63.7341, -23.5228 ], [ -63.7603, -23.5108 ], [ -63.7379, -23.4738 ], [ -63.7408, -23.439 ] ] } },
{ "type": "Feature", "properties": { "nombre": "Camino sin nombre", "longitud_km": 11.01 }, "geometry": { "type": "LineString", "coordinates": [ [ -62.5813, -23.4792 ], [ -62.62, -23.5229 ], [ -62.6313, -23.528 ], [ -62.6405, -23.527 ], [ -62.6485, -23.5155 ], [ -62.658, -23.5127 ] ] } },
{ "type": "Feature", "properties": { "nombre": "Camino sin nombre", "longitud_km": 4.3 }, "geometry": { "type": "LineString", "coordinates": [ [ -63.5697, -23.5761 ], [ -63.5584, -23.5913 ], [ -63.541, -23.6039 ] ] } },
{ "type": "Feature", "properties": { "nombre": "Camino sin nombre", "longitud_km": 5.0 }, "geometry": { "type": "LineString", "coordinates": [ [ -63.3213, -23.5316 ], [ -63.3258, -23.5173 ], [ -63.3176, -23.5042 ], [ -63.318, -23.4891 ] ] } },
{ "type": "Feature", "properties": { "nombre": "Camino sin nombre", "longitud_km": 9.5 }, "geometry": { "type": "LineString", "coordinates": [ [ -63.3213, -23.5316 ], [ -63.4007, -23.487 ] ] } },
{ "type": "Feature", "properties": { "nombre": "Camino sin nombre", "longitud_km": 1.94 }, "geometry": { "type": "LineString", "coordinates": [ [ -63.3198, -23.5491 ], [ -63.3213, -23.5316 ] ] } },
{ "type": "Feature", "properties": { "nombre": "Camino sin nombre", "longitud_km": 5.01 }, "geometry": { "type": "LineString", "coordinates": [ [ -62.5245, -23.5003 ], [ -62.557, -23.5342 ] ] } },
{ "type": "Feature", "properties": { "nombre": "Camino sin nombre", "longitud_km": 4.61 }, "geometry": { "type": "LineString", "coordinates": [ [ -62.5552, -23.4926 ], [ -62.557, -23.5342 ] ] } },
{ "type": "Feature", "properties": { "nombre": "Camino sin nombre", "longitud_km": 2.98 }, "geometry": { "type": "LineString", "coordinates": [ [ -63.4945, -23.5184 ], [ -63.4714, -23.5348 ] ] } },
{ "type": "Feature", "properties": { "nombre": "Camino sin nombre", "longitud_km": 2.96 }, "geometry": { "type": "LineString", "coordinates": [ [ -63.0923, -23.5444 ], [ -63.0889, -23.5179 ] ] } },
{ "type": "Feature", "properties": { "nombre": "Camino sin nombre", "longitud_km": 3.26 }, "geometry": { "type": "LineString", "coordinates": [ [ -63.0923, -23.5444 ], [ -63.0803, -23.536 ], [ -63.0667, -23.5452 ] ] } },
{ "type": "Feature", "properties": { "nombre": "Camino sin nombre", "longitud_km": 3.37 }, "geometry": { "type": "LineString", "coordinates": [ [ -63.2878, -23.6179 ], [ -63.3002, -23.6087 ], [ -63.2943, -23.5939 ] ] } },
{ "type": "Feature", "properties": { "nombre": "Camino sin nombre", "longitud_km": 6.12 }, "geometry": { "type": "LineString", "coordinates": [ [ -63.0667, -23.5452 ], [ -63.0577, -23.5422 ], [ -63.0346, -23.5456 ], [ -63.0089, -23.5382 ] ] } },
{ "type": "Feature", "properties": { "nombre": "Camino sin nombre", "longitud_km": 2.4 }, "geometry": { "type": "LineString", "coordinates": [ [ -63.3421, -23.556 ], [ -63.3198, -23.5491 ] ] } },
{ "type": "Feature", "properties": { "nombre": "Camino sin nombre", "longitud_km": 3.44 }, "geometry": { "type": "LineString", "coordinates": [ [ -63.1859, -23.5552 ], [ -63.1523, -23.5574 ] ] } },
{ "type": "Feature", "properties": { "nombre": "Camino sin nombre", "longitud_km": 1.54 }, "geometry": { "type": "LineString", "coordinates": [ [ -63.0926, -23.5583 ], [ -63.0923, -23.5444 ] ] } },
{ "type": "Feature", "properties": { "nombre": "Camino sin nombre", "longitud_km": 4.18 }, "geometry": { "type": "LineString", "coordinates": [ [ -62.9828, -23.5504 ], [ -62.9431, -23.5596 ] ] } },
{ "type": "Feature", "properties": { "nombre": "Camino sin nombre", "longitud_km": 6.47 }, "geometry": { "type": "LineString", "coordinates": [ [ -63.0926, -23.5583 ], [ -63.1329, -23.5541 ], [ -63.1496, -23.5608 ], [ -63.1523, -23.5574 ] ] } },
{ "type": "Feature", "properties": { "nombre": "Camino sin nombre", "longitud_km": 5.73 }, "geometry": { "type": "LineString", "coordinates": [ [ -63.4945, -23.5184 ], [ -63.5046, -23.5254 ], [ -63.5078, -23.5481 ], [ -63.5201, -23.561 ] ] } },
{ "type": "Feature", "properties": { "nombre": "Camino sin nombre", "longitud_km": 5.7 }, "geometry": { "type": "LineString", "coordinates": [ [ -62.6562, -23.5637 ], [ -62.6578, -23.5123 ] ] } },
{ "type": "Feature", "properties": { "nombre": "Camino sin nombre", "longitud_km": 4.58 }, "geometry": { "type": "LineString", "coordinates": [ [ -63.2194, -23.5721 ], [ -63.2224, -23.5672 ], [ -63.1859, -23.5552 ] ] } },
{ "type": "Feature", "properties": { "nombre": "Camino sin nombre", "longitud_km": 8.68 }, "geometry": { "type": "LineString", "coordinates": [ [ -63.4935, -23.6026 ], [ -63.4857, -23.5898 ], [ -63.4848, -23.566 ], [ -63.4797, -23.5675 ], [ -63.482, -23.5593 ], [ -63.4714, -23.5348 ] ] } },
{ "type": "Feature", "properties": { "nombre": "Camino sin nombre", "longitud_km": 6.17 }, "geometry": { "type": "LineString", "coordinates": [ [ -63.236, -23.5724 ], [ -63.2453, -23.5654 ], [ -63.2444, -23.5208 ] ] } },
{ "type": "Feature", "properties": { "nombre": "Camino sin nombre", "longitud_km": 1.69 }, "geometry": { "type": "LineString", "coordinates": [ [ -63.2194, -23.5721 ], [ -63.236, -23.5724 ] ] } },
{ "type": "Feature", "properties": { "nombre": "Camino sin nombre", "longitud_km": 4.06 }, "geometry": { "type": "LineString", "coordinates": [ [ -63.0667, -23.5452 ], [ -63.0498, -23.5646 ], [ -63.0517, -23.5763 ] ] } },
{ "type": "Feature", "properties": { "nombre": "Camino sin nombre", "longitud_km": 7.61 }, "geometry": { "type": "LineString", "coordinates": [ [ -63.5697, -23.5761 ], [ -63.5773, -23.5586 ], [ -63.5679, -23.5596 ], [ -63.5472, -23.5232 ] ] } },
{ "type": "Feature", "properties": { "nombre": "Camino sin nombre", "longitud_km": 2.84 }, "geometry": { "type": "LineString", "coordinates": [ [ -63.0517, -23.5763 ], [ -63.0604, -23.5817 ], [ -63.0776, -23.5824 ] ] } },
{ "type": "Feature", "properties": { "nombre": "Camino sin nombre", "longitud_km": 6.45 }, "geometry": { "type": "LineString", "coordinates": [ [ -62.557, -23.5342 ], [ -62.5725, -23.5549 ], [ -62.5807, -23.5583 ], [ -62.5836, -23.5724 ], [ -62.5793, -23.5821 ] ] } },
{ "type": "Feature", "properties": { "nombre": "Camino sin nombre", "longitud_km": 3.86 }, "geometry": { "type": "LineString", "coordinates": [ [ -62.7155, -23.691 ], [ -62.7067, -23.6571 ] ] } },
{ "type": "Feature", "properties": { "nombre": "Camino sin nombre", "longitud_km": 8.68 }, "geometry": { "type": "LineString", "coordinates": [ [ -63.4714, -23.5348 ], [ -63.4355, -23.5613 ], [ -63.4123, -23.5903 ] ] } },
{ "type": "Feature", "properties": { "nombre": "Camino sin nombre", "longitud_km": 4.53 }, "geometry": { "type": "LineString", "coordinates": [ [ -63.0923, -23.5933 ], [ -63.1027, -23.5786 ], [ -63.0923, -23.5649 ], [ -63.0926, -23.5583 ] ] } },
{ "type": "Feature", "properties": { "nombre": "Camino sin nombre", "longitud_km": 4.12 }, "geometry": { "type": "LineString", "coordinates": [ [ -63.0163, -23.5941 ], [ -63.0517, -23.5763 ] ] } },
{ "type": "Feature", "properties": { "nombre": "Camino sin nombre", "longitud_km": 6.54 }, "geometry": { "type": "LineString", "coordinates": [ [ -63.2943, -23.5939 ], [ -63.291, -23.5723 ], [ -63.3124, -23.5492 ], [ -63.3198, -23.5491 ] ] } },
{ "type": "Feature", "properties": { "nombre": "Camino sin nombre", "longitud_km": 11.45 }, "geometry": { "type": "LineString", "coordinates": [ [ -62.3759, -23.6703 ], [ -62.3759, -23.657 ], [ -62.3645, -23.6309 ], [ -62.3511, -23.6223 ], [ -62.351, -23.5959 ], [ -62.3296, -23.5904 ] ] } },
{ "type": "Feature", "properties": { "nombre": "Camino sin nombre", "longitud_km": 2.05 }, "geometry": { "type": "LineString", "coordinates": [ [ -63.5079, -23.5897 ], [ -63.512, -23.5875 ], [ -63.5199, -23.5997 ] ] } },
{ "type": "Feature", "properties": { "nombre": "Camino sin nombre", "longitud_km": 1.74 }, "geometry": { "type": "LineString", "coordinates": [ [ -63.2943, -23.5939 ], [ -63.3058, -23.5978 ], [ -63.306, -23.6023 ] ] } },
{ "type": "Feature", "properties": { "nombre": "Camino sin nombre", "longitud_km": 2.62 }, "geometry": { "type": "LineString", "coordinates": [ [ -63.4955, -23.6019 ], [ -63.5093, -23.5971 ], [ -63.5199, -23.5997 ] ] } },
{ "type": "Feature", "properties": { "nombre": "Camino sin nombre", "longitud_km": 3.05 }, "geometry": { "type": "LineString", "coordinates": [ [ -63.5199, -23.5997 ], [ -63.5246, -23.6068 ], [ -63.5383, -23.5999 ], [ -63.541, -23.6039 ] ] } },
{ "type": "Feature", "properties": { "nombre": "Camino sin nombre", "longitud_km": 3.87 }, "geometry": { "type": "LineString", "coordinates": [ [ -63.1557, -23.6086 ], [ -63.1264, -23.5865 ] ] } },
{ "type": "Feature", "properties": { "nombre": "Camino sin nombre", "longitud_km": 10.38 }, "geometry": { "type": "LineString", "coordinates": [ [ -63.5697, -23.5761 ], [ -63.6391, -23.6069 ], [ -63.6628, -23.6006 ] ] } },
{ "type": "Feature", "properties": { "nombre": "Camino sin nombre", "longitud_km": 9.96 }, "geometry": { "type": "LineString", "coordinates": [ [ -63.7341, -23.5228 ], [ -63.7449, -23.5413 ], [ -63.7513, -23.6099 ] ] } },
{ "type": "Feature", "properties": { "nombre": "Camino sin nombre", "longitud_km": 4.88 }, "geometry": { "type": "LineString", "coordinates": [ [ -62.9127, -23.7668 ], [ -62.9323, -23.7441 ], [ -62.9468, -23.7371 ] ] } },
{ "type": "Feature", "properties": { "nombre": "Camino sin nombre", "longitud_km": 6.85 }, "geometry": { "type": "LineString", "coordinates": [ [ -63.4123, -23.5903 ], [ -63.4476, -23.5938 ], [ -63.4727, -23.6116 ] ] } },
{ "type": "Feature", "properties": { "nombre": "Camino sin nombre", "longitud_km": 12.25 }, "geometry": { "type": "LineString", "coordinates": [ [ -62.4847, -23.5968 ], [ -62.4826, -23.5918 ], [ -62.4886, -23.5889 ], [ -62.4994, -23.5927 ], [ -62.5298, -23.5902 ], [ -62.5909, -23.6114 ] ] } },
{ "type": "Feature", "properties": { "nombre": "Camino sin nombre", "longitud_km": 1.77 }, "geometry": { "type": "LineString", "coordinates": [ [ -63.1681, -23.6198 ], [ -63.1557, -23.6086 ] ] } },
{ "type": "Feature", "properties": { "nombre": "Camino sin nombre", "longitud_km": 8.14 }, "geometry": { "type": "LineString", "coordinates": [ [ -63.1681, -23.6198 ], [ -63.1663, -23.6102 ], [ -63.1854, -23.5871 ], [ -63.2194, -23.5721 ] ] } },
{ "type": "Feature", "properties": { "nombre": "Camino sin nombre", "longitud_km": 2.95 }, "geometry": { "type": "LineString", "coordinates": [ [ -62.4993, -23.6198 ], [ -62.4847, -23.5968 ] ] } },
{ "type": "Feature", "properties": { "nombre": "Camino sin nombre", "longitud_km": 9.69 }, "geometry": { "type": "LineString", "coordinates": [ [ -62.8822, -23.5464 ], [ -62.8979, -23.5725 ], [ -62.9163, -23.592 ], [ -62.9313, -23.6207 ] ] } },
{ "type": "Feature", "properties": { "nombre": "Camino sin nombre", "longitud_km": 2.78 }, "geometry": { "type": "LineString", "coordinates": [ [ -62.9313, -23.6207 ], [ -62.947, -23.6186 ], [ -62.954, -23.6103 ] ] } },
{ "type": "Feature", "properties": { "nombre": "Camino sin nombre", "longitud_km": 5.29 }, "geometry": { "type": "LineString", "coordinates": [ [ -63.3583, -23.6282 ], [ -63.3753, -23.6132 ], [ -63.4017, -23.6039 ] ] } },
{ "type": "Feature", "properties": { "nombre": "Camino sin nombre", "longitud_km": 0.98 }, "geometry": { "type": "LineString", "coordinates": [ [ -63.3583, -23.6282 ], [ -63.3669, -23.6321 ] ] } },
{ "type": "Feature", "properties": { "nombre": "Camino sin nombre", "longitud_km": 3.8 }, "geometry": { "type": "LineString", "coordinates": [ [ -62.6492, -23.6343 ], [ -62.6505, -23.6 ] ] } },
{ "type": "Feature", "properties": { "nombre": "Camino sin nombre", "longitud_km": 5.84 }, "geometry": { "type": "LineString", "coordinates": [ [ -63.1557, -23.6086 ], [ -63.1373, -23.6214 ], [ -63.1184, -23.6244 ], [ -63.1103, -23.636 ] ] } },
{ "type": "Feature", "properties": { "nombre": "Camino sin nombre", "longitud_km": 10.11 }, "geometry": { "type": "LineString", "coordinates": [ [ -63.541, -23.6039 ], [ -63.5778, -23.6615 ], [ -63.5541, -23.6727 ] ] } },
{ "type": "Feature", "properties": { "nombre": "Camino sin nombre", "longitud_km": 8.8 }, "geometry": { "type": "LineString", "coordinates": [ [ -63.0255, -23.6603 ], [ -63.0, -23.6764 ], [ -62.9744, -23.6727 ], [ -62.9662, -23.6633 ], [ -62.9707, -23.6487 ] ] } },
{ "type": "Feature", "properties": { "nombre": "Camino sin nombre", "longitud_km": 3.99 }, "geometry": { "type": "LineString", "coordinates": [ [ -63.1203, -23.6795 ], [ -63.1313, -23.6805 ], [ -63.1557, -23.6933 ] ] } },
{ "type": "Feature", "properties": { "nombre": "Camino sin nombre", "longitud_km": 9.21 }, "geometry": { "type": "LineString", "coordinates": [ [ -63.1557, -23.6933 ], [ -63.1827, -23.6503 ], [ -63.1681, -23.6198 ] ] } },
{ "type": "Feature", "properties": { "nombre": "Camino sin nombre", "longitud_km": 3.75 }, "geometry": { "type": "LineString", "coordinates": [ [ -63.0104, -23.7666 ], [ -62.9768, -23.7804 ] ] } },
{ "type": "Feature", "properties": { "nombre": "Camino sin nombre", "longitud_km": 8.58 }, "geometry": { "type": "LineString", "coordinates": [ [ -62.7835, -23.7272 ], [ -62.7467, -23.7235 ], [ -62.7155, -23.691 ] ] } },
{ "type": "Feature", "properties": { "nombre": "Camino sin nombre", "longitud_km": 18.01 }, "geometry": { "type": "LineString", "coordinates": [ [ -62.8135, -23.6406 ], [ -62.807, -23.6332 ], [ -62.797, -23.5886 ], [ -62.8058, -23.5705 ], [ -62.8081, -23.5425 ], [ -62.8407, -23.5222 ], [ -62.8271, -23.5025 ] ] } },
{ "type": "Feature", "properties": { "nombre": "Camino sin nombre", "longitud_km": 7.42 }, "geometry": { "type": "LineString", "coordinates": [ [ -62.8135, -23.6406 ], [ -62.8676, -23.5958 ] ] } },
{ "type": "Feature", "properties": { "nombre": "Camino sin nombre", "longitud_km": 12.18 }, "geometry": { "type": "LineString", "coordinates": [ [ -62.9431, -23.5596 ], [ -62.9541, -23.58 ], [ -62.9669, -23.5855 ], [ -62.9867, -23.6203 ], [ -62.986, -23.6365 ], [ -62.9707, -23.6487 ] ] } },
{ "type": "Feature", "properties": { "nombre": "Camino sin nombre", "longitud_km": 3.96 }, "geometry": { "type": "LineString", "coordinates": [ [ -63.078, -23.8309 ], [ -63.0728, -23.8327 ], [ -63.0763, -23.8342 ], [ -63.0765, -23.8466 ], [ -63.0726, -23.8608 ] ] } },
{ "type": "Feature", "properties": { "nombre": "Camino sin nombre", "longitud_km": 3.83 }, "geometry": { "type": "LineString", "coordinates": [ [ -62.9707, -23.6487 ], [ -62.9636, -23.65 ], [ -62.942, -23.6305 ] ] } },
{ "type": "Feature", "properties": { "nombre": "Camino sin nombre", "longitud_km": 4.8 }, "geometry": { "type": "LineString", "coordinates": [ [ -62.8763, -23.6398 ], [ -62.8639, -23.6366 ], [ -62.8342, -23.6523 ] ] } },
{ "type": "Feature", "properties": { "nombre": "Camino sin nombre", "longitud_km": 3.53 }, "geometry": { "type": "LineString", "coordinates": [ [ -63.3333, -23.6555 ], [ -63.3388, -23.624 ] ] } },
{ "type": "Feature", "properties": { "nombre": "Camino sin nombre", "longitud_km": 3.95 }, "geometry": { "type": "LineString", "coordinates": [ [ -63.3333, -23.6555 ], [ -63.3583, -23.6282 ] ] } },
{ "type": "Feature", "properties": { "nombre": "Camino sin nombre", "longitud_km": 6.81 }, "geometry": { "type": "LineString", "coordinates": [ [ -62.7067, -23.6571 ], [ -62.699, -23.6528 ], [ -62.6683, -23.6519 ], [ -62.6492, -23.6343 ] ] } },
{ "type": "Feature", "properties": { "nombre": "Camino sin nombre", "longitud_km": 6.03 }, "geometry": { "type": "LineString", "coordinates": [ [ -63.4017, -23.6039 ], [ -63.4103, -23.6577 ] ] } },
{ "type": "Feature", "properties": { "nombre": "Camino sin nombre", "longitud_km": 6.44 }, "geometry": { "type": "LineString", "coordinates": [ [ -63.4103, -23.6577 ], [ -63.4668, -23.6317 ] ] } },
{ "type": "Feature", "properties": { "nombre": "Camino sin nombre", "longitud_km": 3.61 }, "geometry": { "type": "LineString", "coordinates": [ [ -63.0609, -23.6605 ], [ -63.0255, -23.6603 ] ] } },
{ "type": "Feature", "properties": { "nombre": "Camino sin nombre", "longitud_km": 8.12 }, "geometry": { "type": "LineString", "coordinates": [ [ -63.541, -23.6039 ], [ -63.5319, -23.6095 ], [ -63.5424, -23.6668 ], [ -63.5378, -23.6697 ] ] } },
{ "type": "Feature", "properties": { "nombre": "Camino sin nombre", "longitud_km": 2.37 }, "geometry": { "type": "LineString", "coordinates": [ [ -62.7609, -24.0353 ], [ -62.7397, -24.0264 ] ] } },
{ "type": "Feature", "properties": { "nombre": "Camino sin nombre", "longitud_km": 6.69 }, "geometry": { "type": "LineString", "coordinates": [ [ -63.2028, -23.7266 ], [ -63.2233, -23.7273 ], [ -63.2414, -23.7152 ], [ -63.2641, -23.7169 ] ] } },
{ "type": "Feature", "properties": { "nombre": "Camino sin nombre", "longitud_km": 20.65 }, "geometry": { "type": "LineString", "coordinates": [ [ -62.3484, -23.6654 ], [ -62.3603, -23.6748 ], [ -62.3744, -23.6734 ], [ -62.422, -23.6016 ], [ -62.4495, -23.6125 ], [ -62.4546, -23.5938 ], [ -62.4847, -23.5968 ] ] } },
{ "type": "Feature", "properties": { "nombre": "Camino sin nombre", "longitud_km": 5.22 }, "geometry": { "type": "LineString", "coordinates": [ [ -62.7804, -23.6765 ], [ -62.8135, -23.6406 ] ] } },
{ "type": "Feature", "properties": { "nombre": "Camino sin nombre", "longitud_km": 8.03 }, "geometry": { "type": "LineString", "coordinates": [ [ -62.7067, -23.6571 ], [ -62.7532, -23.6666 ], [ -62.7656, -23.6764 ], [ -62.7804, -23.6765 ] ] } },
{ "type": "Feature", "properties": { "nombre": "Camino sin nombre", "longitud_km": 8.6 }, "geometry": { "type": "LineString", "coordinates": [ [ -62.7439, -23.6115 ], [ -62.7565, -23.6407 ], [ -62.7804, -23.6585 ], [ -62.7804, -23.6765 ] ] } },
{ "type": "Feature", "properties": { "nombre": "Camino sin nombre", "longitud_km": 0.95 }, "geometry": { "type": "LineString", "coordinates": [ [ -63.1203, -23.6795 ], [ -63.1111, -23.6789 ] ] } },
{ "type": "Feature", "properties": { "nombre": "Camino sin nombre", "longitud_km": 10.07 }, "geometry": { "type": "LineString", "coordinates": [ [ -63.0932, -23.5939 ], [ -63.102, -23.6224 ], [ -63.1019, -23.647 ], [ -63.1203, -23.6795 ] ] } },
{ "type": "Feature", "properties": { "nombre": "Camino sin nombre", "longitud_km": 6.26 }, "geometry": { "type": "LineString", "coordinates": [ [ -62.9189, -23.6804 ], [ -62.8763, -23.6398 ] ] } },
{ "type": "Feature", "properties": { "nombre": "Camino sin nombre", "longitud_km": 6.82 }, "geometry": { "type": "LineString", "coordinates": [ [ -62.9313, -23.6207 ], [ -62.9323, -23.6387 ], [ -62.9189, -23.6804 ] ] } },
{ "type": "Feature", "properties": { "nombre": "Camino sin nombre", "longitud_km": 6.35 }, "geometry": { "type": "LineString", "coordinates": [ [ -63.3669, -23.6321 ], [ -63.3799, -23.6409 ], [ -63.3889, -23.6711 ], [ -63.3962, -23.68 ] ] } },
{ "type": "Feature", "properties": { "nombre": "Camino sin nombre", "longitud_km": 2.86 }, "geometry": { "type": "LineString", "coordinates": [ [ -63.3962, -23.68 ], [ -63.4103, -23.6577 ] ] } },
{ "type": "Feature", "properties": { "nombre": "Camino sin nombre", "longitud_km": 1.75 }, "geometry": { "type": "LineString", "coordinates": [ [ -63.5378, -23.6697 ], [ -63.5312, -23.6769 ], [ -63.5319, -23.6833 ] ] } },
{ "type": "Feature", "properties": { "nombre": "Camino sin nombre", "longitud_km": 2.55 }, "geometry": { "type": "LineString", "coordinates": [ [ -63.5541, -23.6727 ], [ -63.5319, -23.6833 ] ] } },
{ "type": "Feature", "properties": { "nombre": "Camino sin nombre", "longitud_km": 8.5 }, "geometry": { "type": "LineString", "coordinates": [ [ -63.4619, -23.6851 ], [ -63.4762, -23.6849 ], [ -63.494, -23.6721 ], [ -63.535, -23.666 ], [ -63.5378, -23.6697 ] ] } },
{ "type": "Feature", "properties": { "nombre": "Camino sin nombre", "longitud_km": 4.41 }, "geometry": { "type": "LineString", "coordinates": [ [ -63.0609, -23.6605 ], [ -63.0585, -23.6697 ], [ -63.0407, -23.6742 ], [ -63.0347, -23.6862 ] ] } },
{ "type": "Feature", "properties": { "nombre": "Camino sin nombre", "longitud_km": 4.82 }, "geometry": { "type": "LineString", "coordinates": [ [ -63.0814, -23.68 ], [ -63.0347, -23.6862 ] ] } },
{ "type": "Feature", "properties": { "nombre": "Camino sin nombre", "longitud_km": 10.54 }, "geometry": { "type": "LineString", "coordinates": [ [ -62.8791, -23.6986 ], [ -62.837, -23.7214 ], [ -62.8018, -23.7285 ], [ -62.7835, -23.7272 ] ] } },
{ "type": "Feature", "properties": { "nombre": "Camino sin nombre", "longitud_km": 21.31 }, "geometry": { "type": "LineString", "coordinates": [ [ -63.236, -23.5724 ], [ -63.2311, -23.5815 ], [ -63.2142, -23.5938 ], [ -63.2072, -23.6102 ], [ -63.2303, -23.6691 ], [ -63.2223, -23.6802 ], [ -63.2126, -23.6774 ], [ -63.1843, -23.6975 ], [ -63.1557, -23.6933 ] ] } },
{ "type": "Feature", "properties": { "nombre": "Camino sin nombre", "longitud_km": 4.32 }, "geometry": { "type": "LineString", "coordinates": [ [ -63.0255, -23.6603 ], [ -63.0253, -23.6775 ], [ -63.0183, -23.6983 ] ] } },
{ "type": "Feature", "properties": { "nombre": "Camino sin nombre", "longitud_km": 4.97 }, "geometry": { "type": "LineString", "coordinates": [ [ -62.9189, -23.6804 ], [ -62.9134, -23.692 ], [ -62.8791, -23.6986 ] ] } },
{ "type": "Feature", "properties": { "nombre": "Camino sin nombre", "longitud_km": 1.64 }, "geometry": { "type": "LineString", "coordinates": [ [ -63.0067, -23.7005 ], [ -63.0058, -23.6974 ], [ -63.0183, -23.6983 ] ] } },
{ "type": "Feature", "properties": { "nombre": "Camino sin nombre", "longitud_km": 7.25 }, "geometry": { "type": "LineString", "coordinates": [ [ -62.9484, -23.7313 ], [ -62.9723, -23.708 ], [ -62.9859, -23.7012 ], [ -63.0067, -23.7005 ] ] } },
{ "type": "Feature", "properties": { "nombre": "Camino sin nombre", "longitud_km": 7.39 }, "geometry": { "type": "LineString", "coordinates": [ [ -63.2933, -23.7035 ], [ -63.2993, -23.6935 ], [ -63.2989, -23.6811 ], [ -63.3091, -23.665 ], [ -63.3333, -23.6555 ] ] } },
{ "type": "Feature", "properties": { "nombre": "Camino sin nombre", "longitud_km": 9.64 }, "geometry": { "type": "LineString", "coordinates": [ [ -63.3669, -23.6321 ], [ -63.3495, -23.6827 ], [ -63.3584, -23.6942 ], [ -63.357, -23.7139 ] ] } },
{ "type": "Feature", "properties": { "nombre": "Camino sin nombre", "longitud_km": 4.17 }, "geometry": { "type": "LineString", "coordinates": [ [ -63.3962, -23.68 ], [ -63.4017, -23.7055 ], [ -63.4101, -23.7142 ] ] } },
{ "type": "Feature", "properties": { "nombre": "Camino sin nombre", "longitud_km": 1.6 }, "geometry": { "type": "LineString", "coordinates": [ [ -63.4569, -23.7038 ], [ -63.467, -23.7149 ] ] } },
{ "type": "Feature", "properties": { "nombre": "Camino sin nombre", "longitud_km": 7.49 }, "geometry": { "type": "LineString", "coordinates": [ [ -63.5319, -23.6833 ], [ -63.467, -23.7149 ] ] } },
{ "type": "Feature", "properties": { "nombre": "Camino sin nombre", "longitud_km": 4.31 }, "geometry": { "type": "LineString", "coordinates": [ [ -63.0756, -23.7168 ], [ -63.0845, -23.6998 ], [ -63.0814, -23.68 ] ] } },
{ "type": "Feature", "properties": { "nombre": "Camino sin nombre", "longitud_km": 13.09 }, "geometry": { "type": "LineString", "coordinates": [ [ -62.6521, -23.7175 ], [ -62.6367, -23.7023 ], [ -62.6303, -23.6622 ], [ -62.5952, -23.6154 ] ] } },
{ "type": "Feature", "properties": { "nombre": "Camino sin nombre", "longitud_km": 0.36 }, "geometry": { "type": "LineString", "coordinates": [ [ -62.6526, -23.7171 ], [ -62.6527, -23.7138 ] ] } },
{ "type": "Feature", "properties": { "nombre": "Camino sin nombre", "longitud_km": 3.78 }, "geometry": { "type": "LineString", "coordinates": [ [ -63.2641, -23.7169 ], [ -63.2869, -23.7152 ], [ -63.2933, -23.7035 ] ] } },
{ "type": "Feature", "properties": { "nombre": "Camino sin nombre", "longitud_km": 5.57 }, "geometry": { "type": "LineString", "coordinates": [ [ -63.4101, -23.7142 ], [ -63.3798, -23.72 ], [ -63.357, -23.7139 ] ] } },
{ "type": "Feature", "properties": { "nombre": "Camino sin nombre", "longitud_km": 2.04 }, "geometry": { "type": "LineString", "coordinates": [ [ -63.4101, -23.7142 ], [ -63.4253, -23.7263 ] ] } },
{ "type": "Feature", "properties": { "nombre": "Camino sin nombre", "longitud_km": 5.74 }, "geometry": { "type": "LineString", "coordinates": [ [ -62.7804, -23.6765 ], [ -62.7876, -23.7144 ], [ -62.7835, -23.7272 ] ] } },
{ "type": "Feature", "properties": { "nombre": "Camino sin nombre", "longitud_km": 4.05 }, "geometry": { "type": "LineString", "coordinates": [ [ -63.0183, -23.6983 ], [ -63.042, -23.7277 ] ] } },
{ "type": "Feature", "properties": { "nombre": "Camino sin nombre", "longitud_km": 4.65 }, "geometry": { "type": "LineString", "coordinates": [ [ -63.0347, -23.6862 ], [ -63.042, -23.7277 ] ] } },
{ "type": "Feature", "properties": { "nombre": "Camino sin nombre", "longitud_km": 1.56 }, "geometry": { "type": "LineString", "coordinates": [ [ -63.0756, -23.7168 ], [ -63.0827, -23.7292 ] ] } },
{ "type": "Feature", "properties": { "nombre": "Camino sin nombre", "longitud_km": 6.8 }, "geometry": { "type": "LineString", "coordinates": [ [ -62.9484, -23.7313 ], [ -62.9504, -23.7203 ], [ -62.9407, -23.6995 ], [ -62.9189, -23.6804 ] ] } },
{ "type": "Feature", "properties": { "nombre": "Camino sin nombre", "longitud_km": 6.01 }, "geometry": { "type": "LineString", "coordinates": [ [ -62.6907, -23.7311 ], [ -62.685, -23.7156 ], [ -62.7042, -23.7044 ], [ -62.7155, -23.691 ] ] } },
{ "type": "Feature", "properties": { "nombre": "Camino sin nombre", "longitud_km": 3.79 }, "geometry": { "type": "LineString", "coordinates": [ [ -63.0067, -23.7005 ], [ -63.0066, -23.7148 ], [ -63.0155, -23.733 ] ] } },
{ "type": "Feature", "properties": { "nombre": "Camino sin nombre", "longitud_km": 2.16 }, "geometry": { "type": "LineString", "coordinates": [ [ -62.632, -23.729 ], [ -62.6519, -23.7355 ] ] } },
{ "type": "Feature", "properties": { "nombre": "Camino sin nombre", "longitud_km": 0.67 }, "geometry": { "type": "LineString", "coordinates": [ [ -62.9468, -23.7371 ], [ -62.9484, -23.7313 ] ] } },
{ "type": "Feature", "properties": { "nombre": "Camino sin nombre", "longitud_km": 4.83 }, "geometry": { "type": "LineString", "coordinates": [ [ -63.161, -23.7404 ], [ -63.1635, -23.7341 ], [ -63.2028, -23.7266 ] ] } },
{ "type": "Feature", "properties": { "nombre": "Camino sin nombre", "longitud_km": 0.31 }, "geometry": { "type": "LineString", "coordinates": [ [ -63.164, -23.7398 ], [ -63.161, -23.7404 ] ] } },
{ "type": "Feature", "properties": { "nombre": "Camino sin nombre", "longitud_km": 2.19 }, "geometry": { "type": "LineString", "coordinates": [ [ -63.042, -23.7277 ], [ -63.0568, -23.742 ] ] } },
{ "type": "Feature", "properties": { "nombre": "Camino sin nombre", "longitud_km": 3.53 }, "geometry": { "type": "LineString", "coordinates": [ [ -63.0568, -23.742 ], [ -63.0589, -23.7316 ], [ -63.0756, -23.7168 ] ] } },
{ "type": "Feature", "properties": { "nombre": "Camino sin nombre", "longitud_km": 2.7 }, "geometry": { "type": "LineString", "coordinates": [ [ -62.9714, -23.746 ], [ -62.9468, -23.7371 ] ] } },
{ "type": "Feature", "properties": { "nombre": "Camino sin nombre", "longitud_km": 11.06 }, "geometry": { "type": "LineString", "coordinates": [ [ -63.8716, -23.7451 ], [ -63.8771, -23.7303 ], [ -63.8724, -23.6768 ], [ -63.882, -23.6638 ], [ -63.8812, -23.6491 ] ] } },
{ "type": "Feature", "properties": { "nombre": "Camino sin nombre", "longitud_km": 8.87 }, "geometry": { "type": "LineString", "coordinates": [ [ -63.8716, -23.7451 ], [ -63.9152, -23.7206 ], [ -63.9099, -23.6994 ], [ -63.915, -23.6892 ] ] } },
{ "type": "Feature", "properties": { "nombre": "Camino sin nombre", "longitud_km": 15.64 }, "geometry": { "type": "LineString", "coordinates": [ [ -63.6387, -23.7782 ], [ -63.5814, -23.6951 ], [ -63.5713, -23.7005 ], [ -63.5541, -23.6727 ] ] } },
{ "type": "Feature", "properties": { "nombre": "Camino sin nombre", "longitud_km": 1.1 }, "geometry": { "type": "LineString", "coordinates": [ [ -63.4871, -23.8126 ], [ -63.4772, -23.8166 ] ] } },
{ "type": "Feature", "properties": { "nombre": "Camino sin nombre", "longitud_km": 19.12 }, "geometry": { "type": "LineString", "coordinates": [ [ -62.7196, -23.8509 ], [ -62.7185, -23.8259 ], [ -62.7278, -23.782 ], [ -62.7222, -23.7659 ], [ -62.714, -23.7531 ], [ -62.6606, -23.728 ], [ -62.6527, -23.7138 ] ] } },
{ "type": "Feature", "properties": { "nombre": "Camino sin nombre", "longitud_km": 2.82 }, "geometry": { "type": "LineString", "coordinates": [ [ -63.161, -23.7404 ], [ -63.1358, -23.7507 ] ] } },
{ "type": "Feature", "properties": { "nombre": "Camino sin nombre", "longitud_km": 6.06 }, "geometry": { "type": "LineString", "coordinates": [ [ -63.2641, -23.7169 ], [ -63.2491, -23.7317 ], [ -63.2586, -23.7499 ], [ -63.2741, -23.7486 ] ] } },
{ "type": "Feature", "properties": { "nombre": "Camino sin nombre", "longitud_km": 5.36 }, "geometry": { "type": "LineString", "coordinates": [ [ -63.467, -23.7149 ], [ -63.4996, -23.7528 ] ] } },
{ "type": "Feature", "properties": { "nombre": "Camino sin nombre", "longitud_km": 5.0 }, "geometry": { "type": "LineString", "coordinates": [ [ -62.9472, -23.799 ], [ -62.9127, -23.7668 ] ] } },
{ "type": "Feature", "properties": { "nombre": "Camino sin nombre", "longitud_km": 9.92 }, "geometry": { "type": "LineString", "coordinates": [ [ -63.5319, -23.6833 ], [ -63.536, -23.716 ], [ -63.5281, -23.7412 ], [ -63.5019, -23.7478 ], [ -63.4996, -23.7528 ] ] } },
{ "type": "Feature", "properties": { "nombre": "Camino sin nombre", "longitud_km": 1.29 }, "geometry": { "type": "LineString", "coordinates": [ [ -63.8618, -23.7525 ], [ -63.8716, -23.7451 ] ] } },
{ "type": "Feature", "properties": { "nombre": "Camino sin nombre", "longitud_km": 2.31 }, "geometry": { "type": "LineString", "coordinates": [ [ -63.1358, -23.7507 ], [ -63.1137, -23.7557 ] ] } },
{ "type": "Feature", "properties": { "nombre": "Camino sin nombre", "longitud_km": 4.64 }, "geometry": { "type": "LineString", "coordinates": [ [ -63.357, -23.7139 ], [ -63.3571, -23.7558 ] ] } },
{ "type": "Feature", "properties": { "nombre": "Camino sin nombre", "longitud_km": 7.24 }, "geometry": { "type": "LineString", "coordinates": [ [ -63.3571, -23.7558 ], [ -63.3736, -23.7502 ], [ -63.3749, -23.7415 ], [ -63.3876, -23.7386 ], [ -63.3964, -23.7281 ], [ -63.4121, -23.7238 ] ] } },
{ "type": "Feature", "properties": { "nombre": "Camino sin nombre", "longitud_km": 4.58 }, "geometry": { "type": "LineString", "coordinates": [ [ -63.0104, -23.7666 ], [ -62.9714, -23.746 ] ] } },
{ "type": "Feature", "properties": { "nombre": "Camino sin nombre", "longitud_km": 5.52 }, "geometry": { "type": "LineString", "coordinates": [ [ -63.0568, -23.742 ], [ -63.0425, -23.7537 ], [ -63.0104, -23.7666 ] ] } },
{ "type": "Feature", "properties": { "nombre": "Camino sin nombre", "longitud_km": 7.75 }, "geometry": { "type": "LineString", "coordinates": [ [ -62.8804, -23.7042 ], [ -62.882, -23.7153 ], [ -62.9127, -23.7668 ] ] } },
{ "type": "Feature", "properties": { "nombre": "Camino sin nombre", "longitud_km": 6.68 }, "geometry": { "type": "LineString", "coordinates": [ [ -63.164, -23.7398 ], [ -63.1833, -23.7394 ], [ -63.2075, -23.7756 ] ] } },
{ "type": "Feature", "properties": { "nombre": "Camino sin nombre", "longitud_km": 5.45 }, "geometry": { "type": "LineString", "coordinates": [ [ -63.2075, -23.7756 ], [ -63.2028, -23.7266 ] ] } },
{ "type": "Feature", "properties": { "nombre": "Camino sin nombre", "longitud_km": 4.16 }, "geometry": { "type": "LineString", "coordinates": [ [ -62.9714, -23.746 ], [ -62.9671, -23.768 ], [ -62.9768, -23.7804 ] ] } },
{ "type": "Feature", "properties": { "nombre": "Camino sin nombre", "longitud_km": 3.02 }, "geometry": { "type": "LineString", "coordinates": [ [ -63.3571, -23.7558 ], [ -63.3534, -23.7611 ], [ -63.3595, -23.7813 ] ] } },
{ "type": "Feature", "properties": { "nombre": "Camino sin nombre", "longitud_km": 6.99 }, "geometry": { "type": "LineString", "coordinates": [ [ -63.4082, -23.7699 ], [ -63.4598, -23.7748 ], [ -63.4743, -23.7823 ] ] } },
{ "type": "Feature", "properties": { "nombre": "Camino sin nombre", "longitud_km": 0.07 }, "geometry": { "type": "LineString", "coordinates": [ [ -63.4749, -23.7827 ], [ -63.4743, -23.7823 ] ] } },
{ "type": "Feature", "properties": { "nombre": "Camino sin nombre", "longitud_km": 7.59 }, "geometry": { "type": "LineString", "coordinates": [ [ -63.4351, -23.7307 ], [ -63.4616, -23.7438 ], [ -63.4749, -23.7827 ] ] } },
{ "type": "Feature", "properties": { "nombre": "Camino sin nombre", "longitud_km": 8.46 }, "geometry": { "type": "LineString", "coordinates": [ [ -63.1137, -23.7557 ], [ -63.0741, -23.7653 ], [ -63.06, -23.7812 ], [ -63.0452, -23.7839 ], [ -63.0453, -23.7881 ] ] } },
{ "type": "Feature", "properties": { "nombre": "Camino sin nombre", "longitud_km": 11.47 }, "geometry": { "type": "LineString", "coordinates": [ [ -63.2602, -23.7905 ], [ -63.2618, -23.7732 ], [ -63.3051, -23.717 ], [ -63.2933, -23.7035 ] ] } },
{ "type": "Feature", "properties": { "nombre": "Camino sin nombre", "longitud_km": 3.65 }, "geometry": { "type": "LineString", "coordinates": [ [ -62.9768, -23.7804 ], [ -62.9472, -23.799 ] ] } },
{ "type": "Feature", "properties": { "nombre": "Camino sin nombre", "longitud_km": 4.0 }, "geometry": { "type": "LineString", "coordinates": [ [ -63.3081, -23.802 ], [ -63.3128, -23.7921 ], [ -63.3083, -23.7672 ] ] } },
{ "type": "Feature", "properties": { "nombre": "Camino sin nombre", "longitud_km": 7.29 }, "geometry": { "type": "LineString", "coordinates": [ [ -63.4996, -23.7528 ], [ -63.5438, -23.8045 ] ] } },
{ "type": "Feature", "properties": { "nombre": "Camino sin nombre", "longitud_km": 9.98 }, "geometry": { "type": "LineString", "coordinates": [ [ -62.7835, -23.7272 ], [ -62.786, -23.7522 ], [ -62.7963, -23.7622 ], [ -62.7734, -23.8088 ] ] } },
{ "type": "Feature", "properties": { "nombre": "Camino sin nombre", "longitud_km": 2.38 }, "geometry": { "type": "LineString", "coordinates": [ [ -63.0442, -23.8096 ], [ -63.0453, -23.7881 ] ] } },
{ "type": "Feature", "properties": { "nombre": "Camino sin nombre", "longitud_km": 6.06 }, "geometry": { "type": "LineString", "coordinates": [ [ -63.0442, -23.8096 ], [ -63.025, -23.8098 ], [ -63.0064, -23.8002 ], [ -62.9959, -23.8066 ], [ -62.9959, -23.8124 ] ] } },
{ "type": "Feature", "properties": { "nombre": "Camino sin nombre", "longitud_km": 3.69 }, "geometry": { "type": "LineString", "coordinates": [ [ -63.4749, -23.7827 ], [ -63.4848, -23.7936 ], [ -63.4871, -23.8126 ] ] } },
{ "type": "Feature", "properties": { "nombre": "Camino sin nombre", "longitud_km": 4.77 }, "geometry": { "type": "LineString", "coordinates": [ [ -63.2074, -23.8138 ], [ -63.2027, -23.8094 ], [ -63.2078, -23.7951 ], [ -63.2024, -23.7842 ], [ -63.2075, -23.7756 ] ] } },
{ "type": "Feature", "properties": { "nombre": "Camino sin nombre", "longitud_km": 6.01 }, "geometry": { "type": "LineString", "coordinates": [ [ -63.0418, -23.8465 ], [ -62.9959, -23.8124 ] ] } },
{ "type": "Feature", "properties": { "nombre": "Camino sin nombre", "longitud_km": 3.81 }, "geometry": { "type": "LineString", "coordinates": [ [ -63.4743, -23.7823 ], [ -63.4772, -23.8166 ] ] } },
{ "type": "Feature", "properties": { "nombre": "Camino sin nombre", "longitud_km": 2.25 }, "geometry": { "type": "LineString", "coordinates": [ [ -62.7891, -23.819 ], [ -62.783, -23.809 ], [ -62.7734, -23.8088 ] ] } },
{ "type": "Feature", "properties": { "nombre": "Camino sin nombre", "longitud_km": 1.35 }, "geometry": { "type": "LineString", "coordinates": [ [ -63.4871, -23.8126 ], [ -63.497, -23.8208 ] ] } },
{ "type": "Feature", "properties": { "nombre": "Camino sin nombre", "longitud_km": 1.17 }, "geometry": { "type": "LineString", "coordinates": [ [ -63.4772, -23.8166 ], [ -63.4833, -23.8255 ] ] } },
{ "type": "Feature", "properties": { "nombre": "Camino sin nombre", "longitud_km": 15.67 }, "geometry": { "type": "LineString", "coordinates": [ [ -62.9472, -23.799 ], [ -62.9465, -23.818 ], [ -62.9077, -23.8445 ], [ -62.9027, -23.8545 ], [ -62.9035, -23.87 ], [ -62.893, -23.8709 ], [ -62.8751, -23.8842 ], [ -62.8651, -23.8832 ], [ -62.856, -23.8756 ] ] } },
{ "type": "Feature", "properties": { "nombre": "Camino sin nombre", "longitud_km": 4.36 }, "geometry": { "type": "LineString", "coordinates": [ [ -63.2602, -23.7931 ], [ -63.2588, -23.8085 ], [ -63.2687, -23.8306 ] ] } },
{ "type": "Feature", "properties": { "nombre": "Camino sin nombre", "longitud_km": 4.36 }, "geometry": { "type": "LineString", "coordinates": [ [ -63.2687, -23.8306 ], [ -63.2805, -23.813 ], [ -63.2999, -23.8076 ] ] } },
{ "type": "Feature", "properties": { "nombre": "Camino sin nombre", "longitud_km": 4.18 }, "geometry": { "type": "LineString", "coordinates": [ [ -63.0442, -23.8096 ], [ -63.078, -23.8309 ] ] } },
{ "type": "Feature", "properties": { "nombre": "Camino sin nombre", "longitud_km": 5.96 }, "geometry": { "type": "LineString", "coordinates": [ [ -63.078, -23.8309 ], [ -63.0669, -23.8055 ], [ -63.0453, -23.7881 ] ] } },
{ "type": "Feature", "properties": { "nombre": "Camino sin nombre", "longitud_km": 12.09 }, "geometry": { "type": "LineString", "coordinates": [ [ -63.5118, -23.9285 ], [ -63.4365, -23.9218 ], [ -63.4613, -23.8894 ] ] } },
{ "type": "Feature", "properties": { "nombre": "Camino sin nombre", "longitud_km": 10.83 }, "geometry": { "type": "LineString", "coordinates": [ [ -63.2024, -23.8309 ], [ -63.164, -23.7398 ] ] } },
{ "type": "Feature", "properties": { "nombre": "Camino sin nombre", "longitud_km": 6.31 }, "geometry": { "type": "LineString", "coordinates": [ [ -63.3595, -23.7813 ], [ -63.372, -23.7923 ], [ -63.3708, -23.823 ], [ -63.3781, -23.8307 ] ] } },
{ "type": "Feature", "properties": { "nombre": "Camino sin nombre", "longitud_km": 2.63 }, "geometry": { "type": "LineString", "coordinates": [ [ -62.7734, -23.8088 ], [ -62.7682, -23.8321 ] ] } },
{ "type": "Feature", "properties": { "nombre": "Camino sin nombre", "longitud_km": 2.02 }, "geometry": { "type": "LineString", "coordinates": [ [ -62.6199, -23.834 ], [ -62.6005, -23.8301 ] ] } },
{ "type": "Feature", "properties": { "nombre": "Camino sin nombre", "longitud_km": 1.93 }, "geometry": { "type": "LineString", "coordinates": [ [ -62.6842, -23.863 ], [ -62.6728, -23.8491 ] ] } },
{ "type": "Feature", "properties": { "nombre": "Camino sin nombre", "longitud_km": 3.16 }, "geometry": { "type": "LineString", "coordinates": [ [ -63.4772, -23.8166 ], [ -63.457, -23.8282 ], [ -63.457, -23.8348 ] ] } },
{ "type": "Feature", "properties": { "nombre": "Camino sin nombre", "longitud_km": 5.88 }, "geometry": { "type": "LineString", "coordinates": [ [ -62.6728, -23.8491 ], [ -62.6421, -23.8327 ], [ -62.6199, -23.834 ] ] } },
{ "type": "Feature", "properties": { "nombre": "Camino sin nombre", "longitud_km": 3.13 }, "geometry": { "type": "LineString", "coordinates": [ [ -62.9959, -23.8124 ], [ -62.9859, -23.825 ], [ -62.984, -23.8376 ] ] } },
{ "type": "Feature", "properties": { "nombre": "Camino sin nombre", "longitud_km": 6.46 }, "geometry": { "type": "LineString", "coordinates": [ [ -63.0418, -23.8465 ], [ -63.0153, -23.8438 ], [ -62.9943, -23.8318 ], [ -62.984, -23.8376 ] ] } },
{ "type": "Feature", "properties": { "nombre": "Camino sin nombre", "longitud_km": 8.04 }, "geometry": { "type": "LineString", "coordinates": [ [ -62.8616, -23.8401 ], [ -62.8451, -23.83 ], [ -62.8196, -23.8317 ], [ -62.7891, -23.819 ] ] } },
{ "type": "Feature", "properties": { "nombre": "Camino sin nombre", "longitud_km": 9.92 }, "geometry": { "type": "LineString", "coordinates": [ [ -62.8616, -23.8401 ], [ -62.8971, -23.782 ], [ -62.9063, -23.7796 ], [ -62.9127, -23.7668 ] ] } },
{ "type": "Feature", "properties": { "nombre": "Camino sin nombre", "longitud_km": 1.6 }, "geometry": { "type": "LineString", "coordinates": [ [ -62.7682, -23.8321 ], [ -62.7553, -23.8403 ] ] } },
{ "type": "Feature", "properties": { "nombre": "Camino sin nombre", "longitud_km": 0.36 }, "geometry": { "type": "LineString", "coordinates": [ [ -62.984, -23.8376 ], [ -62.9839, -23.8409 ] ] } },
{ "type": "Feature", "properties": { "nombre": "Camino sin nombre", "longitud_km": 5.2 }, "geometry": { "type": "LineString", "coordinates": [ [ -63.3206, -23.8016 ], [ -63.3227, -23.8242 ], [ -63.3125, -23.8391 ], [ -63.3153, -23.8453 ] ] } },
{ "type": "Feature", "properties": { "nombre": "Camino sin nombre", "longitud_km": 1.66 }, "geometry": { "type": "LineString", "coordinates": [ [ -62.7681, -23.8456 ], [ -62.7716, -23.8399 ], [ -62.7682, -23.8321 ] ] } },
{ "type": "Feature", "properties": { "nombre": "Camino sin nombre", "longitud_km": 2.78 }, "geometry": { "type": "LineString", "coordinates": [ [ -62.9839, -23.8409 ], [ -62.9798, -23.8464 ], [ -62.9598, -23.8464 ] ] } },
{ "type": "Feature", "properties": { "nombre": "Camino sin nombre", "longitud_km": 8.62 }, "geometry": { "type": "LineString", "coordinates": [ [ -63.3781, -23.8307 ], [ -63.3712, -23.8295 ], [ -63.3543, -23.8395 ], [ -63.3452, -23.8317 ], [ -63.3344, -23.8358 ], [ -63.3349, -23.8467 ], [ -63.3268, -23.8423 ], [ -63.3153, -23.8453 ] ] } },
{ "type": "Feature", "properties": { "nombre": "Camino sin nombre", "longitud_km": 1.85 }, "geometry": { "type": "LineString", "coordinates": [ [ -63.3781, -23.8307 ], [ -63.3754, -23.8472 ] ] } },
{ "type": "Feature", "properties": { "nombre": "Camino sin nombre", "longitud_km": 4.4 }, "geometry": { "type": "LineString", "coordinates": [ [ -62.7089, -23.956 ], [ -62.7086, -23.9268 ], [ -62.717, -23.9197 ] ] } },
{ "type": "Feature", "properties": { "nombre": "Camino sin nombre", "longitud_km": 9.62 }, "geometry": { "type": "LineString", "coordinates": [ [ -62.6728, -23.8491 ], [ -62.6747, -23.8119 ], [ -62.6575, -23.7861 ], [ -62.6566, -23.7729 ], [ -62.6509, -23.7697 ] ] } },
{ "type": "Feature", "properties": { "nombre": "Camino sin nombre", "longitud_km": 3.33 }, "geometry": { "type": "LineString", "coordinates": [ [ -62.994, -23.862 ], [ -62.9998, -23.851 ], [ -62.9839, -23.8409 ] ] } },
{ "type": "Feature", "properties": { "nombre": "Camino sin nombre", "longitud_km": 3.83 }, "geometry": { "type": "LineString", "coordinates": [ [ -62.7553, -23.8403 ], [ -62.7196, -23.8509 ] ] } },
{ "type": "Feature", "properties": { "nombre": "Camino sin nombre", "longitud_km": 0.89 }, "geometry": { "type": "LineString", "coordinates": [ [ -63.4239, -23.8427 ], [ -63.4252, -23.8506 ] ] } },
{ "type": "Feature", "properties": { "nombre": "Camino sin nombre", "longitud_km": 0.64 }, "geometry": { "type": "LineString", "coordinates": [ [ -63.3153, -23.8453 ], [ -63.3165, -23.851 ] ] } },
{ "type": "Feature", "properties": { "nombre": "Camino sin nombre", "longitud_km": 2.74 }, "geometry": { "type": "LineString", "coordinates": [ [ -63.2687, -23.8306 ], [ -63.2652, -23.8355 ], [ -63.268, -23.8542 ] ] } },
{ "type": "Feature", "properties": { "nombre": "Camino sin nombre", "longitud_km": 1.74 }, "geometry": { "type": "LineString", "coordinates": [ [ -62.7553, -23.8403 ], [ -62.7481, -23.8546 ] ] } },
{ "type": "Feature", "properties": { "nombre": "Camino sin nombre", "longitud_km": 3.52 }, "geometry": { "type": "LineString", "coordinates": [ [ -63.0726, -23.8608 ], [ -63.0418, -23.8465 ] ] } },
{ "type": "Feature", "properties": { "nombre": "Camino sin nombre", "longitud_km": 3.85 }, "geometry": { "type": "LineString", "coordinates": [ [ -62.7196, -23.8509 ], [ -62.6842, -23.863 ] ] } },
{ "type": "Feature", "properties": { "nombre": "Camino sin nombre", "longitud_km": 4.86 }, "geometry": { "type": "LineString", "coordinates": [ [ -63.0265, -23.8868 ], [ -63.0246, -23.8733 ], [ -62.994, -23.862 ] ] } },
{ "type": "Feature", "properties": { "nombre": "Camino sin nombre", "longitud_km": 3.11 }, "geometry": { "type": "LineString", "coordinates": [ [ -63.4052, -23.8454 ], [ -63.3913, -23.8657 ], [ -63.387, -23.8645 ] ] } },
{ "type": "Feature", "properties": { "nombre": "Camino sin nombre", "longitud_km": 1.71 }, "geometry": { "type": "LineString", "coordinates": [ [ -63.0726, -23.8608 ], [ -63.0591, -23.87 ] ] } },
{ "type": "Feature", "properties": { "nombre": "Camino sin nombre", "longitud_km": 22.95 }, "geometry": { "type": "LineString", "coordinates": [ [ -63.7541, -23.7604 ], [ -63.6433, -23.9408 ] ] } },
{ "type": "Feature", "properties": { "nombre": "Camino sin nombre", "longitud_km": 2.84 }, "geometry": { "type": "LineString", "coordinates": [ [ -63.3692, -23.8476 ], [ -63.3732, -23.8628 ], [ -63.3694, -23.8722 ] ] } },
{ "type": "Feature", "properties": { "nombre": "Camino sin nombre", "longitud_km": 1.99 }, "geometry": { "type": "LineString", "coordinates": [ [ -63.387, -23.8645 ], [ -63.3694, -23.8722 ] ] } },
{ "type": "Feature", "properties": { "nombre": "Camino sin nombre", "longitud_km": 5.93 }, "geometry": { "type": "LineString", "coordinates": [ [ -63.387, -23.8645 ], [ -63.3986, -23.8736 ], [ -63.4156, -23.8728 ], [ -63.4252, -23.8506 ] ] } },
{ "type": "Feature", "properties": { "nombre": "Camino sin nombre", "longitud_km": 9.66 }, "geometry": { "type": "LineString", "coordinates": [ [ -62.856, -23.8756 ], [ -62.8464, -23.873 ], [ -62.841, -23.8638 ], [ -62.831, -23.8611 ], [ -62.8213, -23.8493 ], [ -62.812, -23.8456 ], [ -62.7891, -23.819 ] ] } },
{ "type": "Feature", "properties": { "nombre": "Camino sin nombre", "longitud_km": 4.11 }, "geometry": { "type": "LineString", "coordinates": [ [ -62.856, -23.8756 ], [ -62.8627, -23.8646 ], [ -62.8616, -23.8401 ] ] } },
{ "type": "Feature", "properties": { "nombre": "Camino sin nombre", "longitud_km": 15.62 }, "geometry": { "type": "LineString", "coordinates": [ [ -63.1709, -23.8758 ], [ -63.1572, -23.8673 ], [ -63.1318, -23.8369 ], [ -63.1282, -23.8261 ], [ -63.1331, -23.8156 ], [ -63.1327, -23.7844 ], [ -63.1137, -23.7557 ] ] } },
{ "type": "Feature", "properties": { "nombre": "Camino sin nombre", "longitud_km": 8.83 }, "geometry": { "type": "LineString", "coordinates": [ [ -62.7681, -23.8456 ], [ -62.7531, -23.8955 ], [ -62.731, -23.9025 ], [ -62.7289, -23.9087 ] ] } },
{ "type": "Feature", "properties": { "nombre": "Camino sin nombre", "longitud_km": 1.65 }, "geometry": { "type": "LineString", "coordinates": [ [ -62.7618, -24.0204 ], [ -62.7609, -24.0353 ] ] } },
{ "type": "Feature", "properties": { "nombre": "Camino sin nombre", "longitud_km": 15.33 }, "geometry": { "type": "LineString", "coordinates": [ [ -63.1709, -23.8758 ], [ -63.1621, -23.8209 ], [ -63.1667, -23.8078 ], [ -63.1647, -23.7926 ], [ -63.1427, -23.7801 ], [ -63.1358, -23.7507 ] ] } },
{ "type": "Feature", "properties": { "nombre": "Camino sin nombre", "longitud_km": 0.72 }, "geometry": { "type": "LineString", "coordinates": [ [ -63.1746, -23.8814 ], [ -63.1709, -23.8758 ] ] } },
{ "type": "Feature", "properties": { "nombre": "Camino sin nombre", "longitud_km": 5.8 }, "geometry": { "type": "LineString", "coordinates": [ [ -62.4832, -23.9327 ], [ -62.4897, -23.9511 ], [ -62.524, -23.9608 ] ] } },
{ "type": "Feature", "properties": { "nombre": "Camino sin nombre", "longitud_km": 2.96 }, "geometry": { "type": "LineString", "coordinates": [ [ -63.1746, -23.8814 ], [ -63.1557, -23.8777 ], [ -63.1509, -23.8855 ] ] } },
{ "type": "Feature", "properties": { "nombre": "Camino sin nombre", "longitud_km": 9.57 }, "geometry": { "type": "LineString", "coordinates": [ [ -63.227, -23.8125 ], [ -63.2341, -23.8276 ], [ -63.2316, -23.8398 ], [ -63.2207, -23.8475 ], [ -63.1953, -23.886 ] ] } },
{ "type": "Feature", "properties": { "nombre": "Camino sin nombre", "longitud_km": 3.87 }, "geometry": { "type": "LineString", "coordinates": [ [ -63.0265, -23.8868 ], [ -63.0408, -23.8832 ], [ -63.0591, -23.87 ] ] } },
{ "type": "Feature", "properties": { "nombre": "Camino sin nombre", "longitud_km": 9.11 }, "geometry": { "type": "LineString", "coordinates": [ [ -62.6084, -23.8969 ], [ -62.6286, -23.8973 ], [ -62.6652, -23.8845 ], [ -62.6842, -23.863 ] ] } },
{ "type": "Feature", "properties": { "nombre": "Camino sin nombre", "longitud_km": 9.05 }, "geometry": { "type": "LineString", "coordinates": [ [ -63.1509, -23.8855 ], [ -63.1456, -23.8891 ], [ -63.1231, -23.8876 ], [ -63.1161, -23.8817 ], [ -63.1004, -23.8793 ], [ -63.0726, -23.8608 ] ] } },
{ "type": "Feature", "properties": { "nombre": "Camino sin nombre", "longitud_km": 5.8 }, "geometry": { "type": "LineString", "coordinates": [ [ -63.4252, -23.8506 ], [ -63.4291, -23.8626 ], [ -63.4613, -23.8894 ] ] } },
{ "type": "Feature", "properties": { "nombre": "Camino sin nombre", "longitud_km": 10.31 }, "geometry": { "type": "LineString", "coordinates": [ [ -63.4613, -23.8894 ], [ -63.5191, -23.813 ] ] } },
{ "type": "Feature", "properties": { "nombre": "Camino sin nombre", "longitud_km": 2.4 }, "geometry": { "type": "LineString", "coordinates": [ [ -63.1943, -23.8933 ], [ -63.1746, -23.8814 ] ] } },
{ "type": "Feature", "properties": { "nombre": "Camino sin nombre", "longitud_km": 7.3 }, "geometry": { "type": "LineString", "coordinates": [ [ -62.6199, -23.834 ], [ -62.6142, -23.854 ], [ -62.6177, -23.88 ], [ -62.6084, -23.8969 ] ] } },
{ "type": "Feature", "properties": { "nombre": "Camino sin nombre", "longitud_km": 0.69 }, "geometry": { "type": "LineString", "coordinates": [ [ -63.1986, -23.8981 ], [ -63.1943, -23.8933 ] ] } },
{ "type": "Feature", "properties": { "nombre": "Camino sin nombre", "longitud_km": 0.02 }, "geometry": { "type": "LineString", "coordinates": [ [ -62.5503, -23.9033 ], [ -62.5505, -23.9033 ] ] } },
{ "type": "Feature", "properties": { "nombre": "Camino sin nombre", "longitud_km": 6.03 }, "geometry": { "type": "LineString", "coordinates": [ [ -62.6084, -23.8969 ], [ -62.5807, -23.9044 ], [ -62.5505, -23.9033 ] ] } },
{ "type": "Feature", "properties": { "nombre": "Camino sin nombre", "longitud_km": 2.68 }, "geometry": { "type": "LineString", "coordinates": [ [ -63.1509, -23.8855 ], [ -63.1478, -23.9096 ] ] } },
{ "type": "Feature", "properties": { "nombre": "Camino sin nombre", "longitud_km": 4.32 }, "geometry": { "type": "LineString", "coordinates": [ [ -63.1871, -23.8989 ], [ -63.1681, -23.9092 ], [ -63.1478, -23.9096 ] ] } },
{ "type": "Feature", "properties": { "nombre": "Camino sin nombre", "longitud_km": 7.58 }, "geometry": { "type": "LineString", "coordinates": [ [ -62.717, -23.9197 ], [ -62.7099, -23.9159 ], [ -62.7097, -23.9021 ], [ -62.7027, -23.8948 ], [ -62.7005, -23.8809 ], [ -62.6842, -23.863 ] ] } },
{ "type": "Feature", "properties": { "nombre": "Camino sin nombre", "longitud_km": 1.71 }, "geometry": { "type": "LineString", "coordinates": [ [ -62.7289, -23.9087 ], [ -62.717, -23.9197 ] ] } },
{ "type": "Feature", "properties": { "nombre": "Camino sin nombre", "longitud_km": 1.63 }, "geometry": { "type": "LineString", "coordinates": [ [ -63.9923, -24.228 ], [ -63.9904, -24.2134 ] ] } },
{ "type": "Feature", "properties": { "nombre": "Camino sin nombre", "longitud_km": 14.03 }, "geometry": { "type": "LineString", "coordinates": [ [ -63.0316, -23.8906 ], [ -63.0305, -23.8978 ], [ -63.0492, -23.9287 ], [ -63.0445, -23.9391 ], [ -63.0452, -23.9568 ], [ -63.0514, -23.9585 ], [ -63.0531, -23.9762 ], [ -63.0692, -24.0038 ] ] } },
{ "type": "Feature", "properties": { "nombre": "Camino sin nombre", "longitud_km": 9.21 }, "geometry": { "type": "LineString", "coordinates": [ [ -62.7983, -23.9223 ], [ -62.7923, -23.9191 ], [ -62.7681, -23.8456 ] ] } },
{ "type": "Feature", "properties": { "nombre": "Camino sin nombre", "longitud_km": 3.97 }, "geometry": { "type": "LineString", "coordinates": [ [ -63.1946, -23.9058 ], [ -63.2061, -23.9084 ], [ -63.2271, -23.9243 ] ] } },
{ "type": "Feature", "properties": { "nombre": "Camino sin nombre", "longitud_km": 5.97 }, "geometry": { "type": "LineString", "coordinates": [ [ -63.6433, -23.9408 ], [ -63.63, -23.9616 ], [ -63.6001, -23.9501 ] ] } },
{ "type": "Feature", "properties": { "nombre": "Camino sin nombre", "longitud_km": 9.41 }, "geometry": { "type": "LineString", "coordinates": [ [ -63.268, -23.8542 ], [ -63.2655, -23.8773 ], [ -63.2528, -23.8842 ], [ -63.2439, -23.91 ], [ -63.2271, -23.9243 ] ] } },
{ "type": "Feature", "properties": { "nombre": "Camino sin nombre", "longitud_km": 8.36 }, "geometry": { "type": "LineString", "coordinates": [ [ -63.1051, -23.9249 ], [ -63.081, -23.9118 ], [ -63.0756, -23.8942 ], [ -63.058, -23.8795 ], [ -63.0591, -23.87 ] ] } },
{ "type": "Feature", "properties": { "nombre": "Camino sin nombre", "longitud_km": 5.05 }, "geometry": { "type": "LineString", "coordinates": [ [ -63.1478, -23.9096 ], [ -63.1387, -23.9154 ], [ -63.1175, -23.9138 ], [ -63.1051, -23.9249 ] ] } },
{ "type": "Feature", "properties": { "nombre": "Camino sin nombre", "longitud_km": 4.1 }, "geometry": { "type": "LineString", "coordinates": [ [ -62.8254, -23.9262 ], [ -62.8407, -23.9212 ], [ -62.8644, -23.9249 ] ] } },
{ "type": "Feature", "properties": { "nombre": "Camino sin nombre", "longitud_km": 0.17 }, "geometry": { "type": "LineString", "coordinates": [ [ -62.8254, -23.9262 ], [ -62.8239, -23.9267 ] ] } },
{ "type": "Feature", "properties": { "nombre": "Camino sin nombre", "longitud_km": 2.65 }, "geometry": { "type": "LineString", "coordinates": [ [ -62.8239, -23.9267 ], [ -62.7983, -23.9223 ] ] } },
{ "type": "Feature", "properties": { "nombre": "Camino sin nombre", "longitud_km": 8.03 }, "geometry": { "type": "LineString", "coordinates": [ [ -62.7289, -23.9087 ], [ -62.7346, -23.9363 ], [ -62.7433, -23.9423 ], [ -62.7089, -23.956 ] ] } },
{ "type": "Feature", "properties": { "nombre": "Camino sin nombre", "longitud_km": 6.97 }, "geometry": { "type": "LineString", "coordinates": [ [ -63.4613, -23.8894 ], [ -63.48, -23.9114 ], [ -63.4929, -23.9136 ], [ -63.5118, -23.9285 ] ] } },
{ "type": "Feature", "properties": { "nombre": "Camino sin nombre", "longitud_km": 10.54 }, "geometry": { "type": "LineString", "coordinates": [ [ -63.346, -23.8491 ], [ -63.3379, -23.8612 ], [ -63.345, -23.9015 ], [ -63.3298, -23.9076 ], [ -63.3247, -23.9321 ] ] } },
{ "type": "Feature", "properties": { "nombre": "Camino sin nombre", "longitud_km": 4.42 }, "geometry": { "type": "LineString", "coordinates": [ [ -63.555, -23.9324 ], [ -63.5118, -23.9285 ] ] } },
{ "type": "Feature", "properties": { "nombre": "Camino sin nombre", "longitud_km": 0.05 }, "geometry": { "type": "LineString", "coordinates": [ [ -63.5555, -23.9324 ], [ -63.555, -23.9324 ] ] } },
{ "type": "Feature", "properties": { "nombre": "Camino sin nombre", "longitud_km": 17.83 }, "geometry": { "type": "LineString", "coordinates": [ [ -62.4832, -23.9327 ], [ -62.4721, -23.918 ], [ -62.4404, -23.9166 ], [ -62.416, -23.9038 ], [ -62.4069, -23.888 ], [ -62.3898, -23.8768 ], [ -62.3526, -23.9009 ], [ -62.3429, -23.9021 ] ] } },
{ "type": "Feature", "properties": { "nombre": "Camino sin nombre", "longitud_km": 8.6 }, "geometry": { "type": "LineString", "coordinates": [ [ -62.4832, -23.9327 ], [ -62.4921, -23.9228 ], [ -62.5189, -23.9114 ], [ -62.5253, -23.8984 ], [ -62.5503, -23.9033 ] ] } },
{ "type": "Feature", "properties": { "nombre": "Camino sin nombre", "longitud_km": 0.07 }, "geometry": { "type": "LineString", "coordinates": [ [ -63.5544, -23.9327 ], [ -63.555, -23.9324 ] ] } },
{ "type": "Feature", "properties": { "nombre": "Camino sin nombre", "longitud_km": 0.11 }, "geometry": { "type": "LineString", "coordinates": [ [ -63.5544, -23.9327 ], [ -63.5555, -23.9324 ] ] } },
{ "type": "Feature", "properties": { "nombre": "Camino sin nombre", "longitud_km": 4.14 }, "geometry": { "type": "LineString", "coordinates": [ [ -62.8889, -23.9679 ], [ -62.8706, -23.9673 ], [ -62.8498, -23.9597 ] ] } },
{ "type": "Feature", "properties": { "nombre": "Camino sin nombre", "longitud_km": 11.62 }, "geometry": { "type": "LineString", "coordinates": [ [ -62.7397, -24.0264 ], [ -62.7411, -24.0163 ], [ -62.7266, -23.9938 ], [ -62.718, -23.9666 ], [ -62.7459, -23.9695 ], [ -62.7604, -23.9638 ] ] } },
{ "type": "Feature", "properties": { "nombre": "Camino sin nombre", "longitud_km": 25.53 }, "geometry": { "type": "LineString", "coordinates": [ [ -63.0265, -23.8868 ], [ -63.014, -23.897 ], [ -63.0153, -23.9096 ], [ -63.0217, -23.9158 ], [ -63.0132, -23.9308 ], [ -62.9988, -23.9391 ], [ -62.9888, -23.936 ], [ -62.9784, -23.945 ], [ -62.9595, -23.9499 ], [ -62.959, -23.9265 ], [ -62.9447, -23.9126 ], [ -62.9427, -23.9019 ], [ -62.9495, -23.894 ], [ -62.9711, -23.8924 ], [ -62.994, -23.862 ] ] } },
{ "type": "Feature", "properties": { "nombre": "Camino sin nombre", "longitud_km": 5.43 }, "geometry": { "type": "LineString", "coordinates": [ [ -63.5118, -23.9285 ], [ -63.521, -23.9409 ], [ -63.5318, -23.9363 ], [ -63.5418, -23.9393 ], [ -63.5544, -23.9327 ] ] } },
{ "type": "Feature", "properties": { "nombre": "Camino sin nombre", "longitud_km": 8.98 }, "geometry": { "type": "LineString", "coordinates": [ [ -63.6433, -23.9408 ], [ -63.5555, -23.9324 ] ] } },
{ "type": "Feature", "properties": { "nombre": "Camino sin nombre", "longitud_km": 2.95 }, "geometry": { "type": "LineString", "coordinates": [ [ -62.8254, -23.9262 ], [ -62.8361, -23.9412 ], [ -62.8356, -23.9498 ] ] } },
{ "type": "Feature", "properties": { "nombre": "Camino sin nombre", "longitud_km": 5.04 }, "geometry": { "type": "LineString", "coordinates": [ [ -63.6001, -23.9501 ], [ -63.5544, -23.9327 ] ] } },
{ "type": "Feature", "properties": { "nombre": "Camino sin nombre", "longitud_km": 1.66 }, "geometry": { "type": "LineString", "coordinates": [ [ -62.8889, -23.9679 ], [ -62.8989, -23.9797 ] ] } },
{ "type": "Feature", "properties": { "nombre": "Camino sin nombre", "longitud_km": 2.57 }, "geometry": { "type": "LineString", "coordinates": [ [ -63.3247, -23.9321 ], [ -63.3387, -23.9514 ] ] } },
{ "type": "Feature", "properties": { "nombre": "Camino sin nombre", "longitud_km": 4.11 }, "geometry": { "type": "LineString", "coordinates": [ [ -63.1051, -23.9249 ], [ -63.0995, -23.9266 ], [ -63.1068, -23.9417 ], [ -63.1055, -23.9568 ] ] } },
{ "type": "Feature", "properties": { "nombre": "Camino sin nombre", "longitud_km": 3.43 }, "geometry": { "type": "LineString", "coordinates": [ [ -63.3055, -23.9575 ], [ -63.3247, -23.9321 ] ] } },
{ "type": "Feature", "properties": { "nombre": "Camino sin nombre", "longitud_km": 4.16 }, "geometry": { "type": "LineString", "coordinates": [ [ -62.7983, -23.9223 ], [ -62.8064, -23.9592 ] ] } },
{ "type": "Feature", "properties": { "nombre": "Camino sin nombre", "longitud_km": 4.01 }, "geometry": { "type": "LineString", "coordinates": [ [ -62.8239, -23.9267 ], [ -62.8064, -23.9592 ] ] } },
{ "type": "Feature", "properties": { "nombre": "Camino sin nombre", "longitud_km": 6.77 }, "geometry": { "type": "LineString", "coordinates": [ [ -63.3387, -23.9514 ], [ -63.3533, -23.9521 ], [ -63.3646, -23.9587 ], [ -63.4031, -23.9613 ] ] } },
{ "type": "Feature", "properties": { "nombre": "Camino sin nombre", "longitud_km": 10.93 }, "geometry": { "type": "LineString", "coordinates": [ [ -63.3694, -23.8722 ], [ -63.3699, -23.9154 ], [ -63.3853, -23.9423 ], [ -63.4031, -23.9613 ] ] } },
{ "type": "Feature", "properties": { "nombre": "Camino sin nombre", "longitud_km": 3.52 }, "geometry": { "type": "LineString", "coordinates": [ [ -62.8889, -23.9679 ], [ -62.905, -23.9641 ], [ -62.8917, -23.9531 ] ] } },
{ "type": "Feature", "properties": { "nombre": "Camino sin nombre", "longitud_km": 2.95 }, "geometry": { "type": "LineString", "coordinates": [ [ -63.1055, -23.9568 ], [ -63.1256, -23.976 ] ] } },
{ "type": "Feature", "properties": { "nombre": "Camino sin nombre", "longitud_km": 2.63 }, "geometry": { "type": "LineString", "coordinates": [ [ -63.1483, -23.9778 ], [ -63.1551, -23.9707 ], [ -63.1549, -23.9564 ] ] } },
{ "type": "Feature", "properties": { "nombre": "Camino sin nombre", "longitud_km": 7.39 }, "geometry": { "type": "LineString", "coordinates": [ [ -63.2271, -23.9243 ], [ -63.2289, -23.9445 ], [ -63.2365, -23.9495 ], [ -63.2415, -23.9682 ], [ -63.2586, -23.9782 ] ] } },
{ "type": "Feature", "properties": { "nombre": "Camino sin nombre", "longitud_km": 3.71 }, "geometry": { "type": "LineString", "coordinates": [ [ -62.8064, -23.9592 ], [ -62.8191, -23.979 ], [ -62.809, -23.9741 ] ] } },
{ "type": "Feature", "properties": { "nombre": "Camino sin nombre", "longitud_km": 5.91 }, "geometry": { "type": "LineString", "coordinates": [ [ -63.2586, -23.9782 ], [ -63.2804, -23.9804 ], [ -63.2848, -23.9721 ], [ -63.3055, -23.9575 ] ] } },
{ "type": "Feature", "properties": { "nombre": "Camino sin nombre", "longitud_km": 2.75 }, "geometry": { "type": "LineString", "coordinates": [ [ -63.1483, -23.9778 ], [ -63.1351, -23.9825 ], [ -63.1227, -23.9793 ] ] } },
{ "type": "Feature", "properties": { "nombre": "Camino sin nombre", "longitud_km": 4.2 }, "geometry": { "type": "LineString", "coordinates": [ [ -62.7089, -23.956 ], [ -62.6911, -23.9661 ], [ -62.6919, -23.9848 ] ] } },
{ "type": "Feature", "properties": { "nombre": "Camino sin nombre", "longitud_km": 1.0 }, "geometry": { "type": "LineString", "coordinates": [ [ -63.2586, -23.9782 ], [ -63.2628, -23.9863 ] ] } },
{ "type": "Feature", "properties": { "nombre": "Camino sin nombre", "longitud_km": 4.12 }, "geometry": { "type": "LineString", "coordinates": [ [ -62.4806, -24.1415 ], [ -62.4715, -24.1052 ] ] } },
{ "type": "Feature", "properties": { "nombre": "Camino sin nombre", "longitud_km": 23.83 }, "geometry": { "type": "LineString", "coordinates": [ [ -62.6919, -23.9848 ], [ -62.675, -23.989 ], [ -62.6335, -23.9873 ], [ -62.6166, -23.9932 ], [ -62.6107, -24.0181 ], [ -62.5936, -24.0096 ], [ -62.5843, -24.0189 ], [ -62.5732, -24.0202 ], [ -62.532, -24.0508 ], [ -62.5171, -24.0768 ] ] } },
{ "type": "Feature", "properties": { "nombre": "Camino sin nombre", "longitud_km": 8.77 }, "geometry": { "type": "LineString", "coordinates": [ [ -63.1872, -23.9193 ], [ -63.202, -23.9338 ], [ -63.2049, -23.9504 ], [ -63.2136, -23.9614 ], [ -63.2062, -23.9894 ] ] } },
{ "type": "Feature", "properties": { "nombre": "Camino sin nombre", "longitud_km": 6.34 }, "geometry": { "type": "LineString", "coordinates": [ [ -63.2062, -23.9894 ], [ -63.2, -23.9907 ], [ -63.175, -23.9768 ], [ -63.1483, -23.9778 ] ] } },
{ "type": "Feature", "properties": { "nombre": "Camino sin nombre", "longitud_km": 4.5 }, "geometry": { "type": "LineString", "coordinates": [ [ -63.1564, -24.0261 ], [ -63.1475, -24.0241 ], [ -63.1435, -24.0284 ], [ -63.1149, -24.0316 ] ] } },
{ "type": "Feature", "properties": { "nombre": "Camino sin nombre", "longitud_km": 36.34 }, "geometry": { "type": "LineString", "coordinates": [ [ -63.9853, -23.9957 ], [ -63.9232, -23.9962 ], [ -63.8394, -23.9575 ], [ -63.8026, -23.9471 ], [ -63.7761, -23.9571 ], [ -63.6433, -23.9408 ] ] } },
{ "type": "Feature", "properties": { "nombre": "Camino sin nombre", "longitud_km": 5.71 }, "geometry": { "type": "LineString", "coordinates": [ [ -62.9654, -24.0252 ], [ -62.9694, -24.0096 ], [ -62.9516, -23.978 ] ] } },
{ "type": "Feature", "properties": { "nombre": "Camino sin nombre", "longitud_km": 1.9 }, "geometry": { "type": "LineString", "coordinates": [ [ -62.645, -24.0305 ], [ -62.6521, -24.029 ], [ -62.6619, -24.0345 ] ] } },
{ "type": "Feature", "properties": { "nombre": "Camino sin nombre", "longitud_km": 0.84 }, "geometry": { "type": "LineString", "coordinates": [ [ -63.1149, -24.0316 ], [ -63.1075, -24.035 ] ] } },
{ "type": "Feature", "properties": { "nombre": "Camino sin nombre", "longitud_km": 0.71 }, "geometry": { "type": "LineString", "coordinates": [ [ -63.8952, -24.6136 ], [ -63.8963, -24.62 ] ] } },
{ "type": "Feature", "properties": { "nombre": "Camino sin nombre", "longitud_km": 6.9 }, "geometry": { "type": "LineString", "coordinates": [ [ -63.0692, -24.0038 ], [ -63.0713, -23.9891 ], [ -63.0973, -23.9752 ], [ -63.1055, -23.9568 ] ] } },
{ "type": "Feature", "properties": { "nombre": "Camino sin nombre", "longitud_km": 10.96 }, "geometry": { "type": "LineString", "coordinates": [ [ -63.2223, -24.0819 ], [ -63.2313, -24.049 ], [ -63.2288, -24.0389 ], [ -63.2136, -24.0192 ], [ -63.2062, -23.9894 ] ] } },
{ "type": "Feature", "properties": { "nombre": "Camino sin nombre", "longitud_km": 3.67 }, "geometry": { "type": "LineString", "coordinates": [ [ -62.6919, -23.9848 ], [ -62.6962, -24.0 ], [ -62.7083, -24.0134 ] ] } },
{ "type": "Feature", "properties": { "nombre": "Camino sin nombre", "longitud_km": 10.7 }, "geometry": { "type": "LineString", "coordinates": [ [ -62.4286, -24.0915 ], [ -62.4199, -24.0909 ], [ -62.4056, -24.0805 ], [ -62.3716, -24.0991 ], [ -62.3598, -24.0986 ], [ -62.351, -24.096 ], [ -62.3408, -24.0827 ] ] } },
{ "type": "Feature", "properties": { "nombre": "Camino sin nombre", "longitud_km": 10.39 }, "geometry": { "type": "LineString", "coordinates": [ [ -63.3055, -23.9575 ], [ -63.3139, -23.964 ], [ -63.3022, -23.9777 ], [ -63.303, -23.9903 ], [ -63.318, -24.0041 ], [ -63.3254, -24.0255 ], [ -63.3359, -24.0322 ] ] } },
{ "type": "Feature", "properties": { "nombre": "Camino sin nombre", "longitud_km": 7.17 }, "geometry": { "type": "LineString", "coordinates": [ [ -63.3387, -23.9514 ], [ -63.3536, -23.961 ], [ -63.3544, -23.9708 ], [ -63.3697, -23.9839 ], [ -63.3774, -24.0015 ] ] } },
{ "type": "Feature", "properties": { "nombre": "Camino sin nombre", "longitud_km": 5.46 }, "geometry": { "type": "LineString", "coordinates": [ [ -63.3774, -24.0015 ], [ -63.3975, -23.9829 ], [ -63.3977, -23.9687 ], [ -63.4031, -23.9613 ] ] } },
{ "type": "Feature", "properties": { "nombre": "Camino sin nombre", "longitud_km": 10.27 }, "geometry": { "type": "LineString", "coordinates": [ [ -63.6001, -23.9501 ], [ -63.5704, -23.9649 ], [ -63.5355, -24.0176 ] ] } },
{ "type": "Feature", "properties": { "nombre": "Camino sin nombre", "longitud_km": 1.59 }, "geometry": { "type": "LineString", "coordinates": [ [ -63.9982, -24.0038 ], [ -63.9853, -23.9957 ] ] } },
{ "type": "Feature", "properties": { "nombre": "Camino sin nombre", "longitud_km": 2.56 }, "geometry": { "type": "LineString", "coordinates": [ [ -63.09, -24.0168 ], [ -63.0692, -24.0038 ] ] } },
{ "type": "Feature", "properties": { "nombre": "Camino sin nombre", "longitud_km": 7.03 }, "geometry": { "type": "LineString", "coordinates": [ [ -62.8818, -24.0638 ], [ -62.8875, -24.029 ], [ -62.8802, -24.012 ], [ -62.8833, -24.0024 ] ] } },
{ "type": "Feature", "properties": { "nombre": "Camino sin nombre", "longitud_km": 3.31 }, "geometry": { "type": "LineString", "coordinates": [ [ -63.1413, -24.0026 ], [ -63.1409, -24.0135 ], [ -63.1564, -24.0261 ] ] } },
{ "type": "Feature", "properties": { "nombre": "Camino sin nombre", "longitud_km": 6.75 }, "geometry": { "type": "LineString", "coordinates": [ [ -62.9654, -24.0252 ], [ -62.9275, -24.0274 ], [ -62.9217, -24.0245 ], [ -62.9136, -24.006 ] ] } },
{ "type": "Feature", "properties": { "nombre": "Camino sin nombre", "longitud_km": 3.22 }, "geometry": { "type": "LineString", "coordinates": [ [ -63.0841, -24.0249 ], [ -63.1149, -24.0316 ] ] } },
{ "type": "Feature", "properties": { "nombre": "Camino sin nombre", "longitud_km": 2.82 }, "geometry": { "type": "LineString", "coordinates": [ [ -62.4506, -24.3155 ], [ -62.4672, -24.3359 ] ] } },
{ "type": "Feature", "properties": { "nombre": "Camino sin nombre", "longitud_km": 4.28 }, "geometry": { "type": "LineString", "coordinates": [ [ -62.7083, -24.0134 ], [ -62.7237, -24.0316 ], [ -62.7397, -24.0264 ] ] } },
{ "type": "Feature", "properties": { "nombre": "Camino sin nombre", "longitud_km": 6.18 }, "geometry": { "type": "LineString", "coordinates": [ [ -63.3359, -24.0322 ], [ -63.376, -24.0152 ], [ -63.3735, -24.0057 ], [ -63.3774, -24.0015 ] ] } },
{ "type": "Feature", "properties": { "nombre": "Camino sin nombre", "longitud_km": 5.88 }, "geometry": { "type": "LineString", "coordinates": [ [ -62.9859, -24.0427 ], [ -63.0223, -24.0257 ], [ -63.0391, -24.0278 ] ] } },
{ "type": "Feature", "properties": { "nombre": "Camino sin nombre", "longitud_km": 6.0 }, "geometry": { "type": "LineString", "coordinates": [ [ -62.6619, -24.0345 ], [ -62.6844, -24.0382 ], [ -62.7083, -24.0134 ] ] } },
{ "type": "Feature", "properties": { "nombre": "Camino sin nombre", "longitud_km": 3.05 }, "geometry": { "type": "LineString", "coordinates": [ [ -62.9859, -24.0427 ], [ -62.9665, -24.0316 ], [ -62.9654, -24.0252 ] ] } },
{ "type": "Feature", "properties": { "nombre": "Camino sin nombre", "longitud_km": 1.84 }, "geometry": { "type": "LineString", "coordinates": [ [ -62.4036, -24.0446 ], [ -62.406, -24.0381 ], [ -62.4163, -24.0355 ] ] } },
{ "type": "Feature", "properties": { "nombre": "Camino sin nombre", "longitud_km": 3.96 }, "geometry": { "type": "LineString", "coordinates": [ [ -62.4871, -24.0152 ], [ -62.4846, -24.0234 ], [ -62.4899, -24.0333 ], [ -62.4796, -24.0465 ] ] } },
{ "type": "Feature", "properties": { "nombre": "Camino sin nombre", "longitud_km": 4.24 }, "geometry": { "type": "LineString", "coordinates": [ [ -63.1564, -24.0261 ], [ -63.1611, -24.0322 ], [ -63.1823, -24.0383 ], [ -63.1862, -24.0481 ] ] } },
{ "type": "Feature", "properties": { "nombre": "Camino sin nombre", "longitud_km": 1.36 }, "geometry": { "type": "LineString", "coordinates": [ [ -62.3919, -24.0504 ], [ -62.4036, -24.0446 ] ] } },
{ "type": "Feature", "properties": { "nombre": "Camino sin nombre", "longitud_km": 6.66 }, "geometry": { "type": "LineString", "coordinates": [ [ -62.4286, -24.0915 ], [ -62.3969, -24.063 ], [ -62.4036, -24.0446 ] ] } },
{ "type": "Feature", "properties": { "nombre": "Camino sin nombre", "longitud_km": 2.85 }, "geometry": { "type": "LineString", "coordinates": [ [ -63.2868, -24.5191 ], [ -63.2735, -24.5418 ] ] } },
{ "type": "Feature", "properties": { "nombre": "Camino sin nombre", "longitud_km": 12.67 }, "geometry": { "type": "LineString", "coordinates": [ [ -62.386, -24.0154 ], [ -62.3709, -24.0059 ], [ -62.379, -24.0258 ], [ -62.3779, -24.0356 ], [ -62.3571, -24.0536 ], [ -62.3364, -24.0514 ], [ -62.3168, -24.0624 ] ] } },
{ "type": "Feature", "properties": { "nombre": "Camino sin nombre", "longitud_km": 4.17 }, "geometry": { "type": "LineString", "coordinates": [ [ -63.1149, -24.0316 ], [ -63.1145, -24.037 ], [ -63.1332, -24.0542 ], [ -63.1352, -24.062 ] ] } },
{ "type": "Feature", "properties": { "nombre": "Camino sin nombre", "longitud_km": 4.37 }, "geometry": { "type": "LineString", "coordinates": [ [ -62.8818, -24.0638 ], [ -62.87, -24.055 ], [ -62.8627, -24.0304 ] ] } },
{ "type": "Feature", "properties": { "nombre": "Camino sin nombre", "longitud_km": 8.04 }, "geometry": { "type": "LineString", "coordinates": [ [ -62.8993, -24.0884 ], [ -62.9059, -24.0839 ], [ -62.9171, -24.0441 ], [ -62.9308, -24.0645 ] ] } },
{ "type": "Feature", "properties": { "nombre": "Camino sin nombre", "longitud_km": 5.43 }, "geometry": { "type": "LineString", "coordinates": [ [ -63.0636, -24.0461 ], [ -63.041, -24.0608 ], [ -63.0351, -24.0705 ], [ -63.0381, -24.0826 ] ] } },
{ "type": "Feature", "properties": { "nombre": "Camino sin nombre", "longitud_km": 8.31 }, "geometry": { "type": "LineString", "coordinates": [ [ -63.3359, -24.0322 ], [ -63.2632, -24.0664 ] ] } },
{ "type": "Feature", "properties": { "nombre": "Camino sin nombre", "longitud_km": 2.82 }, "geometry": { "type": "LineString", "coordinates": [ [ -62.9573, -24.072 ], [ -62.9308, -24.0645 ] ] } },
{ "type": "Feature", "properties": { "nombre": "Camino sin nombre", "longitud_km": 0.75 }, "geometry": { "type": "LineString", "coordinates": [ [ -62.5109, -24.5901 ], [ -62.5182, -24.5903 ] ] } },
{ "type": "Feature", "properties": { "nombre": "Camino sin nombre", "longitud_km": 4.56 }, "geometry": { "type": "LineString", "coordinates": [ [ -62.9573, -24.072 ], [ -62.9669, -24.0588 ], [ -62.9834, -24.0503 ], [ -62.9859, -24.0427 ] ] } },
{ "type": "Feature", "properties": { "nombre": "Camino sin nombre", "longitud_km": 6.33 }, "geometry": { "type": "LineString", "coordinates": [ [ -63.1953, -24.0738 ], [ -63.1685, -24.0732 ], [ -63.1352, -24.062 ] ] } },
{ "type": "Feature", "properties": { "nombre": "Camino sin nombre", "longitud_km": 6.51 }, "geometry": { "type": "LineString", "coordinates": [ [ -62.7802, -24.0722 ], [ -62.8024, -24.0876 ], [ -62.8278, -24.0927 ], [ -62.8328, -24.1009 ] ] } },
{ "type": "Feature", "properties": { "nombre": "Camino sin nombre", "longitud_km": 1.47 }, "geometry": { "type": "LineString", "coordinates": [ [ -62.9308, -24.0645 ], [ -62.9341, -24.0773 ] ] } },
{ "type": "Feature", "properties": { "nombre": "Camino sin nombre", "longitud_km": 5.07 }, "geometry": { "type": "LineString", "coordinates": [ [ -62.5171, -24.0768 ], [ -62.4796, -24.0465 ] ] } },
{ "type": "Feature", "properties": { "nombre": "Camino sin nombre", "longitud_km": 5.11 }, "geometry": { "type": "LineString", "coordinates": [ [ -62.6619, -24.0345 ], [ -62.657, -24.0466 ], [ -62.6604, -24.0626 ], [ -62.6515, -24.0773 ] ] } },
{ "type": "Feature", "properties": { "nombre": "Camino sin nombre", "longitud_km": 0.14 }, "geometry": { "type": "LineString", "coordinates": [ [ -62.5182, -24.0774 ], [ -62.5171, -24.0768 ] ] } },
{ "type": "Feature", "properties": { "nombre": "Camino sin nombre", "longitud_km": 1.95 }, "geometry": { "type": "LineString", "coordinates": [ [ -63.2652, -24.0814 ], [ -63.2693, -24.0763 ], [ -63.2632, -24.0664 ] ] } },
{ "type": "Feature", "properties": { "nombre": "Camino sin nombre", "longitud_km": 2.89 }, "geometry": { "type": "LineString", "coordinates": [ [ -63.2223, -24.0819 ], [ -63.1953, -24.0738 ] ] } },
{ "type": "Feature", "properties": { "nombre": "Camino sin nombre", "longitud_km": 0.3 }, "geometry": { "type": "LineString", "coordinates": [ [ -63.2232, -24.0845 ], [ -63.2223, -24.0819 ] ] } },
{ "type": "Feature", "properties": { "nombre": "Camino sin nombre", "longitud_km": 4.54 }, "geometry": { "type": "LineString", "coordinates": [ [ -63.2632, -24.0664 ], [ -63.2232, -24.0845 ] ] } },
{ "type": "Feature", "properties": { "nombre": "Camino sin nombre", "longitud_km": 3.47 }, "geometry": { "type": "LineString", "coordinates": [ [ -62.9341, -24.0773 ], [ -62.9455, -24.086 ], [ -62.9573, -24.072 ] ] } },
{ "type": "Feature", "properties": { "nombre": "Camino sin nombre", "longitud_km": 6.81 }, "geometry": { "type": "LineString", "coordinates": [ [ -62.6443, -24.0777 ], [ -62.6203, -24.0844 ], [ -62.6106, -24.0817 ], [ -62.6043, -24.0876 ], [ -62.584, -24.0782 ] ] } },
{ "type": "Feature", "properties": { "nombre": "Camino sin nombre", "longitud_km": 3.26 }, "geometry": { "type": "LineString", "coordinates": [ [ -62.8993, -24.0884 ], [ -62.8818, -24.0638 ] ] } },
{ "type": "Feature", "properties": { "nombre": "Camino sin nombre", "longitud_km": 1.48 }, "geometry": { "type": "LineString", "coordinates": [ [ -62.9341, -24.0773 ], [ -62.9271, -24.0891 ] ] } },
{ "type": "Feature", "properties": { "nombre": "Camino sin nombre", "longitud_km": 10.13 }, "geometry": { "type": "LineString", "coordinates": [ [ -62.4796, -24.0465 ], [ -62.469, -24.0596 ], [ -62.4773, -24.0873 ], [ -62.4632, -24.0911 ], [ -62.4419, -24.0872 ], [ -62.4286, -24.0915 ] ] } },
{ "type": "Feature", "properties": { "nombre": "Camino sin nombre", "longitud_km": 3.04 }, "geometry": { "type": "LineString", "coordinates": [ [ -62.9271, -24.0891 ], [ -62.9553, -24.0983 ] ] } },
{ "type": "Feature", "properties": { "nombre": "Camino sin nombre", "longitud_km": 3.41 }, "geometry": { "type": "LineString", "coordinates": [ [ -62.9271, -24.0891 ], [ -62.9006, -24.0942 ], [ -62.8993, -24.0884 ] ] } },
{ "type": "Feature", "properties": { "nombre": "Camino sin nombre", "longitud_km": 1.11 }, "geometry": { "type": "LineString", "coordinates": [ [ -62.9345, -24.0964 ], [ -62.9271, -24.0891 ] ] } },
{ "type": "Feature", "properties": { "nombre": "Camino sin nombre", "longitud_km": 2.91 }, "geometry": { "type": "LineString", "coordinates": [ [ -62.8993, -24.0884 ], [ -62.8747, -24.1017 ] ] } },
{ "type": "Feature", "properties": { "nombre": "Camino sin nombre", "longitud_km": 1.66 }, "geometry": { "type": "LineString", "coordinates": [ [ -62.9442, -24.1085 ], [ -62.9345, -24.0964 ] ] } },
{ "type": "Feature", "properties": { "nombre": "Camino sin nombre", "longitud_km": 30.51 }, "geometry": { "type": "LineString", "coordinates": [ [ -62.5182, -24.5903 ], [ -62.73, -24.3945 ] ] } },
{ "type": "Feature", "properties": { "nombre": "Camino sin nombre", "longitud_km": 4.92 }, "geometry": { "type": "LineString", "coordinates": [ [ -62.9053, -24.1274 ], [ -62.9299, -24.1143 ], [ -62.9345, -24.0964 ] ] } },
{ "type": "Feature", "properties": { "nombre": "Camino sin nombre", "longitud_km": 4.56 }, "geometry": { "type": "LineString", "coordinates": [ [ -62.8328, -24.1009 ], [ -62.8516, -24.0939 ], [ -62.8747, -24.1017 ] ] } },
{ "type": "Feature", "properties": { "nombre": "Camino sin nombre", "longitud_km": 2.85 }, "geometry": { "type": "LineString", "coordinates": [ [ -62.805, -24.201 ], [ -62.8047, -24.2267 ] ] } },
{ "type": "Feature", "properties": { "nombre": "Camino sin nombre", "longitud_km": 7.59 }, "geometry": { "type": "LineString", "coordinates": [ [ -62.4715, -24.1052 ], [ -62.509, -24.0969 ], [ -62.5305, -24.1042 ], [ -62.5435, -24.1029 ] ] } },
{ "type": "Feature", "properties": { "nombre": "Camino sin nombre", "longitud_km": 4.32 }, "geometry": { "type": "LineString", "coordinates": [ [ -62.8747, -24.1017 ], [ -62.8769, -24.1077 ], [ -62.9053, -24.1274 ] ] } },
{ "type": "Feature", "properties": { "nombre": "Camino sin nombre", "longitud_km": 5.03 }, "geometry": { "type": "LineString", "coordinates": [ [ -63.2095, -24.1122 ], [ -63.2141, -24.104 ], [ -63.1979, -24.0881 ], [ -63.1953, -24.0738 ] ] } },
{ "type": "Feature", "properties": { "nombre": "Camino sin nombre", "longitud_km": 10.73 }, "geometry": { "type": "LineString", "coordinates": [ [ -62.9546, -24.1301 ], [ -62.9771, -24.1317 ], [ -62.9943, -24.123 ], [ -63.0291, -24.0983 ], [ -63.0381, -24.0826 ] ] } },
{ "type": "Feature", "properties": { "nombre": "Camino sin nombre", "longitud_km": 1.72 }, "geometry": { "type": "LineString", "coordinates": [ [ -62.4715, -24.1052 ], [ -62.4585, -24.1152 ] ] } },
{ "type": "Feature", "properties": { "nombre": "Camino sin nombre", "longitud_km": 10.69 }, "geometry": { "type": "LineString", "coordinates": [ [ -62.3555, -24.1247 ], [ -62.3773, -24.1251 ], [ -62.3882, -24.1194 ], [ -62.445, -24.1133 ], [ -62.4585, -24.1152 ] ] } },
{ "type": "Feature", "properties": { "nombre": "Camino sin nombre", "longitud_km": 5.96 }, "geometry": { "type": "LineString", "coordinates": [ [ -62.8328, -24.1009 ], [ -62.8509, -24.1198 ], [ -62.868, -24.121 ], [ -62.871, -24.1337 ] ] } },
{ "type": "Feature", "properties": { "nombre": "Camino sin nombre", "longitud_km": 2.91 }, "geometry": { "type": "LineString", "coordinates": [ [ -62.9546, -24.1301 ], [ -62.9555, -24.1176 ], [ -62.9442, -24.1085 ] ] } },
{ "type": "Feature", "properties": { "nombre": "Camino sin nombre", "longitud_km": 1.33 }, "geometry": { "type": "LineString", "coordinates": [ [ -62.9053, -24.1274 ], [ -62.9148, -24.1355 ] ] } },
{ "type": "Feature", "properties": { "nombre": "Camino sin nombre", "longitud_km": 6.64 }, "geometry": { "type": "LineString", "coordinates": [ [ -63.0381, -24.0826 ], [ -63.0431, -24.1026 ], [ -63.0648, -24.1367 ] ] } },
{ "type": "Feature", "properties": { "nombre": "Camino sin nombre", "longitud_km": 3.54 }, "geometry": { "type": "LineString", "coordinates": [ [ -62.871, -24.1337 ], [ -62.9027, -24.1469 ] ] } },
{ "type": "Feature", "properties": { "nombre": "Camino sin nombre", "longitud_km": 3.67 }, "geometry": { "type": "LineString", "coordinates": [ [ -62.4806, -24.1415 ], [ -62.4585, -24.1152 ] ] } },
{ "type": "Feature", "properties": { "nombre": "Camino sin nombre", "longitud_km": 2.06 }, "geometry": { "type": "LineString", "coordinates": [ [ -66.7364, -24.4977 ], [ -66.7387, -24.4792 ] ] } },
{ "type": "Feature", "properties": { "nombre": "Camino sin nombre", "longitud_km": 9.21 }, "geometry": { "type": "LineString", "coordinates": [ [ -62.8875, -24.1819 ], [ -62.9133, -24.1627 ], [ -62.9242, -24.1432 ], [ -62.9546, -24.1301 ] ] } },
{ "type": "Feature", "properties": { "nombre": "Camino sin nombre", "longitud_km": 24.81 }, "geometry": { "type": "LineString", "coordinates": [ [ -62.8756, -24.1851 ], [ -62.8114, -24.1341 ], [ -62.7454, -24.1356 ], [ -62.7235, -24.1097 ], [ -62.7199, -24.097 ], [ -62.6976, -24.0982 ], [ -62.6805, -24.1092 ] ] } },
{ "type": "Feature", "properties": { "nombre": "Camino sin nombre", "longitud_km": 11.08 }, "geometry": { "type": "LineString", "coordinates": [ [ -63.1352, -24.062 ], [ -63.1421, -24.0839 ], [ -63.1414, -24.0977 ], [ -63.1695, -24.1198 ], [ -63.1703, -24.1318 ], [ -63.1577, -24.145 ] ] } },
{ "type": "Feature", "properties": { "nombre": "Camino sin nombre", "longitud_km": 9.89 }, "geometry": { "type": "LineString", "coordinates": [ [ -62.5435, -24.1029 ], [ -62.5812, -24.1106 ], [ -62.5884, -24.1272 ], [ -62.6005, -24.1313 ], [ -62.5931, -24.1489 ], [ -62.5979, -24.152 ] ] } },
{ "type": "Feature", "properties": { "nombre": "Camino sin nombre", "longitud_km": 3.65 }, "geometry": { "type": "LineString", "coordinates": [ [ -63.3038, -24.5482 ], [ -63.2868, -24.5191 ] ] } },
{ "type": "Feature", "properties": { "nombre": "Camino sin nombre", "longitud_km": 5.56 }, "geometry": { "type": "LineString", "coordinates": [ [ -62.871, -24.1337 ], [ -62.8725, -24.155 ], [ -62.8875, -24.1804 ] ] } },
{ "type": "Feature", "properties": { "nombre": "Camino sin nombre", "longitud_km": 13.15 }, "geometry": { "type": "LineString", "coordinates": [ [ -62.5979, -24.152 ], [ -62.6249, -24.1517 ], [ -62.6689, -24.2033 ], [ -62.6791, -24.2301 ] ] } },
{ "type": "Feature", "properties": { "nombre": "Camino sin nombre", "longitud_km": 13.92 }, "geometry": { "type": "LineString", "coordinates": [ [ -63.309, -24.1753 ], [ -63.3075, -24.1682 ], [ -63.2653, -24.1452 ], [ -63.2471, -24.1094 ], [ -63.2317, -24.0987 ], [ -63.2232, -24.0845 ] ] } },
{ "type": "Feature", "properties": { "nombre": "Camino sin nombre", "longitud_km": 0.78 }, "geometry": { "type": "LineString", "coordinates": [ [ -63.314, -24.1699 ], [ -63.309, -24.1753 ] ] } },
{ "type": "Feature", "properties": { "nombre": "Camino sin nombre", "longitud_km": 4.96 }, "geometry": { "type": "LineString", "coordinates": [ [ -62.5079, -24.1786 ], [ -62.4806, -24.1415 ] ] } },
{ "type": "Feature", "properties": { "nombre": "Camino sin nombre", "longitud_km": 0.81 }, "geometry": { "type": "LineString", "coordinates": [ [ -62.513, -24.1842 ], [ -62.5079, -24.1786 ] ] } },
{ "type": "Feature", "properties": { "nombre": "Camino sin nombre", "longitud_km": 11.02 }, "geometry": { "type": "LineString", "coordinates": [ [ -62.5435, -24.1029 ], [ -62.5554, -24.1363 ], [ -62.5526, -24.1518 ], [ -62.513, -24.1842 ] ] } },
{ "type": "Feature", "properties": { "nombre": "Camino sin nombre", "longitud_km": 0.48 }, "geometry": { "type": "LineString", "coordinates": [ [ -62.8449, -24.1896 ], [ -62.8423, -24.1932 ] ] } },
{ "type": "Feature", "properties": { "nombre": "Camino sin nombre", "longitud_km": 2.34 }, "geometry": { "type": "LineString", "coordinates": [ [ -62.8648, -24.1883 ], [ -62.8423, -24.1932 ] ] } },
{ "type": "Feature", "properties": { "nombre": "Camino sin nombre", "longitud_km": 6.27 }, "geometry": { "type": "LineString", "coordinates": [ [ -63.985, -24.2038 ], [ -63.9401, -24.1649 ] ] } },
{ "type": "Feature", "properties": { "nombre": "Camino sin nombre", "longitud_km": 3.63 }, "geometry": { "type": "LineString", "coordinates": [ [ -63.3077, -24.2074 ], [ -63.3117, -24.1896 ], [ -63.309, -24.1753 ] ] } },
{ "type": "Feature", "properties": { "nombre": "Camino sin nombre", "longitud_km": 6.47 }, "geometry": { "type": "LineString", "coordinates": [ [ -62.5079, -24.1786 ], [ -62.5063, -24.1844 ], [ -62.4555, -24.2085 ] ] } },
{ "type": "Feature", "properties": { "nombre": "Camino sin nombre", "longitud_km": 2.89 }, "geometry": { "type": "LineString", "coordinates": [ [ -62.8423, -24.1932 ], [ -62.8338, -24.199 ], [ -62.8271, -24.2142 ] ] } },
{ "type": "Feature", "properties": { "nombre": "Camino sin nombre", "longitud_km": 1.2 }, "geometry": { "type": "LineString", "coordinates": [ [ -63.9904, -24.2134 ], [ -63.985, -24.2038 ] ] } },
{ "type": "Feature", "properties": { "nombre": "Camino sin nombre", "longitud_km": 5.24 }, "geometry": { "type": "LineString", "coordinates": [ [ -62.8696, -24.2171 ], [ -62.8303, -24.2158 ], [ -62.8239, -24.2255 ] ] } },
{ "type": "Feature", "properties": { "nombre": "Camino sin nombre", "longitud_km": 0.91 }, "geometry": { "type": "LineString", "coordinates": [ [ -63.9833, -24.2276 ], [ -63.9923, -24.228 ] ] } },
{ "type": "Feature", "properties": { "nombre": "Camino sin nombre", "longitud_km": 4.79 }, "geometry": { "type": "LineString", "coordinates": [ [ -62.3717, -24.2406 ], [ -62.3805, -24.2394 ], [ -62.4091, -24.216 ] ] } },
{ "type": "Feature", "properties": { "nombre": "Camino sin nombre", "longitud_km": 4.63 }, "geometry": { "type": "LineString", "coordinates": [ [ -62.7716, -24.2147 ], [ -62.7587, -24.2251 ], [ -62.7444, -24.2476 ] ] } },
{ "type": "Feature", "properties": { "nombre": "Camino sin nombre", "longitud_km": 12.88 }, "geometry": { "type": "LineString", "coordinates": [ [ -62.5979, -24.152 ], [ -62.5915, -24.2524 ], [ -62.5983, -24.2668 ] ] } },
{ "type": "Feature", "properties": { "nombre": "Camino sin nombre", "longitud_km": 12.31 }, "geometry": { "type": "LineString", "coordinates": [ [ -62.5608, -24.2762 ], [ -62.5503, -24.2102 ], [ -62.5454, -24.2031 ], [ -62.522, -24.1934 ], [ -62.513, -24.1842 ] ] } },
{ "type": "Feature", "properties": { "nombre": "Camino sin nombre", "longitud_km": 1.21 }, "geometry": { "type": "LineString", "coordinates": [ [ -62.5623, -24.2871 ], [ -62.5608, -24.2762 ] ] } },
{ "type": "Feature", "properties": { "nombre": "Camino sin nombre", "longitud_km": 1.06 }, "geometry": { "type": "LineString", "coordinates": [ [ -62.5623, -24.2871 ], [ -62.5677, -24.2874 ], [ -62.5686, -24.292 ] ] } },
{ "type": "Feature", "properties": { "nombre": "Camino sin nombre", "longitud_km": 10.35 }, "geometry": { "type": "LineString", "coordinates": [ [ -63.5264, -24.2968 ], [ -63.4874, -24.2926 ], [ -63.4796, -24.2799 ], [ -63.4659, -24.2777 ], [ -63.4505, -24.2625 ], [ -63.4405, -24.2609 ] ] } },
{ "type": "Feature", "properties": { "nombre": "Camino sin nombre", "longitud_km": 1.01 }, "geometry": { "type": "LineString", "coordinates": [ [ -63.5318, -24.2891 ], [ -63.5264, -24.2968 ] ] } },
{ "type": "Feature", "properties": { "nombre": "Camino sin nombre", "longitud_km": 16.13 }, "geometry": { "type": "LineString", "coordinates": [ [ -63.2595, -24.2992 ], [ -63.2508, -24.2751 ], [ -63.2486, -24.2508 ], [ -63.2108, -24.2105 ], [ -63.1938, -24.2095 ], [ -63.1861, -24.1833 ] ] } },
{ "type": "Feature", "properties": { "nombre": "Camino sin nombre", "longitud_km": 10.84 }, "geometry": { "type": "LineString", "coordinates": [ [ -63.3522, -24.256 ], [ -63.3443, -24.2534 ], [ -63.2595, -24.2992 ] ] } },
{ "type": "Feature", "properties": { "nombre": "Camino sin nombre", "longitud_km": 5.69 }, "geometry": { "type": "LineString", "coordinates": [ [ -62.73, -24.3945 ], [ -62.7702, -24.3587 ] ] } },
{ "type": "Feature", "properties": { "nombre": "Camino sin nombre", "longitud_km": 1.69 }, "geometry": { "type": "LineString", "coordinates": [ [ -67.7788, -24.4446 ], [ -67.7648, -24.4529 ] ] } },
{ "type": "Feature", "properties": { "nombre": "Camino sin nombre", "longitud_km": 2.12 }, "geometry": { "type": "LineString", "coordinates": [ [ -62.952, -24.2932 ], [ -62.9454, -24.3114 ] ] } },
{ "type": "Feature", "properties": { "nombre": "Camino sin nombre", "longitud_km": 4.97 }, "geometry": { "type": "LineString", "coordinates": [ [ -63.5264, -24.2968 ], [ -63.5355, -24.3031 ], [ -63.5307, -24.3126 ], [ -63.5045, -24.3108 ] ] } },
{ "type": "Feature", "properties": { "nombre": "Camino sin nombre", "longitud_km": 4.5 }, "geometry": { "type": "LineString", "coordinates": [ [ -62.5308, -24.3139 ], [ -62.5484, -24.3055 ], [ -62.5623, -24.2871 ] ] } },
{ "type": "Feature", "properties": { "nombre": "Camino sin nombre", "longitud_km": 5.28 }, "geometry": { "type": "LineString", "coordinates": [ [ -63.2595, -24.2992 ], [ -63.2183, -24.3282 ] ] } },
{ "type": "Feature", "properties": { "nombre": "Camino sin nombre", "longitud_km": 5.29 }, "geometry": { "type": "LineString", "coordinates": [ [ -62.4959, -24.3055 ], [ -62.4974, -24.3212 ], [ -62.4939, -24.3255 ], [ -62.4672, -24.3359 ] ] } },
{ "type": "Feature", "properties": { "nombre": "Camino sin nombre", "longitud_km": 18.33 }, "geometry": { "type": "LineString", "coordinates": [ [ -63.6648, -24.3382 ], [ -63.6631, -24.3296 ], [ -63.6364, -24.3073 ], [ -63.5973, -24.3005 ], [ -63.5648, -24.2848 ], [ -63.5408, -24.2853 ], [ -63.5212, -24.2721 ], [ -63.5172, -24.2805 ] ] } },
{ "type": "Feature", "properties": { "nombre": "Camino sin nombre", "longitud_km": 3.88 }, "geometry": { "type": "LineString", "coordinates": [ [ -63.2183, -24.3282 ], [ -63.2357, -24.3297 ], [ -63.2504, -24.3432 ] ] } },
{ "type": "Feature", "properties": { "nombre": "Camino sin nombre", "longitud_km": 5.05 }, "geometry": { "type": "LineString", "coordinates": [ [ -63.5958, -24.3446 ], [ -63.5522, -24.3227 ] ] } },
{ "type": "Feature", "properties": { "nombre": "Camino sin nombre", "longitud_km": 1.35 }, "geometry": { "type": "LineString", "coordinates": [ [ -63.5958, -24.3446 ], [ -63.5948, -24.3325 ] ] } },
{ "type": "Feature", "properties": { "nombre": "Camino sin nombre", "longitud_km": 3.83 }, "geometry": { "type": "LineString", "coordinates": [ [ -63.2183, -24.3282 ], [ -63.1883, -24.3491 ] ] } },
{ "type": "Feature", "properties": { "nombre": "Camino sin nombre", "longitud_km": 4.0 }, "geometry": { "type": "LineString", "coordinates": [ [ -62.4672, -24.3359 ], [ -62.4556, -24.3483 ], [ -62.4348, -24.343 ] ] } },
{ "type": "Feature", "properties": { "nombre": "Camino sin nombre", "longitud_km": 8.74 }, "geometry": { "type": "LineString", "coordinates": [ [ -62.3419, -24.2904 ], [ -62.3471, -24.2938 ], [ -62.3496, -24.3056 ], [ -62.3793, -24.3224 ], [ -62.3811, -24.3412 ], [ -62.3739, -24.3489 ] ] } },
{ "type": "Feature", "properties": { "nombre": "Camino sin nombre", "longitud_km": 17.19 }, "geometry": { "type": "LineString", "coordinates": [ [ -62.7702, -24.3587 ], [ -62.8917, -24.2506 ] ] } },
{ "type": "Feature", "properties": { "nombre": "Camino sin nombre", "longitud_km": 19.29 }, "geometry": { "type": "LineString", "coordinates": [ [ -63.8992, -24.3873 ], [ -63.8937, -24.3578 ], [ -63.8709, -24.3435 ], [ -63.8611, -24.3441 ], [ -63.8482, -24.3267 ], [ -63.8264, -24.3115 ], [ -63.8202, -24.2879 ], [ -63.8074, -24.283 ], [ -63.8026, -24.2706 ], [ -63.7895, -24.2642 ] ] } },
{ "type": "Feature", "properties": { "nombre": "Camino sin nombre", "longitud_km": 7.95 }, "geometry": { "type": "LineString", "coordinates": [ [ -62.73, -24.3945 ], [ -62.7301, -24.3595 ], [ -62.7702, -24.3587 ] ] } },
{ "type": "Feature", "properties": { "nombre": "Camino sin nombre", "longitud_km": 8.62 }, "geometry": { "type": "LineString", "coordinates": [ [ -63.641, -24.3882 ], [ -63.6378, -24.3831 ], [ -63.6279, -24.3937 ], [ -63.5993, -24.3582 ], [ -63.5958, -24.3446 ] ] } },
{ "type": "Feature", "properties": { "nombre": "Camino sin nombre", "longitud_km": 3.4 }, "geometry": { "type": "LineString", "coordinates": [ [ -62.3647, -24.3941 ], [ -62.3877, -24.3718 ] ] } },
{ "type": "Feature", "properties": { "nombre": "Camino sin nombre", "longitud_km": 5.48 }, "geometry": { "type": "LineString", "coordinates": [ [ -63.9345, -24.3971 ], [ -63.9275, -24.3605 ], [ -63.9176, -24.352 ] ] } },
{ "type": "Feature", "properties": { "nombre": "Camino sin nombre", "longitud_km": 9.92 }, "geometry": { "type": "LineString", "coordinates": [ [ -63.1883, -24.3491 ], [ -63.1105, -24.4034 ] ] } },
{ "type": "Feature", "properties": { "nombre": "Camino sin nombre", "longitud_km": 1.67 }, "geometry": { "type": "LineString", "coordinates": [ [ -63.8507, -24.4075 ], [ -63.8356, -24.4014 ] ] } },
{ "type": "Feature", "properties": { "nombre": "Camino sin nombre", "longitud_km": 15.24 }, "geometry": { "type": "LineString", "coordinates": [ [ -63.8507, -24.4075 ], [ -63.8217, -24.4133 ], [ -63.7776, -24.3929 ], [ -63.7618, -24.3926 ], [ -63.7418, -24.4017 ], [ -63.7338, -24.3981 ], [ -63.7221, -24.3788 ] ] } },
{ "type": "Feature", "properties": { "nombre": "Camino sin nombre", "longitud_km": 3.08 }, "geometry": { "type": "LineString", "coordinates": [ [ -63.8804, -24.413 ], [ -63.8507, -24.4075 ] ] } },
{ "type": "Feature", "properties": { "nombre": "Camino sin nombre", "longitud_km": 3.82 }, "geometry": { "type": "LineString", "coordinates": [ [ -63.8804, -24.413 ], [ -63.8739, -24.398 ], [ -63.8545, -24.394 ] ] } },
{ "type": "Feature", "properties": { "nombre": "Camino sin nombre", "longitud_km": 3.88 }, "geometry": { "type": "LineString", "coordinates": [ [ -62.356, -24.4079 ], [ -62.3796, -24.4354 ] ] } },
{ "type": "Feature", "properties": { "nombre": "Camino sin nombre", "longitud_km": 12.7 }, "geometry": { "type": "LineString", "coordinates": [ [ -63.9883, -24.4353 ], [ -63.9546, -24.4219 ], [ -63.9514, -24.4146 ], [ -63.8919, -24.4267 ], [ -63.8804, -24.413 ] ] } },
{ "type": "Feature", "properties": { "nombre": "Camino sin nombre", "longitud_km": 6.67 }, "geometry": { "type": "LineString", "coordinates": [ [ -63.1105, -24.4034 ], [ -63.0583, -24.4401 ] ] } },
{ "type": "Feature", "properties": { "nombre": "Camino sin nombre", "longitud_km": 21.31 }, "geometry": { "type": "LineString", "coordinates": [ [ -63.2868, -24.5191 ], [ -63.1883, -24.3491 ] ] } },
{ "type": "Feature", "properties": { "nombre": "Camino sin nombre", "longitud_km": 8.25 }, "geometry": { "type": "LineString", "coordinates": [ [ -63.1105, -24.4034 ], [ -63.1491, -24.4689 ] ] } },
{ "type": "Feature", "properties": { "nombre": "Camino sin nombre", "longitud_km": 9.29 }, "geometry": { "type": "LineString", "coordinates": [ [ -63.6438, -24.4707 ], [ -63.6507, -24.4393 ], [ -63.641, -24.3882 ] ] } },
{ "type": "Feature", "properties": { "nombre": "Camino sin nombre", "longitud_km": 4.67 }, "geometry": { "type": "LineString", "coordinates": [ [ -66.868, -24.4292 ], [ -66.856, -24.4135 ], [ -66.8482, -24.4143 ], [ -66.8389, -24.4084 ], [ -66.8376, -24.4136 ] ] } },
{ "type": "Feature", "properties": { "nombre": "Camino sin nombre", "longitud_km": 5.22 }, "geometry": { "type": "LineString", "coordinates": [ [ -63.6942, -24.4801 ], [ -63.6438, -24.4707 ] ] } },
{ "type": "Feature", "properties": { "nombre": "Camino sin nombre", "longitud_km": 18.94 }, "geometry": { "type": "LineString", "coordinates": [ [ -63.6942, -24.4801 ], [ -63.6927, -24.4604 ], [ -63.6988, -24.4499 ], [ -63.6903, -24.4294 ], [ -63.6951, -24.4275 ], [ -63.7119, -24.4347 ], [ -63.7055, -24.3999 ], [ -63.641, -24.3882 ] ] } },
{ "type": "Feature", "properties": { "nombre": "Camino sin nombre", "longitud_km": 6.0 }, "geometry": { "type": "LineString", "coordinates": [ [ -63.1491, -24.4689 ], [ -63.1155, -24.4783 ], [ -63.1021, -24.4766 ], [ -63.0956, -24.4842 ] ] } },
{ "type": "Feature", "properties": { "nombre": "Camino sin nombre", "longitud_km": 3.62 }, "geometry": { "type": "LineString", "coordinates": [ [ -63.9025, -24.4817 ], [ -63.8715, -24.4655 ] ] } },
{ "type": "Feature", "properties": { "nombre": "Camino sin nombre", "longitud_km": 0.68 }, "geometry": { "type": "LineString", "coordinates": [ [ -63.9025, -24.4817 ], [ -63.9047, -24.4759 ] ] } },
{ "type": "Feature", "properties": { "nombre": "Camino sin nombre", "longitud_km": 5.22 }, "geometry": { "type": "LineString", "coordinates": [ [ -63.9752, -24.4821 ], [ -63.9883, -24.4365 ] ] } },
{ "type": "Feature", "properties": { "nombre": "Camino sin nombre", "longitud_km": 3.47 }, "geometry": { "type": "LineString", "coordinates": [ [ -66.8235, -24.4497 ], [ -66.8062, -24.4333 ], [ -66.7972, -24.4357 ] ] } },
{ "type": "Feature", "properties": { "nombre": "Camino sin nombre", "longitud_km": 3.07 }, "geometry": { "type": "LineString", "coordinates": [ [ -63.9237, -24.4979 ], [ -63.9177, -24.4858 ], [ -63.9025, -24.4817 ] ] } },
{ "type": "Feature", "properties": { "nombre": "Camino sin nombre", "longitud_km": 5.68 }, "geometry": { "type": "LineString", "coordinates": [ [ -63.9752, -24.4821 ], [ -63.9361, -24.488 ], [ -63.9237, -24.4979 ] ] } },
{ "type": "Feature", "properties": { "nombre": "Camino sin nombre", "longitud_km": 2.81 }, "geometry": { "type": "LineString", "coordinates": [ [ -67.8009, -24.4599 ], [ -67.7788, -24.4446 ] ] } },
{ "type": "Feature", "properties": { "nombre": "Camino sin nombre", "longitud_km": 5.52 }, "geometry": { "type": "LineString", "coordinates": [ [ -63.6609, -24.5365 ], [ -63.6185, -24.5052 ] ] } },
{ "type": "Feature", "properties": { "nombre": "Camino sin nombre", "longitud_km": 7.55 }, "geometry": { "type": "LineString", "coordinates": [ [ -63.6609, -24.5365 ], [ -63.6503, -24.5133 ], [ -63.6438, -24.4707 ] ] } },
{ "type": "Feature", "properties": { "nombre": "Camino sin nombre", "longitud_km": 28.29 }, "geometry": { "type": "LineString", "coordinates": [ [ -62.9401, -24.563 ], [ -62.9864, -24.5241 ], [ -63.0276, -24.449 ], [ -63.0328, -24.4598 ], [ -63.0296, -24.4707 ], [ -63.0324, -24.4995 ], [ -63.078, -24.4961 ], [ -63.0956, -24.4842 ] ] } },
{ "type": "Feature", "properties": { "nombre": "Camino sin nombre", "longitud_km": 5.85 }, "geometry": { "type": "LineString", "coordinates": [ [ -63.7935, -24.4571 ], [ -63.7938, -24.4754 ], [ -63.785, -24.4961 ], [ -63.7749, -24.5041 ] ] } },
{ "type": "Feature", "properties": { "nombre": "Camino sin nombre", "longitud_km": 9.97 }, "geometry": { "type": "LineString", "coordinates": [ [ -63.6185, -24.5052 ], [ -63.5477, -24.4533 ], [ -63.5407, -24.456 ] ] } },
{ "type": "Feature", "properties": { "nombre": "Camino sin nombre", "longitud_km": 9.49 }, "geometry": { "type": "LineString", "coordinates": [ [ -63.7737, -24.5063 ], [ -63.7414, -24.5008 ], [ -63.708, -24.5017 ], [ -63.6942, -24.4801 ] ] } },
{ "type": "Feature", "properties": { "nombre": "Camino sin nombre", "longitud_km": 0.27 }, "geometry": { "type": "LineString", "coordinates": [ [ -63.7749, -24.5041 ], [ -63.7737, -24.5063 ] ] } },
{ "type": "Feature", "properties": { "nombre": "Camino sin nombre", "longitud_km": 6.88 }, "geometry": { "type": "LineString", "coordinates": [ [ -63.6185, -24.5052 ], [ -63.5707, -24.5097 ], [ -63.5638, -24.5063 ], [ -63.5531, -24.5111 ] ] } },
{ "type": "Feature", "properties": { "nombre": "Camino sin nombre", "longitud_km": 6.7 }, "geometry": { "type": "LineString", "coordinates": [ [ -63.1807, -24.522 ], [ -63.1491, -24.4689 ] ] } },
{ "type": "Feature", "properties": { "nombre": "Camino sin nombre", "longitud_km": 14.17 }, "geometry": { "type": "LineString", "coordinates": [ [ -63.2654, -24.3963 ], [ -63.2648, -24.4138 ], [ -63.2792, -24.4514 ], [ -63.2885, -24.4629 ], [ -63.2868, -24.5191 ] ] } },
{ "type": "Feature", "properties": { "nombre": "Camino sin nombre", "longitud_km": 11.36 }, "geometry": { "type": "LineString", "coordinates": [ [ -67.7126, -24.4665 ], [ -67.73, -24.432 ], [ -67.7398, -24.4247 ], [ -67.7558, -24.4234 ], [ -67.7603, -24.4297 ], [ -67.7713, -24.4258 ], [ -67.7788, -24.4446 ] ] } },
{ "type": "Feature", "properties": { "nombre": "Camino sin nombre", "longitud_km": 10.99 }, "geometry": { "type": "LineString", "coordinates": [ [ -63.8786, -24.5247 ], [ -63.8192, -24.5233 ], [ -63.7749, -24.5041 ] ] } },
{ "type": "Feature", "properties": { "nombre": "Camino sin nombre", "longitud_km": 5.6 }, "geometry": { "type": "LineString", "coordinates": [ [ -63.9237, -24.4979 ], [ -63.8912, -24.5231 ], [ -63.8786, -24.5247 ] ] } },
{ "type": "Feature", "properties": { "nombre": "Camino sin nombre", "longitud_km": 0.79 }, "geometry": { "type": "LineString", "coordinates": [ [ -63.959, -24.5271 ], [ -63.9529, -24.5226 ] ] } },
{ "type": "Feature", "properties": { "nombre": "Camino sin nombre", "longitud_km": 5.25 }, "geometry": { "type": "LineString", "coordinates": [ [ -63.959, -24.5271 ], [ -63.9752, -24.4821 ] ] } },
{ "type": "Feature", "properties": { "nombre": "Camino sin nombre", "longitud_km": 17.07 }, "geometry": { "type": "LineString", "coordinates": [ [ -67.2376, -24.3886 ], [ -67.2517, -24.405 ], [ -67.2909, -24.4335 ], [ -67.3055, -24.4379 ], [ -67.3256, -24.4596 ], [ -67.3387, -24.4832 ], [ -67.3582, -24.4877 ] ] } },
{ "type": "Feature", "properties": { "nombre": "Camino sin nombre", "longitud_km": 3.74 }, "geometry": { "type": "LineString", "coordinates": [ [ -67.8009, -24.4599 ], [ -67.7648, -24.4529 ] ] } },
{ "type": "Feature", "properties": { "nombre": "Camino sin nombre", "longitud_km": 2.55 }, "geometry": { "type": "LineString", "coordinates": [ [ -67.7362, -24.4742 ], [ -67.7126, -24.4665 ] ] } },
{ "type": "Feature", "properties": { "nombre": "Camino sin nombre", "longitud_km": 3.73 }, "geometry": { "type": "LineString", "coordinates": [ [ -67.7648, -24.4529 ], [ -67.7362, -24.4742 ] ] } },
{ "type": "Feature", "properties": { "nombre": "Camino sin nombre", "longitud_km": 3.65 }, "geometry": { "type": "LineString", "coordinates": [ [ -67.3582, -24.4877 ], [ -67.3662, -24.4673 ], [ -67.3769, -24.4617 ] ] } },
{ "type": "Feature", "properties": { "nombre": "Camino sin nombre", "longitud_km": 7.28 }, "geometry": { "type": "LineString", "coordinates": [ [ -63.3492, -24.4933 ], [ -63.3349, -24.5174 ], [ -63.3387, -24.5555 ] ] } },
{ "type": "Feature", "properties": { "nombre": "Camino sin nombre", "longitud_km": 12.89 }, "geometry": { "type": "LineString", "coordinates": [ [ -68.212, -24.4687 ], [ -68.1815, -24.441 ], [ -68.1648, -24.4107 ], [ -68.1675, -24.3921 ], [ -68.1795, -24.3704 ] ] } },
{ "type": "Feature", "properties": { "nombre": "Camino sin nombre", "longitud_km": 0.84 }, "geometry": { "type": "LineString", "coordinates": [ [ -63.3385, -24.5616 ], [ -63.3449, -24.5568 ] ] } },
{ "type": "Feature", "properties": { "nombre": "Camino sin nombre", "longitud_km": 9.18 }, "geometry": { "type": "LineString", "coordinates": [ [ -62.9401, -24.563 ], [ -62.9411, -24.5267 ], [ -62.9512, -24.481 ] ] } },
{ "type": "Feature", "properties": { "nombre": "Camino sin nombre", "longitud_km": 1.2 }, "geometry": { "type": "LineString", "coordinates": [ [ -63.3385, -24.5616 ], [ -63.3268, -24.5629 ] ] } },
{ "type": "Feature", "properties": { "nombre": "Camino sin nombre", "longitud_km": 6.15 }, "geometry": { "type": "LineString", "coordinates": [ [ -63.9975, -24.5623 ], [ -63.9875, -24.562 ], [ -63.9835, -24.5468 ], [ -63.9736, -24.5343 ], [ -63.959, -24.5271 ] ] } },
{ "type": "Feature", "properties": { "nombre": "Camino sin nombre", "longitud_km": 0.42 }, "geometry": { "type": "LineString", "coordinates": [ [ -63.9975, -24.5623 ], [ -63.9958, -24.5657 ] ] } },
{ "type": "Feature", "properties": { "nombre": "Camino sin nombre", "longitud_km": 5.07 }, "geometry": { "type": "LineString", "coordinates": [ [ -62.9892, -24.5693 ], [ -62.9719, -24.564 ], [ -62.9401, -24.563 ] ] } },
{ "type": "Feature", "properties": { "nombre": "Camino sin nombre", "longitud_km": 35.44 }, "geometry": { "type": "LineString", "coordinates": [ [ -67.9826, -24.6994 ], [ -67.9217, -24.6325 ], [ -67.9248, -24.5979 ], [ -67.9199, -24.571 ], [ -67.9263, -24.5534 ], [ -67.924, -24.5404 ], [ -67.8996, -24.5196 ], [ -67.8569, -24.4996 ], [ -67.8009, -24.4599 ] ] } },
{ "type": "Feature", "properties": { "nombre": "Camino sin nombre", "longitud_km": 2.49 }, "geometry": { "type": "LineString", "coordinates": [ [ -68.2323, -24.4814 ], [ -68.212, -24.4687 ] ] } },
{ "type": "Feature", "properties": { "nombre": "Camino sin nombre", "longitud_km": 1.9 }, "geometry": { "type": "LineString", "coordinates": [ [ -63.0068, -24.5751 ], [ -62.9892, -24.5693 ] ] } },
{ "type": "Feature", "properties": { "nombre": "Camino sin nombre", "longitud_km": 0.75 }, "geometry": { "type": "LineString", "coordinates": [ [ -63.0052, -24.5685 ], [ -63.0068, -24.5751 ] ] } },
{ "type": "Feature", "properties": { "nombre": "Camino sin nombre", "longitud_km": 9.8 }, "geometry": { "type": "LineString", "coordinates": [ [ -63.5182, -24.576 ], [ -63.5088, -24.5497 ], [ -63.4585, -24.51 ] ] } },
{ "type": "Feature", "properties": { "nombre": "Camino sin nombre", "longitud_km": 10.22 }, "geometry": { "type": "LineString", "coordinates": [ [ -63.5531, -24.5111 ], [ -63.5406, -24.5079 ], [ -63.5237, -24.5153 ], [ -63.5294, -24.5406 ], [ -63.5232, -24.5498 ], [ -63.5182, -24.576 ] ] } },
{ "type": "Feature", "properties": { "nombre": "Camino sin nombre", "longitud_km": 4.25 }, "geometry": { "type": "LineString", "coordinates": [ [ -63.8987, -24.6333 ], [ -63.9062, -24.671 ] ] } },
{ "type": "Feature", "properties": { "nombre": "Camino sin nombre", "longitud_km": 11.38 }, "geometry": { "type": "LineString", "coordinates": [ [ -63.5531, -24.5111 ], [ -63.6226, -24.5515 ], [ -63.6349, -24.5764 ] ] } },
{ "type": "Feature", "properties": { "nombre": "Camino sin nombre", "longitud_km": 5.42 }, "geometry": { "type": "LineString", "coordinates": [ [ -63.6349, -24.5764 ], [ -63.6573, -24.5566 ], [ -63.6609, -24.5365 ] ] } },
{ "type": "Feature", "properties": { "nombre": "Camino sin nombre", "longitud_km": 2.35 }, "geometry": { "type": "LineString", "coordinates": [ [ -68.2157, -24.4896 ], [ -68.212, -24.4687 ] ] } },
{ "type": "Feature", "properties": { "nombre": "Camino sin nombre", "longitud_km": 1.82 }, "geometry": { "type": "LineString", "coordinates": [ [ -63.5096, -24.5905 ], [ -63.5182, -24.576 ] ] } },
{ "type": "Feature", "properties": { "nombre": "Camino sin nombre", "longitud_km": 3.28 }, "geometry": { "type": "LineString", "coordinates": [ [ -62.9392, -24.5925 ], [ -62.9401, -24.563 ] ] } },
{ "type": "Feature", "properties": { "nombre": "Camino sin nombre", "longitud_km": 21.38 }, "geometry": { "type": "LineString", "coordinates": [ [ -62.5182, -24.5903 ], [ -62.7293, -24.594 ] ] } },
{ "type": "Feature", "properties": { "nombre": "Camino sin nombre", "longitud_km": 22.1 }, "geometry": { "type": "LineString", "coordinates": [ [ -62.7293, -24.594 ], [ -62.73, -24.3945 ] ] } },
{ "type": "Feature", "properties": { "nombre": "Camino sin nombre", "longitud_km": 6.54 }, "geometry": { "type": "LineString", "coordinates": [ [ -67.7039, -24.525 ], [ -67.7126, -24.4665 ] ] } },
{ "type": "Feature", "properties": { "nombre": "Camino sin nombre", "longitud_km": 7.06 }, "geometry": { "type": "LineString", "coordinates": [ [ -67.7362, -24.4742 ], [ -67.7097, -24.5001 ], [ -67.7112, -24.5198 ], [ -67.7039, -24.525 ] ] } },
{ "type": "Feature", "properties": { "nombre": "Camino sin nombre", "longitud_km": 1.88 }, "geometry": { "type": "LineString", "coordinates": [ [ -68.1865, -24.5079 ], [ -68.1682, -24.5106 ] ] } },
{ "type": "Feature", "properties": { "nombre": "Camino sin nombre", "longitud_km": 6.01 }, "geometry": { "type": "LineString", "coordinates": [ [ -63.1906, -24.5757 ], [ -63.1968, -24.5727 ], [ -63.2117, -24.5881 ], [ -63.2375, -24.6019 ] ] } },
{ "type": "Feature", "properties": { "nombre": "Camino sin nombre", "longitud_km": 7.69 }, "geometry": { "type": "LineString", "coordinates": [ [ -63.2665, -24.5403 ], [ -63.2418, -24.5699 ], [ -63.2375, -24.6019 ] ] } },
{ "type": "Feature", "properties": { "nombre": "Camino sin nombre", "longitud_km": 2.7 }, "geometry": { "type": "LineString", "coordinates": [ [ -68.1898, -24.5228 ], [ -68.1816, -24.5137 ], [ -68.1682, -24.5106 ] ] } },
{ "type": "Feature", "properties": { "nombre": "Camino sin nombre", "longitud_km": 3.6 }, "geometry": { "type": "LineString", "coordinates": [ [ -63.1796, -24.6136 ], [ -63.1467, -24.6013 ] ] } },
{ "type": "Feature", "properties": { "nombre": "Camino sin nombre", "longitud_km": 1.46 }, "geometry": { "type": "LineString", "coordinates": [ [ -63.1796, -24.6136 ], [ -63.1927, -24.608 ] ] } },
{ "type": "Feature", "properties": { "nombre": "Camino sin nombre", "longitud_km": 13.15 }, "geometry": { "type": "LineString", "coordinates": [ [ -63.7737, -24.5063 ], [ -63.7491, -24.5567 ], [ -63.7353, -24.5665 ], [ -63.7404, -24.6137 ] ] } },
{ "type": "Feature", "properties": { "nombre": "Camino sin nombre", "longitud_km": 1.03 }, "geometry": { "type": "LineString", "coordinates": [ [ -63.8952, -24.6136 ], [ -63.8872, -24.6079 ] ] } },
{ "type": "Feature", "properties": { "nombre": "Camino sin nombre", "longitud_km": 9.99 }, "geometry": { "type": "LineString", "coordinates": [ [ -63.8786, -24.5247 ], [ -63.8952, -24.6136 ] ] } },
{ "type": "Feature", "properties": { "nombre": "Camino sin nombre", "longitud_km": 8.06 }, "geometry": { "type": "LineString", "coordinates": [ [ -63.386, -24.6176 ], [ -63.376, -24.5991 ], [ -63.3653, -24.595 ], [ -63.3385, -24.5616 ] ] } },
{ "type": "Feature", "properties": { "nombre": "Camino sin nombre", "longitud_km": 5.64 }, "geometry": { "type": "LineString", "coordinates": [ [ -63.386, -24.6176 ], [ -63.3951, -24.6088 ], [ -63.403, -24.5863 ], [ -63.4161, -24.577 ] ] } },
{ "type": "Feature", "properties": { "nombre": "Camino sin nombre", "longitud_km": 4.63 }, "geometry": { "type": "LineString", "coordinates": [ [ -63.6416, -24.6177 ], [ -63.6349, -24.5764 ] ] } },
{ "type": "Feature", "properties": { "nombre": "Camino sin nombre", "longitud_km": 1.24 }, "geometry": { "type": "LineString", "coordinates": [ [ -63.7404, -24.6137 ], [ -63.752, -24.6173 ] ] } },
{ "type": "Feature", "properties": { "nombre": "Camino sin nombre", "longitud_km": 17.98 }, "geometry": { "type": "LineString", "coordinates": [ [ -67.2137, -24.5613 ], [ -67.2114, -24.528 ], [ -67.2176, -24.5207 ], [ -67.2144, -24.5151 ], [ -67.2029, -24.5149 ], [ -67.1862, -24.4965 ], [ -67.1636, -24.4961 ], [ -67.1401, -24.4782 ], [ -67.1216, -24.4754 ], [ -67.1158, -24.4633 ] ] } },
{ "type": "Feature", "properties": { "nombre": "Camino sin nombre", "longitud_km": 3.56 }, "geometry": { "type": "LineString", "coordinates": [ [ -63.1796, -24.6136 ], [ -63.1481, -24.6278 ] ] } },
{ "type": "Feature", "properties": { "nombre": "Camino sin nombre", "longitud_km": 13.2 }, "geometry": { "type": "LineString", "coordinates": [ [ -67.3823, -24.5943 ], [ -67.3684, -24.5898 ], [ -67.3593, -24.5723 ], [ -67.3517, -24.5297 ], [ -67.3593, -24.5059 ], [ -67.3582, -24.4877 ] ] } },
{ "type": "Feature", "properties": { "nombre": "Camino sin nombre", "longitud_km": 4.02 }, "geometry": { "type": "LineString", "coordinates": [ [ -63.1418, -24.6303 ], [ -63.1074, -24.6123 ] ] } },
{ "type": "Feature", "properties": { "nombre": "Camino sin nombre", "longitud_km": 0.69 }, "geometry": { "type": "LineString", "coordinates": [ [ -63.1418, -24.6303 ], [ -63.1481, -24.6278 ] ] } },
{ "type": "Feature", "properties": { "nombre": "Camino sin nombre", "longitud_km": 11.97 }, "geometry": { "type": "LineString", "coordinates": [ [ -63.0921, -24.6303 ], [ -63.0582, -24.6314 ], [ -63.0427, -24.6254 ], [ -63.0372, -24.6153 ], [ -63.0217, -24.6053 ], [ -63.0068, -24.5751 ] ] } },
{ "type": "Feature", "properties": { "nombre": "Camino sin nombre", "longitud_km": 13.44 }, "geometry": { "type": "LineString", "coordinates": [ [ -67.0835, -24.5782 ], [ -66.9738, -24.5099 ] ] } },
{ "type": "Feature", "properties": { "nombre": "Camino sin nombre", "longitud_km": 6.3 }, "geometry": { "type": "LineString", "coordinates": [ [ -63.4756, -24.6348 ], [ -63.4859, -24.6062 ], [ -63.5096, -24.5905 ] ] } },
{ "type": "Feature", "properties": { "nombre": "Camino sin nombre", "longitud_km": 1.49 }, "geometry": { "type": "LineString", "coordinates": [ [ -63.8963, -24.62 ], [ -63.8987, -24.6333 ] ] } },
{ "type": "Feature", "properties": { "nombre": "Camino sin nombre", "longitud_km": 5.3 }, "geometry": { "type": "LineString", "coordinates": [ [ -63.0921, -24.6303 ], [ -63.1312, -24.6366 ], [ -63.1418, -24.6303 ] ] } },
{ "type": "Feature", "properties": { "nombre": "Camino sin nombre", "longitud_km": 5.97 }, "geometry": { "type": "LineString", "coordinates": [ [ -63.2375, -24.6019 ], [ -63.2404, -24.6158 ], [ -63.2757, -24.6388 ] ] } },
{ "type": "Feature", "properties": { "nombre": "Camino sin nombre", "longitud_km": 2.45 }, "geometry": { "type": "LineString", "coordinates": [ [ -63.4518, -24.6384 ], [ -63.4756, -24.6348 ] ] } },
{ "type": "Feature", "properties": { "nombre": "Camino sin nombre", "longitud_km": 12.35 }, "geometry": { "type": "LineString", "coordinates": [ [ -62.7293, -24.594 ], [ -62.7632, -24.5945 ], [ -62.7632, -24.6751 ] ] } },
{ "type": "Feature", "properties": { "nombre": "Camino sin nombre", "longitud_km": 11.67 }, "geometry": { "type": "LineString", "coordinates": [ [ -63.5457, -24.701 ], [ -63.5686, -24.6522 ], [ -63.5676, -24.6291 ], [ -63.5616, -24.6184 ], [ -63.5692, -24.6028 ] ] } },
{ "type": "Feature", "properties": { "nombre": "Camino sin nombre", "longitud_km": 9.67 }, "geometry": { "type": "LineString", "coordinates": [ [ -63.6416, -24.6177 ], [ -63.6424, -24.6888 ], [ -63.6516, -24.7027 ] ] } },
{ "type": "Feature", "properties": { "nombre": "Camino sin nombre", "longitud_km": 3.02 }, "geometry": { "type": "LineString", "coordinates": [ [ -63.4041, -24.6393 ], [ -63.386, -24.6176 ] ] } },
{ "type": "Feature", "properties": { "nombre": "Camino sin nombre", "longitud_km": 1.75 }, "geometry": { "type": "LineString", "coordinates": [ [ -63.3868, -24.6394 ], [ -63.4041, -24.6393 ] ] } },
{ "type": "Feature", "properties": { "nombre": "Camino sin nombre", "longitud_km": 11.25 }, "geometry": { "type": "LineString", "coordinates": [ [ -63.2757, -24.6388 ], [ -63.3868, -24.6394 ] ] } },
{ "type": "Feature", "properties": { "nombre": "Camino sin nombre", "longitud_km": 4.82 }, "geometry": { "type": "LineString", "coordinates": [ [ -63.4041, -24.6393 ], [ -63.4518, -24.6384 ] ] } },
{ "type": "Feature", "properties": { "nombre": "Camino sin nombre", "longitud_km": 0.72 }, "geometry": { "type": "LineString", "coordinates": [ [ -64.4161, -22.9778 ], [ -64.4138, -22.984 ] ] } },
{ "type": "Feature", "properties": { "nombre": "Camino sin nombre", "longitud_km": 5.23 }, "geometry": { "type": "LineString", "coordinates": [ [ -63.8987, -24.6333 ], [ -63.8882, -24.6376 ], [ -63.876, -24.6309 ], [ -63.8832, -24.6214 ], [ -63.8963, -24.62 ] ] } },
{ "type": "Feature", "properties": { "nombre": "Camino sin nombre", "longitud_km": 2.77 }, "geometry": { "type": "LineString", "coordinates": [ [ -63.7404, -24.6137 ], [ -63.7439, -24.6385 ] ] } },
{ "type": "Feature", "properties": { "nombre": "Camino sin nombre", "longitud_km": 4.39 }, "geometry": { "type": "LineString", "coordinates": [ [ -67.2137, -24.5613 ], [ -67.2024, -24.5657 ], [ -67.1803, -24.5856 ] ] } },
{ "type": "Feature", "properties": { "nombre": "Camino sin nombre", "longitud_km": 13.29 }, "geometry": { "type": "LineString", "coordinates": [ [ -63.1481, -24.6278 ], [ -63.2202, -24.6443 ], [ -63.2361, -24.6382 ], [ -63.2757, -24.6388 ] ] } },
{ "type": "Feature", "properties": { "nombre": "Camino sin nombre", "longitud_km": 15.83 }, "geometry": { "type": "LineString", "coordinates": [ [ -63.9237, -24.4979 ], [ -63.9322, -24.5085 ], [ -63.9328, -24.517 ], [ -63.9211, -24.5228 ], [ -63.9397, -24.527 ], [ -63.9546, -24.5386 ], [ -63.9675, -24.5519 ], [ -63.9911, -24.5945 ], [ -63.9997, -24.596 ] ] } },
{ "type": "Feature", "properties": { "nombre": "Camino sin nombre", "longitud_km": 7.36 }, "geometry": { "type": "LineString", "coordinates": [ [ -67.7039, -24.525 ], [ -67.7023, -24.5378 ], [ -67.6963, -24.5433 ], [ -67.7283, -24.5786 ] ] } },
{ "type": "Feature", "properties": { "nombre": "Camino sin nombre", "longitud_km": 2.9 }, "geometry": { "type": "LineString", "coordinates": [ [ -63.4818, -24.6604 ], [ -63.4756, -24.6348 ] ] } },
{ "type": "Feature", "properties": { "nombre": "Camino sin nombre", "longitud_km": 4.98 }, "geometry": { "type": "LineString", "coordinates": [ [ -63.7066, -24.6679 ], [ -63.7439, -24.6385 ] ] } },
{ "type": "Feature", "properties": { "nombre": "Camino sin nombre", "longitud_km": 1.72 }, "geometry": { "type": "LineString", "coordinates": [ [ -63.4818, -24.6604 ], [ -63.476, -24.675 ] ] } },
{ "type": "Feature", "properties": { "nombre": "Camino sin nombre", "longitud_km": 3.54 }, "geometry": { "type": "LineString", "coordinates": [ [ -63.4818, -24.6604 ], [ -63.4509, -24.6753 ] ] } },
{ "type": "Feature", "properties": { "nombre": "Camino sin nombre", "longitud_km": 7.85 }, "geometry": { "type": "LineString", "coordinates": [ [ -63.3868, -24.6394 ], [ -63.4192, -24.6677 ], [ -63.4509, -24.6753 ] ] } },
{ "type": "Feature", "properties": { "nombre": "Camino sin nombre", "longitud_km": 1.85 }, "geometry": { "type": "LineString", "coordinates": [ [ -64.9822, -24.6799 ], [ -64.9652, -24.6738 ] ] } },
{ "type": "Feature", "properties": { "nombre": "Camino sin nombre", "longitud_km": 1.57 }, "geometry": { "type": "LineString", "coordinates": [ [ -64.9767, -24.6667 ], [ -64.9822, -24.6799 ] ] } },
{ "type": "Feature", "properties": { "nombre": "Camino sin nombre", "longitud_km": 1.51 }, "geometry": { "type": "LineString", "coordinates": [ [ -65.05, -24.6792 ], [ -65.0649, -24.6792 ] ] } },
{ "type": "Feature", "properties": { "nombre": "Camino sin nombre", "longitud_km": 10.18 }, "geometry": { "type": "LineString", "coordinates": [ [ -64.1865, -24.6809 ], [ -64.1742, -24.6823 ], [ -64.1669, -24.6901 ], [ -64.1386, -24.6925 ], [ -64.131, -24.6835 ], [ -64.0998, -24.6668 ] ] } },
{ "type": "Feature", "properties": { "nombre": "Camino sin nombre", "longitud_km": 12.22 }, "geometry": { "type": "LineString", "coordinates": [ [ -64.0665, -24.6667 ], [ -64.0784, -24.6701 ], [ -64.0799, -24.6764 ], [ -64.0888, -24.6761 ], [ -64.1309, -24.7059 ], [ -64.1577, -24.7147 ], [ -64.159, -24.7243 ] ] } },
{ "type": "Feature", "properties": { "nombre": "Camino sin nombre", "longitud_km": 0.22 }, "geometry": { "type": "LineString", "coordinates": [ [ -64.2385, -24.6986 ], [ -64.2387, -24.7006 ] ] } },
{ "type": "Feature", "properties": { "nombre": "Camino sin nombre", "longitud_km": 0.32 }, "geometry": { "type": "LineString", "coordinates": [ [ -63.6516, -24.7027 ], [ -63.6541, -24.7045 ] ] } },
{ "type": "Feature", "properties": { "nombre": "Camino sin nombre", "longitud_km": 6.72 }, "geometry": { "type": "LineString", "coordinates": [ [ -63.9036, -24.6704 ], [ -63.9013, -24.7011 ], [ -63.8697, -24.7087 ] ] } },
{ "type": "Feature", "properties": { "nombre": "Camino sin nombre", "longitud_km": 1.77 }, "geometry": { "type": "LineString", "coordinates": [ [ -65.1048, -24.6813 ], [ -65.1005, -24.6968 ] ] } },
{ "type": "Feature", "properties": { "nombre": "Camino sin nombre", "longitud_km": 4.25 }, "geometry": { "type": "LineString", "coordinates": [ [ -65.0649, -24.6792 ], [ -65.0888, -24.6843 ], [ -65.0882, -24.6944 ], [ -65.0833, -24.6981 ] ] } },
{ "type": "Feature", "properties": { "nombre": "Camino sin nombre", "longitud_km": 1.74 }, "geometry": { "type": "LineString", "coordinates": [ [ -65.1005, -24.6968 ], [ -65.0833, -24.6981 ] ] } },
{ "type": "Feature", "properties": { "nombre": "Camino sin nombre", "longitud_km": 4.91 }, "geometry": { "type": "LineString", "coordinates": [ [ -65.4091, -24.6956 ], [ -65.4214, -24.6877 ], [ -65.4249, -24.6755 ], [ -65.4156, -24.6751 ], [ -65.4202, -24.6667 ] ] } },
{ "type": "Feature", "properties": { "nombre": "Camino sin nombre", "longitud_km": 1.25 }, "geometry": { "type": "LineString", "coordinates": [ [ -64.9848, -24.7024 ], [ -64.9752, -24.6954 ] ] } },
{ "type": "Feature", "properties": { "nombre": "Camino sin nombre", "longitud_km": 2.51 }, "geometry": { "type": "LineString", "coordinates": [ [ -64.9822, -24.6799 ], [ -64.9848, -24.7024 ] ] } },
{ "type": "Feature", "properties": { "nombre": "Camino sin nombre", "longitud_km": 13.64 }, "geometry": { "type": "LineString", "coordinates": [ [ -62.9374, -24.7157 ], [ -62.9392, -24.5925 ] ] } },
{ "type": "Feature", "properties": { "nombre": "Camino sin nombre", "longitud_km": 6.34 }, "geometry": { "type": "LineString", "coordinates": [ [ -63.0, -24.7163 ], [ -62.9374, -24.7157 ] ] } },
{ "type": "Feature", "properties": { "nombre": "Camino sin nombre", "longitud_km": 10.94 }, "geometry": { "type": "LineString", "coordinates": [ [ -63.0921, -24.6303 ], [ -63.0776, -24.6429 ], [ -63.0689, -24.6955 ], [ -63.05, -24.7166 ] ] } },
{ "type": "Feature", "properties": { "nombre": "Camino sin nombre", "longitud_km": 5.06 }, "geometry": { "type": "LineString", "coordinates": [ [ -63.0, -24.7163 ], [ -63.05, -24.7166 ] ] } },
{ "type": "Feature", "properties": { "nombre": "Camino sin nombre", "longitud_km": 16.15 }, "geometry": { "type": "LineString", "coordinates": [ [ -62.8598, -22.2649 ], [ -62.7102, -22.2216 ] ] } },
{ "type": "Feature", "properties": { "nombre": "Camino sin nombre", "longitud_km": 11.2 }, "geometry": { "type": "LineString", "coordinates": [ [ -63.7792, -24.6454 ], [ -63.7628, -24.6548 ], [ -63.7595, -24.6626 ], [ -63.763, -24.6741 ], [ -63.7701, -24.6755 ], [ -63.7722, -24.7319 ] ] } },
{ "type": "Feature", "properties": { "nombre": "Camino sin nombre", "longitud_km": 11.19 }, "geometry": { "type": "LineString", "coordinates": [ [ -63.7722, -24.7319 ], [ -63.7246, -24.7202 ], [ -63.7252, -24.7055 ], [ -63.7066, -24.6679 ] ] } },
{ "type": "Feature", "properties": { "nombre": "Camino sin nombre", "longitud_km": 17.65 }, "geometry": { "type": "LineString", "coordinates": [ [ -67.3094, -24.6552 ], [ -67.3153, -24.6455 ], [ -67.3001, -24.6237 ], [ -67.3012, -24.6068 ], [ -67.2775, -24.5967 ], [ -67.2661, -24.5754 ], [ -67.2527, -24.5781 ], [ -67.2375, -24.5646 ], [ -67.2203, -24.5689 ], [ -67.2137, -24.5613 ] ] } },
{ "type": "Feature", "properties": { "nombre": "Camino sin nombre", "longitud_km": 3.16 }, "geometry": { "type": "LineString", "coordinates": [ [ -64.4005, -23.0096 ], [ -64.4138, -22.984 ] ] } },
{ "type": "Feature", "properties": { "nombre": "Camino sin nombre", "longitud_km": 8.28 }, "geometry": { "type": "LineString", "coordinates": [ [ -64.2387, -24.7006 ], [ -64.2415, -24.7104 ], [ -64.2735, -24.7316 ], [ -64.2804, -24.7594 ] ] } },
{ "type": "Feature", "properties": { "nombre": "Camino sin nombre", "longitud_km": 18.64 }, "geometry": { "type": "LineString", "coordinates": [ [ -63.05, -24.7166 ], [ -63.2343, -24.7183 ] ] } },
{ "type": "Feature", "properties": { "nombre": "Camino sin nombre", "longitud_km": 5.38 }, "geometry": { "type": "LineString", "coordinates": [ [ -63.2343, -24.7183 ], [ -63.2875, -24.7185 ] ] } },
{ "type": "Feature", "properties": { "nombre": "Camino sin nombre", "longitud_km": 8.91 }, "geometry": { "type": "LineString", "coordinates": [ [ -63.2757, -24.6388 ], [ -63.2875, -24.7185 ] ] } },
{ "type": "Feature", "properties": { "nombre": "Camino sin nombre", "longitud_km": 4.99 }, "geometry": { "type": "LineString", "coordinates": [ [ -65.0833, -24.6981 ], [ -65.0697, -24.7047 ], [ -65.0613, -24.7016 ], [ -65.0649, -24.6792 ] ] } },
{ "type": "Feature", "properties": { "nombre": "Camino sin nombre", "longitud_km": 8.63 }, "geometry": { "type": "LineString", "coordinates": [ [ -63.2875, -24.7185 ], [ -63.3727, -24.7187 ] ] } },
{ "type": "Feature", "properties": { "nombre": "Camino sin nombre", "longitud_km": 7.95 }, "geometry": { "type": "LineString", "coordinates": [ [ -63.3727, -24.7187 ], [ -63.4203, -24.7187 ], [ -63.4503, -24.7115 ] ] } },
{ "type": "Feature", "properties": { "nombre": "Camino sin nombre", "longitud_km": 10.43 }, "geometry": { "type": "LineString", "coordinates": [ [ -63.6414, -24.719 ], [ -63.6252, -24.7184 ], [ -63.5931, -24.6977 ], [ -63.5457, -24.701 ] ] } },
{ "type": "Feature", "properties": { "nombre": "Camino sin nombre", "longitud_km": 2.3 }, "geometry": { "type": "LineString", "coordinates": [ [ -63.6516, -24.7027 ], [ -63.6412, -24.7106 ], [ -63.6414, -24.719 ] ] } },
{ "type": "Feature", "properties": { "nombre": "Camino sin nombre", "longitud_km": 4.31 }, "geometry": { "type": "LineString", "coordinates": [ [ -62.6648, -24.7217 ], [ -62.6222, -24.721 ] ] } },
{ "type": "Feature", "properties": { "nombre": "Camino sin nombre", "longitud_km": 10.27 }, "geometry": { "type": "LineString", "coordinates": [ [ -62.7663, -24.7232 ], [ -62.6648, -24.7217 ] ] } },
{ "type": "Feature", "properties": { "nombre": "Camino sin nombre", "longitud_km": 5.34 }, "geometry": { "type": "LineString", "coordinates": [ [ -62.7632, -24.6751 ], [ -62.7663, -24.7232 ] ] } },
{ "type": "Feature", "properties": { "nombre": "Camino sin nombre", "longitud_km": 9.68 }, "geometry": { "type": "LineString", "coordinates": [ [ -66.1944, -24.6557 ], [ -66.2038, -24.6611 ], [ -66.2052, -24.7003 ], [ -66.1962, -24.7237 ], [ -66.1818, -24.7257 ] ] } },
{ "type": "Feature", "properties": { "nombre": "Camino sin nombre", "longitud_km": 17.3 }, "geometry": { "type": "LineString", "coordinates": [ [ -62.9373, -24.7249 ], [ -62.7663, -24.7232 ] ] } },
{ "type": "Feature", "properties": { "nombre": "Camino sin nombre", "longitud_km": 1.02 }, "geometry": { "type": "LineString", "coordinates": [ [ -62.9373, -24.7249 ], [ -62.9374, -24.7157 ] ] } },
{ "type": "Feature", "properties": { "nombre": "Camino sin nombre", "longitud_km": 5.76 }, "geometry": { "type": "LineString", "coordinates": [ [ -65.3889, -24.6874 ], [ -65.3886, -24.7084 ], [ -65.3752, -24.6984 ], [ -65.3663, -24.6989 ], [ -65.362, -24.7047 ] ] } },
{ "type": "Feature", "properties": { "nombre": "Camino sin nombre", "longitud_km": 4.23 }, "geometry": { "type": "LineString", "coordinates": [ [ -64.977, -24.7194 ], [ -64.9438, -24.6961 ] ] } },
{ "type": "Feature", "properties": { "nombre": "Camino sin nombre", "longitud_km": 1.21 }, "geometry": { "type": "LineString", "coordinates": [ [ -62.9371, -24.7358 ], [ -62.9373, -24.7249 ] ] } },
{ "type": "Feature", "properties": { "nombre": "Camino sin nombre", "longitud_km": 8.84 }, "geometry": { "type": "LineString", "coordinates": [ [ -63.5457, -24.701 ], [ -63.4953, -24.735 ], [ -63.4706, -24.7359 ] ] } },
{ "type": "Feature", "properties": { "nombre": "Camino sin nombre", "longitud_km": 5.14 }, "geometry": { "type": "LineString", "coordinates": [ [ -64.2148, -24.6889 ], [ -64.206, -24.7066 ], [ -64.2031, -24.7335 ] ] } },
{ "type": "Feature", "properties": { "nombre": "Camino sin nombre", "longitud_km": 1.29 }, "geometry": { "type": "LineString", "coordinates": [ [ -64.643, -24.7301 ], [ -64.6304, -24.7284 ] ] } },
{ "type": "Feature", "properties": { "nombre": "Camino sin nombre", "longitud_km": 0.94 }, "geometry": { "type": "LineString", "coordinates": [ [ -64.643, -24.7301 ], [ -64.6439, -24.7216 ] ] } },
{ "type": "Feature", "properties": { "nombre": "Camino sin nombre", "longitud_km": 6.3 }, "geometry": { "type": "LineString", "coordinates": [ [ -64.9988, -24.7346 ], [ -64.937, -24.7274 ] ] } },
{ "type": "Feature", "properties": { "nombre": "Camino sin nombre", "longitud_km": 2.77 }, "geometry": { "type": "LineString", "coordinates": [ [ -64.9988, -24.7346 ], [ -64.977, -24.7194 ] ] } },
{ "type": "Feature", "properties": { "nombre": "Camino sin nombre", "longitud_km": 0.07 }, "geometry": { "type": "LineString", "coordinates": [ [ -64.9995, -24.7346 ], [ -64.9988, -24.7346 ] ] } },
{ "type": "Feature", "properties": { "nombre": "Camino sin nombre", "longitud_km": 4.44 }, "geometry": { "type": "LineString", "coordinates": [ [ -65.1005, -24.6968 ], [ -65.0943, -24.7256 ], [ -65.0868, -24.7339 ] ] } },
{ "type": "Feature", "properties": { "nombre": "Camino sin nombre", "longitud_km": 3.09 }, "geometry": { "type": "LineString", "coordinates": [ [ -65.0299, -24.7376 ], [ -64.9995, -24.7346 ] ] } },
{ "type": "Feature", "properties": { "nombre": "Camino sin nombre", "longitud_km": 9.24 }, "geometry": { "type": "LineString", "coordinates": [ [ -64.3735, -24.6667 ], [ -64.3825, -24.6865 ], [ -64.3768, -24.6968 ], [ -64.378, -24.7472 ] ] } },
{ "type": "Feature", "properties": { "nombre": "Camino sin nombre", "longitud_km": 13.61 }, "geometry": { "type": "LineString", "coordinates": [ [ -63.4503, -24.7115 ], [ -63.4094, -24.7541 ], [ -63.4654, -24.7961 ] ] } },
{ "type": "Feature", "properties": { "nombre": "Camino sin nombre", "longitud_km": 2.23 }, "geometry": { "type": "LineString", "coordinates": [ [ -64.6329, -24.7479 ], [ -64.643, -24.7301 ] ] } },
{ "type": "Feature", "properties": { "nombre": "Camino sin nombre", "longitud_km": 2.99 }, "geometry": { "type": "LineString", "coordinates": [ [ -64.6329, -24.7479 ], [ -64.6468, -24.743 ], [ -64.643, -24.7301 ] ] } },
{ "type": "Feature", "properties": { "nombre": "Camino sin nombre", "longitud_km": 1.05 }, "geometry": { "type": "LineString", "coordinates": [ [ -65.0868, -24.7339 ], [ -65.0829, -24.7427 ] ] } },
{ "type": "Feature", "properties": { "nombre": "Camino sin nombre", "longitud_km": 0.56 }, "geometry": { "type": "LineString", "coordinates": [ [ -64.378, -24.7472 ], [ -64.3791, -24.7522 ] ] } },
{ "type": "Feature", "properties": { "nombre": "Camino sin nombre", "longitud_km": 2.54 }, "geometry": { "type": "LineString", "coordinates": [ [ -65.1065, -24.7449 ], [ -65.101, -24.7366 ], [ -65.0868, -24.7339 ] ] } },
{ "type": "Feature", "properties": { "nombre": "Camino sin nombre", "longitud_km": 1.53 }, "geometry": { "type": "LineString", "coordinates": [ [ -64.3705, -24.7539 ], [ -64.3604, -24.7436 ] ] } },
{ "type": "Feature", "properties": { "nombre": "Camino sin nombre", "longitud_km": 0.42 }, "geometry": { "type": "LineString", "coordinates": [ [ -65.0794, -24.7424 ], [ -65.0811, -24.7458 ] ] } },
{ "type": "Feature", "properties": { "nombre": "Camino sin nombre", "longitud_km": 0.09 }, "geometry": { "type": "LineString", "coordinates": [ [ -65.0811, -24.7458 ], [ -65.0819, -24.7462 ] ] } },
{ "type": "Feature", "properties": { "nombre": "Camino sin nombre", "longitud_km": 0.89 }, "geometry": { "type": "LineString", "coordinates": [ [ -64.3791, -24.7522 ], [ -64.3705, -24.7539 ] ] } },
{ "type": "Feature", "properties": { "nombre": "Camino sin nombre", "longitud_km": 2.81 }, "geometry": { "type": "LineString", "coordinates": [ [ -63.7276, -22.0945 ], [ -63.7139, -22.1106 ], [ -63.7088, -22.1101 ] ] } },
{ "type": "Feature", "properties": { "nombre": "Camino sin nombre", "longitud_km": 2.04 }, "geometry": { "type": "LineString", "coordinates": [ [ -64.6204, -24.7578 ], [ -64.6211, -24.7503 ], [ -64.6329, -24.7479 ] ] } },
{ "type": "Feature", "properties": { "nombre": "Camino sin nombre", "longitud_km": 2.43 }, "geometry": { "type": "LineString", "coordinates": [ [ -65.0819, -24.7462 ], [ -65.1051, -24.7521 ] ] } },
{ "type": "Feature", "properties": { "nombre": "Camino sin nombre", "longitud_km": 0.81 }, "geometry": { "type": "LineString", "coordinates": [ [ -65.1051, -24.7521 ], [ -65.1065, -24.7449 ] ] } },
{ "type": "Feature", "properties": { "nombre": "Camino sin nombre", "longitud_km": 0.83 }, "geometry": { "type": "LineString", "coordinates": [ [ -65.4957, -24.7401 ], [ -65.5007, -24.7461 ] ] } },
{ "type": "Feature", "properties": { "nombre": "Camino sin nombre", "longitud_km": 1.22 }, "geometry": { "type": "LineString", "coordinates": [ [ -65.4891, -24.7492 ], [ -65.5007, -24.7461 ] ] } },
{ "type": "Feature", "properties": { "nombre": "Camino sin nombre", "longitud_km": 0.58 }, "geometry": { "type": "LineString", "coordinates": [ [ -65.4834, -24.7489 ], [ -65.4891, -24.7492 ] ] } },
{ "type": "Feature", "properties": { "nombre": "Camino sin nombre", "longitud_km": 4.75 }, "geometry": { "type": "LineString", "coordinates": [ [ -62.9613, -24.7726 ], [ -62.9371, -24.7358 ] ] } },
{ "type": "Feature", "properties": { "nombre": "Camino sin nombre", "longitud_km": 15.5 }, "geometry": { "type": "LineString", "coordinates": [ [ -65.2726, -24.7596 ], [ -65.2378, -24.7462 ], [ -65.1493, -24.7433 ], [ -65.1246, -24.753 ] ] } },
{ "type": "Feature", "properties": { "nombre": "Camino sin nombre", "longitud_km": 3.01 }, "geometry": { "type": "LineString", "coordinates": [ [ -63.8905, -23.0063 ], [ -63.8937, -23.0212 ], [ -63.9026, -23.03 ] ] } },
{ "type": "Feature", "properties": { "nombre": "Camino sin nombre", "longitud_km": 2.63 }, "geometry": { "type": "LineString", "coordinates": [ [ -64.3542, -23.0363 ], [ -64.3766, -23.0479 ] ] } },
{ "type": "Feature", "properties": { "nombre": "Camino sin nombre", "longitud_km": 2.76 }, "geometry": { "type": "LineString", "coordinates": [ [ -65.3038, -24.76 ], [ -65.2787, -24.7502 ] ] } },
{ "type": "Feature", "properties": { "nombre": "Camino sin nombre", "longitud_km": 3.43 }, "geometry": { "type": "LineString", "coordinates": [ [ -65.5007, -24.7461 ], [ -65.5073, -24.7501 ], [ -65.5059, -24.7603 ], [ -65.4958, -24.77 ] ] } },
{ "type": "Feature", "properties": { "nombre": "Camino sin nombre", "longitud_km": 17.79 }, "geometry": { "type": "LineString", "coordinates": [ [ -63.3727, -24.7187 ], [ -63.3504, -24.747 ], [ -63.3488, -24.7578 ], [ -63.3195, -24.7877 ], [ -63.3033, -24.8147 ], [ -63.3001, -24.8324 ], [ -63.3093, -24.857 ] ] } },
{ "type": "Feature", "properties": { "nombre": "Camino sin nombre", "longitud_km": 2.48 }, "geometry": { "type": "LineString", "coordinates": [ [ -65.1051, -24.7521 ], [ -65.1011, -24.7677 ], [ -65.0955, -24.7715 ] ] } },
{ "type": "Feature", "properties": { "nombre": "Camino sin nombre", "longitud_km": 5.92 }, "geometry": { "type": "LineString", "coordinates": [ [ -62.9365, -24.7893 ], [ -62.9371, -24.7358 ] ] } },
{ "type": "Feature", "properties": { "nombre": "Camino sin nombre", "longitud_km": 6.45 }, "geometry": { "type": "LineString", "coordinates": [ [ -65.4347, -24.7149 ], [ -65.4337, -24.7332 ], [ -65.4172, -24.7701 ] ] } },
{ "type": "Feature", "properties": { "nombre": "Camino sin nombre", "longitud_km": 8.72 }, "geometry": { "type": "LineString", "coordinates": [ [ -65.3363, -24.7722 ], [ -65.342, -24.7645 ], [ -65.3558, -24.7651 ], [ -65.3606, -24.7566 ], [ -65.3902, -24.743 ], [ -65.3998, -24.7404 ], [ -65.4038, -24.7474 ] ] } },
{ "type": "Feature", "properties": { "nombre": "Camino sin nombre", "longitud_km": 6.22 }, "geometry": { "type": "LineString", "coordinates": [ [ -65.0811, -24.7458 ], [ -65.0606, -24.7577 ], [ -65.038, -24.7847 ] ] } },
{ "type": "Feature", "properties": { "nombre": "Camino sin nombre", "longitud_km": 6.18 }, "geometry": { "type": "LineString", "coordinates": [ [ -65.0441, -24.7882 ], [ -65.0679, -24.7613 ], [ -65.0797, -24.7544 ], [ -65.0819, -24.7462 ] ] } },
{ "type": "Feature", "properties": { "nombre": "Camino sin nombre", "longitud_km": 11.76 }, "geometry": { "type": "LineString", "coordinates": [ [ -63.7722, -24.7319 ], [ -63.7564, -24.7664 ], [ -63.7656, -24.7827 ], [ -63.8035, -24.8195 ] ] } },
{ "type": "Feature", "properties": { "nombre": "Camino sin nombre", "longitud_km": 10.58 }, "geometry": { "type": "LineString", "coordinates": [ [ -63.6414, -24.719 ], [ -63.6422, -24.8145 ] ] } },
{ "type": "Feature", "properties": { "nombre": "Camino sin nombre", "longitud_km": 8.67 }, "geometry": { "type": "LineString", "coordinates": [ [ -64.9995, -24.7346 ], [ -65.0079, -24.7411 ], [ -65.0042, -24.753 ], [ -65.0099, -24.7627 ], [ -65.0061, -24.7787 ], [ -65.0131, -24.7966 ], [ -65.0211, -24.8027 ] ] } },
{ "type": "Feature", "properties": { "nombre": "Camino sin nombre", "longitud_km": 11.64 }, "geometry": { "type": "LineString", "coordinates": [ [ -63.0436, -24.8192 ], [ -63.0424, -24.7841 ], [ -63.0509, -24.7733 ], [ -63.05, -24.7166 ] ] } },
{ "type": "Feature", "properties": { "nombre": "Camino sin nombre", "longitud_km": 9.2 }, "geometry": { "type": "LineString", "coordinates": [ [ -64.9633, -24.8111 ], [ -64.9988, -24.7346 ] ] } },
{ "type": "Feature", "properties": { "nombre": "Camino sin nombre", "longitud_km": 22.57 }, "geometry": { "type": "LineString", "coordinates": [ [ -63.7461, -24.8336 ], [ -63.7116, -24.8287 ], [ -63.7026, -24.8108 ], [ -63.7017, -24.7711 ], [ -63.6878, -24.7164 ], [ -63.6866, -24.6897 ], [ -63.6871, -24.6847 ], [ -63.7066, -24.6679 ] ] } },
{ "type": "Feature", "properties": { "nombre": "Camino sin nombre", "longitud_km": 4.78 }, "geometry": { "type": "LineString", "coordinates": [ [ -64.3766, -23.0479 ], [ -64.3997, -23.0103 ] ] } },
{ "type": "Feature", "properties": { "nombre": "Camino sin nombre", "longitud_km": 25.49 }, "geometry": { "type": "LineString", "coordinates": [ [ -68.0795, -24.8996 ], [ -68.0742, -24.8856 ], [ -68.069, -24.8846 ], [ -68.0639, -24.8754 ], [ -68.0641, -24.8613 ], [ -68.0566, -24.8418 ], [ -68.02, -24.8165 ], [ -68.0105, -24.8002 ], [ -68.0003, -24.7776 ], [ -68.0004, -24.7614 ], [ -67.991, -24.7479 ], [ -67.9943, -24.7421 ], [ -67.9899, -24.725 ], [ -67.976, -24.7044 ] ] } },
{ "type": "Feature", "properties": { "nombre": "Camino sin nombre", "longitud_km": 15.25 }, "geometry": { "type": "LineString", "coordinates": [ [ -63.2343, -24.7183 ], [ -63.2339, -24.856 ] ] } },
{ "type": "Feature", "properties": { "nombre": "Camino sin nombre", "longitud_km": 14.58 }, "geometry": { "type": "LineString", "coordinates": [ [ -64.3791, -24.7522 ], [ -64.4005, -24.8397 ], [ -64.4013, -24.8637 ], [ -64.3869, -24.8758 ] ] } },
{ "type": "Feature", "properties": { "nombre": "Camino sin nombre", "longitud_km": 49.0 }, "geometry": { "type": "LineString", "coordinates": [ [ -66.7934, -24.508 ], [ -66.7921, -24.6024 ], [ -66.7972, -24.6309 ], [ -66.7913, -24.6403 ], [ -66.7718, -24.6416 ], [ -66.7676, -24.6576 ], [ -66.7543, -24.6546 ], [ -66.7275, -24.7027 ], [ -66.741, -24.763 ], [ -66.7554, -24.7886 ], [ -66.753, -24.826 ], [ -66.7629, -24.8722 ], [ -66.7546, -24.9038 ] ] } },
{ "type": "Feature", "properties": { "nombre": "Camino sin nombre", "longitud_km": 69.92 }, "geometry": { "type": "LineString", "coordinates": [ [ -67.6581, -25.0923 ], [ -67.7186, -25.0587 ], [ -67.7289, -25.0469 ], [ -67.7512, -25.0421 ], [ -67.7597, -25.0307 ], [ -67.6678, -24.919 ], [ -67.6711, -24.8983 ], [ -67.6579, -24.8617 ], [ -67.6442, -24.8423 ], [ -67.6483, -24.8161 ], [ -67.6184, -24.747 ], [ -67.5844, -24.7121 ], [ -67.5564, -24.6306 ], [ -67.5386, -24.6065 ], [ -67.5332, -24.5742 ] ] } },
{ "type": "Feature", "properties": { "nombre": "Camino sin nombre", "longitud_km": 15.66 }, "geometry": { "type": "LineString", "coordinates": [ [ -63.9247, -22.0293 ], [ -63.9095, -22.04 ], [ -63.9278, -22.0852 ], [ -63.935, -22.0886 ], [ -63.9415, -22.1181 ], [ -63.9374, -22.1344 ], [ -63.9177, -22.1447 ] ] } },
{ "type": "Feature", "properties": { "nombre": "Camino sin nombre", "longitud_km": 4.44 }, "geometry": { "type": "LineString", "coordinates": [ [ -63.9997, -23.0979 ], [ -64.0255, -23.0657 ] ] } },
{ "type": "Feature", "properties": { "nombre": "Camino sin nombre", "longitud_km": 4.5 }, "geometry": { "type": "LineString", "coordinates": [ [ -64.3289, -23.162 ], [ -64.3207, -23.1221 ] ] } },
{ "type": "Feature", "properties": { "nombre": "Camino sin nombre", "longitud_km": 11.37 }, "geometry": { "type": "LineString", "coordinates": [ [ -64.6715, -22.1869 ], [ -64.6776, -22.1889 ], [ -64.6764, -22.1989 ], [ -64.6834, -22.2031 ], [ -64.6932, -22.2308 ], [ -64.69, -22.2439 ], [ -64.6972, -22.2795 ] ] } },
{ "type": "Feature", "properties": { "nombre": "Camino sin nombre", "longitud_km": 7.05 }, "geometry": { "type": "LineString", "coordinates": [ [ -63.9177, -22.1447 ], [ -63.9125, -22.1479 ], [ -63.9144, -22.159 ], [ -63.9097, -22.1652 ], [ -63.9163, -22.1687 ], [ -63.9224, -22.2002 ] ] } },
{ "type": "Feature", "properties": { "nombre": "Camino sin nombre", "longitud_km": 4.51 }, "geometry": { "type": "LineString", "coordinates": [ [ -63.9224, -22.2002 ], [ -63.9326, -22.2012 ], [ -63.9283, -22.205 ], [ -63.9355, -22.2082 ], [ -63.9386, -22.2261 ] ] } },
{ "type": "Feature", "properties": { "nombre": "Camino sin nombre", "longitud_km": 21.64 }, "geometry": { "type": "LineString", "coordinates": [ [ -64.5, -22.2738 ], [ -64.5223, -22.277 ], [ -64.5526, -22.2667 ], [ -64.5761, -22.2478 ], [ -64.5876, -22.2438 ], [ -64.6178, -22.2033 ], [ -64.6345, -22.1987 ], [ -64.638, -22.1915 ], [ -64.6596, -22.1878 ], [ -64.6667, -22.1801 ] ] } },
{ "type": "Feature", "properties": { "nombre": "Camino sin nombre", "longitud_km": 9.81 }, "geometry": { "type": "LineString", "coordinates": [ [ -64.6972, -22.2795 ], [ -64.7147, -22.3024 ], [ -64.7122, -22.3108 ], [ -64.7213, -22.3399 ], [ -64.7218, -22.3614 ] ] } },
{ "type": "Feature", "properties": { "nombre": "Camino sin nombre", "longitud_km": 4.95 }, "geometry": { "type": "LineString", "coordinates": [ [ -64.5174, -22.4379 ], [ -64.5, -22.3963 ] ] } },
{ "type": "Feature", "properties": { "nombre": "Camino sin nombre", "longitud_km": 1.31 }, "geometry": { "type": "LineString", "coordinates": [ [ -64.0915, -23.2094 ], [ -64.0816, -23.2019 ] ] } },
{ "type": "Feature", "properties": { "nombre": "Camino sin nombre", "longitud_km": 1.71 }, "geometry": { "type": "LineString", "coordinates": [ [ -64.1037, -23.211 ], [ -64.0989, -23.2156 ], [ -64.0915, -23.2094 ] ] } },
{ "type": "Feature", "properties": { "nombre": "Camino sin nombre", "longitud_km": 1.06 }, "geometry": { "type": "LineString", "coordinates": [ [ -63.8287, -23.217 ], [ -63.8391, -23.2168 ] ] } },
{ "type": "Feature", "properties": { "nombre": "Camino sin nombre", "longitud_km": 5.03 }, "geometry": { "type": "LineString", "coordinates": [ [ -63.8391, -23.2168 ], [ -63.8883, -23.2178 ] ] } },
{ "type": "Feature", "properties": { "nombre": "Camino sin nombre", "longitud_km": 44.36 }, "geometry": { "type": "LineString", "coordinates": [ [ -64.3707, -22.7173 ], [ -64.389, -22.7099 ], [ -64.3927, -22.6983 ], [ -64.3899, -22.6828 ], [ -64.4152, -22.6743 ], [ -64.4123, -22.6543 ], [ -64.4226, -22.6504 ], [ -64.4213, -22.6307 ], [ -64.4304, -22.6269 ], [ -64.4211, -22.5835 ], [ -64.4085, -22.5679 ], [ -64.4103, -22.5347 ], [ -64.4286, -22.5182 ], [ -64.4469, -22.5144 ], [ -64.4433, -22.5045 ], [ -64.4561, -22.4995 ], [ -64.4609, -22.4878 ], [ -64.4753, -22.4777 ], [ -64.4725, -22.4641 ], [ -64.4816, -22.4557 ], [ -64.483, -22.4392 ], [ -64.4903, -22.432 ], [ -64.5099, -22.4395 ], [ -64.5174, -22.4379 ] ] } },
{ "type": "Feature", "properties": { "nombre": "Camino sin nombre", "longitud_km": 5.32 }, "geometry": { "type": "LineString", "coordinates": [ [ -64.5174, -22.4379 ], [ -64.5358, -22.4369 ], [ -64.5459, -22.4459 ], [ -64.559, -22.4494 ], [ -64.5592, -22.4546 ] ] } },
{ "type": "Feature", "properties": { "nombre": "Camino sin nombre", "longitud_km": 6.3 }, "geometry": { "type": "LineString", "coordinates": [ [ -64.4141, -22.8761 ], [ -64.3986, -22.9014 ], [ -64.3697, -22.9089 ] ] } },
{ "type": "Feature", "properties": { "nombre": "Camino sin nombre", "longitud_km": 6.18 }, "geometry": { "type": "LineString", "coordinates": [ [ -64.4636, -22.9108 ], [ -64.4542, -22.9189 ], [ -64.4494, -22.9332 ], [ -64.437, -22.9366 ], [ -64.4265, -22.9505 ] ] } },
{ "type": "Feature", "properties": { "nombre": "Camino sin nombre", "longitud_km": 3.21 }, "geometry": { "type": "LineString", "coordinates": [ [ -64.4265, -22.9505 ], [ -64.4161, -22.9778 ] ] } },
{ "type": "Feature", "properties": { "nombre": "Camino sin nombre", "longitud_km": 6.82 }, "geometry": { "type": "LineString", "coordinates": [ [ -63.8883, -23.2178 ], [ -63.955, -23.2186 ] ] } },
{ "type": "Feature", "properties": { "nombre": "Camino sin nombre", "longitud_km": 13.62 }, "geometry": { "type": "LineString", "coordinates": [ [ -63.9549, -23.2189 ], [ -64.0384, -23.2182 ], [ -64.0632, -23.2049 ], [ -64.078, -23.2065 ], [ -64.0816, -23.2019 ] ] } },
{ "type": "Feature", "properties": { "nombre": "Camino sin nombre", "longitud_km": 3.29 }, "geometry": { "type": "LineString", "coordinates": [ [ -64.0, -23.352 ], [ -63.9679, -23.3534 ] ] } },
{ "type": "Feature", "properties": { "nombre": "Camino sin nombre", "longitud_km": 0.81 }, "geometry": { "type": "LineString", "coordinates": [ [ -63.9679, -23.3534 ], [ -63.96, -23.3543 ] ] } },
{ "type": "Feature", "properties": { "nombre": "Camino sin nombre", "longitud_km": 8.27 }, "geometry": { "type": "LineString", "coordinates": [ [ -63.96, -23.3543 ], [ -63.8792, -23.3576 ] ] } },
{ "type": "Feature", "properties": { "nombre": "Camino sin nombre", "longitud_km": 2.25 }, "geometry": { "type": "LineString", "coordinates": [ [ -64.0, -24.4405 ], [ -63.9973, -24.4276 ], [ -63.9901, -24.4249 ] ] } },
{ "type": "Feature", "properties": { "nombre": "Camino sin nombre", "longitud_km": 38.28 }, "geometry": { "type": "LineString", "coordinates": [ [ -66.493, -24.3397 ], [ -66.4981, -24.3511 ], [ -66.5176, -24.3505 ], [ -66.5331, -24.3579 ], [ -66.5663, -24.3985 ], [ -66.6096, -24.428 ], [ -66.6423, -24.4592 ], [ -66.6581, -24.4668 ], [ -66.6704, -24.4656 ], [ -66.6831, -24.5168 ], [ -66.6969, -24.5333 ], [ -66.7127, -24.5275 ], [ -66.7143, -24.5141 ], [ -66.7364, -24.4977 ] ] } },
{ "type": "Feature", "properties": { "nombre": "Camino sin nombre", "longitud_km": 1.7 }, "geometry": { "type": "LineString", "coordinates": [ [ -64.2148, -24.6889 ], [ -64.2029, -24.6781 ] ] } },
{ "type": "Feature", "properties": { "nombre": "Camino sin nombre", "longitud_km": 2.74 }, "geometry": { "type": "LineString", "coordinates": [ [ -64.2148, -24.6889 ], [ -64.2387, -24.7006 ] ] } },
{ "type": "Feature", "properties": { "nombre": "Camino sin nombre", "longitud_km": 18.63 }, "geometry": { "type": "LineString", "coordinates": [ [ -64.378, -24.7472 ], [ -64.3983, -24.7479 ], [ -64.4087, -24.7372 ], [ -64.4343, -24.7398 ], [ -64.438, -24.7331 ], [ -64.4445, -24.7424 ], [ -64.4647, -24.7511 ], [ -64.4685, -24.7676 ], [ -64.4581, -24.7799 ], [ -64.4672, -24.8195 ] ] } },
{ "type": "Feature", "properties": { "nombre": "Camino sin nombre", "longitud_km": 0.99 }, "geometry": { "type": "LineString", "coordinates": [ [ -67.9826, -24.6994 ], [ -67.9909, -24.6946 ] ] } },
{ "type": "Feature", "properties": { "nombre": "Camino sin nombre", "longitud_km": 1.73 }, "geometry": { "type": "LineString", "coordinates": [ [ -64.1868, -24.6834 ], [ -64.2029, -24.6781 ] ] } },
{ "type": "Feature", "properties": { "nombre": "Camino sin nombre", "longitud_km": 2.98 }, "geometry": { "type": "LineString", "coordinates": [ [ -64.0147, -24.6667 ], [ -64.0167, -24.6935 ] ] } },
{ "type": "Feature", "properties": { "nombre": "Camino sin nombre", "longitud_km": 1.5 }, "geometry": { "type": "LineString", "coordinates": [ [ -64.0, -24.3933 ], [ -63.9862, -24.3884 ] ] } },
{ "type": "Feature", "properties": { "nombre": "Camino sin nombre", "longitud_km": 9.45 }, "geometry": { "type": "LineString", "coordinates": [ [ -65.2863, -24.6875 ], [ -65.3267, -24.6859 ], [ -65.3753, -24.6667 ] ] } },
{ "type": "Feature", "properties": { "nombre": "Camino sin nombre", "longitud_km": 0.26 }, "geometry": { "type": "LineString", "coordinates": [ [ -64.0, -24.5628 ], [ -63.9975, -24.5623 ] ] } },
{ "type": "Feature", "properties": { "nombre": "Camino sin nombre", "longitud_km": 1.33 }, "geometry": { "type": "LineString", "coordinates": [ [ -64.2029, -24.6781 ], [ -64.1987, -24.6667 ] ] } },
{ "type": "Feature", "properties": { "nombre": "Camino sin nombre", "longitud_km": 4.09 }, "geometry": { "type": "LineString", "coordinates": [ [ -65.4794, -24.7011 ], [ -65.4745, -24.6968 ], [ -65.4809, -24.6667 ] ] } },
{ "type": "Feature", "properties": { "nombre": "Camino sin nombre", "longitud_km": 2.17 }, "geometry": { "type": "LineString", "coordinates": [ [ -64.0, -23.468 ], [ -63.9828, -23.4566 ] ] } },
{ "type": "Feature", "properties": { "nombre": "Camino sin nombre", "longitud_km": 3.59 }, "geometry": { "type": "LineString", "coordinates": [ [ -64.2385, -24.6986 ], [ -64.2327, -24.6667 ] ] } },
{ "type": "Feature", "properties": { "nombre": "Camino sin nombre", "longitud_km": 5.6 }, "geometry": { "type": "LineString", "coordinates": [ [ -64.9597, -22.2507 ], [ -64.9663, -22.2549 ], [ -64.9683, -22.2649 ], [ -65.0, -22.2795 ] ] } },
{ "type": "Feature", "properties": { "nombre": "Camino sin nombre", "longitud_km": 0.78 }, "geometry": { "type": "LineString", "coordinates": [ [ -63.9923, -24.228 ], [ -64.0, -24.2281 ] ] } },
{ "type": "Feature", "properties": { "nombre": "Camino sin nombre", "longitud_km": 1.21 }, "geometry": { "type": "LineString", "coordinates": [ [ -63.9923, -24.228 ], [ -63.993, -24.2324 ], [ -64.0, -24.2321 ] ] } },
{ "type": "Feature", "properties": { "nombre": "Camino sin nombre", "longitud_km": 0.4 }, "geometry": { "type": "LineString", "coordinates": [ [ -64.0591, -23.9089 ], [ -64.063, -23.9098 ] ] } },
{ "type": "Feature", "properties": { "nombre": "Camino sin nombre", "longitud_km": 0.69 }, "geometry": { "type": "LineString", "coordinates": [ [ -64.0063, -24.2299 ], [ -64.0, -24.2321 ] ] } },
{ "type": "Feature", "properties": { "nombre": "-2", "longitud_km": 0.53 }, "geometry": { "type": "LineString", "coordinates": [ [ -65.995, -23.5196 ], [ -66.0, -23.5183 ] ] } },
{ "type": "Feature", "properties": { "nombre": "Camino sin nombre", "longitud_km": 0.37 }, "geometry": { "type": "LineString", "coordinates": [ [ -65.8426, -24.5929 ], [ -65.8458, -24.5913 ] ] } },
{ "type": "Feature", "properties": { "nombre": "Camino sin nombre", "longitud_km": 0.15 }, "geometry": { "type": "LineString", "coordinates": [ [ -65.8443, -24.5894 ], [ -65.8428, -24.5892 ] ] } },
{ "type": "Feature", "properties": { "nombre": "Camino sin nombre", "longitud_km": 0.26 }, "geometry": { "type": "LineString", "coordinates": [ [ -65.8458, -24.5913 ], [ -65.8443, -24.5894 ] ] } },
{ "type": "Feature", "properties": { "nombre": "Camino sin nombre", "longitud_km": 0.32 }, "geometry": { "type": "LineString", "coordinates": [ [ -65.9525, -24.4494 ], [ -65.9503, -24.4514 ] ] } },
{ "type": "Feature", "properties": { "nombre": "-2", "longitud_km": 0.08 }, "geometry": { "type": "LineString", "coordinates": [ [ -65.1026, -22.5129 ], [ -65.1021, -22.5134 ] ] } },
{ "type": "Feature", "properties": { "nombre": "-2", "longitud_km": 0.03 }, "geometry": { "type": "LineString", "coordinates": [ [ -65.1021, -22.5134 ], [ -65.1022, -22.5136 ] ] } },
{ "type": "Feature", "properties": { "nombre": "-2", "longitud_km": 0.05 }, "geometry": { "type": "LineString", "coordinates": [ [ -65.1026, -22.5129 ], [ -65.1025, -22.5124 ] ] } },
{ "type": "Feature", "properties": { "nombre": "-2", "longitud_km": 1.33 }, "geometry": { "type": "LineString", "coordinates": [ [ -65.0647, -24.6359 ], [ -65.0777, -24.6338 ] ] } },
{ "type": "Feature", "properties": { "nombre": "Camino sin nombre", "longitud_km": 1.91 }, "geometry": { "type": "LineString", "coordinates": [ [ -64.0239, -24.2351 ], [ -64.0419, -24.2403 ] ] } },
{ "type": "Feature", "properties": { "nombre": "Camino sin nombre", "longitud_km": 1.34 }, "geometry": { "type": "LineString", "coordinates": [ [ -64.0, -24.2281 ], [ -64.0126, -24.2317 ] ] } },
{ "type": "Feature", "properties": { "nombre": "-2", "longitud_km": 4.3 }, "geometry": { "type": "LineString", "coordinates": [ [ -64.0626, -24.245 ], [ -64.1048, -24.248 ] ] } },
{ "type": "Feature", "properties": { "nombre": "Camino sin nombre", "longitud_km": 2.17 }, "geometry": { "type": "LineString", "coordinates": [ [ -64.0419, -24.2403 ], [ -64.0626, -24.245 ] ] } },
{ "type": "Feature", "properties": { "nombre": "Camino sin nombre", "longitud_km": 0.55 }, "geometry": { "type": "LineString", "coordinates": [ [ -64.0188, -24.2336 ], [ -64.0239, -24.2351 ] ] } },
{ "type": "Feature", "properties": { "nombre": "Camino sin nombre", "longitud_km": 0.66 }, "geometry": { "type": "LineString", "coordinates": [ [ -64.0126, -24.2317 ], [ -64.0188, -24.2336 ] ] } },
{ "type": "Feature", "properties": { "nombre": "-2", "longitud_km": 1.33 }, "geometry": { "type": "LineString", "coordinates": [ [ -65.0807, -24.6332 ], [ -65.0937, -24.6315 ] ] } },
{ "type": "Feature", "properties": { "nombre": "-2", "longitud_km": 0.2 }, "geometry": { "type": "LineString", "coordinates": [ [ -65.0788, -24.6336 ], [ -65.0807, -24.6332 ] ] } },
{ "type": "Feature", "properties": { "nombre": "-2", "longitud_km": 0.11 }, "geometry": { "type": "LineString", "coordinates": [ [ -65.0777, -24.6338 ], [ -65.0788, -24.6336 ] ] } },
{ "type": "Feature", "properties": { "nombre": "-2", "longitud_km": 1.63 }, "geometry": { "type": "LineString", "coordinates": [ [ -65.0943, -24.5622 ], [ -65.0789, -24.5667 ] ] } },
{ "type": "Feature", "properties": { "nombre": "-2", "longitud_km": 1.61 }, "geometry": { "type": "LineString", "coordinates": [ [ -65.1077, -24.5543 ], [ -65.0943, -24.5622 ] ] } },
{ "type": "Feature", "properties": { "nombre": "-2", "longitud_km": 1.42 }, "geometry": { "type": "LineString", "coordinates": [ [ -65.0803, -24.5971 ], [ -65.0788, -24.6099 ] ] } },
{ "type": "Feature", "properties": { "nombre": "Camino sin nombre", "longitud_km": 0.56 }, "geometry": { "type": "LineString", "coordinates": [ [ -64.9057, -24.6451 ], [ -64.9112, -24.6456 ] ] } },
{ "type": "Feature", "properties": { "nombre": "-2", "longitud_km": 2.35 }, "geometry": { "type": "LineString", "coordinates": [ [ -64.9386, -24.5994 ], [ -64.9155, -24.6014 ] ] } },
{ "type": "Feature", "properties": { "nombre": "Camino sin nombre", "longitud_km": 2.86 }, "geometry": { "type": "LineString", "coordinates": [ [ -64.0606, -23.7937 ], [ -64.0883, -23.7898 ] ] } },
{ "type": "Feature", "properties": { "nombre": "Camino sin nombre", "longitud_km": 0.19 }, "geometry": { "type": "LineString", "coordinates": [ [ -64.0787, -23.7262 ], [ -64.0783, -23.7278 ] ] } },
{ "type": "Feature", "properties": { "nombre": "-2", "longitud_km": 3.1 }, "geometry": { "type": "LineString", "coordinates": [ [ -64.1117, -23.6792 ], [ -64.1389, -23.6667 ] ] } },
{ "type": "Feature", "properties": { "nombre": "-2", "longitud_km": 1.8 }, "geometry": { "type": "LineString", "coordinates": [ [ -64.1559, -23.6701 ], [ -64.1559, -23.6864 ] ] } },
{ "type": "Feature", "properties": { "nombre": "Camino sin nombre", "longitud_km": 1.03 }, "geometry": { "type": "LineString", "coordinates": [ [ -64.076, -23.8363 ], [ -64.0737, -23.8272 ] ] } },
{ "type": "Feature", "properties": { "nombre": "Camino sin nombre", "longitud_km": 3.87 }, "geometry": { "type": "LineString", "coordinates": [ [ -64.0858, -23.6919 ], [ -64.0787, -23.7262 ] ] } },
{ "type": "Feature", "properties": { "nombre": "-2", "longitud_km": 1.9 }, "geometry": { "type": "LineString", "coordinates": [ [ -64.1034, -23.9394 ], [ -64.121, -23.9453 ] ] } },
{ "type": "Feature", "properties": { "nombre": "Camino sin nombre", "longitud_km": 0.5 }, "geometry": { "type": "LineString", "coordinates": [ [ -64.0873, -23.6864 ], [ -64.0862, -23.6908 ] ] } },
{ "type": "Feature", "properties": { "nombre": "Camino sin nombre", "longitud_km": 0.12 }, "geometry": { "type": "LineString", "coordinates": [ [ -64.0768, -23.6901 ], [ -64.0758, -23.6908 ] ] } },
{ "type": "Feature", "properties": { "nombre": "Camino sin nombre", "longitud_km": 1.49 }, "geometry": { "type": "LineString", "coordinates": [ [ -64.0689, -23.6719 ], [ -64.071, -23.6853 ] ] } },
{ "type": "Feature", "properties": { "nombre": "Camino sin nombre", "longitud_km": 3.63 }, "geometry": { "type": "LineString", "coordinates": [ [ -64.0245, -23.7074 ], [ -64.0597, -23.7026 ] ] } },
{ "type": "Feature", "properties": { "nombre": "Camino sin nombre", "longitud_km": 5.39 }, "geometry": { "type": "LineString", "coordinates": [ [ -64.0619, -23.7493 ], [ -64.0095, -23.7559 ] ] } },
{ "type": "Feature", "properties": { "nombre": "-2", "longitud_km": 3.58 }, "geometry": { "type": "LineString", "coordinates": [ [ -64.116, -23.7851 ], [ -64.1509, -23.7812 ] ] } },
{ "type": "Feature", "properties": { "nombre": "Camino sin nombre", "longitud_km": 6.31 }, "geometry": { "type": "LineString", "coordinates": [ [ -64.0208, -23.8624 ], [ -64.0238, -23.8668 ], [ -64.0289, -23.8646 ], [ -64.0538, -23.9051 ] ] } },
{ "type": "Feature", "properties": { "nombre": "Camino sin nombre", "longitud_km": 0.76 }, "geometry": { "type": "LineString", "coordinates": [ [ -64.0768, -23.6901 ], [ -64.084, -23.6915 ] ] } },
{ "type": "Feature", "properties": { "nombre": "Camino sin nombre", "longitud_km": 1.37 }, "geometry": { "type": "LineString", "coordinates": [ [ -64.0689, -23.9165 ], [ -64.0696, -23.9289 ] ] } },
{ "type": "Feature", "properties": { "nombre": "-2", "longitud_km": 0.82 }, "geometry": { "type": "LineString", "coordinates": [ [ -64.1566, -23.9932 ], [ -64.1598, -24.0 ] ] } },
{ "type": "Feature", "properties": { "nombre": "Camino sin nombre", "longitud_km": 1.31 }, "geometry": { "type": "LineString", "coordinates": [ [ -64.0908, -23.9769 ], [ -64.0819, -23.9684 ] ] } },
{ "type": "Feature", "properties": { "nombre": "Camino sin nombre", "longitud_km": 1.4 }, "geometry": { "type": "LineString", "coordinates": [ [ -64.0505, -23.9843 ], [ -64.0629, -23.9789 ] ] } },
{ "type": "Feature", "properties": { "nombre": "Camino sin nombre", "longitud_km": 1.91 }, "geometry": { "type": "LineString", "coordinates": [ [ -64.079, -23.9817 ], [ -64.0887, -23.9964 ] ] } },
{ "type": "Feature", "properties": { "nombre": "Camino sin nombre", "longitud_km": 0.07 }, "geometry": { "type": "LineString", "coordinates": [ [ -64.0729, -23.9727 ], [ -64.0735, -23.9731 ] ] } },
{ "type": "Feature", "properties": { "nombre": "Camino sin nombre", "longitud_km": 1.69 }, "geometry": { "type": "LineString", "coordinates": [ [ -64.0199, -23.9684 ], [ -64.015, -23.983 ] ] } },
{ "type": "Feature", "properties": { "nombre": "Camino sin nombre", "longitud_km": 1.03 }, "geometry": { "type": "LineString", "coordinates": [ [ -64.015, -23.983 ], [ -64.005, -23.9843 ] ] } },
{ "type": "Feature", "properties": { "nombre": "Camino sin nombre", "longitud_km": 0.1 }, "geometry": { "type": "LineString", "coordinates": [ [ -64.0761, -23.6894 ], [ -64.0768, -23.6901 ] ] } },
{ "type": "Feature", "properties": { "nombre": "Camino sin nombre", "longitud_km": 0.09 }, "geometry": { "type": "LineString", "coordinates": [ [ -64.033, -23.9929 ], [ -64.0338, -23.9926 ] ] } },
{ "type": "Feature", "properties": { "nombre": "Camino sin nombre", "longitud_km": 0.33 }, "geometry": { "type": "LineString", "coordinates": [ [ -64.0338, -23.9926 ], [ -64.0366, -23.9912 ] ] } },
{ "type": "Feature", "properties": { "nombre": "Camino sin nombre", "longitud_km": 1.61 }, "geometry": { "type": "LineString", "coordinates": [ [ -64.0366, -23.9912 ], [ -64.0505, -23.9843 ] ] } },
{ "type": "Feature", "properties": { "nombre": "Camino sin nombre", "longitud_km": 0.27 }, "geometry": { "type": "LineString", "coordinates": [ [ -64.1036, -23.9835 ], [ -64.1034, -23.981 ] ] } },
{ "type": "Feature", "properties": { "nombre": "Camino sin nombre", "longitud_km": 1.1 }, "geometry": { "type": "LineString", "coordinates": [ [ -64.0735, -23.9731 ], [ -64.079, -23.9817 ] ] } },
{ "type": "Feature", "properties": { "nombre": "Camino sin nombre", "longitud_km": 0.47 }, "geometry": { "type": "LineString", "coordinates": [ [ -64.0887, -23.9964 ], [ -64.0911, -24.0 ] ] } },
{ "type": "Feature", "properties": { "nombre": "Camino sin nombre", "longitud_km": 1.08 }, "geometry": { "type": "LineString", "coordinates": [ [ -64.1034, -23.981 ], [ -64.0937, -23.9771 ] ] } },
{ "type": "Feature", "properties": { "nombre": "Camino sin nombre", "longitud_km": 0.3 }, "geometry": { "type": "LineString", "coordinates": [ [ -64.0937, -23.9771 ], [ -64.0908, -23.9769 ] ] } },
{ "type": "Feature", "properties": { "nombre": "Camino sin nombre", "longitud_km": 1.22 }, "geometry": { "type": "LineString", "coordinates": [ [ -64.0629, -23.9789 ], [ -64.0729, -23.9727 ] ] } },
{ "type": "Feature", "properties": { "nombre": "Camino sin nombre", "longitud_km": 0.77 }, "geometry": { "type": "LineString", "coordinates": [ [ -64.0801, -23.9698 ], [ -64.0735, -23.9731 ] ] } },
{ "type": "Feature", "properties": { "nombre": "Camino sin nombre", "longitud_km": 1.53 }, "geometry": { "type": "LineString", "coordinates": [ [ -64.0653, -23.9609 ], [ -64.0729, -23.9727 ] ] } },
{ "type": "Feature", "properties": { "nombre": "Camino sin nombre", "longitud_km": 0.16 }, "geometry": { "type": "LineString", "coordinates": [ [ -64.0596, -23.9516 ], [ -64.0604, -23.9528 ] ] } },
{ "type": "Feature", "properties": { "nombre": "Camino sin nombre", "longitud_km": 0.03 }, "geometry": { "type": "LineString", "coordinates": [ [ -64.0594, -23.9514 ], [ -64.0596, -23.9516 ] ] } },
{ "type": "Feature", "properties": { "nombre": "Camino sin nombre", "longitud_km": 1.06 }, "geometry": { "type": "LineString", "coordinates": [ [ -64.0542, -23.9431 ], [ -64.0594, -23.9514 ] ] } },
{ "type": "Feature", "properties": { "nombre": "Camino sin nombre", "longitud_km": 0.47 }, "geometry": { "type": "LineString", "coordinates": [ [ -64.0504, -23.9373 ], [ -64.0526, -23.9411 ] ] } },
{ "type": "Feature", "properties": { "nombre": "Camino sin nombre", "longitud_km": 1.02 }, "geometry": { "type": "LineString", "coordinates": [ [ -64.0604, -23.9528 ], [ -64.0653, -23.9609 ] ] } },
{ "type": "Feature", "properties": { "nombre": "Camino sin nombre", "longitud_km": 2.05 }, "geometry": { "type": "LineString", "coordinates": [ [ -64.076, -23.9265 ], [ -64.0809, -23.933 ], [ -64.0918, -23.9362 ] ] } },
{ "type": "Feature", "properties": { "nombre": "Camino sin nombre", "longitud_km": 1.88 }, "geometry": { "type": "LineString", "coordinates": [ [ -64.0692, -23.9104 ], [ -64.0758, -23.9262 ] ] } },
{ "type": "Feature", "properties": { "nombre": "Camino sin nombre", "longitud_km": 0.03 }, "geometry": { "type": "LineString", "coordinates": [ [ -64.0758, -23.9262 ], [ -64.076, -23.9265 ] ] } },
{ "type": "Feature", "properties": { "nombre": "Camino sin nombre", "longitud_km": 0.7 }, "geometry": { "type": "LineString", "coordinates": [ [ -64.0696, -23.9289 ], [ -64.076, -23.9265 ] ] } },
{ "type": "Feature", "properties": { "nombre": "Camino sin nombre", "longitud_km": 0.45 }, "geometry": { "type": "LineString", "coordinates": [ [ -64.0648, -23.9105 ], [ -64.0692, -23.9104 ] ] } },
{ "type": "Feature", "properties": { "nombre": "-2", "longitud_km": 0.98 }, "geometry": { "type": "LineString", "coordinates": [ [ -64.1559, -23.6928 ], [ -64.1559, -23.7016 ] ] } },
{ "type": "Feature", "properties": { "nombre": "Camino sin nombre", "longitud_km": 1.04 }, "geometry": { "type": "LineString", "coordinates": [ [ -64.0692, -23.9104 ], [ -64.0793, -23.9095 ] ] } },
{ "type": "Feature", "properties": { "nombre": "Camino sin nombre", "longitud_km": 1.59 }, "geometry": { "type": "LineString", "coordinates": [ [ -64.0793, -23.9095 ], [ -64.0897, -23.8988 ] ] } },
{ "type": "Feature", "properties": { "nombre": "Camino sin nombre", "longitud_km": 2.76 }, "geometry": { "type": "LineString", "coordinates": [ [ -64.0942, -23.8862 ], [ -64.0963, -23.8759 ], [ -64.0882, -23.8635 ] ] } },
{ "type": "Feature", "properties": { "nombre": "Camino sin nombre", "longitud_km": 2.18 }, "geometry": { "type": "LineString", "coordinates": [ [ -64.0882, -23.8635 ], [ -64.0808, -23.8451 ] ] } },
{ "type": "Feature", "properties": { "nombre": "Camino sin nombre", "longitud_km": 1.1 }, "geometry": { "type": "LineString", "coordinates": [ [ -64.0808, -23.8451 ], [ -64.076, -23.8363 ] ] } },
{ "type": "Feature", "properties": { "nombre": "Camino sin nombre", "longitud_km": 1.02 }, "geometry": { "type": "LineString", "coordinates": [ [ -64.0737, -23.8272 ], [ -64.0716, -23.8182 ] ] } },
{ "type": "Feature", "properties": { "nombre": "Camino sin nombre", "longitud_km": 1.28 }, "geometry": { "type": "LineString", "coordinates": [ [ -64.0, -23.7106 ], [ -64.0124, -23.709 ] ] } },
{ "type": "Feature", "properties": { "nombre": "Camino sin nombre", "longitud_km": 1.24 }, "geometry": { "type": "LineString", "coordinates": [ [ -64.0124, -23.709 ], [ -64.0245, -23.7074 ] ] } },
{ "type": "Feature", "properties": { "nombre": "Camino sin nombre", "longitud_km": 1.43 }, "geometry": { "type": "LineString", "coordinates": [ [ -64.0597, -23.7026 ], [ -64.0736, -23.7006 ] ] } },
{ "type": "Feature", "properties": { "nombre": "Camino sin nombre", "longitud_km": 1.27 }, "geometry": { "type": "LineString", "coordinates": [ [ -64.071, -23.6853 ], [ -64.0731, -23.6965 ] ] } },
{ "type": "Feature", "properties": { "nombre": "Camino sin nombre", "longitud_km": 0.15 }, "geometry": { "type": "LineString", "coordinates": [ [ -64.0633, -23.7491 ], [ -64.0619, -23.7493 ] ] } },
{ "type": "Feature", "properties": { "nombre": "Camino sin nombre", "longitud_km": 0.24 }, "geometry": { "type": "LineString", "coordinates": [ [ -64.0819, -23.9684 ], [ -64.0801, -23.9698 ] ] } },
{ "type": "Feature", "properties": { "nombre": "Camino sin nombre", "longitud_km": 1.47 }, "geometry": { "type": "LineString", "coordinates": [ [ -64.0897, -23.8988 ], [ -64.0942, -23.8862 ] ] } },
{ "type": "Feature", "properties": { "nombre": "Camino sin nombre", "longitud_km": 0.18 }, "geometry": { "type": "LineString", "coordinates": [ [ -64.084, -23.6915 ], [ -64.0858, -23.6919 ] ] } },
{ "type": "Feature", "properties": { "nombre": "Camino sin nombre", "longitud_km": 2.15 }, "geometry": { "type": "LineString", "coordinates": [ [ -64.0914, -23.6858 ], [ -64.1123, -23.6831 ] ] } },
{ "type": "Feature", "properties": { "nombre": "Camino sin nombre", "longitud_km": 0.44 }, "geometry": { "type": "LineString", "coordinates": [ [ -64.1123, -23.6831 ], [ -64.1117, -23.6792 ] ] } },
{ "type": "Feature", "properties": { "nombre": "Camino sin nombre", "longitud_km": 1.43 }, "geometry": { "type": "LineString", "coordinates": [ [ -64.0883, -23.7898 ], [ -64.1021, -23.7869 ] ] } },
{ "type": "Feature", "properties": { "nombre": "-2", "longitud_km": 1.43 }, "geometry": { "type": "LineString", "coordinates": [ [ -64.1021, -23.7869 ], [ -64.116, -23.7851 ] ] } },
{ "type": "Feature", "properties": { "nombre": "-2", "longitud_km": 0.5 }, "geometry": { "type": "LineString", "coordinates": [ [ -64.1509, -23.7812 ], [ -64.1558, -23.7806 ] ] } },
{ "type": "Feature", "properties": { "nombre": "-2", "longitud_km": 1.2 }, "geometry": { "type": "LineString", "coordinates": [ [ -64.1506, -23.9664 ], [ -64.1525, -23.977 ] ] } },
{ "type": "Feature", "properties": { "nombre": "-2", "longitud_km": 0.47 }, "geometry": { "type": "LineString", "coordinates": [ [ -64.1452, -23.9608 ], [ -64.1496, -23.9616 ] ] } },
{ "type": "Feature", "properties": { "nombre": "-2", "longitud_km": 3.0 }, "geometry": { "type": "LineString", "coordinates": [ [ -64.121, -23.9453 ], [ -64.1452, -23.9608 ] ] } },
{ "type": "Feature", "properties": { "nombre": "Camino sin nombre", "longitud_km": 1.24 }, "geometry": { "type": "LineString", "coordinates": [ [ -64.0918, -23.9362 ], [ -64.1034, -23.9394 ] ] } },
{ "type": "Feature", "properties": { "nombre": "-2", "longitud_km": 0.35 }, "geometry": { "type": "LineString", "coordinates": [ [ -64.1548, -23.9905 ], [ -64.1566, -23.9932 ] ] } },
{ "type": "Feature", "properties": { "nombre": "-2", "longitud_km": 0.17 }, "geometry": { "type": "LineString", "coordinates": [ [ -64.1546, -23.9889 ], [ -64.1548, -23.9905 ] ] } },
{ "type": "Feature", "properties": { "nombre": "-2", "longitud_km": 1.34 }, "geometry": { "type": "LineString", "coordinates": [ [ -64.1525, -23.977 ], [ -64.1546, -23.9889 ] ] } },
{ "type": "Feature", "properties": { "nombre": "-2", "longitud_km": 0.54 }, "geometry": { "type": "LineString", "coordinates": [ [ -64.1496, -23.9616 ], [ -64.1506, -23.9664 ] ] } },
{ "type": "Feature", "properties": { "nombre": "-2", "longitud_km": 1.76 }, "geometry": { "type": "LineString", "coordinates": [ [ -64.1558, -23.7806 ], [ -64.1557, -23.7965 ] ] } },
{ "type": "Feature", "properties": { "nombre": "-2", "longitud_km": 0.13 }, "geometry": { "type": "LineString", "coordinates": [ [ -64.1558, -23.7794 ], [ -64.1558, -23.7806 ] ] } },
{ "type": "Feature", "properties": { "nombre": "-2", "longitud_km": 1.36 }, "geometry": { "type": "LineString", "coordinates": [ [ -64.1558, -23.7671 ], [ -64.1558, -23.7794 ] ] } },
{ "type": "Feature", "properties": { "nombre": "-2", "longitud_km": 3.46 }, "geometry": { "type": "LineString", "coordinates": [ [ -64.1558, -23.7316 ], [ -64.1559, -23.7629 ] ] } },
{ "type": "Feature", "properties": { "nombre": "-2", "longitud_km": 1.13 }, "geometry": { "type": "LineString", "coordinates": [ [ -64.1558, -23.7214 ], [ -64.1558, -23.7316 ] ] } },
{ "type": "Feature", "properties": { "nombre": "-2", "longitud_km": 1.33 }, "geometry": { "type": "LineString", "coordinates": [ [ -64.1559, -23.7094 ], [ -64.1558, -23.7214 ] ] } },
{ "type": "Feature", "properties": { "nombre": "-2", "longitud_km": 0.87 }, "geometry": { "type": "LineString", "coordinates": [ [ -64.1559, -23.7016 ], [ -64.1559, -23.7094 ] ] } },
{ "type": "Feature", "properties": { "nombre": "-2", "longitud_km": 0.71 }, "geometry": { "type": "LineString", "coordinates": [ [ -64.1559, -23.6864 ], [ -64.1559, -23.6928 ] ] } },
{ "type": "Feature", "properties": { "nombre": "-2", "longitud_km": 0.38 }, "geometry": { "type": "LineString", "coordinates": [ [ -64.1559, -23.6667 ], [ -64.1559, -23.6701 ] ] } },
{ "type": "Feature", "properties": { "nombre": "-2", "longitud_km": 0.47 }, "geometry": { "type": "LineString", "coordinates": [ [ -64.1559, -23.7629 ], [ -64.1558, -23.7671 ] ] } },
{ "type": "Feature", "properties": { "nombre": "Camino sin nombre", "longitud_km": 0.98 }, "geometry": { "type": "LineString", "coordinates": [ [ -64.0095, -23.7559 ], [ -64.0, -23.757 ] ] } },
{ "type": "Feature", "properties": { "nombre": "Camino sin nombre", "longitud_km": 0.33 }, "geometry": { "type": "LineString", "coordinates": [ [ -64.0731, -23.6965 ], [ -64.0728, -23.6995 ] ] } },
{ "type": "Feature", "properties": { "nombre": "Camino sin nombre", "longitud_km": 0.2 }, "geometry": { "type": "LineString", "coordinates": [ [ -64.063, -23.9098 ], [ -64.0648, -23.9105 ] ] } },
{ "type": "Feature", "properties": { "nombre": "Camino sin nombre", "longitud_km": 0.13 }, "geometry": { "type": "LineString", "coordinates": [ [ -64.02, -23.9672 ], [ -64.0199, -23.9684 ] ] } },
{ "type": "Feature", "properties": { "nombre": "Camino sin nombre", "longitud_km": 0.16 }, "geometry": { "type": "LineString", "coordinates": [ [ -65.967, -24.4669 ], [ -65.9679, -24.4658 ] ] } },
{ "type": "Feature", "properties": { "nombre": "Camino sin nombre", "longitud_km": 1.69 }, "geometry": { "type": "LineString", "coordinates": [ [ -65.9674, -24.4701 ], [ -65.9681, -24.4854 ] ] } },
{ "type": "Feature", "properties": { "nombre": "Camino sin nombre", "longitud_km": 1.66 }, "geometry": { "type": "LineString", "coordinates": [ [ -65.9647, -24.4577 ], [ -65.9498, -24.4516 ] ] } },
{ "type": "Feature", "properties": { "nombre": "Camino sin nombre", "longitud_km": 0.18 }, "geometry": { "type": "LineString", "coordinates": [ [ -65.9696, -24.4642 ], [ -65.9705, -24.4628 ] ] } },
{ "type": "Feature", "properties": { "nombre": "Camino sin nombre", "longitud_km": 0.25 }, "geometry": { "type": "LineString", "coordinates": [ [ -65.9679, -24.4658 ], [ -65.9696, -24.4642 ] ] } },
{ "type": "Feature", "properties": { "nombre": "Camino sin nombre", "longitud_km": 0.06 }, "geometry": { "type": "LineString", "coordinates": [ [ -65.9672, -24.4674 ], [ -65.967, -24.4669 ] ] } },
{ "type": "Feature", "properties": { "nombre": "Camino sin nombre", "longitud_km": 0.3 }, "geometry": { "type": "LineString", "coordinates": [ [ -65.9672, -24.4674 ], [ -65.9674, -24.4701 ] ] } },
{ "type": "Feature", "properties": { "nombre": "Camino sin nombre", "longitud_km": 0.33 }, "geometry": { "type": "LineString", "coordinates": [ [ -65.968, -24.4616 ], [ -65.9649, -24.4607 ] ] } },
{ "type": "Feature", "properties": { "nombre": "Camino sin nombre", "longitud_km": 0.12 }, "geometry": { "type": "LineString", "coordinates": [ [ -65.9705, -24.4626 ], [ -65.9694, -24.4622 ] ] } },
{ "type": "Feature", "properties": { "nombre": "Camino sin nombre", "longitud_km": 0.32 }, "geometry": { "type": "LineString", "coordinates": [ [ -65.9649, -24.4607 ], [ -65.9647, -24.4577 ] ] } },
{ "type": "Feature", "properties": { "nombre": "Camino sin nombre", "longitud_km": 0.16 }, "geometry": { "type": "LineString", "coordinates": [ [ -65.9694, -24.4622 ], [ -65.968, -24.4616 ] ] } },
{ "type": "Feature", "properties": { "nombre": "Camino sin nombre", "longitud_km": 0.6 }, "geometry": { "type": "LineString", "coordinates": [ [ -65.9703, -24.4904 ], [ -65.9681, -24.4854 ] ] } },
{ "type": "Feature", "properties": { "nombre": "Camino sin nombre", "longitud_km": 2.04 }, "geometry": { "type": "LineString", "coordinates": [ [ -65.9075, -24.4993 ], [ -65.8895, -24.4911 ] ] } },
{ "type": "Feature", "properties": { "nombre": "Camino sin nombre", "longitud_km": 0.71 }, "geometry": { "type": "LineString", "coordinates": [ [ -65.9136, -24.5025 ], [ -65.9075, -24.4993 ] ] } },
{ "type": "Feature", "properties": { "nombre": "Camino sin nombre", "longitud_km": 1.82 }, "geometry": { "type": "LineString", "coordinates": [ [ -65.9905, -24.3539 ], [ -65.9819, -24.3469 ], [ -65.9762, -24.3497 ] ] } },
{ "type": "Feature", "properties": { "nombre": "Camino sin nombre", "longitud_km": 3.86 }, "geometry": { "type": "LineString", "coordinates": [ [ -65.964, -24.3486 ], [ -65.9359, -24.3461 ], [ -65.9277, -24.3511 ] ] } },
{ "type": "Feature", "properties": { "nombre": "-2", "longitud_km": 4.63 }, "geometry": { "type": "LineString", "coordinates": [ [ -65.773, -24.3986 ], [ -65.7778, -24.403 ], [ -65.8166, -24.4013 ] ] } },
{ "type": "Feature", "properties": { "nombre": "Camino sin nombre", "longitud_km": 7.28 }, "geometry": { "type": "LineString", "coordinates": [ [ -65.8775, -24.3763 ], [ -65.8431, -24.3903 ], [ -65.8172, -24.4106 ] ] } },
{ "type": "Feature", "properties": { "nombre": "Camino sin nombre", "longitud_km": 4.56 }, "geometry": { "type": "LineString", "coordinates": [ [ -65.8593, -24.4882 ], [ -65.8689, -24.5203 ], [ -65.8751, -24.5257 ] ] } },
{ "type": "Feature", "properties": { "nombre": "Camino sin nombre", "longitud_km": 0.63 }, "geometry": { "type": "LineString", "coordinates": [ [ -65.8224, -24.4226 ], [ -65.8249, -24.4277 ] ] } },
{ "type": "Feature", "properties": { "nombre": "-2", "longitud_km": 0.85 }, "geometry": { "type": "LineString", "coordinates": [ [ -65.773, -24.3986 ], [ -65.7676, -24.3926 ] ] } },
{ "type": "Feature", "properties": { "nombre": "-2", "longitud_km": 4.3 }, "geometry": { "type": "LineString", "coordinates": [ [ -65.7629, -24.3947 ], [ -65.7663, -24.3708 ], [ -65.7591, -24.3678 ], [ -65.7612, -24.3606 ] ] } },
{ "type": "Feature", "properties": { "nombre": "Camino sin nombre", "longitud_km": 1.78 }, "geometry": { "type": "LineString", "coordinates": [ [ -65.9728, -24.348 ], [ -65.9656, -24.3333 ] ] } },
{ "type": "Feature", "properties": { "nombre": "Camino sin nombre", "longitud_km": 0.13 }, "geometry": { "type": "LineString", "coordinates": [ [ -65.9737, -24.3488 ], [ -65.9728, -24.348 ] ] } },
{ "type": "Feature", "properties": { "nombre": "Camino sin nombre", "longitud_km": 1.5 }, "geometry": { "type": "LineString", "coordinates": [ [ -65.9277, -24.3511 ], [ -65.9134, -24.3542 ] ] } },
{ "type": "Feature", "properties": { "nombre": "Camino sin nombre", "longitud_km": 1.03 }, "geometry": { "type": "LineString", "coordinates": [ [ -65.8166, -24.4013 ], [ -65.8172, -24.4106 ] ] } },
{ "type": "Feature", "properties": { "nombre": "-2", "longitud_km": 4.16 }, "geometry": { "type": "LineString", "coordinates": [ [ -65.8006, -24.3679 ], [ -65.8049, -24.3879 ], [ -65.8166, -24.4013 ] ] } },
{ "type": "Feature", "properties": { "nombre": "Camino sin nombre", "longitud_km": 1.43 }, "geometry": { "type": "LineString", "coordinates": [ [ -65.8172, -24.4106 ], [ -65.8224, -24.4226 ] ] } },
{ "type": "Feature", "properties": { "nombre": "-2", "longitud_km": 3.84 }, "geometry": { "type": "LineString", "coordinates": [ [ -65.8033, -24.3333 ], [ -65.8006, -24.3679 ] ] } },
{ "type": "Feature", "properties": { "nombre": "Camino sin nombre", "longitud_km": 0.02 }, "geometry": { "type": "LineString", "coordinates": [ [ -65.9705, -24.4628 ], [ -65.9705, -24.4626 ] ] } },
{ "type": "Feature", "properties": { "nombre": "Camino sin nombre", "longitud_km": 5.54 }, "geometry": { "type": "LineString", "coordinates": [ [ -65.8249, -24.4277 ], [ -65.847, -24.4735 ] ] } },
{ "type": "Feature", "properties": { "nombre": "Camino sin nombre", "longitud_km": 2.05 }, "geometry": { "type": "LineString", "coordinates": [ [ -65.847, -24.4735 ], [ -65.8593, -24.4882 ] ] } },
{ "type": "Feature", "properties": { "nombre": "Camino sin nombre", "longitud_km": 4.5 }, "geometry": { "type": "LineString", "coordinates": [ [ -65.9134, -24.3542 ], [ -65.8964, -24.3594 ], [ -65.8775, -24.3763 ] ] } },
{ "type": "Feature", "properties": { "nombre": "-2", "longitud_km": 0.54 }, "geometry": { "type": "LineString", "coordinates": [ [ -65.7676, -24.3926 ], [ -65.7629, -24.3947 ] ] } },
{ "type": "Feature", "properties": { "nombre": "Camino sin nombre", "longitud_km": 1.52 }, "geometry": { "type": "LineString", "coordinates": [ [ -65.9905, -24.3539 ], [ -65.9762, -24.3497 ] ] } },
{ "type": "Feature", "properties": { "nombre": "Camino sin nombre", "longitud_km": 1.0 }, "geometry": { "type": "LineString", "coordinates": [ [ -66.0, -24.3563 ], [ -65.9905, -24.3539 ] ] } },
{ "type": "Feature", "properties": { "nombre": "Camino sin nombre", "longitud_km": 0.28 }, "geometry": { "type": "LineString", "coordinates": [ [ -65.9762, -24.3497 ], [ -65.9737, -24.3488 ] ] } },
{ "type": "Feature", "properties": { "nombre": "Camino sin nombre", "longitud_km": 0.84 }, "geometry": { "type": "LineString", "coordinates": [ [ -65.9679, -24.3419 ], [ -65.964, -24.3486 ] ] } },
{ "type": "Feature", "properties": { "nombre": "Camino sin nombre", "longitud_km": 0.9 }, "geometry": { "type": "LineString", "coordinates": [ [ -65.9728, -24.348 ], [ -65.964, -24.3486 ] ] } },
{ "type": "Feature", "properties": { "nombre": "Camino sin nombre", "longitud_km": 1.08 }, "geometry": { "type": "LineString", "coordinates": [ [ -65.955, -24.4486 ], [ -65.9542, -24.4497 ], [ -65.9561, -24.4486 ], [ -65.9583, -24.4495 ], [ -65.955, -24.4523 ] ] } },
{ "type": "Feature", "properties": { "nombre": "Camino sin nombre", "longitud_km": 0.34 }, "geometry": { "type": "LineString", "coordinates": [ [ -65.8249, -24.4277 ], [ -65.8263, -24.4249 ] ] } },
{ "type": "Feature", "properties": { "nombre": "-2", "longitud_km": 2.66 }, "geometry": { "type": "LineString", "coordinates": [ [ -65.7612, -24.3606 ], [ -65.7595, -24.3367 ] ] } },
{ "type": "Feature", "properties": { "nombre": "-2", "longitud_km": 0.42 }, "geometry": { "type": "LineString", "coordinates": [ [ -65.7595, -24.3367 ], [ -65.7615, -24.3333 ] ] } },
{ "type": "Feature", "properties": { "nombre": "-2", "longitud_km": 2.94 }, "geometry": { "type": "LineString", "coordinates": [ [ -65.1204, -22.5348 ], [ -65.1131, -22.5216 ], [ -65.1178, -22.5157 ], [ -65.1132, -22.516 ] ] } },
{ "type": "Feature", "properties": { "nombre": "-2", "longitud_km": 0.1 }, "geometry": { "type": "LineString", "coordinates": [ [ -65.0979, -22.5032 ], [ -65.097, -22.5034 ] ] } },
{ "type": "Feature", "properties": { "nombre": "-2", "longitud_km": 0.13 }, "geometry": { "type": "LineString", "coordinates": [ [ -65.1027, -22.4976 ], [ -65.1017, -22.4984 ] ] } },
{ "type": "Feature", "properties": { "nombre": "-2", "longitud_km": 0.17 }, "geometry": { "type": "LineString", "coordinates": [ [ -65.1017, -22.4984 ], [ -65.1004, -22.4994 ] ] } },
{ "type": "Feature", "properties": { "nombre": "-2", "longitud_km": 0.08 }, "geometry": { "type": "LineString", "coordinates": [ [ -65.1029, -22.4982 ], [ -65.1023, -22.4987 ] ] } },
{ "type": "Feature", "properties": { "nombre": "-2", "longitud_km": 0.41 }, "geometry": { "type": "LineString", "coordinates": [ [ -65.1026, -22.4989 ], [ -65.0994, -22.5011 ] ] } },
{ "type": "Feature", "properties": { "nombre": "-2", "longitud_km": 0.32 }, "geometry": { "type": "LineString", "coordinates": [ [ -65.102, -22.5008 ], [ -65.0995, -22.5025 ] ] } },
{ "type": "Feature", "properties": { "nombre": "-2", "longitud_km": 0.13 }, "geometry": { "type": "LineString", "coordinates": [ [ -65.099, -22.5028 ], [ -65.0982, -22.5038 ] ] } },
{ "type": "Feature", "properties": { "nombre": "-2", "longitud_km": 0.1 }, "geometry": { "type": "LineString", "coordinates": [ [ -65.0974, -22.5014 ], [ -65.0982, -22.5009 ] ] } },
{ "type": "Feature", "properties": { "nombre": "-2", "longitud_km": 0.14 }, "geometry": { "type": "LineString", "coordinates": [ [ -65.0995, -22.5025 ], [ -65.0988, -22.5014 ] ] } },
{ "type": "Feature", "properties": { "nombre": "-2", "longitud_km": 0.22 }, "geometry": { "type": "LineString", "coordinates": [ [ -65.0994, -22.4981 ], [ -65.1015, -22.4983 ] ] } },
{ "type": "Feature", "properties": { "nombre": "-2", "longitud_km": 0.12 }, "geometry": { "type": "LineString", "coordinates": [ [ -65.0982, -22.5009 ], [ -65.0976, -22.5 ] ] } },
{ "type": "Feature", "properties": { "nombre": "-2", "longitud_km": 0.09 }, "geometry": { "type": "LineString", "coordinates": [ [ -65.0988, -22.5014 ], [ -65.0982, -22.5009 ] ] } },
{ "type": "Feature", "properties": { "nombre": "-2", "longitud_km": 0.07 }, "geometry": { "type": "LineString", "coordinates": [ [ -65.0994, -22.5011 ], [ -65.0988, -22.5014 ] ] } },
{ "type": "Feature", "properties": { "nombre": "-2", "longitud_km": 0.11 }, "geometry": { "type": "LineString", "coordinates": [ [ -65.099, -22.5028 ], [ -65.0979, -22.5032 ] ] } },
{ "type": "Feature", "properties": { "nombre": "-2", "longitud_km": 0.06 }, "geometry": { "type": "LineString", "coordinates": [ [ -65.0995, -22.5025 ], [ -65.099, -22.5028 ] ] } },
{ "type": "Feature", "properties": { "nombre": "-2", "longitud_km": 0.72 }, "geometry": { "type": "LineString", "coordinates": [ [ -65.1101, -22.5146 ], [ -65.1045, -22.5107 ] ] } },
{ "type": "Feature", "properties": { "nombre": "-2", "longitud_km": 0.74 }, "geometry": { "type": "LineString", "coordinates": [ [ -65.1213, -22.544 ], [ -65.1214, -22.5374 ] ] } },
{ "type": "Feature", "properties": { "nombre": "-2", "longitud_km": 0.31 }, "geometry": { "type": "LineString", "coordinates": [ [ -65.1214, -22.5374 ], [ -65.1204, -22.5348 ] ] } },
{ "type": "Feature", "properties": { "nombre": "-2", "longitud_km": 0.21 }, "geometry": { "type": "LineString", "coordinates": [ [ -65.0994, -22.5011 ], [ -65.0984, -22.4995 ] ] } },
{ "type": "Feature", "properties": { "nombre": "-2", "longitud_km": 0.23 }, "geometry": { "type": "LineString", "coordinates": [ [ -65.1026, -22.5129 ], [ -65.1024, -22.5149 ] ] } },
{ "type": "Feature", "properties": { "nombre": "-2", "longitud_km": 2.79 }, "geometry": { "type": "LineString", "coordinates": [ [ -65.159, -22.6398 ], [ -65.1617, -22.6374 ], [ -65.1707, -22.6444 ], [ -65.1755, -22.6543 ] ] } },
{ "type": "Feature", "properties": { "nombre": "-2", "longitud_km": 11.15 }, "geometry": { "type": "LineString", "coordinates": [ [ -65.2293, -22.6315 ], [ -65.2058, -22.6428 ], [ -65.2044, -22.6368 ], [ -65.1929, -22.6375 ], [ -65.1862, -22.6323 ], [ -65.1851, -22.6353 ], [ -65.1858, -22.631 ], [ -65.1789, -22.6376 ], [ -65.1683, -22.6247 ], [ -65.1647, -22.6365 ], [ -65.159, -22.6398 ] ] } },
{ "type": "Feature", "properties": { "nombre": "-2", "longitud_km": 2.95 }, "geometry": { "type": "LineString", "coordinates": [ [ -65.2535, -22.646 ], [ -65.2296, -22.6313 ] ] } },
{ "type": "Feature", "properties": { "nombre": "-2", "longitud_km": 0.7 }, "geometry": { "type": "LineString", "coordinates": [ [ -65.1755, -22.6545 ], [ -65.1793, -22.6598 ] ] } },
{ "type": "Feature", "properties": { "nombre": "-2", "longitud_km": 0.02 }, "geometry": { "type": "LineString", "coordinates": [ [ -65.1755, -22.6543 ], [ -65.1755, -22.6545 ] ] } },
{ "type": "Feature", "properties": { "nombre": "-2", "longitud_km": 4.67 }, "geometry": { "type": "LineString", "coordinates": [ [ -65.083, -22.4573 ], [ -65.1019, -22.4957 ] ] } },
{ "type": "Feature", "properties": { "nombre": "-2", "longitud_km": 16.33 }, "geometry": { "type": "LineString", "coordinates": [ [ -65.1793, -22.4276 ], [ -65.1791, -22.418 ], [ -65.1697, -22.4176 ], [ -65.1657, -22.4086 ], [ -65.1615, -22.4121 ], [ -65.1597, -22.409 ], [ -65.1587, -22.4084 ], [ -65.1577, -22.4119 ], [ -65.1539, -22.4137 ], [ -65.15, -22.4139 ], [ -65.1483, -22.4045 ], [ -65.1488, -22.4085 ], [ -65.1464, -22.4107 ], [ -65.1427, -22.4034 ], [ -65.1397, -22.4034 ], [ -65.1416, -22.4092 ], [ -65.1244, -22.4097 ], [ -65.125, -22.4137 ], [ -65.1097, -22.4049 ], [ -65.1, -22.4061 ], [ -65.0848, -22.3938 ] ] } },
{ "type": "Feature", "properties": { "nombre": "-2", "longitud_km": 5.2 }, "geometry": { "type": "LineString", "coordinates": [ [ -65.1691, -22.3546 ], [ -65.1791, -22.3628 ], [ -65.1749, -22.3726 ], [ -65.1868, -22.3797 ], [ -65.1984, -22.3798 ] ] } },
{ "type": "Feature", "properties": { "nombre": "-2", "longitud_km": 1.02 }, "geometry": { "type": "LineString", "coordinates": [ [ -65.0896, -22.3897 ], [ -65.0859, -22.3884 ], [ -65.0906, -22.3851 ] ] } },
{ "type": "Feature", "properties": { "nombre": "-2", "longitud_km": 1.85 }, "geometry": { "type": "LineString", "coordinates": [ [ -65.2062, -22.3888 ], [ -65.2142, -22.4038 ] ] } },
{ "type": "Feature", "properties": { "nombre": "-2", "longitud_km": 1.28 }, "geometry": { "type": "LineString", "coordinates": [ [ -65.1984, -22.3798 ], [ -65.2062, -22.3888 ] ] } },
{ "type": "Feature", "properties": { "nombre": "-2", "longitud_km": 0.66 }, "geometry": { "type": "LineString", "coordinates": [ [ -65.0848, -22.3938 ], [ -65.0896, -22.3897 ] ] } },
{ "type": "Feature", "properties": { "nombre": "-2", "longitud_km": 1.01 }, "geometry": { "type": "LineString", "coordinates": [ [ -65.082, -22.4583 ], [ -65.0798, -22.461 ], [ -65.0813, -22.4554 ] ] } },
{ "type": "Feature", "properties": { "nombre": "-2", "longitud_km": 0.19 }, "geometry": { "type": "LineString", "coordinates": [ [ -64.1206, -24.2537 ], [ -64.1204, -24.2554 ] ] } },
{ "type": "Feature", "properties": { "nombre": "-2", "longitud_km": 1.94 }, "geometry": { "type": "LineString", "coordinates": [ [ -65.1749, -22.3379 ], [ -65.1691, -22.3546 ] ] } },
{ "type": "Feature", "properties": { "nombre": "Camino sin nombre", "longitud_km": 5.04 }, "geometry": { "type": "LineString", "coordinates": [ [ -64.0118, -24.2296 ], [ -64.0601, -24.2194 ] ] } },
{ "type": "Feature", "properties": { "nombre": "Camino sin nombre", "longitud_km": 1.31 }, "geometry": { "type": "LineString", "coordinates": [ [ -64.0, -24.1917 ], [ -64.0033, -24.1802 ] ] } },
{ "type": "Feature", "properties": { "nombre": "-2", "longitud_km": 0.92 }, "geometry": { "type": "LineString", "coordinates": [ [ -64.1121, -24.2466 ], [ -64.1138, -24.2547 ] ] } },
{ "type": "Feature", "properties": { "nombre": "-2", "longitud_km": 0.28 }, "geometry": { "type": "LineString", "coordinates": [ [ -64.1193, -24.2514 ], [ -64.1206, -24.2537 ] ] } },
{ "type": "Feature", "properties": { "nombre": "-2", "longitud_km": 0.49 }, "geometry": { "type": "LineString", "coordinates": [ [ -64.1184, -24.2507 ], [ -64.1172, -24.255 ] ] } },
{ "type": "Feature", "properties": { "nombre": "-2", "longitud_km": 12.48 }, "geometry": { "type": "LineString", "coordinates": [ [ -65.2142, -22.4038 ], [ -65.2101, -22.4157 ], [ -65.2225, -22.4242 ], [ -65.2196, -22.4295 ], [ -65.2268, -22.4295 ], [ -65.2255, -22.4356 ], [ -65.2291, -22.4338 ], [ -65.2356, -22.448 ], [ -65.2384, -22.4602 ], [ -65.2364, -22.4661 ], [ -65.2344, -22.4627 ], [ -65.2299, -22.4669 ], [ -65.2353, -22.4703 ], [ -65.2314, -22.4712 ], [ -65.2348, -22.4732 ], [ -65.2322, -22.4781 ] ] } },
{ "type": "Feature", "properties": { "nombre": "Camino sin nombre", "longitud_km": 1.88 }, "geometry": { "type": "LineString", "coordinates": [ [ -64.0033, -24.1802 ], [ -64.008, -24.1638 ] ] } },
{ "type": "Feature", "properties": { "nombre": "Camino sin nombre", "longitud_km": 0.83 }, "geometry": { "type": "LineString", "coordinates": [ [ -64.008, -24.1638 ], [ -64.0, -24.1651 ] ] } },
{ "type": "Feature", "properties": { "nombre": "Camino sin nombre", "longitud_km": 0.29 }, "geometry": { "type": "LineString", "coordinates": [ [ -64.0003, -24.1132 ], [ -64.0001, -24.1158 ] ] } },
{ "type": "Feature", "properties": { "nombre": "-2", "longitud_km": 1.04 }, "geometry": { "type": "LineString", "coordinates": [ [ -64.0964, -24.2135 ], [ -64.1065, -24.2148 ] ] } },
{ "type": "Feature", "properties": { "nombre": "Camino sin nombre", "longitud_km": 1.25 }, "geometry": { "type": "LineString", "coordinates": [ [ -64.0842, -24.2142 ], [ -64.0964, -24.2135 ] ] } },
{ "type": "Feature", "properties": { "nombre": "Camino sin nombre", "longitud_km": 2.51 }, "geometry": { "type": "LineString", "coordinates": [ [ -64.0601, -24.2194 ], [ -64.0842, -24.2142 ] ] } },
{ "type": "Feature", "properties": { "nombre": "-2", "longitud_km": 0.79 }, "geometry": { "type": "LineString", "coordinates": [ [ -64.1121, -24.2466 ], [ -64.1184, -24.2507 ] ] } },
{ "type": "Feature", "properties": { "nombre": "-2", "longitud_km": 7.25 }, "geometry": { "type": "LineString", "coordinates": [ [ -65.179, -22.3678 ], [ -65.1722, -22.3699 ], [ -65.1721, -22.3751 ], [ -65.1793, -22.3795 ], [ -65.1758, -22.3781 ], [ -65.1743, -22.3855 ], [ -65.1557, -22.375 ], [ -65.1492, -22.3787 ], [ -65.1476, -22.3714 ] ] } },
{ "type": "Feature", "properties": { "nombre": "-2", "longitud_km": 2.1 }, "geometry": { "type": "LineString", "coordinates": [ [ -65.2575, -22.4148 ], [ -65.245, -22.4077 ], [ -65.2446, -22.4025 ] ] } },
{ "type": "Feature", "properties": { "nombre": "-2", "longitud_km": 0.04 }, "geometry": { "type": "LineString", "coordinates": [ [ -65.083, -22.4573 ], [ -65.0827, -22.4575 ] ] } },
{ "type": "Feature", "properties": { "nombre": "-2", "longitud_km": 0.12 }, "geometry": { "type": "LineString", "coordinates": [ [ -65.0994, -22.4981 ], [ -65.099, -22.4991 ] ] } },
{ "type": "Feature", "properties": { "nombre": "-2", "longitud_km": 0.08 }, "geometry": { "type": "LineString", "coordinates": [ [ -65.0994, -22.4981 ], [ -65.0987, -22.4985 ] ] } },
{ "type": "Feature", "properties": { "nombre": "-2", "longitud_km": 0.3 }, "geometry": { "type": "LineString", "coordinates": [ [ -65.3869, -24.6406 ], [ -65.3839, -24.6405 ] ] } },
{ "type": "Feature", "properties": { "nombre": "-2", "longitud_km": 0.07 }, "geometry": { "type": "LineString", "coordinates": [ [ -65.3608, -24.5136 ], [ -65.3614, -24.5133 ] ] } },
{ "type": "Feature", "properties": { "nombre": "-2", "longitud_km": 0.02 }, "geometry": { "type": "LineString", "coordinates": [ [ -65.1468, -24.5951 ], [ -65.147, -24.595 ] ] } },
{ "type": "Feature", "properties": { "nombre": "-2", "longitud_km": 3.53 }, "geometry": { "type": "LineString", "coordinates": [ [ -65.0001, -24.6101 ], [ -65.0092, -24.5884 ], [ -65.0, -24.5904 ] ] } },
{ "type": "Feature", "properties": { "nombre": "Camino sin nombre", "longitud_km": 1.12 }, "geometry": { "type": "LineString", "coordinates": [ [ -65.3791, -24.6519 ], [ -65.3681, -24.6531 ] ] } },
{ "type": "Feature", "properties": { "nombre": "-2", "longitud_km": 0.15 }, "geometry": { "type": "LineString", "coordinates": [ [ -65.3868, -24.6392 ], [ -65.3869, -24.6406 ] ] } },
{ "type": "Feature", "properties": { "nombre": "-2", "longitud_km": 0.1 }, "geometry": { "type": "LineString", "coordinates": [ [ -65.3839, -24.6415 ], [ -65.3839, -24.6405 ] ] } },
{ "type": "Feature", "properties": { "nombre": "-2", "longitud_km": 4.49 }, "geometry": { "type": "LineString", "coordinates": [ [ -64.1193, -24.2514 ], [ -64.1302, -24.241 ], [ -64.1576, -24.2482 ] ] } },
{ "type": "Feature", "properties": { "nombre": "-2", "longitud_km": 1.78 }, "geometry": { "type": "LineString", "coordinates": [ [ -64.1121, -24.2466 ], [ -64.1192, -24.2318 ] ] } },
{ "type": "Feature", "properties": { "nombre": "Camino sin nombre", "longitud_km": 1.54 }, "geometry": { "type": "LineString", "coordinates": [ [ -64.0, -24.2321 ], [ -64.0106, -24.2419 ] ] } },
{ "type": "Feature", "properties": { "nombre": "Camino sin nombre", "longitud_km": 0.99 }, "geometry": { "type": "LineString", "coordinates": [ [ -64.0106, -24.2419 ], [ -64.0183, -24.2474 ] ] } },
{ "type": "Feature", "properties": { "nombre": "Camino sin nombre", "longitud_km": 1.9 }, "geometry": { "type": "LineString", "coordinates": [ [ -64.0626, -24.245 ], [ -64.0609, -24.228 ] ] } },
{ "type": "Feature", "properties": { "nombre": "Camino sin nombre", "longitud_km": 0.64 }, "geometry": { "type": "LineString", "coordinates": [ [ -64.0631, -24.2508 ], [ -64.0626, -24.245 ] ] } },
{ "type": "Feature", "properties": { "nombre": "-2", "longitud_km": 0.75 }, "geometry": { "type": "LineString", "coordinates": [ [ -64.1048, -24.248 ], [ -64.1121, -24.2466 ] ] } },
{ "type": "Feature", "properties": { "nombre": "-2", "longitud_km": 0.13 }, "geometry": { "type": "LineString", "coordinates": [ [ -64.1184, -24.2507 ], [ -64.1193, -24.2514 ] ] } },
{ "type": "Feature", "properties": { "nombre": "-2", "longitud_km": 0.07 }, "geometry": { "type": "LineString", "coordinates": [ [ -65.1469, -24.5944 ], [ -65.147, -24.595 ] ] } },
{ "type": "Feature", "properties": { "nombre": "-2", "longitud_km": 0.19 }, "geometry": { "type": "LineString", "coordinates": [ [ -65.147, -24.595 ], [ -65.1487, -24.5944 ] ] } },
{ "type": "Feature", "properties": { "nombre": "-2", "longitud_km": 0.41 }, "geometry": { "type": "LineString", "coordinates": [ [ -65.1508, -24.5957 ], [ -65.1548, -24.5955 ] ] } },
{ "type": "Feature", "properties": { "nombre": "-2", "longitud_km": 0.09 }, "geometry": { "type": "LineString", "coordinates": [ [ -65.1459, -24.5946 ], [ -65.1459, -24.5954 ] ] } },
{ "type": "Feature", "properties": { "nombre": "-2", "longitud_km": 0.1 }, "geometry": { "type": "LineString", "coordinates": [ [ -65.1508, -24.5957 ], [ -65.1514, -24.5965 ] ] } },
{ "type": "Feature", "properties": { "nombre": "-2", "longitud_km": 0.24 }, "geometry": { "type": "LineString", "coordinates": [ [ -65.1487, -24.5944 ], [ -65.1506, -24.5958 ] ] } },
{ "type": "Feature", "properties": { "nombre": "Camino sin nombre", "longitud_km": 3.39 }, "geometry": { "type": "LineString", "coordinates": [ [ -65.0701, -24.644 ], [ -65.1022, -24.6527 ] ] } },
{ "type": "Feature", "properties": { "nombre": "Camino sin nombre", "longitud_km": 3.69 }, "geometry": { "type": "LineString", "coordinates": [ [ -65.0701, -24.644 ], [ -65.0761, -24.6498 ], [ -65.1035, -24.6531 ] ] } },
{ "type": "Feature", "properties": { "nombre": "-2", "longitud_km": 0.2 }, "geometry": { "type": "LineString", "coordinates": [ [ -65.3686, -24.5498 ], [ -65.3696, -24.5482 ] ] } },
{ "type": "Feature", "properties": { "nombre": "-2", "longitud_km": 0.04 }, "geometry": { "type": "LineString", "coordinates": [ [ -65.36, -24.5859 ], [ -65.3602, -24.5856 ] ] } },
{ "type": "Feature", "properties": { "nombre": "-2", "longitud_km": 0.31 }, "geometry": { "type": "LineString", "coordinates": [ [ -65.3603, -24.5855 ], [ -65.3632, -24.5847 ] ] } },
{ "type": "Feature", "properties": { "nombre": "-2", "longitud_km": 0.29 }, "geometry": { "type": "LineString", "coordinates": [ [ -65.3603, -24.5855 ], [ -65.3632, -24.5851 ] ] } },
{ "type": "Feature", "properties": { "nombre": "-2", "longitud_km": 0.27 }, "geometry": { "type": "LineString", "coordinates": [ [ -65.148, -24.5965 ], [ -65.1506, -24.5958 ] ] } },
{ "type": "Feature", "properties": { "nombre": "-2", "longitud_km": 0.03 }, "geometry": { "type": "LineString", "coordinates": [ [ -65.1506, -24.5958 ], [ -65.1508, -24.5957 ] ] } },
{ "type": "Feature", "properties": { "nombre": "-2", "longitud_km": 0.06 }, "geometry": { "type": "LineString", "coordinates": [ [ -65.1487, -24.5944 ], [ -65.1493, -24.5942 ] ] } },
{ "type": "Feature", "properties": { "nombre": "-2", "longitud_km": 0.02 }, "geometry": { "type": "LineString", "coordinates": [ [ -65.147, -24.595 ], [ -65.1471, -24.5952 ] ] } },
{ "type": "Feature", "properties": { "nombre": "-2", "longitud_km": 0.26 }, "geometry": { "type": "LineString", "coordinates": [ [ -65.0775, -24.6315 ], [ -65.0788, -24.6336 ] ] } },
{ "type": "Feature", "properties": { "nombre": "-2", "longitud_km": 1.66 }, "geometry": { "type": "LineString", "coordinates": [ [ -65.0735, -24.6197 ], [ -65.0807, -24.6332 ] ] } },
{ "type": "Feature", "properties": { "nombre": "-2", "longitud_km": 1.36 }, "geometry": { "type": "LineString", "coordinates": [ [ -65.0777, -24.6338 ], [ -65.0719, -24.6227 ] ] } },
{ "type": "Feature", "properties": { "nombre": "-2", "longitud_km": 0.08 }, "geometry": { "type": "LineString", "coordinates": [ [ -65.3599, -24.5861 ], [ -65.3603, -24.5855 ] ] } },
{ "type": "Feature", "properties": { "nombre": "Camino sin nombre", "longitud_km": 0.92 }, "geometry": { "type": "LineString", "coordinates": [ [ -65.0701, -24.644 ], [ -65.0612, -24.6424 ] ] } },
{ "type": "Feature", "properties": { "nombre": "-2", "longitud_km": 0.09 }, "geometry": { "type": "LineString", "coordinates": [ [ -65.3946, -24.5576 ], [ -65.3941, -24.5569 ] ] } },
{ "type": "Feature", "properties": { "nombre": "Camino sin nombre", "longitud_km": 0.13 }, "geometry": { "type": "LineString", "coordinates": [ [ -65.1093, -24.662 ], [ -65.1106, -24.6618 ] ] } },
{ "type": "Feature", "properties": { "nombre": "Camino sin nombre", "longitud_km": 0.85 }, "geometry": { "type": "LineString", "coordinates": [ [ -65.0686, -24.6597 ], [ -65.0652, -24.6667 ] ] } },
{ "type": "Feature", "properties": { "nombre": "Camino sin nombre", "longitud_km": 0.22 }, "geometry": { "type": "LineString", "coordinates": [ [ -65.0651, -24.6591 ], [ -65.0641, -24.6608 ] ] } },
{ "type": "Feature", "properties": { "nombre": "-2", "longitud_km": 1.91 }, "geometry": { "type": "LineString", "coordinates": [ [ -65.1077, -24.5543 ], [ -65.1125, -24.5434 ], [ -65.1184, -24.5432 ] ] } },
{ "type": "Feature", "properties": { "nombre": "Camino sin nombre", "longitud_km": 0.04 }, "geometry": { "type": "LineString", "coordinates": [ [ -65.3809, -24.661 ], [ -65.3805, -24.661 ] ] } },
{ "type": "Feature", "properties": { "nombre": "Camino sin nombre", "longitud_km": 0.05 }, "geometry": { "type": "LineString", "coordinates": [ [ -65.3844, -24.6631 ], [ -65.3838, -24.663 ] ] } },
{ "type": "Feature", "properties": { "nombre": "-2", "longitud_km": 0.03 }, "geometry": { "type": "LineString", "coordinates": [ [ -65.481, -24.6256 ], [ -65.4809, -24.6254 ] ] } },
{ "type": "Feature", "properties": { "nombre": "-2", "longitud_km": 4.4 }, "geometry": { "type": "LineString", "coordinates": [ [ -65.0443, -24.5738 ], [ -65.0525, -24.5868 ], [ -65.0793, -24.5896 ] ] } },
{ "type": "Feature", "properties": { "nombre": "-2", "longitud_km": 1.19 }, "geometry": { "type": "LineString", "coordinates": [ [ -65.1771, -24.5086 ], [ -65.1774, -24.4979 ] ] } },
{ "type": "Feature", "properties": { "nombre": "Camino sin nombre", "longitud_km": 1.0 }, "geometry": { "type": "LineString", "coordinates": [ [ -65.058, -24.6469 ], [ -65.0494, -24.6426 ] ] } },
{ "type": "Feature", "properties": { "nombre": "-2", "longitud_km": 1.93 }, "geometry": { "type": "LineString", "coordinates": [ [ -65.058, -24.6469 ], [ -65.0603, -24.6428 ], [ -65.0515, -24.6391 ], [ -65.0531, -24.6354 ] ] } },
{ "type": "Feature", "properties": { "nombre": "Camino sin nombre", "longitud_km": 0.07 }, "geometry": { "type": "LineString", "coordinates": [ [ -65.0586, -24.6473 ], [ -65.058, -24.6469 ] ] } },
{ "type": "Feature", "properties": { "nombre": "Camino sin nombre", "longitud_km": 0.11 }, "geometry": { "type": "LineString", "coordinates": [ [ -65.0364, -24.6638 ], [ -65.0366, -24.6628 ] ] } },
{ "type": "Feature", "properties": { "nombre": "-2", "longitud_km": 0.51 }, "geometry": { "type": "LineString", "coordinates": [ [ -65.3826, -24.5518 ], [ -65.3779, -24.5533 ] ] } },
{ "type": "Feature", "properties": { "nombre": "-2", "longitud_km": 0.64 }, "geometry": { "type": "LineString", "coordinates": [ [ -65.3789, -24.5667 ], [ -65.3727, -24.5673 ] ] } },
{ "type": "Feature", "properties": { "nombre": "Camino sin nombre", "longitud_km": 0.18 }, "geometry": { "type": "LineString", "coordinates": [ [ -65.001, -24.6565 ], [ -65.0007, -24.6582 ] ] } },
{ "type": "Feature", "properties": { "nombre": "-2", "longitud_km": 0.53 }, "geometry": { "type": "LineString", "coordinates": [ [ -65.3798, -24.6205 ], [ -65.3746, -24.6214 ] ] } },
{ "type": "Feature", "properties": { "nombre": "-2", "longitud_km": 1.02 }, "geometry": { "type": "LineString", "coordinates": [ [ -65.0783, -24.5898 ], [ -65.0781, -24.5806 ] ] } },
{ "type": "Feature", "properties": { "nombre": "-2", "longitud_km": 0.09 }, "geometry": { "type": "LineString", "coordinates": [ [ -65.3876, -24.6411 ], [ -65.3869, -24.6406 ] ] } },
{ "type": "Feature", "properties": { "nombre": "-2", "longitud_km": 0.3 }, "geometry": { "type": "LineString", "coordinates": [ [ -65.3839, -24.6405 ], [ -65.3809, -24.6406 ] ] } },
{ "type": "Feature", "properties": { "nombre": "Camino sin nombre", "longitud_km": 0.7 }, "geometry": { "type": "LineString", "coordinates": [ [ -65.392, -24.6577 ], [ -65.3867, -24.6616 ] ] } },
{ "type": "Feature", "properties": { "nombre": "Camino sin nombre", "longitud_km": 0.42 }, "geometry": { "type": "LineString", "coordinates": [ [ -65.3867, -24.6616 ], [ -65.3825, -24.6623 ] ] } },
{ "type": "Feature", "properties": { "nombre": "Camino sin nombre", "longitud_km": 1.11 }, "geometry": { "type": "LineString", "coordinates": [ [ -65.435, -24.6577 ], [ -65.425, -24.6536 ] ] } },
{ "type": "Feature", "properties": { "nombre": "Camino sin nombre", "longitud_km": 1.51 }, "geometry": { "type": "LineString", "coordinates": [ [ -65.425, -24.6536 ], [ -65.4206, -24.6667 ] ] } },
{ "type": "Feature", "properties": { "nombre": "Camino sin nombre", "longitud_km": 0.87 }, "geometry": { "type": "LineString", "coordinates": [ [ -65.4329, -24.6506 ], [ -65.425, -24.6536 ] ] } },
{ "type": "Feature", "properties": { "nombre": "-2", "longitud_km": 4.73 }, "geometry": { "type": "LineString", "coordinates": [ [ -65.392, -24.6577 ], [ -65.3943, -24.6355 ], [ -65.3889, -24.6156 ] ] } },
{ "type": "Feature", "properties": { "nombre": "-2", "longitud_km": 4.15 }, "geometry": { "type": "LineString", "coordinates": [ [ -65.2187, -24.5289 ], [ -65.2279, -24.5252 ], [ -65.2272, -24.506 ], [ -65.2349, -24.5004 ] ] } },
{ "type": "Feature", "properties": { "nombre": "-2", "longitud_km": 0.43 }, "geometry": { "type": "LineString", "coordinates": [ [ -65.3668, -24.5753 ], [ -65.3628, -24.5765 ] ] } },
{ "type": "Feature", "properties": { "nombre": "-2", "longitud_km": 3.96 }, "geometry": { "type": "LineString", "coordinates": [ [ -65.4571, -24.6269 ], [ -65.4507, -24.6411 ], [ -65.4304, -24.6497 ] ] } },
{ "type": "Feature", "properties": { "nombre": "-2", "longitud_km": 3.42 }, "geometry": { "type": "LineString", "coordinates": [ [ -65.2696, -24.5173 ], [ -65.24, -24.5025 ] ] } },
{ "type": "Feature", "properties": { "nombre": "-2", "longitud_km": 2.12 }, "geometry": { "type": "LineString", "coordinates": [ [ -65.2696, -24.5173 ], [ -65.2848, -24.5304 ] ] } },
{ "type": "Feature", "properties": { "nombre": "-2", "longitud_km": 0.58 }, "geometry": { "type": "LineString", "coordinates": [ [ -65.2345, -24.501 ], [ -65.24, -24.5025 ] ] } },
{ "type": "Feature", "properties": { "nombre": "-2", "longitud_km": 0.61 }, "geometry": { "type": "LineString", "coordinates": [ [ -65.12, -24.5356 ], [ -65.1169, -24.5403 ] ] } },
{ "type": "Feature", "properties": { "nombre": "-2", "longitud_km": 0.59 }, "geometry": { "type": "LineString", "coordinates": [ [ -65.3584, -24.5602 ], [ -65.3563, -24.5652 ] ] } },
{ "type": "Feature", "properties": { "nombre": "-2", "longitud_km": 2.2 }, "geometry": { "type": "LineString", "coordinates": [ [ -64.8502, -24.4896 ], [ -64.8498, -24.4698 ] ] } },
{ "type": "Feature", "properties": { "nombre": "-2", "longitud_km": 1.62 }, "geometry": { "type": "LineString", "coordinates": [ [ -64.9684, -24.5987 ], [ -64.9668, -24.6132 ] ] } },
{ "type": "Feature", "properties": { "nombre": "-2", "longitud_km": 1.79 }, "geometry": { "type": "LineString", "coordinates": [ [ -64.9684, -24.5987 ], [ -64.986, -24.5978 ] ] } },
{ "type": "Feature", "properties": { "nombre": "-2", "longitud_km": 0.86 }, "geometry": { "type": "LineString", "coordinates": [ [ -64.8761, -24.5588 ], [ -64.8678, -24.5609 ] ] } },
{ "type": "Feature", "properties": { "nombre": "-2", "longitud_km": 5.79 }, "geometry": { "type": "LineString", "coordinates": [ [ -64.8988, -24.6445 ], [ -64.8988, -24.6312 ], [ -64.9056, -24.6147 ], [ -64.8988, -24.5987 ], [ -64.8944, -24.5978 ] ] } },
{ "type": "Feature", "properties": { "nombre": "-2", "longitud_km": 1.55 }, "geometry": { "type": "LineString", "coordinates": [ [ -64.8944, -24.5978 ], [ -64.8947, -24.5905 ], [ -64.8875, -24.5893 ] ] } },
{ "type": "Feature", "properties": { "nombre": "-2", "longitud_km": 1.57 }, "geometry": { "type": "LineString", "coordinates": [ [ -64.8944, -24.5978 ], [ -64.8789, -24.5972 ] ] } },
{ "type": "Feature", "properties": { "nombre": "-2", "longitud_km": 1.09 }, "geometry": { "type": "LineString", "coordinates": [ [ -64.8875, -24.5893 ], [ -64.8767, -24.5902 ] ] } },
{ "type": "Feature", "properties": { "nombre": "-2", "longitud_km": 1.81 }, "geometry": { "type": "LineString", "coordinates": [ [ -64.8875, -24.5893 ], [ -64.8781, -24.5802 ], [ -64.8741, -24.5814 ] ] } },
{ "type": "Feature", "properties": { "nombre": "-2", "longitud_km": 0.61 }, "geometry": { "type": "LineString", "coordinates": [ [ -64.8438, -24.47 ], [ -64.8498, -24.4698 ] ] } },
{ "type": "Feature", "properties": { "nombre": "-2", "longitud_km": 1.04 }, "geometry": { "type": "LineString", "coordinates": [ [ -64.861, -24.607 ], [ -64.8577, -24.5981 ] ] } },
{ "type": "Feature", "properties": { "nombre": "-2", "longitud_km": 5.56 }, "geometry": { "type": "LineString", "coordinates": [ [ -64.8577, -24.5981 ], [ -64.842, -24.55 ] ] } },
{ "type": "Feature", "properties": { "nombre": "-2", "longitud_km": 0.47 }, "geometry": { "type": "LineString", "coordinates": [ [ -64.8789, -24.5972 ], [ -64.8801, -24.6013 ] ] } },
{ "type": "Feature", "properties": { "nombre": "-2", "longitud_km": 2.36 }, "geometry": { "type": "LineString", "coordinates": [ [ -64.8678, -24.5609 ], [ -64.8741, -24.5814 ] ] } },
{ "type": "Feature", "properties": { "nombre": "-2", "longitud_km": 0.8 }, "geometry": { "type": "LineString", "coordinates": [ [ -64.8767, -24.5902 ], [ -64.8789, -24.5972 ] ] } },
{ "type": "Feature", "properties": { "nombre": "-2", "longitud_km": 1.01 }, "geometry": { "type": "LineString", "coordinates": [ [ -64.8741, -24.5814 ], [ -64.8767, -24.5902 ] ] } },
{ "type": "Feature", "properties": { "nombre": "-2", "longitud_km": 6.37 }, "geometry": { "type": "LineString", "coordinates": [ [ -64.8522, -24.5052 ], [ -64.8678, -24.5609 ] ] } },
{ "type": "Feature", "properties": { "nombre": "-2", "longitud_km": 1.74 }, "geometry": { "type": "LineString", "coordinates": [ [ -64.8522, -24.5052 ], [ -64.8502, -24.4896 ] ] } },
{ "type": "Feature", "properties": { "nombre": "-2", "longitud_km": 0.46 }, "geometry": { "type": "LineString", "coordinates": [ [ -64.8498, -24.4698 ], [ -64.8528, -24.4666 ] ] } },
{ "type": "Feature", "properties": { "nombre": "-2", "longitud_km": 1.32 }, "geometry": { "type": "LineString", "coordinates": [ [ -64.8309, -24.4716 ], [ -64.8438, -24.47 ] ] } },
{ "type": "Feature", "properties": { "nombre": "-2", "longitud_km": 3.02 }, "geometry": { "type": "LineString", "coordinates": [ [ -64.9386, -24.5994 ], [ -64.9684, -24.5987 ] ] } },
{ "type": "Feature", "properties": { "nombre": "-2", "longitud_km": 0.7 }, "geometry": { "type": "LineString", "coordinates": [ [ -64.7867, -24.6135 ], [ -64.7824, -24.6184 ] ] } },
{ "type": "Feature", "properties": { "nombre": "-2", "longitud_km": 0.17 }, "geometry": { "type": "LineString", "coordinates": [ [ -64.7209, -24.5388 ], [ -64.72, -24.5401 ] ] } },
{ "type": "Feature", "properties": { "nombre": "-2", "longitud_km": 0.04 }, "geometry": { "type": "LineString", "coordinates": [ [ -64.7224, -24.5379 ], [ -64.7228, -24.5381 ] ] } },
{ "type": "Feature", "properties": { "nombre": "-2", "longitud_km": 0.23 }, "geometry": { "type": "LineString", "coordinates": [ [ -64.7854, -24.6107 ], [ -64.7844, -24.6126 ] ] } },
{ "type": "Feature", "properties": { "nombre": "-2", "longitud_km": 2.44 }, "geometry": { "type": "LineString", "coordinates": [ [ -64.8829, -24.6109 ], [ -64.8894, -24.6321 ] ] } },
{ "type": "Feature", "properties": { "nombre": "-2", "longitud_km": 3.08 }, "geometry": { "type": "LineString", "coordinates": [ [ -64.9678, -24.6349 ], [ -64.9381, -24.6289 ] ] } },
{ "type": "Feature", "properties": { "nombre": "-2", "longitud_km": 2.09 }, "geometry": { "type": "LineString", "coordinates": [ [ -64.9991, -24.6366 ], [ -64.9915, -24.6442 ], [ -64.9822, -24.643 ] ] } },
{ "type": "Feature", "properties": { "nombre": "-2", "longitud_km": 0.79 }, "geometry": { "type": "LineString", "coordinates": [ [ -64.9804, -24.6421 ], [ -64.9737, -24.6384 ] ] } },
{ "type": "Feature", "properties": { "nombre": "-2", "longitud_km": 0.37 }, "geometry": { "type": "LineString", "coordinates": [ [ -64.9737, -24.6384 ], [ -64.9708, -24.6365 ] ] } },
{ "type": "Feature", "properties": { "nombre": "-2", "longitud_km": 0.35 }, "geometry": { "type": "LineString", "coordinates": [ [ -64.9708, -24.6365 ], [ -64.9678, -24.6349 ] ] } },
{ "type": "Feature", "properties": { "nombre": "Camino sin nombre", "longitud_km": 0.21 }, "geometry": { "type": "LineString", "coordinates": [ [ -64.9822, -24.643 ], [ -64.9804, -24.6421 ] ] } },
{ "type": "Feature", "properties": { "nombre": "-2", "longitud_km": 1.36 }, "geometry": { "type": "LineString", "coordinates": [ [ -64.8894, -24.6321 ], [ -64.8927, -24.644 ] ] } },
{ "type": "Feature", "properties": { "nombre": "-2", "longitud_km": 0.64 }, "geometry": { "type": "LineString", "coordinates": [ [ -64.9605, -24.6107 ], [ -64.9584, -24.6162 ] ] } },
{ "type": "Feature", "properties": { "nombre": "-2", "longitud_km": 0.57 }, "geometry": { "type": "LineString", "coordinates": [ [ -64.9901, -24.6278 ], [ -64.9927, -24.6232 ] ] } },
{ "type": "Feature", "properties": { "nombre": "Camino sin nombre", "longitud_km": 0.2 }, "geometry": { "type": "LineString", "coordinates": [ [ -64.0559, -23.9036 ], [ -64.055, -23.902 ] ] } },
{ "type": "Feature", "properties": { "nombre": "Camino sin nombre", "longitud_km": 0.67 }, "geometry": { "type": "LineString", "coordinates": [ [ -64.0559, -23.9036 ], [ -64.0591, -23.9089 ] ] } },
{ "type": "Feature", "properties": { "nombre": "Camino sin nombre", "longitud_km": 0.2 }, "geometry": { "type": "LineString", "coordinates": [ [ -64.0541, -23.9043 ], [ -64.0559, -23.9036 ] ] } },
{ "type": "Feature", "properties": { "nombre": "-2", "longitud_km": 0.27 }, "geometry": { "type": "LineString", "coordinates": [ [ -65.3722, -24.5717 ], [ -65.3735, -24.5696 ] ] } },
{ "type": "Feature", "properties": { "nombre": "-2", "longitud_km": 0.14 }, "geometry": { "type": "LineString", "coordinates": [ [ -65.3722, -24.5717 ], [ -65.3712, -24.5708 ] ] } },
{ "type": "Feature", "properties": { "nombre": "-2", "longitud_km": 0.15 }, "geometry": { "type": "LineString", "coordinates": [ [ -65.3734, -24.5726 ], [ -65.3722, -24.5717 ] ] } },
{ "type": "Feature", "properties": { "nombre": "-2", "longitud_km": 0.23 }, "geometry": { "type": "LineString", "coordinates": [ [ -65.3837, -24.6003 ], [ -65.3846, -24.5984 ] ] } },
{ "type": "Feature", "properties": { "nombre": "-2", "longitud_km": 0.18 }, "geometry": { "type": "LineString", "coordinates": [ [ -65.3742, -24.6012 ], [ -65.3758, -24.6006 ] ] } },
{ "type": "Feature", "properties": { "nombre": "-2", "longitud_km": 0.06 }, "geometry": { "type": "LineString", "coordinates": [ [ -65.3746, -24.6009 ], [ -65.374, -24.6009 ] ] } },
{ "type": "Feature", "properties": { "nombre": "-2", "longitud_km": 0.07 }, "geometry": { "type": "LineString", "coordinates": [ [ -65.3758, -24.6006 ], [ -65.3765, -24.6005 ] ] } },
{ "type": "Feature", "properties": { "nombre": "-2", "longitud_km": 0.13 }, "geometry": { "type": "LineString", "coordinates": [ [ -65.3733, -24.5702 ], [ -65.3723, -24.5694 ] ] } },
{ "type": "Feature", "properties": { "nombre": "-2", "longitud_km": 0.58 }, "geometry": { "type": "LineString", "coordinates": [ [ -65.3715, -24.5724 ], [ -65.3668, -24.5753 ] ] } },
{ "type": "Feature", "properties": { "nombre": "Camino sin nombre", "longitud_km": 0.09 }, "geometry": { "type": "LineString", "coordinates": [ [ -64.0619, -24.5077 ], [ -64.0614, -24.5083 ] ] } },
{ "type": "Feature", "properties": { "nombre": "Camino sin nombre", "longitud_km": 0.09 }, "geometry": { "type": "LineString", "coordinates": [ [ -64.0502, -24.5086 ], [ -64.0497, -24.5092 ] ] } },
{ "type": "Feature", "properties": { "nombre": "-2", "longitud_km": 1.26 }, "geometry": { "type": "LineString", "coordinates": [ [ -65.2739, -22.6646 ], [ -65.2624, -22.6607 ] ] } },
{ "type": "Feature", "properties": { "nombre": "-2", "longitud_km": 2.06 }, "geometry": { "type": "LineString", "coordinates": [ [ -65.2624, -22.6607 ], [ -65.2553, -22.6569 ], [ -65.2535, -22.646 ] ] } },
{ "type": "Feature", "properties": { "nombre": "Camino sin nombre", "longitud_km": 0.18 }, "geometry": { "type": "LineString", "coordinates": [ [ -64.458, -23.379 ], [ -64.4567, -23.38 ] ] } },
{ "type": "Feature", "properties": { "nombre": "-2", "longitud_km": 0.02 }, "geometry": { "type": "LineString", "coordinates": [ [ -64.1351, -23.4313 ], [ -64.1353, -23.4313 ] ] } },
{ "type": "Feature", "properties": { "nombre": "Camino sin nombre", "longitud_km": 0.21 }, "geometry": { "type": "LineString", "coordinates": [ [ -64.4567, -23.38 ], [ -64.4552, -23.3813 ] ] } },
{ "type": "Feature", "properties": { "nombre": "Camino sin nombre", "longitud_km": 0.25 }, "geometry": { "type": "LineString", "coordinates": [ [ -64.4516, -23.3843 ], [ -64.4498, -23.3858 ] ] } },
{ "type": "Feature", "properties": { "nombre": "Camino sin nombre", "longitud_km": 0.1 }, "geometry": { "type": "LineString", "coordinates": [ [ -64.1098, -23.577 ], [ -64.1107, -23.5771 ] ] } },
{ "type": "Feature", "properties": { "nombre": "Camino sin nombre", "longitud_km": 0.03 }, "geometry": { "type": "LineString", "coordinates": [ [ -64.1107, -23.5771 ], [ -64.1108, -23.5769 ] ] } },
{ "type": "Feature", "properties": { "nombre": "-2", "longitud_km": 0.01 }, "geometry": { "type": "LineString", "coordinates": [ [ -66.2946, -23.7556 ], [ -66.2946, -23.7555 ] ] } },
{ "type": "Feature", "properties": { "nombre": "-2", "longitud_km": 0.08 }, "geometry": { "type": "LineString", "coordinates": [ [ -66.2507, -23.6796 ], [ -66.2504, -23.6789 ] ] } },
{ "type": "Feature", "properties": { "nombre": "-2", "longitud_km": 1.55 }, "geometry": { "type": "LineString", "coordinates": [ [ -64.1558, -23.6521 ], [ -64.171, -23.6521 ] ] } },
{ "type": "Feature", "properties": { "nombre": "Camino sin nombre", "longitud_km": 0.21 }, "geometry": { "type": "LineString", "coordinates": [ [ -64.458, -23.379 ], [ -64.4594, -23.3804 ] ] } },
{ "type": "Feature", "properties": { "nombre": "Camino sin nombre", "longitud_km": 0.2 }, "geometry": { "type": "LineString", "coordinates": [ [ -64.4594, -23.3804 ], [ -64.4607, -23.3817 ] ] } },
{ "type": "Feature", "properties": { "nombre": "Camino sin nombre", "longitud_km": 0.64 }, "geometry": { "type": "LineString", "coordinates": [ [ -64.0551, -23.3711 ], [ -64.0562, -23.3768 ] ] } },
{ "type": "Feature", "properties": { "nombre": "Camino sin nombre", "longitud_km": 0.07 }, "geometry": { "type": "LineString", "coordinates": [ [ -64.0579, -23.3853 ], [ -64.058, -23.3859 ] ] } },
{ "type": "Feature", "properties": { "nombre": "Camino sin nombre", "longitud_km": 0.96 }, "geometry": { "type": "LineString", "coordinates": [ [ -64.0562, -23.3768 ], [ -64.0579, -23.3853 ] ] } },
{ "type": "Feature", "properties": { "nombre": "Camino sin nombre", "longitud_km": 0.42 }, "geometry": { "type": "LineString", "coordinates": [ [ -64.4607, -23.3817 ], [ -64.4634, -23.3845 ] ] } },
{ "type": "Feature", "properties": { "nombre": "Camino sin nombre", "longitud_km": 0.22 }, "geometry": { "type": "LineString", "coordinates": [ [ -64.4276, -23.4041 ], [ -64.426, -23.4054 ] ] } },
{ "type": "Feature", "properties": { "nombre": "Camino sin nombre", "longitud_km": 0.39 }, "geometry": { "type": "LineString", "coordinates": [ [ -64.4304, -23.4018 ], [ -64.4276, -23.4041 ] ] } },
{ "type": "Feature", "properties": { "nombre": "-2", "longitud_km": 11.78 }, "geometry": { "type": "LineString", "coordinates": [ [ -67.0312, -23.8819 ], [ -67.1466, -23.8751 ] ] } },
{ "type": "Feature", "properties": { "nombre": "-2", "longitud_km": 0.49 }, "geometry": { "type": "LineString", "coordinates": [ [ -67.0031, -23.8828 ], [ -67.0079, -23.8824 ] ] } },
{ "type": "Feature", "properties": { "nombre": "-2", "longitud_km": 1.04 }, "geometry": { "type": "LineString", "coordinates": [ [ -67.1466, -23.8751 ], [ -67.1567, -23.8743 ] ] } },
{ "type": "Feature", "properties": { "nombre": "Camino sin nombre", "longitud_km": 0.25 }, "geometry": { "type": "LineString", "coordinates": [ [ -64.3971, -23.3709 ], [ -64.3969, -23.3731 ] ] } },
{ "type": "Feature", "properties": { "nombre": "Camino sin nombre", "longitud_km": 1.37 }, "geometry": { "type": "LineString", "coordinates": [ [ -64.3168, -23.3816 ], [ -64.3301, -23.38 ] ] } },
{ "type": "Feature", "properties": { "nombre": "Camino sin nombre", "longitud_km": 0.17 }, "geometry": { "type": "LineString", "coordinates": [ [ -64.3301, -23.38 ], [ -64.3317, -23.3798 ] ] } },
{ "type": "Feature", "properties": { "nombre": "Camino sin nombre", "longitud_km": 0.2 }, "geometry": { "type": "LineString", "coordinates": [ [ -64.4567, -23.3776 ], [ -64.458, -23.379 ] ] } },
{ "type": "Feature", "properties": { "nombre": "Camino sin nombre", "longitud_km": 2.26 }, "geometry": { "type": "LineString", "coordinates": [ [ -64.3317, -23.3798 ], [ -64.3537, -23.3773 ] ] } },
{ "type": "Feature", "properties": { "nombre": "Camino sin nombre", "longitud_km": 0.74 }, "geometry": { "type": "LineString", "coordinates": [ [ -64.3537, -23.3773 ], [ -64.3601, -23.3741 ] ] } },
{ "type": "Feature", "properties": { "nombre": "Camino sin nombre", "longitud_km": 0.12 }, "geometry": { "type": "LineString", "coordinates": [ [ -64.4228, -23.3728 ], [ -64.4228, -23.3717 ] ] } },
{ "type": "Feature", "properties": { "nombre": "Camino sin nombre", "longitud_km": 0.47 }, "geometry": { "type": "LineString", "coordinates": [ [ -64.3122, -23.3821 ], [ -64.3168, -23.3816 ] ] } },
{ "type": "Feature", "properties": { "nombre": "Camino sin nombre", "longitud_km": 0.5 }, "geometry": { "type": "LineString", "coordinates": [ [ -64.4552, -23.3813 ], [ -64.4516, -23.3843 ] ] } },
{ "type": "Feature", "properties": { "nombre": "Camino sin nombre", "longitud_km": 1.09 }, "geometry": { "type": "LineString", "coordinates": [ [ -64.2879, -23.3846 ], [ -64.2936, -23.3762 ] ] } },
{ "type": "Feature", "properties": { "nombre": "Camino sin nombre", "longitud_km": 1.85 }, "geometry": { "type": "LineString", "coordinates": [ [ -64.3961, -23.3821 ], [ -64.3965, -23.3989 ] ] } },
{ "type": "Feature", "properties": { "nombre": "Camino sin nombre", "longitud_km": 1.02 }, "geometry": { "type": "LineString", "coordinates": [ [ -64.4071, -23.3705 ], [ -64.3971, -23.3709 ] ] } },
{ "type": "Feature", "properties": { "nombre": "-2", "longitud_km": 0.1 }, "geometry": { "type": "LineString", "coordinates": [ [ -64.1351, -23.4313 ], [ -64.1345, -23.4305 ] ] } },
{ "type": "Feature", "properties": { "nombre": "-2", "longitud_km": 1.34 }, "geometry": { "type": "LineString", "coordinates": [ [ -64.3975, -23.4792 ], [ -64.3844, -23.4806 ] ] } },
{ "type": "Feature", "properties": { "nombre": "Camino sin nombre", "longitud_km": 1.22 }, "geometry": { "type": "LineString", "coordinates": [ [ -64.2394, -23.3373 ], [ -64.2479, -23.345 ] ] } },
{ "type": "Feature", "properties": { "nombre": "Camino sin nombre", "longitud_km": 5.99 }, "geometry": { "type": "LineString", "coordinates": [ [ -64.2479, -23.345 ], [ -64.2879, -23.3846 ] ] } },
{ "type": "Feature", "properties": { "nombre": "Camino sin nombre", "longitud_km": 1.07 }, "geometry": { "type": "LineString", "coordinates": [ [ -64.2879, -23.3846 ], [ -64.2947, -23.3919 ] ] } },
{ "type": "Feature", "properties": { "nombre": "Camino sin nombre", "longitud_km": 0.02 }, "geometry": { "type": "LineString", "coordinates": [ [ -64.3121, -23.3822 ], [ -64.3122, -23.3821 ] ] } },
{ "type": "Feature", "properties": { "nombre": "Camino sin nombre", "longitud_km": 1.12 }, "geometry": { "type": "LineString", "coordinates": [ [ -64.3601, -23.3741 ], [ -64.371, -23.3728 ] ] } },
{ "type": "Feature", "properties": { "nombre": "Camino sin nombre", "longitud_km": 0.97 }, "geometry": { "type": "LineString", "coordinates": [ [ -64.371, -23.3728 ], [ -64.3804, -23.3717 ] ] } },
{ "type": "Feature", "properties": { "nombre": "Camino sin nombre", "longitud_km": 0.69 }, "geometry": { "type": "LineString", "coordinates": [ [ -64.3804, -23.3717 ], [ -64.3872, -23.3713 ] ] } },
{ "type": "Feature", "properties": { "nombre": "Camino sin nombre", "longitud_km": 1.02 }, "geometry": { "type": "LineString", "coordinates": [ [ -64.3872, -23.3713 ], [ -64.3971, -23.3709 ] ] } },
{ "type": "Feature", "properties": { "nombre": "Camino sin nombre", "longitud_km": 0.23 }, "geometry": { "type": "LineString", "coordinates": [ [ -64.4072, -23.3725 ], [ -64.4071, -23.3705 ] ] } },
{ "type": "Feature", "properties": { "nombre": "Camino sin nombre", "longitud_km": 0.49 }, "geometry": { "type": "LineString", "coordinates": [ [ -64.3969, -23.3731 ], [ -64.3965, -23.3775 ] ] } },
{ "type": "Feature", "properties": { "nombre": "Camino sin nombre", "longitud_km": 0.51 }, "geometry": { "type": "LineString", "coordinates": [ [ -64.3965, -23.3775 ], [ -64.3961, -23.3821 ] ] } },
{ "type": "Feature", "properties": { "nombre": "Camino sin nombre", "longitud_km": 0.06 }, "geometry": { "type": "LineString", "coordinates": [ [ -64.3965, -23.3989 ], [ -64.3965, -23.3994 ] ] } },
{ "type": "Feature", "properties": { "nombre": "Camino sin nombre", "longitud_km": 0.4 }, "geometry": { "type": "LineString", "coordinates": [ [ -64.4231, -23.3776 ], [ -64.4229, -23.374 ] ] } },
{ "type": "Feature", "properties": { "nombre": "Camino sin nombre", "longitud_km": 0.14 }, "geometry": { "type": "LineString", "coordinates": [ [ -64.4232, -23.3788 ], [ -64.4231, -23.3776 ] ] } },
{ "type": "Feature", "properties": { "nombre": "Camino sin nombre", "longitud_km": 0.02 }, "geometry": { "type": "LineString", "coordinates": [ [ -64.4232, -23.379 ], [ -64.4232, -23.3788 ] ] } },
{ "type": "Feature", "properties": { "nombre": "Camino sin nombre", "longitud_km": 0.28 }, "geometry": { "type": "LineString", "coordinates": [ [ -64.4234, -23.3815 ], [ -64.4232, -23.379 ] ] } },
{ "type": "Feature", "properties": { "nombre": "Camino sin nombre", "longitud_km": 0.22 }, "geometry": { "type": "LineString", "coordinates": [ [ -64.4235, -23.3835 ], [ -64.4234, -23.3815 ] ] } },
{ "type": "Feature", "properties": { "nombre": "Camino sin nombre", "longitud_km": 0.08 }, "geometry": { "type": "LineString", "coordinates": [ [ -64.4236, -23.3842 ], [ -64.4235, -23.3835 ] ] } },
{ "type": "Feature", "properties": { "nombre": "Camino sin nombre", "longitud_km": 0.11 }, "geometry": { "type": "LineString", "coordinates": [ [ -64.4236, -23.3852 ], [ -64.4236, -23.3842 ] ] } },
{ "type": "Feature", "properties": { "nombre": "Camino sin nombre", "longitud_km": 0.2 }, "geometry": { "type": "LineString", "coordinates": [ [ -64.4237, -23.387 ], [ -64.4236, -23.3852 ] ] } },
{ "type": "Feature", "properties": { "nombre": "Camino sin nombre", "longitud_km": 0.06 }, "geometry": { "type": "LineString", "coordinates": [ [ -64.4238, -23.3876 ], [ -64.4237, -23.387 ] ] } },
{ "type": "Feature", "properties": { "nombre": "Camino sin nombre", "longitud_km": 0.06 }, "geometry": { "type": "LineString", "coordinates": [ [ -64.4238, -23.3881 ], [ -64.4238, -23.3876 ] ] } },
{ "type": "Feature", "properties": { "nombre": "Camino sin nombre", "longitud_km": 0.05 }, "geometry": { "type": "LineString", "coordinates": [ [ -64.4238, -23.3886 ], [ -64.4238, -23.3881 ] ] } },
{ "type": "Feature", "properties": { "nombre": "Camino sin nombre", "longitud_km": 0.11 }, "geometry": { "type": "LineString", "coordinates": [ [ -64.4239, -23.3895 ], [ -64.4238, -23.3886 ] ] } },
{ "type": "Feature", "properties": { "nombre": "Camino sin nombre", "longitud_km": 0.09 }, "geometry": { "type": "LineString", "coordinates": [ [ -64.4239, -23.3904 ], [ -64.4239, -23.3895 ] ] } },
{ "type": "Feature", "properties": { "nombre": "Camino sin nombre", "longitud_km": 0.1 }, "geometry": { "type": "LineString", "coordinates": [ [ -64.424, -23.3913 ], [ -64.4239, -23.3904 ] ] } },
{ "type": "Feature", "properties": { "nombre": "Camino sin nombre", "longitud_km": 0.29 }, "geometry": { "type": "LineString", "coordinates": [ [ -64.4241, -23.3939 ], [ -64.424, -23.3913 ] ] } },
{ "type": "Feature", "properties": { "nombre": "Camino sin nombre", "longitud_km": 0.06 }, "geometry": { "type": "LineString", "coordinates": [ [ -64.4242, -23.3945 ], [ -64.4241, -23.3939 ] ] } },
{ "type": "Feature", "properties": { "nombre": "Camino sin nombre", "longitud_km": 0.49 }, "geometry": { "type": "LineString", "coordinates": [ [ -64.434, -23.3988 ], [ -64.4304, -23.4018 ] ] } },
{ "type": "Feature", "properties": { "nombre": "Camino sin nombre", "longitud_km": 0.11 }, "geometry": { "type": "LineString", "coordinates": [ [ -64.4348, -23.3982 ], [ -64.434, -23.3988 ] ] } },
{ "type": "Feature", "properties": { "nombre": "Camino sin nombre", "longitud_km": 0.53 }, "geometry": { "type": "LineString", "coordinates": [ [ -64.4386, -23.395 ], [ -64.4348, -23.3982 ] ] } },
{ "type": "Feature", "properties": { "nombre": "Camino sin nombre", "longitud_km": 0.26 }, "geometry": { "type": "LineString", "coordinates": [ [ -64.4405, -23.3934 ], [ -64.4386, -23.395 ] ] } },
{ "type": "Feature", "properties": { "nombre": "Camino sin nombre", "longitud_km": 0.27 }, "geometry": { "type": "LineString", "coordinates": [ [ -64.4425, -23.3918 ], [ -64.4405, -23.3934 ] ] } },
{ "type": "Feature", "properties": { "nombre": "Camino sin nombre", "longitud_km": 0.24 }, "geometry": { "type": "LineString", "coordinates": [ [ -64.4442, -23.3904 ], [ -64.4425, -23.3918 ] ] } },
{ "type": "Feature", "properties": { "nombre": "Camino sin nombre", "longitud_km": 0.13 }, "geometry": { "type": "LineString", "coordinates": [ [ -64.4451, -23.3896 ], [ -64.4442, -23.3904 ] ] } },
{ "type": "Feature", "properties": { "nombre": "Camino sin nombre", "longitud_km": 0.52 }, "geometry": { "type": "LineString", "coordinates": [ [ -64.4498, -23.3858 ], [ -64.446, -23.3889 ] ] } },
{ "type": "Feature", "properties": { "nombre": "Camino sin nombre", "longitud_km": 0.37 }, "geometry": { "type": "LineString", "coordinates": [ [ -64.4264, -23.3715 ], [ -64.4228, -23.3717 ] ] } },
{ "type": "Feature", "properties": { "nombre": "Camino sin nombre", "longitud_km": 0.24 }, "geometry": { "type": "LineString", "coordinates": [ [ -64.4288, -23.3714 ], [ -64.4264, -23.3715 ] ] } },
{ "type": "Feature", "properties": { "nombre": "Camino sin nombre", "longitud_km": 0.11 }, "geometry": { "type": "LineString", "coordinates": [ [ -64.4298, -23.3714 ], [ -64.4288, -23.3714 ] ] } },
{ "type": "Feature", "properties": { "nombre": "Camino sin nombre", "longitud_km": 0.07 }, "geometry": { "type": "LineString", "coordinates": [ [ -64.4305, -23.3713 ], [ -64.4298, -23.3714 ] ] } },
{ "type": "Feature", "properties": { "nombre": "Camino sin nombre", "longitud_km": 0.43 }, "geometry": { "type": "LineString", "coordinates": [ [ -64.4347, -23.3711 ], [ -64.4305, -23.3713 ] ] } },
{ "type": "Feature", "properties": { "nombre": "Camino sin nombre", "longitud_km": 0.03 }, "geometry": { "type": "LineString", "coordinates": [ [ -64.4369, -23.3703 ], [ -64.4367, -23.3704 ] ] } },
{ "type": "Feature", "properties": { "nombre": "Camino sin nombre", "longitud_km": 0.25 }, "geometry": { "type": "LineString", "coordinates": [ [ -64.4392, -23.3696 ], [ -64.4369, -23.3703 ] ] } },
{ "type": "Feature", "properties": { "nombre": "Camino sin nombre", "longitud_km": 0.3 }, "geometry": { "type": "LineString", "coordinates": [ [ -64.442, -23.3686 ], [ -64.4392, -23.3696 ] ] } },
{ "type": "Feature", "properties": { "nombre": "Camino sin nombre", "longitud_km": 0.02 }, "geometry": { "type": "LineString", "coordinates": [ [ -64.4422, -23.3686 ], [ -64.442, -23.3686 ] ] } },
{ "type": "Feature", "properties": { "nombre": "Camino sin nombre", "longitud_km": 0.14 }, "geometry": { "type": "LineString", "coordinates": [ [ -64.4531, -23.3728 ], [ -64.4533, -23.3741 ] ] } },
{ "type": "Feature", "properties": { "nombre": "Camino sin nombre", "longitud_km": 0.48 }, "geometry": { "type": "LineString", "coordinates": [ [ -64.4566, -23.3699 ], [ -64.4531, -23.3728 ] ] } },
{ "type": "Feature", "properties": { "nombre": "Camino sin nombre", "longitud_km": 0.52 }, "geometry": { "type": "LineString", "coordinates": [ [ -64.4533, -23.3741 ], [ -64.4567, -23.3776 ] ] } },
{ "type": "Feature", "properties": { "nombre": "Camino sin nombre", "longitud_km": 0.4 }, "geometry": { "type": "LineString", "coordinates": [ [ -64.4253, -23.4066 ], [ -64.4258, -23.4102 ] ] } },
{ "type": "Feature", "properties": { "nombre": "-2", "longitud_km": 1.15 }, "geometry": { "type": "LineString", "coordinates": [ [ -64.4265, -23.4144 ], [ -64.4281, -23.4247 ] ] } },
{ "type": "Feature", "properties": { "nombre": "-2", "longitud_km": 0.03 }, "geometry": { "type": "LineString", "coordinates": [ [ -64.4285, -23.4271 ], [ -64.4286, -23.4274 ] ] } },
{ "type": "Feature", "properties": { "nombre": "-2", "longitud_km": 0.14 }, "geometry": { "type": "LineString", "coordinates": [ [ -64.4283, -23.4259 ], [ -64.4285, -23.4271 ] ] } },
{ "type": "Feature", "properties": { "nombre": "-2", "longitud_km": 0.14 }, "geometry": { "type": "LineString", "coordinates": [ [ -64.4281, -23.4247 ], [ -64.4283, -23.4259 ] ] } },
{ "type": "Feature", "properties": { "nombre": "Camino sin nombre", "longitud_km": 0.24 }, "geometry": { "type": "LineString", "coordinates": [ [ -64.4258, -23.4102 ], [ -64.4261, -23.4123 ] ] } },
{ "type": "Feature", "properties": { "nombre": "Camino sin nombre", "longitud_km": 0.08 }, "geometry": { "type": "LineString", "coordinates": [ [ -64.4264, -23.4137 ], [ -64.4265, -23.4144 ] ] } },
{ "type": "Feature", "properties": { "nombre": "Camino sin nombre", "longitud_km": 0.16 }, "geometry": { "type": "LineString", "coordinates": [ [ -64.4261, -23.4123 ], [ -64.4264, -23.4137 ] ] } },
{ "type": "Feature", "properties": { "nombre": "-2", "longitud_km": 0.75 }, "geometry": { "type": "LineString", "coordinates": [ [ -64.1353, -23.4313 ], [ -64.1425, -23.4326 ] ] } },
{ "type": "Feature", "properties": { "nombre": "-2", "longitud_km": 0.02 }, "geometry": { "type": "LineString", "coordinates": [ [ -64.1443, -23.4329 ], [ -64.1445, -23.433 ] ] } },
{ "type": "Feature", "properties": { "nombre": "-2", "longitud_km": 0.19 }, "geometry": { "type": "LineString", "coordinates": [ [ -64.1425, -23.4326 ], [ -64.1443, -23.4329 ] ] } },
{ "type": "Feature", "properties": { "nombre": "-2", "longitud_km": 0.1 }, "geometry": { "type": "LineString", "coordinates": [ [ -64.1343, -23.4318 ], [ -64.1351, -23.4313 ] ] } },
{ "type": "Feature", "properties": { "nombre": "-2", "longitud_km": 0.14 }, "geometry": { "type": "LineString", "coordinates": [ [ -64.1445, -23.433 ], [ -64.1445, -23.4343 ] ] } },
{ "type": "Feature", "properties": { "nombre": "-2", "longitud_km": 0.25 }, "geometry": { "type": "LineString", "coordinates": [ [ -64.1445, -23.4343 ], [ -64.1461, -23.436 ] ] } },
{ "type": "Feature", "properties": { "nombre": "-2", "longitud_km": 0.12 }, "geometry": { "type": "LineString", "coordinates": [ [ -64.1461, -23.436 ], [ -64.1469, -23.4367 ] ] } },
{ "type": "Feature", "properties": { "nombre": "-2", "longitud_km": 2.16 }, "geometry": { "type": "LineString", "coordinates": [ [ -64.1521, -23.442 ], [ -64.1663, -23.4564 ] ] } },
{ "type": "Feature", "properties": { "nombre": "-2", "longitud_km": 1.53 }, "geometry": { "type": "LineString", "coordinates": [ [ -64.1663, -23.4564 ], [ -64.1776, -23.4474 ] ] } },
{ "type": "Feature", "properties": { "nombre": "-2", "longitud_km": 0.79 }, "geometry": { "type": "LineString", "coordinates": [ [ -64.1469, -23.4367 ], [ -64.1521, -23.442 ] ] } },
{ "type": "Feature", "properties": { "nombre": "-2", "longitud_km": 1.53 }, "geometry": { "type": "LineString", "coordinates": [ [ -64.1776, -23.4474 ], [ -64.1886, -23.438 ] ] } },
{ "type": "Feature", "properties": { "nombre": "-2", "longitud_km": 2.15 }, "geometry": { "type": "LineString", "coordinates": [ [ -64.1886, -23.438 ], [ -64.2031, -23.452 ] ] } },
{ "type": "Feature", "properties": { "nombre": "-2", "longitud_km": 2.15 }, "geometry": { "type": "LineString", "coordinates": [ [ -64.2031, -23.452 ], [ -64.2212, -23.4619 ] ] } },
{ "type": "Feature", "properties": { "nombre": "-2", "longitud_km": 0.69 }, "geometry": { "type": "LineString", "coordinates": [ [ -64.2212, -23.4619 ], [ -64.2269, -23.4653 ] ] } },
{ "type": "Feature", "properties": { "nombre": "-2", "longitud_km": 0.04 }, "geometry": { "type": "LineString", "coordinates": [ [ -64.433, -23.4752 ], [ -64.4326, -23.4752 ] ] } },
{ "type": "Feature", "properties": { "nombre": "-2", "longitud_km": 0.1 }, "geometry": { "type": "LineString", "coordinates": [ [ -64.4326, -23.4752 ], [ -64.4316, -23.4753 ] ] } },
{ "type": "Feature", "properties": { "nombre": "-2", "longitud_km": 0.15 }, "geometry": { "type": "LineString", "coordinates": [ [ -64.4316, -23.4753 ], [ -64.4301, -23.4755 ] ] } },
{ "type": "Feature", "properties": { "nombre": "-2", "longitud_km": 1.11 }, "geometry": { "type": "LineString", "coordinates": [ [ -64.4301, -23.4755 ], [ -64.4193, -23.4767 ] ] } },
{ "type": "Feature", "properties": { "nombre": "-2", "longitud_km": 1.11 }, "geometry": { "type": "LineString", "coordinates": [ [ -64.4193, -23.4767 ], [ -64.4085, -23.4779 ] ] } },
{ "type": "Feature", "properties": { "nombre": "-2", "longitud_km": 0.45 }, "geometry": { "type": "LineString", "coordinates": [ [ -64.4085, -23.4779 ], [ -64.4042, -23.4784 ] ] } },
{ "type": "Feature", "properties": { "nombre": "-2", "longitud_km": 0.69 }, "geometry": { "type": "LineString", "coordinates": [ [ -64.4042, -23.4784 ], [ -64.3975, -23.4792 ] ] } },
{ "type": "Feature", "properties": { "nombre": "-2", "longitud_km": 1.15 }, "geometry": { "type": "LineString", "coordinates": [ [ -64.2269, -23.4653 ], [ -64.2366, -23.4705 ] ] } },
{ "type": "Feature", "properties": { "nombre": "-2", "longitud_km": 0.13 }, "geometry": { "type": "LineString", "coordinates": [ [ -64.1469, -23.4367 ], [ -64.1465, -23.4356 ] ] } },
{ "type": "Feature", "properties": { "nombre": "-2", "longitud_km": 0.66 }, "geometry": { "type": "LineString", "coordinates": [ [ -64.2624, -23.493 ], [ -64.2685, -23.4948 ] ] } },
{ "type": "Feature", "properties": { "nombre": "-2", "longitud_km": 0.13 }, "geometry": { "type": "LineString", "coordinates": [ [ -64.2616, -23.492 ], [ -64.2624, -23.493 ] ] } },
{ "type": "Feature", "properties": { "nombre": "-2", "longitud_km": 0.99 }, "geometry": { "type": "LineString", "coordinates": [ [ -64.2562, -23.4845 ], [ -64.2616, -23.492 ] ] } },
{ "type": "Feature", "properties": { "nombre": "-2", "longitud_km": 1.1 }, "geometry": { "type": "LineString", "coordinates": [ [ -64.248, -23.4782 ], [ -64.2562, -23.4845 ] ] } },
{ "type": "Feature", "properties": { "nombre": "-2", "longitud_km": 0.98 }, "geometry": { "type": "LineString", "coordinates": [ [ -64.2405, -23.4725 ], [ -64.248, -23.4782 ] ] } },
{ "type": "Feature", "properties": { "nombre": "-2", "longitud_km": 0.46 }, "geometry": { "type": "LineString", "coordinates": [ [ -64.2366, -23.4705 ], [ -64.2405, -23.4725 ] ] } },
{ "type": "Feature", "properties": { "nombre": "Camino sin nombre", "longitud_km": 0.04 }, "geometry": { "type": "LineString", "coordinates": [ [ -66.0613, -23.8057 ], [ -66.0616, -23.8056 ] ] } },
{ "type": "Feature", "properties": { "nombre": "-2", "longitud_km": 1.94 }, "geometry": { "type": "LineString", "coordinates": [ [ -64.2685, -23.4948 ], [ -64.2863, -23.501 ] ] } },
{ "type": "Feature", "properties": { "nombre": "-2", "longitud_km": 1.31 }, "geometry": { "type": "LineString", "coordinates": [ [ -64.2863, -23.501 ], [ -64.2957, -23.509 ] ] } },
{ "type": "Feature", "properties": { "nombre": "-2", "longitud_km": 2.21 }, "geometry": { "type": "LineString", "coordinates": [ [ -64.2957, -23.509 ], [ -64.3046, -23.517 ], [ -64.3138, -23.5182 ] ] } },
{ "type": "Feature", "properties": { "nombre": "-2", "longitud_km": 0.28 }, "geometry": { "type": "LineString", "coordinates": [ [ -64.1465, -23.4356 ], [ -64.1455, -23.4332 ] ] } },
{ "type": "Feature", "properties": { "nombre": "Camino sin nombre", "longitud_km": 0.12 }, "geometry": { "type": "LineString", "coordinates": [ [ -64.103, -23.5757 ], [ -64.1019, -23.5761 ] ] } },
{ "type": "Feature", "properties": { "nombre": "Camino sin nombre", "longitud_km": 0.3 }, "geometry": { "type": "LineString", "coordinates": [ [ -64.1108, -23.5769 ], [ -64.1101, -23.5743 ] ] } },
{ "type": "Feature", "properties": { "nombre": "Camino sin nombre", "longitud_km": 0.61 }, "geometry": { "type": "LineString", "coordinates": [ [ -64.4648, -23.3651 ], [ -64.4597, -23.3678 ] ] } },
{ "type": "Feature", "properties": { "nombre": "Camino sin nombre", "longitud_km": 0.04 }, "geometry": { "type": "LineString", "coordinates": [ [ -64.4569, -23.3697 ], [ -64.4566, -23.3699 ] ] } },
{ "type": "Feature", "properties": { "nombre": "Camino sin nombre", "longitud_km": 0.26 }, "geometry": { "type": "LineString", "coordinates": [ [ -64.4588, -23.3682 ], [ -64.4569, -23.3697 ] ] } },
{ "type": "Feature", "properties": { "nombre": "Camino sin nombre", "longitud_km": 0.09 }, "geometry": { "type": "LineString", "coordinates": [ [ -64.4597, -23.3678 ], [ -64.4588, -23.3682 ] ] } },
{ "type": "Feature", "properties": { "nombre": "-2", "longitud_km": 0.1 }, "geometry": { "type": "LineString", "coordinates": [ [ -64.1455, -23.4332 ], [ -64.1445, -23.433 ] ] } },
{ "type": "Feature", "properties": { "nombre": "Camino sin nombre", "longitud_km": 0.11 }, "geometry": { "type": "LineString", "coordinates": [ [ -64.1022, -23.5749 ], [ -64.103, -23.5757 ] ] } },
{ "type": "Feature", "properties": { "nombre": "Camino sin nombre", "longitud_km": 0.71 }, "geometry": { "type": "LineString", "coordinates": [ [ -64.103, -23.5757 ], [ -64.1098, -23.577 ] ] } },
{ "type": "Feature", "properties": { "nombre": "Camino sin nombre", "longitud_km": 0.22 }, "geometry": { "type": "LineString", "coordinates": [ [ -64.4367, -23.3704 ], [ -64.4347, -23.3711 ] ] } },
{ "type": "Feature", "properties": { "nombre": "-2", "longitud_km": 0.5 }, "geometry": { "type": "LineString", "coordinates": [ [ -64.1435, -23.4381 ], [ -64.1425, -23.4426 ] ] } },
{ "type": "Feature", "properties": { "nombre": "-2", "longitud_km": 0.15 }, "geometry": { "type": "LineString", "coordinates": [ [ -64.1445, -23.4343 ], [ -64.1442, -23.4356 ] ] } },
{ "type": "Feature", "properties": { "nombre": "-2", "longitud_km": 0.05 }, "geometry": { "type": "LineString", "coordinates": [ [ -64.1442, -23.4356 ], [ -64.144, -23.436 ] ] } },
{ "type": "Feature", "properties": { "nombre": "-2", "longitud_km": 0.08 }, "geometry": { "type": "LineString", "coordinates": [ [ -64.144, -23.436 ], [ -64.1439, -23.4367 ] ] } },
{ "type": "Feature", "properties": { "nombre": "-2", "longitud_km": 0.16 }, "geometry": { "type": "LineString", "coordinates": [ [ -64.1439, -23.4367 ], [ -64.1435, -23.4381 ] ] } },
{ "type": "Feature", "properties": { "nombre": "-2", "longitud_km": 1.84 }, "geometry": { "type": "LineString", "coordinates": [ [ -66.2413, -23.65 ], [ -66.2592, -23.6525 ] ] } },
{ "type": "Feature", "properties": { "nombre": "Camino sin nombre", "longitud_km": 0.3 }, "geometry": { "type": "LineString", "coordinates": [ [ -64.0546, -23.3684 ], [ -64.0551, -23.3711 ] ] } },
{ "type": "Feature", "properties": { "nombre": "-2", "longitud_km": 0.78 }, "geometry": { "type": "LineString", "coordinates": [ [ -66.2445, -23.6624 ], [ -66.2426, -23.6556 ] ] } },
{ "type": "Feature", "properties": { "nombre": "-2", "longitud_km": 1.88 }, "geometry": { "type": "LineString", "coordinates": [ [ -66.2592, -23.6525 ], [ -66.2775, -23.6539 ] ] } },
{ "type": "Feature", "properties": { "nombre": "-2", "longitud_km": 0.45 }, "geometry": { "type": "LineString", "coordinates": [ [ -66.246, -23.6667 ], [ -66.2446, -23.6628 ] ] } },
{ "type": "Feature", "properties": { "nombre": "-2", "longitud_km": 0.04 }, "geometry": { "type": "LineString", "coordinates": [ [ -66.2446, -23.6628 ], [ -66.2445, -23.6624 ] ] } },
{ "type": "Feature", "properties": { "nombre": "-2", "longitud_km": 0.63 }, "geometry": { "type": "LineString", "coordinates": [ [ -66.2426, -23.6556 ], [ -66.2413, -23.65 ] ] } },
{ "type": "Feature", "properties": { "nombre": "-2", "longitud_km": 1.61 }, "geometry": { "type": "LineString", "coordinates": [ [ -66.2413, -23.65 ], [ -66.2385, -23.6358 ] ] } },
{ "type": "Feature", "properties": { "nombre": "-2", "longitud_km": 0.82 }, "geometry": { "type": "LineString", "coordinates": [ [ -66.2376, -23.6314 ], [ -66.2356, -23.6243 ] ] } },
{ "type": "Feature", "properties": { "nombre": "-2", "longitud_km": 0.26 }, "geometry": { "type": "LineString", "coordinates": [ [ -66.2356, -23.6243 ], [ -66.2348, -23.6221 ] ] } },
{ "type": "Feature", "properties": { "nombre": "-2", "longitud_km": 0.88 }, "geometry": { "type": "LineString", "coordinates": [ [ -66.2348, -23.6221 ], [ -66.2325, -23.6144 ] ] } },
{ "type": "Feature", "properties": { "nombre": "-2", "longitud_km": 1.08 }, "geometry": { "type": "LineString", "coordinates": [ [ -66.1972, -23.5129 ], [ -66.1987, -23.5226 ] ] } },
{ "type": "Feature", "properties": { "nombre": "-2", "longitud_km": 1.51 }, "geometry": { "type": "LineString", "coordinates": [ [ -66.178, -23.4816 ], [ -66.1724, -23.469 ] ] } },
{ "type": "Feature", "properties": { "nombre": "-2", "longitud_km": 2.57 }, "geometry": { "type": "LineString", "coordinates": [ [ -66.2325, -23.6144 ], [ -66.2251, -23.5922 ] ] } },
{ "type": "Feature", "properties": { "nombre": "-2", "longitud_km": 0.74 }, "geometry": { "type": "LineString", "coordinates": [ [ -66.2194, -23.5668 ], [ -66.2172, -23.5605 ] ] } },
{ "type": "Feature", "properties": { "nombre": "-2", "longitud_km": 0.15 }, "geometry": { "type": "LineString", "coordinates": [ [ -66.2251, -23.5922 ], [ -66.2246, -23.591 ] ] } },
{ "type": "Feature", "properties": { "nombre": "-2", "longitud_km": 0.73 }, "geometry": { "type": "LineString", "coordinates": [ [ -66.2246, -23.591 ], [ -66.2224, -23.5847 ] ] } },
{ "type": "Feature", "properties": { "nombre": "-2", "longitud_km": 0.65 }, "geometry": { "type": "LineString", "coordinates": [ [ -66.2217, -23.5735 ], [ -66.2201, -23.5679 ] ] } },
{ "type": "Feature", "properties": { "nombre": "-2", "longitud_km": 0.73 }, "geometry": { "type": "LineString", "coordinates": [ [ -66.2224, -23.5847 ], [ -66.2225, -23.5781 ] ] } },
{ "type": "Feature", "properties": { "nombre": "-2", "longitud_km": 0.13 }, "geometry": { "type": "LineString", "coordinates": [ [ -66.2201, -23.5679 ], [ -66.2194, -23.5668 ] ] } },
{ "type": "Feature", "properties": { "nombre": "-2", "longitud_km": 1.97 }, "geometry": { "type": "LineString", "coordinates": [ [ -66.2054, -23.5393 ], [ -66.1987, -23.5226 ] ] } },
{ "type": "Feature", "properties": { "nombre": "-2", "longitud_km": 0.48 }, "geometry": { "type": "LineString", "coordinates": [ [ -66.2073, -23.5432 ], [ -66.2054, -23.5393 ] ] } },
{ "type": "Feature", "properties": { "nombre": "-2", "longitud_km": 3.96 }, "geometry": { "type": "LineString", "coordinates": [ [ -66.178, -23.4816 ], [ -66.1934, -23.4973 ], [ -66.1969, -23.5115 ] ] } },
{ "type": "Feature", "properties": { "nombre": "-2", "longitud_km": 0.26 }, "geometry": { "type": "LineString", "coordinates": [ [ -66.1411, -23.5072 ], [ -66.1386, -23.507 ] ] } },
{ "type": "Feature", "properties": { "nombre": "-2", "longitud_km": 2.23 }, "geometry": { "type": "LineString", "coordinates": [ [ -66.1812, -23.5104 ], [ -66.1987, -23.5226 ] ] } },
{ "type": "Feature", "properties": { "nombre": "-2", "longitud_km": 4.11 }, "geometry": { "type": "LineString", "coordinates": [ [ -66.1812, -23.5104 ], [ -66.1411, -23.5072 ] ] } },
{ "type": "Feature", "properties": { "nombre": "-2", "longitud_km": 1.45 }, "geometry": { "type": "LineString", "coordinates": [ [ -66.2134, -23.5551 ], [ -66.2073, -23.5432 ] ] } },
{ "type": "Feature", "properties": { "nombre": "-2", "longitud_km": 0.8 }, "geometry": { "type": "LineString", "coordinates": [ [ -66.0312, -23.5078 ], [ -66.0236, -23.5095 ] ] } },
{ "type": "Feature", "properties": { "nombre": "-2", "longitud_km": 2.09 }, "geometry": { "type": "LineString", "coordinates": [ [ -66.1724, -23.469 ], [ -66.164, -23.4518 ] ] } },
{ "type": "Feature", "properties": { "nombre": "-2", "longitud_km": 1.02 }, "geometry": { "type": "LineString", "coordinates": [ [ -66.1577, -23.4433 ], [ -66.1515, -23.4361 ] ] } },
{ "type": "Feature", "properties": { "nombre": "-2", "longitud_km": 0.99 }, "geometry": { "type": "LineString", "coordinates": [ [ -66.164, -23.4518 ], [ -66.1586, -23.4443 ] ] } },
{ "type": "Feature", "properties": { "nombre": "-2", "longitud_km": 0.05 }, "geometry": { "type": "LineString", "coordinates": [ [ -66.1515, -23.4361 ], [ -66.1513, -23.4357 ] ] } },
{ "type": "Feature", "properties": { "nombre": "-2", "longitud_km": 0.15 }, "geometry": { "type": "LineString", "coordinates": [ [ -66.1586, -23.4443 ], [ -66.1577, -23.4433 ] ] } },
{ "type": "Feature", "properties": { "nombre": "-2", "longitud_km": 0.86 }, "geometry": { "type": "LineString", "coordinates": [ [ -66.1386, -23.507 ], [ -66.1302, -23.5061 ] ] } },
{ "type": "Feature", "properties": { "nombre": "-2", "longitud_km": 1.17 }, "geometry": { "type": "LineString", "coordinates": [ [ -66.1302, -23.5061 ], [ -66.1188, -23.505 ] ] } },
{ "type": "Feature", "properties": { "nombre": "-2", "longitud_km": 4.42 }, "geometry": { "type": "LineString", "coordinates": [ [ -66.1173, -23.4992 ], [ -66.1087, -23.4841 ], [ -66.0848, -23.4781 ] ] } },
{ "type": "Feature", "properties": { "nombre": "-2", "longitud_km": 0.16 }, "geometry": { "type": "LineString", "coordinates": [ [ -66.0848, -23.4781 ], [ -66.0832, -23.4782 ] ] } },
{ "type": "Feature", "properties": { "nombre": "-2", "longitud_km": 2.18 }, "geometry": { "type": "LineString", "coordinates": [ [ -66.0236, -23.5095 ], [ -66.004, -23.5172 ] ] } },
{ "type": "Feature", "properties": { "nombre": "-2", "longitud_km": 0.42 }, "geometry": { "type": "LineString", "coordinates": [ [ -66.004, -23.5172 ], [ -66.0, -23.5183 ] ] } },
{ "type": "Feature", "properties": { "nombre": "-2", "longitud_km": 0.16 }, "geometry": { "type": "LineString", "coordinates": [ [ -66.1969, -23.5115 ], [ -66.1972, -23.5129 ] ] } },
{ "type": "Feature", "properties": { "nombre": "-2", "longitud_km": 0.21 }, "geometry": { "type": "LineString", "coordinates": [ [ -66.2145, -23.5567 ], [ -66.2134, -23.5551 ] ] } },
{ "type": "Feature", "properties": { "nombre": "-2", "longitud_km": 0.5 }, "geometry": { "type": "LineString", "coordinates": [ [ -66.2172, -23.5605 ], [ -66.2145, -23.5567 ] ] } },
{ "type": "Feature", "properties": { "nombre": "-2", "longitud_km": 0.35 }, "geometry": { "type": "LineString", "coordinates": [ [ -66.2385, -23.6358 ], [ -66.2379, -23.6327 ] ] } },
{ "type": "Feature", "properties": { "nombre": "-2", "longitud_km": 0.14 }, "geometry": { "type": "LineString", "coordinates": [ [ -66.2379, -23.6327 ], [ -66.2376, -23.6314 ] ] } },
{ "type": "Feature", "properties": { "nombre": "-2", "longitud_km": 0.43 }, "geometry": { "type": "LineString", "coordinates": [ [ -66.0353, -23.5069 ], [ -66.0312, -23.5078 ] ] } },
{ "type": "Feature", "properties": { "nombre": "-2", "longitud_km": 0.52 }, "geometry": { "type": "LineString", "coordinates": [ [ -66.2225, -23.5781 ], [ -66.2217, -23.5735 ] ] } },
{ "type": "Feature", "properties": { "nombre": "-2", "longitud_km": 0.35 }, "geometry": { "type": "LineString", "coordinates": [ [ -66.121, -23.505 ], [ -66.1185, -23.5029 ] ] } },
{ "type": "Feature", "properties": { "nombre": "-2", "longitud_km": 1.65 }, "geometry": { "type": "LineString", "coordinates": [ [ -66.1808, -23.5103 ], [ -66.1969, -23.5115 ] ] } },
{ "type": "Feature", "properties": { "nombre": "-2", "longitud_km": 5.0 }, "geometry": { "type": "LineString", "coordinates": [ [ -66.1769, -23.4804 ], [ -66.1976, -23.5213 ] ] } },
{ "type": "Feature", "properties": { "nombre": "-2", "longitud_km": 0.27 }, "geometry": { "type": "LineString", "coordinates": [ [ -66.2504, -23.6789 ], [ -66.2496, -23.6766 ] ] } },
{ "type": "Feature", "properties": { "nombre": "Camino sin nombre", "longitud_km": 0.8 }, "geometry": { "type": "LineString", "coordinates": [ [ -64.0149, -24.4599 ], [ -64.0095, -24.4547 ] ] } },
{ "type": "Feature", "properties": { "nombre": "Camino sin nombre", "longitud_km": 1.36 }, "geometry": { "type": "LineString", "coordinates": [ [ -66.0845, -23.8024 ], [ -66.0736, -23.7954 ] ] } },
{ "type": "Feature", "properties": { "nombre": "Camino sin nombre", "longitud_km": 0.04 }, "geometry": { "type": "LineString", "coordinates": [ [ -66.0617, -23.8059 ], [ -66.0616, -23.8056 ] ] } },
{ "type": "Feature", "properties": { "nombre": "Camino sin nombre", "longitud_km": 3.77 }, "geometry": { "type": "LineString", "coordinates": [ [ -66.1058, -23.8303 ], [ -66.0845, -23.8024 ] ] } },
{ "type": "Feature", "properties": { "nombre": "-2", "longitud_km": 2.49 }, "geometry": { "type": "LineString", "coordinates": [ [ -66.2592, -23.7007 ], [ -66.2507, -23.6796 ] ] } },
{ "type": "Feature", "properties": { "nombre": "-2", "longitud_km": 0.89 }, "geometry": { "type": "LineString", "coordinates": [ [ -66.3235, -23.7715 ], [ -66.3178, -23.7655 ] ] } },
{ "type": "Feature", "properties": { "nombre": "-2", "longitud_km": 2.8 }, "geometry": { "type": "LineString", "coordinates": [ [ -66.3178, -23.7655 ], [ -66.3085, -23.7672 ], [ -66.2938, -23.7577 ] ] } },
{ "type": "Feature", "properties": { "nombre": "-2", "longitud_km": 0.12 }, "geometry": { "type": "LineString", "coordinates": [ [ -66.2953, -23.7565 ], [ -66.2946, -23.7556 ] ] } },
{ "type": "Feature", "properties": { "nombre": "-2", "longitud_km": 0.25 }, "geometry": { "type": "LineString", "coordinates": [ [ -66.2938, -23.7576 ], [ -66.2946, -23.7555 ] ] } },
{ "type": "Feature", "properties": { "nombre": "-2", "longitud_km": 1.26 }, "geometry": { "type": "LineString", "coordinates": [ [ -66.3178, -23.7655 ], [ -66.3174, -23.7768 ] ] } },
{ "type": "Feature", "properties": { "nombre": "-2", "longitud_km": 0.31 }, "geometry": { "type": "LineString", "coordinates": [ [ -66.3267, -23.7713 ], [ -66.3261, -23.774 ] ] } },
{ "type": "Feature", "properties": { "nombre": "-2", "longitud_km": 0.03 }, "geometry": { "type": "LineString", "coordinates": [ [ -66.3261, -23.774 ], [ -66.3257, -23.7739 ] ] } },
{ "type": "Feature", "properties": { "nombre": "-2", "longitud_km": 0.05 }, "geometry": { "type": "LineString", "coordinates": [ [ -66.3261, -23.774 ], [ -66.3256, -23.7743 ] ] } },
{ "type": "Feature", "properties": { "nombre": "-2", "longitud_km": 0.04 }, "geometry": { "type": "LineString", "coordinates": [ [ -66.3257, -23.7739 ], [ -66.3256, -23.7743 ] ] } },
{ "type": "Feature", "properties": { "nombre": "-2", "longitud_km": 0.35 }, "geometry": { "type": "LineString", "coordinates": [ [ -66.3257, -23.7739 ], [ -66.3235, -23.7715 ] ] } },
{ "type": "Feature", "properties": { "nombre": "-2", "longitud_km": 0.11 }, "geometry": { "type": "LineString", "coordinates": [ [ -66.3235, -23.7715 ], [ -66.3227, -23.7721 ] ] } },
{ "type": "Feature", "properties": { "nombre": "-2", "longitud_km": 0.17 }, "geometry": { "type": "LineString", "coordinates": [ [ -66.3256, -23.7743 ], [ -66.3242, -23.775 ] ] } },
{ "type": "Feature", "properties": { "nombre": "-2", "longitud_km": 0.12 }, "geometry": { "type": "LineString", "coordinates": [ [ -66.3242, -23.775 ], [ -66.3247, -23.774 ] ] } },
{ "type": "Feature", "properties": { "nombre": "-2", "longitud_km": 0.18 }, "geometry": { "type": "LineString", "coordinates": [ [ -66.3242, -23.775 ], [ -66.3224, -23.7747 ] ] } },
{ "type": "Feature", "properties": { "nombre": "-2", "longitud_km": 0.06 }, "geometry": { "type": "LineString", "coordinates": [ [ -66.3224, -23.7747 ], [ -66.3218, -23.7748 ] ] } },
{ "type": "Feature", "properties": { "nombre": "Camino sin nombre", "longitud_km": 0.06 }, "geometry": { "type": "LineString", "coordinates": [ [ -64.0204, -24.4652 ], [ -64.0199, -24.4648 ] ] } },
{ "type": "Feature", "properties": { "nombre": "-2", "longitud_km": 0.78 }, "geometry": { "type": "LineString", "coordinates": [ [ -66.3224, -23.7747 ], [ -66.3182, -23.7805 ] ] } },
{ "type": "Feature", "properties": { "nombre": "-2", "longitud_km": 0.3 }, "geometry": { "type": "LineString", "coordinates": [ [ -66.3182, -23.7805 ], [ -66.321, -23.7797 ] ] } },
{ "type": "Feature", "properties": { "nombre": "-2", "longitud_km": 0.1 }, "geometry": { "type": "LineString", "coordinates": [ [ -66.321, -23.7797 ], [ -66.3202, -23.7802 ] ] } },
{ "type": "Feature", "properties": { "nombre": "Camino sin nombre", "longitud_km": 0.25 }, "geometry": { "type": "LineString", "coordinates": [ [ -66.0616, -23.8056 ], [ -66.0624, -23.8034 ] ] } },
{ "type": "Feature", "properties": { "nombre": "-2", "longitud_km": 0.04 }, "geometry": { "type": "LineString", "coordinates": [ [ -66.0357, -23.778 ], [ -66.0353, -23.7781 ] ] } },
{ "type": "Feature", "properties": { "nombre": "Camino sin nombre", "longitud_km": 0.25 }, "geometry": { "type": "LineString", "coordinates": [ [ -64.4698, -23.3792 ], [ -64.4716, -23.3777 ] ] } },
{ "type": "Feature", "properties": { "nombre": "-2", "longitud_km": 7.96 }, "geometry": { "type": "LineString", "coordinates": [ [ -66.321, -23.7797 ], [ -66.3247, -23.7922 ], [ -66.31, -23.7997 ], [ -66.3016, -23.7943 ], [ -66.3051, -23.7882 ], [ -66.2997, -23.774 ], [ -66.2894, -23.7664 ] ] } },
{ "type": "Feature", "properties": { "nombre": "-2", "longitud_km": 0.27 }, "geometry": { "type": "LineString", "coordinates": [ [ -66.2894, -23.7664 ], [ -66.2868, -23.7663 ] ] } },
{ "type": "Feature", "properties": { "nombre": "-2", "longitud_km": 0.26 }, "geometry": { "type": "LineString", "coordinates": [ [ -66.2894, -23.7664 ], [ -66.2873, -23.765 ] ] } },
{ "type": "Feature", "properties": { "nombre": "-2", "longitud_km": 0.31 }, "geometry": { "type": "LineString", "coordinates": [ [ -66.3182, -23.7805 ], [ -66.3201, -23.7827 ] ] } },
{ "type": "Feature", "properties": { "nombre": "-2", "longitud_km": 1.12 }, "geometry": { "type": "LineString", "coordinates": [ [ -66.2495, -23.6763 ], [ -66.246, -23.6667 ] ] } },
{ "type": "Feature", "properties": { "nombre": "-2", "longitud_km": 0.03 }, "geometry": { "type": "LineString", "coordinates": [ [ -66.2496, -23.6766 ], [ -66.2495, -23.6763 ] ] } },
{ "type": "Feature", "properties": { "nombre": "Camino sin nombre", "longitud_km": 1.06 }, "geometry": { "type": "LineString", "coordinates": [ [ -66.0624, -23.8034 ], [ -66.0683, -23.7955 ] ] } },
{ "type": "Feature", "properties": { "nombre": "Camino sin nombre", "longitud_km": 0.28 }, "geometry": { "type": "LineString", "coordinates": [ [ -66.0683, -23.7955 ], [ -66.0698, -23.7934 ] ] } },
{ "type": "Feature", "properties": { "nombre": "Camino sin nombre", "longitud_km": 0.28 }, "geometry": { "type": "LineString", "coordinates": [ [ -66.0683, -23.7955 ], [ -66.0687, -23.793 ] ] } },
{ "type": "Feature", "properties": { "nombre": "Camino sin nombre", "longitud_km": 0.17 }, "geometry": { "type": "LineString", "coordinates": [ [ -66.0687, -23.793 ], [ -66.0692, -23.7916 ] ] } },
{ "type": "Feature", "properties": { "nombre": "Camino sin nombre", "longitud_km": 0.1 }, "geometry": { "type": "LineString", "coordinates": [ [ -66.0687, -23.793 ], [ -66.0696, -23.7927 ] ] } },
{ "type": "Feature", "properties": { "nombre": "-2", "longitud_km": 3.73 }, "geometry": { "type": "LineString", "coordinates": [ [ -66.0692, -23.7916 ], [ -66.0357, -23.778 ] ] } },
{ "type": "Feature", "properties": { "nombre": "Camino sin nombre", "longitud_km": 0.08 }, "geometry": { "type": "LineString", "coordinates": [ [ -66.0698, -23.7934 ], [ -66.0696, -23.7927 ] ] } },
{ "type": "Feature", "properties": { "nombre": "Camino sin nombre", "longitud_km": 0.13 }, "geometry": { "type": "LineString", "coordinates": [ [ -66.0696, -23.7927 ], [ -66.0692, -23.7916 ] ] } },
{ "type": "Feature", "properties": { "nombre": "-2", "longitud_km": 1.03 }, "geometry": { "type": "LineString", "coordinates": [ [ -66.272, -23.705 ], [ -66.2622, -23.7026 ] ] } },
{ "type": "Feature", "properties": { "nombre": "-2", "longitud_km": 0.08 }, "geometry": { "type": "LineString", "coordinates": [ [ -66.2596, -23.7014 ], [ -66.2592, -23.7007 ] ] } },
{ "type": "Feature", "properties": { "nombre": "-2", "longitud_km": 0.3 }, "geometry": { "type": "LineString", "coordinates": [ [ -66.2622, -23.7026 ], [ -66.2596, -23.7014 ] ] } },
{ "type": "Feature", "properties": { "nombre": "Camino sin nombre", "longitud_km": 0.22 }, "geometry": { "type": "LineString", "coordinates": [ [ -66.0719, -23.7939 ], [ -66.0698, -23.7934 ] ] } },
{ "type": "Feature", "properties": { "nombre": "Camino sin nombre", "longitud_km": 0.24 }, "geometry": { "type": "LineString", "coordinates": [ [ -66.0736, -23.7954 ], [ -66.0719, -23.7939 ] ] } },
{ "type": "Feature", "properties": { "nombre": "Camino sin nombre", "longitud_km": 2.56 }, "geometry": { "type": "LineString", "coordinates": [ [ -66.24, -23.8653 ], [ -66.2341, -23.8428 ] ] } },
{ "type": "Feature", "properties": { "nombre": "Camino sin nombre", "longitud_km": 0.41 }, "geometry": { "type": "LineString", "coordinates": [ [ -66.2347, -23.8217 ], [ -66.2345, -23.818 ] ] } },
{ "type": "Feature", "properties": { "nombre": "Camino sin nombre", "longitud_km": 0.09 }, "geometry": { "type": "LineString", "coordinates": [ [ -66.2403, -23.8661 ], [ -66.24, -23.8653 ] ] } },
{ "type": "Feature", "properties": { "nombre": "Camino sin nombre", "longitud_km": 1.4 }, "geometry": { "type": "LineString", "coordinates": [ [ -66.234, -23.8343 ], [ -66.2347, -23.8217 ] ] } },
{ "type": "Feature", "properties": { "nombre": "Camino sin nombre", "longitud_km": 0.94 }, "geometry": { "type": "LineString", "coordinates": [ [ -66.2341, -23.8428 ], [ -66.234, -23.8343 ] ] } },
{ "type": "Feature", "properties": { "nombre": "Camino sin nombre", "longitud_km": 1.42 }, "geometry": { "type": "LineString", "coordinates": [ [ -64.0095, -24.4547 ], [ -64.0022, -24.4437 ] ] } },
{ "type": "Feature", "properties": { "nombre": "Camino sin nombre", "longitud_km": 0.34 }, "geometry": { "type": "LineString", "coordinates": [ [ -64.0199, -24.4648 ], [ -64.0176, -24.4626 ] ] } },
{ "type": "Feature", "properties": { "nombre": "Camino sin nombre", "longitud_km": 0.4 }, "geometry": { "type": "LineString", "coordinates": [ [ -64.0176, -24.4626 ], [ -64.0149, -24.4599 ] ] } },
{ "type": "Feature", "properties": { "nombre": "-2", "longitud_km": 0.15 }, "geometry": { "type": "LineString", "coordinates": [ [ -64.1008, -24.5447 ], [ -64.0997, -24.5437 ] ] } },
{ "type": "Feature", "properties": { "nombre": "Camino sin nombre", "longitud_km": 0.95 }, "geometry": { "type": "LineString", "coordinates": [ [ -64.0997, -24.5437 ], [ -64.0948, -24.5365 ] ] } },
{ "type": "Feature", "properties": { "nombre": "-2", "longitud_km": 3.52 }, "geometry": { "type": "LineString", "coordinates": [ [ -66.9377, -24.2937 ], [ -66.9119, -24.3148 ] ] } },
{ "type": "Feature", "properties": { "nombre": "-2", "longitud_km": 3.19 }, "geometry": { "type": "LineString", "coordinates": [ [ -66.9119, -24.3148 ], [ -66.9409, -24.3039 ] ] } },
{ "type": "Feature", "properties": { "nombre": "-2", "longitud_km": 0.88 }, "geometry": { "type": "LineString", "coordinates": [ [ -66.9409, -24.3039 ], [ -66.9495, -24.3032 ] ] } },
{ "type": "Feature", "properties": { "nombre": "-2", "longitud_km": 0.51 }, "geometry": { "type": "LineString", "coordinates": [ [ -66.9421, -24.2914 ], [ -66.9377, -24.2937 ] ] } },
{ "type": "Feature", "properties": { "nombre": "-2", "longitud_km": 0.07 }, "geometry": { "type": "LineString", "coordinates": [ [ -66.3164, -24.2025 ], [ -66.316, -24.203 ] ] } },
{ "type": "Feature", "properties": { "nombre": "-2", "longitud_km": 0.18 }, "geometry": { "type": "LineString", "coordinates": [ [ -66.3206, -24.2145 ], [ -66.3193, -24.2156 ] ] } },
{ "type": "Feature", "properties": { "nombre": "-2", "longitud_km": 0.12 }, "geometry": { "type": "LineString", "coordinates": [ [ -66.3163, -24.2161 ], [ -66.3152, -24.2163 ] ] } },
{ "type": "Feature", "properties": { "nombre": "-2", "longitud_km": 0.09 }, "geometry": { "type": "LineString", "coordinates": [ [ -66.3163, -24.2161 ], [ -66.3163, -24.2169 ] ] } },
{ "type": "Feature", "properties": { "nombre": "-2", "longitud_km": 0.2 }, "geometry": { "type": "LineString", "coordinates": [ [ -66.316, -24.203 ], [ -66.3146, -24.2043 ] ] } },
{ "type": "Feature", "properties": { "nombre": "-2", "longitud_km": 0.13 }, "geometry": { "type": "LineString", "coordinates": [ [ -66.3146, -24.2043 ], [ -66.3146, -24.2055 ] ] } },
{ "type": "Feature", "properties": { "nombre": "-2", "longitud_km": 0.14 }, "geometry": { "type": "LineString", "coordinates": [ [ -66.3146, -24.2055 ], [ -66.3135, -24.2062 ] ] } },
{ "type": "Feature", "properties": { "nombre": "-2", "longitud_km": 0.19 }, "geometry": { "type": "LineString", "coordinates": [ [ -66.3135, -24.2062 ], [ -66.3133, -24.2079 ] ] } },
{ "type": "Feature", "properties": { "nombre": "-2", "longitud_km": 0.96 }, "geometry": { "type": "LineString", "coordinates": [ [ -66.3133, -24.2079 ], [ -66.3163, -24.2161 ] ] } },
{ "type": "Feature", "properties": { "nombre": "-2", "longitud_km": 0.15 }, "geometry": { "type": "LineString", "coordinates": [ [ -66.3193, -24.2156 ], [ -66.3178, -24.2159 ] ] } },
{ "type": "Feature", "properties": { "nombre": "-2", "longitud_km": 0.15 }, "geometry": { "type": "LineString", "coordinates": [ [ -66.3178, -24.2159 ], [ -66.3163, -24.2161 ] ] } },
{ "type": "Feature", "properties": { "nombre": "-2", "longitud_km": 0.18 }, "geometry": { "type": "LineString", "coordinates": [ [ -66.4096, -24.2409 ], [ -66.4108, -24.2396 ] ] } },
{ "type": "Feature", "properties": { "nombre": "-2", "longitud_km": 0.2 }, "geometry": { "type": "LineString", "coordinates": [ [ -66.4108, -24.2396 ], [ -66.4116, -24.2379 ] ] } },
{ "type": "Feature", "properties": { "nombre": "-2", "longitud_km": 1.82 }, "geometry": { "type": "LineString", "coordinates": [ [ -66.4116, -24.2379 ], [ -66.4066, -24.2384 ], [ -66.4079, -24.2266 ] ] } },
{ "type": "Feature", "properties": { "nombre": "-2", "longitud_km": 1.8 }, "geometry": { "type": "LineString", "coordinates": [ [ -66.4079, -24.2266 ], [ -66.4068, -24.2104 ] ] } },
{ "type": "Feature", "properties": { "nombre": "-2", "longitud_km": 2.77 }, "geometry": { "type": "LineString", "coordinates": [ [ -65.8628, -24.0111 ], [ -65.8769, -24.0325 ] ] } },
{ "type": "Feature", "properties": { "nombre": "-2", "longitud_km": 0.41 }, "geometry": { "type": "LineString", "coordinates": [ [ -65.8616, -24.0076 ], [ -65.8628, -24.0111 ] ] } },
{ "type": "Feature", "properties": { "nombre": "-2", "longitud_km": 9.17 }, "geometry": { "type": "LineString", "coordinates": [ [ -67.0523, -23.9612 ], [ -67.0504, -23.9338 ], [ -67.0365, -23.9081 ], [ -67.0312, -23.8819 ] ] } },
{ "type": "Feature", "properties": { "nombre": "-2", "longitud_km": 2.38 }, "geometry": { "type": "LineString", "coordinates": [ [ -67.0079, -23.8824 ], [ -67.0312, -23.8819 ] ] } },
{ "type": "Feature", "properties": { "nombre": "-2", "longitud_km": 0.08 }, "geometry": { "type": "LineString", "coordinates": [ [ -67.0363, -23.9993 ], [ -67.0363, -24.0 ] ] } },
{ "type": "Feature", "properties": { "nombre": "Camino sin nombre", "longitud_km": 0.06 }, "geometry": { "type": "LineString", "coordinates": [ [ -64.4355, -23.4078 ], [ -64.4357, -23.4073 ] ] } },
{ "type": "Feature", "properties": { "nombre": "Camino sin nombre", "longitud_km": 0.02 }, "geometry": { "type": "LineString", "coordinates": [ [ -64.4357, -23.4073 ], [ -64.4356, -23.4072 ] ] } },
{ "type": "Feature", "properties": { "nombre": "-2", "longitud_km": 10.55 }, "geometry": { "type": "LineString", "coordinates": [ [ -66.2892, -23.6511 ], [ -66.3039, -23.6505 ], [ -66.311, -23.6365 ], [ -66.3053, -23.5962 ], [ -66.3074, -23.5706 ] ] } },
{ "type": "Feature", "properties": { "nombre": "-2", "longitud_km": 0.08 }, "geometry": { "type": "LineString", "coordinates": [ [ -66.2884, -23.6509 ], [ -66.2892, -23.6511 ] ] } },
{ "type": "Feature", "properties": { "nombre": "-2", "longitud_km": 0.06 }, "geometry": { "type": "LineString", "coordinates": [ [ -66.2881, -23.6506 ], [ -66.2884, -23.6509 ] ] } },
{ "type": "Feature", "properties": { "nombre": "-2", "longitud_km": 0.03 }, "geometry": { "type": "LineString", "coordinates": [ [ -66.2879, -23.6503 ], [ -66.2881, -23.6506 ] ] } },
{ "type": "Feature", "properties": { "nombre": "-2", "longitud_km": 0.08 }, "geometry": { "type": "LineString", "coordinates": [ [ -66.2873, -23.6499 ], [ -66.2879, -23.6503 ] ] } },
{ "type": "Feature", "properties": { "nombre": "Camino sin nombre", "longitud_km": 0.24 }, "geometry": { "type": "LineString", "coordinates": [ [ -64.4402, -23.4056 ], [ -64.4387, -23.4072 ] ] } },
{ "type": "Feature", "properties": { "nombre": "Camino sin nombre", "longitud_km": 0.25 }, "geometry": { "type": "LineString", "coordinates": [ [ -64.4423, -23.402 ], [ -64.4441, -23.4005 ] ] } },
{ "type": "Feature", "properties": { "nombre": "Camino sin nombre", "longitud_km": 0.12 }, "geometry": { "type": "LineString", "coordinates": [ [ -64.4625, -23.3852 ], [ -64.4634, -23.3845 ] ] } },
{ "type": "Feature", "properties": { "nombre": "Camino sin nombre", "longitud_km": 0.05 }, "geometry": { "type": "LineString", "coordinates": [ [ -64.4405, -23.4053 ], [ -64.4402, -23.4056 ] ] } },
{ "type": "Feature", "properties": { "nombre": "-2", "longitud_km": 0.04 }, "geometry": { "type": "LineString", "coordinates": [ [ -64.353, -23.4308 ], [ -64.3527, -23.431 ] ] } },
{ "type": "Feature", "properties": { "nombre": "Camino sin nombre", "longitud_km": 0.46 }, "geometry": { "type": "LineString", "coordinates": [ [ -64.4449, -23.4045 ], [ -64.4405, -23.4053 ] ] } },
{ "type": "Feature", "properties": { "nombre": "Camino sin nombre", "longitud_km": 0.51 }, "geometry": { "type": "LineString", "coordinates": [ [ -64.4499, -23.4044 ], [ -64.4449, -23.4045 ] ] } },
{ "type": "Feature", "properties": { "nombre": "Camino sin nombre", "longitud_km": 0.39 }, "geometry": { "type": "LineString", "coordinates": [ [ -64.4634, -23.3845 ], [ -64.4662, -23.3822 ] ] } },
{ "type": "Feature", "properties": { "nombre": "Camino sin nombre", "longitud_km": 0.3 }, "geometry": { "type": "LineString", "coordinates": [ [ -64.4763, -23.3818 ], [ -64.4765, -23.3845 ] ] } },
{ "type": "Feature", "properties": { "nombre": "Camino sin nombre", "longitud_km": 0.38 }, "geometry": { "type": "LineString", "coordinates": [ [ -64.4662, -23.3822 ], [ -64.469, -23.3799 ] ] } },
{ "type": "Feature", "properties": { "nombre": "Camino sin nombre", "longitud_km": 0.15 }, "geometry": { "type": "LineString", "coordinates": [ [ -64.4614, -23.3861 ], [ -64.4625, -23.3852 ] ] } },
{ "type": "Feature", "properties": { "nombre": "Camino sin nombre", "longitud_km": 0.1 }, "geometry": { "type": "LineString", "coordinates": [ [ -64.4765, -23.3845 ], [ -64.4775, -23.3846 ] ] } },
{ "type": "Feature", "properties": { "nombre": "-2", "longitud_km": 0.17 }, "geometry": { "type": "LineString", "coordinates": [ [ -64.4393, -23.4452 ], [ -64.4393, -23.4467 ] ] } },
{ "type": "Feature", "properties": { "nombre": "Camino sin nombre", "longitud_km": 0.19 }, "geometry": { "type": "LineString", "coordinates": [ [ -64.4775, -23.3846 ], [ -64.4794, -23.3844 ] ] } },
{ "type": "Feature", "properties": { "nombre": "Camino sin nombre", "longitud_km": 0.44 }, "geometry": { "type": "LineString", "coordinates": [ [ -64.4674, -23.3888 ], [ -64.471, -23.3865 ] ] } },
{ "type": "Feature", "properties": { "nombre": "Camino sin nombre", "longitud_km": 0.66 }, "geometry": { "type": "LineString", "coordinates": [ [ -64.4634, -23.3845 ], [ -64.4668, -23.3895 ] ] } },
{ "type": "Feature", "properties": { "nombre": "Camino sin nombre", "longitud_km": 0.54 }, "geometry": { "type": "LineString", "coordinates": [ [ -64.4668, -23.3895 ], [ -64.4653, -23.3942 ] ] } },
{ "type": "Feature", "properties": { "nombre": "Camino sin nombre", "longitud_km": 0.11 }, "geometry": { "type": "LineString", "coordinates": [ [ -64.4572, -23.3896 ], [ -64.4581, -23.3889 ] ] } },
{ "type": "Feature", "properties": { "nombre": "Camino sin nombre", "longitud_km": 0.09 }, "geometry": { "type": "LineString", "coordinates": [ [ -64.4581, -23.3889 ], [ -64.4588, -23.3883 ] ] } },
{ "type": "Feature", "properties": { "nombre": "Camino sin nombre", "longitud_km": 0.39 }, "geometry": { "type": "LineString", "coordinates": [ [ -64.4394, -23.4043 ], [ -64.4423, -23.402 ] ] } },
{ "type": "Feature", "properties": { "nombre": "-2", "longitud_km": 0.5 }, "geometry": { "type": "LineString", "coordinates": [ [ -64.4332, -23.4343 ], [ -64.4365, -23.4376 ] ] } },
{ "type": "Feature", "properties": { "nombre": "-2", "longitud_km": 0.37 }, "geometry": { "type": "LineString", "coordinates": [ [ -64.4308, -23.4319 ], [ -64.4332, -23.4343 ] ] } },
{ "type": "Feature", "properties": { "nombre": "Camino sin nombre", "longitud_km": 0.04 }, "geometry": { "type": "LineString", "coordinates": [ [ -64.469, -23.3799 ], [ -64.4693, -23.3797 ] ] } },
{ "type": "Feature", "properties": { "nombre": "Camino sin nombre", "longitud_km": 2.62 }, "geometry": { "type": "LineString", "coordinates": [ [ -64.4794, -23.3844 ], [ -64.4886, -23.3793 ], [ -64.4952, -23.3855 ], [ -64.5, -23.3829 ] ] } },
{ "type": "Feature", "properties": { "nombre": "Camino sin nombre", "longitud_km": 0.58 }, "geometry": { "type": "LineString", "coordinates": [ [ -64.4568, -23.4026 ], [ -64.4515, -23.4044 ] ] } },
{ "type": "Feature", "properties": { "nombre": "-2", "longitud_km": 2.7 }, "geometry": { "type": "LineString", "coordinates": [ [ -64.3155, -23.4194 ], [ -64.3337, -23.4369 ] ] } },
{ "type": "Feature", "properties": { "nombre": "Camino sin nombre", "longitud_km": 0.36 }, "geometry": { "type": "LineString", "coordinates": [ [ -64.4356, -23.4072 ], [ -64.4333, -23.4048 ] ] } },
{ "type": "Feature", "properties": { "nombre": "Camino sin nombre", "longitud_km": 0.34 }, "geometry": { "type": "LineString", "coordinates": [ [ -64.4653, -23.3942 ], [ -64.462, -23.3948 ] ] } },
{ "type": "Feature", "properties": { "nombre": "Camino sin nombre", "longitud_km": 1.02 }, "geometry": { "type": "LineString", "coordinates": [ [ -64.462, -23.3948 ], [ -64.4568, -23.4026 ] ] } },
{ "type": "Feature", "properties": { "nombre": "Camino sin nombre", "longitud_km": 0.51 }, "geometry": { "type": "LineString", "coordinates": [ [ -64.4357, -23.4073 ], [ -64.4394, -23.4043 ] ] } },
{ "type": "Feature", "properties": { "nombre": "Camino sin nombre", "longitud_km": 0.33 }, "geometry": { "type": "LineString", "coordinates": [ [ -64.4387, -23.4072 ], [ -64.4355, -23.4078 ] ] } },
{ "type": "Feature", "properties": { "nombre": "-2", "longitud_km": 0.54 }, "geometry": { "type": "LineString", "coordinates": [ [ -64.4286, -23.4274 ], [ -64.4308, -23.4319 ] ] } },
{ "type": "Feature", "properties": { "nombre": "-2", "longitud_km": 0.88 }, "geometry": { "type": "LineString", "coordinates": [ [ -64.4365, -23.4376 ], [ -64.4393, -23.4452 ] ] } },
{ "type": "Feature", "properties": { "nombre": "-2", "longitud_km": 0.71 }, "geometry": { "type": "LineString", "coordinates": [ [ -64.4425, -23.4505 ], [ -64.445, -23.4564 ] ] } },
{ "type": "Feature", "properties": { "nombre": "-2", "longitud_km": 0.52 }, "geometry": { "type": "LineString", "coordinates": [ [ -64.445, -23.4564 ], [ -64.4465, -23.4609 ] ] } },
{ "type": "Feature", "properties": { "nombre": "Camino sin nombre", "longitud_km": 0.43 }, "geometry": { "type": "LineString", "coordinates": [ [ -64.2199, -23.3353 ], [ -64.216, -23.3366 ] ] } },
{ "type": "Feature", "properties": { "nombre": "-2", "longitud_km": 0.16 }, "geometry": { "type": "LineString", "coordinates": [ [ -64.3535, -23.4318 ], [ -64.3549, -23.4325 ] ] } },
{ "type": "Feature", "properties": { "nombre": "-2", "longitud_km": 6.5 }, "geometry": { "type": "LineString", "coordinates": [ [ -64.4488, -23.4692 ], [ -64.4707, -23.47 ], [ -64.483, -23.4553 ], [ -64.4942, -23.4541 ], [ -64.5, -23.4461 ] ] } },
{ "type": "Feature", "properties": { "nombre": "Camino sin nombre", "longitud_km": 0.33 }, "geometry": { "type": "LineString", "coordinates": [ [ -64.4052, -23.3726 ], [ -64.402, -23.3728 ] ] } },
{ "type": "Feature", "properties": { "nombre": "Camino sin nombre", "longitud_km": 0.52 }, "geometry": { "type": "LineString", "coordinates": [ [ -64.402, -23.3728 ], [ -64.3969, -23.3731 ] ] } },
{ "type": "Feature", "properties": { "nombre": "Camino sin nombre", "longitud_km": 0.2 }, "geometry": { "type": "LineString", "coordinates": [ [ -64.4072, -23.3725 ], [ -64.4052, -23.3726 ] ] } },
{ "type": "Feature", "properties": { "nombre": "Camino sin nombre", "longitud_km": 0.99 }, "geometry": { "type": "LineString", "coordinates": [ [ -64.4168, -23.372 ], [ -64.4072, -23.3725 ] ] } },
{ "type": "Feature", "properties": { "nombre": "Camino sin nombre", "longitud_km": 0.04 }, "geometry": { "type": "LineString", "coordinates": [ [ -64.4172, -23.372 ], [ -64.4168, -23.372 ] ] } },
{ "type": "Feature", "properties": { "nombre": "Camino sin nombre", "longitud_km": 0.57 }, "geometry": { "type": "LineString", "coordinates": [ [ -64.4228, -23.3717 ], [ -64.4172, -23.372 ] ] } },
{ "type": "Feature", "properties": { "nombre": "Camino sin nombre", "longitud_km": 0.21 }, "geometry": { "type": "LineString", "coordinates": [ [ -64.4458, -23.399 ], [ -64.4474, -23.3978 ] ] } },
{ "type": "Feature", "properties": { "nombre": "Camino sin nombre", "longitud_km": 0.24 }, "geometry": { "type": "LineString", "coordinates": [ [ -64.4441, -23.4005 ], [ -64.4458, -23.399 ] ] } },
{ "type": "Feature", "properties": { "nombre": "Camino sin nombre", "longitud_km": 0.36 }, "geometry": { "type": "LineString", "coordinates": [ [ -64.4588, -23.3883 ], [ -64.4614, -23.3861 ] ] } },
{ "type": "Feature", "properties": { "nombre": "Camino sin nombre", "longitud_km": 0.42 }, "geometry": { "type": "LineString", "coordinates": [ [ -64.4474, -23.3978 ], [ -64.4504, -23.3952 ] ] } },
{ "type": "Feature", "properties": { "nombre": "Camino sin nombre", "longitud_km": 0.13 }, "geometry": { "type": "LineString", "coordinates": [ [ -64.4504, -23.3952 ], [ -64.4514, -23.3944 ] ] } },
{ "type": "Feature", "properties": { "nombre": "Camino sin nombre", "longitud_km": 0.62 }, "geometry": { "type": "LineString", "coordinates": [ [ -64.4514, -23.3944 ], [ -64.4559, -23.3906 ] ] } },
{ "type": "Feature", "properties": { "nombre": "Camino sin nombre", "longitud_km": 0.14 }, "geometry": { "type": "LineString", "coordinates": [ [ -64.4559, -23.3906 ], [ -64.4569, -23.3898 ] ] } },
{ "type": "Feature", "properties": { "nombre": "Camino sin nombre", "longitud_km": 0.04 }, "geometry": { "type": "LineString", "coordinates": [ [ -64.4569, -23.3898 ], [ -64.4572, -23.3896 ] ] } },
{ "type": "Feature", "properties": { "nombre": "-2", "longitud_km": 0.53 }, "geometry": { "type": "LineString", "coordinates": [ [ -64.4393, -23.4467 ], [ -64.4425, -23.4505 ] ] } },
{ "type": "Feature", "properties": { "nombre": "-2", "longitud_km": 0.96 }, "geometry": { "type": "LineString", "coordinates": [ [ -64.4465, -23.4609 ], [ -64.4488, -23.4692 ] ] } },
{ "type": "Feature", "properties": { "nombre": "-2", "longitud_km": 0.98 }, "geometry": { "type": "LineString", "coordinates": [ [ -64.4488, -23.4692 ], [ -64.4409, -23.4743 ] ] } },
{ "type": "Feature", "properties": { "nombre": "-2", "longitud_km": 0.82 }, "geometry": { "type": "LineString", "coordinates": [ [ -64.4409, -23.4743 ], [ -64.433, -23.4752 ] ] } },
{ "type": "Feature", "properties": { "nombre": "-2", "longitud_km": 0.1 }, "geometry": { "type": "LineString", "coordinates": [ [ -64.3992, -23.5582 ], [ -64.3983, -23.5585 ] ] } },
{ "type": "Feature", "properties": { "nombre": "-2", "longitud_km": 0.1 }, "geometry": { "type": "LineString", "coordinates": [ [ -64.3974, -23.5587 ], [ -64.3965, -23.559 ] ] } },
{ "type": "Feature", "properties": { "nombre": "-2", "longitud_km": 0.35 }, "geometry": { "type": "LineString", "coordinates": [ [ -64.3965, -23.559 ], [ -64.395, -23.5618 ] ] } },
{ "type": "Feature", "properties": { "nombre": "-2", "longitud_km": 0.3 }, "geometry": { "type": "LineString", "coordinates": [ [ -64.3337, -23.4369 ], [ -64.3365, -23.438 ] ] } },
{ "type": "Feature", "properties": { "nombre": "Camino sin nombre", "longitud_km": 0.17 }, "geometry": { "type": "LineString", "coordinates": [ [ -64.4515, -23.4044 ], [ -64.4499, -23.4044 ] ] } },
{ "type": "Feature", "properties": { "nombre": "-2", "longitud_km": 0.09 }, "geometry": { "type": "LineString", "coordinates": [ [ -64.3983, -23.5585 ], [ -64.3974, -23.5587 ] ] } },
{ "type": "Feature", "properties": { "nombre": "Camino sin nombre", "longitud_km": 0.03 }, "geometry": { "type": "LineString", "coordinates": [ [ -64.4236, -23.3852 ], [ -64.4239, -23.3851 ] ] } },
{ "type": "Feature", "properties": { "nombre": "-2", "longitud_km": 2.95 }, "geometry": { "type": "LineString", "coordinates": [ [ -64.1116, -23.579 ], [ -64.1399, -23.5845 ] ] } },
{ "type": "Feature", "properties": { "nombre": "Camino sin nombre", "longitud_km": 0.9 }, "geometry": { "type": "LineString", "coordinates": [ [ -64.4049, -23.4054 ], [ -64.4045, -23.4136 ] ] } },
{ "type": "Feature", "properties": { "nombre": "Camino sin nombre", "longitud_km": 1.37 }, "geometry": { "type": "LineString", "coordinates": [ [ -64.4558, -23.363 ], [ -64.4561, -23.3566 ], [ -64.4516, -23.3607 ] ] } },
{ "type": "Feature", "properties": { "nombre": "Camino sin nombre", "longitud_km": 0.12 }, "geometry": { "type": "LineString", "coordinates": [ [ -64.4533, -23.3741 ], [ -64.4524, -23.3734 ] ] } },
{ "type": "Feature", "properties": { "nombre": "Camino sin nombre", "longitud_km": 0.51 }, "geometry": { "type": "LineString", "coordinates": [ [ -64.4225, -23.3671 ], [ -64.4228, -23.3717 ] ] } },
{ "type": "Feature", "properties": { "nombre": "Camino sin nombre", "longitud_km": 0.05 }, "geometry": { "type": "LineString", "coordinates": [ [ -64.4224, -23.3649 ], [ -64.4229, -23.3648 ] ] } },
{ "type": "Feature", "properties": { "nombre": "Camino sin nombre", "longitud_km": 0.05 }, "geometry": { "type": "LineString", "coordinates": [ [ -64.4224, -23.3649 ], [ -64.4219, -23.3649 ] ] } },
{ "type": "Feature", "properties": { "nombre": "Camino sin nombre", "longitud_km": 1.52 }, "geometry": { "type": "LineString", "coordinates": [ [ -64.4225, -23.3671 ], [ -64.4077, -23.3658 ] ] } },
{ "type": "Feature", "properties": { "nombre": "-2", "longitud_km": 1.83 }, "geometry": { "type": "LineString", "coordinates": [ [ -64.4129, -23.4489 ], [ -64.4306, -23.4465 ] ] } },
{ "type": "Feature", "properties": { "nombre": "Camino sin nombre", "longitud_km": 8.51 }, "geometry": { "type": "LineString", "coordinates": [ [ -64.0672, -23.4325 ], [ -64.0717, -23.4554 ], [ -64.0607, -23.4582 ], [ -64.0615, -23.4619 ], [ -64.0686, -23.4881 ], [ -64.0818, -23.4872 ] ] } },
{ "type": "Feature", "properties": { "nombre": "Camino sin nombre", "longitud_km": 1.99 }, "geometry": { "type": "LineString", "coordinates": [ [ -64.1022, -23.3957 ], [ -64.0858, -23.4053 ] ] } },
{ "type": "Feature", "properties": { "nombre": "Camino sin nombre", "longitud_km": 1.37 }, "geometry": { "type": "LineString", "coordinates": [ [ -64.3224, -23.397 ], [ -64.3309, -23.3875 ] ] } },
{ "type": "Feature", "properties": { "nombre": "Camino sin nombre", "longitud_km": 1.8 }, "geometry": { "type": "LineString", "coordinates": [ [ -64.4231, -23.3776 ], [ -64.4061, -23.3818 ] ] } },
{ "type": "Feature", "properties": { "nombre": "Camino sin nombre", "longitud_km": 0.31 }, "geometry": { "type": "LineString", "coordinates": [ [ -64.3965, -23.3989 ], [ -64.3936, -23.398 ] ] } },
{ "type": "Feature", "properties": { "nombre": "Camino sin nombre", "longitud_km": 0.11 }, "geometry": { "type": "LineString", "coordinates": [ [ -64.4071, -23.3705 ], [ -64.4071, -23.3695 ] ] } },
{ "type": "Feature", "properties": { "nombre": "Camino sin nombre", "longitud_km": 0.04 }, "geometry": { "type": "LineString", "coordinates": [ [ -64.4229, -23.374 ], [ -64.4224, -23.374 ] ] } },
{ "type": "Feature", "properties": { "nombre": "Camino sin nombre", "longitud_km": 0.03 }, "geometry": { "type": "LineString", "coordinates": [ [ -64.4235, -23.3835 ], [ -64.4238, -23.3835 ] ] } },
{ "type": "Feature", "properties": { "nombre": "Camino sin nombre", "longitud_km": 0.41 }, "geometry": { "type": "LineString", "coordinates": [ [ -64.4372, -23.3867 ], [ -64.434, -23.389 ] ] } },
{ "type": "Feature", "properties": { "nombre": "Camino sin nombre", "longitud_km": 1.07 }, "geometry": { "type": "LineString", "coordinates": [ [ -64.4153, -23.3951 ], [ -64.4157, -23.3855 ] ] } },
{ "type": "Feature", "properties": { "nombre": "Camino sin nombre", "longitud_km": 0.82 }, "geometry": { "type": "LineString", "coordinates": [ [ -64.4236, -23.3842 ], [ -64.4157, -23.3855 ] ] } },
{ "type": "Feature", "properties": { "nombre": "Camino sin nombre", "longitud_km": 0.39 }, "geometry": { "type": "LineString", "coordinates": [ [ -64.4258, -23.385 ], [ -64.4257, -23.3885 ] ] } },
{ "type": "Feature", "properties": { "nombre": "Camino sin nombre", "longitud_km": 0.06 }, "geometry": { "type": "LineString", "coordinates": [ [ -64.4515, -23.3744 ], [ -64.4519, -23.3748 ] ] } },
{ "type": "Feature", "properties": { "nombre": "Camino sin nombre", "longitud_km": 0.22 }, "geometry": { "type": "LineString", "coordinates": [ [ -64.4567, -23.3776 ], [ -64.4583, -23.3763 ] ] } },
{ "type": "Feature", "properties": { "nombre": "Camino sin nombre", "longitud_km": 0.06 }, "geometry": { "type": "LineString", "coordinates": [ [ -64.4567, -23.38 ], [ -64.4567, -23.3795 ] ] } },
{ "type": "Feature", "properties": { "nombre": "Camino sin nombre", "longitud_km": 0.04 }, "geometry": { "type": "LineString", "coordinates": [ [ -64.4569, -23.3697 ], [ -64.4572, -23.3699 ] ] } },
{ "type": "Feature", "properties": { "nombre": "Camino sin nombre", "longitud_km": 0.03 }, "geometry": { "type": "LineString", "coordinates": [ [ -64.4588, -23.3682 ], [ -64.4588, -23.3679 ] ] } },
{ "type": "Feature", "properties": { "nombre": "Camino sin nombre", "longitud_km": 0.82 }, "geometry": { "type": "LineString", "coordinates": [ [ -64.4646, -23.3735 ], [ -64.4698, -23.3792 ] ] } },
{ "type": "Feature", "properties": { "nombre": "Camino sin nombre", "longitud_km": 0.59 }, "geometry": { "type": "LineString", "coordinates": [ [ -64.4498, -23.3858 ], [ -64.4543, -23.389 ] ] } },
{ "type": "Feature", "properties": { "nombre": "-2", "longitud_km": 0.74 }, "geometry": { "type": "LineString", "coordinates": [ [ -64.4357, -23.4211 ], [ -64.4346, -23.4145 ] ] } },
{ "type": "Feature", "properties": { "nombre": "-2", "longitud_km": 0.95 }, "geometry": { "type": "LineString", "coordinates": [ [ -64.4285, -23.4271 ], [ -64.4193, -23.4284 ] ] } },
{ "type": "Feature", "properties": { "nombre": "-2", "longitud_km": 0.05 }, "geometry": { "type": "LineString", "coordinates": [ [ -64.3537, -23.4314 ], [ -64.3535, -23.4318 ] ] } },
{ "type": "Feature", "properties": { "nombre": "Camino sin nombre", "longitud_km": 0.45 }, "geometry": { "type": "LineString", "coordinates": [ [ -64.3327, -23.4122 ], [ -64.3367, -23.4106 ] ] } },
{ "type": "Feature", "properties": { "nombre": "Camino sin nombre", "longitud_km": 4.04 }, "geometry": { "type": "LineString", "coordinates": [ [ -64.0083, -23.5238 ], [ -64.0473, -23.5184 ] ] } },
{ "type": "Feature", "properties": { "nombre": "-2", "longitud_km": 1.65 }, "geometry": { "type": "LineString", "coordinates": [ [ -64.1168, -23.5003 ], [ -64.1051, -23.5106 ] ] } },
{ "type": "Feature", "properties": { "nombre": "Camino sin nombre", "longitud_km": 0.89 }, "geometry": { "type": "LineString", "coordinates": [ [ -64.1095, -23.5152 ], [ -64.1138, -23.5222 ] ] } },
{ "type": "Feature", "properties": { "nombre": "-2", "longitud_km": 0.1 }, "geometry": { "type": "LineString", "coordinates": [ [ -64.3997, -23.5532 ], [ -64.3988, -23.5532 ] ] } },
{ "type": "Feature", "properties": { "nombre": "Camino sin nombre", "longitud_km": 0.1 }, "geometry": { "type": "LineString", "coordinates": [ [ -64.2197, -23.3344 ], [ -64.2199, -23.3353 ] ] } },
{ "type": "Feature", "properties": { "nombre": "-2", "longitud_km": 2.52 }, "geometry": { "type": "LineString", "coordinates": [ [ -64.1558, -23.6293 ], [ -64.1558, -23.6521 ] ] } },
{ "type": "Feature", "properties": { "nombre": "Camino sin nombre", "longitud_km": 0.74 }, "geometry": { "type": "LineString", "coordinates": [ [ -64.4673, -23.3714 ], [ -64.4648, -23.3651 ] ] } },
{ "type": "Feature", "properties": { "nombre": "Camino sin nombre", "longitud_km": 1.35 }, "geometry": { "type": "LineString", "coordinates": [ [ -64.4516, -23.3607 ], [ -64.4531, -23.3728 ] ] } },
{ "type": "Feature", "properties": { "nombre": "Camino sin nombre", "longitud_km": 3.87 }, "geometry": { "type": "LineString", "coordinates": [ [ -64.1234, -23.3973 ], [ -64.1234, -23.3874 ], [ -64.1015, -23.3912 ], [ -64.1022, -23.3957 ] ] } },
{ "type": "Feature", "properties": { "nombre": "Camino sin nombre", "longitud_km": 1.99 }, "geometry": { "type": "LineString", "coordinates": [ [ -64.1428, -23.3988 ], [ -64.1234, -23.3973 ] ] } },
{ "type": "Feature", "properties": { "nombre": "-2", "longitud_km": 3.45 }, "geometry": { "type": "LineString", "coordinates": [ [ -64.2259, -23.4057 ], [ -64.2011, -23.4268 ] ] } },
{ "type": "Feature", "properties": { "nombre": "Camino sin nombre", "longitud_km": 0.29 }, "geometry": { "type": "LineString", "coordinates": [ [ -64.3198, -23.4004 ], [ -64.3212, -23.3981 ] ] } },
{ "type": "Feature", "properties": { "nombre": "Camino sin nombre", "longitud_km": 0.18 }, "geometry": { "type": "LineString", "coordinates": [ [ -64.3212, -23.3981 ], [ -64.3224, -23.397 ] ] } },
{ "type": "Feature", "properties": { "nombre": "Camino sin nombre", "longitud_km": 0.83 }, "geometry": { "type": "LineString", "coordinates": [ [ -64.3309, -23.3875 ], [ -64.3301, -23.38 ] ] } },
{ "type": "Feature", "properties": { "nombre": "Camino sin nombre", "longitud_km": 0.25 }, "geometry": { "type": "LineString", "coordinates": [ [ -64.4224, -23.3649 ], [ -64.4225, -23.3671 ] ] } },
{ "type": "Feature", "properties": { "nombre": "Camino sin nombre", "longitud_km": 0.04 }, "geometry": { "type": "LineString", "coordinates": [ [ -64.4232, -23.374 ], [ -64.4229, -23.374 ] ] } },
{ "type": "Feature", "properties": { "nombre": "Camino sin nombre", "longitud_km": 1.03 }, "geometry": { "type": "LineString", "coordinates": [ [ -64.4061, -23.3818 ], [ -64.3961, -23.3821 ] ] } },
{ "type": "Feature", "properties": { "nombre": "Camino sin nombre", "longitud_km": 0.26 }, "geometry": { "type": "LineString", "coordinates": [ [ -64.4157, -23.3855 ], [ -64.4157, -23.3831 ] ] } },
{ "type": "Feature", "properties": { "nombre": "Camino sin nombre", "longitud_km": 0.26 }, "geometry": { "type": "LineString", "coordinates": [ [ -64.4306, -23.3917 ], [ -64.4287, -23.3933 ] ] } },
{ "type": "Feature", "properties": { "nombre": "Camino sin nombre", "longitud_km": 0.12 }, "geometry": { "type": "LineString", "coordinates": [ [ -64.4315, -23.391 ], [ -64.4306, -23.3917 ] ] } },
{ "type": "Feature", "properties": { "nombre": "Camino sin nombre", "longitud_km": 0.17 }, "geometry": { "type": "LineString", "coordinates": [ [ -64.4328, -23.39 ], [ -64.4315, -23.391 ] ] } },
{ "type": "Feature", "properties": { "nombre": "Camino sin nombre", "longitud_km": 0.17 }, "geometry": { "type": "LineString", "coordinates": [ [ -64.434, -23.389 ], [ -64.4328, -23.39 ] ] } },
{ "type": "Feature", "properties": { "nombre": "Camino sin nombre", "longitud_km": 0.7 }, "geometry": { "type": "LineString", "coordinates": [ [ -64.475, -23.3756 ], [ -64.4763, -23.3818 ] ] } },
{ "type": "Feature", "properties": { "nombre": "Camino sin nombre", "longitud_km": 0.03 }, "geometry": { "type": "LineString", "coordinates": [ [ -64.4514, -23.3742 ], [ -64.4515, -23.3744 ] ] } },
{ "type": "Feature", "properties": { "nombre": "Camino sin nombre", "longitud_km": 0.29 }, "geometry": { "type": "LineString", "coordinates": [ [ -64.4699, -23.3725 ], [ -64.4673, -23.3714 ] ] } },
{ "type": "Feature", "properties": { "nombre": "Camino sin nombre", "longitud_km": 0.36 }, "geometry": { "type": "LineString", "coordinates": [ [ -64.4673, -23.3714 ], [ -64.4646, -23.3735 ] ] } },
{ "type": "Feature", "properties": { "nombre": "Camino sin nombre", "longitud_km": 0.9 }, "geometry": { "type": "LineString", "coordinates": [ [ -64.4646, -23.3735 ], [ -64.458, -23.379 ] ] } },
{ "type": "Feature", "properties": { "nombre": "Camino sin nombre", "longitud_km": 0.24 }, "geometry": { "type": "LineString", "coordinates": [ [ -64.4543, -23.389 ], [ -64.4559, -23.3906 ] ] } },
{ "type": "Feature", "properties": { "nombre": "Camino sin nombre", "longitud_km": 0.42 }, "geometry": { "type": "LineString", "coordinates": [ [ -64.4716, -23.3777 ], [ -64.475, -23.3756 ] ] } },
{ "type": "Feature", "properties": { "nombre": "-2", "longitud_km": 0.45 }, "geometry": { "type": "LineString", "coordinates": [ [ -64.432, -23.4258 ], [ -64.4363, -23.4252 ] ] } },
{ "type": "Feature", "properties": { "nombre": "-2", "longitud_km": 0.43 }, "geometry": { "type": "LineString", "coordinates": [ [ -64.4363, -23.4252 ], [ -64.4358, -23.4214 ] ] } },
{ "type": "Feature", "properties": { "nombre": "-2", "longitud_km": 0.03 }, "geometry": { "type": "LineString", "coordinates": [ [ -64.4358, -23.4214 ], [ -64.4357, -23.4211 ] ] } },
{ "type": "Feature", "properties": { "nombre": "Camino sin nombre", "longitud_km": 0.26 }, "geometry": { "type": "LineString", "coordinates": [ [ -64.4337, -23.4088 ], [ -64.4356, -23.4072 ] ] } },
{ "type": "Feature", "properties": { "nombre": "Camino sin nombre", "longitud_km": 0.25 }, "geometry": { "type": "LineString", "coordinates": [ [ -64.4341, -23.4111 ], [ -64.4337, -23.4088 ] ] } },
{ "type": "Feature", "properties": { "nombre": "Camino sin nombre", "longitud_km": 0.29 }, "geometry": { "type": "LineString", "coordinates": [ [ -64.4345, -23.4136 ], [ -64.4341, -23.4111 ] ] } },
{ "type": "Feature", "properties": { "nombre": "Camino sin nombre", "longitud_km": 0.1 }, "geometry": { "type": "LineString", "coordinates": [ [ -64.4346, -23.4145 ], [ -64.4345, -23.4136 ] ] } },
{ "type": "Feature", "properties": { "nombre": "-2", "longitud_km": 0.13 }, "geometry": { "type": "LineString", "coordinates": [ [ -64.4286, -23.4274 ], [ -64.4298, -23.4272 ] ] } },
{ "type": "Feature", "properties": { "nombre": "-2", "longitud_km": 0.22 }, "geometry": { "type": "LineString", "coordinates": [ [ -64.4298, -23.4272 ], [ -64.4316, -23.4262 ] ] } },
{ "type": "Feature", "properties": { "nombre": "-2", "longitud_km": 0.06 }, "geometry": { "type": "LineString", "coordinates": [ [ -64.4316, -23.4262 ], [ -64.432, -23.4258 ] ] } },
{ "type": "Feature", "properties": { "nombre": "-2", "longitud_km": 1.45 }, "geometry": { "type": "LineString", "coordinates": [ [ -64.4045, -23.4136 ], [ -64.4039, -23.4266 ] ] } },
{ "type": "Feature", "properties": { "nombre": "-2", "longitud_km": 0.06 }, "geometry": { "type": "LineString", "coordinates": [ [ -64.4039, -23.4266 ], [ -64.4039, -23.4272 ] ] } },
{ "type": "Feature", "properties": { "nombre": "-2", "longitud_km": 0.57 }, "geometry": { "type": "LineString", "coordinates": [ [ -64.4039, -23.4272 ], [ -64.4036, -23.4323 ] ] } },
{ "type": "Feature", "properties": { "nombre": "-2", "longitud_km": 0.56 }, "geometry": { "type": "LineString", "coordinates": [ [ -64.4193, -23.4284 ], [ -64.4139, -23.4291 ] ] } },
{ "type": "Feature", "properties": { "nombre": "-2", "longitud_km": 0.1 }, "geometry": { "type": "LineString", "coordinates": [ [ -64.4193, -23.4284 ], [ -64.4193, -23.4293 ] ] } },
{ "type": "Feature", "properties": { "nombre": "Camino sin nombre", "longitud_km": 0.39 }, "geometry": { "type": "LineString", "coordinates": [ [ -64.4053, -23.3969 ], [ -64.4052, -23.4004 ] ] } },
{ "type": "Feature", "properties": { "nombre": "Camino sin nombre", "longitud_km": 0.56 }, "geometry": { "type": "LineString", "coordinates": [ [ -64.4052, -23.4004 ], [ -64.4049, -23.4054 ] ] } },
{ "type": "Feature", "properties": { "nombre": "Camino sin nombre", "longitud_km": 1.28 }, "geometry": { "type": "LineString", "coordinates": [ [ -64.2351, -23.3979 ], [ -64.2259, -23.4057 ] ] } },
{ "type": "Feature", "properties": { "nombre": "-2", "longitud_km": 0.88 }, "geometry": { "type": "LineString", "coordinates": [ [ -64.2011, -23.4268 ], [ -64.1948, -23.4323 ] ] } },
{ "type": "Feature", "properties": { "nombre": "-2", "longitud_km": 0.9 }, "geometry": { "type": "LineString", "coordinates": [ [ -64.1948, -23.4323 ], [ -64.1886, -23.438 ] ] } },
{ "type": "Feature", "properties": { "nombre": "-2", "longitud_km": 0.07 }, "geometry": { "type": "LineString", "coordinates": [ [ -64.1341, -23.4292 ], [ -64.1348, -23.4293 ] ] } },
{ "type": "Feature", "properties": { "nombre": "-2", "longitud_km": 0.06 }, "geometry": { "type": "LineString", "coordinates": [ [ -64.1335, -23.4292 ], [ -64.1341, -23.4292 ] ] } },
{ "type": "Feature", "properties": { "nombre": "-2", "longitud_km": 0.64 }, "geometry": { "type": "LineString", "coordinates": [ [ -64.1274, -23.4307 ], [ -64.1335, -23.4292 ] ] } },
{ "type": "Feature", "properties": { "nombre": "-2", "longitud_km": 0.29 }, "geometry": { "type": "LineString", "coordinates": [ [ -64.1249, -23.4318 ], [ -64.1274, -23.4307 ] ] } },
{ "type": "Feature", "properties": { "nombre": "-2", "longitud_km": 0.54 }, "geometry": { "type": "LineString", "coordinates": [ [ -64.1199, -23.4333 ], [ -64.1249, -23.4318 ] ] } },
{ "type": "Feature", "properties": { "nombre": "-2", "longitud_km": 1.08 }, "geometry": { "type": "LineString", "coordinates": [ [ -64.1099, -23.4365 ], [ -64.1199, -23.4333 ] ] } },
{ "type": "Feature", "properties": { "nombre": "Camino sin nombre", "longitud_km": 1.36 }, "geometry": { "type": "LineString", "coordinates": [ [ -64.105, -23.411 ], [ -64.1074, -23.4231 ] ] } },
{ "type": "Feature", "properties": { "nombre": "Camino sin nombre", "longitud_km": 0.8 }, "geometry": { "type": "LineString", "coordinates": [ [ -64.1074, -23.4231 ], [ -64.1086, -23.4302 ] ] } },
{ "type": "Feature", "properties": { "nombre": "Camino sin nombre", "longitud_km": 0.96 }, "geometry": { "type": "LineString", "coordinates": [ [ -64.0967, -23.4151 ], [ -64.105, -23.411 ] ] } },
{ "type": "Feature", "properties": { "nombre": "Camino sin nombre", "longitud_km": 0.74 }, "geometry": { "type": "LineString", "coordinates": [ [ -64.0898, -23.4131 ], [ -64.0967, -23.4151 ] ] } },
{ "type": "Feature", "properties": { "nombre": "Camino sin nombre", "longitud_km": 0.96 }, "geometry": { "type": "LineString", "coordinates": [ [ -64.0858, -23.4053 ], [ -64.0898, -23.4131 ] ] } },
{ "type": "Feature", "properties": { "nombre": "Camino sin nombre", "longitud_km": 1.92 }, "geometry": { "type": "LineString", "coordinates": [ [ -64.058, -23.3859 ], [ -64.0612, -23.403 ] ] } },
{ "type": "Feature", "properties": { "nombre": "Camino sin nombre", "longitud_km": 0.16 }, "geometry": { "type": "LineString", "coordinates": [ [ -64.0669, -23.4311 ], [ -64.0672, -23.4325 ] ] } },
{ "type": "Feature", "properties": { "nombre": "Camino sin nombre", "longitud_km": 0.6 }, "geometry": { "type": "LineString", "coordinates": [ [ -64.0658, -23.4258 ], [ -64.0669, -23.4311 ] ] } },
{ "type": "Feature", "properties": { "nombre": "Camino sin nombre", "longitud_km": 0.91 }, "geometry": { "type": "LineString", "coordinates": [ [ -64.0642, -23.4177 ], [ -64.0658, -23.4258 ] ] } },
{ "type": "Feature", "properties": { "nombre": "Camino sin nombre", "longitud_km": 0.92 }, "geometry": { "type": "LineString", "coordinates": [ [ -64.0626, -23.4095 ], [ -64.0642, -23.4177 ] ] } },
{ "type": "Feature", "properties": { "nombre": "Camino sin nombre", "longitud_km": 0.73 }, "geometry": { "type": "LineString", "coordinates": [ [ -64.0612, -23.403 ], [ -64.0626, -23.4095 ] ] } },
{ "type": "Feature", "properties": { "nombre": "Camino sin nombre", "longitud_km": 0.71 }, "geometry": { "type": "LineString", "coordinates": [ [ -64.1086, -23.4302 ], [ -64.1097, -23.4366 ] ] } },
{ "type": "Feature", "properties": { "nombre": "Camino sin nombre", "longitud_km": 0.02 }, "geometry": { "type": "LineString", "coordinates": [ [ -64.1097, -23.4366 ], [ -64.1099, -23.4365 ] ] } },
{ "type": "Feature", "properties": { "nombre": "-2", "longitud_km": 2.48 }, "geometry": { "type": "LineString", "coordinates": [ [ -64.4036, -23.4323 ], [ -64.4026, -23.4547 ] ] } },
{ "type": "Feature", "properties": { "nombre": "-2", "longitud_km": 1.86 }, "geometry": { "type": "LineString", "coordinates": [ [ -64.4026, -23.4547 ], [ -64.4025, -23.4596 ], [ -64.41, -23.4587 ], [ -64.4102, -23.4538 ] ] } },
{ "type": "Feature", "properties": { "nombre": "-2", "longitud_km": 0.61 }, "geometry": { "type": "LineString", "coordinates": [ [ -64.4102, -23.4538 ], [ -64.4129, -23.4489 ] ] } },
{ "type": "Feature", "properties": { "nombre": "-2", "longitud_km": 0.91 }, "geometry": { "type": "LineString", "coordinates": [ [ -64.4306, -23.4465 ], [ -64.4393, -23.4452 ] ] } },
{ "type": "Feature", "properties": { "nombre": "Camino sin nombre", "longitud_km": 2.86 }, "geometry": { "type": "LineString", "coordinates": [ [ -64.0862, -23.4916 ], [ -64.1051, -23.5106 ] ] } },
{ "type": "Feature", "properties": { "nombre": "Camino sin nombre", "longitud_km": 0.67 }, "geometry": { "type": "LineString", "coordinates": [ [ -64.0818, -23.4872 ], [ -64.0862, -23.4916 ] ] } },
{ "type": "Feature", "properties": { "nombre": "Camino sin nombre", "longitud_km": 2.36 }, "geometry": { "type": "LineString", "coordinates": [ [ -64.0101, -23.4743 ], [ -64.0292, -23.4862 ] ] } },
{ "type": "Feature", "properties": { "nombre": "Camino sin nombre", "longitud_km": 1.91 }, "geometry": { "type": "LineString", "coordinates": [ [ -64.058, -23.4958 ], [ -64.07, -23.4941 ], [ -64.0717, -23.5 ] ] } },
{ "type": "Feature", "properties": { "nombre": "Camino sin nombre", "longitud_km": 1.24 }, "geometry": { "type": "LineString", "coordinates": [ [ -64.046, -23.4973 ], [ -64.058, -23.4958 ] ] } },
{ "type": "Feature", "properties": { "nombre": "Camino sin nombre", "longitud_km": 0.14 }, "geometry": { "type": "LineString", "coordinates": [ [ -64.0455, -23.4961 ], [ -64.046, -23.4973 ] ] } },
{ "type": "Feature", "properties": { "nombre": "Camino sin nombre", "longitud_km": 2.0 }, "geometry": { "type": "LineString", "coordinates": [ [ -64.0292, -23.4862 ], [ -64.0455, -23.4961 ] ] } },
{ "type": "Feature", "properties": { "nombre": "Camino sin nombre", "longitud_km": 1.24 }, "geometry": { "type": "LineString", "coordinates": [ [ -64.0, -23.468 ], [ -64.0101, -23.4743 ] ] } },
{ "type": "Feature", "properties": { "nombre": "Camino sin nombre", "longitud_km": 0.85 }, "geometry": { "type": "LineString", "coordinates": [ [ -64.0, -23.525 ], [ -64.0083, -23.5238 ] ] } },
{ "type": "Feature", "properties": { "nombre": "Camino sin nombre", "longitud_km": 1.74 }, "geometry": { "type": "LineString", "coordinates": [ [ -64.0515, -23.5179 ], [ -64.0683, -23.5156 ] ] } },
{ "type": "Feature", "properties": { "nombre": "Camino sin nombre", "longitud_km": 0.43 }, "geometry": { "type": "LineString", "coordinates": [ [ -64.0473, -23.5184 ], [ -64.0515, -23.5179 ] ] } },
{ "type": "Feature", "properties": { "nombre": "Camino sin nombre", "longitud_km": 0.77 }, "geometry": { "type": "LineString", "coordinates": [ [ -64.0683, -23.5156 ], [ -64.0758, -23.5146 ] ] } },
{ "type": "Feature", "properties": { "nombre": "Camino sin nombre", "longitud_km": 1.59 }, "geometry": { "type": "LineString", "coordinates": [ [ -64.0717, -23.5 ], [ -64.0755, -23.5139 ] ] } },
{ "type": "Feature", "properties": { "nombre": "Camino sin nombre", "longitud_km": 0.08 }, "geometry": { "type": "LineString", "coordinates": [ [ -64.0755, -23.5139 ], [ -64.0758, -23.5146 ] ] } },
{ "type": "Feature", "properties": { "nombre": "Camino sin nombre", "longitud_km": 0.91 }, "geometry": { "type": "LineString", "coordinates": [ [ -64.0758, -23.5146 ], [ -64.0846, -23.5135 ] ] } },
{ "type": "Feature", "properties": { "nombre": "Camino sin nombre", "longitud_km": 1.1 }, "geometry": { "type": "LineString", "coordinates": [ [ -64.0846, -23.5135 ], [ -64.0953, -23.5121 ] ] } },
{ "type": "Feature", "properties": { "nombre": "Camino sin nombre", "longitud_km": 1.02 }, "geometry": { "type": "LineString", "coordinates": [ [ -64.0953, -23.5121 ], [ -64.1051, -23.5108 ] ] } },
{ "type": "Feature", "properties": { "nombre": "Camino sin nombre", "longitud_km": 0.02 }, "geometry": { "type": "LineString", "coordinates": [ [ -64.1051, -23.5106 ], [ -64.1051, -23.5108 ] ] } },
{ "type": "Feature", "properties": { "nombre": "Camino sin nombre", "longitud_km": 0.66 }, "geometry": { "type": "LineString", "coordinates": [ [ -64.1051, -23.5108 ], [ -64.1095, -23.5152 ] ] } },
{ "type": "Feature", "properties": { "nombre": "Camino sin nombre", "longitud_km": 0.04 }, "geometry": { "type": "LineString", "coordinates": [ [ -64.1138, -23.5222 ], [ -64.1141, -23.5222 ] ] } },
{ "type": "Feature", "properties": { "nombre": "-2", "longitud_km": 0.34 }, "geometry": { "type": "LineString", "coordinates": [ [ -64.1194, -23.4984 ], [ -64.1168, -23.5003 ] ] } },
{ "type": "Feature", "properties": { "nombre": "Camino sin nombre", "longitud_km": 0.23 }, "geometry": { "type": "LineString", "coordinates": [ [ -64.1107, -23.5771 ], [ -64.1116, -23.579 ] ] } },
{ "type": "Feature", "properties": { "nombre": "-2", "longitud_km": 1.67 }, "geometry": { "type": "LineString", "coordinates": [ [ -64.1399, -23.5845 ], [ -64.1559, -23.5876 ] ] } },
{ "type": "Feature", "properties": { "nombre": "-2", "longitud_km": 0.56 }, "geometry": { "type": "LineString", "coordinates": [ [ -64.1559, -23.5926 ], [ -64.1559, -23.5876 ] ] } },
{ "type": "Feature", "properties": { "nombre": "-2", "longitud_km": 0.67 }, "geometry": { "type": "LineString", "coordinates": [ [ -64.1559, -23.5987 ], [ -64.1559, -23.5926 ] ] } },
{ "type": "Feature", "properties": { "nombre": "-2", "longitud_km": 0.95 }, "geometry": { "type": "LineString", "coordinates": [ [ -64.1559, -23.5987 ], [ -64.1558, -23.6073 ] ] } },
{ "type": "Feature", "properties": { "nombre": "-2", "longitud_km": 1.92 }, "geometry": { "type": "LineString", "coordinates": [ [ -64.1558, -23.6073 ], [ -64.1558, -23.6246 ] ] } },
{ "type": "Feature", "properties": { "nombre": "-2", "longitud_km": 0.52 }, "geometry": { "type": "LineString", "coordinates": [ [ -64.1558, -23.6246 ], [ -64.1558, -23.6293 ] ] } },
{ "type": "Feature", "properties": { "nombre": "-2", "longitud_km": 0.85 }, "geometry": { "type": "LineString", "coordinates": [ [ -64.1558, -23.659 ], [ -64.1559, -23.6667 ] ] } },
{ "type": "Feature", "properties": { "nombre": "-2", "longitud_km": 0.37 }, "geometry": { "type": "LineString", "coordinates": [ [ -64.1558, -23.6521 ], [ -64.1558, -23.6555 ] ] } },
{ "type": "Feature", "properties": { "nombre": "-2", "longitud_km": 0.39 }, "geometry": { "type": "LineString", "coordinates": [ [ -64.1558, -23.6555 ], [ -64.1558, -23.659 ] ] } },
{ "type": "Feature", "properties": { "nombre": "Camino sin nombre", "longitud_km": 0.06 }, "geometry": { "type": "LineString", "coordinates": [ [ -64.2197, -23.3339 ], [ -64.2197, -23.3344 ] ] } },
{ "type": "Feature", "properties": { "nombre": "-2", "longitud_km": 0.68 }, "geometry": { "type": "LineString", "coordinates": [ [ -64.3948, -23.5568 ], [ -64.3896, -23.553 ] ] } },
{ "type": "Feature", "properties": { "nombre": "-2", "longitud_km": 1.56 }, "geometry": { "type": "LineString", "coordinates": [ [ -65.126, -22.0983 ], [ -65.1285, -22.0845 ] ] } },
{ "type": "Feature", "properties": { "nombre": "-2", "longitud_km": 3.36 }, "geometry": { "type": "LineString", "coordinates": [ [ -65.1931, -22.0974 ], [ -65.1846, -22.0954 ], [ -65.1848, -22.1031 ], [ -65.1777, -22.1023 ], [ -65.1736, -22.1092 ] ] } },
{ "type": "Feature", "properties": { "nombre": "-2", "longitud_km": 2.83 }, "geometry": { "type": "LineString", "coordinates": [ [ -65.1673, -22.085 ], [ -65.1729, -22.0941 ], [ -65.1736, -22.1092 ] ] } },
{ "type": "Feature", "properties": { "nombre": "-2", "longitud_km": 0.52 }, "geometry": { "type": "LineString", "coordinates": [ [ -65.1385, -22.1241 ], [ -65.1353, -22.1276 ] ] } },
{ "type": "Feature", "properties": { "nombre": "-2", "longitud_km": 0.06 }, "geometry": { "type": "LineString", "coordinates": [ [ -65.1523, -22.1129 ], [ -65.1519, -22.1132 ] ] } },
{ "type": "Feature", "properties": { "nombre": "-2", "longitud_km": 0.21 }, "geometry": { "type": "LineString", "coordinates": [ [ -65.1519, -22.1132 ], [ -65.1498, -22.1135 ] ] } },
{ "type": "Feature", "properties": { "nombre": "-2", "longitud_km": 0.23 }, "geometry": { "type": "LineString", "coordinates": [ [ -65.1498, -22.1135 ], [ -65.1485, -22.1152 ] ] } },
{ "type": "Feature", "properties": { "nombre": "-2", "longitud_km": 1.12 }, "geometry": { "type": "LineString", "coordinates": [ [ -65.1583, -22.1044 ], [ -65.1523, -22.1129 ] ] } },
{ "type": "Feature", "properties": { "nombre": "-2", "longitud_km": 0.14 }, "geometry": { "type": "LineString", "coordinates": [ [ -65.1603, -22.1039 ], [ -65.159, -22.1042 ] ] } },
{ "type": "Feature", "properties": { "nombre": "-2", "longitud_km": 0.08 }, "geometry": { "type": "LineString", "coordinates": [ [ -65.159, -22.1042 ], [ -65.1583, -22.1044 ] ] } },
{ "type": "Feature", "properties": { "nombre": "-2", "longitud_km": 1.41 }, "geometry": { "type": "LineString", "coordinates": [ [ -65.1729, -22.1089 ], [ -65.1603, -22.1039 ] ] } },
{ "type": "Feature", "properties": { "nombre": "-2", "longitud_km": 0.08 }, "geometry": { "type": "LineString", "coordinates": [ [ -65.1736, -22.1092 ], [ -65.1729, -22.1089 ] ] } },
{ "type": "Feature", "properties": { "nombre": "-2", "longitud_km": 0.18 }, "geometry": { "type": "LineString", "coordinates": [ [ -65.134, -22.1303 ], [ -65.1323, -22.1302 ] ] } },
{ "type": "Feature", "properties": { "nombre": "-2", "longitud_km": 0.01 }, "geometry": { "type": "LineString", "coordinates": [ [ -65.1323, -22.1302 ], [ -65.1322, -22.1301 ] ] } },
{ "type": "Feature", "properties": { "nombre": "-2", "longitud_km": 0.13 }, "geometry": { "type": "LineString", "coordinates": [ [ -65.1322, -22.1301 ], [ -65.1314, -22.1291 ] ] } },
{ "type": "Feature", "properties": { "nombre": "-2", "longitud_km": 0.08 }, "geometry": { "type": "LineString", "coordinates": [ [ -65.1304, -22.1273 ], [ -65.1304, -22.1266 ] ] } },
{ "type": "Feature", "properties": { "nombre": "-2", "longitud_km": 0.4 }, "geometry": { "type": "LineString", "coordinates": [ [ -65.1299, -22.1183 ], [ -65.1281, -22.1151 ] ] } },
{ "type": "Feature", "properties": { "nombre": "-2", "longitud_km": 0.08 }, "geometry": { "type": "LineString", "coordinates": [ [ -65.1342, -22.1296 ], [ -65.134, -22.1303 ] ] } },
{ "type": "Feature", "properties": { "nombre": "-2", "longitud_km": 0.07 }, "geometry": { "type": "LineString", "coordinates": [ [ -65.1276, -22.1146 ], [ -65.1277, -22.114 ] ] } },
{ "type": "Feature", "properties": { "nombre": "-2", "longitud_km": 1.45 }, "geometry": { "type": "LineString", "coordinates": [ [ -65.2206, -22.2206 ], [ -65.2137, -22.2205 ], [ -65.2097, -22.2261 ] ] } },
{ "type": "Feature", "properties": { "nombre": "-2", "longitud_km": 0.29 }, "geometry": { "type": "LineString", "coordinates": [ [ -65.1254, -22.1113 ], [ -65.1274, -22.1132 ] ] } },
{ "type": "Feature", "properties": { "nombre": "Camino sin nombre", "longitud_km": 0.06 }, "geometry": { "type": "LineString", "coordinates": [ [ -65.0398, -22.0831 ], [ -65.0404, -22.0831 ] ] } },
{ "type": "Feature", "properties": { "nombre": "-2", "longitud_km": 7.46 }, "geometry": { "type": "LineString", "coordinates": [ [ -65.1162, -22.129 ], [ -65.1025, -22.1444 ], [ -65.0909, -22.1484 ], [ -65.0863, -22.1596 ], [ -65.0749, -22.1621 ], [ -65.0699, -22.1741 ] ] } },
{ "type": "Feature", "properties": { "nombre": "-2", "longitud_km": 0.11 }, "geometry": { "type": "LineString", "coordinates": [ [ -65.1068, -22.1208 ], [ -65.1061, -22.1201 ] ] } },
{ "type": "Feature", "properties": { "nombre": "-2", "longitud_km": 2.32 }, "geometry": { "type": "LineString", "coordinates": [ [ -65.1459, -22.2644 ], [ -65.1396, -22.2747 ], [ -65.1303, -22.2775 ] ] } },
{ "type": "Feature", "properties": { "nombre": "-2", "longitud_km": 0.84 }, "geometry": { "type": "LineString", "coordinates": [ [ -65.1745, -22.2564 ], [ -65.1675, -22.2602 ] ] } },
{ "type": "Feature", "properties": { "nombre": "-2", "longitud_km": 0.17 }, "geometry": { "type": "LineString", "coordinates": [ [ -65.1639, -22.2609 ], [ -65.1623, -22.2606 ] ] } },
{ "type": "Feature", "properties": { "nombre": "-2", "longitud_km": 0.5 }, "geometry": { "type": "LineString", "coordinates": [ [ -65.1615, -22.2604 ], [ -65.1567, -22.2598 ] ] } },
{ "type": "Feature", "properties": { "nombre": "-2", "longitud_km": 0.25 }, "geometry": { "type": "LineString", "coordinates": [ [ -65.1471, -22.2664 ], [ -65.1459, -22.2644 ] ] } },
{ "type": "Feature", "properties": { "nombre": "-2", "longitud_km": 0.13 }, "geometry": { "type": "LineString", "coordinates": [ [ -65.1312, -22.1276 ], [ -65.1309, -22.1287 ] ] } },
{ "type": "Feature", "properties": { "nombre": "-2", "longitud_km": 0.13 }, "geometry": { "type": "LineString", "coordinates": [ [ -65.1312, -22.1275 ], [ -65.1304, -22.1266 ] ] } },
{ "type": "Feature", "properties": { "nombre": "Camino sin nombre", "longitud_km": 0.1 }, "geometry": { "type": "LineString", "coordinates": [ [ -65.0231, -22.1016 ], [ -65.0224, -22.101 ] ] } },
{ "type": "Feature", "properties": { "nombre": "-2", "longitud_km": 3.54 }, "geometry": { "type": "LineString", "coordinates": [ [ -65.1061, -22.1201 ], [ -65.0888, -22.1109 ], [ -65.0745, -22.1129 ] ] } },
{ "type": "Feature", "properties": { "nombre": "Camino sin nombre", "longitud_km": 0.3 }, "geometry": { "type": "LineString", "coordinates": [ [ -65.0745, -22.1129 ], [ -65.0733, -22.1104 ] ] } },
{ "type": "Feature", "properties": { "nombre": "Camino sin nombre", "longitud_km": 0.3 }, "geometry": { "type": "LineString", "coordinates": [ [ -65.0745, -22.1129 ], [ -65.0733, -22.1104 ] ] } },
{ "type": "Feature", "properties": { "nombre": "-2", "longitud_km": 0.16 }, "geometry": { "type": "LineString", "coordinates": [ [ -65.1309, -22.1287 ], [ -65.1304, -22.1273 ] ] } },
{ "type": "Feature", "properties": { "nombre": "-2", "longitud_km": 0.18 }, "geometry": { "type": "LineString", "coordinates": [ [ -65.1322, -22.1301 ], [ -65.1306, -22.1296 ] ] } },
{ "type": "Feature", "properties": { "nombre": "-2", "longitud_km": 5.74 }, "geometry": { "type": "LineString", "coordinates": [ [ -65.1222, -22.1084 ], [ -65.1131, -22.1025 ], [ -65.1218, -22.0898 ], [ -65.1085, -22.0949 ], [ -65.1113, -22.0855 ], [ -65.1079, -22.0857 ] ] } },
{ "type": "Feature", "properties": { "nombre": "Camino sin nombre", "longitud_km": 0.11 }, "geometry": { "type": "LineString", "coordinates": [ [ -65.0207, -22.1133 ], [ -65.0217, -22.1137 ] ] } },
{ "type": "Feature", "properties": { "nombre": "Camino sin nombre", "longitud_km": 1.74 }, "geometry": { "type": "LineString", "coordinates": [ [ -65.0104, -22.2345 ], [ -65.009, -22.2375 ], [ -65.0, -22.2282 ] ] } },
{ "type": "Feature", "properties": { "nombre": "Camino sin nombre", "longitud_km": 0.33 }, "geometry": { "type": "LineString", "coordinates": [ [ -65.0217, -22.1137 ], [ -65.0204, -22.111 ] ] } },
{ "type": "Feature", "properties": { "nombre": "Camino sin nombre", "longitud_km": 0.03 }, "geometry": { "type": "LineString", "coordinates": [ [ -65.0204, -22.111 ], [ -65.0206, -22.1108 ] ] } },
{ "type": "Feature", "properties": { "nombre": "Camino sin nombre", "longitud_km": 0.05 }, "geometry": { "type": "LineString", "coordinates": [ [ -65.0218, -22.104 ], [ -65.0216, -22.1037 ] ] } },
{ "type": "Feature", "properties": { "nombre": "Camino sin nombre", "longitud_km": 0.27 }, "geometry": { "type": "LineString", "coordinates": [ [ -65.0216, -22.1037 ], [ -65.0231, -22.1016 ] ] } },
{ "type": "Feature", "properties": { "nombre": "Camino sin nombre", "longitud_km": 5.68 }, "geometry": { "type": "LineString", "coordinates": [ [ -65.0256, -22.1042 ], [ -65.0346, -22.0929 ], [ -65.0313, -22.0944 ], [ -65.0273, -22.0944 ], [ -65.0312, -22.0925 ], [ -65.0288, -22.0898 ], [ -65.0304, -22.0859 ], [ -65.0307, -22.0898 ], [ -65.0403, -22.088 ], [ -65.0395, -22.0831 ] ] } },
{ "type": "Feature", "properties": { "nombre": "Camino sin nombre", "longitud_km": 0.03 }, "geometry": { "type": "LineString", "coordinates": [ [ -65.0412, -22.0831 ], [ -65.0415, -22.0831 ] ] } },
{ "type": "Feature", "properties": { "nombre": "Camino sin nombre", "longitud_km": 0.02 }, "geometry": { "type": "LineString", "coordinates": [ [ -65.0406, -22.0831 ], [ -65.0408, -22.0831 ] ] } },
{ "type": "Feature", "properties": { "nombre": "Camino sin nombre", "longitud_km": 0.03 }, "geometry": { "type": "LineString", "coordinates": [ [ -65.0204, -22.111 ], [ -65.0206, -22.1108 ] ] } },
{ "type": "Feature", "properties": { "nombre": "Camino sin nombre", "longitud_km": 3.98 }, "geometry": { "type": "LineString", "coordinates": [ [ -65.0418, -22.0832 ], [ -65.0693, -22.0901 ], [ -65.0727, -22.0989 ] ] } },
{ "type": "Feature", "properties": { "nombre": "-2", "longitud_km": 0.92 }, "geometry": { "type": "LineString", "coordinates": [ [ -65.1304, -22.1266 ], [ -65.1299, -22.1183 ] ] } },
{ "type": "Feature", "properties": { "nombre": "-2", "longitud_km": 0.13 }, "geometry": { "type": "LineString", "coordinates": [ [ -65.1277, -22.114 ], [ -65.1281, -22.1151 ] ] } },
{ "type": "Feature", "properties": { "nombre": "-2", "longitud_km": 0.07 }, "geometry": { "type": "LineString", "coordinates": [ [ -65.1281, -22.1151 ], [ -65.1276, -22.1146 ] ] } },
{ "type": "Feature", "properties": { "nombre": "-2", "longitud_km": 0.1 }, "geometry": { "type": "LineString", "coordinates": [ [ -65.1274, -22.1132 ], [ -65.1277, -22.114 ] ] } },
{ "type": "Feature", "properties": { "nombre": "-2", "longitud_km": 0.14 }, "geometry": { "type": "LineString", "coordinates": [ [ -65.1314, -22.1291 ], [ -65.1315, -22.1279 ] ] } },
{ "type": "Feature", "properties": { "nombre": "Camino sin nombre", "longitud_km": 0.6 }, "geometry": { "type": "LineString", "coordinates": [ [ -64.0257, -24.4704 ], [ -64.0216, -24.4664 ] ] } },
{ "type": "Feature", "properties": { "nombre": "-2", "longitud_km": 0.05 }, "geometry": { "type": "LineString", "coordinates": [ [ -65.1315, -22.1279 ], [ -65.1312, -22.1275 ] ] } },
{ "type": "Feature", "properties": { "nombre": "-2", "longitud_km": 0.38 }, "geometry": { "type": "LineString", "coordinates": [ [ -65.1277, -22.114 ], [ -65.1254, -22.1113 ] ] } },
{ "type": "Feature", "properties": { "nombre": "-2", "longitud_km": 0.07 }, "geometry": { "type": "LineString", "coordinates": [ [ -65.1254, -22.1113 ], [ -65.1251, -22.1108 ] ] } },
{ "type": "Feature", "properties": { "nombre": "-2", "longitud_km": 0.2 }, "geometry": { "type": "LineString", "coordinates": [ [ -65.124, -22.1092 ], [ -65.1251, -22.1108 ] ] } },
{ "type": "Feature", "properties": { "nombre": "-2", "longitud_km": 0.07 }, "geometry": { "type": "LineString", "coordinates": [ [ -65.1251, -22.1108 ], [ -65.1254, -22.1113 ] ] } },
{ "type": "Feature", "properties": { "nombre": "-2", "longitud_km": 0.03 }, "geometry": { "type": "LineString", "coordinates": [ [ -65.1241, -22.1089 ], [ -65.124, -22.1092 ] ] } },
{ "type": "Feature", "properties": { "nombre": "-2", "longitud_km": 0.23 }, "geometry": { "type": "LineString", "coordinates": [ [ -65.1251, -22.1108 ], [ -65.1241, -22.1089 ] ] } },
{ "type": "Feature", "properties": { "nombre": "-2", "longitud_km": 0.03 }, "geometry": { "type": "LineString", "coordinates": [ [ -65.1241, -22.1089 ], [ -65.1238, -22.1089 ] ] } },
{ "type": "Feature", "properties": { "nombre": "-2", "longitud_km": 1.49 }, "geometry": { "type": "LineString", "coordinates": [ [ -65.1306, -22.1296 ], [ -65.1162, -22.129 ] ] } },
{ "type": "Feature", "properties": { "nombre": "-2", "longitud_km": 2.59 }, "geometry": { "type": "LineString", "coordinates": [ [ -65.1281, -22.1151 ], [ -65.1213, -22.1237 ], [ -65.1177, -22.1208 ], [ -65.1162, -22.129 ] ] } },
{ "type": "Feature", "properties": { "nombre": "Camino sin nombre", "longitud_km": 3.1 }, "geometry": { "type": "LineString", "coordinates": [ [ -65.0699, -22.1741 ], [ -65.054, -22.173 ], [ -65.0531, -22.18 ], [ -65.0584, -22.1763 ] ] } },
{ "type": "Feature", "properties": { "nombre": "Camino sin nombre", "longitud_km": 1.53 }, "geometry": { "type": "LineString", "coordinates": [ [ -65.0727, -22.0989 ], [ -65.0769, -22.103 ], [ -65.0733, -22.1104 ] ] } },
{ "type": "Feature", "properties": { "nombre": "-2", "longitud_km": 1.78 }, "geometry": { "type": "LineString", "coordinates": [ [ -65.1216, -22.1126 ], [ -65.1068, -22.1208 ] ] } },
{ "type": "Feature", "properties": { "nombre": "Camino sin nombre", "longitud_km": 0.53 }, "geometry": { "type": "LineString", "coordinates": [ [ -65.0087, -22.239 ], [ -65.0104, -22.2345 ] ] } },
{ "type": "Feature", "properties": { "nombre": "-2", "longitud_km": 0.91 }, "geometry": { "type": "LineString", "coordinates": [ [ -65.1485, -22.1152 ], [ -65.1453, -22.1152 ], [ -65.1467, -22.1203 ] ] } },
{ "type": "Feature", "properties": { "nombre": "-2", "longitud_km": 0.11 }, "geometry": { "type": "LineString", "coordinates": [ [ -65.1467, -22.1203 ], [ -65.1457, -22.1202 ] ] } },
{ "type": "Feature", "properties": { "nombre": "-2", "longitud_km": 0.41 }, "geometry": { "type": "LineString", "coordinates": [ [ -65.1457, -22.1202 ], [ -65.1417, -22.1205 ] ] } },
{ "type": "Feature", "properties": { "nombre": "-2", "longitud_km": 0.51 }, "geometry": { "type": "LineString", "coordinates": [ [ -65.1417, -22.1205 ], [ -65.1385, -22.1241 ] ] } },
{ "type": "Feature", "properties": { "nombre": "-2", "longitud_km": 5.07 }, "geometry": { "type": "LineString", "coordinates": [ [ -65.2097, -22.2261 ], [ -65.2084, -22.2317 ], [ -65.1745, -22.2564 ] ] } },
{ "type": "Feature", "properties": { "nombre": "-2", "longitud_km": 0.09 }, "geometry": { "type": "LineString", "coordinates": [ [ -65.1623, -22.2606 ], [ -65.1615, -22.2604 ] ] } },
{ "type": "Feature", "properties": { "nombre": "-2", "longitud_km": 2.55 }, "geometry": { "type": "LineString", "coordinates": [ [ -65.1303, -22.2775 ], [ -65.1295, -22.2735 ], [ -65.1264, -22.2719 ], [ -65.1224, -22.28 ], [ -65.1165, -22.276 ] ] } },
{ "type": "Feature", "properties": { "nombre": "-2", "longitud_km": 0.34 }, "geometry": { "type": "LineString", "coordinates": [ [ -65.124, -22.1092 ], [ -65.1222, -22.1118 ] ] } },
{ "type": "Feature", "properties": { "nombre": "-2", "longitud_km": 3.67 }, "geometry": { "type": "LineString", "coordinates": [ [ -65.1615, -22.2604 ], [ -65.1544, -22.2545 ], [ -65.1542, -22.249 ], [ -65.1535, -22.2482 ], [ -65.1459, -22.2644 ] ] } },
{ "type": "Feature", "properties": { "nombre": "-2", "longitud_km": 0.84 }, "geometry": { "type": "LineString", "coordinates": [ [ -65.1745, -22.2564 ], [ -65.1675, -22.2602 ] ] } },
{ "type": "Feature", "properties": { "nombre": "-2", "longitud_km": 0.54 }, "geometry": { "type": "LineString", "coordinates": [ [ -65.1675, -22.2602 ], [ -65.1623, -22.2606 ] ] } },
{ "type": "Feature", "properties": { "nombre": "-2", "longitud_km": 0.16 }, "geometry": { "type": "LineString", "coordinates": [ [ -65.2097, -22.2261 ], [ -65.2099, -22.2275 ] ] } },
{ "type": "Feature", "properties": { "nombre": "-2", "longitud_km": 0.66 }, "geometry": { "type": "LineString", "coordinates": [ [ -65.1238, -22.1089 ], [ -65.1257, -22.1032 ] ] } },
{ "type": "Feature", "properties": { "nombre": "-2", "longitud_km": 0.24 }, "geometry": { "type": "LineString", "coordinates": [ [ -65.1254, -22.1004 ], [ -65.126, -22.0983 ] ] } },
{ "type": "Feature", "properties": { "nombre": "-2", "longitud_km": 0.69 }, "geometry": { "type": "LineString", "coordinates": [ [ -65.1224, -22.1036 ], [ -65.126, -22.0983 ] ] } },
{ "type": "Feature", "properties": { "nombre": "-2", "longitud_km": 0.24 }, "geometry": { "type": "LineString", "coordinates": [ [ -65.1353, -22.1276 ], [ -65.1342, -22.1296 ] ] } },
{ "type": "Feature", "properties": { "nombre": "-2", "longitud_km": 3.22 }, "geometry": { "type": "LineString", "coordinates": [ [ -65.1162, -22.129 ], [ -65.0911, -22.1462 ] ] } },
{ "type": "Feature", "properties": { "nombre": "Camino sin nombre", "longitud_km": 0.11 }, "geometry": { "type": "LineString", "coordinates": [ [ -65.0206, -22.1041 ], [ -65.0216, -22.1037 ] ] } },
{ "type": "Feature", "properties": { "nombre": "-2", "longitud_km": 2.57 }, "geometry": { "type": "LineString", "coordinates": [ [ -65.2115, -22.2029 ], [ -65.2093, -22.226 ] ] } },
{ "type": "Feature", "properties": { "nombre": "-2", "longitud_km": 0.36 }, "geometry": { "type": "LineString", "coordinates": [ [ -65.1223, -22.1085 ], [ -65.1222, -22.1118 ] ] } },
{ "type": "Feature", "properties": { "nombre": "Camino sin nombre", "longitud_km": 0.21 }, "geometry": { "type": "LineString", "coordinates": [ [ -65.025, -22.1029 ], [ -65.0231, -22.1021 ] ] } },
{ "type": "Feature", "properties": { "nombre": "Camino sin nombre", "longitud_km": 1.82 }, "geometry": { "type": "LineString", "coordinates": [ [ -65.0, -22.2798 ], [ -65.0171, -22.2839 ] ] } },
{ "type": "Feature", "properties": { "nombre": "-2", "longitud_km": 0.17 }, "geometry": { "type": "LineString", "coordinates": [ [ -65.1238, -22.1089 ], [ -65.1222, -22.1084 ] ] } },
{ "type": "Feature", "properties": { "nombre": "Camino sin nombre", "longitud_km": 1.06 }, "geometry": { "type": "LineString", "coordinates": [ [ -65.0231, -22.1016 ], [ -65.0268, -22.0991 ], [ -65.0256, -22.1042 ] ] } },
{ "type": "Feature", "properties": { "nombre": "-2", "longitud_km": 0.1 }, "geometry": { "type": "LineString", "coordinates": [ [ -65.1222, -22.1118 ], [ -65.1216, -22.1126 ] ] } },
{ "type": "Feature", "properties": { "nombre": "Camino sin nombre", "longitud_km": 0.09 }, "geometry": { "type": "LineString", "coordinates": [ [ -65.0206, -22.1108 ], [ -65.0212, -22.1102 ] ] } },
{ "type": "Feature", "properties": { "nombre": "Camino sin nombre", "longitud_km": 0.5 }, "geometry": { "type": "LineString", "coordinates": [ [ -64.0539, -24.4975 ], [ -64.0505, -24.4943 ] ] } },
{ "type": "Feature", "properties": { "nombre": "Camino sin nombre", "longitud_km": 0.52 }, "geometry": { "type": "LineString", "coordinates": [ [ -64.0497, -24.5092 ], [ -64.0464, -24.5129 ] ] } },
{ "type": "Feature", "properties": { "nombre": "Camino sin nombre", "longitud_km": 0.24 }, "geometry": { "type": "LineString", "coordinates": [ [ -64.0555, -24.499 ], [ -64.0539, -24.4975 ] ] } },
{ "type": "Feature", "properties": { "nombre": "-2", "longitud_km": 1.09 }, "geometry": { "type": "LineString", "coordinates": [ [ -66.2592, -23.6525 ], [ -66.2505, -23.6582 ] ] } },
{ "type": "Feature", "properties": { "nombre": "-2", "longitud_km": 0.8 }, "geometry": { "type": "LineString", "coordinates": [ [ -66.0326, -23.7894 ], [ -66.0347, -23.7964 ] ] } },
{ "type": "Feature", "properties": { "nombre": "-2", "longitud_km": 1.11 }, "geometry": { "type": "LineString", "coordinates": [ [ -66.2348, -23.6221 ], [ -66.2365, -23.6163 ], [ -66.2325, -23.6144 ] ] } },
{ "type": "Feature", "properties": { "nombre": "-2", "longitud_km": 0.07 }, "geometry": { "type": "LineString", "coordinates": [ [ -66.1515, -23.4361 ], [ -66.1508, -23.4359 ] ] } },
{ "type": "Feature", "properties": { "nombre": "-2", "longitud_km": 0.06 }, "geometry": { "type": "LineString", "coordinates": [ [ -66.1515, -23.4361 ], [ -66.1517, -23.4356 ] ] } },
{ "type": "Feature", "properties": { "nombre": "-2", "longitud_km": 2.22 }, "geometry": { "type": "LineString", "coordinates": [ [ -66.1702, -23.4278 ], [ -66.1489, -23.4316 ] ] } },
{ "type": "Feature", "properties": { "nombre": "-2", "longitud_km": 1.13 }, "geometry": { "type": "LineString", "coordinates": [ [ -66.1489, -23.4316 ], [ -66.1417, -23.4394 ] ] } },
{ "type": "Feature", "properties": { "nombre": "-2", "longitud_km": 1.06 }, "geometry": { "type": "LineString", "coordinates": [ [ -66.1337, -23.4424 ], [ -66.1256, -23.4483 ] ] } },
{ "type": "Feature", "properties": { "nombre": "-2", "longitud_km": 5.32 }, "geometry": { "type": "LineString", "coordinates": [ [ -66.1256, -23.4483 ], [ -66.0848, -23.4781 ] ] } },
{ "type": "Feature", "properties": { "nombre": "-2", "longitud_km": 0.32 }, "geometry": { "type": "LineString", "coordinates": [ [ -66.0848, -23.4781 ], [ -66.0819, -23.4791 ] ] } },
{ "type": "Feature", "properties": { "nombre": "-2", "longitud_km": 0.78 }, "geometry": { "type": "LineString", "coordinates": [ [ -66.0575, -23.5035 ], [ -66.0518, -23.4988 ] ] } },
{ "type": "Feature", "properties": { "nombre": "-2", "longitud_km": 0.19 }, "geometry": { "type": "LineString", "coordinates": [ [ -66.0309, -23.7886 ], [ -66.0326, -23.7894 ] ] } },
{ "type": "Feature", "properties": { "nombre": "-2", "longitud_km": 1.52 }, "geometry": { "type": "LineString", "coordinates": [ [ -66.0819, -23.4791 ], [ -66.0688, -23.4856 ] ] } },
{ "type": "Feature", "properties": { "nombre": "-2", "longitud_km": 0.2 }, "geometry": { "type": "LineString", "coordinates": [ [ -66.0701, -23.487 ], [ -66.0688, -23.4856 ] ] } },
{ "type": "Feature", "properties": { "nombre": "-2", "longitud_km": 2.21 }, "geometry": { "type": "LineString", "coordinates": [ [ -66.0688, -23.4856 ], [ -66.0517, -23.4978 ] ] } },
{ "type": "Feature", "properties": { "nombre": "-2", "longitud_km": 1.49 }, "geometry": { "type": "LineString", "coordinates": [ [ -66.0517, -23.4978 ], [ -66.0396, -23.5053 ] ] } },
{ "type": "Feature", "properties": { "nombre": "-2", "longitud_km": 0.12 }, "geometry": { "type": "LineString", "coordinates": [ [ -66.0517, -23.4978 ], [ -66.0518, -23.4988 ] ] } },
{ "type": "Feature", "properties": { "nombre": "-2", "longitud_km": 0.8 }, "geometry": { "type": "LineString", "coordinates": [ [ -66.0312, -23.5078 ], [ -66.0236, -23.5095 ] ] } },
{ "type": "Feature", "properties": { "nombre": "-2", "longitud_km": 0.22 }, "geometry": { "type": "LineString", "coordinates": [ [ -66.2868, -23.6504 ], [ -66.2852, -23.6516 ] ] } },
{ "type": "Feature", "properties": { "nombre": "-2", "longitud_km": 0.85 }, "geometry": { "type": "LineString", "coordinates": [ [ -66.2505, -23.6582 ], [ -66.2426, -23.6556 ] ] } },
{ "type": "Feature", "properties": { "nombre": "-2", "longitud_km": 3.8 }, "geometry": { "type": "LineString", "coordinates": [ [ -66.1987, -23.5226 ], [ -66.2342, -23.5326 ] ] } },
{ "type": "Feature", "properties": { "nombre": "-2", "longitud_km": 1.69 }, "geometry": { "type": "LineString", "coordinates": [ [ -66.2054, -23.5393 ], [ -66.2193, -23.5311 ] ] } },
{ "type": "Feature", "properties": { "nombre": "Camino sin nombre", "longitud_km": 1.0 }, "geometry": { "type": "LineString", "coordinates": [ [ -64.5, -23.3829 ], [ -64.5093, -23.3802 ] ] } },
{ "type": "Feature", "properties": { "nombre": "Camino sin nombre", "longitud_km": 0.07 }, "geometry": { "type": "LineString", "coordinates": [ [ -64.5112, -23.3799 ], [ -64.5105, -23.3796 ] ] } },
{ "type": "Feature", "properties": { "nombre": "Camino sin nombre", "longitud_km": 0.09 }, "geometry": { "type": "LineString", "coordinates": [ [ -64.5099, -23.3796 ], [ -64.5093, -23.3802 ] ] } },
{ "type": "Feature", "properties": { "nombre": "Camino sin nombre", "longitud_km": 0.06 }, "geometry": { "type": "LineString", "coordinates": [ [ -64.5105, -23.3796 ], [ -64.5099, -23.3796 ] ] } },
{ "type": "Feature", "properties": { "nombre": "Camino sin nombre", "longitud_km": 0.06 }, "geometry": { "type": "LineString", "coordinates": [ [ -64.5099, -23.3796 ], [ -64.5105, -23.3796 ] ] } },
{ "type": "Feature", "properties": { "nombre": "Camino sin nombre", "longitud_km": 0.09 }, "geometry": { "type": "LineString", "coordinates": [ [ -64.5093, -23.3802 ], [ -64.5099, -23.3796 ] ] } },
{ "type": "Feature", "properties": { "nombre": "Camino sin nombre", "longitud_km": 1.22 }, "geometry": { "type": "LineString", "coordinates": [ [ -66.2616, -23.917 ], [ -66.2736, -23.9167 ] ] } },
{ "type": "Feature", "properties": { "nombre": "Camino sin nombre", "longitud_km": 0.05 }, "geometry": { "type": "LineString", "coordinates": [ [ -64.0631, -24.5065 ], [ -64.0627, -24.5068 ] ] } },
{ "type": "Feature", "properties": { "nombre": "Camino sin nombre", "longitud_km": 2.32 }, "geometry": { "type": "LineString", "coordinates": [ [ -66.2403, -23.9245 ], [ -66.2616, -23.917 ] ] } },
{ "type": "Feature", "properties": { "nombre": "-2", "longitud_km": 2.52 }, "geometry": { "type": "LineString", "coordinates": [ [ -66.2971, -23.6835 ], [ -66.2724, -23.6826 ] ] } },
{ "type": "Feature", "properties": { "nombre": "-2", "longitud_km": 0.79 }, "geometry": { "type": "LineString", "coordinates": [ [ -66.3064, -23.6834 ], [ -66.3141, -23.6831 ] ] } },
{ "type": "Feature", "properties": { "nombre": "Camino sin nombre", "longitud_km": 2.18 }, "geometry": { "type": "LineString", "coordinates": [ [ -64.0072, -24.6667 ], [ -64.0069, -24.647 ] ] } },
{ "type": "Feature", "properties": { "nombre": "-2", "longitud_km": 20.69 }, "geometry": { "type": "LineString", "coordinates": [ [ -64.5, -23.4461 ], [ -64.508, -23.4403 ], [ -64.5244, -23.4456 ], [ -64.5368, -23.4418 ], [ -64.5463, -23.4463 ], [ -64.5457, -23.4506 ], [ -64.5617, -23.4551 ], [ -64.6088, -23.4394 ], [ -64.627, -23.4469 ], [ -64.6375, -23.4592 ], [ -64.6562, -23.4552 ], [ -64.6657, -23.4353 ] ] } },
{ "type": "Feature", "properties": { "nombre": "-2", "longitud_km": 3.6 }, "geometry": { "type": "LineString", "coordinates": [ [ -66.2894, -23.9941 ], [ -66.3241, -24.0 ] ] } },
{ "type": "Feature", "properties": { "nombre": "-2", "longitud_km": 1.27 }, "geometry": { "type": "LineString", "coordinates": [ [ -66.2733, -23.9981 ], [ -66.285, -23.9943 ] ] } },
{ "type": "Feature", "properties": { "nombre": "Camino sin nombre", "longitud_km": 0.41 }, "geometry": { "type": "LineString", "coordinates": [ [ -66.2699, -24.0 ], [ -66.2733, -23.9981 ] ] } },
{ "type": "Feature", "properties": { "nombre": "-2", "longitud_km": 0.15 }, "geometry": { "type": "LineString", "coordinates": [ [ -66.285, -23.9943 ], [ -66.2856, -23.9955 ] ] } },
{ "type": "Feature", "properties": { "nombre": "-2", "longitud_km": 0.41 }, "geometry": { "type": "LineString", "coordinates": [ [ -66.2856, -23.9955 ], [ -66.2894, -23.9941 ] ] } },
{ "type": "Feature", "properties": { "nombre": "Camino sin nombre", "longitud_km": 2.22 }, "geometry": { "type": "LineString", "coordinates": [ [ -66.1182, -23.8435 ], [ -66.1297, -23.8605 ] ] } },
{ "type": "Feature", "properties": { "nombre": "Camino sin nombre", "longitud_km": 2.9 }, "geometry": { "type": "LineString", "coordinates": [ [ -66.1297, -23.8605 ], [ -66.1429, -23.8837 ] ] } },
{ "type": "Feature", "properties": { "nombre": "Camino sin nombre", "longitud_km": 1.35 }, "geometry": { "type": "LineString", "coordinates": [ [ -66.1058, -23.8303 ], [ -66.1142, -23.8396 ] ] } },
{ "type": "Feature", "properties": { "nombre": "Camino sin nombre", "longitud_km": 0.59 }, "geometry": { "type": "LineString", "coordinates": [ [ -66.1142, -23.8396 ], [ -66.1182, -23.8435 ] ] } },
{ "type": "Feature", "properties": { "nombre": "Camino sin nombre", "longitud_km": 1.63 }, "geometry": { "type": "LineString", "coordinates": [ [ -66.0901, -23.8276 ], [ -66.1058, -23.8303 ] ] } },
{ "type": "Feature", "properties": { "nombre": "Camino sin nombre", "longitud_km": 0.15 }, "geometry": { "type": "LineString", "coordinates": [ [ -64.6812, -23.1188 ], [ -64.6798, -23.119 ] ] } },
{ "type": "Feature", "properties": { "nombre": "Camino sin nombre", "longitud_km": 2.41 }, "geometry": { "type": "LineString", "coordinates": [ [ -66.23, -23.8967 ], [ -66.215, -23.88 ] ] } },
{ "type": "Feature", "properties": { "nombre": "-2", "longitud_km": 0.95 }, "geometry": { "type": "LineString", "coordinates": [ [ -66.3064, -23.6834 ], [ -66.2971, -23.6835 ] ] } },
{ "type": "Feature", "properties": { "nombre": "-2", "longitud_km": 3.79 }, "geometry": { "type": "LineString", "coordinates": [ [ -66.3143, -23.8314 ], [ -66.282, -23.8144 ] ] } },
{ "type": "Feature", "properties": { "nombre": "-2", "longitud_km": 1.99 }, "geometry": { "type": "LineString", "coordinates": [ [ -66.282, -23.8144 ], [ -66.2627, -23.8174 ] ] } },
{ "type": "Feature", "properties": { "nombre": "-2", "longitud_km": 0.11 }, "geometry": { "type": "LineString", "coordinates": [ [ -66.3135, -23.8321 ], [ -66.3143, -23.8314 ] ] } },
{ "type": "Feature", "properties": { "nombre": "-2", "longitud_km": 0.29 }, "geometry": { "type": "LineString", "coordinates": [ [ -66.312, -23.8344 ], [ -66.3135, -23.8321 ] ] } },
{ "type": "Feature", "properties": { "nombre": "-2", "longitud_km": 3.91 }, "geometry": { "type": "LineString", "coordinates": [ [ -66.312, -23.8344 ], [ -66.334, -23.8633 ] ] } },
{ "type": "Feature", "properties": { "nombre": "-2", "longitud_km": 3.73 }, "geometry": { "type": "LineString", "coordinates": [ [ -66.3269, -23.8651 ], [ -66.3144, -23.857 ], [ -66.2937, -23.8526 ] ] } },
{ "type": "Feature", "properties": { "nombre": "-2", "longitud_km": 1.52 }, "geometry": { "type": "LineString", "coordinates": [ [ -66.2946, -23.9121 ], [ -66.2798, -23.9139 ] ] } },
{ "type": "Feature", "properties": { "nombre": "-2", "longitud_km": 0.24 }, "geometry": { "type": "LineString", "coordinates": [ [ -66.3087, -23.9092 ], [ -66.311, -23.9097 ] ] } },
{ "type": "Feature", "properties": { "nombre": "-2", "longitud_km": 0.57 }, "geometry": { "type": "LineString", "coordinates": [ [ -66.3087, -23.9092 ], [ -66.3032, -23.91 ] ] } },
{ "type": "Feature", "properties": { "nombre": "-2", "longitud_km": 0.7 }, "geometry": { "type": "LineString", "coordinates": [ [ -66.2736, -23.9167 ], [ -66.2798, -23.9139 ] ] } },
{ "type": "Feature", "properties": { "nombre": "Camino sin nombre", "longitud_km": 0.16 }, "geometry": { "type": "LineString", "coordinates": [ [ -66.1966, -23.8437 ], [ -66.1981, -23.8433 ] ] } },
{ "type": "Feature", "properties": { "nombre": "Camino sin nombre", "longitud_km": 3.51 }, "geometry": { "type": "LineString", "coordinates": [ [ -66.2352, -23.7648 ], [ -66.2188, -23.7527 ], [ -66.2151, -23.7408 ] ] } },
{ "type": "Feature", "properties": { "nombre": "Camino sin nombre", "longitud_km": 2.67 }, "geometry": { "type": "LineString", "coordinates": [ [ -66.2606, -23.8208 ], [ -66.2345, -23.818 ] ] } },
{ "type": "Feature", "properties": { "nombre": "Camino sin nombre", "longitud_km": 0.93 }, "geometry": { "type": "LineString", "coordinates": [ [ -66.2705, -23.7809 ], [ -66.2635, -23.7755 ] ] } },
{ "type": "Feature", "properties": { "nombre": "Camino sin nombre", "longitud_km": 0.21 }, "geometry": { "type": "LineString", "coordinates": [ [ -66.2319, -23.8155 ], [ -66.2316, -23.8175 ] ] } },
{ "type": "Feature", "properties": { "nombre": "Camino sin nombre", "longitud_km": 2.45 }, "geometry": { "type": "LineString", "coordinates": [ [ -66.2635, -23.7755 ], [ -66.2423, -23.7651 ] ] } },
{ "type": "Feature", "properties": { "nombre": "Camino sin nombre", "longitud_km": 0.25 }, "geometry": { "type": "LineString", "coordinates": [ [ -66.2394, -23.7651 ], [ -66.2375, -23.7665 ] ] } },
{ "type": "Feature", "properties": { "nombre": "-2", "longitud_km": 1.08 }, "geometry": { "type": "LineString", "coordinates": [ [ -66.2705, -23.7809 ], [ -66.2786, -23.7872 ] ] } },
{ "type": "Feature", "properties": { "nombre": "-2", "longitud_km": 0.68 }, "geometry": { "type": "LineString", "coordinates": [ [ -66.2592, -23.7007 ], [ -66.2573, -23.7066 ] ] } },
{ "type": "Feature", "properties": { "nombre": "Camino sin nombre", "longitud_km": 0.86 }, "geometry": { "type": "LineString", "coordinates": [ [ -66.2368, -23.7676 ], [ -66.2391, -23.7751 ] ] } },
{ "type": "Feature", "properties": { "nombre": "-2", "longitud_km": 0.9 }, "geometry": { "type": "LineString", "coordinates": [ [ -66.3032, -23.91 ], [ -66.2946, -23.9121 ] ] } },
{ "type": "Feature", "properties": { "nombre": "Camino sin nombre", "longitud_km": 3.39 }, "geometry": { "type": "LineString", "coordinates": [ [ -66.2391, -23.7751 ], [ -66.242, -23.7802 ], [ -66.2314, -23.8031 ] ] } },
{ "type": "Feature", "properties": { "nombre": "Camino sin nombre", "longitud_km": 1.38 }, "geometry": { "type": "LineString", "coordinates": [ [ -66.2314, -23.8031 ], [ -66.2319, -23.8155 ] ] } },
{ "type": "Feature", "properties": { "nombre": "Camino sin nombre", "longitud_km": 0.18 }, "geometry": { "type": "LineString", "coordinates": [ [ -66.2375, -23.7665 ], [ -66.2383, -23.7651 ] ] } },
{ "type": "Feature", "properties": { "nombre": "Camino sin nombre", "longitud_km": 1.02 }, "geometry": { "type": "LineString", "coordinates": [ [ -66.2383, -23.7651 ], [ -66.2433, -23.7571 ] ] } },
{ "type": "Feature", "properties": { "nombre": "-2", "longitud_km": 3.31 }, "geometry": { "type": "LineString", "coordinates": [ [ -66.2433, -23.7571 ], [ -66.2517, -23.7282 ] ] } },
{ "type": "Feature", "properties": { "nombre": "-2", "longitud_km": 2.46 }, "geometry": { "type": "LineString", "coordinates": [ [ -66.2573, -23.7066 ], [ -66.2517, -23.7282 ] ] } },
{ "type": "Feature", "properties": { "nombre": "Camino sin nombre", "longitud_km": 3.61 }, "geometry": { "type": "LineString", "coordinates": [ [ -66.2144, -23.8473 ], [ -66.215, -23.88 ] ] } },
{ "type": "Feature", "properties": { "nombre": "Camino sin nombre", "longitud_km": 0.45 }, "geometry": { "type": "LineString", "coordinates": [ [ -66.215, -23.88 ], [ -66.2113, -23.8822 ] ] } },
{ "type": "Feature", "properties": { "nombre": "Camino sin nombre", "longitud_km": 0.31 }, "geometry": { "type": "LineString", "coordinates": [ [ -66.2345, -23.818 ], [ -66.2316, -23.8175 ] ] } },
{ "type": "Feature", "properties": { "nombre": "Camino sin nombre", "longitud_km": 0.29 }, "geometry": { "type": "LineString", "coordinates": [ [ -66.2423, -23.7651 ], [ -66.2394, -23.7651 ] ] } },
{ "type": "Feature", "properties": { "nombre": "Camino sin nombre", "longitud_km": 0.14 }, "geometry": { "type": "LineString", "coordinates": [ [ -66.2375, -23.7665 ], [ -66.2368, -23.7676 ] ] } },
{ "type": "Feature", "properties": { "nombre": "Camino sin nombre", "longitud_km": 0.35 }, "geometry": { "type": "LineString", "coordinates": [ [ -66.2368, -23.7676 ], [ -66.2352, -23.7648 ] ] } },
{ "type": "Feature", "properties": { "nombre": "Camino sin nombre", "longitud_km": 1.38 }, "geometry": { "type": "LineString", "coordinates": [ [ -66.2086, -23.8298 ], [ -66.2132, -23.8323 ], [ -66.2123, -23.8398 ] ] } },
{ "type": "Feature", "properties": { "nombre": "Camino sin nombre", "longitud_km": 0.89 }, "geometry": { "type": "LineString", "coordinates": [ [ -66.2153, -23.8394 ], [ -66.2144, -23.8473 ] ] } },
{ "type": "Feature", "properties": { "nombre": "-2", "longitud_km": 0.28 }, "geometry": { "type": "LineString", "coordinates": [ [ -66.2758, -23.9536 ], [ -66.2732, -23.9547 ] ] } },
{ "type": "Feature", "properties": { "nombre": "Camino sin nombre", "longitud_km": 0.11 }, "geometry": { "type": "LineString", "coordinates": [ [ -64.6746, -23.1187 ], [ -64.6749, -23.1197 ] ] } },
{ "type": "Feature", "properties": { "nombre": "Camino sin nombre", "longitud_km": 2.13 }, "geometry": { "type": "LineString", "coordinates": [ [ -66.2732, -23.9547 ], [ -66.2542, -23.9627 ] ] } },
{ "type": "Feature", "properties": { "nombre": "Camino sin nombre", "longitud_km": 0.05 }, "geometry": { "type": "LineString", "coordinates": [ [ -66.2542, -23.9627 ], [ -66.2539, -23.9632 ] ] } },
{ "type": "Feature", "properties": { "nombre": "-2", "longitud_km": 0.36 }, "geometry": { "type": "LineString", "coordinates": [ [ -66.2758, -23.9536 ], [ -66.2781, -23.9512 ] ] } },
{ "type": "Feature", "properties": { "nombre": "Camino sin nombre", "longitud_km": 1.1 }, "geometry": { "type": "LineString", "coordinates": [ [ -66.1862, -23.8464 ], [ -66.1966, -23.8437 ] ] } },
{ "type": "Feature", "properties": { "nombre": "Camino sin nombre", "longitud_km": 0.05 }, "geometry": { "type": "LineString", "coordinates": [ [ -66.2156, -23.839 ], [ -66.2153, -23.8394 ] ] } },
{ "type": "Feature", "properties": { "nombre": "Camino sin nombre", "longitud_km": 0.65 }, "geometry": { "type": "LineString", "coordinates": [ [ -66.2062, -23.8414 ], [ -66.2123, -23.8398 ] ] } },
{ "type": "Feature", "properties": { "nombre": "Camino sin nombre", "longitud_km": 0.85 }, "geometry": { "type": "LineString", "coordinates": [ [ -66.1981, -23.8433 ], [ -66.2062, -23.8414 ] ] } },
{ "type": "Feature", "properties": { "nombre": "Camino sin nombre", "longitud_km": 2.56 }, "geometry": { "type": "LineString", "coordinates": [ [ -66.1644, -23.8756 ], [ -66.1494, -23.8799 ], [ -66.1487, -23.8885 ] ] } },
{ "type": "Feature", "properties": { "nombre": "Camino sin nombre", "longitud_km": 1.58 }, "geometry": { "type": "LineString", "coordinates": [ [ -66.1644, -23.8756 ], [ -66.1749, -23.8652 ] ] } },
{ "type": "Feature", "properties": { "nombre": "Camino sin nombre", "longitud_km": 1.92 }, "geometry": { "type": "LineString", "coordinates": [ [ -66.1749, -23.8652 ], [ -66.1788, -23.8482 ] ] } },
{ "type": "Feature", "properties": { "nombre": "Camino sin nombre", "longitud_km": 0.78 }, "geometry": { "type": "LineString", "coordinates": [ [ -66.1862, -23.8464 ], [ -66.1788, -23.8482 ] ] } },
{ "type": "Feature", "properties": { "nombre": "Camino sin nombre", "longitud_km": 0.35 }, "geometry": { "type": "LineString", "coordinates": [ [ -66.2123, -23.8398 ], [ -66.2156, -23.839 ] ] } },
{ "type": "Feature", "properties": { "nombre": "-2", "longitud_km": 0.95 }, "geometry": { "type": "LineString", "coordinates": [ [ -66.0347, -23.7964 ], [ -66.0427, -23.801 ] ] } },
{ "type": "Feature", "properties": { "nombre": "-2", "longitud_km": 1.16 }, "geometry": { "type": "LineString", "coordinates": [ [ -66.0347, -23.7964 ], [ -66.0246, -23.7917 ] ] } },
{ "type": "Feature", "properties": { "nombre": "Camino sin nombre", "longitud_km": 0.56 }, "geometry": { "type": "LineString", "coordinates": [ [ -66.2502, -23.844 ], [ -66.2557, -23.8445 ] ] } },
{ "type": "Feature", "properties": { "nombre": "-2", "longitud_km": 3.1 }, "geometry": { "type": "LineString", "coordinates": [ [ -66.286, -23.8474 ], [ -66.2558, -23.8446 ] ] } },
{ "type": "Feature", "properties": { "nombre": "-2", "longitud_km": 7.61 }, "geometry": { "type": "LineString", "coordinates": [ [ -66.0289, -23.9919 ], [ -66.0202, -23.9648 ], [ -66.003, -23.9483 ], [ -66.0032, -23.9391 ], [ -65.9961, -23.9338 ] ] } },
{ "type": "Feature", "properties": { "nombre": "-2", "longitud_km": 0.44 }, "geometry": { "type": "LineString", "coordinates": [ [ -66.0357, -23.9965 ], [ -66.0377, -24.0 ] ] } },
{ "type": "Feature", "properties": { "nombre": "-2", "longitud_km": 0.86 }, "geometry": { "type": "LineString", "coordinates": [ [ -66.0289, -23.9919 ], [ -66.0357, -23.9965 ] ] } },
{ "type": "Feature", "properties": { "nombre": "Camino sin nombre", "longitud_km": 0.12 }, "geometry": { "type": "LineString", "coordinates": [ [ -64.6791, -23.1181 ], [ -64.6779, -23.1182 ] ] } },
{ "type": "Feature", "properties": { "nombre": "Camino sin nombre", "longitud_km": 0.12 }, "geometry": { "type": "LineString", "coordinates": [ [ -64.6746, -23.1187 ], [ -64.6735, -23.1189 ] ] } },
{ "type": "Feature", "properties": { "nombre": "-2", "longitud_km": 0.97 }, "geometry": { "type": "LineString", "coordinates": [ [ -66.2937, -23.8526 ], [ -66.286, -23.8474 ] ] } },
{ "type": "Feature", "properties": { "nombre": "-2", "longitud_km": 0.25 }, "geometry": { "type": "LineString", "coordinates": [ [ -64.8758, -23.1083 ], [ -64.8743, -23.1066 ] ] } },
{ "type": "Feature", "properties": { "nombre": "Camino sin nombre", "longitud_km": 0.15 }, "geometry": { "type": "LineString", "coordinates": [ [ -64.6845, -23.1854 ], [ -64.683, -23.1855 ] ] } },
{ "type": "Feature", "properties": { "nombre": "Camino sin nombre", "longitud_km": 0.03 }, "geometry": { "type": "LineString", "coordinates": [ [ -64.683, -23.1855 ], [ -64.6829, -23.1853 ] ] } },
{ "type": "Feature", "properties": { "nombre": "Camino sin nombre", "longitud_km": 0.16 }, "geometry": { "type": "LineString", "coordinates": [ [ -64.6872, -23.1847 ], [ -64.6872, -23.1861 ] ] } },
{ "type": "Feature", "properties": { "nombre": "Camino sin nombre", "longitud_km": 0.1 }, "geometry": { "type": "LineString", "coordinates": [ [ -64.6872, -23.1847 ], [ -64.6865, -23.1852 ] ] } },
{ "type": "Feature", "properties": { "nombre": "Camino sin nombre", "longitud_km": 0.98 }, "geometry": { "type": "LineString", "coordinates": [ [ -64.675, -23.1137 ], [ -64.6661, -23.1104 ] ] } },
{ "type": "Feature", "properties": { "nombre": "-2", "longitud_km": 2.35 }, "geometry": { "type": "LineString", "coordinates": [ [ -64.8743, -23.1066 ], [ -64.8677, -23.0862 ] ] } },
{ "type": "Feature", "properties": { "nombre": "-2", "longitud_km": 0.37 }, "geometry": { "type": "LineString", "coordinates": [ [ -64.8677, -23.0862 ], [ -64.871, -23.0851 ] ] } },
{ "type": "Feature", "properties": { "nombre": "-2", "longitud_km": 0.76 }, "geometry": { "type": "LineString", "coordinates": [ [ -64.8677, -23.0862 ], [ -64.8636, -23.0805 ] ] } },
{ "type": "Feature", "properties": { "nombre": "Camino sin nombre", "longitud_km": 0.11 }, "geometry": { "type": "LineString", "coordinates": [ [ -64.6758, -23.1185 ], [ -64.676, -23.1196 ] ] } },
{ "type": "Feature", "properties": { "nombre": "Camino sin nombre", "longitud_km": 0.12 }, "geometry": { "type": "LineString", "coordinates": [ [ -64.6758, -23.1185 ], [ -64.6746, -23.1187 ] ] } },
{ "type": "Feature", "properties": { "nombre": "Camino sin nombre", "longitud_km": 0.11 }, "geometry": { "type": "LineString", "coordinates": [ [ -64.6769, -23.1184 ], [ -64.6771, -23.1194 ] ] } },
{ "type": "Feature", "properties": { "nombre": "Camino sin nombre", "longitud_km": 0.11 }, "geometry": { "type": "LineString", "coordinates": [ [ -64.6769, -23.1184 ], [ -64.6758, -23.1185 ] ] } },
{ "type": "Feature", "properties": { "nombre": "Camino sin nombre", "longitud_km": 0.11 }, "geometry": { "type": "LineString", "coordinates": [ [ -64.6779, -23.1182 ], [ -64.6781, -23.1193 ] ] } },
{ "type": "Feature", "properties": { "nombre": "Camino sin nombre", "longitud_km": 1.34 }, "geometry": { "type": "LineString", "coordinates": [ [ -64.688, -23.1148 ], [ -64.675, -23.1137 ] ] } },
{ "type": "Feature", "properties": { "nombre": "Camino sin nombre", "longitud_km": 0.1 }, "geometry": { "type": "LineString", "coordinates": [ [ -64.6829, -23.1853 ], [ -64.6836, -23.1847 ] ] } },
{ "type": "Feature", "properties": { "nombre": "Camino sin nombre", "longitud_km": 0.1 }, "geometry": { "type": "LineString", "coordinates": [ [ -64.6852, -23.1837 ], [ -64.6844, -23.1843 ] ] } },
{ "type": "Feature", "properties": { "nombre": "Camino sin nombre", "longitud_km": 0.09 }, "geometry": { "type": "LineString", "coordinates": [ [ -64.6842, -23.1841 ], [ -64.6837, -23.1835 ] ] } },
{ "type": "Feature", "properties": { "nombre": "Camino sin nombre", "longitud_km": 0.04 }, "geometry": { "type": "LineString", "coordinates": [ [ -64.6837, -23.1835 ], [ -64.6835, -23.1831 ] ] } },
{ "type": "Feature", "properties": { "nombre": "-2", "longitud_km": 2.9 }, "geometry": { "type": "LineString", "coordinates": [ [ -64.871, -23.0851 ], [ -64.8965, -23.0737 ] ] } },
{ "type": "Feature", "properties": { "nombre": "Camino sin nombre", "longitud_km": 2.2 }, "geometry": { "type": "LineString", "coordinates": [ [ -64.7091, -23.1112 ], [ -64.688, -23.1148 ] ] } },
{ "type": "Feature", "properties": { "nombre": "Camino sin nombre", "longitud_km": 8.03 }, "geometry": { "type": "LineString", "coordinates": [ [ -64.7796, -23.1028 ], [ -64.7637, -23.0981 ], [ -64.7439, -23.0997 ], [ -64.7327, -23.0941 ], [ -64.7098, -23.1105 ] ] } },
{ "type": "Feature", "properties": { "nombre": "Camino sin nombre", "longitud_km": 0.11 }, "geometry": { "type": "LineString", "coordinates": [ [ -64.6779, -23.1182 ], [ -64.6769, -23.1184 ] ] } },
{ "type": "Feature", "properties": { "nombre": "Camino sin nombre", "longitud_km": 0.11 }, "geometry": { "type": "LineString", "coordinates": [ [ -64.6791, -23.1181 ], [ -64.6793, -23.1191 ] ] } },
{ "type": "Feature", "properties": { "nombre": "Camino sin nombre", "longitud_km": 0.11 }, "geometry": { "type": "LineString", "coordinates": [ [ -64.6828, -23.1839 ], [ -64.6835, -23.1831 ] ] } },
{ "type": "Feature", "properties": { "nombre": "-2", "longitud_km": 3.12 }, "geometry": { "type": "LineString", "coordinates": [ [ -64.8636, -23.0805 ], [ -64.8495, -23.0708 ], [ -64.8368, -23.0727 ] ] } },
{ "type": "Feature", "properties": { "nombre": "Camino sin nombre", "longitud_km": 0.11 }, "geometry": { "type": "LineString", "coordinates": [ [ -64.681, -23.1178 ], [ -64.6812, -23.1188 ] ] } },
{ "type": "Feature", "properties": { "nombre": "Camino sin nombre", "longitud_km": 0.2 }, "geometry": { "type": "LineString", "coordinates": [ [ -64.681, -23.1178 ], [ -64.6791, -23.1181 ] ] } },
{ "type": "Feature", "properties": { "nombre": "Camino sin nombre", "longitud_km": 0.17 }, "geometry": { "type": "LineString", "coordinates": [ [ -64.6852, -23.1862 ], [ -64.6839, -23.1872 ] ] } },
{ "type": "Feature", "properties": { "nombre": "Camino sin nombre", "longitud_km": 0.12 }, "geometry": { "type": "LineString", "coordinates": [ [ -64.6872, -23.1861 ], [ -64.6862, -23.1868 ] ] } },
{ "type": "Feature", "properties": { "nombre": "Camino sin nombre", "longitud_km": 0.12 }, "geometry": { "type": "LineString", "coordinates": [ [ -64.6856, -23.1859 ], [ -64.6862, -23.1868 ] ] } },
{ "type": "Feature", "properties": { "nombre": "Camino sin nombre", "longitud_km": 0.06 }, "geometry": { "type": "LineString", "coordinates": [ [ -64.6856, -23.1859 ], [ -64.6852, -23.1862 ] ] } },
{ "type": "Feature", "properties": { "nombre": "Camino sin nombre", "longitud_km": 0.21 }, "geometry": { "type": "LineString", "coordinates": [ [ -64.6839, -23.1872 ], [ -64.683, -23.1855 ] ] } },
{ "type": "Feature", "properties": { "nombre": "Camino sin nombre", "longitud_km": 0.12 }, "geometry": { "type": "LineString", "coordinates": [ [ -64.6852, -23.1862 ], [ -64.6845, -23.1854 ] ] } },
{ "type": "Feature", "properties": { "nombre": "Camino sin nombre", "longitud_km": 0.1 }, "geometry": { "type": "LineString", "coordinates": [ [ -64.6861, -23.1831 ], [ -64.6865, -23.1838 ] ] } },
{ "type": "Feature", "properties": { "nombre": "Camino sin nombre", "longitud_km": 0.12 }, "geometry": { "type": "LineString", "coordinates": [ [ -64.6861, -23.1831 ], [ -64.6852, -23.1837 ] ] } },
{ "type": "Feature", "properties": { "nombre": "Camino sin nombre", "longitud_km": 1.74 }, "geometry": { "type": "LineString", "coordinates": [ [ -64.5502, -23.1041 ], [ -64.5339, -23.0997 ] ] } },
{ "type": "Feature", "properties": { "nombre": "Camino sin nombre", "longitud_km": 2.45 }, "geometry": { "type": "LineString", "coordinates": [ [ -64.6661, -23.1104 ], [ -64.6529, -23.092 ] ] } },
{ "type": "Feature", "properties": { "nombre": "Camino sin nombre", "longitud_km": 0.12 }, "geometry": { "type": "LineString", "coordinates": [ [ -64.6865, -23.1852 ], [ -64.6872, -23.1861 ] ] } },
{ "type": "Feature", "properties": { "nombre": "Camino sin nombre", "longitud_km": 0.14 }, "geometry": { "type": "LineString", "coordinates": [ [ -64.6793, -23.1191 ], [ -64.6794, -23.1203 ] ] } },
{ "type": "Feature", "properties": { "nombre": "Camino sin nombre", "longitud_km": 0.12 }, "geometry": { "type": "LineString", "coordinates": [ [ -64.6793, -23.1191 ], [ -64.6781, -23.1193 ] ] } },
{ "type": "Feature", "properties": { "nombre": "Camino sin nombre", "longitud_km": 0.1 }, "geometry": { "type": "LineString", "coordinates": [ [ -64.6829, -23.1853 ], [ -64.6823, -23.1845 ] ] } },
{ "type": "Feature", "properties": { "nombre": "Camino sin nombre", "longitud_km": 0.12 }, "geometry": { "type": "LineString", "coordinates": [ [ -64.6857, -23.1844 ], [ -64.6865, -23.1852 ] ] } },
{ "type": "Feature", "properties": { "nombre": "Camino sin nombre", "longitud_km": 0.09 }, "geometry": { "type": "LineString", "coordinates": [ [ -64.6857, -23.1844 ], [ -64.6851, -23.1849 ] ] } },
{ "type": "Feature", "properties": { "nombre": "Camino sin nombre", "longitud_km": 0.09 }, "geometry": { "type": "LineString", "coordinates": [ [ -64.6851, -23.1849 ], [ -64.6844, -23.1843 ] ] } },
{ "type": "Feature", "properties": { "nombre": "Camino sin nombre", "longitud_km": 0.03 }, "geometry": { "type": "LineString", "coordinates": [ [ -64.6844, -23.1843 ], [ -64.6842, -23.1841 ] ] } },
{ "type": "Feature", "properties": { "nombre": "Camino sin nombre", "longitud_km": 0.09 }, "geometry": { "type": "LineString", "coordinates": [ [ -64.6836, -23.1847 ], [ -64.6842, -23.1841 ] ] } },
{ "type": "Feature", "properties": { "nombre": "Camino sin nombre", "longitud_km": 0.11 }, "geometry": { "type": "LineString", "coordinates": [ [ -64.6845, -23.1829 ], [ -64.6852, -23.1837 ] ] } },
{ "type": "Feature", "properties": { "nombre": "Camino sin nombre", "longitud_km": 0.1 }, "geometry": { "type": "LineString", "coordinates": [ [ -64.6845, -23.1829 ], [ -64.6837, -23.1835 ] ] } },
{ "type": "Feature", "properties": { "nombre": "Camino sin nombre", "longitud_km": 0.07 }, "geometry": { "type": "LineString", "coordinates": [ [ -64.6835, -23.1831 ], [ -64.6832, -23.1826 ] ] } },
{ "type": "Feature", "properties": { "nombre": "Camino sin nombre", "longitud_km": 0.11 }, "geometry": { "type": "LineString", "coordinates": [ [ -64.6853, -23.1824 ], [ -64.6861, -23.1831 ] ] } },
{ "type": "Feature", "properties": { "nombre": "Camino sin nombre", "longitud_km": 0.1 }, "geometry": { "type": "LineString", "coordinates": [ [ -64.6853, -23.1824 ], [ -64.6845, -23.1829 ] ] } },
{ "type": "Feature", "properties": { "nombre": "Camino sin nombre", "longitud_km": 0.1 }, "geometry": { "type": "LineString", "coordinates": [ [ -64.6839, -23.1821 ], [ -64.6845, -23.1829 ] ] } },
{ "type": "Feature", "properties": { "nombre": "Camino sin nombre", "longitud_km": 0.09 }, "geometry": { "type": "LineString", "coordinates": [ [ -64.6839, -23.1821 ], [ -64.6832, -23.1826 ] ] } },
{ "type": "Feature", "properties": { "nombre": "Camino sin nombre", "longitud_km": 0.11 }, "geometry": { "type": "LineString", "coordinates": [ [ -64.6845, -23.1818 ], [ -64.6853, -23.1824 ] ] } },
{ "type": "Feature", "properties": { "nombre": "Camino sin nombre", "longitud_km": 0.07 }, "geometry": { "type": "LineString", "coordinates": [ [ -64.6845, -23.1818 ], [ -64.6839, -23.1821 ] ] } },
{ "type": "Feature", "properties": { "nombre": "Camino sin nombre", "longitud_km": 0.16 }, "geometry": { "type": "LineString", "coordinates": [ [ -64.683, -23.1812 ], [ -64.6845, -23.1818 ] ] } },
{ "type": "Feature", "properties": { "nombre": "Camino sin nombre", "longitud_km": 8.43 }, "geometry": { "type": "LineString", "coordinates": [ [ -64.6265, -23.0992 ], [ -64.5973, -23.102 ], [ -64.5782, -23.1138 ], [ -64.5502, -23.1041 ] ] } },
{ "type": "Feature", "properties": { "nombre": "Camino sin nombre", "longitud_km": 0.12 }, "geometry": { "type": "LineString", "coordinates": [ [ -64.6794, -23.1203 ], [ -64.6783, -23.1205 ] ] } },
{ "type": "Feature", "properties": { "nombre": "Camino sin nombre", "longitud_km": 0.06 }, "geometry": { "type": "LineString", "coordinates": [ [ -64.68, -23.1202 ], [ -64.6794, -23.1203 ] ] } },
{ "type": "Feature", "properties": { "nombre": "Camino sin nombre", "longitud_km": 0.21 }, "geometry": { "type": "LineString", "coordinates": [ [ -64.6737, -23.1199 ], [ -64.6741, -23.1217 ] ] } },
{ "type": "Feature", "properties": { "nombre": "Camino sin nombre", "longitud_km": 0.21 }, "geometry": { "type": "LineString", "coordinates": [ [ -64.6749, -23.1197 ], [ -64.6752, -23.1216 ] ] } },
{ "type": "Feature", "properties": { "nombre": "Camino sin nombre", "longitud_km": 0.12 }, "geometry": { "type": "LineString", "coordinates": [ [ -64.6749, -23.1197 ], [ -64.6737, -23.1199 ] ] } },
{ "type": "Feature", "properties": { "nombre": "Camino sin nombre", "longitud_km": 0.17 }, "geometry": { "type": "LineString", "coordinates": [ [ -64.676, -23.1196 ], [ -64.6763, -23.1211 ] ] } },
{ "type": "Feature", "properties": { "nombre": "Camino sin nombre", "longitud_km": 0.12 }, "geometry": { "type": "LineString", "coordinates": [ [ -64.676, -23.1196 ], [ -64.6749, -23.1197 ] ] } },
{ "type": "Feature", "properties": { "nombre": "Camino sin nombre", "longitud_km": 0.14 }, "geometry": { "type": "LineString", "coordinates": [ [ -64.6771, -23.1194 ], [ -64.6773, -23.1207 ] ] } },
{ "type": "Feature", "properties": { "nombre": "Camino sin nombre", "longitud_km": 0.11 }, "geometry": { "type": "LineString", "coordinates": [ [ -64.6771, -23.1194 ], [ -64.676, -23.1196 ] ] } },
{ "type": "Feature", "properties": { "nombre": "Camino sin nombre", "longitud_km": 0.14 }, "geometry": { "type": "LineString", "coordinates": [ [ -64.6781, -23.1193 ], [ -64.6783, -23.1205 ] ] } },
{ "type": "Feature", "properties": { "nombre": "Camino sin nombre", "longitud_km": 0.11 }, "geometry": { "type": "LineString", "coordinates": [ [ -64.6781, -23.1193 ], [ -64.6771, -23.1194 ] ] } },
{ "type": "Feature", "properties": { "nombre": "Camino sin nombre", "longitud_km": 0.14 }, "geometry": { "type": "LineString", "coordinates": [ [ -64.683, -23.1812 ], [ -64.6839, -23.1821 ] ] } },
{ "type": "Feature", "properties": { "nombre": "Camino sin nombre", "longitud_km": 0.09 }, "geometry": { "type": "LineString", "coordinates": [ [ -64.683, -23.1812 ], [ -64.6821, -23.1811 ] ] } },
{ "type": "Feature", "properties": { "nombre": "-2", "longitud_km": 3.32 }, "geometry": { "type": "LineString", "coordinates": [ [ -66.9409, -24.3039 ], [ -66.9473, -24.3333 ] ] } },
{ "type": "Feature", "properties": { "nombre": "Camino sin nombre", "longitud_km": 2.82 }, "geometry": { "type": "LineString", "coordinates": [ [ -64.6529, -23.092 ], [ -64.6265, -23.0992 ] ] } },
{ "type": "Feature", "properties": { "nombre": "-2", "longitud_km": 0.69 }, "geometry": { "type": "LineString", "coordinates": [ [ -64.8906, -23.1171 ], [ -64.8972, -23.1182 ] ] } },
{ "type": "Feature", "properties": { "nombre": "Camino sin nombre", "longitud_km": 0.12 }, "geometry": { "type": "LineString", "coordinates": [ [ -64.6766, -23.1228 ], [ -64.6756, -23.1233 ] ] } },
{ "type": "Feature", "properties": { "nombre": "Camino sin nombre", "longitud_km": 0.12 }, "geometry": { "type": "LineString", "coordinates": [ [ -64.6777, -23.1226 ], [ -64.6766, -23.1228 ] ] } },
{ "type": "Feature", "properties": { "nombre": "Camino sin nombre", "longitud_km": 0.15 }, "geometry": { "type": "LineString", "coordinates": [ [ -64.6753, -23.122 ], [ -64.6756, -23.1233 ] ] } },
{ "type": "Feature", "properties": { "nombre": "Camino sin nombre", "longitud_km": 0.1 }, "geometry": { "type": "LineString", "coordinates": [ [ -64.6775, -23.1216 ], [ -64.6777, -23.1226 ] ] } },
{ "type": "Feature", "properties": { "nombre": "Camino sin nombre", "longitud_km": 0.05 }, "geometry": { "type": "LineString", "coordinates": [ [ -64.6752, -23.1216 ], [ -64.6753, -23.122 ] ] } },
{ "type": "Feature", "properties": { "nombre": "Camino sin nombre", "longitud_km": 0.12 }, "geometry": { "type": "LineString", "coordinates": [ [ -64.6741, -23.1217 ], [ -64.6752, -23.1216 ] ] } },
{ "type": "Feature", "properties": { "nombre": "Camino sin nombre", "longitud_km": 0.11 }, "geometry": { "type": "LineString", "coordinates": [ [ -64.6784, -23.1213 ], [ -64.6775, -23.1216 ] ] } },
{ "type": "Feature", "properties": { "nombre": "Camino sin nombre", "longitud_km": 0.2 }, "geometry": { "type": "LineString", "coordinates": [ [ -64.6763, -23.1211 ], [ -64.6766, -23.1228 ] ] } },
{ "type": "Feature", "properties": { "nombre": "Camino sin nombre", "longitud_km": 0.14 }, "geometry": { "type": "LineString", "coordinates": [ [ -64.6763, -23.1211 ], [ -64.6753, -23.122 ] ] } },
{ "type": "Feature", "properties": { "nombre": "Camino sin nombre", "longitud_km": 0.12 }, "geometry": { "type": "LineString", "coordinates": [ [ -64.6795, -23.1209 ], [ -64.6784, -23.1213 ] ] } },
{ "type": "Feature", "properties": { "nombre": "Camino sin nombre", "longitud_km": 0.11 }, "geometry": { "type": "LineString", "coordinates": [ [ -64.6773, -23.1207 ], [ -64.6775, -23.1216 ] ] } },
{ "type": "Feature", "properties": { "nombre": "Camino sin nombre", "longitud_km": 0.11 }, "geometry": { "type": "LineString", "coordinates": [ [ -64.6773, -23.1207 ], [ -64.6763, -23.1211 ] ] } },
{ "type": "Feature", "properties": { "nombre": "Camino sin nombre", "longitud_km": 0.09 }, "geometry": { "type": "LineString", "coordinates": [ [ -64.6783, -23.1205 ], [ -64.6784, -23.1213 ] ] } },
{ "type": "Feature", "properties": { "nombre": "Camino sin nombre", "longitud_km": 0.12 }, "geometry": { "type": "LineString", "coordinates": [ [ -64.6865, -23.1838 ], [ -64.6872, -23.1847 ] ] } },
{ "type": "Feature", "properties": { "nombre": "Camino sin nombre", "longitud_km": 0.1 }, "geometry": { "type": "LineString", "coordinates": [ [ -64.6857, -23.1844 ], [ -64.6865, -23.1838 ] ] } },
{ "type": "Feature", "properties": { "nombre": "Camino sin nombre", "longitud_km": 0.09 }, "geometry": { "type": "LineString", "coordinates": [ [ -64.6852, -23.1837 ], [ -64.6857, -23.1844 ] ] } },
{ "type": "Feature", "properties": { "nombre": "Camino sin nombre", "longitud_km": 0.2 }, "geometry": { "type": "LineString", "coordinates": [ [ -64.6832, -23.1826 ], [ -64.6821, -23.1811 ] ] } },
{ "type": "Feature", "properties": { "nombre": "Camino sin nombre", "longitud_km": 0.12 }, "geometry": { "type": "LineString", "coordinates": [ [ -64.064, -24.5073 ], [ -64.0631, -24.5065 ] ] } },
{ "type": "Feature", "properties": { "nombre": "Camino sin nombre", "longitud_km": 0.1 }, "geometry": { "type": "LineString", "coordinates": [ [ -64.6821, -23.1811 ], [ -64.6812, -23.181 ] ] } },
{ "type": "Feature", "properties": { "nombre": "Camino sin nombre", "longitud_km": 0.41 }, "geometry": { "type": "LineString", "coordinates": [ [ -64.6823, -23.1845 ], [ -64.6812, -23.181 ] ] } },
{ "type": "Feature", "properties": { "nombre": "Camino sin nombre", "longitud_km": 0.3 }, "geometry": { "type": "LineString", "coordinates": [ [ -64.6809, -23.1794 ], [ -64.683, -23.1812 ] ] } },
{ "type": "Feature", "properties": { "nombre": "Camino sin nombre", "longitud_km": 0.18 }, "geometry": { "type": "LineString", "coordinates": [ [ -64.6812, -23.181 ], [ -64.6809, -23.1794 ] ] } },
{ "type": "Feature", "properties": { "nombre": "Camino sin nombre", "longitud_km": 1.56 }, "geometry": { "type": "LineString", "coordinates": [ [ -64.7294, -23.2559 ], [ -64.7165, -23.2483 ] ] } },
{ "type": "Feature", "properties": { "nombre": "Camino sin nombre", "longitud_km": 1.56 }, "geometry": { "type": "LineString", "coordinates": [ [ -64.7165, -23.2483 ], [ -64.7294, -23.2559 ] ] } },
{ "type": "Feature", "properties": { "nombre": "Camino sin nombre", "longitud_km": 1.0 }, "geometry": { "type": "LineString", "coordinates": [ [ -64.7285, -23.2547 ], [ -64.7206, -23.2493 ] ] } },
{ "type": "Feature", "properties": { "nombre": "Camino sin nombre", "longitud_km": 0.24 }, "geometry": { "type": "LineString", "coordinates": [ [ -64.7258, -23.2524 ], [ -64.7244, -23.254 ] ] } },
{ "type": "Feature", "properties": { "nombre": "Camino sin nombre", "longitud_km": 0.23 }, "geometry": { "type": "LineString", "coordinates": [ [ -64.7249, -23.2519 ], [ -64.7235, -23.2535 ] ] } },
{ "type": "Feature", "properties": { "nombre": "Camino sin nombre", "longitud_km": 0.25 }, "geometry": { "type": "LineString", "coordinates": [ [ -64.7242, -23.2512 ], [ -64.7226, -23.2529 ] ] } },
{ "type": "Feature", "properties": { "nombre": "Camino sin nombre", "longitud_km": 0.07 }, "geometry": { "type": "LineString", "coordinates": [ [ -64.7278, -23.2535 ], [ -64.7273, -23.254 ] ] } },
{ "type": "Feature", "properties": { "nombre": "Camino sin nombre", "longitud_km": 0.13 }, "geometry": { "type": "LineString", "coordinates": [ [ -64.7275, -23.254 ], [ -64.7267, -23.255 ] ] } },
{ "type": "Feature", "properties": { "nombre": "Camino sin nombre", "longitud_km": 0.24 }, "geometry": { "type": "LineString", "coordinates": [ [ -64.7269, -23.2527 ], [ -64.7256, -23.2545 ] ] } },
{ "type": "Feature", "properties": { "nombre": "Camino sin nombre", "longitud_km": 0.25 }, "geometry": { "type": "LineString", "coordinates": [ [ -64.727, -23.2546 ], [ -64.7249, -23.2534 ] ] } },
{ "type": "Feature", "properties": { "nombre": "Camino sin nombre", "longitud_km": 0.22 }, "geometry": { "type": "LineString", "coordinates": [ [ -64.7248, -23.2535 ], [ -64.723, -23.2524 ] ] } },
{ "type": "Feature", "properties": { "nombre": "Camino sin nombre", "longitud_km": 0.14 }, "geometry": { "type": "LineString", "coordinates": [ [ -64.7232, -23.2507 ], [ -64.7224, -23.2517 ] ] } },
{ "type": "Feature", "properties": { "nombre": "Camino sin nombre", "longitud_km": 0.25 }, "geometry": { "type": "LineString", "coordinates": [ [ -64.723, -23.2524 ], [ -64.7215, -23.2507 ] ] } },
{ "type": "Feature", "properties": { "nombre": "Camino sin nombre", "longitud_km": 0.19 }, "geometry": { "type": "LineString", "coordinates": [ [ -64.7218, -23.2503 ], [ -64.7206, -23.2517 ] ] } },
{ "type": "Feature", "properties": { "nombre": "Camino sin nombre", "longitud_km": 0.07 }, "geometry": { "type": "LineString", "coordinates": [ [ -64.7223, -23.2498 ], [ -64.7218, -23.2503 ] ] } },
{ "type": "Feature", "properties": { "nombre": "Camino sin nombre", "longitud_km": 0.19 }, "geometry": { "type": "LineString", "coordinates": [ [ -64.7228, -23.252 ], [ -64.7212, -23.251 ] ] } },
{ "type": "Feature", "properties": { "nombre": "Camino sin nombre", "longitud_km": 0.08 }, "geometry": { "type": "LineString", "coordinates": [ [ -64.7215, -23.2514 ], [ -64.721, -23.2519 ] ] } },
{ "type": "Feature", "properties": { "nombre": "Camino sin nombre", "longitud_km": 4.36 }, "geometry": { "type": "LineString", "coordinates": [ [ -64.0948, -24.5365 ], [ -64.0649, -24.5081 ] ] } },
{ "type": "Feature", "properties": { "nombre": "Camino sin nombre", "longitud_km": 0.32 }, "geometry": { "type": "LineString", "coordinates": [ [ -64.7215, -23.2507 ], [ -64.7187, -23.2494 ] ] } },
{ "type": "Feature", "properties": { "nombre": "Camino sin nombre", "longitud_km": 0.07 }, "geometry": { "type": "LineString", "coordinates": [ [ -64.7208, -23.2495 ], [ -64.7204, -23.25 ] ] } },
{ "type": "Feature", "properties": { "nombre": "Camino sin nombre", "longitud_km": 0.1 }, "geometry": { "type": "LineString", "coordinates": [ [ -64.7204, -23.25 ], [ -64.7198, -23.2507 ] ] } },
{ "type": "Feature", "properties": { "nombre": "-2", "longitud_km": 0.52 }, "geometry": { "type": "LineString", "coordinates": [ [ -64.8678, -23.0878 ], [ -64.8637, -23.085 ] ] } },
{ "type": "Feature", "properties": { "nombre": "-2", "longitud_km": 0.2 }, "geometry": { "type": "LineString", "coordinates": [ [ -64.8854, -23.115 ], [ -64.8837, -23.114 ] ] } },
{ "type": "Feature", "properties": { "nombre": "-2", "longitud_km": 0.24 }, "geometry": { "type": "LineString", "coordinates": [ [ -64.8837, -23.114 ], [ -64.8817, -23.1129 ] ] } },
{ "type": "Feature", "properties": { "nombre": "-2", "longitud_km": 1.46 }, "geometry": { "type": "LineString", "coordinates": [ [ -64.8977, -23.1166 ], [ -64.8837, -23.114 ] ] } },
{ "type": "Feature", "properties": { "nombre": "Camino sin nombre", "longitud_km": 0.39 }, "geometry": { "type": "LineString", "coordinates": [ [ -64.6859, -23.1901 ], [ -64.6839, -23.1872 ] ] } },
{ "type": "Feature", "properties": { "nombre": "Camino sin nombre", "longitud_km": 4.27 }, "geometry": { "type": "LineString", "coordinates": [ [ -64.0428, -24.4197 ], [ -64.0844, -24.4136 ] ] } },
{ "type": "Feature", "properties": { "nombre": "-2", "longitud_km": 0.79 }, "geometry": { "type": "LineString", "coordinates": [ [ -64.8817, -23.1129 ], [ -64.8758, -23.1083 ] ] } },
{ "type": "Feature", "properties": { "nombre": "-2", "longitud_km": 0.7 }, "geometry": { "type": "LineString", "coordinates": [ [ -64.8526, -23.0776 ], [ -64.8463, -23.0749 ] ] } },
{ "type": "Feature", "properties": { "nombre": "-2", "longitud_km": 0.98 }, "geometry": { "type": "LineString", "coordinates": [ [ -64.8463, -23.0749 ], [ -64.8371, -23.0727 ] ] } },
{ "type": "Feature", "properties": { "nombre": "Camino sin nombre", "longitud_km": 0.26 }, "geometry": { "type": "LineString", "coordinates": [ [ -64.8368, -23.0727 ], [ -64.8344, -23.0719 ] ] } },
{ "type": "Feature", "properties": { "nombre": "-2", "longitud_km": 26.74 }, "geometry": { "type": "LineString", "coordinates": [ [ -64.6872, -23.1861 ], [ -64.7185, -23.2013 ], [ -64.7345, -23.1996 ], [ -64.76, -23.2048 ], [ -64.7685, -23.2085 ], [ -64.7786, -23.2219 ], [ -64.8057, -23.2322 ], [ -64.8146, -23.2402 ], [ -64.8277, -23.2374 ], [ -64.8515, -23.2439 ], [ -64.8585, -23.2299 ], [ -64.8687, -23.2269 ], [ -64.8776, -23.2167 ], [ -64.8904, -23.2287 ], [ -64.8968, -23.2204 ], [ -64.895, -23.2153 ] ] } },
{ "type": "Feature", "properties": { "nombre": "Camino sin nombre", "longitud_km": 0.37 }, "geometry": { "type": "LineString", "coordinates": [ [ -64.6809, -23.1794 ], [ -64.6786, -23.1768 ] ] } },
{ "type": "Feature", "properties": { "nombre": "Camino sin nombre", "longitud_km": 0.24 }, "geometry": { "type": "LineString", "coordinates": [ [ -64.6786, -23.1768 ], [ -64.6766, -23.1758 ] ] } },
{ "type": "Feature", "properties": { "nombre": "Camino sin nombre", "longitud_km": 1.62 }, "geometry": { "type": "LineString", "coordinates": [ [ -64.6766, -23.1758 ], [ -64.666, -23.1648 ] ] } },
{ "type": "Feature", "properties": { "nombre": "Camino sin nombre", "longitud_km": 4.95 }, "geometry": { "type": "LineString", "coordinates": [ [ -64.8311, -23.0728 ], [ -64.795, -23.0824 ], [ -64.7905, -23.0914 ] ] } },
{ "type": "Feature", "properties": { "nombre": "Camino sin nombre", "longitud_km": 0.35 }, "geometry": { "type": "LineString", "coordinates": [ [ -64.8344, -23.0719 ], [ -64.8311, -23.0728 ] ] } },
{ "type": "Feature", "properties": { "nombre": "Camino sin nombre", "longitud_km": 0.23 }, "geometry": { "type": "LineString", "coordinates": [ [ -64.7073, -23.0024 ], [ -64.7052, -23.0018 ] ] } },
{ "type": "Feature", "properties": { "nombre": "Camino sin nombre", "longitud_km": 0.21 }, "geometry": { "type": "LineString", "coordinates": [ [ -64.7073, -23.0024 ], [ -64.7058, -23.0011 ] ] } },
{ "type": "Feature", "properties": { "nombre": "Camino sin nombre", "longitud_km": 0.1 }, "geometry": { "type": "LineString", "coordinates": [ [ -64.7058, -23.0011 ], [ -64.7052, -23.0018 ] ] } },
{ "type": "Feature", "properties": { "nombre": "Camino sin nombre", "longitud_km": 0.55 }, "geometry": { "type": "LineString", "coordinates": [ [ -64.712, -23.0 ], [ -64.7073, -23.0024 ] ] } },
{ "type": "Feature", "properties": { "nombre": "Camino sin nombre", "longitud_km": 0.23 }, "geometry": { "type": "LineString", "coordinates": [ [ -64.7052, -23.0018 ], [ -64.704, -23.0 ] ] } },
{ "type": "Feature", "properties": { "nombre": "-2", "longitud_km": 2.37 }, "geometry": { "type": "LineString", "coordinates": [ [ -64.127, -24.5236 ], [ -64.1075, -24.5355 ] ] } },
{ "type": "Feature", "properties": { "nombre": "Camino sin nombre", "longitud_km": 0.72 }, "geometry": { "type": "LineString", "coordinates": [ [ -64.0069, -24.647 ], [ -64.0014, -24.643 ] ] } },
{ "type": "Feature", "properties": { "nombre": "Camino sin nombre", "longitud_km": 1.96 }, "geometry": { "type": "LineString", "coordinates": [ [ -64.7223, -23.0 ], [ -64.7315, -23.0049 ], [ -64.7339, -23.0124 ] ] } },
{ "type": "Feature", "properties": { "nombre": "Camino sin nombre", "longitud_km": 0.66 }, "geometry": { "type": "LineString", "coordinates": [ [ -64.666, -23.1648 ], [ -64.6605, -23.1618 ] ] } },
{ "type": "Feature", "properties": { "nombre": "Camino sin nombre", "longitud_km": 1.28 }, "geometry": { "type": "LineString", "coordinates": [ [ -64.6605, -23.1618 ], [ -64.6483, -23.1594 ] ] } },
{ "type": "Feature", "properties": { "nombre": "Camino sin nombre", "longitud_km": 2.8 }, "geometry": { "type": "LineString", "coordinates": [ [ -64.5848, -23.1342 ], [ -64.5721, -23.1119 ] ] } },
{ "type": "Feature", "properties": { "nombre": "Camino sin nombre", "longitud_km": 0.79 }, "geometry": { "type": "LineString", "coordinates": [ [ -64.681, -23.1178 ], [ -64.688, -23.1148 ] ] } },
{ "type": "Feature", "properties": { "nombre": "Camino sin nombre", "longitud_km": 0.3 }, "geometry": { "type": "LineString", "coordinates": [ [ -64.0976, -24.5393 ], [ -64.0957, -24.5373 ] ] } },
{ "type": "Feature", "properties": { "nombre": "Camino sin nombre", "longitud_km": 0.17 }, "geometry": { "type": "LineString", "coordinates": [ [ -64.0014, -24.643 ], [ -64.0, -24.642 ] ] } },
{ "type": "Feature", "properties": { "nombre": "-2", "longitud_km": 0.48 }, "geometry": { "type": "LineString", "coordinates": [ [ -64.8906, -23.1171 ], [ -64.8859, -23.1164 ] ] } },
{ "type": "Feature", "properties": { "nombre": "Camino sin nombre", "longitud_km": 0.45 }, "geometry": { "type": "LineString", "coordinates": [ [ -64.0585, -24.5019 ], [ -64.0555, -24.499 ] ] } },
{ "type": "Feature", "properties": { "nombre": "Camino sin nombre", "longitud_km": 7.25 }, "geometry": { "type": "LineString", "coordinates": [ [ -64.6483, -23.1594 ], [ -64.6167, -23.1416 ], [ -64.5957, -23.1405 ], [ -64.5848, -23.1342 ] ] } },
{ "type": "Feature", "properties": { "nombre": "Camino sin nombre", "longitud_km": 0.56 }, "geometry": { "type": "LineString", "coordinates": [ [ -64.675, -23.1137 ], [ -64.6746, -23.1187 ] ] } },
{ "type": "Feature", "properties": { "nombre": "Camino sin nombre", "longitud_km": 0.75 }, "geometry": { "type": "LineString", "coordinates": [ [ -64.0527, -24.4826 ], [ -64.0475, -24.4777 ] ] } },
{ "type": "Feature", "properties": { "nombre": "-2", "longitud_km": 0.31 }, "geometry": { "type": "LineString", "coordinates": [ [ -64.8859, -23.1164 ], [ -64.8829, -23.1158 ] ] } },
{ "type": "Feature", "properties": { "nombre": "-2", "longitud_km": 0.19 }, "geometry": { "type": "LineString", "coordinates": [ [ -64.8829, -23.1158 ], [ -64.881, -23.1155 ] ] } },
{ "type": "Feature", "properties": { "nombre": "-2", "longitud_km": 0.51 }, "geometry": { "type": "LineString", "coordinates": [ [ -64.881, -23.1155 ], [ -64.8761, -23.1162 ] ] } },
{ "type": "Feature", "properties": { "nombre": "Camino sin nombre", "longitud_km": 0.99 }, "geometry": { "type": "LineString", "coordinates": [ [ -64.7872, -23.0964 ], [ -64.7778, -23.0988 ] ] } },
{ "type": "Feature", "properties": { "nombre": "Camino sin nombre", "longitud_km": 7.82 }, "geometry": { "type": "LineString", "coordinates": [ [ -64.7778, -23.0988 ], [ -64.7349, -23.0913 ], [ -64.7098, -23.1105 ] ] } },
{ "type": "Feature", "properties": { "nombre": "-2", "longitud_km": 0.2 }, "geometry": { "type": "LineString", "coordinates": [ [ -64.8596, -23.0836 ], [ -64.8606, -23.082 ] ] } },
{ "type": "Feature", "properties": { "nombre": "Camino sin nombre", "longitud_km": 1.06 }, "geometry": { "type": "LineString", "coordinates": [ [ -64.046, -24.49 ], [ -64.0527, -24.4826 ] ] } },
{ "type": "Feature", "properties": { "nombre": "Camino sin nombre", "longitud_km": 0.69 }, "geometry": { "type": "LineString", "coordinates": [ [ -64.0631, -24.5065 ], [ -64.0585, -24.5019 ] ] } },
{ "type": "Feature", "properties": { "nombre": "-2", "longitud_km": 4.76 }, "geometry": { "type": "LineString", "coordinates": [ [ -64.1648, -24.5033 ], [ -64.1593, -24.5303 ], [ -64.1554, -24.5281 ], [ -64.1448, -24.5339 ] ] } },
{ "type": "Feature", "properties": { "nombre": "Camino sin nombre", "longitud_km": 0.12 }, "geometry": { "type": "LineString", "coordinates": [ [ -64.0432, -24.4872 ], [ -64.0424, -24.4865 ] ] } },
{ "type": "Feature", "properties": { "nombre": "-2", "longitud_km": 5.87 }, "geometry": { "type": "LineString", "coordinates": [ [ -64.1418, -24.5821 ], [ -64.1021, -24.5435 ] ] } },
{ "type": "Feature", "properties": { "nombre": "-2", "longitud_km": 0.98 }, "geometry": { "type": "LineString", "coordinates": [ [ -64.8596, -23.0836 ], [ -64.8526, -23.0776 ] ] } },
{ "type": "Feature", "properties": { "nombre": "Camino sin nombre", "longitud_km": 0.1 }, "geometry": { "type": "LineString", "coordinates": [ [ -64.7098, -23.1105 ], [ -64.7091, -23.1112 ] ] } },
{ "type": "Feature", "properties": { "nombre": "Camino sin nombre", "longitud_km": 2.62 }, "geometry": { "type": "LineString", "coordinates": [ [ -64.0787, -24.3751 ], [ -64.0811, -24.3987 ] ] } },
{ "type": "Feature", "properties": { "nombre": "Camino sin nombre", "longitud_km": 4.01 }, "geometry": { "type": "LineString", "coordinates": [ [ -64.0406, -24.4034 ], [ -64.0012, -24.4065 ] ] } },
{ "type": "Feature", "properties": { "nombre": "Camino sin nombre", "longitud_km": 3.61 }, "geometry": { "type": "LineString", "coordinates": [ [ -64.0128, -24.4172 ], [ -64.0151, -24.4237 ], [ -64.0428, -24.4197 ] ] } },
{ "type": "Feature", "properties": { "nombre": "-2", "longitud_km": 12.46 }, "geometry": { "type": "LineString", "coordinates": [ [ -64.0987, -24.4474 ], [ -64.143, -24.4267 ], [ -64.149, -24.4317 ], [ -64.1656, -24.429 ], [ -64.2047, -24.4392 ], [ -64.2106, -24.4348 ] ] } },
{ "type": "Feature", "properties": { "nombre": "-2", "longitud_km": 0.89 }, "geometry": { "type": "LineString", "coordinates": [ [ -64.2226, -24.4343 ], [ -64.2138, -24.4339 ] ] } },
{ "type": "Feature", "properties": { "nombre": "Camino sin nombre", "longitud_km": 3.12 }, "geometry": { "type": "LineString", "coordinates": [ [ -64.0475, -24.4777 ], [ -64.0378, -24.4649 ], [ -64.0248, -24.4609 ] ] } },
{ "type": "Feature", "properties": { "nombre": "-2", "longitud_km": 0.29 }, "geometry": { "type": "LineString", "coordinates": [ [ -64.1289, -24.5102 ], [ -64.1311, -24.5085 ] ] } },
{ "type": "Feature", "properties": { "nombre": "-2", "longitud_km": 4.24 }, "geometry": { "type": "LineString", "coordinates": [ [ -64.8761, -23.1162 ], [ -64.8648, -23.0951 ], [ -64.8601, -23.0937 ], [ -64.8596, -23.0836 ] ] } },
{ "type": "Feature", "properties": { "nombre": "-2", "longitud_km": 0.98 }, "geometry": { "type": "LineString", "coordinates": [ [ -64.8463, -23.0749 ], [ -64.8371, -23.0727 ] ] } },
{ "type": "Feature", "properties": { "nombre": "-2", "longitud_km": 1.5 }, "geometry": { "type": "LineString", "coordinates": [ [ -64.127, -24.5236 ], [ -64.1289, -24.5102 ] ] } },
{ "type": "Feature", "properties": { "nombre": "Camino sin nombre", "longitud_km": 1.26 }, "geometry": { "type": "LineString", "coordinates": [ [ -64.0486, -24.3859 ], [ -64.0488, -24.3915 ], [ -64.0426, -24.3919 ] ] } },
{ "type": "Feature", "properties": { "nombre": "Camino sin nombre", "longitud_km": 0.85 }, "geometry": { "type": "LineString", "coordinates": [ [ -64.0614, -24.5083 ], [ -64.056, -24.5143 ] ] } },
{ "type": "Feature", "properties": { "nombre": "-2", "longitud_km": 5.04 }, "geometry": { "type": "LineString", "coordinates": [ [ -64.2287, -24.6017 ], [ -64.2313, -24.5875 ], [ -64.2249, -24.5844 ], [ -64.2215, -24.5712 ], [ -64.2111, -24.5659 ] ] } },
{ "type": "Feature", "properties": { "nombre": "-2", "longitud_km": 7.12 }, "geometry": { "type": "LineString", "coordinates": [ [ -64.1827, -24.633 ], [ -64.1754, -24.6145 ], [ -64.1418, -24.5821 ] ] } },
{ "type": "Feature", "properties": { "nombre": "-2", "longitud_km": 7.28 }, "geometry": { "type": "LineString", "coordinates": [ [ -64.2131, -24.6291 ], [ -64.2032, -24.6164 ], [ -64.1998, -24.5994 ], [ -64.1717, -24.579 ] ] } },
{ "type": "Feature", "properties": { "nombre": "-2", "longitud_km": 3.03 }, "geometry": { "type": "LineString", "coordinates": [ [ -64.2333, -24.6495 ], [ -64.2134, -24.6291 ] ] } },
{ "type": "Feature", "properties": { "nombre": "-2", "longitud_km": 2.25 }, "geometry": { "type": "LineString", "coordinates": [ [ -64.1448, -24.5339 ], [ -64.1389, -24.5267 ], [ -64.127, -24.5236 ] ] } },
{ "type": "Feature", "properties": { "nombre": "-2", "longitud_km": 1.34 }, "geometry": { "type": "LineString", "coordinates": [ [ -64.1108, -24.3684 ], [ -64.1098, -24.3564 ] ] } },
{ "type": "Feature", "properties": { "nombre": "Camino sin nombre", "longitud_km": 1.53 }, "geometry": { "type": "LineString", "coordinates": [ [ -64.0844, -24.4136 ], [ -64.0856, -24.4274 ] ] } },
{ "type": "Feature", "properties": { "nombre": "Camino sin nombre", "longitud_km": 1.42 }, "geometry": { "type": "LineString", "coordinates": [ [ -64.0191, -24.5208 ], [ -64.0121, -24.5227 ], [ -64.008, -24.5177 ] ] } },
{ "type": "Feature", "properties": { "nombre": "Camino sin nombre", "longitud_km": 0.42 }, "geometry": { "type": "LineString", "coordinates": [ [ -64.046, -24.49 ], [ -64.0432, -24.4872 ] ] } },
{ "type": "Feature", "properties": { "nombre": "Camino sin nombre", "longitud_km": 3.3 }, "geometry": { "type": "LineString", "coordinates": [ [ -64.225, -24.6667 ], [ -64.2131, -24.6542 ], [ -64.2095, -24.6413 ] ] } },
{ "type": "Feature", "properties": { "nombre": "Camino sin nombre", "longitud_km": 0.95 }, "geometry": { "type": "LineString", "coordinates": [ [ -64.2088, -24.6667 ], [ -64.1997, -24.6645 ] ] } },
{ "type": "Feature", "properties": { "nombre": "-2", "longitud_km": 1.55 }, "geometry": { "type": "LineString", "coordinates": [ [ -64.1098, -24.3564 ], [ -64.1084, -24.3425 ] ] } },
{ "type": "Feature", "properties": { "nombre": "Camino sin nombre", "longitud_km": 3.87 }, "geometry": { "type": "LineString", "coordinates": [ [ -64.3446, -24.6667 ], [ -64.3519, -24.6548 ], [ -64.3746, -24.6501 ] ] } },
{ "type": "Feature", "properties": { "nombre": "Camino sin nombre", "longitud_km": 2.51 }, "geometry": { "type": "LineString", "coordinates": [ [ -64.0464, -24.5129 ], [ -64.0411, -24.5101 ], [ -64.0252, -24.519 ] ] } },
{ "type": "Feature", "properties": { "nombre": "Camino sin nombre", "longitud_km": 0.81 }, "geometry": { "type": "LineString", "coordinates": [ [ -64.0527, -24.4826 ], [ -64.0456, -24.486 ] ] } },
{ "type": "Feature", "properties": { "nombre": "-2", "longitud_km": 3.11 }, "geometry": { "type": "LineString", "coordinates": [ [ -64.2131, -24.6291 ], [ -64.1827, -24.633 ] ] } },
{ "type": "Feature", "properties": { "nombre": "-2", "longitud_km": 0.94 }, "geometry": { "type": "LineString", "coordinates": [ [ -64.2138, -24.4339 ], [ -64.2097, -24.4311 ], [ -64.2106, -24.4348 ] ] } },
{ "type": "Feature", "properties": { "nombre": "-2", "longitud_km": 0.34 }, "geometry": { "type": "LineString", "coordinates": [ [ -64.2138, -24.4339 ], [ -64.2106, -24.4348 ] ] } },
{ "type": "Feature", "properties": { "nombre": "-2", "longitud_km": 1.91 }, "geometry": { "type": "LineString", "coordinates": [ [ -64.1108, -24.3684 ], [ -64.1247, -24.3568 ] ] } },
{ "type": "Feature", "properties": { "nombre": "Camino sin nombre", "longitud_km": 0.35 }, "geometry": { "type": "LineString", "coordinates": [ [ -64.2387, -24.6535 ], [ -64.2361, -24.6514 ] ] } },
{ "type": "Feature", "properties": { "nombre": "Camino sin nombre", "longitud_km": 2.31 }, "geometry": { "type": "LineString", "coordinates": [ [ -64.0787, -24.3751 ], [ -64.0561, -24.377 ] ] } },
{ "type": "Feature", "properties": { "nombre": "-2", "longitud_km": 5.19 }, "geometry": { "type": "LineString", "coordinates": [ [ -64.2247, -24.6098 ], [ -64.2114, -24.5857 ], [ -64.2111, -24.5659 ] ] } },
{ "type": "Feature", "properties": { "nombre": "Camino sin nombre", "longitud_km": 0.45 }, "geometry": { "type": "LineString", "coordinates": [ [ -64.0783, -24.371 ], [ -64.0787, -24.3751 ] ] } },
{ "type": "Feature", "properties": { "nombre": "Camino sin nombre", "longitud_km": 2.38 }, "geometry": { "type": "LineString", "coordinates": [ [ -64.0265, -24.5833 ], [ -64.0358, -24.5636 ] ] } },
{ "type": "Feature", "properties": { "nombre": "Camino sin nombre", "longitud_km": 2.32 }, "geometry": { "type": "LineString", "coordinates": [ [ -64.3753, -24.6505 ], [ -64.3847, -24.6454 ], [ -64.3888, -24.6351 ] ] } },
{ "type": "Feature", "properties": { "nombre": "-2", "longitud_km": 3.89 }, "geometry": { "type": "LineString", "coordinates": [ [ -64.3744, -24.6495 ], [ -64.3632, -24.6251 ], [ -64.3642, -24.62 ], [ -64.3668, -24.6227 ] ] } },
{ "type": "Feature", "properties": { "nombre": "Camino sin nombre", "longitud_km": 1.74 }, "geometry": { "type": "LineString", "coordinates": [ [ -64.3744, -24.6495 ], [ -64.3836, -24.6362 ] ] } },
{ "type": "Feature", "properties": { "nombre": "Camino sin nombre", "longitud_km": 0.78 }, "geometry": { "type": "LineString", "coordinates": [ [ -64.0561, -24.377 ], [ -64.0484, -24.3776 ] ] } },
{ "type": "Feature", "properties": { "nombre": "-2", "longitud_km": 13.34 }, "geometry": { "type": "LineString", "coordinates": [ [ -64.2582, -24.6375 ], [ -64.2636, -24.6278 ], [ -64.2596, -24.6168 ], [ -64.2645, -24.5752 ], [ -64.25, -24.5699 ], [ -64.2451, -24.5763 ], [ -64.2445, -24.5928 ], [ -64.2336, -24.5936 ], [ -64.2296, -24.6001 ] ] } },
{ "type": "Feature", "properties": { "nombre": "Camino sin nombre", "longitud_km": 3.15 }, "geometry": { "type": "LineString", "coordinates": [ [ -64.2542, -24.6649 ], [ -64.2599, -24.6506 ], [ -64.2582, -24.6375 ] ] } },
{ "type": "Feature", "properties": { "nombre": "Camino sin nombre", "longitud_km": 0.91 }, "geometry": { "type": "LineString", "coordinates": [ [ -64.0484, -24.3776 ], [ -64.0486, -24.3859 ] ] } },
{ "type": "Feature", "properties": { "nombre": "-2", "longitud_km": 5.48 }, "geometry": { "type": "LineString", "coordinates": [ [ -64.1084, -24.3425 ], [ -64.0801, -24.3481 ], [ -64.0783, -24.371 ] ] } },
{ "type": "Feature", "properties": { "nombre": "-2", "longitud_km": 1.34 }, "geometry": { "type": "LineString", "coordinates": [ [ -64.1098, -24.3564 ], [ -64.1108, -24.3684 ] ] } },
{ "type": "Feature", "properties": { "nombre": "-2", "longitud_km": 6.34 }, "geometry": { "type": "LineString", "coordinates": [ [ -64.1108, -24.3684 ], [ -64.1138, -24.3974 ], [ -64.0832, -24.4004 ] ] } },
{ "type": "Feature", "properties": { "nombre": "Camino sin nombre", "longitud_km": 1.29 }, "geometry": { "type": "LineString", "coordinates": [ [ -64.046, -24.49 ], [ -64.0336, -24.4926 ] ] } },
{ "type": "Feature", "properties": { "nombre": "Camino sin nombre", "longitud_km": 0.13 }, "geometry": { "type": "LineString", "coordinates": [ [ -64.0649, -24.5081 ], [ -64.064, -24.5073 ] ] } },
{ "type": "Feature", "properties": { "nombre": "Camino sin nombre", "longitud_km": 0.13 }, "geometry": { "type": "LineString", "coordinates": [ [ -64.0627, -24.5068 ], [ -64.0619, -24.5077 ] ] } },
{ "type": "Feature", "properties": { "nombre": "-2", "longitud_km": 2.14 }, "geometry": { "type": "LineString", "coordinates": [ [ -64.1589, -24.5465 ], [ -64.147, -24.5404 ], [ -64.1448, -24.5339 ] ] } },
{ "type": "Feature", "properties": { "nombre": "Camino sin nombre", "longitud_km": 0.42 }, "geometry": { "type": "LineString", "coordinates": [ [ -64.0489, -24.4927 ], [ -64.046, -24.49 ] ] } },
{ "type": "Feature", "properties": { "nombre": "Camino sin nombre", "longitud_km": 0.07 }, "geometry": { "type": "LineString", "coordinates": [ [ -64.3746, -24.6501 ], [ -64.3744, -24.6495 ] ] } },
{ "type": "Feature", "properties": { "nombre": "Camino sin nombre", "longitud_km": 2.02 }, "geometry": { "type": "LineString", "coordinates": [ [ -64.3753, -24.6505 ], [ -64.3789, -24.6594 ], [ -64.3735, -24.6667 ] ] } },
{ "type": "Feature", "properties": { "nombre": "Camino sin nombre", "longitud_km": 0.09 }, "geometry": { "type": "LineString", "coordinates": [ [ -64.3746, -24.6501 ], [ -64.3753, -24.6505 ] ] } },
{ "type": "Feature", "properties": { "nombre": "Camino sin nombre", "longitud_km": 0.29 }, "geometry": { "type": "LineString", "coordinates": [ [ -64.2564, -24.6667 ], [ -64.2542, -24.6649 ] ] } },
{ "type": "Feature", "properties": { "nombre": "Camino sin nombre", "longitud_km": 2.02 }, "geometry": { "type": "LineString", "coordinates": [ [ -64.2542, -24.6649 ], [ -64.2387, -24.6535 ] ] } },
{ "type": "Feature", "properties": { "nombre": "Camino sin nombre", "longitud_km": 0.35 }, "geometry": { "type": "LineString", "coordinates": [ [ -64.2361, -24.6514 ], [ -64.2333, -24.6495 ] ] } },
{ "type": "Feature", "properties": { "nombre": "Camino sin nombre", "longitud_km": 1.39 }, "geometry": { "type": "LineString", "coordinates": [ [ -64.2323, -24.6667 ], [ -64.2277, -24.6549 ] ] } },
{ "type": "Feature", "properties": { "nombre": "Camino sin nombre", "longitud_km": 1.64 }, "geometry": { "type": "LineString", "coordinates": [ [ -64.0865, -24.4377 ], [ -64.0987, -24.4474 ] ] } },
{ "type": "Feature", "properties": { "nombre": "-2", "longitud_km": 2.56 }, "geometry": { "type": "LineString", "coordinates": [ [ -64.2333, -24.6495 ], [ -64.2233, -24.6398 ], [ -64.2255, -24.6302 ] ] } },
{ "type": "Feature", "properties": { "nombre": "-2", "longitud_km": 0.77 }, "geometry": { "type": "LineString", "coordinates": [ [ -64.2255, -24.6302 ], [ -64.2182, -24.6284 ] ] } },
{ "type": "Feature", "properties": { "nombre": "-2", "longitud_km": 0.48 }, "geometry": { "type": "LineString", "coordinates": [ [ -64.2182, -24.6284 ], [ -64.2134, -24.6291 ] ] } },
{ "type": "Feature", "properties": { "nombre": "Camino sin nombre", "longitud_km": 2.62 }, "geometry": { "type": "LineString", "coordinates": [ [ -64.2277, -24.6549 ], [ -64.2166, -24.6335 ] ] } },
{ "type": "Feature", "properties": { "nombre": "-2", "longitud_km": 0.03 }, "geometry": { "type": "LineString", "coordinates": [ [ -64.2134, -24.6291 ], [ -64.2131, -24.6291 ] ] } },
{ "type": "Feature", "properties": { "nombre": "-2", "longitud_km": 0.6 }, "geometry": { "type": "LineString", "coordinates": [ [ -64.2166, -24.6335 ], [ -64.2131, -24.6291 ] ] } },
{ "type": "Feature", "properties": { "nombre": "-2", "longitud_km": 3.07 }, "geometry": { "type": "LineString", "coordinates": [ [ -64.2182, -24.6284 ], [ -64.2179, -24.6192 ], [ -64.2278, -24.6188 ], [ -64.2247, -24.6098 ] ] } },
{ "type": "Feature", "properties": { "nombre": "Camino sin nombre", "longitud_km": 0.61 }, "geometry": { "type": "LineString", "coordinates": [ [ -64.0365, -24.4809 ], [ -64.0324, -24.4768 ] ] } },
{ "type": "Feature", "properties": { "nombre": "-2", "longitud_km": 0.57 }, "geometry": { "type": "LineString", "coordinates": [ [ -64.2247, -24.6098 ], [ -64.227, -24.6052 ] ] } },
{ "type": "Feature", "properties": { "nombre": "-2", "longitud_km": 0.42 }, "geometry": { "type": "LineString", "coordinates": [ [ -64.227, -24.6052 ], [ -64.2287, -24.6017 ] ] } },
{ "type": "Feature", "properties": { "nombre": "-2", "longitud_km": 1.93 }, "geometry": { "type": "LineString", "coordinates": [ [ -64.2111, -24.5659 ], [ -64.2079, -24.554 ], [ -64.2065, -24.5591 ] ] } },
{ "type": "Feature", "properties": { "nombre": "Camino sin nombre", "longitud_km": 1.14 }, "geometry": { "type": "LineString", "coordinates": [ [ -64.0856, -24.4274 ], [ -64.0865, -24.4377 ] ] } },
{ "type": "Feature", "properties": { "nombre": "Camino sin nombre", "longitud_km": 1.48 }, "geometry": { "type": "LineString", "coordinates": [ [ -64.0832, -24.4004 ], [ -64.0844, -24.4136 ] ] } },
{ "type": "Feature", "properties": { "nombre": "Camino sin nombre", "longitud_km": 1.01 }, "geometry": { "type": "LineString", "coordinates": [ [ -64.0844, -24.4136 ], [ -64.094, -24.4111 ] ] } },
{ "type": "Feature", "properties": { "nombre": "Camino sin nombre", "longitud_km": 0.2 }, "geometry": { "type": "LineString", "coordinates": [ [ -64.0832, -24.4004 ], [ -64.0813, -24.4005 ] ] } },
{ "type": "Feature", "properties": { "nombre": "-2", "longitud_km": 2.17 }, "geometry": { "type": "LineString", "coordinates": [ [ -64.1983, -24.4716 ], [ -64.1912, -24.4704 ], [ -64.1834, -24.4812 ] ] } },
{ "type": "Feature", "properties": { "nombre": "-2", "longitud_km": 0.74 }, "geometry": { "type": "LineString", "coordinates": [ [ -64.1834, -24.4812 ], [ -64.1767, -24.4839 ] ] } },
{ "type": "Feature", "properties": { "nombre": "-2", "longitud_km": 4.29 }, "geometry": { "type": "LineString", "coordinates": [ [ -64.1717, -24.579 ], [ -64.1667, -24.5564 ], [ -64.1612, -24.557 ], [ -64.1589, -24.5465 ] ] } },
{ "type": "Feature", "properties": { "nombre": "Camino sin nombre", "longitud_km": 0.44 }, "geometry": { "type": "LineString", "coordinates": [ [ -64.1953, -24.6667 ], [ -64.1938, -24.6629 ] ] } },
{ "type": "Feature", "properties": { "nombre": "Camino sin nombre", "longitud_km": 3.5 }, "geometry": { "type": "LineString", "coordinates": [ [ -64.1938, -24.6629 ], [ -64.1827, -24.633 ] ] } },
{ "type": "Feature", "properties": { "nombre": "Camino sin nombre", "longitud_km": 0.25 }, "geometry": { "type": "LineString", "coordinates": [ [ -64.0324, -24.4768 ], [ -64.0307, -24.4752 ] ] } },
{ "type": "Feature", "properties": { "nombre": "Camino sin nombre", "longitud_km": 0.37 }, "geometry": { "type": "LineString", "coordinates": [ [ -64.0307, -24.4752 ], [ -64.0282, -24.4728 ] ] } },
{ "type": "Feature", "properties": { "nombre": "Camino sin nombre", "longitud_km": 0.08 }, "geometry": { "type": "LineString", "coordinates": [ [ -64.0282, -24.4728 ], [ -64.0277, -24.4723 ] ] } },
{ "type": "Feature", "properties": { "nombre": "-2", "longitud_km": 2.76 }, "geometry": { "type": "LineString", "coordinates": [ [ -64.1767, -24.4839 ], [ -64.1657, -24.4904 ], [ -64.1648, -24.5033 ] ] } },
{ "type": "Feature", "properties": { "nombre": "-2", "longitud_km": 1.43 }, "geometry": { "type": "LineString", "coordinates": [ [ -64.1694, -24.3459 ], [ -64.1731, -24.3495 ], [ -64.1713, -24.3417 ] ] } },
{ "type": "Feature", "properties": { "nombre": "-2", "longitud_km": 0.68 }, "geometry": { "type": "LineString", "coordinates": [ [ -64.164, -24.3423 ], [ -64.1694, -24.3459 ] ] } },
{ "type": "Feature", "properties": { "nombre": "-2", "longitud_km": 0.74 }, "geometry": { "type": "LineString", "coordinates": [ [ -64.157, -24.3404 ], [ -64.164, -24.3423 ] ] } },
{ "type": "Feature", "properties": { "nombre": "-2", "longitud_km": 2.02 }, "geometry": { "type": "LineString", "coordinates": [ [ -64.1381, -24.3458 ], [ -64.157, -24.3404 ] ] } },
{ "type": "Feature", "properties": { "nombre": "-2", "longitud_km": 0.73 }, "geometry": { "type": "LineString", "coordinates": [ [ -64.1327, -24.3502 ], [ -64.1381, -24.3458 ] ] } },
{ "type": "Feature", "properties": { "nombre": "-2", "longitud_km": 1.1 }, "geometry": { "type": "LineString", "coordinates": [ [ -64.1247, -24.3568 ], [ -64.1327, -24.3502 ] ] } },
{ "type": "Feature", "properties": { "nombre": "Camino sin nombre", "longitud_km": 1.08 }, "geometry": { "type": "LineString", "coordinates": [ [ -64.008, -24.5177 ], [ -64.0047, -24.5139 ], [ -64.0, -24.5161 ] ] } },
{ "type": "Feature", "properties": { "nombre": "Camino sin nombre", "longitud_km": 0.65 }, "geometry": { "type": "LineString", "coordinates": [ [ -64.0252, -24.519 ], [ -64.0191, -24.5208 ] ] } },
{ "type": "Feature", "properties": { "nombre": "Camino sin nombre", "longitud_km": 0.19 }, "geometry": { "type": "LineString", "coordinates": [ [ -64.0424, -24.4865 ], [ -64.0411, -24.4852 ] ] } },
{ "type": "Feature", "properties": { "nombre": "Camino sin nombre", "longitud_km": 0.08 }, "geometry": { "type": "LineString", "coordinates": [ [ -64.0408, -24.4849 ], [ -64.0402, -24.4844 ] ] } },
{ "type": "Feature", "properties": { "nombre": "Camino sin nombre", "longitud_km": 0.04 }, "geometry": { "type": "LineString", "coordinates": [ [ -64.0411, -24.4852 ], [ -64.0408, -24.4849 ] ] } },
{ "type": "Feature", "properties": { "nombre": "Camino sin nombre", "longitud_km": 0.28 }, "geometry": { "type": "LineString", "coordinates": [ [ -64.0456, -24.486 ], [ -64.0432, -24.4872 ] ] } },
{ "type": "Feature", "properties": { "nombre": "Camino sin nombre", "longitud_km": 0.54 }, "geometry": { "type": "LineString", "coordinates": [ [ -64.0402, -24.4844 ], [ -64.0365, -24.4809 ] ] } },
{ "type": "Feature", "properties": { "nombre": "Camino sin nombre", "longitud_km": 0.65 }, "geometry": { "type": "LineString", "coordinates": [ [ -64.0248, -24.4609 ], [ -64.0204, -24.4652 ] ] } },
{ "type": "Feature", "properties": { "nombre": "Camino sin nombre", "longitud_km": 0.19 }, "geometry": { "type": "LineString", "coordinates": [ [ -64.0216, -24.4664 ], [ -64.0204, -24.4652 ] ] } },
{ "type": "Feature", "properties": { "nombre": "Camino sin nombre", "longitud_km": 0.42 }, "geometry": { "type": "LineString", "coordinates": [ [ -64.0022, -24.4437 ], [ -64.0, -24.4405 ] ] } },
{ "type": "Feature", "properties": { "nombre": "Camino sin nombre", "longitud_km": 1.53 }, "geometry": { "type": "LineString", "coordinates": [ [ -64.0014, -24.4081 ], [ -64.0128, -24.4172 ] ] } },
{ "type": "Feature", "properties": { "nombre": "Camino sin nombre", "longitud_km": 0.12 }, "geometry": { "type": "LineString", "coordinates": [ [ -64.0012, -24.4065 ], [ -64.0, -24.4066 ] ] } },
{ "type": "Feature", "properties": { "nombre": "Camino sin nombre", "longitud_km": 0.04 }, "geometry": { "type": "LineString", "coordinates": [ [ -64.0012, -24.4065 ], [ -64.0013, -24.4068 ] ] } },
{ "type": "Feature", "properties": { "nombre": "Camino sin nombre", "longitud_km": 0.14 }, "geometry": { "type": "LineString", "coordinates": [ [ -64.0013, -24.4068 ], [ -64.0014, -24.4081 ] ] } },
{ "type": "Feature", "properties": { "nombre": "Camino sin nombre", "longitud_km": 0.39 }, "geometry": { "type": "LineString", "coordinates": [ [ -64.042, -24.3999 ], [ -64.0417, -24.4034 ] ] } },
{ "type": "Feature", "properties": { "nombre": "Camino sin nombre", "longitud_km": 0.14 }, "geometry": { "type": "LineString", "coordinates": [ [ -64.0421, -24.3986 ], [ -64.042, -24.3999 ] ] } },
{ "type": "Feature", "properties": { "nombre": "Camino sin nombre", "longitud_km": 3.65 }, "geometry": { "type": "LineString", "coordinates": [ [ -64.0813, -24.4005 ], [ -64.0454, -24.4031 ] ] } },
{ "type": "Feature", "properties": { "nombre": "Camino sin nombre", "longitud_km": 0.37 }, "geometry": { "type": "LineString", "coordinates": [ [ -64.0454, -24.4031 ], [ -64.0417, -24.4034 ] ] } },
{ "type": "Feature", "properties": { "nombre": "Camino sin nombre", "longitud_km": 0.12 }, "geometry": { "type": "LineString", "coordinates": [ [ -64.0417, -24.4034 ], [ -64.0406, -24.4034 ] ] } },
{ "type": "Feature", "properties": { "nombre": "-2", "longitud_km": 0.16 }, "geometry": { "type": "LineString", "coordinates": [ [ -64.1021, -24.5435 ], [ -64.101, -24.5425 ] ] } },
{ "type": "Feature", "properties": { "nombre": "-2", "longitud_km": 0.16 }, "geometry": { "type": "LineString", "coordinates": [ [ -64.101, -24.5425 ], [ -64.0999, -24.5415 ] ] } },
{ "type": "Feature", "properties": { "nombre": "Camino sin nombre", "longitud_km": 0.17 }, "geometry": { "type": "LineString", "coordinates": [ [ -64.0999, -24.5415 ], [ -64.0987, -24.5403 ] ] } },
{ "type": "Feature", "properties": { "nombre": "Camino sin nombre", "longitud_km": 0.74 }, "geometry": { "type": "LineString", "coordinates": [ [ -64.0426, -24.3919 ], [ -64.0421, -24.3986 ] ] } },
{ "type": "Feature", "properties": { "nombre": "Camino sin nombre", "longitud_km": 1.31 }, "geometry": { "type": "LineString", "coordinates": [ [ -64.2095, -24.6413 ], [ -64.2119, -24.6342 ], [ -64.2166, -24.6335 ] ] } },
{ "type": "Feature", "properties": { "nombre": "Camino sin nombre", "longitud_km": 1.13 }, "geometry": { "type": "LineString", "coordinates": [ [ -64.2095, -24.6413 ], [ -64.2199, -24.6375 ] ] } },
{ "type": "Feature", "properties": { "nombre": "Camino sin nombre", "longitud_km": 0.32 }, "geometry": { "type": "LineString", "coordinates": [ [ -64.0997, -24.5437 ], [ -64.0981, -24.5412 ] ] } },
{ "type": "Feature", "properties": { "nombre": "Camino sin nombre", "longitud_km": 3.52 }, "geometry": { "type": "LineString", "coordinates": [ [ -64.0781, -24.5207 ], [ -64.0995, -24.5457 ] ] } },
{ "type": "Feature", "properties": { "nombre": "Camino sin nombre", "longitud_km": 1.36 }, "geometry": { "type": "LineString", "coordinates": [ [ -64.0128, -24.6093 ], [ -64.0067, -24.5983 ] ] } },
{ "type": "Feature", "properties": { "nombre": "Camino sin nombre", "longitud_km": 1.13 }, "geometry": { "type": "LineString", "coordinates": [ [ -64.0067, -24.5983 ], [ -64.0, -24.5902 ] ] } },
{ "type": "Feature", "properties": { "nombre": "Camino sin nombre", "longitud_km": 4.76 }, "geometry": { "type": "LineString", "coordinates": [ [ -64.0588, -24.658 ], [ -64.0471, -24.6405 ], [ -64.0274, -24.6271 ] ] } },
{ "type": "Feature", "properties": { "nombre": "Camino sin nombre", "longitud_km": 0.13 }, "geometry": { "type": "LineString", "coordinates": [ [ -64.0957, -24.5373 ], [ -64.0948, -24.5365 ] ] } },
{ "type": "Feature", "properties": { "nombre": "Camino sin nombre", "longitud_km": 1.32 }, "geometry": { "type": "LineString", "coordinates": [ [ -64.0679, -24.6665 ], [ -64.0588, -24.658 ] ] } },
{ "type": "Feature", "properties": { "nombre": "Camino sin nombre", "longitud_km": 1.28 }, "geometry": { "type": "LineString", "coordinates": [ [ -64.0274, -24.6271 ], [ -64.0207, -24.6173 ] ] } },
{ "type": "Feature", "properties": { "nombre": "Camino sin nombre", "longitud_km": 0.55 }, "geometry": { "type": "LineString", "coordinates": [ [ -64.0051, -24.4505 ], [ -64.0002, -24.4526 ] ] } },
{ "type": "Feature", "properties": { "nombre": "-2", "longitud_km": 1.07 }, "geometry": { "type": "LineString", "coordinates": [ [ -64.16, -24.6142 ], [ -64.1673, -24.6071 ] ] } },
{ "type": "Feature", "properties": { "nombre": "-2", "longitud_km": 1.11 }, "geometry": { "type": "LineString", "coordinates": [ [ -64.1662, -24.6205 ], [ -64.1738, -24.6133 ] ] } },
{ "type": "Feature", "properties": { "nombre": "-2", "longitud_km": 0.69 }, "geometry": { "type": "LineString", "coordinates": [ [ -64.1075, -24.5355 ], [ -64.1023, -24.5395 ] ] } },
{ "type": "Feature", "properties": { "nombre": "Camino sin nombre", "longitud_km": 1.2 }, "geometry": { "type": "LineString", "coordinates": [ [ -64.0207, -24.6173 ], [ -64.0128, -24.6093 ] ] } },
{ "type": "Feature", "properties": { "nombre": "-2", "longitud_km": 2.0 }, "geometry": { "type": "LineString", "coordinates": [ [ -66.9544, -24.1717 ], [ -66.9481, -24.1888 ] ] } },
{ "type": "Feature", "properties": { "nombre": "-2", "longitud_km": 6.14 }, "geometry": { "type": "LineString", "coordinates": [ [ -66.9338, -24.1372 ], [ -66.9072, -24.187 ] ] } },
{ "type": "Feature", "properties": { "nombre": "-2", "longitud_km": 0.71 }, "geometry": { "type": "LineString", "coordinates": [ [ -66.3377, -24.0515 ], [ -66.3308, -24.0514 ] ] } },
{ "type": "Feature", "properties": { "nombre": "-2", "longitud_km": 3.95 }, "geometry": { "type": "LineString", "coordinates": [ [ -66.9635, -24.2119 ], [ -66.975, -24.2166 ], [ -67.0, -24.2093 ] ] } },
{ "type": "Feature", "properties": { "nombre": "-2", "longitud_km": 1.2 }, "geometry": { "type": "LineString", "coordinates": [ [ -67.0, -24.0252 ], [ -66.9936, -24.0284 ], [ -66.9959, -24.0319 ] ] } },
{ "type": "Feature", "properties": { "nombre": "-2", "longitud_km": 2.22 }, "geometry": { "type": "LineString", "coordinates": [ [ -66.9959, -24.0319 ], [ -66.9918, -24.0516 ] ] } },
{ "type": "Feature", "properties": { "nombre": "-2", "longitud_km": 0.96 }, "geometry": { "type": "LineString", "coordinates": [ [ -66.9621, -24.1572 ], [ -66.9635, -24.1658 ] ] } },
{ "type": "Feature", "properties": { "nombre": "-2", "longitud_km": 1.53 }, "geometry": { "type": "LineString", "coordinates": [ [ -66.9918, -24.0516 ], [ -66.989, -24.0651 ] ] } },
{ "type": "Feature", "properties": { "nombre": "-2", "longitud_km": 0.04 }, "geometry": { "type": "LineString", "coordinates": [ [ -66.989, -24.0651 ], [ -66.989, -24.0655 ] ] } },
{ "type": "Feature", "properties": { "nombre": "-2", "longitud_km": 0.67 }, "geometry": { "type": "LineString", "coordinates": [ [ -66.989, -24.0655 ], [ -66.988, -24.0714 ] ] } },
{ "type": "Feature", "properties": { "nombre": "-2", "longitud_km": 0.38 }, "geometry": { "type": "LineString", "coordinates": [ [ -66.988, -24.0714 ], [ -66.9885, -24.0748 ] ] } },
{ "type": "Feature", "properties": { "nombre": "-2", "longitud_km": 0.2 }, "geometry": { "type": "LineString", "coordinates": [ [ -66.3051, -24.163 ], [ -66.3043, -24.1646 ] ] } },
{ "type": "Feature", "properties": { "nombre": "-2", "longitud_km": 0.4 }, "geometry": { "type": "LineString", "coordinates": [ [ -66.3002, -24.1638 ], [ -66.3041, -24.164 ] ] } },
{ "type": "Feature", "properties": { "nombre": "-2", "longitud_km": 2.12 }, "geometry": { "type": "LineString", "coordinates": [ [ -66.9885, -24.0748 ], [ -66.9825, -24.0931 ] ] } },
{ "type": "Feature", "properties": { "nombre": "-2", "longitud_km": 0.93 }, "geometry": { "type": "LineString", "coordinates": [ [ -66.9825, -24.0931 ], [ -66.9761, -24.0993 ] ] } },
{ "type": "Feature", "properties": { "nombre": "-2", "longitud_km": 0.51 }, "geometry": { "type": "LineString", "coordinates": [ [ -66.9761, -24.0993 ], [ -66.9727, -24.1025 ] ] } },
{ "type": "Feature", "properties": { "nombre": "-2", "longitud_km": 0.41 }, "geometry": { "type": "LineString", "coordinates": [ [ -66.9718, -24.1031 ], [ -66.9695, -24.1062 ] ] } },
{ "type": "Feature", "properties": { "nombre": "-2", "longitud_km": 1.15 }, "geometry": { "type": "LineString", "coordinates": [ [ -66.9712, -24.1081 ], [ -66.9744, -24.118 ] ] } },
{ "type": "Feature", "properties": { "nombre": "-2", "longitud_km": 0.97 }, "geometry": { "type": "LineString", "coordinates": [ [ -66.9744, -24.118 ], [ -66.9725, -24.1265 ] ] } },
{ "type": "Feature", "properties": { "nombre": "-2", "longitud_km": 0.47 }, "geometry": { "type": "LineString", "coordinates": [ [ -66.9725, -24.1265 ], [ -66.9699, -24.1301 ] ] } },
{ "type": "Feature", "properties": { "nombre": "-2", "longitud_km": 3.15 }, "geometry": { "type": "LineString", "coordinates": [ [ -66.9699, -24.1301 ], [ -66.9634, -24.1405 ], [ -66.9623, -24.1569 ] ] } },
{ "type": "Feature", "properties": { "nombre": "-2", "longitud_km": 0.04 }, "geometry": { "type": "LineString", "coordinates": [ [ -66.9623, -24.1569 ], [ -66.9621, -24.1572 ] ] } },
{ "type": "Feature", "properties": { "nombre": "-2", "longitud_km": 0.05 }, "geometry": { "type": "LineString", "coordinates": [ [ -66.0, -24.0346 ], [ -66.0, -24.035 ] ] } },
{ "type": "Feature", "properties": { "nombre": "-2", "longitud_km": 1.05 }, "geometry": { "type": "LineString", "coordinates": [ [ -66.9491, -24.1982 ], [ -66.957, -24.2042 ] ] } },
{ "type": "Feature", "properties": { "nombre": "-2", "longitud_km": 1.23 }, "geometry": { "type": "LineString", "coordinates": [ [ -66.9364, -24.2826 ], [ -66.9377, -24.2937 ] ] } },
{ "type": "Feature", "properties": { "nombre": "-2", "longitud_km": 1.18 }, "geometry": { "type": "LineString", "coordinates": [ [ -66.9377, -24.2937 ], [ -66.9409, -24.3039 ] ] } },
{ "type": "Feature", "properties": { "nombre": "-2", "longitud_km": 1.08 }, "geometry": { "type": "LineString", "coordinates": [ [ -66.957, -24.2042 ], [ -66.9635, -24.2119 ] ] } },
{ "type": "Feature", "properties": { "nombre": "-2", "longitud_km": 0.11 }, "geometry": { "type": "LineString", "coordinates": [ [ -66.3062, -24.1629 ], [ -66.3051, -24.163 ] ] } },
{ "type": "Feature", "properties": { "nombre": "-2", "longitud_km": 0.19 }, "geometry": { "type": "LineString", "coordinates": [ [ -66.2952, -24.1351 ], [ -66.2936, -24.1342 ] ] } },
{ "type": "Feature", "properties": { "nombre": "-2", "longitud_km": 0.52 }, "geometry": { "type": "LineString", "coordinates": [ [ -66.3261, -24.0499 ], [ -66.3215, -24.0478 ] ] } },
{ "type": "Feature", "properties": { "nombre": "-2", "longitud_km": 1.04 }, "geometry": { "type": "LineString", "coordinates": [ [ -66.9481, -24.1888 ], [ -66.9491, -24.1982 ] ] } },
{ "type": "Feature", "properties": { "nombre": "-2", "longitud_km": 1.14 }, "geometry": { "type": "LineString", "coordinates": [ [ -66.9635, -24.1658 ], [ -66.9544, -24.1717 ] ] } },
{ "type": "Feature", "properties": { "nombre": "-2", "longitud_km": 5.58 }, "geometry": { "type": "LineString", "coordinates": [ [ -66.8534, -24.1234 ], [ -66.8474, -24.1413 ], [ -66.8393, -24.1503 ], [ -66.8382, -24.1637 ], [ -66.8431, -24.1684 ] ] } },
{ "type": "Feature", "properties": { "nombre": "-2", "longitud_km": 0.96 }, "geometry": { "type": "LineString", "coordinates": [ [ -66.9905, -24.0976 ], [ -66.9825, -24.0931 ] ] } },
{ "type": "Feature", "properties": { "nombre": "-2", "longitud_km": 2.03 }, "geometry": { "type": "LineString", "coordinates": [ [ -66.9573, -24.1207 ], [ -66.9695, -24.1062 ] ] } },
{ "type": "Feature", "properties": { "nombre": "-2", "longitud_km": 1.06 }, "geometry": { "type": "LineString", "coordinates": [ [ -66.9465, -24.128 ], [ -66.9554, -24.1229 ] ] } },
{ "type": "Feature", "properties": { "nombre": "-2", "longitud_km": 0.35 }, "geometry": { "type": "LineString", "coordinates": [ [ -66.9695, -24.1062 ], [ -66.9712, -24.1034 ] ] } },
{ "type": "Feature", "properties": { "nombre": "-2", "longitud_km": 0.63 }, "geometry": { "type": "LineString", "coordinates": [ [ -66.9712, -24.1081 ], [ -66.9727, -24.1025 ] ] } },
{ "type": "Feature", "properties": { "nombre": "-2", "longitud_km": 0.27 }, "geometry": { "type": "LineString", "coordinates": [ [ -66.9695, -24.1062 ], [ -66.9712, -24.1081 ] ] } },
{ "type": "Feature", "properties": { "nombre": "-2", "longitud_km": 0.11 }, "geometry": { "type": "LineString", "coordinates": [ [ -66.9727, -24.1025 ], [ -66.9718, -24.1031 ] ] } },
{ "type": "Feature", "properties": { "nombre": "-2", "longitud_km": 1.68 }, "geometry": { "type": "LineString", "coordinates": [ [ -66.9699, -24.1301 ], [ -66.9554, -24.1229 ] ] } },
{ "type": "Feature", "properties": { "nombre": "-2", "longitud_km": 0.31 }, "geometry": { "type": "LineString", "coordinates": [ [ -66.9554, -24.1229 ], [ -66.9573, -24.1207 ] ] } },
{ "type": "Feature", "properties": { "nombre": "-2", "longitud_km": 0.32 }, "geometry": { "type": "LineString", "coordinates": [ [ -66.9042, -24.188 ], [ -66.9072, -24.187 ] ] } },
{ "type": "Feature", "properties": { "nombre": "-2", "longitud_km": 1.75 }, "geometry": { "type": "LineString", "coordinates": [ [ -66.9072, -24.187 ], [ -66.9234, -24.1816 ] ] } },
{ "type": "Feature", "properties": { "nombre": "-2", "longitud_km": 0.71 }, "geometry": { "type": "LineString", "coordinates": [ [ -66.295, -24.2373 ], [ -66.2962, -24.2436 ] ] } },
{ "type": "Feature", "properties": { "nombre": "-2", "longitud_km": 0.52 }, "geometry": { "type": "LineString", "coordinates": [ [ -66.2936, -24.1342 ], [ -66.2885, -24.1334 ] ] } },
{ "type": "Feature", "properties": { "nombre": "-2", "longitud_km": 0.73 }, "geometry": { "type": "LineString", "coordinates": [ [ -66.3159, -24.1465 ], [ -66.3089, -24.1483 ] ] } },
{ "type": "Feature", "properties": { "nombre": "-2", "longitud_km": 2.89 }, "geometry": { "type": "LineString", "coordinates": [ [ -66.9234, -24.1816 ], [ -66.9306, -24.1789 ], [ -66.9481, -24.1888 ] ] } },
{ "type": "Feature", "properties": { "nombre": "-2", "longitud_km": 0.05 }, "geometry": { "type": "LineString", "coordinates": [ [ -66.9038, -24.1885 ], [ -66.904, -24.1881 ] ] } },
{ "type": "Feature", "properties": { "nombre": "-2", "longitud_km": 0.03 }, "geometry": { "type": "LineString", "coordinates": [ [ -66.904, -24.1881 ], [ -66.9042, -24.188 ] ] } },
{ "type": "Feature", "properties": { "nombre": "-2", "longitud_km": 0.08 }, "geometry": { "type": "LineString", "coordinates": [ [ -66.9034, -24.1879 ], [ -66.9042, -24.188 ] ] } },
{ "type": "Feature", "properties": { "nombre": "-2", "longitud_km": 3.27 }, "geometry": { "type": "LineString", "coordinates": [ [ -66.6666, -24.1535 ], [ -66.6719, -24.1619 ], [ -66.6664, -24.1756 ], [ -66.6687, -24.1803 ] ] } },
{ "type": "Feature", "properties": { "nombre": "-2", "longitud_km": 2.14 }, "geometry": { "type": "LineString", "coordinates": [ [ -66.8326, -24.0861 ], [ -66.827, -24.0674 ] ] } },
{ "type": "Feature", "properties": { "nombre": "-2", "longitud_km": 1.21 }, "geometry": { "type": "LineString", "coordinates": [ [ -66.8392, -24.0951 ], [ -66.8326, -24.0861 ] ] } },
{ "type": "Feature", "properties": { "nombre": "Camino sin nombre", "longitud_km": 0.52 }, "geometry": { "type": "LineString", "coordinates": [ [ -66.2656, -24.0026 ], [ -66.2699, -24.0 ] ] } },
{ "type": "Feature", "properties": { "nombre": "-2", "longitud_km": 1.88 }, "geometry": { "type": "LineString", "coordinates": [ [ -66.3241, -24.0 ], [ -66.3424, -24.0024 ] ] } },
{ "type": "Feature", "properties": { "nombre": "-2", "longitud_km": 1.1 }, "geometry": { "type": "LineString", "coordinates": [ [ -65.9932, -24.0423 ], [ -66.0, -24.0345 ] ] } },
{ "type": "Feature", "properties": { "nombre": "Camino sin nombre", "longitud_km": 3.19 }, "geometry": { "type": "LineString", "coordinates": [ [ -66.106, -24.0768 ], [ -66.1358, -24.0858 ] ] } },
{ "type": "Feature", "properties": { "nombre": "-2", "longitud_km": 0.42 }, "geometry": { "type": "LineString", "coordinates": [ [ -66.0, -24.0367 ], [ -66.0009, -24.0403 ] ] } },
{ "type": "Feature", "properties": { "nombre": "Camino sin nombre", "longitud_km": 0.06 }, "geometry": { "type": "LineString", "coordinates": [ [ -66.0009, -24.0403 ], [ -66.0014, -24.0406 ] ] } },
{ "type": "Feature", "properties": { "nombre": "Camino sin nombre", "longitud_km": 3.11 }, "geometry": { "type": "LineString", "coordinates": [ [ -66.0014, -24.0406 ], [ -66.0239, -24.0595 ] ] } },
{ "type": "Feature", "properties": { "nombre": "Camino sin nombre", "longitud_km": 2.13 }, "geometry": { "type": "LineString", "coordinates": [ [ -66.0311, -24.2031 ], [ -66.0292, -24.1839 ] ] } },
{ "type": "Feature", "properties": { "nombre": "-2", "longitud_km": 1.1 }, "geometry": { "type": "LineString", "coordinates": [ [ -66.3011, -24.2206 ], [ -66.3107, -24.2161 ] ] } },
{ "type": "Feature", "properties": { "nombre": "Camino sin nombre", "longitud_km": 3.31 }, "geometry": { "type": "LineString", "coordinates": [ [ -66.0239, -24.0595 ], [ -66.0412, -24.0555 ], [ -66.0528, -24.0471 ] ] } },
{ "type": "Feature", "properties": { "nombre": "Camino sin nombre", "longitud_km": 0.38 }, "geometry": { "type": "LineString", "coordinates": [ [ -66.0528, -24.0471 ], [ -66.0563, -24.0485 ] ] } },
{ "type": "Feature", "properties": { "nombre": "Camino sin nombre", "longitud_km": 0.21 }, "geometry": { "type": "LineString", "coordinates": [ [ -66.0563, -24.0485 ], [ -66.057, -24.0502 ] ] } },
{ "type": "Feature", "properties": { "nombre": "Camino sin nombre", "longitud_km": 0.41 }, "geometry": { "type": "LineString", "coordinates": [ [ -66.2654, -24.0812 ], [ -66.2694, -24.0815 ] ] } },
{ "type": "Feature", "properties": { "nombre": "Camino sin nombre", "longitud_km": 1.23 }, "geometry": { "type": "LineString", "coordinates": [ [ -66.2534, -24.0818 ], [ -66.2654, -24.0812 ] ] } },
{ "type": "Feature", "properties": { "nombre": "Camino sin nombre", "longitud_km": 0.05 }, "geometry": { "type": "LineString", "coordinates": [ [ -66.2468, -24.0822 ], [ -66.2473, -24.0822 ] ] } },
{ "type": "Feature", "properties": { "nombre": "Camino sin nombre", "longitud_km": 0.62 }, "geometry": { "type": "LineString", "coordinates": [ [ -66.2473, -24.0822 ], [ -66.2534, -24.0818 ] ] } },
{ "type": "Feature", "properties": { "nombre": "Camino sin nombre", "longitud_km": 1.17 }, "geometry": { "type": "LineString", "coordinates": [ [ -66.2243, -24.084 ], [ -66.2358, -24.0831 ] ] } },
{ "type": "Feature", "properties": { "nombre": "Camino sin nombre", "longitud_km": 2.64 }, "geometry": { "type": "LineString", "coordinates": [ [ -66.1987, -24.088 ], [ -66.2243, -24.084 ] ] } },
{ "type": "Feature", "properties": { "nombre": "Camino sin nombre", "longitud_km": 0.36 }, "geometry": { "type": "LineString", "coordinates": [ [ -66.1954, -24.0892 ], [ -66.1987, -24.088 ] ] } },
{ "type": "Feature", "properties": { "nombre": "Camino sin nombre", "longitud_km": 1.75 }, "geometry": { "type": "LineString", "coordinates": [ [ -66.0292, -24.1839 ], [ -66.027, -24.1683 ] ] } },
{ "type": "Feature", "properties": { "nombre": "-2", "longitud_km": 0.16 }, "geometry": { "type": "LineString", "coordinates": [ [ -66.0, -24.0365 ], [ -66.0, -24.0351 ] ] } },
{ "type": "Feature", "properties": { "nombre": "Camino sin nombre", "longitud_km": 4.49 }, "geometry": { "type": "LineString", "coordinates": [ [ -66.057, -24.0502 ], [ -66.0623, -24.0694 ], [ -66.0795, -24.0828 ] ] } },
{ "type": "Feature", "properties": { "nombre": "Camino sin nombre", "longitud_km": 2.47 }, "geometry": { "type": "LineString", "coordinates": [ [ -66.0795, -24.0828 ], [ -66.1003, -24.0712 ] ] } },
{ "type": "Feature", "properties": { "nombre": "Camino sin nombre", "longitud_km": 0.85 }, "geometry": { "type": "LineString", "coordinates": [ [ -66.1003, -24.0712 ], [ -66.106, -24.0768 ] ] } },
{ "type": "Feature", "properties": { "nombre": "Camino sin nombre", "longitud_km": 3.26 }, "geometry": { "type": "LineString", "coordinates": [ [ -66.1634, -24.0915 ], [ -66.1954, -24.0892 ] ] } },
{ "type": "Feature", "properties": { "nombre": "Camino sin nombre", "longitud_km": 0.05 }, "geometry": { "type": "LineString", "coordinates": [ [ -66.0174, -24.3333 ], [ -66.0176, -24.3329 ] ] } },
{ "type": "Feature", "properties": { "nombre": "Camino sin nombre", "longitud_km": 1.94 }, "geometry": { "type": "LineString", "coordinates": [ [ -66.0, -24.1342 ], [ -66.0132, -24.1468 ] ] } },
{ "type": "Feature", "properties": { "nombre": "-2", "longitud_km": 6.61 }, "geometry": { "type": "LineString", "coordinates": [ [ -66.2885, -24.1334 ], [ -66.2981, -24.1546 ], [ -66.3041, -24.1846 ], [ -66.3093, -24.1886 ] ] } },
{ "type": "Feature", "properties": { "nombre": "Camino sin nombre", "longitud_km": 2.87 }, "geometry": { "type": "LineString", "coordinates": [ [ -66.1358, -24.0858 ], [ -66.1634, -24.0915 ] ] } },
{ "type": "Feature", "properties": { "nombre": "-2", "longitud_km": 1.4 }, "geometry": { "type": "LineString", "coordinates": [ [ -66.2694, -24.0815 ], [ -66.2828, -24.0845 ] ] } },
{ "type": "Feature", "properties": { "nombre": "Camino sin nombre", "longitud_km": 1.21 }, "geometry": { "type": "LineString", "coordinates": [ [ -66.0176, -24.3329 ], [ -66.0193, -24.3222 ] ] } },
{ "type": "Feature", "properties": { "nombre": "Camino sin nombre", "longitud_km": 2.89 }, "geometry": { "type": "LineString", "coordinates": [ [ -66.027, -24.1683 ], [ -66.0258, -24.1591 ], [ -66.0132, -24.1468 ] ] } },
{ "type": "Feature", "properties": { "nombre": "Camino sin nombre", "longitud_km": 0.89 }, "geometry": { "type": "LineString", "coordinates": [ [ -66.023, -24.2265 ], [ -66.019, -24.2194 ] ] } },
{ "type": "Feature", "properties": { "nombre": "Camino sin nombre", "longitud_km": 1.13 }, "geometry": { "type": "LineString", "coordinates": [ [ -66.2358, -24.0831 ], [ -66.2468, -24.0822 ] ] } },
{ "type": "Feature", "properties": { "nombre": "Camino sin nombre", "longitud_km": 1.58 }, "geometry": { "type": "LineString", "coordinates": [ [ -66.0482, -24.2455 ], [ -66.0332, -24.242 ] ] } },
{ "type": "Feature", "properties": { "nombre": "-2", "longitud_km": 0.35 }, "geometry": { "type": "LineString", "coordinates": [ [ -66.455, -24.2199 ], [ -66.4541, -24.2168 ] ] } },
{ "type": "Feature", "properties": { "nombre": "Camino sin nombre", "longitud_km": 9.12 }, "geometry": { "type": "LineString", "coordinates": [ [ -66.0193, -24.3222 ], [ -66.0352, -24.2739 ], [ -66.0332, -24.242 ] ] } },
{ "type": "Feature", "properties": { "nombre": "Camino sin nombre", "longitud_km": 2.0 }, "geometry": { "type": "LineString", "coordinates": [ [ -66.0332, -24.242 ], [ -66.023, -24.2265 ] ] } },
{ "type": "Feature", "properties": { "nombre": "Camino sin nombre", "longitud_km": 2.0 }, "geometry": { "type": "LineString", "coordinates": [ [ -66.019, -24.2194 ], [ -66.031, -24.2051 ] ] } },
{ "type": "Feature", "properties": { "nombre": "Camino sin nombre", "longitud_km": 0.22 }, "geometry": { "type": "LineString", "coordinates": [ [ -66.031, -24.2051 ], [ -66.0311, -24.2031 ] ] } },
{ "type": "Feature", "properties": { "nombre": "-2", "longitud_km": 3.51 }, "geometry": { "type": "LineString", "coordinates": [ [ -66.3198, -24.0461 ], [ -66.3074, -24.0438 ], [ -66.2877, -24.0524 ] ] } },
{ "type": "Feature", "properties": { "nombre": "-2", "longitud_km": 0.25 }, "geometry": { "type": "LineString", "coordinates": [ [ -66.3215, -24.0478 ], [ -66.3198, -24.0461 ] ] } },
{ "type": "Feature", "properties": { "nombre": "-2", "longitud_km": 1.3 }, "geometry": { "type": "LineString", "coordinates": [ [ -66.2877, -24.0524 ], [ -66.2764, -24.0579 ] ] } },
{ "type": "Feature", "properties": { "nombre": "-2", "longitud_km": 0.5 }, "geometry": { "type": "LineString", "coordinates": [ [ -66.3308, -24.0514 ], [ -66.3261, -24.0499 ] ] } },
{ "type": "Feature", "properties": { "nombre": "-2", "longitud_km": 1.7 }, "geometry": { "type": "LineString", "coordinates": [ [ -66.3302, -24.1387 ], [ -66.3159, -24.1465 ] ] } },
{ "type": "Feature", "properties": { "nombre": "-2", "longitud_km": 0.13 }, "geometry": { "type": "LineString", "coordinates": [ [ -66.3326, -24.1371 ], [ -66.3315, -24.1378 ] ] } },
{ "type": "Feature", "properties": { "nombre": "-2", "longitud_km": 0.17 }, "geometry": { "type": "LineString", "coordinates": [ [ -66.3315, -24.1378 ], [ -66.3302, -24.1387 ] ] } },
{ "type": "Feature", "properties": { "nombre": "-2", "longitud_km": 1.63 }, "geometry": { "type": "LineString", "coordinates": [ [ -66.3298, -24.1555 ], [ -66.3149, -24.1609 ] ] } },
{ "type": "Feature", "properties": { "nombre": "-2", "longitud_km": 0.91 }, "geometry": { "type": "LineString", "coordinates": [ [ -66.3149, -24.1609 ], [ -66.3062, -24.1629 ] ] } },
{ "type": "Feature", "properties": { "nombre": "-2", "longitud_km": 0.58 }, "geometry": { "type": "LineString", "coordinates": [ [ -66.3089, -24.1483 ], [ -66.3035, -24.1498 ] ] } },
{ "type": "Feature", "properties": { "nombre": "-2", "longitud_km": 0.33 }, "geometry": { "type": "LineString", "coordinates": [ [ -66.3035, -24.1498 ], [ -66.3016, -24.1521 ] ] } },
{ "type": "Feature", "properties": { "nombre": "-2", "longitud_km": 0.71 }, "geometry": { "type": "LineString", "coordinates": [ [ -66.3235, -24.1941 ], [ -66.3175, -24.1909 ] ] } },
{ "type": "Feature", "properties": { "nombre": "-2", "longitud_km": 0.91 }, "geometry": { "type": "LineString", "coordinates": [ [ -66.3315, -24.1896 ], [ -66.3225, -24.1896 ] ] } },
{ "type": "Feature", "properties": { "nombre": "-2", "longitud_km": 0.63 }, "geometry": { "type": "LineString", "coordinates": [ [ -66.3093, -24.1886 ], [ -66.3111, -24.194 ] ] } },
{ "type": "Feature", "properties": { "nombre": "-2", "longitud_km": 0.51 }, "geometry": { "type": "LineString", "coordinates": [ [ -66.3175, -24.1909 ], [ -66.3129, -24.1926 ] ] } },
{ "type": "Feature", "properties": { "nombre": "-2", "longitud_km": 0.43 }, "geometry": { "type": "LineString", "coordinates": [ [ -66.3315, -24.1896 ], [ -66.3357, -24.1892 ] ] } },
{ "type": "Feature", "properties": { "nombre": "-2", "longitud_km": 0.66 }, "geometry": { "type": "LineString", "coordinates": [ [ -66.3225, -24.1896 ], [ -66.3289, -24.1903 ] ] } },
{ "type": "Feature", "properties": { "nombre": "-2", "longitud_km": 0.53 }, "geometry": { "type": "LineString", "coordinates": [ [ -66.3225, -24.1896 ], [ -66.3175, -24.1909 ] ] } },
{ "type": "Feature", "properties": { "nombre": "-2", "longitud_km": 1.12 }, "geometry": { "type": "LineString", "coordinates": [ [ -66.3038, -24.2256 ], [ -66.2969, -24.2334 ] ] } },
{ "type": "Feature", "properties": { "nombre": "-2", "longitud_km": 0.47 }, "geometry": { "type": "LineString", "coordinates": [ [ -66.2969, -24.2334 ], [ -66.295, -24.2373 ] ] } },
{ "type": "Feature", "properties": { "nombre": "-2", "longitud_km": 3.18 }, "geometry": { "type": "LineString", "coordinates": [ [ -66.0377, -24.0 ], [ -66.0487, -24.0269 ] ] } },
{ "type": "Feature", "properties": { "nombre": "Camino sin nombre", "longitud_km": 2.51 }, "geometry": { "type": "LineString", "coordinates": [ [ -66.0487, -24.0269 ], [ -66.0563, -24.0485 ] ] } },
{ "type": "Feature", "properties": { "nombre": "Camino sin nombre", "longitud_km": 0.86 }, "geometry": { "type": "LineString", "coordinates": [ [ -66.0955, -24.0648 ], [ -66.1003, -24.0712 ] ] } },
{ "type": "Feature", "properties": { "nombre": "Camino sin nombre", "longitud_km": 2.07 }, "geometry": { "type": "LineString", "coordinates": [ [ -66.0497, -24.1841 ], [ -66.0292, -24.1839 ] ] } },
{ "type": "Feature", "properties": { "nombre": "Camino sin nombre", "longitud_km": 0.26 }, "geometry": { "type": "LineString", "coordinates": [ [ -66.0751, -24.1795 ], [ -66.0732, -24.181 ] ] } },
{ "type": "Feature", "properties": { "nombre": "Camino sin nombre", "longitud_km": 1.19 }, "geometry": { "type": "LineString", "coordinates": [ [ -66.0732, -24.181 ], [ -66.0616, -24.1828 ] ] } },
{ "type": "Feature", "properties": { "nombre": "Camino sin nombre", "longitud_km": 1.22 }, "geometry": { "type": "LineString", "coordinates": [ [ -66.0616, -24.1828 ], [ -66.0497, -24.1841 ] ] } },
{ "type": "Feature", "properties": { "nombre": "Camino sin nombre", "longitud_km": 1.12 }, "geometry": { "type": "LineString", "coordinates": [ [ -66.1416, -24.3095 ], [ -66.1447, -24.3129 ], [ -66.1502, -24.3103 ] ] } },
{ "type": "Feature", "properties": { "nombre": "Camino sin nombre", "longitud_km": 0.09 }, "geometry": { "type": "LineString", "coordinates": [ [ -66.1502, -24.3103 ], [ -66.1511, -24.3104 ] ] } },
{ "type": "Feature", "properties": { "nombre": "Camino sin nombre", "longitud_km": 0.38 }, "geometry": { "type": "LineString", "coordinates": [ [ -66.2654, -24.0812 ], [ -66.2635, -24.0783 ] ] } },
{ "type": "Feature", "properties": { "nombre": "-2", "longitud_km": 2.42 }, "geometry": { "type": "LineString", "coordinates": [ [ -65.7593, -24.3332 ], [ -65.7575, -24.3223 ], [ -65.7618, -24.3123 ] ] } },
{ "type": "Feature", "properties": { "nombre": "Camino sin nombre", "longitud_km": 0.66 }, "geometry": { "type": "LineString", "coordinates": [ [ -66.1634, -24.0915 ], [ -66.1603, -24.0967 ] ] } },
{ "type": "Feature", "properties": { "nombre": "-2", "longitud_km": 0.68 }, "geometry": { "type": "LineString", "coordinates": [ [ -65.7624, -24.2988 ], [ -65.761, -24.3048 ] ] } },
{ "type": "Feature", "properties": { "nombre": "-2", "longitud_km": 2.06 }, "geometry": { "type": "LineString", "coordinates": [ [ -65.7713, -24.282 ], [ -65.7624, -24.2988 ] ] } },
{ "type": "Feature", "properties": { "nombre": "-2", "longitud_km": 0.14 }, "geometry": { "type": "LineString", "coordinates": [ [ -65.7713, -24.282 ], [ -65.7718, -24.2809 ] ] } },
{ "type": "Feature", "properties": { "nombre": "-2", "longitud_km": 1.42 }, "geometry": { "type": "LineString", "coordinates": [ [ -65.7713, -24.282 ], [ -65.7573, -24.2814 ] ] } },
{ "type": "Feature", "properties": { "nombre": "Camino sin nombre", "longitud_km": 0.28 }, "geometry": { "type": "LineString", "coordinates": [ [ -65.8472, -24.2582 ], [ -65.8499, -24.259 ] ] } },
{ "type": "Feature", "properties": { "nombre": "Camino sin nombre", "longitud_km": 4.97 }, "geometry": { "type": "LineString", "coordinates": [ [ -65.8499, -24.259 ], [ -65.857, -24.2459 ], [ -65.8574, -24.2157 ] ] } },
{ "type": "Feature", "properties": { "nombre": "Camino sin nombre", "longitud_km": 0.26 }, "geometry": { "type": "LineString", "coordinates": [ [ -65.8574, -24.2157 ], [ -65.8579, -24.2134 ] ] } },
{ "type": "Feature", "properties": { "nombre": "Camino sin nombre", "longitud_km": 1.95 }, "geometry": { "type": "LineString", "coordinates": [ [ -65.8741, -24.1787 ], [ -65.8561, -24.1726 ] ] } },
{ "type": "Feature", "properties": { "nombre": "Camino sin nombre", "longitud_km": 4.64 }, "geometry": { "type": "LineString", "coordinates": [ [ -65.8579, -24.2134 ], [ -65.8615, -24.1859 ], [ -65.8561, -24.1726 ] ] } },
{ "type": "Feature", "properties": { "nombre": "Camino sin nombre", "longitud_km": 3.98 }, "geometry": { "type": "LineString", "coordinates": [ [ -65.8561, -24.1726 ], [ -65.8582, -24.1576 ], [ -65.8697, -24.1396 ] ] } },
{ "type": "Feature", "properties": { "nombre": "Camino sin nombre", "longitud_km": 0.03 }, "geometry": { "type": "LineString", "coordinates": [ [ -65.8697, -24.1396 ], [ -65.8698, -24.1394 ] ] } },
{ "type": "Feature", "properties": { "nombre": "Camino sin nombre", "longitud_km": 0.16 }, "geometry": { "type": "LineString", "coordinates": [ [ -65.8698, -24.1394 ], [ -65.8704, -24.1381 ] ] } },
{ "type": "Feature", "properties": { "nombre": "Camino sin nombre", "longitud_km": 0.1 }, "geometry": { "type": "LineString", "coordinates": [ [ -65.8704, -24.1381 ], [ -65.8709, -24.1374 ] ] } },
{ "type": "Feature", "properties": { "nombre": "Camino sin nombre", "longitud_km": 0.62 }, "geometry": { "type": "LineString", "coordinates": [ [ -65.8709, -24.1374 ], [ -65.8739, -24.1325 ] ] } },
{ "type": "Feature", "properties": { "nombre": "Camino sin nombre", "longitud_km": 3.14 }, "geometry": { "type": "LineString", "coordinates": [ [ -65.9762, -24.1159 ], [ -66.0, -24.134 ] ] } },
{ "type": "Feature", "properties": { "nombre": "Camino sin nombre", "longitud_km": 6.73 }, "geometry": { "type": "LineString", "coordinates": [ [ -65.8739, -24.1325 ], [ -65.8884, -24.1023 ], [ -65.8918, -24.0747 ] ] } },
{ "type": "Feature", "properties": { "nombre": "Camino sin nombre", "longitud_km": 0.64 }, "geometry": { "type": "LineString", "coordinates": [ [ -65.8918, -24.0747 ], [ -65.8896, -24.0693 ] ] } },
{ "type": "Feature", "properties": { "nombre": "Camino sin nombre", "longitud_km": 2.32 }, "geometry": { "type": "LineString", "coordinates": [ [ -65.9527, -24.061 ], [ -65.958, -24.0665 ], [ -65.9712, -24.0604 ] ] } },
{ "type": "Feature", "properties": { "nombre": "-2", "longitud_km": 0.83 }, "geometry": { "type": "LineString", "coordinates": [ [ -65.7618, -24.3123 ], [ -65.761, -24.3048 ] ] } },
{ "type": "Feature", "properties": { "nombre": "Camino sin nombre", "longitud_km": 0.95 }, "geometry": { "type": "LineString", "coordinates": [ [ -65.8819, -24.048 ], [ -65.8792, -24.0398 ] ] } },
{ "type": "Feature", "properties": { "nombre": "Camino sin nombre", "longitud_km": 1.48 }, "geometry": { "type": "LineString", "coordinates": [ [ -65.9341, -24.0385 ], [ -65.9425, -24.0494 ] ] } },
{ "type": "Feature", "properties": { "nombre": "-2", "longitud_km": 0.97 }, "geometry": { "type": "LineString", "coordinates": [ [ -65.9157, -24.0417 ], [ -65.9121, -24.0336 ] ] } },
{ "type": "Feature", "properties": { "nombre": "-2", "longitud_km": 0.84 }, "geometry": { "type": "LineString", "coordinates": [ [ -65.8792, -24.0398 ], [ -65.8769, -24.0325 ] ] } },
{ "type": "Feature", "properties": { "nombre": "Camino sin nombre", "longitud_km": 1.65 }, "geometry": { "type": "LineString", "coordinates": [ [ -65.9425, -24.0494 ], [ -65.9527, -24.061 ] ] } },
{ "type": "Feature", "properties": { "nombre": "-2", "longitud_km": 0.91 }, "geometry": { "type": "LineString", "coordinates": [ [ -65.7736, -24.2777 ], [ -65.7769, -24.2753 ], [ -65.7786, -24.2794 ] ] } },
{ "type": "Feature", "properties": { "nombre": "Camino sin nombre", "longitud_km": 15.69 }, "geometry": { "type": "LineString", "coordinates": [ [ -65.8494, -24.26 ], [ -65.9387, -24.2815 ], [ -65.9656, -24.3329 ] ] } },
{ "type": "Feature", "properties": { "nombre": "-2", "longitud_km": 0.59 }, "geometry": { "type": "LineString", "coordinates": [ [ -65.7573, -24.2814 ], [ -65.7581, -24.2761 ] ] } },
{ "type": "Feature", "properties": { "nombre": "Camino sin nombre", "longitud_km": 6.73 }, "geometry": { "type": "LineString", "coordinates": [ [ -65.9759, -24.0575 ], [ -65.9766, -24.0715 ], [ -65.9685, -24.0998 ], [ -65.9762, -24.1159 ] ] } },
{ "type": "Feature", "properties": { "nombre": "Camino sin nombre", "longitud_km": 0.57 }, "geometry": { "type": "LineString", "coordinates": [ [ -65.9712, -24.0604 ], [ -65.9759, -24.0575 ] ] } },
{ "type": "Feature", "properties": { "nombre": "Camino sin nombre", "longitud_km": 0.55 }, "geometry": { "type": "LineString", "coordinates": [ [ -65.9759, -24.0575 ], [ -65.977, -24.0527 ] ] } },
{ "type": "Feature", "properties": { "nombre": "-2", "longitud_km": 0.21 }, "geometry": { "type": "LineString", "coordinates": [ [ -65.9121, -24.0336 ], [ -65.9119, -24.0317 ] ] } },
{ "type": "Feature", "properties": { "nombre": "Camino sin nombre", "longitud_km": 4.23 }, "geometry": { "type": "LineString", "coordinates": [ [ -65.8918, -24.0747 ], [ -65.9156, -24.0434 ] ] } },
{ "type": "Feature", "properties": { "nombre": "Camino sin nombre", "longitud_km": 2.21 }, "geometry": { "type": "LineString", "coordinates": [ [ -65.977, -24.0527 ], [ -65.9783, -24.0474 ], [ -65.9932, -24.0423 ] ] } },
{ "type": "Feature", "properties": { "nombre": "Camino sin nombre", "longitud_km": 2.49 }, "geometry": { "type": "LineString", "coordinates": [ [ -65.8896, -24.0693 ], [ -65.8819, -24.048 ] ] } },
{ "type": "Feature", "properties": { "nombre": "-2", "longitud_km": 7.69 }, "geometry": { "type": "LineString", "coordinates": [ [ -65.8014, -24.3088 ], [ -65.8009, -24.2993 ], [ -65.8124, -24.2826 ], [ -65.8472, -24.2582 ] ] } },
{ "type": "Feature", "properties": { "nombre": "-2", "longitud_km": 2.17 }, "geometry": { "type": "LineString", "coordinates": [ [ -65.9151, -24.0295 ], [ -65.9341, -24.0385 ] ] } },
{ "type": "Feature", "properties": { "nombre": "-2", "longitud_km": 0.41 }, "geometry": { "type": "LineString", "coordinates": [ [ -65.9119, -24.0317 ], [ -65.9151, -24.0295 ] ] } },
{ "type": "Feature", "properties": { "nombre": "-2", "longitud_km": 0.27 }, "geometry": { "type": "LineString", "coordinates": [ [ -65.9128, -24.0283 ], [ -65.9151, -24.0295 ] ] } },
{ "type": "Feature", "properties": { "nombre": "-2", "longitud_km": 0.77 }, "geometry": { "type": "LineString", "coordinates": [ [ -65.907, -24.0239 ], [ -65.9128, -24.0283 ] ] } },
{ "type": "Feature", "properties": { "nombre": "-2", "longitud_km": 0.83 }, "geometry": { "type": "LineString", "coordinates": [ [ -65.9005, -24.0194 ], [ -65.907, -24.0239 ] ] } },
{ "type": "Feature", "properties": { "nombre": "-2", "longitud_km": 2.93 }, "geometry": { "type": "LineString", "coordinates": [ [ -65.8769, -24.0325 ], [ -65.8918, -24.0202 ], [ -65.9005, -24.0194 ] ] } },
{ "type": "Feature", "properties": { "nombre": "-2", "longitud_km": 2.72 }, "geometry": { "type": "LineString", "coordinates": [ [ -65.8032, -24.3333 ], [ -65.8014, -24.3088 ] ] } },
{ "type": "Feature", "properties": { "nombre": "-2", "longitud_km": 4.11 }, "geometry": { "type": "LineString", "coordinates": [ [ -65.7786, -24.2794 ], [ -65.7944, -24.3057 ], [ -65.8014, -24.3088 ] ] } },
{ "type": "Feature", "properties": { "nombre": "-2", "longitud_km": 0.02 }, "geometry": { "type": "LineString", "coordinates": [ [ -65.7735, -24.2776 ], [ -65.7736, -24.2777 ] ] } },
{ "type": "Feature", "properties": { "nombre": "-2", "longitud_km": 0.4 }, "geometry": { "type": "LineString", "coordinates": [ [ -65.7735, -24.2776 ], [ -65.7718, -24.2809 ] ] } },
{ "type": "Feature", "properties": { "nombre": "-2", "longitud_km": 15.5 }, "geometry": { "type": "LineString", "coordinates": [ [ -67.2249, -23.7319 ], [ -67.2041, -23.7385 ], [ -67.1979, -23.7532 ], [ -67.1794, -23.7683 ], [ -67.1595, -23.7716 ], [ -67.1413, -23.8181 ], [ -67.1296, -23.8255 ] ] } },
{ "type": "Feature", "properties": { "nombre": "-2", "longitud_km": 6.62 }, "geometry": { "type": "LineString", "coordinates": [ [ -67.1134, -23.9734 ], [ -67.1306, -23.974 ], [ -67.1753, -23.9898 ] ] } },
{ "type": "Feature", "properties": { "nombre": "-2", "longitud_km": 3.11 }, "geometry": { "type": "LineString", "coordinates": [ [ -67.0676, -23.9726 ], [ -67.098, -23.9752 ] ] } },
{ "type": "Feature", "properties": { "nombre": "-2", "longitud_km": 0.54 }, "geometry": { "type": "LineString", "coordinates": [ [ -67.098, -23.9752 ], [ -67.1032, -23.9744 ] ] } },
{ "type": "Feature", "properties": { "nombre": "-2", "longitud_km": 1.92 }, "geometry": { "type": "LineString", "coordinates": [ [ -67.0364, -23.9819 ], [ -67.0363, -23.9993 ] ] } },
{ "type": "Feature", "properties": { "nombre": "-2", "longitud_km": 8.98 }, "geometry": { "type": "LineString", "coordinates": [ [ -67.043, -23.9681 ], [ -67.0356, -23.9565 ], [ -67.0379, -23.9426 ], [ -67.0267, -23.922 ], [ -67.0192, -23.8923 ] ] } },
{ "type": "Feature", "properties": { "nombre": "-2", "longitud_km": 2.96 }, "geometry": { "type": "LineString", "coordinates": [ [ -67.0632, -23.8454 ], [ -67.0361, -23.855 ] ] } },
{ "type": "Feature", "properties": { "nombre": "-2", "longitud_km": 5.77 }, "geometry": { "type": "LineString", "coordinates": [ [ -67.1161, -23.827 ], [ -67.0632, -23.8454 ] ] } },
{ "type": "Feature", "properties": { "nombre": "-2", "longitud_km": 1.13 }, "geometry": { "type": "LineString", "coordinates": [ [ -67.127, -23.8247 ], [ -67.1161, -23.827 ] ] } },
{ "type": "Feature", "properties": { "nombre": "-2", "longitud_km": 0.28 }, "geometry": { "type": "LineString", "coordinates": [ [ -67.1296, -23.8255 ], [ -67.127, -23.8247 ] ] } },
{ "type": "Feature", "properties": { "nombre": "-2", "longitud_km": 1.05 }, "geometry": { "type": "LineString", "coordinates": [ [ -67.1032, -23.9744 ], [ -67.1134, -23.9734 ] ] } },
{ "type": "Feature", "properties": { "nombre": "-2", "longitud_km": 0.8 }, "geometry": { "type": "LineString", "coordinates": [ [ -67.0192, -23.8923 ], [ -67.014, -23.887 ] ] } },
{ "type": "Feature", "properties": { "nombre": "-2", "longitud_km": 0.07 }, "geometry": { "type": "LineString", "coordinates": [ [ -64.1016, -24.5439 ], [ -64.1021, -24.5435 ] ] } },
{ "type": "Feature", "properties": { "nombre": "Camino sin nombre", "longitud_km": 0.79 }, "geometry": { "type": "LineString", "coordinates": [ [ -64.0939, -24.5506 ], [ -64.0995, -24.5457 ] ] } },
{ "type": "Feature", "properties": { "nombre": "Camino sin nombre", "longitud_km": 0.47 }, "geometry": { "type": "LineString", "coordinates": [ [ -64.2008, -23.3345 ], [ -64.1973, -23.3372 ] ] } },
{ "type": "Feature", "properties": { "nombre": "Camino sin nombre", "longitud_km": 0.2 }, "geometry": { "type": "LineString", "coordinates": [ [ -64.2008, -23.3345 ], [ -64.1998, -23.333 ] ] } },
{ "type": "Feature", "properties": { "nombre": "-2", "longitud_km": 0.05 }, "geometry": { "type": "LineString", "coordinates": [ [ -64.3535, -23.4318 ], [ -64.354, -23.4317 ] ] } },
{ "type": "Feature", "properties": { "nombre": "-2", "longitud_km": 1.87 }, "geometry": { "type": "LineString", "coordinates": [ [ -64.3365, -23.438 ], [ -64.3535, -23.4318 ] ] } },
{ "type": "Feature", "properties": { "nombre": "-2", "longitud_km": 2.69 }, "geometry": { "type": "LineString", "coordinates": [ [ -64.4302, -23.5355 ], [ -64.405, -23.5425 ] ] } },
{ "type": "Feature", "properties": { "nombre": "-2", "longitud_km": 1.87 }, "geometry": { "type": "LineString", "coordinates": [ [ -64.405, -23.5425 ], [ -64.3963, -23.545 ], [ -64.3988, -23.5532 ] ] } },
{ "type": "Feature", "properties": { "nombre": "-2", "longitud_km": 0.18 }, "geometry": { "type": "LineString", "coordinates": [ [ -64.3988, -23.5532 ], [ -64.3982, -23.5547 ] ] } },
{ "type": "Feature", "properties": { "nombre": "Camino sin nombre", "longitud_km": 0.02 }, "geometry": { "type": "LineString", "coordinates": [ [ -64.0816, -23.6651 ], [ -64.0817, -23.6649 ] ] } },
{ "type": "Feature", "properties": { "nombre": "Camino sin nombre", "longitud_km": 0.78 }, "geometry": { "type": "LineString", "coordinates": [ [ -64.4256, -23.4007 ], [ -64.4313, -23.396 ] ] } },
{ "type": "Feature", "properties": { "nombre": "-2", "longitud_km": 0.17 }, "geometry": { "type": "LineString", "coordinates": [ [ -64.0995, -24.5457 ], [ -64.1008, -24.5447 ] ] } },
{ "type": "Feature", "properties": { "nombre": "-2", "longitud_km": 0.12 }, "geometry": { "type": "LineString", "coordinates": [ [ -64.1008, -24.5447 ], [ -64.1016, -24.5439 ] ] } },
{ "type": "Feature", "properties": { "nombre": "-2", "longitud_km": 1.5 }, "geometry": { "type": "LineString", "coordinates": [ [ -65.216, -22.7906 ], [ -65.2115, -22.7778 ] ] } },
{ "type": "Feature", "properties": { "nombre": "Camino sin nombre", "longitud_km": 0.09 }, "geometry": { "type": "LineString", "coordinates": [ [ -64.0862, -23.6911 ], [ -64.0858, -23.6919 ] ] } },
{ "type": "Feature", "properties": { "nombre": "Camino sin nombre", "longitud_km": 0.03 }, "geometry": { "type": "LineString", "coordinates": [ [ -64.0862, -23.6908 ], [ -64.0862, -23.6911 ] ] } },
{ "type": "Feature", "properties": { "nombre": "-2", "longitud_km": 0.47 }, "geometry": { "type": "LineString", "coordinates": [ [ -65.7624, -24.2988 ], [ -65.7619, -24.2945 ] ] } },
{ "type": "Feature", "properties": { "nombre": "-2", "longitud_km": 1.53 }, "geometry": { "type": "LineString", "coordinates": [ [ -64.9324, -23.2157 ], [ -64.9226, -23.2262 ] ] } },
{ "type": "Feature", "properties": { "nombre": "-2", "longitud_km": 2.03 }, "geometry": { "type": "LineString", "coordinates": [ [ -67.0001, -24.2094 ], [ -67.0087, -24.1929 ] ] } },
{ "type": "Feature", "properties": { "nombre": "Camino sin nombre", "longitud_km": 2.1 }, "geometry": { "type": "LineString", "coordinates": [ [ -64.7188, -26.2385 ], [ -64.7314, -26.2234 ] ] } },
{ "type": "Feature", "properties": { "nombre": "Camino sin nombre", "longitud_km": 1.98 }, "geometry": { "type": "LineString", "coordinates": [ [ -63.7847, -25.503 ], [ -63.7817, -25.4854 ] ] } },
{ "type": "Feature", "properties": { "nombre": "Camino sin nombre", "longitud_km": 5.77 }, "geometry": { "type": "LineString", "coordinates": [ [ -64.4729, -25.2885 ], [ -64.4492, -25.2925 ], [ -64.4439, -25.3223 ] ] } },
{ "type": "Feature", "properties": { "nombre": "Camino sin nombre", "longitud_km": 2.98 }, "geometry": { "type": "LineString", "coordinates": [ [ -63.7732, -25.4224 ], [ -63.8023, -25.4177 ] ] } },
{ "type": "Feature", "properties": { "nombre": "Camino sin nombre", "longitud_km": 1.62 }, "geometry": { "type": "LineString", "coordinates": [ [ -63.8023, -25.4177 ], [ -63.8004, -25.4322 ] ] } },
{ "type": "Feature", "properties": { "nombre": "Camino sin nombre", "longitud_km": 4.53 }, "geometry": { "type": "LineString", "coordinates": [ [ -63.8004, -25.4322 ], [ -63.7917, -25.4488 ], [ -63.7673, -25.4527 ] ] } },
{ "type": "Feature", "properties": { "nombre": "Camino sin nombre", "longitud_km": 11.23 }, "geometry": { "type": "LineString", "coordinates": [ [ -63.6883, -25.4845 ], [ -63.6839, -25.4643 ], [ -63.6157, -25.4125 ] ] } },
{ "type": "Feature", "properties": { "nombre": "Camino sin nombre", "longitud_km": 0.39 }, "geometry": { "type": "LineString", "coordinates": [ [ -63.6157, -25.4125 ], [ -63.6127, -25.4102 ] ] } },
{ "type": "Feature", "properties": { "nombre": "Camino sin nombre", "longitud_km": 0.2 }, "geometry": { "type": "LineString", "coordinates": [ [ -63.6127, -25.4102 ], [ -63.6112, -25.4091 ] ] } },
{ "type": "Feature", "properties": { "nombre": "Camino sin nombre", "longitud_km": 1.46 }, "geometry": { "type": "LineString", "coordinates": [ [ -63.7817, -25.4854 ], [ -63.7803, -25.4723 ] ] } },
{ "type": "Feature", "properties": { "nombre": "Camino sin nombre", "longitud_km": 0.78 }, "geometry": { "type": "LineString", "coordinates": [ [ -63.7803, -25.4723 ], [ -63.7794, -25.4653 ] ] } },
{ "type": "Feature", "properties": { "nombre": "Camino sin nombre", "longitud_km": 3.74 }, "geometry": { "type": "LineString", "coordinates": [ [ -63.4979, -25.5334 ], [ -63.4933, -25.4999 ] ] } },
{ "type": "Feature", "properties": { "nombre": "Camino sin nombre", "longitud_km": 4.84 }, "geometry": { "type": "LineString", "coordinates": [ [ -64.8239, -25.4097 ], [ -64.7865, -25.3822 ] ] } },
{ "type": "Feature", "properties": { "nombre": "Camino sin nombre", "longitud_km": 0.06 }, "geometry": { "type": "LineString", "coordinates": [ [ -64.739, -25.3809 ], [ -64.7391, -25.3814 ] ] } },
{ "type": "Feature", "properties": { "nombre": "Camino sin nombre", "longitud_km": 0.27 }, "geometry": { "type": "LineString", "coordinates": [ [ -64.8668, -25.352 ], [ -64.865, -25.3502 ] ] } },
{ "type": "Feature", "properties": { "nombre": "Camino sin nombre", "longitud_km": 2.0 }, "geometry": { "type": "LineString", "coordinates": [ [ -64.865, -25.3502 ], [ -64.8665, -25.3434 ], [ -64.8587, -25.3349 ] ] } },
{ "type": "Feature", "properties": { "nombre": "Camino sin nombre", "longitud_km": 1.54 }, "geometry": { "type": "LineString", "coordinates": [ [ -64.8587, -25.3349 ], [ -64.8639, -25.3255 ], [ -64.8613, -25.3231 ] ] } },
{ "type": "Feature", "properties": { "nombre": "Camino sin nombre", "longitud_km": 4.48 }, "geometry": { "type": "LineString", "coordinates": [ [ -64.7442, -25.455 ], [ -64.7561, -25.494 ] ] } },
{ "type": "Feature", "properties": { "nombre": "Camino sin nombre", "longitud_km": 0.66 }, "geometry": { "type": "LineString", "coordinates": [ [ -64.6772, -25.3933 ], [ -64.6783, -25.3992 ] ] } },
{ "type": "Feature", "properties": { "nombre": "Camino sin nombre", "longitud_km": 0.69 }, "geometry": { "type": "LineString", "coordinates": [ [ -64.6783, -25.3992 ], [ -64.6795, -25.4053 ] ] } },
{ "type": "Feature", "properties": { "nombre": "Camino sin nombre", "longitud_km": 4.15 }, "geometry": { "type": "LineString", "coordinates": [ [ -64.6795, -25.4053 ], [ -64.6866, -25.4423 ] ] } },
{ "type": "Feature", "properties": { "nombre": "Camino sin nombre", "longitud_km": 5.89 }, "geometry": { "type": "LineString", "coordinates": [ [ -64.6866, -25.4423 ], [ -64.6894, -25.448 ], [ -64.741, -25.4511 ] ] } },
{ "type": "Feature", "properties": { "nombre": "Camino sin nombre", "longitud_km": 0.06 }, "geometry": { "type": "LineString", "coordinates": [ [ -64.741, -25.4511 ], [ -64.7415, -25.4514 ] ] } },
{ "type": "Feature", "properties": { "nombre": "Camino sin nombre", "longitud_km": 0.48 }, "geometry": { "type": "LineString", "coordinates": [ [ -64.7415, -25.4514 ], [ -64.7442, -25.455 ] ] } },
{ "type": "Feature", "properties": { "nombre": "Camino sin nombre", "longitud_km": 1.27 }, "geometry": { "type": "LineString", "coordinates": [ [ -64.4607, -25.2855 ], [ -64.4729, -25.2885 ] ] } },
{ "type": "Feature", "properties": { "nombre": "Camino sin nombre", "longitud_km": 4.45 }, "geometry": { "type": "LineString", "coordinates": [ [ -64.3578, -25.1339 ], [ -64.3182, -25.1516 ] ] } },
{ "type": "Feature", "properties": { "nombre": "Camino sin nombre", "longitud_km": 10.87 }, "geometry": { "type": "LineString", "coordinates": [ [ -64.08, -25.0256 ], [ -64.1129, -25.0656 ], [ -64.1051, -25.0749 ], [ -64.1263, -25.1059 ] ] } },
{ "type": "Feature", "properties": { "nombre": "Camino sin nombre", "longitud_km": 15.08 }, "geometry": { "type": "LineString", "coordinates": [ [ -64.08, -25.0256 ], [ -64.1373, -25.0154 ], [ -64.155, -25.0967 ] ] } },
{ "type": "Feature", "properties": { "nombre": "Camino sin nombre", "longitud_km": 0.72 }, "geometry": { "type": "LineString", "coordinates": [ [ -64.195, -25.0103 ], [ -64.2021, -25.0094 ] ] } },
{ "type": "Feature", "properties": { "nombre": "Camino sin nombre", "longitud_km": 1.43 }, "geometry": { "type": "LineString", "coordinates": [ [ -64.1263, -25.1059 ], [ -64.1398, -25.1099 ] ] } },
{ "type": "Feature", "properties": { "nombre": "Camino sin nombre", "longitud_km": 0.58 }, "geometry": { "type": "LineString", "coordinates": [ [ -63.9379, -25.3279 ], [ -63.938, -25.3331 ] ] } },
{ "type": "Feature", "properties": { "nombre": "Camino sin nombre", "longitud_km": 3.67 }, "geometry": { "type": "LineString", "coordinates": [ [ -63.9745, -25.3331 ], [ -63.938, -25.3331 ] ] } },
{ "type": "Feature", "properties": { "nombre": "Camino sin nombre", "longitud_km": 0.23 }, "geometry": { "type": "LineString", "coordinates": [ [ -63.4456, -25.5446 ], [ -63.446, -25.5467 ] ] } },
{ "type": "Feature", "properties": { "nombre": "Camino sin nombre", "longitud_km": 2.95 }, "geometry": { "type": "LineString", "coordinates": [ [ -63.2862, -23.2599 ], [ -63.2576, -23.263 ] ] } },
{ "type": "Feature", "properties": { "nombre": "Camino sin nombre", "longitud_km": 0.6 }, "geometry": { "type": "LineString", "coordinates": [ [ -64.34, -23.1324 ], [ -64.3342, -23.1335 ] ] } },
{ "type": "Feature", "properties": { "nombre": "Camino sin nombre", "longitud_km": 1.73 }, "geometry": { "type": "LineString", "coordinates": [ [ -63.3051, -23.2726 ], [ -63.2882, -23.2722 ] ] } },
{ "type": "Feature", "properties": { "nombre": "Camino sin nombre", "longitud_km": 0.11 }, "geometry": { "type": "LineString", "coordinates": [ [ -63.2882, -23.2722 ], [ -63.2875, -23.2715 ] ] } },
{ "type": "Feature", "properties": { "nombre": "Camino sin nombre", "longitud_km": 0.01 }, "geometry": { "type": "LineString", "coordinates": [ [ -63.3753, -23.2411 ], [ -63.3753, -23.2409 ] ] } },
{ "type": "Feature", "properties": { "nombre": "Camino sin nombre", "longitud_km": 0.08 }, "geometry": { "type": "LineString", "coordinates": [ [ -63.3753, -23.2409 ], [ -63.3752, -23.2403 ] ] } },
{ "type": "Feature", "properties": { "nombre": "Camino sin nombre", "longitud_km": 8.61 }, "geometry": { "type": "LineString", "coordinates": [ [ -63.3752, -23.2403 ], [ -63.3717, -23.2122 ], [ -63.3922, -23.1665 ] ] } },
{ "type": "Feature", "properties": { "nombre": "Camino sin nombre", "longitud_km": 0.42 }, "geometry": { "type": "LineString", "coordinates": [ [ -63.3396, -23.2457 ], [ -63.3406, -23.2494 ] ] } },
{ "type": "Feature", "properties": { "nombre": "Camino sin nombre", "longitud_km": 0.1 }, "geometry": { "type": "LineString", "coordinates": [ [ -63.3406, -23.2494 ], [ -63.3408, -23.2503 ] ] } },
{ "type": "Feature", "properties": { "nombre": "Camino sin nombre", "longitud_km": 0.05 }, "geometry": { "type": "LineString", "coordinates": [ [ -65.3735, -24.6519 ], [ -65.3736, -24.6523 ] ] } },
{ "type": "Feature", "properties": { "nombre": "Camino sin nombre", "longitud_km": 7.17 }, "geometry": { "type": "LineString", "coordinates": [ [ -65.0171, -22.2839 ], [ -65.0138, -22.2843 ], [ -65.0174, -22.2865 ], [ -65.014, -22.2992 ], [ -65.0164, -22.297 ], [ -65.017, -22.2971 ], [ -65.0282, -22.308 ], [ -65.0341, -22.3333 ] ] } },
{ "type": "Feature", "properties": { "nombre": "Camino sin nombre", "longitud_km": 0.24 }, "geometry": { "type": "LineString", "coordinates": [ [ -64.4222, -23.3627 ], [ -64.4224, -23.3649 ] ] } },
{ "type": "Feature", "properties": { "nombre": "-2", "longitud_km": 11.28 }, "geometry": { "type": "LineString", "coordinates": [ [ -65.0911, -22.1462 ], [ -65.0381, -22.1535 ], [ -65.0214, -22.1474 ], [ -65.0181, -22.1348 ], [ -65.0221, -22.1294 ], [ -65.0217, -22.1137 ] ] } },
{ "type": "Feature", "properties": { "nombre": "Camino sin nombre", "longitud_km": 6.24 }, "geometry": { "type": "LineString", "coordinates": [ [ -63.1468, -25.0409 ], [ -63.2035, -25.0184 ] ] } },
{ "type": "Feature", "properties": { "nombre": "Camino sin nombre", "longitud_km": 5.17 }, "geometry": { "type": "LineString", "coordinates": [ [ -63.2333, -25.0969 ], [ -63.185, -25.1124 ] ] } },
{ "type": "Feature", "properties": { "nombre": "Camino sin nombre", "longitud_km": 1.49 }, "geometry": { "type": "LineString", "coordinates": [ [ -66.1514, -25.6873 ], [ -66.1655, -25.6916 ] ] } },
{ "type": "Feature", "properties": { "nombre": "Camino sin nombre", "longitud_km": 0.64 }, "geometry": { "type": "LineString", "coordinates": [ [ -64.9488, -25.4321 ], [ -64.9542, -25.4291 ] ] } },
{ "type": "Feature", "properties": { "nombre": "Camino sin nombre", "longitud_km": 3.96 }, "geometry": { "type": "LineString", "coordinates": [ [ -63.7679, -25.0829 ], [ -63.7916, -25.1113 ] ] } },
{ "type": "Feature", "properties": { "nombre": "Camino sin nombre", "longitud_km": 0.09 }, "geometry": { "type": "LineString", "coordinates": [ [ -62.3605, -22.719 ], [ -62.3596, -22.7188 ] ] } },
{ "type": "Feature", "properties": { "nombre": "Camino sin nombre", "longitud_km": 1.75 }, "geometry": { "type": "LineString", "coordinates": [ [ -62.3636, -22.8886 ], [ -62.3468, -22.886 ] ] } },
{ "type": "Feature", "properties": { "nombre": "Camino sin nombre", "longitud_km": 10.85 }, "geometry": { "type": "LineString", "coordinates": [ [ -62.3636, -22.8886 ], [ -62.351, -22.9095 ], [ -62.3559, -22.9268 ], [ -62.3677, -22.936 ], [ -62.3719, -22.9458 ], [ -62.3722, -22.9598 ], [ -62.3607, -22.9735 ] ] } },
{ "type": "Feature", "properties": { "nombre": "Camino sin nombre", "longitud_km": 5.67 }, "geometry": { "type": "LineString", "coordinates": [ [ -62.3607, -22.9735 ], [ -62.351, -23.0114 ], [ -62.3402, -23.0184 ] ] } },
{ "type": "Feature", "properties": { "nombre": "Camino sin nombre", "longitud_km": 6.32 }, "geometry": { "type": "LineString", "coordinates": [ [ -62.3507, -23.1 ], [ -62.3549, -23.1246 ], [ -62.3478, -23.1362 ], [ -62.3291, -23.1437 ] ] } },
{ "type": "Feature", "properties": { "nombre": "Camino sin nombre", "longitud_km": 5.78 }, "geometry": { "type": "LineString", "coordinates": [ [ -62.3678, -23.2617 ], [ -62.3608, -23.2423 ], [ -62.345, -23.2233 ], [ -62.3366, -23.223 ] ] } },
{ "type": "Feature", "properties": { "nombre": "Camino sin nombre", "longitud_km": 9.01 }, "geometry": { "type": "LineString", "coordinates": [ [ -62.3678, -23.2617 ], [ -62.3053, -23.319 ] ] } },
{ "type": "Feature", "properties": { "nombre": "Camino sin nombre", "longitud_km": 5.94 }, "geometry": { "type": "LineString", "coordinates": [ [ -62.3687, -23.3803 ], [ -62.3513, -23.3816 ], [ -62.348, -23.3865 ], [ -62.3527, -23.4179 ] ] } },
{ "type": "Feature", "properties": { "nombre": "Camino sin nombre", "longitud_km": 2.42 }, "geometry": { "type": "LineString", "coordinates": [ [ -63.3099, -25.251 ], [ -63.3082, -25.2292 ] ] } },
{ "type": "Feature", "properties": { "nombre": "Camino sin nombre", "longitud_km": 1.48 }, "geometry": { "type": "LineString", "coordinates": [ [ -62.3473, -24.3707 ], [ -62.3522, -24.3582 ] ] } },
{ "type": "Feature", "properties": { "nombre": "Camino sin nombre", "longitud_km": 3.59 }, "geometry": { "type": "LineString", "coordinates": [ [ -62.3223, -24.0672 ], [ -62.3455, -24.0597 ], [ -62.3552, -24.0639 ] ] } },
{ "type": "Feature", "properties": { "nombre": "Camino sin nombre", "longitud_km": 0.08 }, "geometry": { "type": "LineString", "coordinates": [ [ -65.0211, -24.8027 ], [ -65.0211, -24.8033 ] ] } },
{ "type": "Feature", "properties": { "nombre": "Camino sin nombre", "longitud_km": 4.11 }, "geometry": { "type": "LineString", "coordinates": [ [ -62.3555, -24.1247 ], [ -62.3662, -24.1476 ], [ -62.3664, -24.1598 ] ] } },
{ "type": "Feature", "properties": { "nombre": "Camino sin nombre", "longitud_km": 1.27 }, "geometry": { "type": "LineString", "coordinates": [ [ -64.1823, -24.8189 ], [ -64.1705, -24.815 ] ] } },
{ "type": "Feature", "properties": { "nombre": "Camino sin nombre", "longitud_km": 4.13 }, "geometry": { "type": "LineString", "coordinates": [ [ -64.0096, -25.0896 ], [ -64.0049, -25.0833 ], [ -63.9727, -25.0878 ] ] } },
{ "type": "Feature", "properties": { "nombre": "Camino sin nombre", "longitud_km": 5.48 }, "geometry": { "type": "LineString", "coordinates": [ [ -63.0476, -25.0101 ], [ -63.0468, -24.9607 ] ] } },
{ "type": "Feature", "properties": { "nombre": "Camino sin nombre", "longitud_km": 2.82 }, "geometry": { "type": "LineString", "coordinates": [ [ -64.0323, -25.078 ], [ -64.0319, -25.0817 ], [ -64.0096, -25.0896 ] ] } },
{ "type": "Feature", "properties": { "nombre": "Camino sin nombre", "longitud_km": 1.91 }, "geometry": { "type": "LineString", "coordinates": [ [ -63.0932, -25.1437 ], [ -63.1016, -25.1591 ] ] } },
{ "type": "Feature", "properties": { "nombre": "Camino sin nombre", "longitud_km": 0.88 }, "geometry": { "type": "LineString", "coordinates": [ [ -65.3292, -24.7768 ], [ -65.3363, -24.7722 ] ] } },
{ "type": "Feature", "properties": { "nombre": "Camino sin nombre", "longitud_km": 2.49 }, "geometry": { "type": "LineString", "coordinates": [ [ -63.3733, -25.0945 ], [ -63.3558, -25.1103 ] ] } },
{ "type": "Feature", "properties": { "nombre": "Camino sin nombre", "longitud_km": 2.23 }, "geometry": { "type": "LineString", "coordinates": [ [ -62.3473, -24.3707 ], [ -62.329, -24.3595 ] ] } },
{ "type": "Feature", "properties": { "nombre": "Camino sin nombre", "longitud_km": 12.44 }, "geometry": { "type": "LineString", "coordinates": [ [ -63.2343, -25.0061 ], [ -63.3476, -24.9618 ] ] } },
{ "type": "Feature", "properties": { "nombre": "Camino sin nombre", "longitud_km": 7.65 }, "geometry": { "type": "LineString", "coordinates": [ [ -63.0743, -24.9605 ], [ -63.0747, -25.0295 ] ] } },
{ "type": "Feature", "properties": { "nombre": "Camino sin nombre", "longitud_km": 6.39 }, "geometry": { "type": "LineString", "coordinates": [ [ -65.1965, -24.9556 ], [ -65.2383, -24.9581 ], [ -65.2587, -24.9522 ] ] } },
{ "type": "Feature", "properties": { "nombre": "Camino sin nombre", "longitud_km": 3.13 }, "geometry": { "type": "LineString", "coordinates": [ [ -62.3647, -24.3941 ], [ -62.3473, -24.3707 ] ] } },
{ "type": "Feature", "properties": { "nombre": "Camino sin nombre", "longitud_km": 1.95 }, "geometry": { "type": "LineString", "coordinates": [ [ -62.356, -24.4079 ], [ -62.3576, -24.3978 ], [ -62.3647, -24.3941 ] ] } },
{ "type": "Feature", "properties": { "nombre": "Camino sin nombre", "longitud_km": 2.44 }, "geometry": { "type": "LineString", "coordinates": [ [ -63.9785, -25.1006 ], [ -63.956, -25.1085 ] ] } },
{ "type": "Feature", "properties": { "nombre": "Camino sin nombre", "longitud_km": 0.84 }, "geometry": { "type": "LineString", "coordinates": [ [ -63.3558, -25.1103 ], [ -63.3503, -25.1046 ] ] } },
{ "type": "Feature", "properties": { "nombre": "Camino sin nombre", "longitud_km": 3.34 }, "geometry": { "type": "LineString", "coordinates": [ [ -65.3052, -24.7648 ], [ -65.2726, -24.7596 ] ] } },
{ "type": "Feature", "properties": { "nombre": "Camino sin nombre", "longitud_km": 11.04 }, "geometry": { "type": "LineString", "coordinates": [ [ -63.0473, -25.0595 ], [ -63.0467, -25.1591 ] ] } },
{ "type": "Feature", "properties": { "nombre": "Camino sin nombre", "longitud_km": 2.02 }, "geometry": { "type": "LineString", "coordinates": [ [ -63.9526, -25.0905 ], [ -63.956, -25.1085 ] ] } },
{ "type": "Feature", "properties": { "nombre": "Camino sin nombre", "longitud_km": 5.83 }, "geometry": { "type": "LineString", "coordinates": [ [ -63.0436, -24.8192 ], [ -62.9874, -24.8073 ] ] } },
{ "type": "Feature", "properties": { "nombre": "Camino sin nombre", "longitud_km": 7.49 }, "geometry": { "type": "LineString", "coordinates": [ [ -63.1023, -24.9608 ], [ -63.1037, -25.0284 ] ] } },
{ "type": "Feature", "properties": { "nombre": "Camino sin nombre", "longitud_km": 6.49 }, "geometry": { "type": "LineString", "coordinates": [ [ -62.8396, -24.9754 ], [ -62.8792, -25.0216 ] ] } },
{ "type": "Feature", "properties": { "nombre": "Camino sin nombre", "longitud_km": 2.51 }, "geometry": { "type": "LineString", "coordinates": [ [ -63.7492, -24.8561 ], [ -63.7461, -24.8336 ] ] } },
{ "type": "Feature", "properties": { "nombre": "Camino sin nombre", "longitud_km": 3.79 }, "geometry": { "type": "LineString", "coordinates": [ [ -63.7939, -24.9811 ], [ -63.8315, -24.9801 ] ] } },
{ "type": "Feature", "properties": { "nombre": "Camino sin nombre", "longitud_km": 5.44 }, "geometry": { "type": "LineString", "coordinates": [ [ -64.1705, -24.815 ], [ -64.1225, -24.8211 ], [ -64.1231, -24.826 ] ] } },
{ "type": "Feature", "properties": { "nombre": "Camino sin nombre", "longitud_km": 7.09 }, "geometry": { "type": "LineString", "coordinates": [ [ -63.2035, -25.0184 ], [ -63.2026, -25.0058 ], [ -63.21, -25.0058 ], [ -63.2109, -24.9612 ] ] } },
{ "type": "Feature", "properties": { "nombre": "Camino sin nombre", "longitud_km": 9.21 }, "geometry": { "type": "LineString", "coordinates": [ [ -63.3369, -25.0635 ], [ -63.3454, -24.9807 ] ] } },
{ "type": "Feature", "properties": { "nombre": "Camino sin nombre", "longitud_km": 3.75 }, "geometry": { "type": "LineString", "coordinates": [ [ -65.3363, -24.7722 ], [ -65.3292, -24.7645 ], [ -65.312, -24.769 ], [ -65.3052, -24.7648 ] ] } },
{ "type": "Feature", "properties": { "nombre": "Camino sin nombre", "longitud_km": 14.1 }, "geometry": { "type": "LineString", "coordinates": [ [ -65.056, -24.7983 ], [ -65.0624, -24.8166 ], [ -65.1043, -24.869 ], [ -65.1172, -24.9027 ], [ -65.1252, -24.9048 ] ] } },
{ "type": "Feature", "properties": { "nombre": "Camino sin nombre", "longitud_km": 5.14 }, "geometry": { "type": "LineString", "coordinates": [ [ -63.1037, -25.0284 ], [ -63.1373, -25.0276 ], [ -63.1468, -25.0409 ] ] } },
{ "type": "Feature", "properties": { "nombre": "Camino sin nombre", "longitud_km": 9.04 }, "geometry": { "type": "LineString", "coordinates": [ [ -63.6422, -24.8145 ], [ -63.6302, -24.8067 ], [ -63.6124, -24.8063 ], [ -63.5678, -24.8386 ] ] } },
{ "type": "Feature", "properties": { "nombre": "Camino sin nombre", "longitud_km": 2.97 }, "geometry": { "type": "LineString", "coordinates": [ [ -63.0744, -25.1499 ], [ -63.0467, -25.1591 ] ] } },
{ "type": "Feature", "properties": { "nombre": "Camino sin nombre", "longitud_km": 6.36 }, "geometry": { "type": "LineString", "coordinates": [ [ -65.1296, -24.7601 ], [ -65.1485, -24.7558 ], [ -65.1647, -24.7591 ], [ -65.1459, -24.7767 ] ] } },
{ "type": "Feature", "properties": { "nombre": "Camino sin nombre", "longitud_km": 9.77 }, "geometry": { "type": "LineString", "coordinates": [ [ -63.7168, -24.8665 ], [ -63.6926, -24.8584 ], [ -63.6797, -24.8397 ], [ -63.6422, -24.8145 ] ] } },
{ "type": "Feature", "properties": { "nombre": "Camino sin nombre", "longitud_km": 3.23 }, "geometry": { "type": "LineString", "coordinates": [ [ -65.4159, -24.8972 ], [ -65.41, -24.8975 ], [ -65.4115, -24.9074 ], [ -65.3981, -24.9137 ] ] } },
{ "type": "Feature", "properties": { "nombre": "Camino sin nombre", "longitud_km": 2.62 }, "geometry": { "type": "LineString", "coordinates": [ [ -65.0211, -24.8033 ], [ -65.0226, -24.827 ] ] } },
{ "type": "Feature", "properties": { "nombre": "Camino sin nombre", "longitud_km": 0.87 }, "geometry": { "type": "LineString", "coordinates": [ [ -65.3981, -24.9137 ], [ -65.3896, -24.9148 ] ] } },
{ "type": "Feature", "properties": { "nombre": "Camino sin nombre", "longitud_km": 2.1 }, "geometry": { "type": "LineString", "coordinates": [ [ -65.5746, -24.8513 ], [ -65.5776, -24.8326 ] ] } },
{ "type": "Feature", "properties": { "nombre": "Camino sin nombre", "longitud_km": 3.87 }, "geometry": { "type": "LineString", "coordinates": [ [ -64.4672, -24.8195 ], [ -64.4497, -24.8506 ] ] } },
{ "type": "Feature", "properties": { "nombre": "Camino sin nombre", "longitud_km": 13.29 }, "geometry": { "type": "LineString", "coordinates": [ [ -63.4489, -24.8544 ], [ -63.4645, -24.8518 ], [ -63.4986, -24.8582 ], [ -63.534, -24.8529 ], [ -63.5789, -24.8544 ] ] } },
{ "type": "Feature", "properties": { "nombre": "Camino sin nombre", "longitud_km": 1.64 }, "geometry": { "type": "LineString", "coordinates": [ [ -65.0441, -24.7882 ], [ -65.056, -24.7983 ] ] } },
{ "type": "Feature", "properties": { "nombre": "Camino sin nombre", "longitud_km": 9.32 }, "geometry": { "type": "LineString", "coordinates": [ [ -64.2872, -24.7707 ], [ -64.3089, -24.7552 ], [ -64.3291, -24.7544 ], [ -64.3433, -24.7612 ], [ -64.3705, -24.7539 ] ] } },
{ "type": "Feature", "properties": { "nombre": "Camino sin nombre", "longitud_km": 5.82 }, "geometry": { "type": "LineString", "coordinates": [ [ -65.4462, -24.7931 ], [ -65.4691, -24.7897 ], [ -65.4958, -24.77 ] ] } },
{ "type": "Feature", "properties": { "nombre": "Camino sin nombre", "longitud_km": 3.94 }, "geometry": { "type": "LineString", "coordinates": [ [ -63.7492, -24.8561 ], [ -63.7287, -24.8709 ], [ -63.7168, -24.8665 ] ] } },
{ "type": "Feature", "properties": { "nombre": "Camino sin nombre", "longitud_km": 2.1 }, "geometry": { "type": "LineString", "coordinates": [ [ -65.4189, -24.9128 ], [ -65.3981, -24.9137 ] ] } },
{ "type": "Feature", "properties": { "nombre": "Camino sin nombre", "longitud_km": 3.53 }, "geometry": { "type": "LineString", "coordinates": [ [ -63.8, -25.2049 ], [ -63.7654, -25.2095 ] ] } },
{ "type": "Feature", "properties": { "nombre": "Camino sin nombre", "longitud_km": 2.03 }, "geometry": { "type": "LineString", "coordinates": [ [ -66.172, -24.9352 ], [ -66.1543, -24.9264 ] ] } },
{ "type": "Feature", "properties": { "nombre": "Camino sin nombre", "longitud_km": 1.08 }, "geometry": { "type": "LineString", "coordinates": [ [ -63.5185, -24.7777 ], [ -63.5079, -24.7791 ] ] } },
{ "type": "Feature", "properties": { "nombre": "Camino sin nombre", "longitud_km": 3.28 }, "geometry": { "type": "LineString", "coordinates": [ [ -66.0141, -25.0168 ], [ -66.0051, -25.0174 ], [ -65.9869, -25.0038 ] ] } },
{ "type": "Feature", "properties": { "nombre": "Camino sin nombre", "longitud_km": 19.87 }, "geometry": { "type": "LineString", "coordinates": [ [ -64.1705, -24.815 ], [ -64.1078, -24.7912 ], [ -64.0433, -24.7935 ], [ -63.9807, -24.8057 ] ] } },
{ "type": "Feature", "properties": { "nombre": "Camino sin nombre", "longitud_km": 4.24 }, "geometry": { "type": "LineString", "coordinates": [ [ -63.8043, -25.0176 ], [ -63.7795, -25.0484 ] ] } },
{ "type": "Feature", "properties": { "nombre": "Camino sin nombre", "longitud_km": 1.15 }, "geometry": { "type": "LineString", "coordinates": [ [ -62.9555, -24.7815 ], [ -62.9613, -24.7726 ] ] } },
{ "type": "Feature", "properties": { "nombre": "Camino sin nombre", "longitud_km": 1.79 }, "geometry": { "type": "LineString", "coordinates": [ [ -65.0846, -24.7723 ], [ -65.0845, -24.7561 ] ] } },
{ "type": "Feature", "properties": { "nombre": "Camino sin nombre", "longitud_km": 19.12 }, "geometry": { "type": "LineString", "coordinates": [ [ -63.9807, -24.8057 ], [ -63.9785, -24.7952 ], [ -63.8487, -24.8087 ], [ -63.8035, -24.8195 ] ] } },
{ "type": "Feature", "properties": { "nombre": "Camino sin nombre", "longitud_km": 2.07 }, "geometry": { "type": "LineString", "coordinates": [ [ -62.9744, -24.7886 ], [ -62.9555, -24.7815 ] ] } },
{ "type": "Feature", "properties": { "nombre": "Camino sin nombre", "longitud_km": 2.22 }, "geometry": { "type": "LineString", "coordinates": [ [ -62.9744, -24.7886 ], [ -62.9613, -24.7726 ] ] } },
{ "type": "Feature", "properties": { "nombre": "Camino sin nombre", "longitud_km": 2.26 }, "geometry": { "type": "LineString", "coordinates": [ [ -62.9555, -24.7815 ], [ -62.9472, -24.7811 ], [ -62.9365, -24.7893 ] ] } },
{ "type": "Feature", "properties": { "nombre": "Camino sin nombre", "longitud_km": 6.3 }, "geometry": { "type": "LineString", "coordinates": [ [ -63.0216, -24.8549 ], [ -62.9874, -24.8073 ] ] } },
{ "type": "Feature", "properties": { "nombre": "Camino sin nombre", "longitud_km": 3.0 }, "geometry": { "type": "LineString", "coordinates": [ [ -64.938, -24.8201 ], [ -64.9562, -24.8086 ], [ -64.9633, -24.8111 ] ] } },
{ "type": "Feature", "properties": { "nombre": "Camino sin nombre", "longitud_km": 2.55 }, "geometry": { "type": "LineString", "coordinates": [ [ -64.9864, -24.8204 ], [ -64.9633, -24.8111 ] ] } },
{ "type": "Feature", "properties": { "nombre": "Camino sin nombre", "longitud_km": 16.34 }, "geometry": { "type": "LineString", "coordinates": [ [ -64.3346, -24.8467 ], [ -64.2574, -24.8521 ], [ -64.2357, -24.8475 ], [ -64.1823, -24.8189 ] ] } },
{ "type": "Feature", "properties": { "nombre": "Camino sin nombre", "longitud_km": 0.12 }, "geometry": { "type": "LineString", "coordinates": [ [ -65.038, -24.7847 ], [ -65.0372, -24.7855 ] ] } },
{ "type": "Feature", "properties": { "nombre": "Camino sin nombre", "longitud_km": 4.78 }, "geometry": { "type": "LineString", "coordinates": [ [ -65.2726, -24.7596 ], [ -65.272, -24.7723 ], [ -65.2931, -24.7741 ], [ -65.3013, -24.7822 ] ] } },
{ "type": "Feature", "properties": { "nombre": "Camino sin nombre", "longitud_km": 5.44 }, "geometry": { "type": "LineString", "coordinates": [ [ -63.5079, -24.7791 ], [ -63.4869, -24.7907 ], [ -63.4805, -24.8011 ], [ -63.4654, -24.7961 ] ] } },
{ "type": "Feature", "properties": { "nombre": "Camino sin nombre", "longitud_km": 0.72 }, "geometry": { "type": "LineString", "coordinates": [ [ -65.038, -24.7847 ], [ -65.0441, -24.7882 ] ] } },
{ "type": "Feature", "properties": { "nombre": "Camino sin nombre", "longitud_km": 1.82 }, "geometry": { "type": "LineString", "coordinates": [ [ -65.4322, -24.785 ], [ -65.4427, -24.778 ], [ -65.4471, -24.7802 ] ] } },
{ "type": "Feature", "properties": { "nombre": "Camino sin nombre", "longitud_km": 3.27 }, "geometry": { "type": "LineString", "coordinates": [ [ -65.4378, -24.814 ], [ -65.4474, -24.8177 ], [ -65.4508, -24.8374 ] ] } },
{ "type": "Feature", "properties": { "nombre": "Camino sin nombre", "longitud_km": 2.45 }, "geometry": { "type": "LineString", "coordinates": [ [ -62.9874, -24.8073 ], [ -62.9744, -24.7886 ] ] } },
{ "type": "Feature", "properties": { "nombre": "Camino sin nombre", "longitud_km": 3.08 }, "geometry": { "type": "LineString", "coordinates": [ [ -65.1352, -24.7676 ], [ -65.1309, -24.7737 ], [ -65.1387, -24.793 ] ] } },
{ "type": "Feature", "properties": { "nombre": "Camino sin nombre", "longitud_km": 0.77 }, "geometry": { "type": "LineString", "coordinates": [ [ -63.8047, -24.8264 ], [ -63.8035, -24.8195 ] ] } },
{ "type": "Feature", "properties": { "nombre": "Camino sin nombre", "longitud_km": 1.66 }, "geometry": { "type": "LineString", "coordinates": [ [ -63.8211, -24.8272 ], [ -63.8047, -24.8264 ] ] } },
{ "type": "Feature", "properties": { "nombre": "Camino sin nombre", "longitud_km": 3.24 }, "geometry": { "type": "LineString", "coordinates": [ [ -63.1037, -25.0284 ], [ -63.1043, -25.0576 ] ] } },
{ "type": "Feature", "properties": { "nombre": "Camino sin nombre", "longitud_km": 1.4 }, "geometry": { "type": "LineString", "coordinates": [ [ -65.4239, -24.814 ], [ -65.4378, -24.814 ] ] } },
{ "type": "Feature", "properties": { "nombre": "Camino sin nombre", "longitud_km": 13.41 }, "geometry": { "type": "LineString", "coordinates": [ [ -65.5412, -24.8588 ], [ -65.5437, -24.8424 ], [ -65.4692, -24.8116 ], [ -65.4536, -24.8088 ], [ -65.4378, -24.814 ] ] } },
{ "type": "Feature", "properties": { "nombre": "Camino sin nombre", "longitud_km": 5.97 }, "geometry": { "type": "LineString", "coordinates": [ [ -63.7461, -24.8336 ], [ -63.8047, -24.8264 ] ] } },
{ "type": "Feature", "properties": { "nombre": "Camino sin nombre", "longitud_km": 4.67 }, "geometry": { "type": "LineString", "coordinates": [ [ -63.1043, -25.0576 ], [ -63.1468, -25.0409 ] ] } },
{ "type": "Feature", "properties": { "nombre": "Camino sin nombre", "longitud_km": 10.07 }, "geometry": { "type": "LineString", "coordinates": [ [ -64.3, -25.1689 ], [ -64.2853, -25.2353 ], [ -64.2961, -25.2564 ] ] } },
{ "type": "Feature", "properties": { "nombre": "Camino sin nombre", "longitud_km": 6.04 }, "geometry": { "type": "LineString", "coordinates": [ [ -64.3397, -24.8404 ], [ -64.3411, -24.8186 ], [ -64.3633, -24.8049 ], [ -64.3639, -24.7967 ] ] } },
{ "type": "Feature", "properties": { "nombre": "Camino sin nombre", "longitud_km": 1.24 }, "geometry": { "type": "LineString", "coordinates": [ [ -65.0226, -24.827 ], [ -65.0302, -24.8358 ] ] } },
{ "type": "Feature", "properties": { "nombre": "Camino sin nombre", "longitud_km": 1.19 }, "geometry": { "type": "LineString", "coordinates": [ [ -64.3346, -24.8467 ], [ -64.3355, -24.836 ] ] } },
{ "type": "Feature", "properties": { "nombre": "Camino sin nombre", "longitud_km": 7.25 }, "geometry": { "type": "LineString", "coordinates": [ [ -62.9357, -24.8548 ], [ -62.9365, -24.7893 ] ] } },
{ "type": "Feature", "properties": { "nombre": "Camino sin nombre", "longitud_km": 0.38 }, "geometry": { "type": "LineString", "coordinates": [ [ -65.5776, -24.8326 ], [ -65.5748, -24.8304 ] ] } },
{ "type": "Feature", "properties": { "nombre": "Camino sin nombre", "longitud_km": 1.38 }, "geometry": { "type": "LineString", "coordinates": [ [ -65.5776, -24.8326 ], [ -65.5849, -24.822 ] ] } },
{ "type": "Feature", "properties": { "nombre": "Camino sin nombre", "longitud_km": 3.95 }, "geometry": { "type": "LineString", "coordinates": [ [ -63.0446, -24.8548 ], [ -63.0436, -24.8192 ] ] } },
{ "type": "Feature", "properties": { "nombre": "Camino sin nombre", "longitud_km": 2.33 }, "geometry": { "type": "LineString", "coordinates": [ [ -63.0446, -24.8548 ], [ -63.0216, -24.8549 ] ] } },
{ "type": "Feature", "properties": { "nombre": "Camino sin nombre", "longitud_km": 8.68 }, "geometry": { "type": "LineString", "coordinates": [ [ -63.0216, -24.8549 ], [ -62.9357, -24.8548 ] ] } },
{ "type": "Feature", "properties": { "nombre": "Camino sin nombre", "longitud_km": 2.96 }, "geometry": { "type": "LineString", "coordinates": [ [ -63.8085, -24.8529 ], [ -63.8047, -24.8264 ] ] } },
{ "type": "Feature", "properties": { "nombre": "Camino sin nombre", "longitud_km": 2.28 }, "geometry": { "type": "LineString", "coordinates": [ [ -63.4489, -24.8544 ], [ -63.4662, -24.8412 ] ] } },
{ "type": "Feature", "properties": { "nombre": "Camino sin nombre", "longitud_km": 18.09 }, "geometry": { "type": "LineString", "coordinates": [ [ -63.2235, -24.856 ], [ -63.0446, -24.8548 ] ] } },
{ "type": "Feature", "properties": { "nombre": "Camino sin nombre", "longitud_km": 1.05 }, "geometry": { "type": "LineString", "coordinates": [ [ -63.2339, -24.856 ], [ -63.2235, -24.856 ] ] } },
{ "type": "Feature", "properties": { "nombre": "Camino sin nombre", "longitud_km": 7.62 }, "geometry": { "type": "LineString", "coordinates": [ [ -63.3093, -24.857 ], [ -63.2339, -24.856 ] ] } },
{ "type": "Feature", "properties": { "nombre": "Camino sin nombre", "longitud_km": 0.37 }, "geometry": { "type": "LineString", "coordinates": [ [ -63.4461, -24.8566 ], [ -63.4489, -24.8544 ] ] } },
{ "type": "Feature", "properties": { "nombre": "Camino sin nombre", "longitud_km": 8.19 }, "geometry": { "type": "LineString", "coordinates": [ [ -63.4654, -24.7961 ], [ -63.4373, -24.8139 ], [ -63.4374, -24.8567 ] ] } },
{ "type": "Feature", "properties": { "nombre": "Camino sin nombre", "longitud_km": 0.88 }, "geometry": { "type": "LineString", "coordinates": [ [ -63.4461, -24.8566 ], [ -63.4374, -24.8567 ] ] } },
{ "type": "Feature", "properties": { "nombre": "Camino sin nombre", "longitud_km": 12.95 }, "geometry": { "type": "LineString", "coordinates": [ [ -63.4374, -24.8567 ], [ -63.3093, -24.857 ] ] } },
{ "type": "Feature", "properties": { "nombre": "Camino sin nombre", "longitud_km": 2.17 }, "geometry": { "type": "LineString", "coordinates": [ [ -65.4286, -24.8455 ], [ -65.4072, -24.8466 ] ] } },
{ "type": "Feature", "properties": { "nombre": "Camino sin nombre", "longitud_km": 1.5 }, "geometry": { "type": "LineString", "coordinates": [ [ -65.3846, -24.8486 ], [ -65.3698, -24.8495 ] ] } },
{ "type": "Feature", "properties": { "nombre": "Camino sin nombre", "longitud_km": 3.78 }, "geometry": { "type": "LineString", "coordinates": [ [ -63.8341, -24.8771 ], [ -63.8233, -24.8628 ], [ -63.8085, -24.8529 ] ] } },
{ "type": "Feature", "properties": { "nombre": "Camino sin nombre", "longitud_km": 1.33 }, "geometry": { "type": "LineString", "coordinates": [ [ -65.5215, -24.8495 ], [ -65.5306, -24.8581 ] ] } },
{ "type": "Feature", "properties": { "nombre": "Camino sin nombre", "longitud_km": 5.21 }, "geometry": { "type": "LineString", "coordinates": [ [ -63.8341, -24.8771 ], [ -63.8121, -24.8795 ], [ -63.8085, -24.8529 ] ] } },
{ "type": "Feature", "properties": { "nombre": "Camino sin nombre", "longitud_km": 6.09 }, "geometry": { "type": "LineString", "coordinates": [ [ -64.4771, -24.8458 ], [ -64.5, -24.8747 ], [ -64.5075, -24.8928 ] ] } },
{ "type": "Feature", "properties": { "nombre": "Camino sin nombre", "longitud_km": 1.02 }, "geometry": { "type": "LineString", "coordinates": [ [ -65.498, -24.8552 ], [ -65.4981, -24.8645 ] ] } },
{ "type": "Feature", "properties": { "nombre": "Camino sin nombre", "longitud_km": 1.81 }, "geometry": { "type": "LineString", "coordinates": [ [ -65.3841, -24.8678 ], [ -65.3667, -24.8642 ] ] } },
{ "type": "Feature", "properties": { "nombre": "Camino sin nombre", "longitud_km": 5.63 }, "geometry": { "type": "LineString", "coordinates": [ [ -64.8941, -24.9342 ], [ -64.8771, -24.932 ], [ -64.8691, -24.911 ], [ -64.8598, -24.9012 ] ] } },
{ "type": "Feature", "properties": { "nombre": "Camino sin nombre", "longitud_km": 1.35 }, "geometry": { "type": "LineString", "coordinates": [ [ -65.1354, -26.0 ], [ -65.1471, -25.9941 ] ] } },
{ "type": "Feature", "properties": { "nombre": "Camino sin nombre", "longitud_km": 20.17 }, "geometry": { "type": "LineString", "coordinates": [ [ -63.599, -24.8808 ], [ -63.5573, -24.8945 ], [ -63.5123, -24.895 ], [ -63.4554, -24.9038 ], [ -63.4461, -24.8566 ] ] } },
{ "type": "Feature", "properties": { "nombre": "Camino sin nombre", "longitud_km": 10.51 }, "geometry": { "type": "LineString", "coordinates": [ [ -63.9938, -24.8999 ], [ -63.9807, -24.8057 ] ] } },
{ "type": "Feature", "properties": { "nombre": "Camino sin nombre", "longitud_km": 5.6 }, "geometry": { "type": "LineString", "coordinates": [ [ -64.4612, -24.9119 ], [ -64.4916, -24.906 ], [ -64.5049, -24.8911 ], [ -64.5075, -24.8928 ] ] } },
{ "type": "Feature", "properties": { "nombre": "Camino sin nombre", "longitud_km": 2.74 }, "geometry": { "type": "LineString", "coordinates": [ [ -65.5902, -24.8786 ], [ -65.6088, -24.8763 ], [ -65.6142, -24.8823 ] ] } },
{ "type": "Feature", "properties": { "nombre": "Camino sin nombre", "longitud_km": 5.79 }, "geometry": { "type": "LineString", "coordinates": [ [ -65.1405, -24.9323 ], [ -65.1785, -24.9391 ], [ -65.1891, -24.9531 ] ] } },
{ "type": "Feature", "properties": { "nombre": "Camino sin nombre", "longitud_km": 1.46 }, "geometry": { "type": "LineString", "coordinates": [ [ -65.4159, -24.8972 ], [ -65.4286, -24.8911 ] ] } },
{ "type": "Feature", "properties": { "nombre": "Camino sin nombre", "longitud_km": 0.96 }, "geometry": { "type": "LineString", "coordinates": [ [ -65.5051, -25.059 ], [ -65.4963, -25.0621 ] ] } },
{ "type": "Feature", "properties": { "nombre": "Camino sin nombre", "longitud_km": 10.1 }, "geometry": { "type": "LineString", "coordinates": [ [ -63.7168, -24.8665 ], [ -63.7037, -24.8816 ], [ -63.7112, -24.8923 ], [ -63.7208, -24.9509 ] ] } },
{ "type": "Feature", "properties": { "nombre": "Camino sin nombre", "longitud_km": 0.93 }, "geometry": { "type": "LineString", "coordinates": [ [ -65.1513, -24.9466 ], [ -65.1516, -24.955 ] ] } },
{ "type": "Feature", "properties": { "nombre": "Camino sin nombre", "longitud_km": 3.37 }, "geometry": { "type": "LineString", "coordinates": [ [ -64.0096, -25.0896 ], [ -63.9785, -25.1006 ] ] } },
{ "type": "Feature", "properties": { "nombre": "Camino sin nombre", "longitud_km": 5.44 }, "geometry": { "type": "LineString", "coordinates": [ [ -63.8619, -24.9119 ], [ -63.8581, -24.8887 ], [ -63.8495, -24.8807 ], [ -63.8341, -24.8771 ] ] } },
{ "type": "Feature", "properties": { "nombre": "Camino sin nombre", "longitud_km": 13.84 }, "geometry": { "type": "LineString", "coordinates": [ [ -63.9938, -24.8999 ], [ -63.9747, -24.8909 ], [ -63.9152, -24.8976 ], [ -63.8619, -24.9119 ] ] } },
{ "type": "Feature", "properties": { "nombre": "Camino sin nombre", "longitud_km": 9.17 }, "geometry": { "type": "LineString", "coordinates": [ [ -65.0226, -24.827 ], [ -65.016, -24.8552 ], [ -65.024, -24.897 ], [ -65.0185, -24.9074 ] ] } },
{ "type": "Feature", "properties": { "nombre": "Camino sin nombre", "longitud_km": 5.01 }, "geometry": { "type": "LineString", "coordinates": [ [ -64.8598, -24.9012 ], [ -64.8498, -24.8744 ], [ -64.8503, -24.8647 ], [ -64.8578, -24.8627 ] ] } },
{ "type": "Feature", "properties": { "nombre": "Camino sin nombre", "longitud_km": 1.76 }, "geometry": { "type": "LineString", "coordinates": [ [ -64.8598, -24.9012 ], [ -64.8527, -24.9014 ], [ -64.8472, -24.8935 ] ] } },
{ "type": "Feature", "properties": { "nombre": "Camino sin nombre", "longitud_km": 1.12 }, "geometry": { "type": "LineString", "coordinates": [ [ -65.4177, -24.9068 ], [ -65.4287, -24.9055 ] ] } },
{ "type": "Feature", "properties": { "nombre": "Camino sin nombre", "longitud_km": 9.24 }, "geometry": { "type": "LineString", "coordinates": [ [ -65.1751, -24.8624 ], [ -65.1733, -24.8938 ], [ -65.1567, -24.8963 ], [ -65.1475, -24.8922 ], [ -65.144, -24.8979 ], [ -65.1355, -24.8962 ], [ -65.1252, -24.9048 ] ] } },
{ "type": "Feature", "properties": { "nombre": "Camino sin nombre", "longitud_km": 10.59 }, "geometry": { "type": "LineString", "coordinates": [ [ -63.0466, -24.9504 ], [ -63.0446, -24.8548 ] ] } },
{ "type": "Feature", "properties": { "nombre": "Camino sin nombre", "longitud_km": 11.99 }, "geometry": { "type": "LineString", "coordinates": [ [ -65.6637, -24.899 ], [ -65.6707, -24.887 ], [ -65.6923, -24.8863 ], [ -65.6966, -24.8808 ], [ -65.6971, -24.8664 ], [ -65.718, -24.8413 ], [ -65.7223, -24.8194 ] ] } },
{ "type": "Feature", "properties": { "nombre": "Camino sin nombre", "longitud_km": 1.93 }, "geometry": { "type": "LineString", "coordinates": [ [ -63.69, -24.926 ], [ -63.6913, -24.9357 ], [ -63.683, -24.937 ] ] } },
{ "type": "Feature", "properties": { "nombre": "Camino sin nombre", "longitud_km": 0.68 }, "geometry": { "type": "LineString", "coordinates": [ [ -65.4189, -24.9128 ], [ -65.4177, -24.9068 ] ] } },
{ "type": "Feature", "properties": { "nombre": "Camino sin nombre", "longitud_km": 4.86 }, "geometry": { "type": "LineString", "coordinates": [ [ -65.3182, -24.8855 ], [ -65.3271, -24.8985 ], [ -65.3256, -24.9201 ], [ -65.3296, -24.926 ] ] } },
{ "type": "Feature", "properties": { "nombre": "Camino sin nombre", "longitud_km": 0.86 }, "geometry": { "type": "LineString", "coordinates": [ [ -65.4881, -24.9215 ], [ -65.4795, -24.9213 ] ] } },
{ "type": "Feature", "properties": { "nombre": "Camino sin nombre", "longitud_km": 2.4 }, "geometry": { "type": "LineString", "coordinates": [ [ -63.3476, -24.9618 ], [ -63.3277, -24.9499 ] ] } },
{ "type": "Feature", "properties": { "nombre": "Camino sin nombre", "longitud_km": 2.0 }, "geometry": { "type": "LineString", "coordinates": [ [ -65.3921, -24.9427 ], [ -65.3724, -24.9445 ] ] } },
{ "type": "Feature", "properties": { "nombre": "Camino sin nombre", "longitud_km": 1.08 }, "geometry": { "type": "LineString", "coordinates": [ [ -65.4177, -24.9068 ], [ -65.4159, -24.8972 ] ] } },
{ "type": "Feature", "properties": { "nombre": "Camino sin nombre", "longitud_km": 2.78 }, "geometry": { "type": "LineString", "coordinates": [ [ -65.6123, -24.9425 ], [ -65.6055, -24.9181 ] ] } },
{ "type": "Feature", "properties": { "nombre": "Camino sin nombre", "longitud_km": 25.3 }, "geometry": { "type": "LineString", "coordinates": [ [ -64.1605, -24.9263 ], [ -64.1672, -24.8808 ], [ -64.0577, -24.866 ], [ -64.0607, -24.8842 ], [ -63.9938, -24.8999 ] ] } },
{ "type": "Feature", "properties": { "nombre": "Camino sin nombre", "longitud_km": 1.28 }, "geometry": { "type": "LineString", "coordinates": [ [ -64.1693, -24.9181 ], [ -64.1605, -24.9263 ] ] } },
{ "type": "Feature", "properties": { "nombre": "Camino sin nombre", "longitud_km": 16.35 }, "geometry": { "type": "LineString", "coordinates": [ [ -64.3634, -24.9775 ], [ -64.356, -24.9542 ], [ -64.3498, -24.9523 ], [ -64.345, -24.9061 ], [ -64.3233, -24.883 ], [ -64.3223, -24.869 ], [ -64.3335, -24.8588 ], [ -64.3346, -24.8467 ] ] } },
{ "type": "Feature", "properties": { "nombre": "Camino sin nombre", "longitud_km": 1.2 }, "geometry": { "type": "LineString", "coordinates": [ [ -65.4876, -24.9275 ], [ -65.4778, -24.9336 ] ] } },
{ "type": "Feature", "properties": { "nombre": "Camino sin nombre", "longitud_km": 1.92 }, "geometry": { "type": "LineString", "coordinates": [ [ -65.1405, -24.9323 ], [ -65.1513, -24.9466 ] ] } },
{ "type": "Feature", "properties": { "nombre": "Camino sin nombre", "longitud_km": 8.71 }, "geometry": { "type": "LineString", "coordinates": [ [ -63.2275, -24.9614 ], [ -63.3137, -24.9618 ] ] } },
{ "type": "Feature", "properties": { "nombre": "Camino sin nombre", "longitud_km": 1.96 }, "geometry": { "type": "LineString", "coordinates": [ [ -63.6571, -24.958 ], [ -63.6544, -24.9655 ], [ -63.6447, -24.9697 ] ] } },
{ "type": "Feature", "properties": { "nombre": "Camino sin nombre", "longitud_km": 1.68 }, "geometry": { "type": "LineString", "coordinates": [ [ -65.4217, -24.9278 ], [ -65.4189, -24.9128 ] ] } },
{ "type": "Feature", "properties": { "nombre": "Camino sin nombre", "longitud_km": 3.42 }, "geometry": { "type": "LineString", "coordinates": [ [ -65.1252, -24.9048 ], [ -65.1405, -24.9323 ] ] } },
{ "type": "Feature", "properties": { "nombre": "Camino sin nombre", "longitud_km": 27.36 }, "geometry": { "type": "LineString", "coordinates": [ [ -63.0466, -24.9504 ], [ -62.9116, -24.95 ], [ -62.9008, -24.8601 ], [ -62.91, -24.8545 ], [ -62.9357, -24.8548 ] ] } },
{ "type": "Feature", "properties": { "nombre": "Camino sin nombre", "longitud_km": 1.13 }, "geometry": { "type": "LineString", "coordinates": [ [ -63.6677, -24.9545 ], [ -63.6571, -24.958 ] ] } },
{ "type": "Feature", "properties": { "nombre": "Camino sin nombre", "longitud_km": 5.11 }, "geometry": { "type": "LineString", "coordinates": [ [ -66.1447, -24.8961 ], [ -66.163, -24.8982 ], [ -66.1543, -24.9264 ] ] } },
{ "type": "Feature", "properties": { "nombre": "Camino sin nombre", "longitud_km": 0.87 }, "geometry": { "type": "LineString", "coordinates": [ [ -63.7224, -24.9586 ], [ -63.7208, -24.9509 ] ] } },
{ "type": "Feature", "properties": { "nombre": "Camino sin nombre", "longitud_km": 1.14 }, "geometry": { "type": "LineString", "coordinates": [ [ -63.0468, -24.9607 ], [ -63.0466, -24.9504 ] ] } },
{ "type": "Feature", "properties": { "nombre": "Camino sin nombre", "longitud_km": 2.77 }, "geometry": { "type": "LineString", "coordinates": [ [ -63.0468, -24.9607 ], [ -63.0743, -24.9605 ] ] } },
{ "type": "Feature", "properties": { "nombre": "Camino sin nombre", "longitud_km": 2.84 }, "geometry": { "type": "LineString", "coordinates": [ [ -63.0743, -24.9605 ], [ -63.1023, -24.9608 ] ] } },
{ "type": "Feature", "properties": { "nombre": "Camino sin nombre", "longitud_km": 1.51 }, "geometry": { "type": "LineString", "coordinates": [ [ -66.1543, -24.9264 ], [ -66.1395, -24.9279 ] ] } },
{ "type": "Feature", "properties": { "nombre": "Camino sin nombre", "longitud_km": 10.96 }, "geometry": { "type": "LineString", "coordinates": [ [ -63.1023, -24.9608 ], [ -63.2109, -24.9612 ] ] } },
{ "type": "Feature", "properties": { "nombre": "Camino sin nombre", "longitud_km": 1.67 }, "geometry": { "type": "LineString", "coordinates": [ [ -63.2109, -24.9612 ], [ -63.2275, -24.9614 ] ] } },
{ "type": "Feature", "properties": { "nombre": "Camino sin nombre", "longitud_km": 11.68 }, "geometry": { "type": "LineString", "coordinates": [ [ -63.2235, -24.856 ], [ -63.2275, -24.9614 ] ] } },
{ "type": "Feature", "properties": { "nombre": "Camino sin nombre", "longitud_km": 3.38 }, "geometry": { "type": "LineString", "coordinates": [ [ -65.4212, -24.9296 ], [ -65.3984, -24.9363 ], [ -65.3921, -24.9427 ] ] } },
{ "type": "Feature", "properties": { "nombre": "Camino sin nombre", "longitud_km": 1.14 }, "geometry": { "type": "LineString", "coordinates": [ [ -63.789, -24.9718 ], [ -63.7939, -24.9811 ] ] } },
{ "type": "Feature", "properties": { "nombre": "Camino sin nombre", "longitud_km": 12.65 }, "geometry": { "type": "LineString", "coordinates": [ [ -63.7717, -24.9608 ], [ -63.768, -24.9329 ], [ -63.7568, -24.9131 ], [ -63.7454, -24.9058 ], [ -63.7529, -24.8875 ], [ -63.7492, -24.8561 ] ] } },
{ "type": "Feature", "properties": { "nombre": "Camino sin nombre", "longitud_km": 4.62 }, "geometry": { "type": "LineString", "coordinates": [ [ -65.6437, -24.9524 ], [ -65.6407, -24.941 ], [ -65.6626, -24.9187 ] ] } },
{ "type": "Feature", "properties": { "nombre": "Camino sin nombre", "longitud_km": 4.41 }, "geometry": { "type": "LineString", "coordinates": [ [ -64.3924, -24.9538 ], [ -64.4059, -24.9614 ], [ -64.4289, -24.9654 ], [ -64.4297, -24.9694 ] ] } },
{ "type": "Feature", "properties": { "nombre": "Camino sin nombre", "longitud_km": 3.59 }, "geometry": { "type": "LineString", "coordinates": [ [ -63.7011, -24.9435 ], [ -63.6677, -24.9545 ] ] } },
{ "type": "Feature", "properties": { "nombre": "Camino sin nombre", "longitud_km": 17.34 }, "geometry": { "type": "LineString", "coordinates": [ [ -64.0065, -24.9553 ], [ -64.139, -24.9406 ], [ -64.1454, -24.9468 ], [ -64.1481, -24.9348 ], [ -64.1605, -24.9263 ] ] } },
{ "type": "Feature", "properties": { "nombre": "Camino sin nombre", "longitud_km": 7.35 }, "geometry": { "type": "LineString", "coordinates": [ [ -63.872, -24.9776 ], [ -63.8619, -24.9119 ] ] } },
{ "type": "Feature", "properties": { "nombre": "Camino sin nombre", "longitud_km": 6.71 }, "geometry": { "type": "LineString", "coordinates": [ [ -64.0065, -24.9553 ], [ -64.0019, -24.9558 ], [ -63.9938, -24.8999 ] ] } },
{ "type": "Feature", "properties": { "nombre": "Camino sin nombre", "longitud_km": 1.44 }, "geometry": { "type": "LineString", "coordinates": [ [ -64.8225, -25.6124 ], [ -64.8091, -25.617 ] ] } },
{ "type": "Feature", "properties": { "nombre": "Camino sin nombre", "longitud_km": 0.93 }, "geometry": { "type": "LineString", "coordinates": [ [ -66.1653, -24.9342 ], [ -66.1561, -24.935 ] ] } },
{ "type": "Feature", "properties": { "nombre": "Camino sin nombre", "longitud_km": 0.68 }, "geometry": { "type": "LineString", "coordinates": [ [ -66.172, -24.9352 ], [ -66.1653, -24.9342 ] ] } },
{ "type": "Feature", "properties": { "nombre": "Camino sin nombre", "longitud_km": 0.8 }, "geometry": { "type": "LineString", "coordinates": [ [ -65.1891, -24.9531 ], [ -65.1965, -24.9556 ] ] } },
{ "type": "Feature", "properties": { "nombre": "Camino sin nombre", "longitud_km": 9.67 }, "geometry": { "type": "LineString", "coordinates": [ [ -63.8313, -24.9698 ], [ -63.8297, -24.9398 ], [ -63.8205, -24.9338 ], [ -63.812, -24.9527 ], [ -63.8127, -24.9617 ], [ -63.7937, -24.9642 ] ] } },
{ "type": "Feature", "properties": { "nombre": "Camino sin nombre", "longitud_km": 3.63 }, "geometry": { "type": "LineString", "coordinates": [ [ -63.7275, -24.9911 ], [ -63.7224, -24.9586 ] ] } },
{ "type": "Feature", "properties": { "nombre": "Camino sin nombre", "longitud_km": 1.42 }, "geometry": { "type": "LineString", "coordinates": [ [ -63.7799, -24.9621 ], [ -63.789, -24.9718 ] ] } },
{ "type": "Feature", "properties": { "nombre": "Camino sin nombre", "longitud_km": 0.97 }, "geometry": { "type": "LineString", "coordinates": [ [ -63.7937, -24.9642 ], [ -63.789, -24.9718 ] ] } },
{ "type": "Feature", "properties": { "nombre": "Camino sin nombre", "longitud_km": 2.09 }, "geometry": { "type": "LineString", "coordinates": [ [ -65.1513, -24.9466 ], [ -65.1672, -24.9586 ] ] } },
{ "type": "Feature", "properties": { "nombre": "Camino sin nombre", "longitud_km": 8.58 }, "geometry": { "type": "LineString", "coordinates": [ [ -66.1347, -24.9394 ], [ -66.1184, -24.9243 ], [ -66.0568, -24.9217 ] ] } },
{ "type": "Feature", "properties": { "nombre": "Camino sin nombre", "longitud_km": 8.11 }, "geometry": { "type": "LineString", "coordinates": [ [ -64.8941, -24.9342 ], [ -64.8552, -24.9563 ], [ -64.833, -24.9616 ], [ -64.8244, -24.9544 ] ] } },
{ "type": "Feature", "properties": { "nombre": "Camino sin nombre", "longitud_km": 1.94 }, "geometry": { "type": "LineString", "coordinates": [ [ -66.1902, -24.9406 ], [ -66.172, -24.9352 ] ] } },
{ "type": "Feature", "properties": { "nombre": "Camino sin nombre", "longitud_km": 11.68 }, "geometry": { "type": "LineString", "coordinates": [ [ -64.5075, -24.8928 ], [ -64.5271, -24.9066 ], [ -64.535, -24.924 ], [ -64.5713, -24.9484 ], [ -64.5771, -24.9706 ] ] } },
{ "type": "Feature", "properties": { "nombre": "Camino sin nombre", "longitud_km": 2.44 }, "geometry": { "type": "LineString", "coordinates": [ [ -66.1561, -24.935 ], [ -66.1462, -24.9351 ], [ -66.1391, -24.9463 ] ] } },
{ "type": "Feature", "properties": { "nombre": "Camino sin nombre", "longitud_km": 2.11 }, "geometry": { "type": "LineString", "coordinates": [ [ -63.3454, -24.9807 ], [ -63.3476, -24.9618 ] ] } },
{ "type": "Feature", "properties": { "nombre": "Camino sin nombre", "longitud_km": 5.15 }, "geometry": { "type": "LineString", "coordinates": [ [ -63.7224, -24.9586 ], [ -63.706, -24.96 ], [ -63.708, -24.9726 ], [ -63.6931, -24.9753 ], [ -63.694, -24.9802 ] ] } },
{ "type": "Feature", "properties": { "nombre": "Camino sin nombre", "longitud_km": 2.02 }, "geometry": { "type": "LineString", "coordinates": [ [ -66.1561, -24.935 ], [ -66.1538, -24.9452 ], [ -66.1616, -24.9486 ] ] } },
{ "type": "Feature", "properties": { "nombre": "Camino sin nombre", "longitud_km": 1.64 }, "geometry": { "type": "LineString", "coordinates": [ [ -66.1653, -24.9342 ], [ -66.1616, -24.9486 ] ] } },
{ "type": "Feature", "properties": { "nombre": "Camino sin nombre", "longitud_km": 5.0 }, "geometry": { "type": "LineString", "coordinates": [ [ -63.2275, -24.9614 ], [ -63.2343, -25.0061 ] ] } },
{ "type": "Feature", "properties": { "nombre": "Camino sin nombre", "longitud_km": 4.45 }, "geometry": { "type": "LineString", "coordinates": [ [ -65.1965, -24.9556 ], [ -65.1923, -24.9738 ], [ -65.1718, -24.9844 ] ] } },
{ "type": "Feature", "properties": { "nombre": "Camino sin nombre", "longitud_km": 1.94 }, "geometry": { "type": "LineString", "coordinates": [ [ -63.8595, -25.0105 ], [ -63.8572, -24.9931 ] ] } },
{ "type": "Feature", "properties": { "nombre": "Camino sin nombre", "longitud_km": 1.14 }, "geometry": { "type": "LineString", "coordinates": [ [ -63.8315, -24.9801 ], [ -63.8313, -24.9698 ] ] } },
{ "type": "Feature", "properties": { "nombre": "Camino sin nombre", "longitud_km": 3.75 }, "geometry": { "type": "LineString", "coordinates": [ [ -63.8315, -24.9801 ], [ -63.8684, -24.9762 ] ] } },
{ "type": "Feature", "properties": { "nombre": "Camino sin nombre", "longitud_km": 2.63 }, "geometry": { "type": "LineString", "coordinates": [ [ -63.768, -24.9831 ], [ -63.7939, -24.9811 ] ] } },
{ "type": "Feature", "properties": { "nombre": "Camino sin nombre", "longitud_km": 2.18 }, "geometry": { "type": "LineString", "coordinates": [ [ -66.1595, -24.9528 ], [ -66.1391, -24.9463 ] ] } },
{ "type": "Feature", "properties": { "nombre": "Camino sin nombre", "longitud_km": 0.51 }, "geometry": { "type": "LineString", "coordinates": [ [ -66.1616, -24.9486 ], [ -66.1595, -24.9528 ] ] } },
{ "type": "Feature", "properties": { "nombre": "Camino sin nombre", "longitud_km": 2.06 }, "geometry": { "type": "LineString", "coordinates": [ [ -65.5799, -24.964 ], [ -65.5868, -24.9585 ], [ -65.5961, -24.9641 ] ] } },
{ "type": "Feature", "properties": { "nombre": "Camino sin nombre", "longitud_km": 1.34 }, "geometry": { "type": "LineString", "coordinates": [ [ -65.5673, -24.9661 ], [ -65.5777, -24.9586 ] ] } },
{ "type": "Feature", "properties": { "nombre": "Camino sin nombre", "longitud_km": 2.48 }, "geometry": { "type": "LineString", "coordinates": [ [ -64.1767, -24.9837 ], [ -64.2002, -24.9776 ] ] } },
{ "type": "Feature", "properties": { "nombre": "Camino sin nombre", "longitud_km": 3.29 }, "geometry": { "type": "LineString", "coordinates": [ [ -63.8882, -24.9841 ], [ -63.8572, -24.9931 ] ] } },
{ "type": "Feature", "properties": { "nombre": "Camino sin nombre", "longitud_km": 3.44 }, "geometry": { "type": "LineString", "coordinates": [ [ -65.6178, -24.9726 ], [ -65.6437, -24.9524 ] ] } },
{ "type": "Feature", "properties": { "nombre": "Camino sin nombre", "longitud_km": 4.35 }, "geometry": { "type": "LineString", "coordinates": [ [ -65.6178, -24.9726 ], [ -65.6274, -24.9719 ], [ -65.6461, -24.9606 ], [ -65.648, -24.9562 ], [ -65.6437, -24.9524 ] ] } },
{ "type": "Feature", "properties": { "nombre": "Camino sin nombre", "longitud_km": 3.97 }, "geometry": { "type": "LineString", "coordinates": [ [ -63.3454, -24.9807 ], [ -63.3633, -24.9851 ], [ -63.3805, -24.9958 ] ] } },
{ "type": "Feature", "properties": { "nombre": "Camino sin nombre", "longitud_km": 1.37 }, "geometry": { "type": "LineString", "coordinates": [ [ -65.6044, -24.9743 ], [ -65.6178, -24.9726 ] ] } },
{ "type": "Feature", "properties": { "nombre": "Camino sin nombre", "longitud_km": 1.72 }, "geometry": { "type": "LineString", "coordinates": [ [ -63.8315, -24.9801 ], [ -63.8322, -24.9957 ] ] } },
{ "type": "Feature", "properties": { "nombre": "Camino sin nombre", "longitud_km": 14.71 }, "geometry": { "type": "LineString", "coordinates": [ [ -62.8957, -25.0408 ], [ -62.9639, -24.9989 ], [ -63.0124, -24.9986 ], [ -63.0205, -25.0101 ] ] } },
{ "type": "Feature", "properties": { "nombre": "Camino sin nombre", "longitud_km": 22.55 }, "geometry": { "type": "LineString", "coordinates": [ [ -63.6571, -24.958 ], [ -63.447, -25.0271 ] ] } },
{ "type": "Feature", "properties": { "nombre": "Camino sin nombre", "longitud_km": 3.09 }, "geometry": { "type": "LineString", "coordinates": [ [ -65.5399, -24.9793 ], [ -65.561, -24.9592 ] ] } },
{ "type": "Feature", "properties": { "nombre": "Camino sin nombre", "longitud_km": 10.61 }, "geometry": { "type": "LineString", "coordinates": [ [ -63.573, -25.0253 ], [ -63.575, -25.0 ], [ -63.6447, -24.9697 ] ] } },
{ "type": "Feature", "properties": { "nombre": "Camino sin nombre", "longitud_km": 5.1 }, "geometry": { "type": "LineString", "coordinates": [ [ -63.6506, -25.0154 ], [ -63.6447, -24.9697 ] ] } },
{ "type": "Feature", "properties": { "nombre": "Camino sin nombre", "longitud_km": 7.82 }, "geometry": { "type": "LineString", "coordinates": [ [ -63.7036, -25.0171 ], [ -63.6677, -24.9545 ] ] } },
{ "type": "Feature", "properties": { "nombre": "Camino sin nombre", "longitud_km": 3.83 }, "geometry": { "type": "LineString", "coordinates": [ [ -63.7036, -25.0171 ], [ -63.7235, -25.0 ], [ -63.7275, -24.9911 ] ] } },
{ "type": "Feature", "properties": { "nombre": "Camino sin nombre", "longitud_km": 10.73 }, "geometry": { "type": "LineString", "coordinates": [ [ -63.764, -25.0597 ], [ -63.7421, -25.063 ], [ -63.7323, -25.0083 ], [ -63.7362, -24.999 ], [ -63.7275, -24.9911 ] ] } },
{ "type": "Feature", "properties": { "nombre": "Camino sin nombre", "longitud_km": 6.01 }, "geometry": { "type": "LineString", "coordinates": [ [ -63.7577, -25.0232 ], [ -63.7513, -24.9847 ], [ -63.768, -24.9831 ] ] } },
{ "type": "Feature", "properties": { "nombre": "Camino sin nombre", "longitud_km": 4.26 }, "geometry": { "type": "LineString", "coordinates": [ [ -63.7749, -25.0211 ], [ -63.768, -24.9831 ] ] } },
{ "type": "Feature", "properties": { "nombre": "Camino sin nombre", "longitud_km": 5.54 }, "geometry": { "type": "LineString", "coordinates": [ [ -63.8043, -25.0176 ], [ -63.8018, -24.9954 ], [ -63.8322, -24.9957 ] ] } },
{ "type": "Feature", "properties": { "nombre": "Camino sin nombre", "longitud_km": 2.02 }, "geometry": { "type": "LineString", "coordinates": [ [ -63.8322, -24.9957 ], [ -63.8337, -25.0138 ] ] } },
{ "type": "Feature", "properties": { "nombre": "Camino sin nombre", "longitud_km": 3.55 }, "geometry": { "type": "LineString", "coordinates": [ [ -63.8572, -24.9931 ], [ -63.8483, -24.994 ], [ -63.8337, -25.0138 ] ] } },
{ "type": "Feature", "properties": { "nombre": "Camino sin nombre", "longitud_km": 4.02 }, "geometry": { "type": "LineString", "coordinates": [ [ -63.3503, -25.1046 ], [ -63.3424, -25.0964 ], [ -63.3145, -25.0961 ] ] } },
{ "type": "Feature", "properties": { "nombre": "Camino sin nombre", "longitud_km": 6.53 }, "geometry": { "type": "LineString", "coordinates": [ [ -66.7546, -24.9038 ], [ -66.7526, -24.9235 ], [ -66.7649, -24.961 ] ] } },
{ "type": "Feature", "properties": { "nombre": "Camino sin nombre", "longitud_km": 2.9 }, "geometry": { "type": "LineString", "coordinates": [ [ -63.9061, -24.9922 ], [ -63.8835, -25.0082 ] ] } },
{ "type": "Feature", "properties": { "nombre": "Camino sin nombre", "longitud_km": 7.96 }, "geometry": { "type": "LineString", "coordinates": [ [ -64.0213, -25.0259 ], [ -64.0065, -24.9553 ] ] } },
{ "type": "Feature", "properties": { "nombre": "Camino sin nombre", "longitud_km": 17.06 }, "geometry": { "type": "LineString", "coordinates": [ [ -64.158, -24.9712 ], [ -64.1229, -24.9719 ], [ -64.1009, -24.9625 ], [ -64.0586, -24.9656 ], [ -64.0393, -24.983 ], [ -64.0481, -25.0186 ] ] } },
{ "type": "Feature", "properties": { "nombre": "Camino sin nombre", "longitud_km": 13.54 }, "geometry": { "type": "LineString", "coordinates": [ [ -64.0481, -25.0186 ], [ -64.1767, -24.9837 ] ] } },
{ "type": "Feature", "properties": { "nombre": "Camino sin nombre", "longitud_km": 4.56 }, "geometry": { "type": "LineString", "coordinates": [ [ -64.1767, -24.9837 ], [ -64.1815, -25.0121 ], [ -64.195, -25.0103 ] ] } },
{ "type": "Feature", "properties": { "nombre": "Camino sin nombre", "longitud_km": 43.47 }, "geometry": { "type": "LineString", "coordinates": [ [ -65.729, -24.9804 ], [ -65.7382, -24.9779 ], [ -65.7458, -24.9643 ], [ -65.7653, -24.96 ], [ -65.7726, -24.9634 ], [ -65.7999, -24.9543 ], [ -65.8263, -24.9654 ], [ -65.8317, -24.9607 ], [ -65.8362, -24.9641 ], [ -65.8417, -24.9609 ], [ -65.8478, -24.9766 ], [ -65.8612, -24.9865 ], [ -65.8569, -25.0056 ], [ -65.8654, -25.0255 ], [ -65.866, -25.044 ], [ -65.8783, -25.0672 ], [ -65.8773, -25.0797 ], [ -65.8695, -25.0934 ], [ -65.9121, -25.1204 ], [ -65.9276, -25.1205 ], [ -65.9508, -25.1288 ], [ -65.9663, -25.1222 ], [ -65.9952, -25.1245 ] ] } },
{ "type": "Feature", "properties": { "nombre": "Camino sin nombre", "longitud_km": 0.53 }, "geometry": { "type": "LineString", "coordinates": [ [ -63.2295, -25.008 ], [ -63.2343, -25.0061 ] ] } },
{ "type": "Feature", "properties": { "nombre": "Camino sin nombre", "longitud_km": 11.27 }, "geometry": { "type": "LineString", "coordinates": [ [ -66.7649, -24.961 ], [ -66.7559, -24.9529 ], [ -66.7295, -24.951 ], [ -66.6906, -24.9147 ], [ -66.6745, -24.9103 ] ] } },
{ "type": "Feature", "properties": { "nombre": "Camino sin nombre", "longitud_km": 9.52 }, "geometry": { "type": "LineString", "coordinates": [ [ -63.2343, -25.0061 ], [ -63.2762, -25.0831 ] ] } },
{ "type": "Feature", "properties": { "nombre": "Camino sin nombre", "longitud_km": 2.74 }, "geometry": { "type": "LineString", "coordinates": [ [ -63.0205, -25.0101 ], [ -63.0476, -25.0101 ] ] } },
{ "type": "Feature", "properties": { "nombre": "Camino sin nombre", "longitud_km": 5.74 }, "geometry": { "type": "LineString", "coordinates": [ [ -65.9979, -25.0013 ], [ -65.987, -24.9562 ], [ -65.9817, -24.9533 ] ] } },
{ "type": "Feature", "properties": { "nombre": "Camino sin nombre", "longitud_km": 3.11 }, "geometry": { "type": "LineString", "coordinates": [ [ -64.3436, -25.0029 ], [ -64.3131, -25.007 ] ] } },
{ "type": "Feature", "properties": { "nombre": "Camino sin nombre", "longitud_km": 8.38 }, "geometry": { "type": "LineString", "coordinates": [ [ -65.0458, -24.9398 ], [ -65.042, -24.9553 ], [ -65.0356, -24.9609 ], [ -65.0414, -24.9855 ], [ -65.048, -24.9945 ], [ -65.0459, -25.0101 ] ] } },
{ "type": "Feature", "properties": { "nombre": "Camino sin nombre", "longitud_km": 5.75 }, "geometry": { "type": "LineString", "coordinates": [ [ -65.6395, -25.0034 ], [ -65.6663, -24.9854 ], [ -65.6828, -24.9849 ], [ -65.6828, -24.9784 ] ] } },
{ "type": "Feature", "properties": { "nombre": "Camino sin nombre", "longitud_km": 4.07 }, "geometry": { "type": "LineString", "coordinates": [ [ -63.3143, -25.0708 ], [ -63.2762, -25.0831 ] ] } },
{ "type": "Feature", "properties": { "nombre": "Camino sin nombre", "longitud_km": 5.45 }, "geometry": { "type": "LineString", "coordinates": [ [ -63.1468, -25.0409 ], [ -63.1704, -25.0851 ] ] } },
{ "type": "Feature", "properties": { "nombre": "Camino sin nombre", "longitud_km": 1.07 }, "geometry": { "type": "LineString", "coordinates": [ [ -65.6395, -25.0034 ], [ -65.6478, -25.0094 ] ] } },
{ "type": "Feature", "properties": { "nombre": "Camino sin nombre", "longitud_km": 11.25 }, "geometry": { "type": "LineString", "coordinates": [ [ -65.0458, -24.9398 ], [ -65.0698, -24.9506 ], [ -65.0834, -25.0047 ], [ -65.091, -25.0145 ], [ -65.0903, -25.0241 ] ] } },
{ "type": "Feature", "properties": { "nombre": "Camino sin nombre", "longitud_km": 2.63 }, "geometry": { "type": "LineString", "coordinates": [ [ -63.8595, -25.0105 ], [ -63.8337, -25.0138 ] ] } },
{ "type": "Feature", "properties": { "nombre": "Camino sin nombre", "longitud_km": 1.43 }, "geometry": { "type": "LineString", "coordinates": [ [ -66.7764, -24.9687 ], [ -66.7649, -24.961 ] ] } },
{ "type": "Feature", "properties": { "nombre": "Camino sin nombre", "longitud_km": 7.83 }, "geometry": { "type": "LineString", "coordinates": [ [ -66.7546, -24.9038 ], [ -66.7715, -24.9245 ], [ -66.7769, -24.9455 ], [ -66.7764, -24.9687 ] ] } },
{ "type": "Feature", "properties": { "nombre": "Camino sin nombre", "longitud_km": 0.82 }, "geometry": { "type": "LineString", "coordinates": [ [ -63.0476, -25.0101 ], [ -63.0476, -25.0175 ] ] } },
{ "type": "Feature", "properties": { "nombre": "Camino sin nombre", "longitud_km": 7.91 }, "geometry": { "type": "LineString", "coordinates": [ [ -63.6506, -25.0154 ], [ -63.573, -25.0253 ] ] } },
{ "type": "Feature", "properties": { "nombre": "Camino sin nombre", "longitud_km": 6.69 }, "geometry": { "type": "LineString", "coordinates": [ [ -66.1278, -25.0058 ], [ -66.1595, -24.9528 ] ] } },
{ "type": "Feature", "properties": { "nombre": "Camino sin nombre", "longitud_km": 1.21 }, "geometry": { "type": "LineString", "coordinates": [ [ -63.7679, -25.0829 ], [ -63.766, -25.0721 ] ] } },
{ "type": "Feature", "properties": { "nombre": "Camino sin nombre", "longitud_km": 2.86 }, "geometry": { "type": "LineString", "coordinates": [ [ -63.2035, -25.0184 ], [ -63.2295, -25.008 ] ] } },
{ "type": "Feature", "properties": { "nombre": "Camino sin nombre", "longitud_km": 2.25 }, "geometry": { "type": "LineString", "coordinates": [ [ -63.9186, -25.0169 ], [ -63.9152, -24.9968 ] ] } },
{ "type": "Feature", "properties": { "nombre": "Camino sin nombre", "longitud_km": 4.11 }, "geometry": { "type": "LineString", "coordinates": [ [ -68.0958, -24.9324 ], [ -68.0907, -24.9295 ], [ -68.0795, -24.8996 ] ] } },
{ "type": "Feature", "properties": { "nombre": "Camino sin nombre", "longitud_km": 2.99 }, "geometry": { "type": "LineString", "coordinates": [ [ -63.8337, -25.0138 ], [ -63.8043, -25.0176 ] ] } },
{ "type": "Feature", "properties": { "nombre": "Camino sin nombre", "longitud_km": 3.65 }, "geometry": { "type": "LineString", "coordinates": [ [ -65.5125, -25.0005 ], [ -65.538, -24.9771 ] ] } },
{ "type": "Feature", "properties": { "nombre": "Camino sin nombre", "longitud_km": 2.82 }, "geometry": { "type": "LineString", "coordinates": [ [ -65.5383, -25.0119 ], [ -65.5436, -25.0 ], [ -65.555, -24.9929 ] ] } },
{ "type": "Feature", "properties": { "nombre": "Camino sin nombre", "longitud_km": 3.0 }, "geometry": { "type": "LineString", "coordinates": [ [ -63.8043, -25.0176 ], [ -63.7749, -25.0211 ] ] } },
{ "type": "Feature", "properties": { "nombre": "Camino sin nombre", "longitud_km": 3.65 }, "geometry": { "type": "LineString", "coordinates": [ [ -63.9165, -25.0216 ], [ -63.8835, -25.0082 ] ] } },
{ "type": "Feature", "properties": { "nombre": "Camino sin nombre", "longitud_km": 0.57 }, "geometry": { "type": "LineString", "coordinates": [ [ -63.9186, -25.0169 ], [ -63.9165, -25.0216 ] ] } },
{ "type": "Feature", "properties": { "nombre": "Camino sin nombre", "longitud_km": 1.34 }, "geometry": { "type": "LineString", "coordinates": [ [ -65.4414, -25.0006 ], [ -65.4291, -25.0051 ] ] } },
{ "type": "Feature", "properties": { "nombre": "Camino sin nombre", "longitud_km": 1.74 }, "geometry": { "type": "LineString", "coordinates": [ [ -63.7749, -25.0211 ], [ -63.7577, -25.0232 ] ] } },
{ "type": "Feature", "properties": { "nombre": "Camino sin nombre", "longitud_km": 6.42 }, "geometry": { "type": "LineString", "coordinates": [ [ -68.1448, -24.9391 ], [ -68.1411, -24.9338 ], [ -68.1327, -24.9338 ], [ -68.1261, -24.9436 ], [ -68.1186, -24.9455 ], [ -68.1067, -24.935 ], [ -68.0958, -24.9324 ] ] } },
{ "type": "Feature", "properties": { "nombre": "Camino sin nombre", "longitud_km": 1.14 }, "geometry": { "type": "LineString", "coordinates": [ [ -65.9869, -25.0038 ], [ -65.9979, -25.0013 ] ] } },
{ "type": "Feature", "properties": { "nombre": "Camino sin nombre", "longitud_km": 4.44 }, "geometry": { "type": "LineString", "coordinates": [ [ -65.5974, -25.0083 ], [ -65.622, -25.0107 ], [ -65.6395, -25.0034 ] ] } },
{ "type": "Feature", "properties": { "nombre": "Camino sin nombre", "longitud_km": 1.82 }, "geometry": { "type": "LineString", "coordinates": [ [ -68.0958, -24.9324 ], [ -68.1084, -24.9441 ] ] } },
{ "type": "Feature", "properties": { "nombre": "Camino sin nombre", "longitud_km": 7.69 }, "geometry": { "type": "LineString", "coordinates": [ [ -66.1391, -24.9463 ], [ -66.116, -25.0 ], [ -66.1049, -25.006 ] ] } },
{ "type": "Feature", "properties": { "nombre": "Camino sin nombre", "longitud_km": 2.82 }, "geometry": { "type": "LineString", "coordinates": [ [ -64.0481, -25.0186 ], [ -64.0213, -25.0259 ] ] } },
{ "type": "Feature", "properties": { "nombre": "Camino sin nombre", "longitud_km": 3.04 }, "geometry": { "type": "LineString", "coordinates": [ [ -63.0476, -25.0175 ], [ -63.0747, -25.0295 ] ] } },
{ "type": "Feature", "properties": { "nombre": "Camino sin nombre", "longitud_km": 2.94 }, "geometry": { "type": "LineString", "coordinates": [ [ -63.0747, -25.0295 ], [ -63.1037, -25.0284 ] ] } },
{ "type": "Feature", "properties": { "nombre": "Camino sin nombre", "longitud_km": 2.92 }, "geometry": { "type": "LineString", "coordinates": [ [ -65.9869, -25.0038 ], [ -65.9838, -24.9776 ] ] } },
{ "type": "Feature", "properties": { "nombre": "Camino sin nombre", "longitud_km": 3.26 }, "geometry": { "type": "LineString", "coordinates": [ [ -65.5062, -25.0225 ], [ -65.5059, -25.0135 ], [ -65.5156, -25.0115 ], [ -65.5125, -25.0005 ] ] } },
{ "type": "Feature", "properties": { "nombre": "Camino sin nombre", "longitud_km": 3.39 }, "geometry": { "type": "LineString", "coordinates": [ [ -64.0213, -25.0259 ], [ -63.9892, -25.0348 ] ] } },
{ "type": "Feature", "properties": { "nombre": "Camino sin nombre", "longitud_km": 2.43 }, "geometry": { "type": "LineString", "coordinates": [ [ -63.7147, -25.0366 ], [ -63.7036, -25.0171 ] ] } },
{ "type": "Feature", "properties": { "nombre": "Camino sin nombre", "longitud_km": 2.28 }, "geometry": { "type": "LineString", "coordinates": [ [ -63.7361, -25.0302 ], [ -63.7147, -25.0366 ] ] } },
{ "type": "Feature", "properties": { "nombre": "Camino sin nombre", "longitud_km": 4.22 }, "geometry": { "type": "LineString", "coordinates": [ [ -65.4291, -25.0051 ], [ -65.3904, -25.0196 ] ] } },
{ "type": "Feature", "properties": { "nombre": "Camino sin nombre", "longitud_km": 6.9 }, "geometry": { "type": "LineString", "coordinates": [ [ -64.0213, -25.0259 ], [ -64.0235, -25.0356 ], [ -64.0799, -25.0255 ] ] } },
{ "type": "Feature", "properties": { "nombre": "Camino sin nombre", "longitud_km": 2.99 }, "geometry": { "type": "LineString", "coordinates": [ [ -63.8635, -25.0373 ], [ -63.8595, -25.0105 ] ] } },
{ "type": "Feature", "properties": { "nombre": "Camino sin nombre", "longitud_km": 5.13 }, "geometry": { "type": "LineString", "coordinates": [ [ -63.8835, -25.0082 ], [ -63.873, -25.0122 ], [ -63.8764, -25.0361 ], [ -63.8635, -25.0373 ] ] } },
{ "type": "Feature", "properties": { "nombre": "Camino sin nombre", "longitud_km": 3.06 }, "geometry": { "type": "LineString", "coordinates": [ [ -63.7749, -25.0211 ], [ -63.7795, -25.0484 ] ] } },
{ "type": "Feature", "properties": { "nombre": "Camino sin nombre", "longitud_km": 3.47 }, "geometry": { "type": "LineString", "coordinates": [ [ -63.8391, -25.0448 ], [ -63.8337, -25.0138 ] ] } },
{ "type": "Feature", "properties": { "nombre": "Camino sin nombre", "longitud_km": 2.97 }, "geometry": { "type": "LineString", "coordinates": [ [ -63.8391, -25.0448 ], [ -63.8638, -25.0413 ], [ -63.8635, -25.0373 ] ] } },
{ "type": "Feature", "properties": { "nombre": "Camino sin nombre", "longitud_km": 31.41 }, "geometry": { "type": "LineString", "coordinates": [ [ -66.7764, -24.9687 ], [ -66.777, -24.9849 ], [ -66.7673, -25.0161 ], [ -66.7871, -25.0489 ], [ -66.7945, -25.0814 ], [ -66.8052, -25.1025 ], [ -66.8441, -25.134 ], [ -66.9296, -25.1861 ] ] } },
{ "type": "Feature", "properties": { "nombre": "Camino sin nombre", "longitud_km": 3.87 }, "geometry": { "type": "LineString", "coordinates": [ [ -63.9892, -25.0348 ], [ -63.9525, -25.0449 ] ] } },
{ "type": "Feature", "properties": { "nombre": "Camino sin nombre", "longitud_km": 1.84 }, "geometry": { "type": "LineString", "coordinates": [ [ -65.4891, -25.0282 ], [ -65.5062, -25.0225 ] ] } },
{ "type": "Feature", "properties": { "nombre": "Camino sin nombre", "longitud_km": 0.64 }, "geometry": { "type": "LineString", "coordinates": [ [ -65.5065, -25.0282 ], [ -65.5062, -25.0225 ] ] } },
{ "type": "Feature", "properties": { "nombre": "Camino sin nombre", "longitud_km": 6.47 }, "geometry": { "type": "LineString", "coordinates": [ [ -63.7036, -25.0171 ], [ -63.6967, -25.0214 ], [ -63.6706, -25.0217 ], [ -63.6745, -25.0485 ] ] } },
{ "type": "Feature", "properties": { "nombre": "Camino sin nombre", "longitud_km": 4.26 }, "geometry": { "type": "LineString", "coordinates": [ [ -63.7147, -25.0366 ], [ -63.6745, -25.0485 ] ] } },
{ "type": "Feature", "properties": { "nombre": "Camino sin nombre", "longitud_km": 3.75 }, "geometry": { "type": "LineString", "coordinates": [ [ -66.0975, -25.0174 ], [ -66.083, -25.0181 ], [ -66.0702, -25.0351 ] ] } },
{ "type": "Feature", "properties": { "nombre": "Camino sin nombre", "longitud_km": 5.46 }, "geometry": { "type": "LineString", "coordinates": [ [ -63.384, -25.0093 ], [ -63.3721, -25.0156 ], [ -63.3715, -25.0523 ] ] } },
{ "type": "Feature", "properties": { "nombre": "Camino sin nombre", "longitud_km": 8.12 }, "geometry": { "type": "LineString", "coordinates": [ [ -63.447, -25.0271 ], [ -63.3715, -25.0523 ] ] } },
{ "type": "Feature", "properties": { "nombre": "Camino sin nombre", "longitud_km": 4.31 }, "geometry": { "type": "LineString", "coordinates": [ [ -63.6506, -25.0154 ], [ -63.6553, -25.0541 ] ] } },
{ "type": "Feature", "properties": { "nombre": "Camino sin nombre", "longitud_km": 2.04 }, "geometry": { "type": "LineString", "coordinates": [ [ -63.6745, -25.0485 ], [ -63.6553, -25.0541 ] ] } },
{ "type": "Feature", "properties": { "nombre": "Camino sin nombre", "longitud_km": 4.04 }, "geometry": { "type": "LineString", "coordinates": [ [ -63.9244, -25.0529 ], [ -63.9186, -25.0169 ] ] } },
{ "type": "Feature", "properties": { "nombre": "Camino sin nombre", "longitud_km": 2.97 }, "geometry": { "type": "LineString", "coordinates": [ [ -63.9525, -25.0449 ], [ -63.9244, -25.0529 ] ] } },
{ "type": "Feature", "properties": { "nombre": "Camino sin nombre", "longitud_km": 17.17 }, "geometry": { "type": "LineString", "coordinates": [ [ -64.3469, -25.0494 ], [ -64.3171, -25.0508 ], [ -64.2843, -25.0248 ], [ -64.276, -25.0075 ], [ -64.2609, -25.0011 ], [ -64.2021, -25.0094 ] ] } },
{ "type": "Feature", "properties": { "nombre": "Camino sin nombre", "longitud_km": 2.14 }, "geometry": { "type": "LineString", "coordinates": [ [ -63.8511, -25.0547 ], [ -63.8484, -25.0501 ], [ -63.8403, -25.0513 ], [ -63.8391, -25.0448 ] ] } },
{ "type": "Feature", "properties": { "nombre": "Camino sin nombre", "longitud_km": 9.19 }, "geometry": { "type": "LineString", "coordinates": [ [ -63.9165, -25.0216 ], [ -63.9073, -25.0428 ], [ -63.8912, -25.0448 ], [ -63.891, -25.0539 ], [ -63.8511, -25.0547 ] ] } },
{ "type": "Feature", "properties": { "nombre": "Camino sin nombre", "longitud_km": 3.05 }, "geometry": { "type": "LineString", "coordinates": [ [ -66.1278, -25.0058 ], [ -66.1081, -25.0267 ] ] } },
{ "type": "Feature", "properties": { "nombre": "Camino sin nombre", "longitud_km": 6.1 }, "geometry": { "type": "LineString", "coordinates": [ [ -63.0205, -25.0101 ], [ -63.0473, -25.0595 ] ] } },
{ "type": "Feature", "properties": { "nombre": "Camino sin nombre", "longitud_km": 4.64 }, "geometry": { "type": "LineString", "coordinates": [ [ -63.0476, -25.0175 ], [ -63.0473, -25.0595 ] ] } },
{ "type": "Feature", "properties": { "nombre": "Camino sin nombre", "longitud_km": 4.02 }, "geometry": { "type": "LineString", "coordinates": [ [ -63.7577, -25.0232 ], [ -63.7639, -25.059 ] ] } },
{ "type": "Feature", "properties": { "nombre": "Camino sin nombre", "longitud_km": 1.96 }, "geometry": { "type": "LineString", "coordinates": [ [ -63.7795, -25.0484 ], [ -63.7639, -25.059 ] ] } },
{ "type": "Feature", "properties": { "nombre": "Camino sin nombre", "longitud_km": 1.49 }, "geometry": { "type": "LineString", "coordinates": [ [ -63.8428, -25.059 ], [ -63.8532, -25.0583 ], [ -63.8511, -25.0547 ] ] } },
{ "type": "Feature", "properties": { "nombre": "Camino sin nombre", "longitud_km": 0.08 }, "geometry": { "type": "LineString", "coordinates": [ [ -63.7639, -25.059 ], [ -63.764, -25.0597 ] ] } },
{ "type": "Feature", "properties": { "nombre": "Camino sin nombre", "longitud_km": 2.69 }, "geometry": { "type": "LineString", "coordinates": [ [ -63.9525, -25.0449 ], [ -63.959, -25.059 ], [ -63.9491, -25.059 ] ] } },
{ "type": "Feature", "properties": { "nombre": "Camino sin nombre", "longitud_km": 3.7 }, "geometry": { "type": "LineString", "coordinates": [ [ -63.3715, -25.0523 ], [ -63.3369, -25.0635 ] ] } },
{ "type": "Feature", "properties": { "nombre": "Camino sin nombre", "longitud_km": 3.36 }, "geometry": { "type": "LineString", "coordinates": [ [ -63.9491, -25.059 ], [ -63.9258, -25.0618 ], [ -63.9244, -25.0529 ] ] } },
{ "type": "Feature", "properties": { "nombre": "Camino sin nombre", "longitud_km": 6.37 }, "geometry": { "type": "LineString", "coordinates": [ [ -65.2317, -25.0254 ], [ -65.2474, -25.0395 ], [ -65.2447, -25.0461 ], [ -65.2116, -25.0496 ] ] } },
{ "type": "Feature", "properties": { "nombre": "Camino sin nombre", "longitud_km": 4.66 }, "geometry": { "type": "LineString", "coordinates": [ [ -66.0702, -25.0351 ], [ -66.0376, -25.0212 ], [ -66.0276, -25.023 ] ] } },
{ "type": "Feature", "properties": { "nombre": "Camino sin nombre", "longitud_km": 1.66 }, "geometry": { "type": "LineString", "coordinates": [ [ -65.2116, -25.0496 ], [ -65.1953, -25.0516 ] ] } },
{ "type": "Feature", "properties": { "nombre": "Camino sin nombre", "longitud_km": 8.73 }, "geometry": { "type": "LineString", "coordinates": [ [ -66.1892, -25.0944 ], [ -66.1977, -25.0836 ], [ -66.1963, -25.0641 ], [ -66.2014, -25.0456 ], [ -66.2248, -25.0292 ] ] } },
{ "type": "Feature", "properties": { "nombre": "Camino sin nombre", "longitud_km": 4.41 }, "geometry": { "type": "LineString", "coordinates": [ [ -63.0747, -25.0295 ], [ -63.0746, -25.0693 ] ] } },
{ "type": "Feature", "properties": { "nombre": "Camino sin nombre", "longitud_km": 3.26 }, "geometry": { "type": "LineString", "coordinates": [ [ -63.0746, -25.0693 ], [ -63.1043, -25.0576 ] ] } },
{ "type": "Feature", "properties": { "nombre": "Camino sin nombre", "longitud_km": 17.6 }, "geometry": { "type": "LineString", "coordinates": [ [ -68.1084, -24.9441 ], [ -68.1292, -24.9672 ], [ -68.1389, -24.989 ], [ -68.1165, -25.022 ], [ -68.1218, -25.055 ], [ -68.1151, -25.0877 ] ] } },
{ "type": "Feature", "properties": { "nombre": "Camino sin nombre", "longitud_km": 5.89 }, "geometry": { "type": "LineString", "coordinates": [ [ -68.1659, -24.9806 ], [ -68.1458, -24.9616 ], [ -68.1527, -24.956 ], [ -68.1448, -24.9391 ] ] } },
{ "type": "Feature", "properties": { "nombre": "Camino sin nombre", "longitud_km": 0.54 }, "geometry": { "type": "LineString", "coordinates": [ [ -66.0702, -25.0351 ], [ -66.0675, -25.0394 ] ] } },
{ "type": "Feature", "properties": { "nombre": "Camino sin nombre", "longitud_km": 2.42 }, "geometry": { "type": "LineString", "coordinates": [ [ -63.3369, -25.0635 ], [ -63.3143, -25.0708 ] ] } },
{ "type": "Feature", "properties": { "nombre": "Camino sin nombre", "longitud_km": 5.64 }, "geometry": { "type": "LineString", "coordinates": [ [ -63.573, -25.0253 ], [ -63.5985, -25.0706 ] ] } },
{ "type": "Feature", "properties": { "nombre": "Camino sin nombre", "longitud_km": 6.02 }, "geometry": { "type": "LineString", "coordinates": [ [ -63.6553, -25.0541 ], [ -63.5985, -25.0706 ] ] } },
{ "type": "Feature", "properties": { "nombre": "Camino sin nombre", "longitud_km": 1.11 }, "geometry": { "type": "LineString", "coordinates": [ [ -65.5819, -25.0655 ], [ -65.572, -25.0699 ] ] } },
{ "type": "Feature", "properties": { "nombre": "Camino sin nombre", "longitud_km": 4.02 }, "geometry": { "type": "LineString", "coordinates": [ [ -66.1265, -25.0397 ], [ -66.1201, -25.0267 ], [ -66.1278, -25.0058 ] ] } },
{ "type": "Feature", "properties": { "nombre": "Camino sin nombre", "longitud_km": 4.21 }, "geometry": { "type": "LineString", "coordinates": [ [ -65.4838, -25.0285 ], [ -65.4815, -25.0379 ], [ -65.4681, -25.0414 ], [ -65.456, -25.0525 ] ] } },
{ "type": "Feature", "properties": { "nombre": "Camino sin nombre", "longitud_km": 1.38 }, "geometry": { "type": "LineString", "coordinates": [ [ -63.766, -25.0721 ], [ -63.764, -25.0597 ] ] } },
{ "type": "Feature", "properties": { "nombre": "Camino sin nombre", "longitud_km": 7.88 }, "geometry": { "type": "LineString", "coordinates": [ [ -63.8428, -25.059 ], [ -63.766, -25.0721 ] ] } },
{ "type": "Feature", "properties": { "nombre": "Camino sin nombre", "longitud_km": 1.22 }, "geometry": { "type": "LineString", "coordinates": [ [ -65.5514, -25.0541 ], [ -65.5494, -25.0433 ] ] } },
{ "type": "Feature", "properties": { "nombre": "Camino sin nombre", "longitud_km": 2.1 }, "geometry": { "type": "LineString", "coordinates": [ [ -63.0473, -25.0595 ], [ -63.0566, -25.0764 ] ] } },
{ "type": "Feature", "properties": { "nombre": "Camino sin nombre", "longitud_km": 1.99 }, "geometry": { "type": "LineString", "coordinates": [ [ -63.0566, -25.0764 ], [ -63.0746, -25.0693 ] ] } },
{ "type": "Feature", "properties": { "nombre": "Camino sin nombre", "longitud_km": 1.07 }, "geometry": { "type": "LineString", "coordinates": [ [ -65.5617, -25.0564 ], [ -65.5514, -25.0541 ] ] } },
{ "type": "Feature", "properties": { "nombre": "Camino sin nombre", "longitud_km": 3.32 }, "geometry": { "type": "LineString", "coordinates": [ [ -66.0996, -25.0461 ], [ -66.0924, -25.0468 ], [ -66.0702, -25.0351 ] ] } },
{ "type": "Feature", "properties": { "nombre": "Camino sin nombre", "longitud_km": 1.04 }, "geometry": { "type": "LineString", "coordinates": [ [ -65.572, -25.0561 ], [ -65.5617, -25.0564 ] ] } },
{ "type": "Feature", "properties": { "nombre": "Camino sin nombre", "longitud_km": 5.03 }, "geometry": { "type": "LineString", "coordinates": [ [ -65.2116, -25.0496 ], [ -65.2291, -25.062 ], [ -65.2568, -25.063 ] ] } },
{ "type": "Feature", "properties": { "nombre": "Camino sin nombre", "longitud_km": 1.25 }, "geometry": { "type": "LineString", "coordinates": [ [ -68.1659, -24.9806 ], [ -68.1694, -24.9915 ] ] } },
{ "type": "Feature", "properties": { "nombre": "Camino sin nombre", "longitud_km": 2.39 }, "geometry": { "type": "LineString", "coordinates": [ [ -66.0675, -25.0394 ], [ -66.0501, -25.054 ] ] } },
{ "type": "Feature", "properties": { "nombre": "Camino sin nombre", "longitud_km": 1.04 }, "geometry": { "type": "LineString", "coordinates": [ [ -65.5617, -25.0564 ], [ -65.5549, -25.0634 ] ] } },
{ "type": "Feature", "properties": { "nombre": "Camino sin nombre", "longitud_km": 3.79 }, "geometry": { "type": "LineString", "coordinates": [ [ -63.208, -25.0854 ], [ -63.1704, -25.0851 ] ] } },
{ "type": "Feature", "properties": { "nombre": "Camino sin nombre", "longitud_km": 7.44 }, "geometry": { "type": "LineString", "coordinates": [ [ -63.208, -25.0854 ], [ -63.2035, -25.0184 ] ] } },
{ "type": "Feature", "properties": { "nombre": "Camino sin nombre", "longitud_km": 3.72 }, "geometry": { "type": "LineString", "coordinates": [ [ -66.0863, -25.0476 ], [ -66.0501, -25.054 ] ] } },
{ "type": "Feature", "properties": { "nombre": "Camino sin nombre", "longitud_km": 4.56 }, "geometry": { "type": "LineString", "coordinates": [ [ -63.8669, -25.0835 ], [ -63.8581, -25.0687 ], [ -63.8442, -25.0705 ], [ -63.8428, -25.059 ] ] } },
{ "type": "Feature", "properties": { "nombre": "Camino sin nombre", "longitud_km": 2.51 }, "geometry": { "type": "LineString", "coordinates": [ [ -63.2329, -25.0866 ], [ -63.208, -25.0854 ] ] } },
{ "type": "Feature", "properties": { "nombre": "Camino sin nombre", "longitud_km": 8.71 }, "geometry": { "type": "LineString", "coordinates": [ [ -63.2329, -25.0866 ], [ -63.2295, -25.008 ] ] } },
{ "type": "Feature", "properties": { "nombre": "Camino sin nombre", "longitud_km": 1.86 }, "geometry": { "type": "LineString", "coordinates": [ [ -66.1265, -25.0397 ], [ -66.1362, -25.054 ] ] } },
{ "type": "Feature", "properties": { "nombre": "Camino sin nombre", "longitud_km": 0.86 }, "geometry": { "type": "LineString", "coordinates": [ [ -65.5051, -25.059 ], [ -65.5056, -25.0667 ] ] } },
{ "type": "Feature", "properties": { "nombre": "Camino sin nombre", "longitud_km": 1.33 }, "geometry": { "type": "LineString", "coordinates": [ [ -65.5723, -25.0572 ], [ -65.5819, -25.0655 ] ] } },
{ "type": "Feature", "properties": { "nombre": "Camino sin nombre", "longitud_km": 3.83 }, "geometry": { "type": "LineString", "coordinates": [ [ -65.5819, -25.0655 ], [ -65.5857, -25.046 ], [ -65.5721, -25.0543 ] ] } },
{ "type": "Feature", "properties": { "nombre": "Camino sin nombre", "longitud_km": 0.89 }, "geometry": { "type": "LineString", "coordinates": [ [ -65.4968, -25.0677 ], [ -65.5056, -25.0667 ] ] } },
{ "type": "Feature", "properties": { "nombre": "Camino sin nombre", "longitud_km": 1.94 }, "geometry": { "type": "LineString", "coordinates": [ [ -66.1332, -25.0561 ], [ -66.1265, -25.0397 ] ] } },
{ "type": "Feature", "properties": { "nombre": "Camino sin nombre", "longitud_km": 0.39 }, "geometry": { "type": "LineString", "coordinates": [ [ -66.1362, -25.054 ], [ -66.1332, -25.0561 ] ] } },
{ "type": "Feature", "properties": { "nombre": "Camino sin nombre", "longitud_km": 1.83 }, "geometry": { "type": "LineString", "coordinates": [ [ -65.5549, -25.0634 ], [ -65.5724, -25.0679 ] ] } },
{ "type": "Feature", "properties": { "nombre": "Camino sin nombre", "longitud_km": 7.5 }, "geometry": { "type": "LineString", "coordinates": [ [ -68.212, -25.027 ], [ -68.1925, -25.0139 ], [ -68.1865, -24.9898 ], [ -68.1659, -24.9806 ] ] } },
{ "type": "Feature", "properties": { "nombre": "Camino sin nombre", "longitud_km": 5.23 }, "geometry": { "type": "LineString", "coordinates": [ [ -63.3369, -25.0635 ], [ -63.3355, -25.0778 ], [ -63.345, -25.0818 ], [ -63.3503, -25.1046 ] ] } },
{ "type": "Feature", "properties": { "nombre": "Camino sin nombre", "longitud_km": 2.19 }, "geometry": { "type": "LineString", "coordinates": [ [ -65.4875, -25.085 ], [ -65.5081, -25.0913 ] ] } },
{ "type": "Feature", "properties": { "nombre": "Camino sin nombre", "longitud_km": 6.12 }, "geometry": { "type": "LineString", "coordinates": [ [ -64.5795, -25.0317 ], [ -64.5865, -25.0478 ], [ -64.5887, -25.0805 ], [ -64.5838, -25.0832 ] ] } },
{ "type": "Feature", "properties": { "nombre": "Camino sin nombre", "longitud_km": 8.29 }, "geometry": { "type": "LineString", "coordinates": [ [ -64.5323, -25.0196 ], [ -64.5347, -25.0317 ], [ -64.5285, -25.039 ], [ -64.528, -25.0487 ], [ -64.5, -25.0842 ] ] } },
{ "type": "Feature", "properties": { "nombre": "Camino sin nombre", "longitud_km": 2.05 }, "geometry": { "type": "LineString", "coordinates": [ [ -63.9727, -25.0878 ], [ -63.9526, -25.0905 ] ] } },
{ "type": "Feature", "properties": { "nombre": "Camino sin nombre", "longitud_km": 3.53 }, "geometry": { "type": "LineString", "coordinates": [ [ -63.951, -25.0908 ], [ -63.9491, -25.059 ] ] } },
{ "type": "Feature", "properties": { "nombre": "Camino sin nombre", "longitud_km": 0.17 }, "geometry": { "type": "LineString", "coordinates": [ [ -63.9526, -25.0905 ], [ -63.951, -25.0908 ] ] } },
{ "type": "Feature", "properties": { "nombre": "Camino sin nombre", "longitud_km": 2.73 }, "geometry": { "type": "LineString", "coordinates": [ [ -63.5985, -25.0706 ], [ -63.6107, -25.0927 ] ] } },
{ "type": "Feature", "properties": { "nombre": "Camino sin nombre", "longitud_km": 4.67 }, "geometry": { "type": "LineString", "coordinates": [ [ -63.3715, -25.0523 ], [ -63.3733, -25.0945 ] ] } },
{ "type": "Feature", "properties": { "nombre": "Camino sin nombre", "longitud_km": 10.54 }, "geometry": { "type": "LineString", "coordinates": [ [ -63.447, -25.0271 ], [ -63.3733, -25.0945 ] ] } },
{ "type": "Feature", "properties": { "nombre": "Camino sin nombre", "longitud_km": 1.0 }, "geometry": { "type": "LineString", "coordinates": [ [ -63.2333, -25.0957 ], [ -63.2329, -25.0866 ] ] } },
{ "type": "Feature", "properties": { "nombre": "Camino sin nombre", "longitud_km": 4.22 }, "geometry": { "type": "LineString", "coordinates": [ [ -63.2762, -25.0831 ], [ -63.2367, -25.0958 ] ] } },
{ "type": "Feature", "properties": { "nombre": "Camino sin nombre", "longitud_km": 4.7 }, "geometry": { "type": "LineString", "coordinates": [ [ -63.2834, -25.0958 ], [ -63.2367, -25.0958 ] ] } },
{ "type": "Feature", "properties": { "nombre": "Camino sin nombre", "longitud_km": 1.58 }, "geometry": { "type": "LineString", "coordinates": [ [ -63.2762, -25.0831 ], [ -63.2834, -25.0958 ] ] } },
{ "type": "Feature", "properties": { "nombre": "Camino sin nombre", "longitud_km": 3.14 }, "geometry": { "type": "LineString", "coordinates": [ [ -63.3145, -25.0961 ], [ -63.2834, -25.0958 ] ] } },
{ "type": "Feature", "properties": { "nombre": "Camino sin nombre", "longitud_km": 2.8 }, "geometry": { "type": "LineString", "coordinates": [ [ -63.3143, -25.0708 ], [ -63.3145, -25.0961 ] ] } },
{ "type": "Feature", "properties": { "nombre": "Camino sin nombre", "longitud_km": 0.14 }, "geometry": { "type": "LineString", "coordinates": [ [ -63.2333, -25.0969 ], [ -63.2333, -25.0957 ] ] } },
{ "type": "Feature", "properties": { "nombre": "Camino sin nombre", "longitud_km": 0.36 }, "geometry": { "type": "LineString", "coordinates": [ [ -63.2367, -25.0958 ], [ -63.2333, -25.0969 ] ] } },
{ "type": "Feature", "properties": { "nombre": "Camino sin nombre", "longitud_km": 1.09 }, "geometry": { "type": "LineString", "coordinates": [ [ -65.5056, -25.0667 ], [ -65.5062, -25.0765 ] ] } },
{ "type": "Feature", "properties": { "nombre": "Camino sin nombre", "longitud_km": 1.58 }, "geometry": { "type": "LineString", "coordinates": [ [ -63.1704, -25.0851 ], [ -63.1773, -25.0979 ] ] } },
{ "type": "Feature", "properties": { "nombre": "Camino sin nombre", "longitud_km": 5.66 }, "geometry": { "type": "LineString", "coordinates": [ [ -63.1773, -25.0979 ], [ -63.2333, -25.0957 ] ] } },
{ "type": "Feature", "properties": { "nombre": "Camino sin nombre", "longitud_km": 4.86 }, "geometry": { "type": "LineString", "coordinates": [ [ -65.4895, -25.0772 ], [ -65.49, -25.0532 ], [ -65.4706, -25.062 ] ] } },
{ "type": "Feature", "properties": { "nombre": "Camino sin nombre", "longitud_km": 1.53 }, "geometry": { "type": "LineString", "coordinates": [ [ -63.7641, -25.0963 ], [ -63.7679, -25.0829 ] ] } },
{ "type": "Feature", "properties": { "nombre": "Camino sin nombre", "longitud_km": 4.44 }, "geometry": { "type": "LineString", "coordinates": [ [ -63.789, -25.1671 ], [ -63.7993, -25.1847 ], [ -63.8, -25.2049 ] ] } },
{ "type": "Feature", "properties": { "nombre": "Camino sin nombre", "longitud_km": 3.18 }, "geometry": { "type": "LineString", "coordinates": [ [ -63.1458, -25.099 ], [ -63.1773, -25.0979 ] ] } },
{ "type": "Feature", "properties": { "nombre": "Camino sin nombre", "longitud_km": 3.19 }, "geometry": { "type": "LineString", "coordinates": [ [ -65.5173, -25.0779 ], [ -65.5167, -25.0596 ], [ -65.5051, -25.059 ] ] } },
{ "type": "Feature", "properties": { "nombre": "Camino sin nombre", "longitud_km": 1.79 }, "geometry": { "type": "LineString", "coordinates": [ [ -63.1773, -25.0979 ], [ -63.185, -25.1124 ] ] } },
{ "type": "Feature", "properties": { "nombre": "Camino sin nombre", "longitud_km": 0.04 }, "geometry": { "type": "LineString", "coordinates": [ [ -64.0795, -25.0257 ], [ -64.0799, -25.0256 ] ] } },
{ "type": "Feature", "properties": { "nombre": "Camino sin nombre", "longitud_km": 3.65 }, "geometry": { "type": "LineString", "coordinates": [ [ -65.5318, -25.048 ], [ -65.5231, -25.068 ], [ -65.5235, -25.0794 ] ] } },
{ "type": "Feature", "properties": { "nombre": "Camino sin nombre", "longitud_km": 8.88 }, "geometry": { "type": "LineString", "coordinates": [ [ -63.1043, -25.0576 ], [ -63.1055, -25.101 ], [ -63.1458, -25.099 ] ] } },
{ "type": "Feature", "properties": { "nombre": "Camino sin nombre", "longitud_km": 2.05 }, "geometry": { "type": "LineString", "coordinates": [ [ -65.0023, -25.0765 ], [ -64.9935, -25.0794 ], [ -64.988, -25.088 ] ] } },
{ "type": "Feature", "properties": { "nombre": "Camino sin nombre", "longitud_km": 1.34 }, "geometry": { "type": "LineString", "coordinates": [ [ -65.0012, -25.0884 ], [ -64.988, -25.088 ] ] } },
{ "type": "Feature", "properties": { "nombre": "Camino sin nombre", "longitud_km": 2.68 }, "geometry": { "type": "LineString", "coordinates": [ [ -65.5726, -25.0724 ], [ -65.5978, -25.0803 ] ] } },
{ "type": "Feature", "properties": { "nombre": "Camino sin nombre", "longitud_km": 3.63 }, "geometry": { "type": "LineString", "coordinates": [ [ -65.5514, -25.0541 ], [ -65.5424, -25.0604 ], [ -65.5345, -25.0817 ] ] } },
{ "type": "Feature", "properties": { "nombre": "Camino sin nombre", "longitud_km": 0.71 }, "geometry": { "type": "LineString", "coordinates": [ [ -65.5978, -25.0803 ], [ -65.6048, -25.0809 ] ] } },
{ "type": "Feature", "properties": { "nombre": "Camino sin nombre", "longitud_km": 1.53 }, "geometry": { "type": "LineString", "coordinates": [ [ -63.9785, -25.1006 ], [ -63.9727, -25.0878 ] ] } },
{ "type": "Feature", "properties": { "nombre": "Camino sin nombre", "longitud_km": 3.17 }, "geometry": { "type": "LineString", "coordinates": [ [ -66.0501, -25.054 ], [ -66.0283, -25.0746 ] ] } },
{ "type": "Feature", "properties": { "nombre": "Camino sin nombre", "longitud_km": 2.75 }, "geometry": { "type": "LineString", "coordinates": [ [ -65.5549, -25.0634 ], [ -65.5516, -25.0702 ], [ -65.5564, -25.0735 ], [ -65.5513, -25.0845 ] ] } },
{ "type": "Feature", "properties": { "nombre": "Camino sin nombre", "longitud_km": 1.05 }, "geometry": { "type": "LineString", "coordinates": [ [ -63.2338, -25.1064 ], [ -63.2333, -25.0969 ] ] } },
{ "type": "Feature", "properties": { "nombre": "Camino sin nombre", "longitud_km": 4.08 }, "geometry": { "type": "LineString", "coordinates": [ [ -63.0566, -25.0764 ], [ -63.0745, -25.1094 ] ] } },
{ "type": "Feature", "properties": { "nombre": "Camino sin nombre", "longitud_km": 4.45 }, "geometry": { "type": "LineString", "coordinates": [ [ -63.0746, -25.0693 ], [ -63.0745, -25.1094 ] ] } },
{ "type": "Feature", "properties": { "nombre": "Camino sin nombre", "longitud_km": 0.01 }, "geometry": { "type": "LineString", "coordinates": [ [ -64.0799, -25.0255 ], [ -64.08, -25.0256 ] ] } },
{ "type": "Feature", "properties": { "nombre": "Camino sin nombre", "longitud_km": 8.19 }, "geometry": { "type": "LineString", "coordinates": [ [ -63.7916, -25.1113 ], [ -63.8669, -25.0835 ] ] } },
{ "type": "Feature", "properties": { "nombre": "Camino sin nombre", "longitud_km": 1.18 }, "geometry": { "type": "LineString", "coordinates": [ [ -65.5081, -25.0913 ], [ -65.5198, -25.0913 ] ] } },
{ "type": "Feature", "properties": { "nombre": "Camino sin nombre", "longitud_km": 1.19 }, "geometry": { "type": "LineString", "coordinates": [ [ -63.3475, -25.118 ], [ -63.3558, -25.1103 ] ] } },
{ "type": "Feature", "properties": { "nombre": "Camino sin nombre", "longitud_km": 3.14 }, "geometry": { "type": "LineString", "coordinates": [ [ -66.2082, -25.0908 ], [ -66.2287, -25.0849 ], [ -66.2379, -25.0876 ] ] } },
{ "type": "Feature", "properties": { "nombre": "Camino sin nombre", "longitud_km": 2.47 }, "geometry": { "type": "LineString", "coordinates": [ [ -65.5978, -25.0803 ], [ -65.586, -25.0881 ], [ -65.5879, -25.097 ] ] } },
{ "type": "Feature", "properties": { "nombre": "Camino sin nombre", "longitud_km": 21.77 }, "geometry": { "type": "LineString", "coordinates": [ [ -64.8112, -25.05 ], [ -64.8359, -25.0485 ], [ -64.8525, -25.0557 ], [ -64.9115, -25.0911 ], [ -64.9181, -25.1077 ], [ -64.9437, -25.1076 ], [ -64.9512, -25.0974 ], [ -64.9601, -25.0951 ], [ -64.9699, -25.1006 ], [ -64.988, -25.088 ] ] } },
{ "type": "Feature", "properties": { "nombre": "Camino sin nombre", "longitud_km": 0.68 }, "geometry": { "type": "LineString", "coordinates": [ [ -65.1146, -25.1048 ], [ -65.1213, -25.1056 ] ] } },
{ "type": "Feature", "properties": { "nombre": "Camino sin nombre", "longitud_km": 4.34 }, "geometry": { "type": "LineString", "coordinates": [ [ -65.5678, -25.0896 ], [ -65.5677, -25.0985 ], [ -65.5344, -25.1 ] ] } },
{ "type": "Feature", "properties": { "nombre": "Camino sin nombre", "longitud_km": 3.06 }, "geometry": { "type": "LineString", "coordinates": [ [ -65.5081, -25.0913 ], [ -65.5035, -25.1009 ], [ -65.4847, -25.1018 ] ] } },
{ "type": "Feature", "properties": { "nombre": "Camino sin nombre", "longitud_km": 4.15 }, "geometry": { "type": "LineString", "coordinates": [ [ -66.1463, -25.0909 ], [ -66.1402, -25.0841 ], [ -66.1332, -25.0561 ] ] } },
{ "type": "Feature", "properties": { "nombre": "Camino sin nombre", "longitud_km": 7.5 }, "geometry": { "type": "LineString", "coordinates": [ [ -63.8669, -25.0835 ], [ -63.8883, -25.1199 ], [ -63.9172, -25.1222 ] ] } },
{ "type": "Feature", "properties": { "nombre": "Camino sin nombre", "longitud_km": 5.98 }, "geometry": { "type": "LineString", "coordinates": [ [ -63.9172, -25.1222 ], [ -63.922, -25.0954 ], [ -63.951, -25.0908 ] ] } },
{ "type": "Feature", "properties": { "nombre": "Camino sin nombre", "longitud_km": 4.2 }, "geometry": { "type": "LineString", "coordinates": [ [ -63.956, -25.1085 ], [ -63.9172, -25.1222 ] ] } },
{ "type": "Feature", "properties": { "nombre": "Camino sin nombre", "longitud_km": 6.26 }, "geometry": { "type": "LineString", "coordinates": [ [ -66.2082, -25.0908 ], [ -66.2123, -25.0715 ], [ -66.209, -25.0478 ], [ -66.2223, -25.043 ] ] } },
{ "type": "Feature", "properties": { "nombre": "Camino sin nombre", "longitud_km": 1.32 }, "geometry": { "type": "LineString", "coordinates": [ [ -66.1463, -25.0909 ], [ -66.1589, -25.0942 ] ] } },
{ "type": "Feature", "properties": { "nombre": "Camino sin nombre", "longitud_km": 5.06 }, "geometry": { "type": "LineString", "coordinates": [ [ -66.1362, -25.054 ], [ -66.1574, -25.0853 ], [ -66.1589, -25.0942 ] ] } },
{ "type": "Feature", "properties": { "nombre": "Camino sin nombre", "longitud_km": 3.45 }, "geometry": { "type": "LineString", "coordinates": [ [ -63.1458, -25.099 ], [ -63.1385, -25.1082 ], [ -63.1391, -25.128 ] ] } },
{ "type": "Feature", "properties": { "nombre": "Camino sin nombre", "longitud_km": 4.94 }, "geometry": { "type": "LineString", "coordinates": [ [ -63.185, -25.1124 ], [ -63.1391, -25.128 ] ] } },
{ "type": "Feature", "properties": { "nombre": "Camino sin nombre", "longitud_km": 3.1 }, "geometry": { "type": "LineString", "coordinates": [ [ -63.9903, -25.1264 ], [ -63.9785, -25.1006 ] ] } },
{ "type": "Feature", "properties": { "nombre": "Camino sin nombre", "longitud_km": 0.4 }, "geometry": { "type": "LineString", "coordinates": [ [ -66.1927, -25.096 ], [ -66.1892, -25.0944 ] ] } },
{ "type": "Feature", "properties": { "nombre": "Camino sin nombre", "longitud_km": 1.66 }, "geometry": { "type": "LineString", "coordinates": [ [ -66.1927, -25.096 ], [ -66.2082, -25.0908 ] ] } },
{ "type": "Feature", "properties": { "nombre": "Camino sin nombre", "longitud_km": 4.57 }, "geometry": { "type": "LineString", "coordinates": [ [ -63.6107, -25.0927 ], [ -63.631, -25.1296 ] ] } },
{ "type": "Feature", "properties": { "nombre": "Camino sin nombre", "longitud_km": 0.33 }, "geometry": { "type": "LineString", "coordinates": [ [ -65.4165, -25.1092 ], [ -65.4186, -25.1115 ] ] } },
{ "type": "Feature", "properties": { "nombre": "Camino sin nombre", "longitud_km": 0.57 }, "geometry": { "type": "LineString", "coordinates": [ [ -66.1845, -25.0972 ], [ -66.1892, -25.0944 ] ] } },
{ "type": "Feature", "properties": { "nombre": "Camino sin nombre", "longitud_km": 2.45 }, "geometry": { "type": "LineString", "coordinates": [ [ -63.8945, -25.1301 ], [ -63.9172, -25.1222 ] ] } },
{ "type": "Feature", "properties": { "nombre": "Camino sin nombre", "longitud_km": 4.82 }, "geometry": { "type": "LineString", "coordinates": [ [ -63.6787, -25.1315 ], [ -63.631, -25.1296 ] ] } },
{ "type": "Feature", "properties": { "nombre": "Camino sin nombre", "longitud_km": 9.17 }, "geometry": { "type": "LineString", "coordinates": [ [ -63.6787, -25.1315 ], [ -63.667, -25.1062 ], [ -63.6268, -25.0894 ], [ -63.6107, -25.0927 ] ] } },
{ "type": "Feature", "properties": { "nombre": "Camino sin nombre", "longitud_km": 0.47 }, "geometry": { "type": "LineString", "coordinates": [ [ -66.1885, -25.0994 ], [ -66.1845, -25.0972 ] ] } },
{ "type": "Feature", "properties": { "nombre": "Camino sin nombre", "longitud_km": 0.57 }, "geometry": { "type": "LineString", "coordinates": [ [ -66.1885, -25.0994 ], [ -66.1927, -25.096 ] ] } },
{ "type": "Feature", "properties": { "nombre": "Camino sin nombre", "longitud_km": 1.96 }, "geometry": { "type": "LineString", "coordinates": [ [ -66.1589, -25.0942 ], [ -66.1772, -25.0999 ] ] } },
{ "type": "Feature", "properties": { "nombre": "Camino sin nombre", "longitud_km": 0.79 }, "geometry": { "type": "LineString", "coordinates": [ [ -66.1772, -25.0999 ], [ -66.1845, -25.0972 ] ] } },
{ "type": "Feature", "properties": { "nombre": "Camino sin nombre", "longitud_km": 5.61 }, "geometry": { "type": "LineString", "coordinates": [ [ -63.956, -25.1085 ], [ -63.9602, -25.131 ], [ -63.9903, -25.1264 ] ] } },
{ "type": "Feature", "properties": { "nombre": "Camino sin nombre", "longitud_km": 0.21 }, "geometry": { "type": "LineString", "coordinates": [ [ -66.1754, -25.1008 ], [ -66.1772, -25.0999 ] ] } },
{ "type": "Feature", "properties": { "nombre": "Camino sin nombre", "longitud_km": 3.79 }, "geometry": { "type": "LineString", "coordinates": [ [ -64.7362, -25.1103 ], [ -64.7243, -25.1188 ], [ -64.7237, -25.1254 ], [ -64.7101, -25.1193 ] ] } },
{ "type": "Feature", "properties": { "nombre": "Camino sin nombre", "longitud_km": 0.47 }, "geometry": { "type": "LineString", "coordinates": [ [ -66.1764, -25.105 ], [ -66.1754, -25.1008 ] ] } },
{ "type": "Feature", "properties": { "nombre": "Camino sin nombre", "longitud_km": 1.37 }, "geometry": { "type": "LineString", "coordinates": [ [ -66.1764, -25.105 ], [ -66.1885, -25.0994 ] ] } },
{ "type": "Feature", "properties": { "nombre": "Camino sin nombre", "longitud_km": 3.46 }, "geometry": { "type": "LineString", "coordinates": [ [ -63.7021, -25.1442 ], [ -63.7001, -25.1326 ], [ -63.6787, -25.1315 ] ] } },
{ "type": "Feature", "properties": { "nombre": "Camino sin nombre", "longitud_km": 25.19 }, "geometry": { "type": "LineString", "coordinates": [ [ -64.3487, -25.0744 ], [ -64.3868, -25.0727 ], [ -64.3862, -25.0462 ], [ -64.4298, -25.0406 ], [ -64.4336, -25.0677 ], [ -64.4144, -25.0754 ], [ -64.3965, -25.1057 ], [ -64.3879, -25.1075 ], [ -64.3587, -25.1334 ] ] } },
{ "type": "Feature", "properties": { "nombre": "Camino sin nombre", "longitud_km": 4.49 }, "geometry": { "type": "LineString", "coordinates": [ [ -65.485, -25.1202 ], [ -65.5286, -25.1119 ] ] } },
{ "type": "Feature", "properties": { "nombre": "Camino sin nombre", "longitud_km": 1.44 }, "geometry": { "type": "LineString", "coordinates": [ [ -66.1655, -25.1134 ], [ -66.1764, -25.105 ] ] } },
{ "type": "Feature", "properties": { "nombre": "Camino sin nombre", "longitud_km": 7.16 }, "geometry": { "type": "LineString", "coordinates": [ [ -63.7163, -25.1394 ], [ -63.7513, -25.1094 ], [ -63.7529, -25.0993 ], [ -63.7641, -25.0963 ] ] } },
{ "type": "Feature", "properties": { "nombre": "Camino sin nombre", "longitud_km": 4.72 }, "geometry": { "type": "LineString", "coordinates": [ [ -65.4186, -25.1115 ], [ -65.4255, -25.1105 ], [ -65.4354, -25.117 ], [ -65.4326, -25.1224 ], [ -65.4246, -25.1219 ], [ -65.4186, -25.1115 ] ] } },
{ "type": "Feature", "properties": { "nombre": "Camino sin nombre", "longitud_km": 7.84 }, "geometry": { "type": "LineString", "coordinates": [ [ -64.3057, -25.1381 ], [ -64.3449, -25.1108 ], [ -64.3586, -25.1334 ] ] } },
{ "type": "Feature", "properties": { "nombre": "Camino sin nombre", "longitud_km": 4.23 }, "geometry": { "type": "LineString", "coordinates": [ [ -63.0745, -25.1094 ], [ -63.0932, -25.1437 ] ] } },
{ "type": "Feature", "properties": { "nombre": "Camino sin nombre", "longitud_km": 4.95 }, "geometry": { "type": "LineString", "coordinates": [ [ -63.1391, -25.128 ], [ -63.0932, -25.1437 ] ] } },
{ "type": "Feature", "properties": { "nombre": "Camino sin nombre", "longitud_km": 1.51 }, "geometry": { "type": "LineString", "coordinates": [ [ -64.7658, -25.1252 ], [ -64.7541, -25.1336 ] ] } },
{ "type": "Feature", "properties": { "nombre": "Camino sin nombre", "longitud_km": 2.54 }, "geometry": { "type": "LineString", "coordinates": [ [ -66.1573, -25.1116 ], [ -66.1463, -25.0909 ] ] } },
{ "type": "Feature", "properties": { "nombre": "Camino sin nombre", "longitud_km": 1.52 }, "geometry": { "type": "LineString", "coordinates": [ [ -63.7163, -25.1394 ], [ -63.7021, -25.1442 ] ] } },
{ "type": "Feature", "properties": { "nombre": "Camino sin nombre", "longitud_km": 2.23 }, "geometry": { "type": "LineString", "coordinates": [ [ -64.5119, -25.1519 ], [ -64.5116, -25.141 ], [ -64.5043, -25.1346 ] ] } },
{ "type": "Feature", "properties": { "nombre": "Camino sin nombre", "longitud_km": 0.86 }, "geometry": { "type": "LineString", "coordinates": [ [ -66.1573, -25.1116 ], [ -66.1655, -25.1134 ] ] } },
{ "type": "Feature", "properties": { "nombre": "Camino sin nombre", "longitud_km": 1.71 }, "geometry": { "type": "LineString", "coordinates": [ [ -66.1655, -25.1134 ], [ -66.1754, -25.1008 ] ] } },
{ "type": "Feature", "properties": { "nombre": "Camino sin nombre", "longitud_km": 6.57 }, "geometry": { "type": "LineString", "coordinates": [ [ -63.2834, -25.0958 ], [ -63.313, -25.1485 ] ] } },
{ "type": "Feature", "properties": { "nombre": "Camino sin nombre", "longitud_km": 4.85 }, "geometry": { "type": "LineString", "coordinates": [ [ -63.313, -25.1485 ], [ -63.3475, -25.118 ] ] } },
{ "type": "Feature", "properties": { "nombre": "Camino sin nombre", "longitud_km": 15.05 }, "geometry": { "type": "LineString", "coordinates": [ [ -64.3587, -25.1334 ], [ -64.389, -25.1278 ], [ -64.4154, -25.1422 ], [ -64.5, -25.1216 ] ] } },
{ "type": "Feature", "properties": { "nombre": "Camino sin nombre", "longitud_km": 4.48 }, "geometry": { "type": "LineString", "coordinates": [ [ -63.0745, -25.1094 ], [ -63.0744, -25.1499 ] ] } },
{ "type": "Feature", "properties": { "nombre": "Camino sin nombre", "longitud_km": 2.01 }, "geometry": { "type": "LineString", "coordinates": [ [ -63.0932, -25.1437 ], [ -63.0744, -25.1499 ] ] } },
{ "type": "Feature", "properties": { "nombre": "Camino sin nombre", "longitud_km": 5.72 }, "geometry": { "type": "LineString", "coordinates": [ [ -63.3832, -25.1543 ], [ -63.3682, -25.1502 ], [ -63.3475, -25.118 ] ] } },
{ "type": "Feature", "properties": { "nombre": "Camino sin nombre", "longitud_km": 3.18 }, "geometry": { "type": "LineString", "coordinates": [ [ -63.1391, -25.128 ], [ -63.1395, -25.1567 ] ] } },
{ "type": "Feature", "properties": { "nombre": "Camino sin nombre", "longitud_km": 15.24 }, "geometry": { "type": "LineString", "coordinates": [ [ -65.3904, -25.0196 ], [ -65.3869, -25.0361 ], [ -65.3761, -25.0496 ], [ -65.382, -25.053 ], [ -65.3861, -25.0711 ], [ -65.3799, -25.0891 ], [ -65.3664, -25.0962 ], [ -65.3652, -25.1017 ], [ -65.3845, -25.1176 ], [ -65.3925, -25.1328 ] ] } },
{ "type": "Feature", "properties": { "nombre": "Camino sin nombre", "longitud_km": 6.38 }, "geometry": { "type": "LineString", "coordinates": [ [ -65.1213, -25.1056 ], [ -65.1457, -25.1079 ], [ -65.1671, -25.1373 ] ] } },
{ "type": "Feature", "properties": { "nombre": "Camino sin nombre", "longitud_km": 10.97 }, "geometry": { "type": "LineString", "coordinates": [ [ -65.1671, -25.1373 ], [ -65.1746, -25.1368 ], [ -65.1861, -25.1245 ], [ -65.1884, -25.096 ], [ -65.2015, -25.0876 ], [ -65.1974, -25.0721 ], [ -65.1829, -25.0615 ] ] } },
{ "type": "Feature", "properties": { "nombre": "Camino sin nombre", "longitud_km": 1.02 }, "geometry": { "type": "LineString", "coordinates": [ [ -66.1587, -25.1207 ], [ -66.1573, -25.1116 ] ] } },
{ "type": "Feature", "properties": { "nombre": "Camino sin nombre", "longitud_km": 8.64 }, "geometry": { "type": "LineString", "coordinates": [ [ -63.3832, -25.1543 ], [ -63.3995, -25.1499 ], [ -63.415, -25.155 ], [ -63.4381, -25.145 ], [ -63.4645, -25.1431 ] ] } },
{ "type": "Feature", "properties": { "nombre": "Camino sin nombre", "longitud_km": 7.64 }, "geometry": { "type": "LineString", "coordinates": [ [ -63.2868, -25.1557 ], [ -63.2338, -25.1064 ] ] } },
{ "type": "Feature", "properties": { "nombre": "Camino sin nombre", "longitud_km": 5.9 }, "geometry": { "type": "LineString", "coordinates": [ [ -63.7916, -25.1113 ], [ -63.827, -25.1537 ] ] } },
{ "type": "Feature", "properties": { "nombre": "Camino sin nombre", "longitud_km": 7.29 }, "geometry": { "type": "LineString", "coordinates": [ [ -63.827, -25.1537 ], [ -63.8945, -25.1301 ] ] } },
{ "type": "Feature", "properties": { "nombre": "Camino sin nombre", "longitud_km": 5.52 }, "geometry": { "type": "LineString", "coordinates": [ [ -63.236, -25.1562 ], [ -63.2338, -25.1064 ] ] } },
{ "type": "Feature", "properties": { "nombre": "Camino sin nombre", "longitud_km": 5.12 }, "geometry": { "type": "LineString", "coordinates": [ [ -63.236, -25.1562 ], [ -63.2868, -25.1557 ] ] } },
{ "type": "Feature", "properties": { "nombre": "Camino sin nombre", "longitud_km": 5.38 }, "geometry": { "type": "LineString", "coordinates": [ [ -63.185, -25.1124 ], [ -63.208, -25.1563 ] ] } },
{ "type": "Feature", "properties": { "nombre": "Camino sin nombre", "longitud_km": 2.82 }, "geometry": { "type": "LineString", "coordinates": [ [ -63.236, -25.1562 ], [ -63.208, -25.1563 ] ] } },
{ "type": "Feature", "properties": { "nombre": "Camino sin nombre", "longitud_km": 6.91 }, "geometry": { "type": "LineString", "coordinates": [ [ -63.1395, -25.1567 ], [ -63.208, -25.1563 ] ] } },
{ "type": "Feature", "properties": { "nombre": "Camino sin nombre", "longitud_km": 0.1 }, "geometry": { "type": "LineString", "coordinates": [ [ -64.3587, -25.1334 ], [ -64.3578, -25.1339 ] ] } },
{ "type": "Feature", "properties": { "nombre": "Camino sin nombre", "longitud_km": 14.15 }, "geometry": { "type": "LineString", "coordinates": [ [ -63.9903, -25.1264 ], [ -64.0015, -25.1511 ], [ -64.0215, -25.1438 ], [ -64.0198, -25.1631 ], [ -64.0814, -25.1681 ], [ -64.086, -25.1643 ] ] } },
{ "type": "Feature", "properties": { "nombre": "Camino sin nombre", "longitud_km": 4.99 }, "geometry": { "type": "LineString", "coordinates": [ [ -64.5119, -25.1519 ], [ -64.5229, -25.1417 ], [ -64.5272, -25.1112 ] ] } },
{ "type": "Feature", "properties": { "nombre": "Camino sin nombre", "longitud_km": 3.84 }, "geometry": { "type": "LineString", "coordinates": [ [ -63.1016, -25.1591 ], [ -63.1395, -25.1567 ] ] } },
{ "type": "Feature", "properties": { "nombre": "Camino sin nombre", "longitud_km": 7.78 }, "geometry": { "type": "LineString", "coordinates": [ [ -65.039, -25.1228 ], [ -65.0467, -25.1364 ], [ -65.0639, -25.1516 ], [ -65.0646, -25.1636 ], [ -65.0777, -25.1621 ], [ -65.0846, -25.1686 ] ] } },
{ "type": "Feature", "properties": { "nombre": "Camino sin nombre", "longitud_km": 1.84 }, "geometry": { "type": "LineString", "coordinates": [ [ -64.0043, -25.1588 ], [ -64.0223, -25.156 ] ] } },
{ "type": "Feature", "properties": { "nombre": "Camino sin nombre", "longitud_km": 1.82 }, "geometry": { "type": "LineString", "coordinates": [ [ -65.487, -25.1272 ], [ -65.4797, -25.1422 ] ] } },
{ "type": "Feature", "properties": { "nombre": "Camino sin nombre", "longitud_km": 8.02 }, "geometry": { "type": "LineString", "coordinates": [ [ -63.7641, -25.0963 ], [ -63.7595, -25.1149 ], [ -63.7863, -25.1623 ] ] } },
{ "type": "Feature", "properties": { "nombre": "Camino sin nombre", "longitud_km": 7.59 }, "geometry": { "type": "LineString", "coordinates": [ [ -63.9754, -25.1633 ], [ -63.9343, -25.1268 ], [ -63.9172, -25.1222 ] ] } },
{ "type": "Feature", "properties": { "nombre": "Camino sin nombre", "longitud_km": 3.01 }, "geometry": { "type": "LineString", "coordinates": [ [ -63.9754, -25.1633 ], [ -64.0049, -25.1587 ] ] } },
{ "type": "Feature", "properties": { "nombre": "Camino sin nombre", "longitud_km": 2.06 }, "geometry": { "type": "LineString", "coordinates": [ [ -63.3843, -25.1729 ], [ -63.3832, -25.1543 ] ] } },
{ "type": "Feature", "properties": { "nombre": "Camino sin nombre", "longitud_km": 2.04 }, "geometry": { "type": "LineString", "coordinates": [ [ -63.3009, -25.1689 ], [ -63.2868, -25.1557 ] ] } },
{ "type": "Feature", "properties": { "nombre": "Camino sin nombre", "longitud_km": 0.6 }, "geometry": { "type": "LineString", "coordinates": [ [ -63.7863, -25.1623 ], [ -63.789, -25.1671 ] ] } },
{ "type": "Feature", "properties": { "nombre": "Camino sin nombre", "longitud_km": 4.11 }, "geometry": { "type": "LineString", "coordinates": [ [ -63.789, -25.1671 ], [ -63.827, -25.1537 ] ] } },
{ "type": "Feature", "properties": { "nombre": "Camino sin nombre", "longitud_km": 0.42 }, "geometry": { "type": "LineString", "coordinates": [ [ -63.3009, -25.1689 ], [ -63.3039, -25.1716 ] ] } },
{ "type": "Feature", "properties": { "nombre": "Camino sin nombre", "longitud_km": 2.99 }, "geometry": { "type": "LineString", "coordinates": [ [ -63.3039, -25.1716 ], [ -63.3029, -25.1576 ], [ -63.313, -25.1485 ] ] } },
{ "type": "Feature", "properties": { "nombre": "Camino sin nombre", "longitud_km": 8.88 }, "geometry": { "type": "LineString", "coordinates": [ [ -65.1072, -25.1164 ], [ -65.1451, -25.1135 ], [ -65.1587, -25.1573 ] ] } },
{ "type": "Feature", "properties": { "nombre": "Camino sin nombre", "longitud_km": 2.37 }, "geometry": { "type": "LineString", "coordinates": [ [ -65.1587, -25.1573 ], [ -65.1671, -25.1373 ] ] } },
{ "type": "Feature", "properties": { "nombre": "Camino sin nombre", "longitud_km": 1.82 }, "geometry": { "type": "LineString", "coordinates": [ [ -63.3009, -25.1689 ], [ -63.2839, -25.1742 ] ] } },
{ "type": "Feature", "properties": { "nombre": "Camino sin nombre", "longitud_km": 5.12 }, "geometry": { "type": "LineString", "coordinates": [ [ -65.3925, -25.1328 ], [ -65.3499, -25.1578 ] ] } },
{ "type": "Feature", "properties": { "nombre": "Camino sin nombre", "longitud_km": 6.07 }, "geometry": { "type": "LineString", "coordinates": [ [ -65.0151, -25.1303 ], [ -64.9951, -25.1395 ], [ -64.9713, -25.1662 ] ] } },
{ "type": "Feature", "properties": { "nombre": "Camino sin nombre", "longitud_km": 4.67 }, "geometry": { "type": "LineString", "coordinates": [ [ -64.8073, -25.1453 ], [ -64.7975, -25.178 ], [ -64.8012, -25.1855 ] ] } },
{ "type": "Feature", "properties": { "nombre": "Camino sin nombre", "longitud_km": 4.35 }, "geometry": { "type": "LineString", "coordinates": [ [ -65.466, -25.1441 ], [ -65.4608, -25.155 ], [ -65.4471, -25.1619 ], [ -65.443, -25.161 ], [ -65.4412, -25.1518 ] ] } },
{ "type": "Feature", "properties": { "nombre": "Camino sin nombre", "longitud_km": 2.01 }, "geometry": { "type": "LineString", "coordinates": [ [ -65.4412, -25.1518 ], [ -65.4319, -25.153 ], [ -65.4308, -25.1626 ] ] } },
{ "type": "Feature", "properties": { "nombre": "Camino sin nombre", "longitud_km": 4.05 }, "geometry": { "type": "LineString", "coordinates": [ [ -66.1725, -25.1491 ], [ -66.1931, -25.1441 ], [ -66.2118, -25.1464 ] ] } },
{ "type": "Feature", "properties": { "nombre": "Camino sin nombre", "longitud_km": 0.62 }, "geometry": { "type": "LineString", "coordinates": [ [ -64.9713, -25.1662 ], [ -64.9758, -25.17 ] ] } },
{ "type": "Feature", "properties": { "nombre": "Camino sin nombre", "longitud_km": 11.92 }, "geometry": { "type": "LineString", "coordinates": [ [ -63.8945, -25.1301 ], [ -63.9238, -25.1809 ], [ -63.9754, -25.1633 ] ] } },
{ "type": "Feature", "properties": { "nombre": "Camino sin nombre", "longitud_km": 4.39 }, "geometry": { "type": "LineString", "coordinates": [ [ -63.208, -25.1563 ], [ -63.2267, -25.1921 ] ] } },
{ "type": "Feature", "properties": { "nombre": "Camino sin nombre", "longitud_km": 6.09 }, "geometry": { "type": "LineString", "coordinates": [ [ -63.2839, -25.1742 ], [ -63.2267, -25.1921 ] ] } },
{ "type": "Feature", "properties": { "nombre": "Camino sin nombre", "longitud_km": 4.48 }, "geometry": { "type": "LineString", "coordinates": [ [ -64.002, -25.192 ], [ -64.0084, -25.1816 ], [ -64.0042, -25.1796 ], [ -64.011, -25.172 ], [ -64.0049, -25.1587 ] ] } },
{ "type": "Feature", "properties": { "nombre": "Camino sin nombre", "longitud_km": 6.4 }, "geometry": { "type": "LineString", "coordinates": [ [ -63.2267, -25.1921 ], [ -63.1666, -25.2108 ] ] } },
{ "type": "Feature", "properties": { "nombre": "Camino sin nombre", "longitud_km": 8.61 }, "geometry": { "type": "LineString", "coordinates": [ [ -67.0244, -25.0872 ], [ -66.9926, -25.1026 ], [ -67.0136, -25.1433 ] ] } },
{ "type": "Feature", "properties": { "nombre": "Camino sin nombre", "longitud_km": 8.69 }, "geometry": { "type": "LineString", "coordinates": [ [ -63.631, -25.1296 ], [ -63.6702, -25.1994 ] ] } },
{ "type": "Feature", "properties": { "nombre": "Camino sin nombre", "longitud_km": 7.84 }, "geometry": { "type": "LineString", "coordinates": [ [ -63.313, -25.1485 ], [ -63.3482, -25.2116 ] ] } },
{ "type": "Feature", "properties": { "nombre": "Camino sin nombre", "longitud_km": 15.93 }, "geometry": { "type": "LineString", "coordinates": [ [ -63.565, -25.2017 ], [ -63.4586, -25.1841 ], [ -63.4351, -25.2095 ], [ -63.4344, -25.2217 ] ] } },
{ "type": "Feature", "properties": { "nombre": "Camino sin nombre", "longitud_km": 6.3 }, "geometry": { "type": "LineString", "coordinates": [ [ -63.3039, -25.1716 ], [ -63.3482, -25.2116 ] ] } },
{ "type": "Feature", "properties": { "nombre": "Camino sin nombre", "longitud_km": 13.51 }, "geometry": { "type": "LineString", "coordinates": [ [ -63.4645, -25.1431 ], [ -63.4846, -25.1411 ], [ -63.525, -25.163 ], [ -63.5548, -25.1703 ], [ -63.565, -25.2017 ] ] } },
{ "type": "Feature", "properties": { "nombre": "Camino sin nombre", "longitud_km": 10.61 }, "geometry": { "type": "LineString", "coordinates": [ [ -63.6702, -25.1994 ], [ -63.565, -25.2017 ] ] } },
{ "type": "Feature", "properties": { "nombre": "Camino sin nombre", "longitud_km": 8.29 }, "geometry": { "type": "LineString", "coordinates": [ [ -63.7381, -25.2036 ], [ -63.7453, -25.167 ], [ -63.7863, -25.1623 ] ] } },
{ "type": "Feature", "properties": { "nombre": "Camino sin nombre", "longitud_km": 1.79 }, "geometry": { "type": "LineString", "coordinates": [ [ -63.7381, -25.2036 ], [ -63.7544, -25.1972 ] ] } },
{ "type": "Feature", "properties": { "nombre": "Camino sin nombre", "longitud_km": 5.27 }, "geometry": { "type": "LineString", "coordinates": [ [ -64.5176, -25.1982 ], [ -64.5088, -25.1704 ], [ -64.5119, -25.1519 ] ] } },
{ "type": "Feature", "properties": { "nombre": "Camino sin nombre", "longitud_km": 4.6 }, "geometry": { "type": "LineString", "coordinates": [ [ -64.002, -25.192 ], [ -63.9802, -25.2285 ] ] } },
{ "type": "Feature", "properties": { "nombre": "Camino sin nombre", "longitud_km": 4.64 }, "geometry": { "type": "LineString", "coordinates": [ [ -64.5509, -25.1779 ], [ -64.5371, -25.1778 ], [ -64.5297, -25.1938 ], [ -64.5176, -25.1982 ] ] } },
{ "type": "Feature", "properties": { "nombre": "Camino sin nombre", "longitud_km": 7.77 }, "geometry": { "type": "LineString", "coordinates": [ [ -63.7253, -25.2085 ], [ -63.7269, -25.1887 ], [ -63.7163, -25.1394 ] ] } },
{ "type": "Feature", "properties": { "nombre": "Camino sin nombre", "longitud_km": 1.4 }, "geometry": { "type": "LineString", "coordinates": [ [ -63.7253, -25.2085 ], [ -63.7381, -25.2036 ] ] } },
{ "type": "Feature", "properties": { "nombre": "Camino sin nombre", "longitud_km": 3.78 }, "geometry": { "type": "LineString", "coordinates": [ [ -65.4915, -25.1934 ], [ -65.5042, -25.1774 ], [ -65.4958, -25.1652 ] ] } },
{ "type": "Feature", "properties": { "nombre": "Camino sin nombre", "longitud_km": 2.74 }, "geometry": { "type": "LineString", "coordinates": [ [ -63.2267, -25.1921 ], [ -63.2386, -25.2143 ] ] } },
{ "type": "Feature", "properties": { "nombre": "Camino sin nombre", "longitud_km": 6.37 }, "geometry": { "type": "LineString", "coordinates": [ [ -63.2839, -25.1742 ], [ -63.2386, -25.2143 ] ] } },
{ "type": "Feature", "properties": { "nombre": "Camino sin nombre", "longitud_km": 1.06 }, "geometry": { "type": "LineString", "coordinates": [ [ -63.7362, -25.213 ], [ -63.7381, -25.2036 ] ] } },
{ "type": "Feature", "properties": { "nombre": "Camino sin nombre", "longitud_km": 2.96 }, "geometry": { "type": "LineString", "coordinates": [ [ -63.7654, -25.2095 ], [ -63.7362, -25.213 ] ] } },
{ "type": "Feature", "properties": { "nombre": "Camino sin nombre", "longitud_km": 9.15 }, "geometry": { "type": "LineString", "coordinates": [ [ -63.43, -25.2145 ], [ -63.4261, -25.1936 ], [ -63.4645, -25.1431 ] ] } },
{ "type": "Feature", "properties": { "nombre": "Camino sin nombre", "longitud_km": 4.97 }, "geometry": { "type": "LineString", "coordinates": [ [ -65.4606, -25.1635 ], [ -65.4756, -25.1902 ], [ -65.4915, -25.1934 ] ] } },
{ "type": "Feature", "properties": { "nombre": "Camino sin nombre", "longitud_km": 6.24 }, "geometry": { "type": "LineString", "coordinates": [ [ -63.0467, -25.1591 ], [ -63.0464, -25.2155 ] ] } },
{ "type": "Feature", "properties": { "nombre": "Camino sin nombre", "longitud_km": 1.22 }, "geometry": { "type": "LineString", "coordinates": [ [ -63.801, -25.2158 ], [ -63.8, -25.2049 ] ] } },
{ "type": "Feature", "properties": { "nombre": "Camino sin nombre", "longitud_km": 3.97 }, "geometry": { "type": "LineString", "coordinates": [ [ -63.801, -25.2158 ], [ -63.7709, -25.2162 ], [ -63.7654, -25.2095 ] ] } },
{ "type": "Feature", "properties": { "nombre": "Camino sin nombre", "longitud_km": 6.87 }, "geometry": { "type": "LineString", "coordinates": [ [ -63.1395, -25.1567 ], [ -63.1404, -25.2187 ] ] } },
{ "type": "Feature", "properties": { "nombre": "Camino sin nombre", "longitud_km": 2.78 }, "geometry": { "type": "LineString", "coordinates": [ [ -63.1666, -25.2108 ], [ -63.1404, -25.2187 ] ] } },
{ "type": "Feature", "properties": { "nombre": "Camino sin nombre", "longitud_km": 6.76 }, "geometry": { "type": "LineString", "coordinates": [ [ -64.2961, -25.2564 ], [ -64.229, -25.2567 ] ] } },
{ "type": "Feature", "properties": { "nombre": "Camino sin nombre", "longitud_km": 2.25 }, "geometry": { "type": "LineString", "coordinates": [ [ -65.9764, -25.1907 ], [ -65.9892, -25.1963 ], [ -65.9949, -25.1909 ] ] } },
{ "type": "Feature", "properties": { "nombre": "Camino sin nombre", "longitud_km": 16.16 }, "geometry": { "type": "LineString", "coordinates": [ [ -66.1587, -25.1207 ], [ -66.1312, -25.1641 ], [ -66.1194, -25.1691 ], [ -66.1163, -25.1849 ], [ -66.0773, -25.2097 ], [ -66.067, -25.2107 ], [ -66.0555, -25.2217 ] ] } },
{ "type": "Feature", "properties": { "nombre": "Camino sin nombre", "longitud_km": 13.26 }, "geometry": { "type": "LineString", "coordinates": [ [ -63.8893, -25.2168 ], [ -63.8933, -25.2027 ], [ -63.8907, -25.1945 ], [ -63.8197, -25.2029 ], [ -63.8222, -25.2148 ], [ -63.801, -25.2158 ] ] } },
{ "type": "Feature", "properties": { "nombre": "Camino sin nombre", "longitud_km": 7.56 }, "geometry": { "type": "LineString", "coordinates": [ [ -63.1016, -25.1591 ], [ -63.1335, -25.2208 ] ] } },
{ "type": "Feature", "properties": { "nombre": "Camino sin nombre", "longitud_km": 0.73 }, "geometry": { "type": "LineString", "coordinates": [ [ -63.1404, -25.2187 ], [ -63.1335, -25.2208 ] ] } },
{ "type": "Feature", "properties": { "nombre": "Camino sin nombre", "longitud_km": 7.62 }, "geometry": { "type": "LineString", "coordinates": [ [ -64.9713, -25.1662 ], [ -64.9622, -25.1818 ], [ -64.94, -25.1861 ], [ -64.9305, -25.2056 ], [ -64.9223, -25.211 ] ] } },
{ "type": "Feature", "properties": { "nombre": "Camino sin nombre", "longitud_km": 8.83 }, "geometry": { "type": "LineString", "coordinates": [ [ -63.6843, -25.2222 ], [ -63.7021, -25.1442 ] ] } },
{ "type": "Feature", "properties": { "nombre": "Camino sin nombre", "longitud_km": 4.39 }, "geometry": { "type": "LineString", "coordinates": [ [ -63.6843, -25.2222 ], [ -63.7253, -25.2085 ] ] } },
{ "type": "Feature", "properties": { "nombre": "Camino sin nombre", "longitud_km": 4.74 }, "geometry": { "type": "LineString", "coordinates": [ [ -63.8427, -25.2229 ], [ -63.8893, -25.2168 ] ] } },
{ "type": "Feature", "properties": { "nombre": "Camino sin nombre", "longitud_km": 3.04 }, "geometry": { "type": "LineString", "coordinates": [ [ -63.6702, -25.1994 ], [ -63.684, -25.2238 ] ] } },
{ "type": "Feature", "properties": { "nombre": "Camino sin nombre", "longitud_km": 0.19 }, "geometry": { "type": "LineString", "coordinates": [ [ -63.684, -25.2238 ], [ -63.6843, -25.2222 ] ] } },
{ "type": "Feature", "properties": { "nombre": "Camino sin nombre", "longitud_km": 1.96 }, "geometry": { "type": "LineString", "coordinates": [ [ -63.8235, -25.2257 ], [ -63.8427, -25.2229 ] ] } },
{ "type": "Feature", "properties": { "nombre": "Camino sin nombre", "longitud_km": 6.4 }, "geometry": { "type": "LineString", "coordinates": [ [ -63.3082, -25.2292 ], [ -63.3039, -25.1716 ] ] } },
{ "type": "Feature", "properties": { "nombre": "Camino sin nombre", "longitud_km": 17.41 }, "geometry": { "type": "LineString", "coordinates": [ [ -64.3992, -25.2307 ], [ -64.4147, -25.2308 ], [ -64.418, -25.206 ], [ -64.4435, -25.1954 ], [ -64.4636, -25.2027 ], [ -64.4707, -25.2116 ], [ -64.504, -25.2221 ], [ -64.5065, -25.204 ], [ -64.5176, -25.1983 ] ] } },
{ "type": "Feature", "properties": { "nombre": "Camino sin nombre", "longitud_km": 2.63 }, "geometry": { "type": "LineString", "coordinates": [ [ -64.8899, -25.1955 ], [ -64.8811, -25.2179 ] ] } },
{ "type": "Feature", "properties": { "nombre": "Camino sin nombre", "longitud_km": 5.33 }, "geometry": { "type": "LineString", "coordinates": [ [ -63.4216, -25.2293 ], [ -63.3943, -25.1881 ] ] } },
{ "type": "Feature", "properties": { "nombre": "Camino sin nombre", "longitud_km": 1.54 }, "geometry": { "type": "LineString", "coordinates": [ [ -63.4344, -25.2217 ], [ -63.4216, -25.2293 ] ] } },
{ "type": "Feature", "properties": { "nombre": "Camino sin nombre", "longitud_km": 1.41 }, "geometry": { "type": "LineString", "coordinates": [ [ -63.8022, -25.2286 ], [ -63.801, -25.2158 ] ] } },
{ "type": "Feature", "properties": { "nombre": "Camino sin nombre", "longitud_km": 2.17 }, "geometry": { "type": "LineString", "coordinates": [ [ -63.8022, -25.2286 ], [ -63.8235, -25.2257 ] ] } },
{ "type": "Feature", "properties": { "nombre": "Camino sin nombre", "longitud_km": 7.06 }, "geometry": { "type": "LineString", "coordinates": [ [ -64.9526, -25.2208 ], [ -65.0149, -25.1916 ] ] } },
{ "type": "Feature", "properties": { "nombre": "Camino sin nombre", "longitud_km": 8.75 }, "geometry": { "type": "LineString", "coordinates": [ [ -63.0999, -25.2314 ], [ -63.095, -25.1586 ], [ -63.1016, -25.1591 ] ] } },
{ "type": "Feature", "properties": { "nombre": "Camino sin nombre", "longitud_km": 3.58 }, "geometry": { "type": "LineString", "coordinates": [ [ -63.1335, -25.2208 ], [ -63.0999, -25.2314 ] ] } },
{ "type": "Feature", "properties": { "nombre": "Camino sin nombre", "longitud_km": 0.74 }, "geometry": { "type": "LineString", "coordinates": [ [ -63.6853, -25.2304 ], [ -63.684, -25.2238 ] ] } },
{ "type": "Feature", "properties": { "nombre": "Camino sin nombre", "longitud_km": 2.24 }, "geometry": { "type": "LineString", "coordinates": [ [ -63.2386, -25.2143 ], [ -63.248, -25.2326 ] ] } },
{ "type": "Feature", "properties": { "nombre": "Camino sin nombre", "longitud_km": 6.07 }, "geometry": { "type": "LineString", "coordinates": [ [ -63.248, -25.2326 ], [ -63.3082, -25.2292 ] ] } },
{ "type": "Feature", "properties": { "nombre": "Camino sin nombre", "longitud_km": 1.6 }, "geometry": { "type": "LineString", "coordinates": [ [ -63.8893, -25.2168 ], [ -63.886, -25.231 ] ] } },
{ "type": "Feature", "properties": { "nombre": "Camino sin nombre", "longitud_km": 6.28 }, "geometry": { "type": "LineString", "coordinates": [ [ -64.9758, -25.17 ], [ -64.9768, -25.1818 ], [ -64.9526, -25.2208 ] ] } },
{ "type": "Feature", "properties": { "nombre": "Camino sin nombre", "longitud_km": 1.98 }, "geometry": { "type": "LineString", "coordinates": [ [ -64.9335, -25.2169 ], [ -64.9526, -25.2208 ] ] } },
{ "type": "Feature", "properties": { "nombre": "Camino sin nombre", "longitud_km": 2.27 }, "geometry": { "type": "LineString", "coordinates": [ [ -64.9122, -25.2062 ], [ -64.9002, -25.2235 ] ] } },
{ "type": "Feature", "properties": { "nombre": "Camino sin nombre", "longitud_km": 3.67 }, "geometry": { "type": "LineString", "coordinates": [ [ -63.7669, -25.2365 ], [ -63.8022, -25.2286 ] ] } },
{ "type": "Feature", "properties": { "nombre": "Camino sin nombre", "longitud_km": 1.55 }, "geometry": { "type": "LineString", "coordinates": [ [ -64.3841, -25.2331 ], [ -64.3992, -25.2307 ] ] } },
{ "type": "Feature", "properties": { "nombre": "Camino sin nombre", "longitud_km": 9.93 }, "geometry": { "type": "LineString", "coordinates": [ [ -63.0744, -25.1499 ], [ -63.0742, -25.2396 ] ] } },
{ "type": "Feature", "properties": { "nombre": "Camino sin nombre", "longitud_km": 2.75 }, "geometry": { "type": "LineString", "coordinates": [ [ -63.0999, -25.2314 ], [ -63.0742, -25.2396 ] ] } },
{ "type": "Feature", "properties": { "nombre": "Camino sin nombre", "longitud_km": 6.49 }, "geometry": { "type": "LineString", "coordinates": [ [ -63.4937, -25.2412 ], [ -63.4638, -25.2322 ], [ -63.4473, -25.2218 ], [ -63.4344, -25.2217 ] ] } },
{ "type": "Feature", "properties": { "nombre": "Camino sin nombre", "longitud_km": 3.75 }, "geometry": { "type": "LineString", "coordinates": [ [ -63.3482, -25.2116 ], [ -63.365, -25.2418 ] ] } },
{ "type": "Feature", "properties": { "nombre": "Camino sin nombre", "longitud_km": 2.79 }, "geometry": { "type": "LineString", "coordinates": [ [ -63.1335, -25.2208 ], [ -63.1455, -25.2436 ] ] } },
{ "type": "Feature", "properties": { "nombre": "Camino sin nombre", "longitud_km": 4.37 }, "geometry": { "type": "LineString", "coordinates": [ [ -63.1455, -25.2436 ], [ -63.1602, -25.2314 ], [ -63.1666, -25.2108 ] ] } },
{ "type": "Feature", "properties": { "nombre": "Camino sin nombre", "longitud_km": 9.7 }, "geometry": { "type": "LineString", "coordinates": [ [ -63.9724, -25.2413 ], [ -63.9571, -25.234 ], [ -63.9259, -25.2354 ], [ -63.9256, -25.228 ], [ -63.886, -25.231 ] ] } },
{ "type": "Feature", "properties": { "nombre": "Camino sin nombre", "longitud_km": 1.62 }, "geometry": { "type": "LineString", "coordinates": [ [ -63.9802, -25.2285 ], [ -63.9724, -25.2413 ] ] } },
{ "type": "Feature", "properties": { "nombre": "Camino sin nombre", "longitud_km": 6.32 }, "geometry": { "type": "LineString", "coordinates": [ [ -63.365, -25.2418 ], [ -63.3975, -25.2454 ], [ -63.4216, -25.2293 ] ] } },
{ "type": "Feature", "properties": { "nombre": "Camino sin nombre", "longitud_km": 3.76 }, "geometry": { "type": "LineString", "coordinates": [ [ -63.9723, -25.2412 ], [ -63.9703, -25.2681 ], [ -63.9636, -25.2714 ] ] } },
{ "type": "Feature", "properties": { "nombre": "Camino sin nombre", "longitud_km": 0.73 }, "geometry": { "type": "LineString", "coordinates": [ [ -63.1455, -25.2436 ], [ -63.1486, -25.2495 ] ] } },
{ "type": "Feature", "properties": { "nombre": "Camino sin nombre", "longitud_km": 10.23 }, "geometry": { "type": "LineString", "coordinates": [ [ -63.1486, -25.2495 ], [ -63.1938, -25.2379 ], [ -63.248, -25.2326 ] ] } },
{ "type": "Feature", "properties": { "nombre": "Camino sin nombre", "longitud_km": 5.73 }, "geometry": { "type": "LineString", "coordinates": [ [ -63.8235, -25.2257 ], [ -63.8365, -25.2484 ], [ -63.8427, -25.2229 ] ] } },
{ "type": "Feature", "properties": { "nombre": "Camino sin nombre", "longitud_km": 1.51 }, "geometry": { "type": "LineString", "coordinates": [ [ -67.0151, -25.1921 ], [ -67.0024, -25.1993 ] ] } },
{ "type": "Feature", "properties": { "nombre": "Camino sin nombre", "longitud_km": 8.29 }, "geometry": { "type": "LineString", "coordinates": [ [ -67.0024, -25.1993 ], [ -66.991, -25.1997 ], [ -66.9825, -25.1925 ], [ -66.9754, -25.1947 ], [ -66.9644, -25.1833 ], [ -66.9296, -25.1861 ] ] } },
{ "type": "Feature", "properties": { "nombre": "Camino sin nombre", "longitud_km": 6.59 }, "geometry": { "type": "LineString", "coordinates": [ [ -64.0359, -25.2415 ], [ -63.9715, -25.2516 ] ] } },
{ "type": "Feature", "properties": { "nombre": "Camino sin nombre", "longitud_km": 14.21 }, "geometry": { "type": "LineString", "coordinates": [ [ -63.6212, -25.3015 ], [ -63.5942, -25.2537 ], [ -63.5135, -25.2409 ] ] } },
{ "type": "Feature", "properties": { "nombre": "Camino sin nombre", "longitud_km": 11.38 }, "geometry": { "type": "LineString", "coordinates": [ [ -63.8861, -25.2304 ], [ -63.8846, -25.2445 ], [ -63.9267, -25.2426 ], [ -63.9268, -25.2521 ], [ -63.9715, -25.2502 ] ] } },
{ "type": "Feature", "properties": { "nombre": "Camino sin nombre", "longitud_km": 2.08 }, "geometry": { "type": "LineString", "coordinates": [ [ -63.7669, -25.2365 ], [ -63.7599, -25.2542 ] ] } },
{ "type": "Feature", "properties": { "nombre": "Camino sin nombre", "longitud_km": 2.13 }, "geometry": { "type": "LineString", "coordinates": [ [ -63.3505, -25.2559 ], [ -63.365, -25.2418 ] ] } },
{ "type": "Feature", "properties": { "nombre": "Camino sin nombre", "longitud_km": 3.08 }, "geometry": { "type": "LineString", "coordinates": [ [ -63.1486, -25.2495 ], [ -63.1191, -25.257 ] ] } },
{ "type": "Feature", "properties": { "nombre": "Camino sin nombre", "longitud_km": 4.17 }, "geometry": { "type": "LineString", "coordinates": [ [ -63.1179, -25.2573 ], [ -63.1153, -25.2488 ], [ -63.1275, -25.2431 ], [ -63.1455, -25.2436 ] ] } },
{ "type": "Feature", "properties": { "nombre": "Camino sin nombre", "longitud_km": 0.13 }, "geometry": { "type": "LineString", "coordinates": [ [ -63.1191, -25.257 ], [ -63.1179, -25.2573 ] ] } },
{ "type": "Feature", "properties": { "nombre": "Camino sin nombre", "longitud_km": 4.37 }, "geometry": { "type": "LineString", "coordinates": [ [ -63.3099, -25.251 ], [ -63.3255, -25.2494 ], [ -63.3365, -25.2566 ], [ -63.3505, -25.2559 ] ] } },
{ "type": "Feature", "properties": { "nombre": "Camino sin nombre", "longitud_km": 6.78 }, "geometry": { "type": "LineString", "coordinates": [ [ -63.7068, -25.2573 ], [ -63.7125, -25.2233 ], [ -63.7321, -25.2209 ], [ -63.7362, -25.213 ] ] } },
{ "type": "Feature", "properties": { "nombre": "Camino sin nombre", "longitud_km": 6.48 }, "geometry": { "type": "LineString", "coordinates": [ [ -63.7068, -25.2573 ], [ -63.7669, -25.2365 ] ] } },
{ "type": "Feature", "properties": { "nombre": "Camino sin nombre", "longitud_km": 3.6 }, "geometry": { "type": "LineString", "coordinates": [ [ -63.7032, -25.2586 ], [ -63.6853, -25.2304 ] ] } },
{ "type": "Feature", "properties": { "nombre": "Camino sin nombre", "longitud_km": 0.39 }, "geometry": { "type": "LineString", "coordinates": [ [ -63.7032, -25.2586 ], [ -63.7068, -25.2573 ] ] } },
{ "type": "Feature", "properties": { "nombre": "Camino sin nombre", "longitud_km": 3.32 }, "geometry": { "type": "LineString", "coordinates": [ [ -63.1025, -25.2613 ], [ -63.0999, -25.2314 ] ] } },
{ "type": "Feature", "properties": { "nombre": "Camino sin nombre", "longitud_km": 1.61 }, "geometry": { "type": "LineString", "coordinates": [ [ -63.1179, -25.2573 ], [ -63.1025, -25.2613 ] ] } },
{ "type": "Feature", "properties": { "nombre": "Camino sin nombre", "longitud_km": 12.73 }, "geometry": { "type": "LineString", "coordinates": [ [ -64.2309, -25.1421 ], [ -64.2345, -25.172 ], [ -64.229, -25.2567 ] ] } },
{ "type": "Feature", "properties": { "nombre": "Camino sin nombre", "longitud_km": 1.44 }, "geometry": { "type": "LineString", "coordinates": [ [ -63.1025, -25.2613 ], [ -63.0888, -25.2648 ] ] } },
{ "type": "Feature", "properties": { "nombre": "Camino sin nombre", "longitud_km": 14.38 }, "geometry": { "type": "LineString", "coordinates": [ [ -65.9646, -25.223 ], [ -66.0, -25.2349 ], [ -66.012, -25.2562 ], [ -66.0174, -25.2501 ], [ -66.0393, -25.2525 ], [ -66.0422, -25.2578 ], [ -66.0684, -25.2506 ], [ -66.0823, -25.2528 ] ] } },
{ "type": "Feature", "properties": { "nombre": "Camino sin nombre", "longitud_km": 10.3 }, "geometry": { "type": "LineString", "coordinates": [ [ -64.3584, -25.3412 ], [ -64.378, -25.2928 ], [ -64.384, -25.2517 ] ] } },
{ "type": "Feature", "properties": { "nombre": "Camino sin nombre", "longitud_km": 15.51 }, "geometry": { "type": "LineString", "coordinates": [ [ -64.229, -25.2567 ], [ -64.1247, -25.2575 ], [ -64.1048, -25.2647 ], [ -64.0766, -25.2624 ] ] } },
{ "type": "Feature", "properties": { "nombre": "Camino sin nombre", "longitud_km": 2.11 }, "geometry": { "type": "LineString", "coordinates": [ [ -65.4619, -25.2386 ], [ -65.4453, -25.2502 ] ] } },
{ "type": "Feature", "properties": { "nombre": "Camino sin nombre", "longitud_km": 3.42 }, "geometry": { "type": "LineString", "coordinates": [ [ -63.3806, -25.2704 ], [ -63.3505, -25.2559 ] ] } },
{ "type": "Feature", "properties": { "nombre": "Camino sin nombre", "longitud_km": 3.53 }, "geometry": { "type": "LineString", "coordinates": [ [ -63.365, -25.2418 ], [ -63.3806, -25.2704 ] ] } },
{ "type": "Feature", "properties": { "nombre": "Camino sin nombre", "longitud_km": 4.27 }, "geometry": { "type": "LineString", "coordinates": [ [ -66.9518, -25.2182 ], [ -66.9386, -25.2051 ], [ -66.9296, -25.1861 ] ] } },
{ "type": "Feature", "properties": { "nombre": "Camino sin nombre", "longitud_km": 13.92 }, "geometry": { "type": "LineString", "coordinates": [ [ -64.5821, -25.2733 ], [ -64.6255, -25.2493 ], [ -64.624, -25.235 ], [ -64.5993, -25.2082 ], [ -64.5997, -25.2023 ], [ -64.6081, -25.1961 ], [ -64.6239, -25.1975 ] ] } },
{ "type": "Feature", "properties": { "nombre": "Camino sin nombre", "longitud_km": 6.51 }, "geometry": { "type": "LineString", "coordinates": [ [ -67.0024, -25.1993 ], [ -66.9904, -25.2194 ], [ -66.9653, -25.2223 ], [ -66.9518, -25.2182 ] ] } },
{ "type": "Feature", "properties": { "nombre": "Camino sin nombre", "longitud_km": 1.85 }, "geometry": { "type": "LineString", "coordinates": [ [ -65.4453, -25.2502 ], [ -65.4422, -25.2558 ], [ -65.4347, -25.2479 ] ] } },
{ "type": "Feature", "properties": { "nombre": "Camino sin nombre", "longitud_km": 3.33 }, "geometry": { "type": "LineString", "coordinates": [ [ -63.7184, -25.2852 ], [ -63.7032, -25.2586 ] ] } },
{ "type": "Feature", "properties": { "nombre": "Camino sin nombre", "longitud_km": 6.88 }, "geometry": { "type": "LineString", "coordinates": [ [ -63.4368, -25.2865 ], [ -63.4058, -25.2839 ], [ -63.4056, -25.2742 ], [ -63.3902, -25.2753 ], [ -63.3806, -25.2704 ] ] } },
{ "type": "Feature", "properties": { "nombre": "Camino sin nombre", "longitud_km": 17.23 }, "geometry": { "type": "LineString", "coordinates": [ [ -65.3925, -25.1328 ], [ -65.402, -25.154 ], [ -65.3845, -25.1764 ], [ -65.3623, -25.1889 ], [ -65.3438, -25.2123 ], [ -65.3411, -25.224 ], [ -65.3468, -25.2446 ], [ -65.3429, -25.2636 ] ] } },
{ "type": "Feature", "properties": { "nombre": "Camino sin nombre", "longitud_km": 3.39 }, "geometry": { "type": "LineString", "coordinates": [ [ -65.5561, -25.2635 ], [ -65.5887, -25.256 ] ] } },
{ "type": "Feature", "properties": { "nombre": "Camino sin nombre", "longitud_km": 27.3 }, "geometry": { "type": "LineString", "coordinates": [ [ -63.9636, -25.2714 ], [ -63.8835, -25.2716 ], [ -63.885, -25.2597 ], [ -63.862, -25.2624 ], [ -63.8437, -25.2539 ], [ -63.8203, -25.251 ], [ -63.7472, -25.2668 ], [ -63.7184, -25.2852 ] ] } },
{ "type": "Feature", "properties": { "nombre": "Camino sin nombre", "longitud_km": 7.74 }, "geometry": { "type": "LineString", "coordinates": [ [ -63.4368, -25.2865 ], [ -63.4443, -25.2836 ], [ -63.4344, -25.2217 ] ] } },
{ "type": "Feature", "properties": { "nombre": "Camino sin nombre", "longitud_km": 7.58 }, "geometry": { "type": "LineString", "coordinates": [ [ -64.9526, -25.2208 ], [ -64.957, -25.2493 ], [ -64.9799, -25.2589 ], [ -64.988, -25.274 ] ] } },
{ "type": "Feature", "properties": { "nombre": "Camino sin nombre", "longitud_km": 2.8 }, "geometry": { "type": "LineString", "coordinates": [ [ -65.4453, -25.2502 ], [ -65.465, -25.268 ] ] } },
{ "type": "Feature", "properties": { "nombre": "Camino sin nombre", "longitud_km": 4.51 }, "geometry": { "type": "LineString", "coordinates": [ [ -63.11, -25.2893 ], [ -63.1269, -25.2766 ], [ -63.1191, -25.257 ] ] } },
{ "type": "Feature", "properties": { "nombre": "Camino sin nombre", "longitud_km": 1.66 }, "geometry": { "type": "LineString", "coordinates": [ [ -66.4364, -25.2512 ], [ -66.4482, -25.2407 ] ] } },
{ "type": "Feature", "properties": { "nombre": "Camino sin nombre", "longitud_km": 0.78 }, "geometry": { "type": "LineString", "coordinates": [ [ -65.4691, -25.2725 ], [ -65.4618, -25.275 ] ] } },
{ "type": "Feature", "properties": { "nombre": "Camino sin nombre", "longitud_km": 4.74 }, "geometry": { "type": "LineString", "coordinates": [ [ -64.4511, -25.2435 ], [ -64.4607, -25.2855 ] ] } },
{ "type": "Feature", "properties": { "nombre": "Camino sin nombre", "longitud_km": 0.57 }, "geometry": { "type": "LineString", "coordinates": [ [ -65.4618, -25.275 ], [ -65.4562, -25.2759 ] ] } },
{ "type": "Feature", "properties": { "nombre": "Camino sin nombre", "longitud_km": 10.64 }, "geometry": { "type": "LineString", "coordinates": [ [ -63.248, -25.2326 ], [ -63.2791, -25.2903 ], [ -63.2461, -25.3009 ] ] } },
{ "type": "Feature", "properties": { "nombre": "Camino sin nombre", "longitud_km": 2.28 }, "geometry": { "type": "LineString", "coordinates": [ [ -63.6212, -25.3015 ], [ -63.6438, -25.3015 ] ] } },
{ "type": "Feature", "properties": { "nombre": "Camino sin nombre", "longitud_km": 2.29 }, "geometry": { "type": "LineString", "coordinates": [ [ -63.4515, -25.3022 ], [ -63.4368, -25.2865 ] ] } },
{ "type": "Feature", "properties": { "nombre": "Camino sin nombre", "longitud_km": 17.09 }, "geometry": { "type": "LineString", "coordinates": [ [ -63.4515, -25.3022 ], [ -63.6212, -25.3015 ] ] } },
{ "type": "Feature", "properties": { "nombre": "Camino sin nombre", "longitud_km": 4.32 }, "geometry": { "type": "LineString", "coordinates": [ [ -63.6438, -25.3015 ], [ -63.6866, -25.3015 ] ] } },
{ "type": "Feature", "properties": { "nombre": "Camino sin nombre", "longitud_km": 7.88 }, "geometry": { "type": "LineString", "coordinates": [ [ -63.6866, -25.3015 ], [ -63.6853, -25.2304 ] ] } },
{ "type": "Feature", "properties": { "nombre": "Camino sin nombre", "longitud_km": 4.48 }, "geometry": { "type": "LineString", "coordinates": [ [ -65.5184, -25.2694 ], [ -65.5172, -25.2747 ], [ -65.492, -25.2771 ], [ -65.4817, -25.2845 ] ] } },
{ "type": "Feature", "properties": { "nombre": "Camino sin nombre", "longitud_km": 22.7 }, "geometry": { "type": "LineString", "coordinates": [ [ -67.5215, -25.251 ], [ -67.5364, -25.2344 ], [ -67.5609, -25.1803 ], [ -67.6265, -25.1259 ], [ -67.6581, -25.0923 ] ] } },
{ "type": "Feature", "properties": { "nombre": "Camino sin nombre", "longitud_km": 20.53 }, "geometry": { "type": "LineString", "coordinates": [ [ -65.1587, -25.1573 ], [ -65.166, -25.1763 ], [ -65.1873, -25.1846 ], [ -65.1977, -25.2049 ], [ -65.2009, -25.2292 ], [ -65.217, -25.2457 ], [ -65.2266, -25.2643 ], [ -65.2458, -25.2816 ], [ -65.2763, -25.2933 ] ] } },
{ "type": "Feature", "properties": { "nombre": "Camino sin nombre", "longitud_km": 8.99 }, "geometry": { "type": "LineString", "coordinates": [ [ -63.7953, -25.5608 ], [ -63.8837, -25.5484 ] ] } },
{ "type": "Feature", "properties": { "nombre": "Camino sin nombre", "longitud_km": 7.94 }, "geometry": { "type": "LineString", "coordinates": [ [ -65.3291, -25.2738 ], [ -65.3037, -25.2764 ], [ -65.3008, -25.2831 ], [ -65.3054, -25.292 ], [ -65.3006, -25.2993 ], [ -65.2763, -25.2933 ] ] } },
{ "type": "Feature", "properties": { "nombre": "Camino sin nombre", "longitud_km": 2.72 }, "geometry": { "type": "LineString", "coordinates": [ [ -64.908, -25.3067 ], [ -64.8834, -25.2965 ] ] } },
{ "type": "Feature", "properties": { "nombre": "Camino sin nombre", "longitud_km": 11.18 }, "geometry": { "type": "LineString", "coordinates": [ [ -64.9223, -25.211 ], [ -64.9014, -25.2589 ], [ -64.8995, -25.2767 ], [ -64.9058, -25.2874 ], [ -64.908, -25.3067 ] ] } },
{ "type": "Feature", "properties": { "nombre": "Camino sin nombre", "longitud_km": 8.7 }, "geometry": { "type": "LineString", "coordinates": [ [ -63.1486, -25.2495 ], [ -63.1857, -25.3204 ] ] } },
{ "type": "Feature", "properties": { "nombre": "Camino sin nombre", "longitud_km": 6.46 }, "geometry": { "type": "LineString", "coordinates": [ [ -63.1857, -25.3204 ], [ -63.2461, -25.3009 ] ] } },
{ "type": "Feature", "properties": { "nombre": "Camino sin nombre", "longitud_km": 3.22 }, "geometry": { "type": "LineString", "coordinates": [ [ -63.6866, -25.3015 ], [ -63.7065, -25.3243 ] ] } },
{ "type": "Feature", "properties": { "nombre": "Camino sin nombre", "longitud_km": 2.29 }, "geometry": { "type": "LineString", "coordinates": [ [ -63.9601, -25.3203 ], [ -63.9378, -25.3245 ] ] } },
{ "type": "Feature", "properties": { "nombre": "Camino sin nombre", "longitud_km": 1.11 }, "geometry": { "type": "LineString", "coordinates": [ [ -64.908, -25.3067 ], [ -64.9079, -25.3168 ] ] } },
{ "type": "Feature", "properties": { "nombre": "Camino sin nombre", "longitud_km": 12.32 }, "geometry": { "type": "LineString", "coordinates": [ [ -63.9378, -25.3245 ], [ -63.927, -25.3263 ], [ -63.9188, -25.3075 ], [ -63.9334, -25.3064 ], [ -63.937, -25.3022 ], [ -63.9326, -25.2941 ], [ -63.9682, -25.2876 ], [ -63.9693, -25.2727 ], [ -63.9636, -25.2714 ] ] } },
{ "type": "Feature", "properties": { "nombre": "Camino sin nombre", "longitud_km": 1.89 }, "geometry": { "type": "LineString", "coordinates": [ [ -64.0357, -25.3158 ], [ -64.0185, -25.3227 ] ] } },
{ "type": "Feature", "properties": { "nombre": "Camino sin nombre", "longitud_km": 3.75 }, "geometry": { "type": "LineString", "coordinates": [ [ -64.7789, -25.319 ], [ -64.7643, -25.3043 ], [ -64.7667, -25.2951 ], [ -64.7623, -25.2929 ] ] } },
{ "type": "Feature", "properties": { "nombre": "Camino sin nombre", "longitud_km": 2.89 }, "geometry": { "type": "LineString", "coordinates": [ [ -64.7789, -25.319 ], [ -64.7987, -25.3001 ] ] } },
{ "type": "Feature", "properties": { "nombre": "Camino sin nombre", "longitud_km": 20.8 }, "geometry": { "type": "LineString", "coordinates": [ [ -64.229, -25.2567 ], [ -64.2165, -25.4442 ] ] } },
{ "type": "Feature", "properties": { "nombre": "Camino sin nombre", "longitud_km": 6.71 }, "geometry": { "type": "LineString", "coordinates": [ [ -64.2026, -25.6478 ], [ -64.2066, -25.5874 ] ] } },
{ "type": "Feature", "properties": { "nombre": "Camino sin nombre", "longitud_km": 4.5 }, "geometry": { "type": "LineString", "coordinates": [ [ -66.4462, -25.2833 ], [ -66.4704, -25.2739 ], [ -66.4745, -25.2902 ] ] } },
{ "type": "Feature", "properties": { "nombre": "Camino sin nombre", "longitud_km": 0.37 }, "geometry": { "type": "LineString", "coordinates": [ [ -63.9378, -25.3245 ], [ -63.9379, -25.3279 ] ] } },
{ "type": "Feature", "properties": { "nombre": "Camino sin nombre", "longitud_km": 4.55 }, "geometry": { "type": "LineString", "coordinates": [ [ -64.0189, -25.3255 ], [ -63.9745, -25.3331 ] ] } },
{ "type": "Feature", "properties": { "nombre": "Camino sin nombre", "longitud_km": 4.39 }, "geometry": { "type": "LineString", "coordinates": [ [ -64.2026, -25.6478 ], [ -64.2464, -25.6466 ] ] } },
{ "type": "Feature", "properties": { "nombre": "Camino sin nombre", "longitud_km": 5.7 }, "geometry": { "type": "LineString", "coordinates": [ [ -63.938, -25.3331 ], [ -63.8817, -25.3385 ] ] } },
{ "type": "Feature", "properties": { "nombre": "Camino sin nombre", "longitud_km": 4.55 }, "geometry": { "type": "LineString", "coordinates": [ [ -63.6438, -25.3015 ], [ -63.643, -25.3117 ], [ -63.6538, -25.3409 ] ] } },
{ "type": "Feature", "properties": { "nombre": "Camino sin nombre", "longitud_km": 4.99 }, "geometry": { "type": "LineString", "coordinates": [ [ -66.446, -25.303 ], [ -66.4925, -25.2874 ] ] } },
{ "type": "Feature", "properties": { "nombre": "Camino sin nombre", "longitud_km": 2.14 }, "geometry": { "type": "LineString", "coordinates": [ [ -66.2427, -25.3083 ], [ -66.2492, -25.2958 ], [ -66.2548, -25.2937 ] ] } },
{ "type": "Feature", "properties": { "nombre": "Camino sin nombre", "longitud_km": 4.11 }, "geometry": { "type": "LineString", "coordinates": [ [ -64.8131, -25.3393 ], [ -64.7789, -25.319 ] ] } },
{ "type": "Feature", "properties": { "nombre": "Camino sin nombre", "longitud_km": 5.52 }, "geometry": { "type": "LineString", "coordinates": [ [ -64.0214, -25.3589 ], [ -64.0724, -25.3406 ] ] } },
{ "type": "Feature", "properties": { "nombre": "Camino sin nombre", "longitud_km": 3.0 }, "geometry": { "type": "LineString", "coordinates": [ [ -64.9348, -25.3387 ], [ -64.9058, -25.3325 ] ] } },
{ "type": "Feature", "properties": { "nombre": "Camino sin nombre", "longitud_km": 0.97 }, "geometry": { "type": "LineString", "coordinates": [ [ -64.3658, -25.3468 ], [ -64.3584, -25.3412 ] ] } },
{ "type": "Feature", "properties": { "nombre": "Camino sin nombre", "longitud_km": 10.08 }, "geometry": { "type": "LineString", "coordinates": [ [ -64.3584, -25.3412 ], [ -64.2869, -25.3255 ], [ -64.2778, -25.3482 ] ] } },
{ "type": "Feature", "properties": { "nombre": "Camino sin nombre", "longitud_km": 6.4 }, "geometry": { "type": "LineString", "coordinates": [ [ -63.4751, -25.3542 ], [ -63.4596, -25.3368 ], [ -63.4515, -25.3022 ] ] } },
{ "type": "Feature", "properties": { "nombre": "Camino sin nombre", "longitud_km": 0.08 }, "geometry": { "type": "LineString", "coordinates": [ [ -63.4751, -25.355 ], [ -63.4751, -25.3542 ] ] } },
{ "type": "Feature", "properties": { "nombre": "Camino sin nombre", "longitud_km": 2.22 }, "geometry": { "type": "LineString", "coordinates": [ [ -63.938, -25.3331 ], [ -63.9388, -25.3532 ] ] } },
{ "type": "Feature", "properties": { "nombre": "Camino sin nombre", "longitud_km": 6.95 }, "geometry": { "type": "LineString", "coordinates": [ [ -64.0058, -25.3381 ], [ -63.9388, -25.3532 ] ] } },
{ "type": "Feature", "properties": { "nombre": "Camino sin nombre", "longitud_km": 10.61 }, "geometry": { "type": "LineString", "coordinates": [ [ -63.3806, -25.2704 ], [ -63.4269, -25.3564 ] ] } },
{ "type": "Feature", "properties": { "nombre": "Camino sin nombre", "longitud_km": 5.27 }, "geometry": { "type": "LineString", "coordinates": [ [ -63.4751, -25.355 ], [ -63.4425, -25.3563 ], [ -63.4394, -25.3515 ], [ -63.4269, -25.3564 ] ] } },
{ "type": "Feature", "properties": { "nombre": "Camino sin nombre", "longitud_km": 12.96 }, "geometry": { "type": "LineString", "coordinates": [ [ -63.1857, -25.3204 ], [ -63.2404, -25.4263 ] ] } },
{ "type": "Feature", "properties": { "nombre": "Camino sin nombre", "longitud_km": 0.07 }, "geometry": { "type": "LineString", "coordinates": [ [ -64.8665, -25.3525 ], [ -64.8668, -25.352 ] ] } },
{ "type": "Feature", "properties": { "nombre": "Camino sin nombre", "longitud_km": 1.5 }, "geometry": { "type": "LineString", "coordinates": [ [ -64.3772, -25.3555 ], [ -64.3658, -25.3468 ] ] } },
{ "type": "Feature", "properties": { "nombre": "Camino sin nombre", "longitud_km": 13.49 }, "geometry": { "type": "LineString", "coordinates": [ [ -63.5612, -25.4402 ], [ -63.513, -25.3673 ], [ -63.4751, -25.3542 ] ] } },
{ "type": "Feature", "properties": { "nombre": "Camino sin nombre", "longitud_km": 4.23 }, "geometry": { "type": "LineString", "coordinates": [ [ -63.9388, -25.3532 ], [ -63.8978, -25.3619 ] ] } },
{ "type": "Feature", "properties": { "nombre": "Camino sin nombre", "longitud_km": 4.68 }, "geometry": { "type": "LineString", "coordinates": [ [ -64.9105, -25.3546 ], [ -64.9057, -25.3283 ], [ -64.8895, -25.3233 ] ] } },
{ "type": "Feature", "properties": { "nombre": "Camino sin nombre", "longitud_km": 2.41 }, "geometry": { "type": "LineString", "coordinates": [ [ -65.5269, -25.3497 ], [ -65.5033, -25.3539 ] ] } },
{ "type": "Feature", "properties": { "nombre": "Camino sin nombre", "longitud_km": 29.0 }, "geometry": { "type": "LineString", "coordinates": [ [ -65.5277, -25.3556 ], [ -65.5739, -25.3402 ], [ -65.6022, -25.3215 ], [ -65.6128, -25.3225 ], [ -65.6263, -25.3312 ], [ -65.6673, -25.3278 ], [ -65.6701, -25.3179 ], [ -65.6649, -25.2874 ], [ -65.6774, -25.2838 ], [ -65.6869, -25.2603 ], [ -65.6629, -25.234 ], [ -65.6606, -25.2233 ] ] } },
{ "type": "Feature", "properties": { "nombre": "Camino sin nombre", "longitud_km": 8.53 }, "geometry": { "type": "LineString", "coordinates": [ [ -63.2461, -25.3009 ], [ -63.2497, -25.3778 ] ] } },
{ "type": "Feature", "properties": { "nombre": "Camino sin nombre", "longitud_km": 15.6 }, "geometry": { "type": "LineString", "coordinates": [ [ -63.4269, -25.3564 ], [ -63.4521, -25.4044 ], [ -63.4292, -25.4111 ], [ -63.4425, -25.4536 ], [ -63.4198, -25.4596 ] ] } },
{ "type": "Feature", "properties": { "nombre": "Camino sin nombre", "longitud_km": 7.09 }, "geometry": { "type": "LineString", "coordinates": [ [ -63.7065, -25.3243 ], [ -63.7121, -25.3578 ], [ -63.7356, -25.379 ] ] } },
{ "type": "Feature", "properties": { "nombre": "Camino sin nombre", "longitud_km": 15.46 }, "geometry": { "type": "LineString", "coordinates": [ [ -63.7356, -25.379 ], [ -63.7621, -25.3747 ], [ -63.7704, -25.3572 ], [ -63.7623, -25.3299 ], [ -63.7455, -25.3315 ], [ -63.7184, -25.2852 ] ] } },
{ "type": "Feature", "properties": { "nombre": "Camino sin nombre", "longitud_km": 0.95 }, "geometry": { "type": "LineString", "coordinates": [ [ -64.9758, -25.543 ], [ -64.9701, -25.5498 ] ] } },
{ "type": "Feature", "properties": { "nombre": "Camino sin nombre", "longitud_km": 4.81 }, "geometry": { "type": "LineString", "coordinates": [ [ -65.9009, -25.3323 ], [ -65.9038, -25.3554 ], [ -65.9255, -25.3597 ] ] } },
{ "type": "Feature", "properties": { "nombre": "Camino sin nombre", "longitud_km": 16.24 }, "geometry": { "type": "LineString", "coordinates": [ [ -63.3198, -25.3972 ], [ -63.3099, -25.251 ] ] } },
{ "type": "Feature", "properties": { "nombre": "Camino sin nombre", "longitud_km": 8.74 }, "geometry": { "type": "LineString", "coordinates": [ [ -63.7848, -25.3886 ], [ -63.8571, -25.3764 ], [ -63.8597, -25.3882 ] ] } },
{ "type": "Feature", "properties": { "nombre": "Camino sin nombre", "longitud_km": 10.08 }, "geometry": { "type": "LineString", "coordinates": [ [ -63.4269, -25.3564 ], [ -63.3346, -25.3918 ] ] } },
{ "type": "Feature", "properties": { "nombre": "Camino sin nombre", "longitud_km": 1.81 }, "geometry": { "type": "LineString", "coordinates": [ [ -63.7356, -25.379 ], [ -63.7377, -25.3953 ] ] } },
{ "type": "Feature", "properties": { "nombre": "Camino sin nombre", "longitud_km": 10.9 }, "geometry": { "type": "LineString", "coordinates": [ [ -63.487, -25.4527 ], [ -63.4751, -25.355 ] ] } },
{ "type": "Feature", "properties": { "nombre": "Camino sin nombre", "longitud_km": 4.72 }, "geometry": { "type": "LineString", "coordinates": [ [ -63.7377, -25.3953 ], [ -63.784, -25.3883 ] ] } },
{ "type": "Feature", "properties": { "nombre": "Camino sin nombre", "longitud_km": 1.61 }, "geometry": { "type": "LineString", "coordinates": [ [ -63.3346, -25.3918 ], [ -63.3198, -25.3972 ] ] } },
{ "type": "Feature", "properties": { "nombre": "Camino sin nombre", "longitud_km": 22.38 }, "geometry": { "type": "LineString", "coordinates": [ [ -63.7631, -25.4535 ], [ -63.7385, -25.4576 ], [ -63.7345, -25.4372 ], [ -63.7104, -25.4417 ], [ -63.7054, -25.4316 ], [ -63.685, -25.3278 ], [ -63.7065, -25.3243 ] ] } },
{ "type": "Feature", "properties": { "nombre": "Camino sin nombre", "longitud_km": 13.71 }, "geometry": { "type": "LineString", "coordinates": [ [ -66.2387, -25.3317 ], [ -66.2322, -25.3348 ], [ -66.2351, -25.3499 ], [ -66.2267, -25.3802 ], [ -66.2162, -25.3836 ], [ -66.2183, -25.4099 ], [ -66.2297, -25.4422 ] ] } },
{ "type": "Feature", "properties": { "nombre": "Camino sin nombre", "longitud_km": 8.61 }, "geometry": { "type": "LineString", "coordinates": [ [ -63.3198, -25.3972 ], [ -63.2404, -25.4263 ] ] } },
{ "type": "Feature", "properties": { "nombre": "Camino sin nombre", "longitud_km": 5.49 }, "geometry": { "type": "LineString", "coordinates": [ [ -65.5785, -25.4271 ], [ -65.5764, -25.4128 ], [ -65.5609, -25.3973 ], [ -65.5452, -25.3985 ] ] } },
{ "type": "Feature", "properties": { "nombre": "Camino sin nombre", "longitud_km": 7.51 }, "geometry": { "type": "LineString", "coordinates": [ [ -65.4253, -25.4158 ], [ -65.4202, -25.4029 ], [ -65.4247, -25.3692 ], [ -65.4126, -25.3613 ], [ -65.4179, -25.3567 ] ] } },
{ "type": "Feature", "properties": { "nombre": "Camino sin nombre", "longitud_km": 2.18 }, "geometry": { "type": "LineString", "coordinates": [ [ -64.9506, -25.423 ], [ -64.9367, -25.408 ] ] } },
{ "type": "Feature", "properties": { "nombre": "Camino sin nombre", "longitud_km": 0.6 }, "geometry": { "type": "LineString", "coordinates": [ [ -64.9556, -25.42 ], [ -64.9506, -25.423 ] ] } },
{ "type": "Feature", "properties": { "nombre": "Camino sin nombre", "longitud_km": 15.84 }, "geometry": { "type": "LineString", "coordinates": [ [ -65.4253, -25.4158 ], [ -65.4192, -25.4187 ], [ -65.4163, -25.4106 ], [ -65.4099, -25.4109 ], [ -65.3936, -25.3987 ], [ -65.3768, -25.3666 ], [ -65.3656, -25.3261 ], [ -65.3518, -25.3034 ] ] } },
{ "type": "Feature", "properties": { "nombre": "Camino sin nombre", "longitud_km": 1.6 }, "geometry": { "type": "LineString", "coordinates": [ [ -64.8779, -25.4859 ], [ -64.88, -25.5002 ] ] } },
{ "type": "Feature", "properties": { "nombre": "Camino sin nombre", "longitud_km": 1.04 }, "geometry": { "type": "LineString", "coordinates": [ [ -64.9506, -25.423 ], [ -64.9444, -25.4305 ] ] } },
{ "type": "Feature", "properties": { "nombre": "Camino sin nombre", "longitud_km": 5.22 }, "geometry": { "type": "LineString", "coordinates": [ [ -63.3231, -25.4443 ], [ -63.3198, -25.3972 ] ] } },
{ "type": "Feature", "properties": { "nombre": "Camino sin nombre", "longitud_km": 0.72 }, "geometry": { "type": "LineString", "coordinates": [ [ -64.9374, -25.4321 ], [ -64.9444, -25.4305 ] ] } },
{ "type": "Feature", "properties": { "nombre": "Camino sin nombre", "longitud_km": 0.48 }, "geometry": { "type": "LineString", "coordinates": [ [ -64.9444, -25.4305 ], [ -64.9488, -25.4321 ] ] } },
{ "type": "Feature", "properties": { "nombre": "Camino sin nombre", "longitud_km": 2.66 }, "geometry": { "type": "LineString", "coordinates": [ [ -65.5246, -25.4286 ], [ -65.5505, -25.433 ] ] } },
{ "type": "Feature", "properties": { "nombre": "Camino sin nombre", "longitud_km": 3.09 }, "geometry": { "type": "LineString", "coordinates": [ [ -65.5519, -25.4185 ], [ -65.5702, -25.4187 ], [ -65.5785, -25.4271 ] ] } },
{ "type": "Feature", "properties": { "nombre": "Camino sin nombre", "longitud_km": 7.59 }, "geometry": { "type": "LineString", "coordinates": [ [ -63.5612, -25.4402 ], [ -63.487, -25.4527 ] ] } },
{ "type": "Feature", "properties": { "nombre": "Camino sin nombre", "longitud_km": 0.47 }, "geometry": { "type": "LineString", "coordinates": [ [ -65.5802, -25.431 ], [ -65.5785, -25.4271 ] ] } },
{ "type": "Feature", "properties": { "nombre": "Camino sin nombre", "longitud_km": 0.63 }, "geometry": { "type": "LineString", "coordinates": [ [ -65.5505, -25.433 ], [ -65.5566, -25.4341 ] ] } },
{ "type": "Feature", "properties": { "nombre": "Camino sin nombre", "longitud_km": 0.81 }, "geometry": { "type": "LineString", "coordinates": [ [ -65.5566, -25.4341 ], [ -65.5647, -25.4345 ] ] } },
{ "type": "Feature", "properties": { "nombre": "Camino sin nombre", "longitud_km": 0.27 }, "geometry": { "type": "LineString", "coordinates": [ [ -65.5647, -25.4345 ], [ -65.5674, -25.4348 ] ] } },
{ "type": "Feature", "properties": { "nombre": "Camino sin nombre", "longitud_km": 12.76 }, "geometry": { "type": "LineString", "coordinates": [ [ -64.3658, -25.3468 ], [ -64.3591, -25.3823 ], [ -64.3455, -25.3948 ], [ -64.3297, -25.427 ], [ -64.3263, -25.4468 ], [ -64.3308, -25.4515 ] ] } },
{ "type": "Feature", "properties": { "nombre": "Camino sin nombre", "longitud_km": 2.8 }, "geometry": { "type": "LineString", "coordinates": [ [ -65.552, -25.4196 ], [ -65.5733, -25.436 ] ] } },
{ "type": "Feature", "properties": { "nombre": "Camino sin nombre", "longitud_km": 0.89 }, "geometry": { "type": "LineString", "coordinates": [ [ -65.5802, -25.431 ], [ -65.5733, -25.436 ] ] } },
{ "type": "Feature", "properties": { "nombre": "Camino sin nombre", "longitud_km": 0.7 }, "geometry": { "type": "LineString", "coordinates": [ [ -65.5674, -25.4348 ], [ -65.5732, -25.4382 ] ] } },
{ "type": "Feature", "properties": { "nombre": "Camino sin nombre", "longitud_km": 0.25 }, "geometry": { "type": "LineString", "coordinates": [ [ -65.5733, -25.436 ], [ -65.5732, -25.4382 ] ] } },
{ "type": "Feature", "properties": { "nombre": "Camino sin nombre", "longitud_km": 0.98 }, "geometry": { "type": "LineString", "coordinates": [ [ -65.586, -25.4382 ], [ -65.5802, -25.431 ] ] } },
{ "type": "Feature", "properties": { "nombre": "Camino sin nombre", "longitud_km": 4.45 }, "geometry": { "type": "LineString", "coordinates": [ [ -63.784, -25.3883 ], [ -63.7816, -25.4107 ], [ -63.7797, -25.4167 ], [ -63.7721, -25.4179 ], [ -63.7732, -25.4224 ] ] } },
{ "type": "Feature", "properties": { "nombre": "Camino sin nombre", "longitud_km": 2.3 }, "geometry": { "type": "LineString", "coordinates": [ [ -64.9488, -25.4321 ], [ -64.9611, -25.4496 ] ] } },
{ "type": "Feature", "properties": { "nombre": "Camino sin nombre", "longitud_km": 0.25 }, "geometry": { "type": "LineString", "coordinates": [ [ -64.9636, -25.4496 ], [ -64.9611, -25.4496 ] ] } },
{ "type": "Feature", "properties": { "nombre": "Camino sin nombre", "longitud_km": 1.51 }, "geometry": { "type": "LineString", "coordinates": [ [ -64.2165, -25.4442 ], [ -64.2156, -25.4578 ] ] } },
{ "type": "Feature", "properties": { "nombre": "Camino sin nombre", "longitud_km": 0.91 }, "geometry": { "type": "LineString", "coordinates": [ [ -65.5647, -25.4345 ], [ -65.5642, -25.4427 ] ] } },
{ "type": "Feature", "properties": { "nombre": "Camino sin nombre", "longitud_km": 1.68 }, "geometry": { "type": "LineString", "coordinates": [ [ -65.5589, -25.4426 ], [ -65.5535, -25.4429 ], [ -65.5505, -25.433 ] ] } },
{ "type": "Feature", "properties": { "nombre": "Camino sin nombre", "longitud_km": 11.83 }, "geometry": { "type": "LineString", "coordinates": [ [ -64.2156, -25.4578 ], [ -64.3159, -25.4595 ], [ -64.3308, -25.4515 ] ] } },
{ "type": "Feature", "properties": { "nombre": "Camino sin nombre", "longitud_km": 0.99 }, "geometry": { "type": "LineString", "coordinates": [ [ -65.5642, -25.4427 ], [ -65.5737, -25.4454 ] ] } },
{ "type": "Feature", "properties": { "nombre": "Camino sin nombre", "longitud_km": 1.33 }, "geometry": { "type": "LineString", "coordinates": [ [ -65.5674, -25.4348 ], [ -65.5737, -25.4454 ] ] } },
{ "type": "Feature", "properties": { "nombre": "Camino sin nombre", "longitud_km": 0.53 }, "geometry": { "type": "LineString", "coordinates": [ [ -65.5642, -25.4427 ], [ -65.5602, -25.4459 ] ] } },
{ "type": "Feature", "properties": { "nombre": "Camino sin nombre", "longitud_km": 1.88 }, "geometry": { "type": "LineString", "coordinates": [ [ -65.5737, -25.4454 ], [ -65.5806, -25.4465 ], [ -65.5732, -25.4382 ] ] } },
{ "type": "Feature", "properties": { "nombre": "Camino sin nombre", "longitud_km": 9.65 }, "geometry": { "type": "LineString", "coordinates": [ [ -63.3772, -25.4698 ], [ -63.3346, -25.3918 ] ] } },
{ "type": "Feature", "properties": { "nombre": "Camino sin nombre", "longitud_km": 4.14 }, "geometry": { "type": "LineString", "coordinates": [ [ -65.6166, -25.4484 ], [ -65.636, -25.4426 ], [ -65.6517, -25.4304 ] ] } },
{ "type": "Feature", "properties": { "nombre": "Camino sin nombre", "longitud_km": 1.53 }, "geometry": { "type": "LineString", "coordinates": [ [ -64.9611, -25.4496 ], [ -64.9569, -25.4496 ], [ -64.9591, -25.4594 ] ] } },
{ "type": "Feature", "properties": { "nombre": "Camino sin nombre", "longitud_km": 12.82 }, "geometry": { "type": "LineString", "coordinates": [ [ -66.3071, -25.436 ], [ -66.329, -25.423 ], [ -66.3492, -25.4217 ], [ -66.3583, -25.4102 ], [ -66.371, -25.4053 ], [ -66.3741, -25.3981 ], [ -66.4122, -25.3799 ] ] } },
{ "type": "Feature", "properties": { "nombre": "Camino sin nombre", "longitud_km": 2.54 }, "geometry": { "type": "LineString", "coordinates": [ [ -64.9048, -25.446 ], [ -64.9041, -25.4578 ], [ -64.899, -25.4578 ], [ -64.8985, -25.4643 ] ] } },
{ "type": "Feature", "properties": { "nombre": "Camino sin nombre", "longitud_km": 1.5 }, "geometry": { "type": "LineString", "coordinates": [ [ -66.2439, -25.4382 ], [ -66.2297, -25.4422 ] ] } },
{ "type": "Feature", "properties": { "nombre": "Camino sin nombre", "longitud_km": 5.82 }, "geometry": { "type": "LineString", "coordinates": [ [ -65.5737, -25.4454 ], [ -65.5735, -25.4569 ], [ -65.5804, -25.452 ], [ -65.6166, -25.4484 ] ] } },
{ "type": "Feature", "properties": { "nombre": "Camino sin nombre", "longitud_km": 4.43 }, "geometry": { "type": "LineString", "coordinates": [ [ -63.4198, -25.4596 ], [ -63.3772, -25.4698 ] ] } },
{ "type": "Feature", "properties": { "nombre": "Camino sin nombre", "longitud_km": 5.54 }, "geometry": { "type": "LineString", "coordinates": [ [ -63.9771, -25.4801 ], [ -63.9985, -25.4778 ], [ -64.0205, -25.4548 ] ] } },
{ "type": "Feature", "properties": { "nombre": "Camino sin nombre", "longitud_km": 5.33 }, "geometry": { "type": "LineString", "coordinates": [ [ -63.3258, -25.4923 ], [ -63.3231, -25.4443 ] ] } },
{ "type": "Feature", "properties": { "nombre": "Camino sin nombre", "longitud_km": 1.56 }, "geometry": { "type": "LineString", "coordinates": [ [ -63.3398, -25.4862 ], [ -63.3258, -25.4923 ] ] } },
{ "type": "Feature", "properties": { "nombre": "Camino sin nombre", "longitud_km": 7.26 }, "geometry": { "type": "LineString", "coordinates": [ [ -63.3231, -25.4443 ], [ -63.3393, -25.437 ], [ -63.3398, -25.4862 ] ] } },
{ "type": "Feature", "properties": { "nombre": "Camino sin nombre", "longitud_km": 4.17 }, "geometry": { "type": "LineString", "coordinates": [ [ -63.3772, -25.4698 ], [ -63.3398, -25.4862 ] ] } },
{ "type": "Feature", "properties": { "nombre": "Camino sin nombre", "longitud_km": 1.8 }, "geometry": { "type": "LineString", "coordinates": [ [ -64.9591, -25.4594 ], [ -64.9627, -25.4753 ] ] } },
{ "type": "Feature", "properties": { "nombre": "Camino sin nombre", "longitud_km": 5.12 }, "geometry": { "type": "LineString", "coordinates": [ [ -65.6166, -25.4484 ], [ -65.6324, -25.4466 ], [ -65.6604, -25.4657 ] ] } },
{ "type": "Feature", "properties": { "nombre": "Camino sin nombre", "longitud_km": 15.38 }, "geometry": { "type": "LineString", "coordinates": [ [ -64.9758, -25.4779 ], [ -65.0486, -25.4709 ], [ -65.0638, -25.4634 ], [ -65.0758, -25.4364 ], [ -65.0915, -25.4307 ], [ -65.1038, -25.4356 ] ] } },
{ "type": "Feature", "properties": { "nombre": "Camino sin nombre", "longitud_km": 2.36 }, "geometry": { "type": "LineString", "coordinates": [ [ -64.8779, -25.4859 ], [ -64.855, -25.4908 ] ] } },
{ "type": "Feature", "properties": { "nombre": "Camino sin nombre", "longitud_km": 20.87 }, "geometry": { "type": "LineString", "coordinates": [ [ -64.0262, -25.4912 ], [ -64.0384, -25.4896 ], [ -64.0411, -25.4748 ], [ -64.2165, -25.4442 ] ] } },
{ "type": "Feature", "properties": { "nombre": "Camino sin nombre", "longitud_km": 3.92 }, "geometry": { "type": "LineString", "coordinates": [ [ -64.9177, -25.4845 ], [ -64.9172, -25.4491 ] ] } },
{ "type": "Feature", "properties": { "nombre": "Camino sin nombre", "longitud_km": 1.34 }, "geometry": { "type": "LineString", "coordinates": [ [ -64.9177, -25.4825 ], [ -64.9044, -25.4837 ] ] } },
{ "type": "Feature", "properties": { "nombre": "Camino sin nombre", "longitud_km": 1.43 }, "geometry": { "type": "LineString", "coordinates": [ [ -64.9044, -25.4837 ], [ -64.8902, -25.4848 ] ] } },
{ "type": "Feature", "properties": { "nombre": "Camino sin nombre", "longitud_km": 1.24 }, "geometry": { "type": "LineString", "coordinates": [ [ -64.8902, -25.4848 ], [ -64.8779, -25.4859 ] ] } },
{ "type": "Feature", "properties": { "nombre": "Camino sin nombre", "longitud_km": 5.27 }, "geometry": { "type": "LineString", "coordinates": [ [ -63.4933, -25.4999 ], [ -63.487, -25.4527 ] ] } },
{ "type": "Feature", "properties": { "nombre": "Camino sin nombre", "longitud_km": 1.66 }, "geometry": { "type": "LineString", "coordinates": [ [ -64.7717, -25.4917 ], [ -64.7673, -25.4772 ] ] } },
{ "type": "Feature", "properties": { "nombre": "Camino sin nombre", "longitud_km": 0.97 }, "geometry": { "type": "LineString", "coordinates": [ [ -64.7717, -25.4917 ], [ -64.7812, -25.4902 ] ] } },
{ "type": "Feature", "properties": { "nombre": "Camino sin nombre", "longitud_km": 8.5 }, "geometry": { "type": "LineString", "coordinates": [ [ -63.5761, -25.5135 ], [ -63.568, -25.4449 ], [ -63.5612, -25.4402 ] ] } },
{ "type": "Feature", "properties": { "nombre": "Camino sin nombre", "longitud_km": 22.77 }, "geometry": { "type": "LineString", "coordinates": [ [ -65.2763, -25.2933 ], [ -65.2961, -25.3287 ], [ -65.2956, -25.3507 ], [ -65.2913, -25.3556 ], [ -65.2959, -25.3934 ], [ -65.2818, -25.4108 ], [ -65.2846, -25.4547 ], [ -65.2781, -25.4622 ], [ -65.2757, -25.4865 ] ] } },
{ "type": "Feature", "properties": { "nombre": "Camino sin nombre", "longitud_km": 0.95 }, "geometry": { "type": "LineString", "coordinates": [ [ -64.6756, -25.3849 ], [ -64.6772, -25.3933 ] ] } },
{ "type": "Feature", "properties": { "nombre": "Camino sin nombre", "longitud_km": 1.59 }, "geometry": { "type": "LineString", "coordinates": [ [ -64.7561, -25.494 ], [ -64.7717, -25.4917 ] ] } },
{ "type": "Feature", "properties": { "nombre": "Camino sin nombre", "longitud_km": 3.24 }, "geometry": { "type": "LineString", "coordinates": [ [ -63.3258, -25.4923 ], [ -63.2968, -25.505 ] ] } },
{ "type": "Feature", "properties": { "nombre": "Camino sin nombre", "longitud_km": 0.04 }, "geometry": { "type": "LineString", "coordinates": [ [ -63.7845, -25.5033 ], [ -63.7847, -25.503 ] ] } },
{ "type": "Feature", "properties": { "nombre": "Camino sin nombre", "longitud_km": 7.53 }, "geometry": { "type": "LineString", "coordinates": [ [ -65.4409, -25.4998 ], [ -65.428, -25.486 ], [ -65.4295, -25.4769 ], [ -65.4474, -25.4728 ], [ -65.4538, -25.4649 ], [ -65.4683, -25.4599 ] ] } },
{ "type": "Feature", "properties": { "nombre": "Camino sin nombre", "longitud_km": 0.03 }, "geometry": { "type": "LineString", "coordinates": [ [ -63.4933, -25.4999 ], [ -63.493, -25.5 ] ] } },
{ "type": "Feature", "properties": { "nombre": "Camino sin nombre", "longitud_km": 1.7 }, "geometry": { "type": "LineString", "coordinates": [ [ -64.6096, -25.4884 ], [ -64.6026, -25.492 ], [ -64.6071, -25.4989 ] ] } },
{ "type": "Feature", "properties": { "nombre": "Camino sin nombre", "longitud_km": 1.3 }, "geometry": { "type": "LineString", "coordinates": [ [ -64.8902, -25.4848 ], [ -64.8921, -25.4965 ] ] } },
{ "type": "Feature", "properties": { "nombre": "Camino sin nombre", "longitud_km": 0.45 }, "geometry": { "type": "LineString", "coordinates": [ [ -63.7845, -25.5033 ], [ -63.7853, -25.5074 ] ] } },
{ "type": "Feature", "properties": { "nombre": "Camino sin nombre", "longitud_km": 19.52 }, "geometry": { "type": "LineString", "coordinates": [ [ -63.7853, -25.5074 ], [ -63.9771, -25.4801 ] ] } },
{ "type": "Feature", "properties": { "nombre": "Camino sin nombre", "longitud_km": 1.52 }, "geometry": { "type": "LineString", "coordinates": [ [ -64.9044, -25.4837 ], [ -64.9036, -25.4974 ] ] } },
{ "type": "Feature", "properties": { "nombre": "Camino sin nombre", "longitud_km": 2.09 }, "geometry": { "type": "LineString", "coordinates": [ [ -64.9195, -25.5013 ], [ -64.9177, -25.4825 ] ] } },
{ "type": "Feature", "properties": { "nombre": "Camino sin nombre", "longitud_km": 1.48 }, "geometry": { "type": "LineString", "coordinates": [ [ -64.7812, -25.4902 ], [ -64.7804, -25.5036 ] ] } },
{ "type": "Feature", "properties": { "nombre": "Camino sin nombre", "longitud_km": 1.13 }, "geometry": { "type": "LineString", "coordinates": [ [ -64.7561, -25.494 ], [ -64.759, -25.5039 ] ] } },
{ "type": "Feature", "properties": { "nombre": "Camino sin nombre", "longitud_km": 7.85 }, "geometry": { "type": "LineString", "coordinates": [ [ -64.3308, -25.4515 ], [ -64.3256, -25.4702 ], [ -64.3271, -25.4878 ], [ -64.3063, -25.516 ] ] } },
{ "type": "Feature", "properties": { "nombre": "Camino sin nombre", "longitud_km": 4.87 }, "geometry": { "type": "LineString", "coordinates": [ [ -65.4806, -25.487 ], [ -65.4707, -25.5013 ], [ -65.4409, -25.4998 ] ] } },
{ "type": "Feature", "properties": { "nombre": "Camino sin nombre", "longitud_km": 3.76 }, "geometry": { "type": "LineString", "coordinates": [ [ -64.7812, -25.4902 ], [ -64.7907, -25.4888 ], [ -64.794, -25.5138 ] ] } },
{ "type": "Feature", "properties": { "nombre": "Camino sin nombre", "longitud_km": 2.47 }, "geometry": { "type": "LineString", "coordinates": [ [ -64.903, -25.5116 ], [ -64.9205, -25.5129 ], [ -64.9221, -25.519 ] ] } },
{ "type": "Feature", "properties": { "nombre": "Camino sin nombre", "longitud_km": 6.39 }, "geometry": { "type": "LineString", "coordinates": [ [ -66.2297, -25.4422 ], [ -66.2238, -25.4586 ], [ -66.2197, -25.4989 ] ] } },
{ "type": "Feature", "properties": { "nombre": "Camino sin nombre", "longitud_km": 1.03 }, "geometry": { "type": "LineString", "coordinates": [ [ -66.2197, -25.4989 ], [ -66.2299, -25.4995 ] ] } },
{ "type": "Feature", "properties": { "nombre": "Camino sin nombre", "longitud_km": 1.99 }, "geometry": { "type": "LineString", "coordinates": [ [ -63.8837, -25.5484 ], [ -63.9033, -25.5454 ] ] } },
{ "type": "Feature", "properties": { "nombre": "Camino sin nombre", "longitud_km": 6.28 }, "geometry": { "type": "LineString", "coordinates": [ [ -65.4409, -25.4998 ], [ -65.4432, -25.5069 ], [ -65.4262, -25.5198 ], [ -65.4567, -25.5291 ] ] } },
{ "type": "Feature", "properties": { "nombre": "Camino sin nombre", "longitud_km": 3.44 }, "geometry": { "type": "LineString", "coordinates": [ [ -63.6311, -25.5369 ], [ -63.6203, -25.5362 ], [ -63.599, -25.5449 ] ] } },
{ "type": "Feature", "properties": { "nombre": "Camino sin nombre", "longitud_km": 1.66 }, "geometry": { "type": "LineString", "coordinates": [ [ -64.9221, -25.519 ], [ -64.9232, -25.534 ] ] } },
{ "type": "Feature", "properties": { "nombre": "Camino sin nombre", "longitud_km": 1.6 }, "geometry": { "type": "LineString", "coordinates": [ [ -66.2156, -25.5128 ], [ -66.2197, -25.4989 ] ] } },
{ "type": "Feature", "properties": { "nombre": "Camino sin nombre", "longitud_km": 5.55 }, "geometry": { "type": "LineString", "coordinates": [ [ -63.4389, -25.4949 ], [ -63.4456, -25.5446 ] ] } },
{ "type": "Feature", "properties": { "nombre": "Camino sin nombre", "longitud_km": 1.03 }, "geometry": { "type": "LineString", "coordinates": [ [ -66.2156, -25.5128 ], [ -66.2257, -25.514 ] ] } },
{ "type": "Feature", "properties": { "nombre": "Camino sin nombre", "longitud_km": 5.14 }, "geometry": { "type": "LineString", "coordinates": [ [ -65.5015, -25.5095 ], [ -65.4831, -25.5234 ], [ -65.4567, -25.5291 ] ] } },
{ "type": "Feature", "properties": { "nombre": "Camino sin nombre", "longitud_km": 2.86 }, "geometry": { "type": "LineString", "coordinates": [ [ -64.7095, -25.5447 ], [ -64.6974, -25.5213 ] ] } },
{ "type": "Feature", "properties": { "nombre": "Camino sin nombre", "longitud_km": 1.83 }, "geometry": { "type": "LineString", "coordinates": [ [ -64.9732, -25.5277 ], [ -64.9779, -25.5362 ], [ -64.9758, -25.543 ] ] } },
{ "type": "Feature", "properties": { "nombre": "Camino sin nombre", "longitud_km": 5.61 }, "geometry": { "type": "LineString", "coordinates": [ [ -64.9232, -25.534 ], [ -64.8886, -25.5442 ], [ -64.8882, -25.5266 ] ] } },
{ "type": "Feature", "properties": { "nombre": "Camino sin nombre", "longitud_km": 3.3 }, "geometry": { "type": "LineString", "coordinates": [ [ -63.7953, -25.5608 ], [ -63.7815, -25.5878 ] ] } },
{ "type": "Feature", "properties": { "nombre": "Camino sin nombre", "longitud_km": 6.01 }, "geometry": { "type": "LineString", "coordinates": [ [ -63.7853, -25.5074 ], [ -63.7953, -25.5608 ] ] } },
{ "type": "Feature", "properties": { "nombre": "Camino sin nombre", "longitud_km": 6.7 }, "geometry": { "type": "LineString", "coordinates": [ [ -64.8343, -25.5272 ], [ -64.8428, -25.5413 ], [ -64.8402, -25.5512 ], [ -64.8037, -25.5602 ] ] } },
{ "type": "Feature", "properties": { "nombre": "Camino sin nombre", "longitud_km": 1.17 }, "geometry": { "type": "LineString", "coordinates": [ [ -63.9235, -25.5689 ], [ -63.9146, -25.5756 ] ] } },
{ "type": "Feature", "properties": { "nombre": "Camino sin nombre", "longitud_km": 3.14 }, "geometry": { "type": "LineString", "coordinates": [ [ -63.8725, -25.5749 ], [ -63.8837, -25.5484 ] ] } },
{ "type": "Feature", "properties": { "nombre": "Camino sin nombre", "longitud_km": 11.01 }, "geometry": { "type": "LineString", "coordinates": [ [ -65.4567, -25.5291 ], [ -65.4427, -25.5551 ], [ -65.4542, -25.5585 ], [ -65.4647, -25.5488 ], [ -65.4817, -25.5423 ], [ -65.5126, -25.5505 ] ] } },
{ "type": "Feature", "properties": { "nombre": "Camino sin nombre", "longitud_km": 0.51 }, "geometry": { "type": "LineString", "coordinates": [ [ -63.8708, -25.5793 ], [ -63.8725, -25.5749 ] ] } },
{ "type": "Feature", "properties": { "nombre": "Camino sin nombre", "longitud_km": 1.85 }, "geometry": { "type": "LineString", "coordinates": [ [ -63.8708, -25.5793 ], [ -63.8888, -25.576 ] ] } },
{ "type": "Feature", "properties": { "nombre": "Camino sin nombre", "longitud_km": 6.59 }, "geometry": { "type": "LineString", "coordinates": [ [ -64.9758, -25.543 ], [ -64.9753, -25.5628 ], [ -64.9837, -25.5628 ], [ -64.9889, -25.5756 ], [ -64.9693, -25.571 ] ] } },
{ "type": "Feature", "properties": { "nombre": "Camino sin nombre", "longitud_km": 9.35 }, "geometry": { "type": "LineString", "coordinates": [ [ -63.7815, -25.5878 ], [ -63.7958, -25.5902 ], [ -63.8725, -25.5749 ] ] } },
{ "type": "Feature", "properties": { "nombre": "Camino sin nombre", "longitud_km": 17.33 }, "geometry": { "type": "LineString", "coordinates": [ [ -64.2156, -25.4578 ], [ -64.2147, -25.4663 ], [ -64.2088, -25.4702 ], [ -64.1978, -25.4758 ], [ -64.1829, -25.4745 ], [ -64.1939, -25.5652 ], [ -64.2066, -25.5874 ] ] } },
{ "type": "Feature", "properties": { "nombre": "Camino sin nombre", "longitud_km": 5.43 }, "geometry": { "type": "LineString", "coordinates": [ [ -66.2052, -25.5588 ], [ -66.2136, -25.5506 ], [ -66.2156, -25.5128 ] ] } },
{ "type": "Feature", "properties": { "nombre": "Camino sin nombre", "longitud_km": 38.7 }, "geometry": { "type": "LineString", "coordinates": [ [ -64.2885, -25.5883 ], [ -64.3089, -25.5729 ], [ -64.3197, -25.5536 ], [ -64.3416, -25.5499 ], [ -64.3519, -25.5406 ], [ -64.3759, -25.54 ], [ -64.383, -25.5359 ], [ -64.3817, -25.5151 ], [ -64.3719, -25.4945 ], [ -64.374, -25.4673 ], [ -64.3784, -25.4558 ], [ -64.3872, -25.4547 ], [ -64.4022, -25.4337 ], [ -64.4243, -25.4229 ], [ -64.4439, -25.3223 ] ] } },
{ "type": "Feature", "properties": { "nombre": "Camino sin nombre", "longitud_km": 10.5 }, "geometry": { "type": "LineString", "coordinates": [ [ -63.7697, -25.5926 ], [ -63.7643, -25.5766 ], [ -63.7647, -25.5343 ], [ -63.7845, -25.5033 ] ] } },
{ "type": "Feature", "properties": { "nombre": "Camino sin nombre", "longitud_km": 1.29 }, "geometry": { "type": "LineString", "coordinates": [ [ -63.7815, -25.5878 ], [ -63.7697, -25.5926 ] ] } },
{ "type": "Feature", "properties": { "nombre": "Camino sin nombre", "longitud_km": 5.4 }, "geometry": { "type": "LineString", "coordinates": [ [ -64.9232, -25.534 ], [ -64.929, -25.5825 ] ] } },
{ "type": "Feature", "properties": { "nombre": "Camino sin nombre", "longitud_km": 1.09 }, "geometry": { "type": "LineString", "coordinates": [ [ -66.2052, -25.5588 ], [ -66.2159, -25.5602 ] ] } },
{ "type": "Feature", "properties": { "nombre": "Camino sin nombre", "longitud_km": 2.13 }, "geometry": { "type": "LineString", "coordinates": [ [ -64.6186, -25.572 ], [ -64.6288, -25.5811 ], [ -64.6282, -25.5873 ] ] } },
{ "type": "Feature", "properties": { "nombre": "Camino sin nombre", "longitud_km": 1.87 }, "geometry": { "type": "LineString", "coordinates": [ [ -64.2066, -25.5874 ], [ -64.2246, -25.5914 ] ] } },
{ "type": "Feature", "properties": { "nombre": "Camino sin nombre", "longitud_km": 1.22 }, "geometry": { "type": "LineString", "coordinates": [ [ -64.6282, -25.5873 ], [ -64.616, -25.588 ] ] } },
{ "type": "Feature", "properties": { "nombre": "Camino sin nombre", "longitud_km": 12.54 }, "geometry": { "type": "LineString", "coordinates": [ [ -63.6311, -25.5369 ], [ -63.6216, -25.5546 ], [ -63.6244, -25.5623 ], [ -63.6195, -25.581 ], [ -63.6072, -25.5937 ], [ -63.6094, -25.5988 ], [ -63.5961, -25.6213 ], [ -63.5921, -25.6392 ] ] } },
{ "type": "Feature", "properties": { "nombre": "Camino sin nombre", "longitud_km": 1.17 }, "geometry": { "type": "LineString", "coordinates": [ [ -66.2041, -25.5693 ], [ -66.2052, -25.5588 ] ] } },
{ "type": "Feature", "properties": { "nombre": "Camino sin nombre", "longitud_km": 1.2 }, "geometry": { "type": "LineString", "coordinates": [ [ -66.2041, -25.5693 ], [ -66.216, -25.5683 ] ] } },
{ "type": "Feature", "properties": { "nombre": "Camino sin nombre", "longitud_km": 6.81 }, "geometry": { "type": "LineString", "coordinates": [ [ -64.2246, -25.5914 ], [ -64.246, -25.6001 ], [ -64.2885, -25.5883 ] ] } },
{ "type": "Feature", "properties": { "nombre": "Camino sin nombre", "longitud_km": 1.63 }, "geometry": { "type": "LineString", "coordinates": [ [ -64.2857, -25.6028 ], [ -64.2885, -25.5883 ] ] } },
{ "type": "Feature", "properties": { "nombre": "Camino sin nombre", "longitud_km": 1.36 }, "geometry": { "type": "LineString", "coordinates": [ [ -64.9056, -25.5851 ], [ -64.9083, -25.5971 ] ] } },
{ "type": "Feature", "properties": { "nombre": "Camino sin nombre", "longitud_km": 2.79 }, "geometry": { "type": "LineString", "coordinates": [ [ -64.8618, -25.5926 ], [ -64.8422, -25.604 ], [ -64.8422, -25.6081 ] ] } },
{ "type": "Feature", "properties": { "nombre": "Camino sin nombre", "longitud_km": 2.03 }, "geometry": { "type": "LineString", "coordinates": [ [ -64.8422, -25.6081 ], [ -64.8225, -25.6124 ] ] } },
{ "type": "Feature", "properties": { "nombre": "Camino sin nombre", "longitud_km": 22.06 }, "geometry": { "type": "LineString", "coordinates": [ [ -63.9937, -25.6207 ], [ -64.0266, -25.609 ], [ -64.1394, -25.5895 ], [ -64.1657, -25.5939 ], [ -64.1795, -25.5873 ], [ -64.2066, -25.5874 ] ] } },
{ "type": "Feature", "properties": { "nombre": "Camino sin nombre", "longitud_km": 3.92 }, "geometry": { "type": "LineString", "coordinates": [ [ -64.9083, -25.5971 ], [ -64.8998, -25.6012 ], [ -64.9021, -25.612 ], [ -64.8848, -25.6127 ] ] } },
{ "type": "Feature", "properties": { "nombre": "Camino sin nombre", "longitud_km": 3.2 }, "geometry": { "type": "LineString", "coordinates": [ [ -64.8848, -25.6127 ], [ -64.8804, -25.5841 ] ] } },
{ "type": "Feature", "properties": { "nombre": "Camino sin nombre", "longitud_km": 1.23 }, "geometry": { "type": "LineString", "coordinates": [ [ -64.8473, -25.6144 ], [ -64.8465, -25.6074 ], [ -64.8422, -25.6081 ] ] } },
{ "type": "Feature", "properties": { "nombre": "Camino sin nombre", "longitud_km": 4.46 }, "geometry": { "type": "LineString", "coordinates": [ [ -64.9623, -25.601 ], [ -65.0048, -25.6128 ] ] } },
{ "type": "Feature", "properties": { "nombre": "Camino sin nombre", "longitud_km": 1.45 }, "geometry": { "type": "LineString", "coordinates": [ [ -64.8066, -25.6042 ], [ -64.8091, -25.617 ] ] } },
{ "type": "Feature", "properties": { "nombre": "Camino sin nombre", "longitud_km": 3.09 }, "geometry": { "type": "LineString", "coordinates": [ [ -66.1947, -25.5952 ], [ -66.2031, -25.582 ], [ -66.2041, -25.5693 ] ] } },
{ "type": "Feature", "properties": { "nombre": "Camino sin nombre", "longitud_km": 0.92 }, "geometry": { "type": "LineString", "coordinates": [ [ -64.8848, -25.6127 ], [ -64.8865, -25.6209 ] ] } },
{ "type": "Feature", "properties": { "nombre": "Camino sin nombre", "longitud_km": 0.93 }, "geometry": { "type": "LineString", "coordinates": [ [ -64.8091, -25.617 ], [ -64.8114, -25.6251 ] ] } },
{ "type": "Feature", "properties": { "nombre": "Camino sin nombre", "longitud_km": 2.12 }, "geometry": { "type": "LineString", "coordinates": [ [ -64.8225, -25.6124 ], [ -64.8231, -25.6195 ], [ -64.8114, -25.6251 ] ] } },
{ "type": "Feature", "properties": { "nombre": "Camino sin nombre", "longitud_km": 3.37 }, "geometry": { "type": "LineString", "coordinates": [ [ -64.9083, -25.5971 ], [ -64.9144, -25.627 ] ] } },
{ "type": "Feature", "properties": { "nombre": "Camino sin nombre", "longitud_km": 15.0 }, "geometry": { "type": "LineString", "coordinates": [ [ -63.9146, -25.5756 ], [ -63.9172, -25.5923 ], [ -63.9106, -25.6005 ], [ -63.9134, -25.6103 ], [ -63.9071, -25.6635 ], [ -63.8727, -25.6956 ] ] } },
{ "type": "Feature", "properties": { "nombre": "Camino sin nombre", "longitud_km": 0.59 }, "geometry": { "type": "LineString", "coordinates": [ [ -64.8114, -25.6251 ], [ -64.8123, -25.6304 ] ] } },
{ "type": "Feature", "properties": { "nombre": "Camino sin nombre", "longitud_km": 0.52 }, "geometry": { "type": "LineString", "coordinates": [ [ -64.8123, -25.6304 ], [ -64.8074, -25.6318 ] ] } },
{ "type": "Feature", "properties": { "nombre": "Camino sin nombre", "longitud_km": 19.49 }, "geometry": { "type": "LineString", "coordinates": [ [ -63.2995, -25.6489 ], [ -63.4226, -25.6491 ], [ -63.4668, -25.6995 ] ] } },
{ "type": "Feature", "properties": { "nombre": "Camino sin nombre", "longitud_km": 10.56 }, "geometry": { "type": "LineString", "coordinates": [ [ -63.7672, -25.6821 ], [ -63.7578, -25.6625 ], [ -63.7614, -25.6495 ], [ -63.773, -25.6353 ], [ -63.7697, -25.5926 ] ] } },
{ "type": "Feature", "properties": { "nombre": "Camino sin nombre", "longitud_km": 0.89 }, "geometry": { "type": "LineString", "coordinates": [ [ -64.8123, -25.6304 ], [ -64.8142, -25.6383 ] ] } },
{ "type": "Feature", "properties": { "nombre": "Camino sin nombre", "longitud_km": 6.49 }, "geometry": { "type": "LineString", "coordinates": [ [ -64.2246, -25.5914 ], [ -64.2464, -25.6466 ] ] } },
{ "type": "Feature", "properties": { "nombre": "Camino sin nombre", "longitud_km": 6.11 }, "geometry": { "type": "LineString", "coordinates": [ [ -64.8255, -25.6598 ], [ -64.8351, -25.7143 ] ] } },
{ "type": "Feature", "properties": { "nombre": "Camino sin nombre", "longitud_km": 20.86 }, "geometry": { "type": "LineString", "coordinates": [ [ -63.9949, -25.6486 ], [ -64.2026, -25.6478 ] ] } },
{ "type": "Feature", "properties": { "nombre": "Camino sin nombre", "longitud_km": 7.5 }, "geometry": { "type": "LineString", "coordinates": [ [ -64.9214, -25.6533 ], [ -64.945, -25.5892 ] ] } },
{ "type": "Feature", "properties": { "nombre": "Camino sin nombre", "longitud_km": 6.36 }, "geometry": { "type": "LineString", "coordinates": [ [ -65.004, -25.6498 ], [ -64.9979, -25.6547 ], [ -64.9786, -25.6493 ], [ -64.9522, -25.6284 ] ] } },
{ "type": "Feature", "properties": { "nombre": "Camino sin nombre", "longitud_km": 1.48 }, "geometry": { "type": "LineString", "coordinates": [ [ -64.6192, -25.6594 ], [ -64.6339, -25.66 ] ] } },
{ "type": "Feature", "properties": { "nombre": "Camino sin nombre", "longitud_km": 2.27 }, "geometry": { "type": "LineString", "coordinates": [ [ -64.9214, -25.6533 ], [ -64.9435, -25.6576 ] ] } },
{ "type": "Feature", "properties": { "nombre": "Camino sin nombre", "longitud_km": 8.91 }, "geometry": { "type": "LineString", "coordinates": [ [ -66.2125, -25.5875 ], [ -66.2249, -25.5962 ], [ -66.2396, -25.599 ], [ -66.256, -25.6263 ], [ -66.276, -25.6377 ] ] } },
{ "type": "Feature", "properties": { "nombre": "Camino sin nombre", "longitud_km": 0.53 }, "geometry": { "type": "LineString", "coordinates": [ [ -64.8447, -25.663 ], [ -64.8429, -25.6585 ] ] } },
{ "type": "Feature", "properties": { "nombre": "Camino sin nombre", "longitud_km": 1.1 }, "geometry": { "type": "LineString", "coordinates": [ [ -64.8447, -25.663 ], [ -64.8507, -25.6614 ], [ -64.8505, -25.6572 ] ] } },
{ "type": "Feature", "properties": { "nombre": "Camino sin nombre", "longitud_km": 3.5 }, "geometry": { "type": "LineString", "coordinates": [ [ -64.6192, -25.6594 ], [ -64.605, -25.6675 ], [ -64.5871, -25.6689 ] ] } },
{ "type": "Feature", "properties": { "nombre": "Camino sin nombre", "longitud_km": 7.22 }, "geometry": { "type": "LineString", "coordinates": [ [ -66.2445, -25.6457 ], [ -66.1855, -25.623 ], [ -66.1827, -25.6164 ] ] } },
{ "type": "Feature", "properties": { "nombre": "Camino sin nombre", "longitud_km": 11.91 }, "geometry": { "type": "LineString", "coordinates": [ [ -64.5271, -25.674 ], [ -64.525, -25.6613 ], [ -64.5393, -25.6495 ], [ -64.5603, -25.6429 ], [ -64.6008, -25.6486 ], [ -64.6192, -25.6594 ] ] } },
{ "type": "Feature", "properties": { "nombre": "Camino sin nombre", "longitud_km": 5.98 }, "geometry": { "type": "LineString", "coordinates": [ [ -64.9435, -25.6576 ], [ -65.0012, -25.6712 ] ] } },
{ "type": "Feature", "properties": { "nombre": "Camino sin nombre", "longitud_km": 6.34 }, "geometry": { "type": "LineString", "coordinates": [ [ -63.4935, -25.6879 ], [ -63.5566, -25.6859 ] ] } },
{ "type": "Feature", "properties": { "nombre": "Camino sin nombre", "longitud_km": 6.05 }, "geometry": { "type": "LineString", "coordinates": [ [ -63.5566, -25.6859 ], [ -63.5672, -25.6904 ], [ -63.5893, -25.6848 ], [ -63.6131, -25.6933 ] ] } },
{ "type": "Feature", "properties": { "nombre": "Camino sin nombre", "longitud_km": 7.1 }, "geometry": { "type": "LineString", "coordinates": [ [ -63.6131, -25.6933 ], [ -63.6207, -25.6729 ], [ -63.5921, -25.6392 ] ] } },
{ "type": "Feature", "properties": { "nombre": "Camino sin nombre", "longitud_km": 3.54 }, "geometry": { "type": "LineString", "coordinates": [ [ -64.7549, -25.695 ], [ -64.7466, -25.6639 ] ] } },
{ "type": "Feature", "properties": { "nombre": "Camino sin nombre", "longitud_km": 6.35 }, "geometry": { "type": "LineString", "coordinates": [ [ -64.2464, -25.6466 ], [ -64.2681, -25.7004 ] ] } },
{ "type": "Feature", "properties": { "nombre": "Camino sin nombre", "longitud_km": 12.77 }, "geometry": { "type": "LineString", "coordinates": [ [ -64.1616, -25.7331 ], [ -64.1967, -25.7278 ], [ -64.1976, -25.7094 ], [ -64.2681, -25.7004 ] ] } },
{ "type": "Feature", "properties": { "nombre": "Camino sin nombre", "longitud_km": 21.99 }, "geometry": { "type": "LineString", "coordinates": [ [ -64.7778, -25.6962 ], [ -64.7657, -25.6407 ], [ -64.7842, -25.639 ], [ -64.7939, -25.6428 ], [ -64.7707, -25.5293 ] ] } },
{ "type": "Feature", "properties": { "nombre": "Camino sin nombre", "longitud_km": 2.43 }, "geometry": { "type": "LineString", "coordinates": [ [ -63.4935, -25.6879 ], [ -63.4931, -25.7098 ] ] } },
{ "type": "Feature", "properties": { "nombre": "Camino sin nombre", "longitud_km": 8.37 }, "geometry": { "type": "LineString", "coordinates": [ [ -63.5566, -25.6859 ], [ -63.5535, -25.7022 ], [ -63.5145, -25.7495 ] ] } },
{ "type": "Feature", "properties": { "nombre": "Camino sin nombre", "longitud_km": 13.28 }, "geometry": { "type": "LineString", "coordinates": [ [ -64.3181, -25.6249 ], [ -64.3249, -25.6293 ], [ -64.3574, -25.6325 ], [ -64.3522, -25.643 ], [ -64.3659, -25.6607 ], [ -64.3678, -25.676 ], [ -64.3782, -25.68 ], [ -64.3832, -25.7034 ] ] } },
{ "type": "Feature", "properties": { "nombre": "Camino sin nombre", "longitud_km": 3.95 }, "geometry": { "type": "LineString", "coordinates": [ [ -64.3832, -25.7034 ], [ -64.3654, -25.6967 ], [ -64.3518, -25.6985 ], [ -64.3485, -25.6936 ] ] } },
{ "type": "Feature", "properties": { "nombre": "Camino sin nombre", "longitud_km": 1.59 }, "geometry": { "type": "LineString", "coordinates": [ [ -66.1623, -25.6639 ], [ -66.1697, -25.6766 ] ] } },
{ "type": "Feature", "properties": { "nombre": "Camino sin nombre", "longitud_km": 4.37 }, "geometry": { "type": "LineString", "coordinates": [ [ -64.7988, -25.7064 ], [ -64.7921, -25.6748 ], [ -64.7844, -25.6726 ] ] } },
{ "type": "Feature", "properties": { "nombre": "Camino sin nombre", "longitud_km": 15.78 }, "geometry": { "type": "LineString", "coordinates": [ [ -64.6282, -25.5873 ], [ -64.6483, -25.604 ], [ -64.6638, -25.6252 ], [ -64.6689, -25.6364 ], [ -64.6705, -25.6724 ], [ -64.6768, -25.6886 ], [ -64.6938, -25.7108 ] ] } },
{ "type": "Feature", "properties": { "nombre": "Camino sin nombre", "longitud_km": 5.95 }, "geometry": { "type": "LineString", "coordinates": [ [ -64.8544, -25.716 ], [ -64.8447, -25.663 ] ] } },
{ "type": "Feature", "properties": { "nombre": "Camino sin nombre", "longitud_km": 2.05 }, "geometry": { "type": "LineString", "coordinates": [ [ -65.489, -25.7059 ], [ -65.5094, -25.7051 ] ] } },
{ "type": "Feature", "properties": { "nombre": "Camino sin nombre", "longitud_km": 10.26 }, "geometry": { "type": "LineString", "coordinates": [ [ -65.5094, -25.7051 ], [ -65.5452, -25.7038 ], [ -65.5586, -25.7298 ], [ -65.5696, -25.7362 ], [ -65.5676, -25.7509 ], [ -65.5711, -25.7544 ] ] } },
{ "type": "Feature", "properties": { "nombre": "Camino sin nombre", "longitud_km": 7.67 }, "geometry": { "type": "LineString", "coordinates": [ [ -64.9023, -25.7193 ], [ -64.9006, -25.7079 ], [ -64.9214, -25.6533 ] ] } },
{ "type": "Feature", "properties": { "nombre": "Camino sin nombre", "longitud_km": 7.19 }, "geometry": { "type": "LineString", "coordinates": [ [ -65.0184, -25.7197 ], [ -65.0381, -25.7189 ], [ -65.0436, -25.7115 ], [ -65.048, -25.6931 ], [ -65.0463, -25.6739 ] ] } },
{ "type": "Feature", "properties": { "nombre": "Camino sin nombre", "longitud_km": 4.66 }, "geometry": { "type": "LineString", "coordinates": [ [ -64.414, -25.7333 ], [ -64.391, -25.7056 ], [ -64.3832, -25.7034 ] ] } },
{ "type": "Feature", "properties": { "nombre": "Camino sin nombre", "longitud_km": 0.24 }, "geometry": { "type": "LineString", "coordinates": [ [ -64.414, -25.7333 ], [ -64.4117, -25.734 ] ] } },
{ "type": "Feature", "properties": { "nombre": "Camino sin nombre", "longitud_km": 3.55 }, "geometry": { "type": "LineString", "coordinates": [ [ -65.4817, -25.723 ], [ -65.4984, -25.7175 ], [ -65.5094, -25.7051 ] ] } },
{ "type": "Feature", "properties": { "nombre": "Camino sin nombre", "longitud_km": 2.22 }, "geometry": { "type": "LineString", "coordinates": [ [ -64.9525, -25.7383 ], [ -64.9536, -25.7324 ], [ -64.9434, -25.7218 ] ] } },
{ "type": "Feature", "properties": { "nombre": "Camino sin nombre", "longitud_km": 1.93 }, "geometry": { "type": "LineString", "coordinates": [ [ -64.969, -25.7384 ], [ -64.9686, -25.7306 ], [ -64.9752, -25.7231 ] ] } },
{ "type": "Feature", "properties": { "nombre": "Camino sin nombre", "longitud_km": 3.49 }, "geometry": { "type": "LineString", "coordinates": [ [ -64.969, -25.7384 ], [ -64.9905, -25.7209 ], [ -64.9963, -25.7214 ] ] } },
{ "type": "Feature", "properties": { "nombre": "Camino sin nombre", "longitud_km": 1.65 }, "geometry": { "type": "LineString", "coordinates": [ [ -64.9525, -25.7383 ], [ -64.969, -25.7384 ] ] } },
{ "type": "Feature", "properties": { "nombre": "Camino sin nombre", "longitud_km": 5.83 }, "geometry": { "type": "LineString", "coordinates": [ [ -64.2681, -25.7004 ], [ -64.2882, -25.7498 ] ] } },
{ "type": "Feature", "properties": { "nombre": "Camino sin nombre", "longitud_km": 1.16 }, "geometry": { "type": "LineString", "coordinates": [ [ -64.9698, -25.7488 ], [ -64.969, -25.7384 ] ] } },
{ "type": "Feature", "properties": { "nombre": "Camino sin nombre", "longitud_km": 1.15 }, "geometry": { "type": "LineString", "coordinates": [ [ -64.9698, -25.7488 ], [ -64.9812, -25.7478 ] ] } },
{ "type": "Feature", "properties": { "nombre": "Camino sin nombre", "longitud_km": 15.81 }, "geometry": { "type": "LineString", "coordinates": [ [ -64.0066, -25.7591 ], [ -64.1616, -25.7331 ] ] } },
{ "type": "Feature", "properties": { "nombre": "Camino sin nombre", "longitud_km": 0.15 }, "geometry": { "type": "LineString", "coordinates": [ [ -64.9699, -25.7502 ], [ -64.9698, -25.7488 ] ] } },
{ "type": "Feature", "properties": { "nombre": "Camino sin nombre", "longitud_km": 1.61 }, "geometry": { "type": "LineString", "coordinates": [ [ -64.9492, -25.7525 ], [ -64.9525, -25.7383 ] ] } },
{ "type": "Feature", "properties": { "nombre": "Camino sin nombre", "longitud_km": 2.1 }, "geometry": { "type": "LineString", "coordinates": [ [ -64.9699, -25.7502 ], [ -64.9492, -25.7525 ] ] } },
{ "type": "Feature", "properties": { "nombre": "Camino sin nombre", "longitud_km": 0.27 }, "geometry": { "type": "LineString", "coordinates": [ [ -64.9482, -25.7548 ], [ -64.9492, -25.7525 ] ] } },
{ "type": "Feature", "properties": { "nombre": "Camino sin nombre", "longitud_km": 6.94 }, "geometry": { "type": "LineString", "coordinates": [ [ -65.4144, -25.723 ], [ -65.4239, -25.7415 ], [ -65.4329, -25.7488 ], [ -65.439, -25.7425 ], [ -65.4638, -25.738 ] ] } },
{ "type": "Feature", "properties": { "nombre": "Camino sin nombre", "longitud_km": 3.79 }, "geometry": { "type": "LineString", "coordinates": [ [ -64.8481, -25.7693 ], [ -64.8398, -25.8027 ] ] } },
{ "type": "Feature", "properties": { "nombre": "Camino sin nombre", "longitud_km": 3.49 }, "geometry": { "type": "LineString", "coordinates": [ [ -64.8282, -25.7593 ], [ -64.8246, -25.7486 ], [ -64.8182, -25.7464 ], [ -64.804, -25.752 ] ] } },
{ "type": "Feature", "properties": { "nombre": "Camino sin nombre", "longitud_km": 6.8 }, "geometry": { "type": "LineString", "coordinates": [ [ -64.9445, -25.7597 ], [ -64.9116, -25.747 ], [ -64.9023, -25.7193 ] ] } },
{ "type": "Feature", "properties": { "nombre": "Camino sin nombre", "longitud_km": 0.56 }, "geometry": { "type": "LineString", "coordinates": [ [ -64.9492, -25.7626 ], [ -64.9445, -25.7597 ] ] } },
{ "type": "Feature", "properties": { "nombre": "Camino sin nombre", "longitud_km": 1.78 }, "geometry": { "type": "LineString", "coordinates": [ [ -65.5711, -25.7544 ], [ -65.5888, -25.7537 ] ] } },
{ "type": "Feature", "properties": { "nombre": "Camino sin nombre", "longitud_km": 8.09 }, "geometry": { "type": "LineString", "coordinates": [ [ -64.5702, -25.7694 ], [ -64.5641, -25.7344 ], [ -64.5717, -25.7322 ], [ -64.5692, -25.722 ], [ -64.5558, -25.723 ], [ -64.5583, -25.7155 ] ] } },
{ "type": "Feature", "properties": { "nombre": "Camino sin nombre", "longitud_km": 11.85 }, "geometry": { "type": "LineString", "coordinates": [ [ -64.5, -25.7712 ], [ -64.495, -25.7424 ], [ -64.4903, -25.7387 ], [ -64.4501, -25.7317 ], [ -64.4448, -25.7273 ], [ -64.414, -25.7333 ] ] } },
{ "type": "Feature", "properties": { "nombre": "Camino sin nombre", "longitud_km": 8.65 }, "geometry": { "type": "LineString", "coordinates": [ [ -64.7429, -25.6937 ], [ -64.7558, -25.752 ], [ -64.7543, -25.7706 ] ] } },
{ "type": "Feature", "properties": { "nombre": "Camino sin nombre", "longitud_km": 0.54 }, "geometry": { "type": "LineString", "coordinates": [ [ -64.5721, -25.7739 ], [ -64.5702, -25.7694 ] ] } },
{ "type": "Feature", "properties": { "nombre": "Camino sin nombre", "longitud_km": 2.28 }, "geometry": { "type": "LineString", "coordinates": [ [ -64.5412, -25.7594 ], [ -64.5453, -25.7797 ] ] } },
{ "type": "Feature", "properties": { "nombre": "Camino sin nombre", "longitud_km": 3.98 }, "geometry": { "type": "LineString", "coordinates": [ [ -66.4049, -25.7485 ], [ -66.4043, -25.7225 ], [ -66.3973, -25.715 ] ] } },
{ "type": "Feature", "properties": { "nombre": "Camino sin nombre", "longitud_km": 2.25 }, "geometry": { "type": "LineString", "coordinates": [ [ -66.4049, -25.7485 ], [ -66.4189, -25.7327 ] ] } },
{ "type": "Feature", "properties": { "nombre": "Camino sin nombre", "longitud_km": 4.13 }, "geometry": { "type": "LineString", "coordinates": [ [ -66.3973, -25.715 ], [ -66.3867, -25.7296 ], [ -66.3913, -25.7489 ] ] } },
{ "type": "Feature", "properties": { "nombre": "Camino sin nombre", "longitud_km": 4.03 }, "geometry": { "type": "LineString", "coordinates": [ [ -64.804, -25.752 ], [ -64.776, -25.7781 ] ] } },
{ "type": "Feature", "properties": { "nombre": "Camino sin nombre", "longitud_km": 3.75 }, "geometry": { "type": "LineString", "coordinates": [ [ -64.6916, -25.7463 ], [ -64.6957, -25.7799 ] ] } },
{ "type": "Feature", "properties": { "nombre": "Camino sin nombre", "longitud_km": 3.52 }, "geometry": { "type": "LineString", "coordinates": [ [ -64.9781, -25.7768 ], [ -64.9736, -25.7737 ], [ -64.9777, -25.7581 ], [ -64.9699, -25.7502 ] ] } },
{ "type": "Feature", "properties": { "nombre": "Camino sin nombre", "longitud_km": 0.94 }, "geometry": { "type": "LineString", "coordinates": [ [ -64.8556, -25.7729 ], [ -64.853, -25.7811 ] ] } },
{ "type": "Feature", "properties": { "nombre": "Camino sin nombre", "longitud_km": 2.37 }, "geometry": { "type": "LineString", "coordinates": [ [ -65.5711, -25.7544 ], [ -65.585, -25.7717 ] ] } },
{ "type": "Feature", "properties": { "nombre": "Camino sin nombre", "longitud_km": 0.83 }, "geometry": { "type": "LineString", "coordinates": [ [ -66.3913, -25.7489 ], [ -66.3939, -25.756 ] ] } },
{ "type": "Feature", "properties": { "nombre": "Camino sin nombre", "longitud_km": 1.38 }, "geometry": { "type": "LineString", "coordinates": [ [ -66.3939, -25.756 ], [ -66.4049, -25.7485 ] ] } },
{ "type": "Feature", "properties": { "nombre": "Camino sin nombre", "longitud_km": 7.12 }, "geometry": { "type": "LineString", "coordinates": [ [ -64.4117, -25.734 ], [ -64.4166, -25.751 ], [ -64.4137, -25.7667 ], [ -64.4345, -25.791 ] ] } },
{ "type": "Feature", "properties": { "nombre": "Camino sin nombre", "longitud_km": 0.59 }, "geometry": { "type": "LineString", "coordinates": [ [ -64.4345, -25.791 ], [ -64.4403, -25.7903 ] ] } },
{ "type": "Feature", "properties": { "nombre": "Camino sin nombre", "longitud_km": 2.43 }, "geometry": { "type": "LineString", "coordinates": [ [ -64.5121, -25.7913 ], [ -64.5009, -25.7798 ], [ -64.5053, -25.7745 ] ] } },
{ "type": "Feature", "properties": { "nombre": "Camino sin nombre", "longitud_km": 5.07 }, "geometry": { "type": "LineString", "coordinates": [ [ -64.8846, -25.7871 ], [ -64.8867, -25.7733 ], [ -64.8929, -25.7678 ], [ -64.8866, -25.7604 ], [ -64.8999, -25.7525 ] ] } },
{ "type": "Feature", "properties": { "nombre": "Camino sin nombre", "longitud_km": 0.84 }, "geometry": { "type": "LineString", "coordinates": [ [ -66.3939, -25.756 ], [ -66.4006, -25.7606 ] ] } },
{ "type": "Feature", "properties": { "nombre": "Camino sin nombre", "longitud_km": 2.49 }, "geometry": { "type": "LineString", "coordinates": [ [ -66.404, -25.7625 ], [ -66.4111, -25.761 ], [ -66.4038, -25.7559 ], [ -66.4049, -25.7485 ] ] } },
{ "type": "Feature", "properties": { "nombre": "Camino sin nombre", "longitud_km": 1.19 }, "geometry": { "type": "LineString", "coordinates": [ [ -65.9781, -25.7708 ], [ -65.9731, -25.7611 ] ] } },
{ "type": "Feature", "properties": { "nombre": "Camino sin nombre", "longitud_km": 0.4 }, "geometry": { "type": "LineString", "coordinates": [ [ -66.4006, -25.7606 ], [ -66.404, -25.7625 ] ] } },
{ "type": "Feature", "properties": { "nombre": "Camino sin nombre", "longitud_km": 13.08 }, "geometry": { "type": "LineString", "coordinates": [ [ -66.2687, -25.7707 ], [ -66.2841, -25.7601 ], [ -66.3105, -25.7642 ], [ -66.3403, -25.7509 ], [ -66.3913, -25.7489 ] ] } },
{ "type": "Feature", "properties": { "nombre": "Camino sin nombre", "longitud_km": 9.25 }, "geometry": { "type": "LineString", "coordinates": [ [ -64.6031, -25.7715 ], [ -64.6027, -25.7803 ], [ -64.5959, -25.7849 ], [ -64.586, -25.8078 ], [ -64.5856, -25.8229 ], [ -64.5744, -25.8482 ] ] } },
{ "type": "Feature", "properties": { "nombre": "Camino sin nombre", "longitud_km": 2.34 }, "geometry": { "type": "LineString", "coordinates": [ [ -64.9199, -25.7922 ], [ -64.923, -25.7713 ] ] } },
{ "type": "Feature", "properties": { "nombre": "Camino sin nombre", "longitud_km": 7.39 }, "geometry": { "type": "LineString", "coordinates": [ [ -65.12, -25.7434 ], [ -65.0992, -25.7529 ], [ -65.0765, -25.7806 ], [ -65.0729, -25.7913 ] ] } },
{ "type": "Feature", "properties": { "nombre": "Camino sin nombre", "longitud_km": 16.9 }, "geometry": { "type": "LineString", "coordinates": [ [ -66.1697, -25.6766 ], [ -66.1936, -25.7063 ], [ -66.1982, -25.7219 ], [ -66.1948, -25.7298 ], [ -66.2162, -25.745 ], [ -66.2242, -25.7679 ], [ -66.2378, -25.7751 ], [ -66.2687, -25.7707 ] ] } },
{ "type": "Feature", "properties": { "nombre": "Camino sin nombre", "longitud_km": 9.27 }, "geometry": { "type": "LineString", "coordinates": [ [ -65.179, -25.758 ], [ -65.1536, -25.7733 ], [ -65.1356, -25.7648 ], [ -65.1217, -25.7762 ], [ -65.1139, -25.7957 ] ] } },
{ "type": "Feature", "properties": { "nombre": "Camino sin nombre", "longitud_km": 2.44 }, "geometry": { "type": "LineString", "coordinates": [ [ -65.1371, -25.7892 ], [ -65.1139, -25.7957 ] ] } },
{ "type": "Feature", "properties": { "nombre": "Camino sin nombre", "longitud_km": 1.51 }, "geometry": { "type": "LineString", "coordinates": [ [ -66.4006, -25.7606 ], [ -66.392, -25.7718 ] ] } },
{ "type": "Feature", "properties": { "nombre": "Camino sin nombre", "longitud_km": 1.58 }, "geometry": { "type": "LineString", "coordinates": [ [ -66.392, -25.7718 ], [ -66.404, -25.7625 ] ] } },
{ "type": "Feature", "properties": { "nombre": "Camino sin nombre", "longitud_km": 4.37 }, "geometry": { "type": "LineString", "coordinates": [ [ -65.1139, -25.7957 ], [ -65.0786, -25.7967 ], [ -65.0729, -25.7913 ] ] } },
{ "type": "Feature", "properties": { "nombre": "Camino sin nombre", "longitud_km": 10.64 }, "geometry": { "type": "LineString", "coordinates": [ [ -64.1778, -25.828 ], [ -64.1616, -25.7331 ] ] } },
{ "type": "Feature", "properties": { "nombre": "Camino sin nombre", "longitud_km": 3.44 }, "geometry": { "type": "LineString", "coordinates": [ [ -64.8695, -25.7799 ], [ -64.863, -25.7964 ], [ -64.8641, -25.81 ] ] } },
{ "type": "Feature", "properties": { "nombre": "Camino sin nombre", "longitud_km": 11.15 }, "geometry": { "type": "LineString", "coordinates": [ [ -65.0729, -25.7913 ], [ -65.059, -25.7852 ], [ -65.0472, -25.7892 ], [ -65.0392, -25.8014 ], [ -65.0144, -25.8012 ], [ -64.9801, -25.778 ] ] } },
{ "type": "Feature", "properties": { "nombre": "Camino sin nombre", "longitud_km": 1.53 }, "geometry": { "type": "LineString", "coordinates": [ [ -65.2222, -25.8032 ], [ -65.2158, -25.7907 ] ] } },
{ "type": "Feature", "properties": { "nombre": "Camino sin nombre", "longitud_km": 1.1 }, "geometry": { "type": "LineString", "coordinates": [ [ -65.2222, -25.8032 ], [ -65.2317, -25.7982 ] ] } },
{ "type": "Feature", "properties": { "nombre": "Camino sin nombre", "longitud_km": 2.32 }, "geometry": { "type": "LineString", "coordinates": [ [ -64.9739, -25.7934 ], [ -64.9595, -25.8097 ] ] } },
{ "type": "Feature", "properties": { "nombre": "Camino sin nombre", "longitud_km": 7.07 }, "geometry": { "type": "LineString", "coordinates": [ [ -64.658, -25.763 ], [ -64.6651, -25.8056 ], [ -64.6492, -25.8104 ], [ -64.6516, -25.8155 ] ] } },
{ "type": "Feature", "properties": { "nombre": "Camino sin nombre", "longitud_km": 0.81 }, "geometry": { "type": "LineString", "coordinates": [ [ -65.2222, -25.8032 ], [ -65.2186, -25.8098 ] ] } },
{ "type": "Feature", "properties": { "nombre": "Camino sin nombre", "longitud_km": 7.81 }, "geometry": { "type": "LineString", "coordinates": [ [ -64.7556, -25.7852 ], [ -64.758, -25.8005 ], [ -64.7688, -25.8162 ], [ -64.7711, -25.8319 ], [ -64.7665, -25.8521 ] ] } },
{ "type": "Feature", "properties": { "nombre": "Camino sin nombre", "longitud_km": 0.21 }, "geometry": { "type": "LineString", "coordinates": [ [ -65.2203, -25.811 ], [ -65.2186, -25.8098 ] ] } },
{ "type": "Feature", "properties": { "nombre": "Camino sin nombre", "longitud_km": 1.7 }, "geometry": { "type": "LineString", "coordinates": [ [ -64.7904, -25.8093 ], [ -64.7886, -25.8182 ], [ -64.7945, -25.8215 ] ] } },
{ "type": "Feature", "properties": { "nombre": "Camino sin nombre", "longitud_km": 7.18 }, "geometry": { "type": "LineString", "coordinates": [ [ -64.6516, -25.8155 ], [ -64.6817, -25.826 ], [ -64.6813, -25.8335 ], [ -64.6945, -25.8484 ], [ -64.6956, -25.8573 ] ] } },
{ "type": "Feature", "properties": { "nombre": "Camino sin nombre", "longitud_km": 1.94 }, "geometry": { "type": "LineString", "coordinates": [ [ -65.2362, -25.8155 ], [ -65.2355, -25.8117 ], [ -65.2203, -25.811 ] ] } },
{ "type": "Feature", "properties": { "nombre": "Camino sin nombre", "longitud_km": 4.15 }, "geometry": { "type": "LineString", "coordinates": [ [ -65.2186, -25.8098 ], [ -65.1994, -25.8143 ], [ -65.1956, -25.824 ], [ -65.1857, -25.8258 ] ] } },
{ "type": "Feature", "properties": { "nombre": "Camino sin nombre", "longitud_km": 4.5 }, "geometry": { "type": "LineString", "coordinates": [ [ -65.1857, -25.8258 ], [ -65.191, -25.8299 ], [ -65.2015, -25.827 ], [ -65.215, -25.8201 ], [ -65.2203, -25.811 ] ] } },
{ "type": "Feature", "properties": { "nombre": "Camino sin nombre", "longitud_km": 2.93 }, "geometry": { "type": "LineString", "coordinates": [ [ -65.078, -25.8098 ], [ -65.0879, -25.8346 ] ] } },
{ "type": "Feature", "properties": { "nombre": "Camino sin nombre", "longitud_km": 3.39 }, "geometry": { "type": "LineString", "coordinates": [ [ -64.6516, -25.8155 ], [ -64.6549, -25.8369 ], [ -64.6622, -25.843 ] ] } },
{ "type": "Feature", "properties": { "nombre": "Camino sin nombre", "longitud_km": 6.32 }, "geometry": { "type": "LineString", "coordinates": [ [ -64.4403, -25.7903 ], [ -64.4496, -25.8199 ], [ -64.4454, -25.8458 ] ] } },
{ "type": "Feature", "properties": { "nombre": "Camino sin nombre", "longitud_km": 2.94 }, "geometry": { "type": "LineString", "coordinates": [ [ -65.0676, -25.8133 ], [ -65.0774, -25.8383 ] ] } },
{ "type": "Feature", "properties": { "nombre": "Camino sin nombre", "longitud_km": 1.13 }, "geometry": { "type": "LineString", "coordinates": [ [ -65.0879, -25.8346 ], [ -65.0774, -25.8383 ] ] } },
{ "type": "Feature", "properties": { "nombre": "Camino sin nombre", "longitud_km": 7.49 }, "geometry": { "type": "LineString", "coordinates": [ [ -64.5453, -25.7797 ], [ -64.5588, -25.8461 ] ] } },
{ "type": "Feature", "properties": { "nombre": "Camino sin nombre", "longitud_km": 6.87 }, "geometry": { "type": "LineString", "coordinates": [ [ -64.7945, -25.8215 ], [ -64.8208, -25.8374 ], [ -64.8322, -25.8409 ], [ -64.8366, -25.8368 ], [ -64.8522, -25.8458 ] ] } },
{ "type": "Feature", "properties": { "nombre": "Camino sin nombre", "longitud_km": 1.57 }, "geometry": { "type": "LineString", "coordinates": [ [ -65.0879, -25.8346 ], [ -65.0901, -25.8417 ], [ -65.0972, -25.844 ] ] } },
{ "type": "Feature", "properties": { "nombre": "Camino sin nombre", "longitud_km": 1.29 }, "geometry": { "type": "LineString", "coordinates": [ [ -64.5744, -25.8482 ], [ -64.562, -25.8513 ] ] } },
{ "type": "Feature", "properties": { "nombre": "Camino sin nombre", "longitud_km": 8.19 }, "geometry": { "type": "LineString", "coordinates": [ [ -65.0972, -25.844 ], [ -65.1114, -25.839 ], [ -65.133, -25.8463 ], [ -65.1531, -25.8417 ], [ -65.1535, -25.8455 ], [ -65.1711, -25.8503 ] ] } },
{ "type": "Feature", "properties": { "nombre": "Camino sin nombre", "longitud_km": 7.03 }, "geometry": { "type": "LineString", "coordinates": [ [ -64.6622, -25.843 ], [ -64.6505, -25.8528 ], [ -64.6397, -25.8462 ], [ -64.6223, -25.8462 ], [ -64.6019, -25.8349 ] ] } },
{ "type": "Feature", "properties": { "nombre": "Camino sin nombre", "longitud_km": 1.32 }, "geometry": { "type": "LineString", "coordinates": [ [ -64.7419, -25.8528 ], [ -64.7349, -25.8427 ] ] } },
{ "type": "Feature", "properties": { "nombre": "Camino sin nombre", "longitud_km": 2.7 }, "geometry": { "type": "LineString", "coordinates": [ [ -64.7665, -25.8521 ], [ -64.7586, -25.8477 ], [ -64.7419, -25.8528 ] ] } },
{ "type": "Feature", "properties": { "nombre": "Camino sin nombre", "longitud_km": 5.44 }, "geometry": { "type": "LineString", "coordinates": [ [ -64.8191, -25.8521 ], [ -64.8057, -25.8524 ], [ -64.7894, -25.8348 ], [ -64.7945, -25.8215 ] ] } },
{ "type": "Feature", "properties": { "nombre": "Camino sin nombre", "longitud_km": 1.71 }, "geometry": { "type": "LineString", "coordinates": [ [ -64.836, -25.8535 ], [ -64.8191, -25.8521 ] ] } },
{ "type": "Feature", "properties": { "nombre": "Camino sin nombre", "longitud_km": 1.52 }, "geometry": { "type": "LineString", "coordinates": [ [ -65.0774, -25.8383 ], [ -65.0831, -25.851 ] ] } },
{ "type": "Feature", "properties": { "nombre": "Camino sin nombre", "longitud_km": 1.75 }, "geometry": { "type": "LineString", "coordinates": [ [ -65.0831, -25.851 ], [ -65.0887, -25.8448 ], [ -65.0972, -25.844 ] ] } },
{ "type": "Feature", "properties": { "nombre": "Camino sin nombre", "longitud_km": 4.42 }, "geometry": { "type": "LineString", "coordinates": [ [ -65.1857, -25.8258 ], [ -65.1803, -25.826 ], [ -65.185, -25.8326 ], [ -65.1815, -25.85 ], [ -65.1711, -25.8503 ] ] } },
{ "type": "Feature", "properties": { "nombre": "Camino sin nombre", "longitud_km": 3.93 }, "geometry": { "type": "LineString", "coordinates": [ [ -64.6622, -25.843 ], [ -64.6859, -25.8587 ], [ -64.6956, -25.8573 ] ] } },
{ "type": "Feature", "properties": { "nombre": "Camino sin nombre", "longitud_km": 2.94 }, "geometry": { "type": "LineString", "coordinates": [ [ -64.5805, -25.8618 ], [ -64.5865, -25.8558 ], [ -64.5832, -25.846 ], [ -64.5744, -25.8482 ] ] } },
{ "type": "Feature", "properties": { "nombre": "Camino sin nombre", "longitud_km": 14.05 }, "geometry": { "type": "LineString", "coordinates": [ [ -64.3476, -25.8642 ], [ -64.3547, -25.8212 ], [ -64.368, -25.8078 ], [ -64.3905, -25.7976 ], [ -64.4136, -25.7984 ], [ -64.4203, -25.7921 ], [ -64.4345, -25.791 ] ] } },
{ "type": "Feature", "properties": { "nombre": "Camino sin nombre", "longitud_km": 2.18 }, "geometry": { "type": "LineString", "coordinates": [ [ -64.5744, -25.8482 ], [ -64.5727, -25.8592 ], [ -64.5648, -25.8641 ] ] } },
{ "type": "Feature", "properties": { "nombre": "Camino sin nombre", "longitud_km": 0.34 }, "geometry": { "type": "LineString", "coordinates": [ [ -64.563, -25.8657 ], [ -64.5605, -25.8678 ] ] } },
{ "type": "Feature", "properties": { "nombre": "Camino sin nombre", "longitud_km": 11.36 }, "geometry": { "type": "LineString", "coordinates": [ [ -64.5134, -25.8194 ], [ -64.5078, -25.8213 ], [ -64.5034, -25.8369 ], [ -64.5034, -25.8648 ], [ -64.5246, -25.8718 ], [ -64.5605, -25.8678 ] ] } },
{ "type": "Feature", "properties": { "nombre": "Camino sin nombre", "longitud_km": 1.7 }, "geometry": { "type": "LineString", "coordinates": [ [ -64.8233, -25.867 ], [ -64.8191, -25.8521 ] ] } },
{ "type": "Feature", "properties": { "nombre": "Camino sin nombre", "longitud_km": 1.65 }, "geometry": { "type": "LineString", "coordinates": [ [ -64.5668, -25.8701 ], [ -64.5805, -25.8618 ] ] } },
{ "type": "Feature", "properties": { "nombre": "Camino sin nombre", "longitud_km": 0.97 }, "geometry": { "type": "LineString", "coordinates": [ [ -64.3469, -25.8729 ], [ -64.3476, -25.8642 ] ] } },
{ "type": "Feature", "properties": { "nombre": "Camino sin nombre", "longitud_km": 0.61 }, "geometry": { "type": "LineString", "coordinates": [ [ -64.3469, -25.8729 ], [ -64.341, -25.8742 ] ] } },
{ "type": "Feature", "properties": { "nombre": "Camino sin nombre", "longitud_km": 5.27 }, "geometry": { "type": "LineString", "coordinates": [ [ -64.8129, -25.8701 ], [ -64.8098, -25.8642 ], [ -64.7665, -25.8521 ] ] } },
{ "type": "Feature", "properties": { "nombre": "Camino sin nombre", "longitud_km": 5.02 }, "geometry": { "type": "LineString", "coordinates": [ [ -64.6956, -25.8573 ], [ -64.7298, -25.863 ], [ -64.7418, -25.8715 ] ] } },
{ "type": "Feature", "properties": { "nombre": "Camino sin nombre", "longitud_km": 2.07 }, "geometry": { "type": "LineString", "coordinates": [ [ -64.7419, -25.8528 ], [ -64.7418, -25.8715 ] ] } },
{ "type": "Feature", "properties": { "nombre": "Camino sin nombre", "longitud_km": 4.14 }, "geometry": { "type": "LineString", "coordinates": [ [ -64.7418, -25.8715 ], [ -64.7452, -25.8792 ], [ -64.7729, -25.894 ] ] } },
{ "type": "Feature", "properties": { "nombre": "Camino sin nombre", "longitud_km": 9.29 }, "geometry": { "type": "LineString", "coordinates": [ [ -66.392, -25.7718 ], [ -66.3516, -25.8473 ] ] } },
{ "type": "Feature", "properties": { "nombre": "Camino sin nombre", "longitud_km": 4.31 }, "geometry": { "type": "LineString", "coordinates": [ [ -65.1711, -25.8503 ], [ -65.1735, -25.8593 ], [ -65.1682, -25.8683 ], [ -65.1555, -25.8748 ], [ -65.1575, -25.8807 ] ] } },
{ "type": "Feature", "properties": { "nombre": "Camino sin nombre", "longitud_km": 1.32 }, "geometry": { "type": "LineString", "coordinates": [ [ -65.2154, -25.8761 ], [ -65.2231, -25.8664 ] ] } },
{ "type": "Feature", "properties": { "nombre": "Camino sin nombre", "longitud_km": 5.94 }, "geometry": { "type": "LineString", "coordinates": [ [ -65.1575, -25.8807 ], [ -65.173, -25.8814 ], [ -65.2009, -25.8739 ], [ -65.2154, -25.8761 ] ] } },
{ "type": "Feature", "properties": { "nombre": "Camino sin nombre", "longitud_km": 13.37 }, "geometry": { "type": "LineString", "coordinates": [ [ -64.9181, -25.8325 ], [ -64.9065, -25.8421 ], [ -64.8932, -25.8398 ], [ -64.8682, -25.865 ], [ -64.8584, -25.8864 ], [ -64.8233, -25.867 ] ] } },
{ "type": "Feature", "properties": { "nombre": "Camino sin nombre", "longitud_km": 9.89 }, "geometry": { "type": "LineString", "coordinates": [ [ -64.3476, -25.8642 ], [ -64.3825, -25.8752 ], [ -64.3929, -25.8707 ], [ -64.4053, -25.8744 ], [ -64.4302, -25.8845 ], [ -64.4343, -25.8927 ] ] } },
{ "type": "Feature", "properties": { "nombre": "Camino sin nombre", "longitud_km": 3.62 }, "geometry": { "type": "LineString", "coordinates": [ [ -64.3401, -25.8969 ], [ -64.3517, -25.8932 ], [ -64.3517, -25.8798 ], [ -64.3469, -25.8729 ] ] } },
{ "type": "Feature", "properties": { "nombre": "Camino sin nombre", "longitud_km": 6.02 }, "geometry": { "type": "LineString", "coordinates": [ [ -65.0831, -25.851 ], [ -65.0913, -25.8773 ], [ -65.0824, -25.8801 ], [ -65.0775, -25.8882 ], [ -65.0674, -25.8897 ] ] } },
{ "type": "Feature", "properties": { "nombre": "Camino sin nombre", "longitud_km": 1.11 }, "geometry": { "type": "LineString", "coordinates": [ [ -65.9432, -25.8865 ], [ -65.9471, -25.8959 ] ] } },
{ "type": "Feature", "properties": { "nombre": "Camino sin nombre", "longitud_km": 2.11 }, "geometry": { "type": "LineString", "coordinates": [ [ -65.0674, -25.8897 ], [ -65.0485, -25.8981 ] ] } },
{ "type": "Feature", "properties": { "nombre": "Camino sin nombre", "longitud_km": 12.32 }, "geometry": { "type": "LineString", "coordinates": [ [ -66.0869, -25.8941 ], [ -66.0577, -25.8694 ], [ -66.0422, -25.8624 ], [ -66.0238, -25.8631 ], [ -65.9831, -25.8847 ] ] } },
{ "type": "Feature", "properties": { "nombre": "Camino sin nombre", "longitud_km": 8.21 }, "geometry": { "type": "LineString", "coordinates": [ [ -64.6284, -25.9083 ], [ -64.6233, -25.9067 ], [ -64.6229, -25.8866 ], [ -64.6045, -25.8651 ], [ -64.5805, -25.8618 ] ] } },
{ "type": "Feature", "properties": { "nombre": "Camino sin nombre", "longitud_km": 2.55 }, "geometry": { "type": "LineString", "coordinates": [ [ -64.7687, -25.8961 ], [ -64.7496, -25.9113 ] ] } },
{ "type": "Feature", "properties": { "nombre": "Camino sin nombre", "longitud_km": 3.82 }, "geometry": { "type": "LineString", "coordinates": [ [ -65.9831, -25.8847 ], [ -65.9471, -25.8959 ] ] } },
{ "type": "Feature", "properties": { "nombre": "Camino sin nombre", "longitud_km": 1.1 }, "geometry": { "type": "LineString", "coordinates": [ [ -66.0869, -25.8941 ], [ -66.0974, -25.8912 ] ] } },
{ "type": "Feature", "properties": { "nombre": "Camino sin nombre", "longitud_km": 1.81 }, "geometry": { "type": "LineString", "coordinates": [ [ -65.9471, -25.8959 ], [ -65.9292, -25.8981 ] ] } },
{ "type": "Feature", "properties": { "nombre": "Camino sin nombre", "longitud_km": 3.06 }, "geometry": { "type": "LineString", "coordinates": [ [ -64.5076, -25.9137 ], [ -64.5374, -25.9198 ] ] } },
{ "type": "Feature", "properties": { "nombre": "Camino sin nombre", "longitud_km": 6.92 }, "geometry": { "type": "LineString", "coordinates": [ [ -64.5605, -25.8678 ], [ -64.557, -25.8713 ], [ -64.56, -25.8879 ], [ -64.5445, -25.9011 ], [ -64.5464, -25.9099 ], [ -64.5374, -25.9198 ] ] } },
{ "type": "Feature", "properties": { "nombre": "Camino sin nombre", "longitud_km": 8.42 }, "geometry": { "type": "LineString", "coordinates": [ [ -64.5374, -25.9198 ], [ -64.6209, -25.9115 ] ] } },
{ "type": "Feature", "properties": { "nombre": "Camino sin nombre", "longitud_km": 11.58 }, "geometry": { "type": "LineString", "coordinates": [ [ -65.9534, -25.8303 ], [ -65.9467, -25.8231 ], [ -65.9157, -25.8553 ], [ -65.9062, -25.8707 ], [ -65.8991, -25.9049 ] ] } },
{ "type": "Feature", "properties": { "nombre": "Camino sin nombre", "longitud_km": 1.22 }, "geometry": { "type": "LineString", "coordinates": [ [ -66.0869, -25.8941 ], [ -66.0928, -25.9037 ] ] } },
{ "type": "Feature", "properties": { "nombre": "Camino sin nombre", "longitud_km": 1.47 }, "geometry": { "type": "LineString", "coordinates": [ [ -65.9292, -25.8981 ], [ -65.9381, -25.9086 ] ] } },
{ "type": "Feature", "properties": { "nombre": "Camino sin nombre", "longitud_km": 2.61 }, "geometry": { "type": "LineString", "coordinates": [ [ -64.5, -25.9369 ], [ -64.4881, -25.932 ], [ -64.4753, -25.9342 ] ] } },
{ "type": "Feature", "properties": { "nombre": "Camino sin nombre", "longitud_km": 3.38 }, "geometry": { "type": "LineString", "coordinates": [ [ -65.0908, -25.9117 ], [ -65.0655, -25.9319 ] ] } },
{ "type": "Feature", "properties": { "nombre": "Camino sin nombre", "longitud_km": 5.18 }, "geometry": { "type": "LineString", "coordinates": [ [ -65.9831, -25.8847 ], [ -65.9644, -25.9097 ], [ -65.9485, -25.918 ] ] } },
{ "type": "Feature", "properties": { "nombre": "Camino sin nombre", "longitud_km": 1.46 }, "geometry": { "type": "LineString", "coordinates": [ [ -64.7182, -25.9465 ], [ -64.7052, -25.9407 ] ] } },
{ "type": "Feature", "properties": { "nombre": "Camino sin nombre", "longitud_km": 7.86 }, "geometry": { "type": "LineString", "coordinates": [ [ -65.0485, -25.8981 ], [ -65.0213, -25.9142 ], [ -65.016, -25.9249 ], [ -64.9923, -25.9457 ] ] } },
{ "type": "Feature", "properties": { "nombre": "Camino sin nombre", "longitud_km": 4.2 }, "geometry": { "type": "LineString", "coordinates": [ [ -65.0709, -25.9454 ], [ -65.0997, -25.9179 ] ] } },
{ "type": "Feature", "properties": { "nombre": "Camino sin nombre", "longitud_km": 2.37 }, "geometry": { "type": "LineString", "coordinates": [ [ -65.7169, -25.9306 ], [ -65.708, -25.9284 ], [ -65.6991, -25.9386 ] ] } },
{ "type": "Feature", "properties": { "nombre": "Camino sin nombre", "longitud_km": 2.47 }, "geometry": { "type": "LineString", "coordinates": [ [ -65.0655, -25.9319 ], [ -65.0607, -25.9406 ], [ -65.0615, -25.9531 ] ] } },
{ "type": "Feature", "properties": { "nombre": "Camino sin nombre", "longitud_km": 1.27 }, "geometry": { "type": "LineString", "coordinates": [ [ -65.0615, -25.9531 ], [ -65.0709, -25.9454 ] ] } },
{ "type": "Feature", "properties": { "nombre": "Camino sin nombre", "longitud_km": 4.38 }, "geometry": { "type": "LineString", "coordinates": [ [ -64.624, -25.9384 ], [ -64.6046, -25.9407 ], [ -64.6015, -25.9623 ] ] } },
{ "type": "Feature", "properties": { "nombre": "Camino sin nombre", "longitud_km": 2.83 }, "geometry": { "type": "LineString", "coordinates": [ [ -64.6263, -25.9519 ], [ -64.6152, -25.9601 ], [ -64.6015, -25.9623 ] ] } },
{ "type": "Feature", "properties": { "nombre": "Camino sin nombre", "longitud_km": 9.36 }, "geometry": { "type": "LineString", "coordinates": [ [ -64.764, -25.9024 ], [ -64.7805, -25.9101 ], [ -64.7903, -25.9252 ], [ -64.8283, -25.9618 ] ] } },
{ "type": "Feature", "properties": { "nombre": "Camino sin nombre", "longitud_km": 4.04 }, "geometry": { "type": "LineString", "coordinates": [ [ -64.6015, -25.9623 ], [ -64.569, -25.984 ] ] } },
{ "type": "Feature", "properties": { "nombre": "Camino sin nombre", "longitud_km": 5.07 }, "geometry": { "type": "LineString", "coordinates": [ [ -65.1108, -25.9293 ], [ -65.0921, -25.9718 ] ] } },
{ "type": "Feature", "properties": { "nombre": "Camino sin nombre", "longitud_km": 2.66 }, "geometry": { "type": "LineString", "coordinates": [ [ -65.0921, -25.9718 ], [ -65.1181, -25.9668 ] ] } },
{ "type": "Feature", "properties": { "nombre": "Camino sin nombre", "longitud_km": 5.56 }, "geometry": { "type": "LineString", "coordinates": [ [ -64.6915, -25.9668 ], [ -64.6702, -25.9648 ], [ -64.6611, -25.9774 ], [ -64.6437, -25.9769 ] ] } },
{ "type": "Feature", "properties": { "nombre": "Camino sin nombre", "longitud_km": 8.14 }, "geometry": { "type": "LineString", "coordinates": [ [ -64.9664, -25.9099 ], [ -64.9413, -25.9631 ], [ -64.9338, -25.97 ], [ -64.9352, -25.9759 ] ] } },
{ "type": "Feature", "properties": { "nombre": "Camino sin nombre", "longitud_km": 0.54 }, "geometry": { "type": "LineString", "coordinates": [ [ -65.0921, -25.9718 ], [ -65.0906, -25.9765 ] ] } },
{ "type": "Feature", "properties": { "nombre": "Camino sin nombre", "longitud_km": 8.76 }, "geometry": { "type": "LineString", "coordinates": [ [ -64.7182, -25.9465 ], [ -64.7266, -25.9494 ], [ -64.7293, -25.9574 ], [ -64.7484, -25.9712 ], [ -64.7844, -25.9791 ], [ -64.7882, -25.9852 ] ] } },
{ "type": "Feature", "properties": { "nombre": "Camino sin nombre", "longitud_km": 2.05 }, "geometry": { "type": "LineString", "coordinates": [ [ -65.1518, -25.9989 ], [ -65.1664, -25.9859 ] ] } },
{ "type": "Feature", "properties": { "nombre": "Camino sin nombre", "longitud_km": 2.6 }, "geometry": { "type": "LineString", "coordinates": [ [ -65.0906, -25.9765 ], [ -65.0896, -26.0 ] ] } },
{ "type": "Feature", "properties": { "nombre": "Camino sin nombre", "longitud_km": 7.33 }, "geometry": { "type": "LineString", "coordinates": [ [ -64.714, -25.9471 ], [ -64.7254, -25.9776 ], [ -64.7199, -25.9846 ], [ -64.7053, -25.9889 ], [ -64.7084, -26.0 ] ] } },
{ "type": "Feature", "properties": { "nombre": "Camino sin nombre", "longitud_km": 0.81 }, "geometry": { "type": "LineString", "coordinates": [ [ -64.4089, -26.0044 ], [ -64.4024, -26.0 ] ] } },
{ "type": "Feature", "properties": { "nombre": "Camino sin nombre", "longitud_km": 0.74 }, "geometry": { "type": "LineString", "coordinates": [ [ -64.4155, -26.0013 ], [ -64.4089, -26.0044 ] ] } },
{ "type": "Feature", "properties": { "nombre": "Camino sin nombre", "longitud_km": 14.73 }, "geometry": { "type": "LineString", "coordinates": [ [ -65.0615, -25.9531 ], [ -65.0615, -25.9582 ], [ -65.0394, -25.9785 ], [ -65.0356, -25.9878 ], [ -64.9994, -25.9975 ], [ -64.9957, -25.982 ], [ -65.0003, -25.9535 ], [ -64.9923, -25.9457 ] ] } },
{ "type": "Feature", "properties": { "nombre": "Camino sin nombre", "longitud_km": 6.08 }, "geometry": { "type": "LineString", "coordinates": [ [ -66.0239, -25.9972 ], [ -66.0185, -25.9898 ], [ -65.9689, -25.9797 ] ] } },
{ "type": "Feature", "properties": { "nombre": "Camino sin nombre", "longitud_km": 6.77 }, "geometry": { "type": "LineString", "coordinates": [ [ -65.845, -25.9734 ], [ -65.805, -25.9903 ], [ -65.7816, -25.9923 ] ] } },
{ "type": "Feature", "properties": { "nombre": "Camino sin nombre", "longitud_km": 23.96 }, "geometry": { "type": "LineString", "coordinates": [ [ -65.2154, -25.8761 ], [ -65.2275, -25.8867 ], [ -65.2355, -25.9231 ], [ -65.2482, -25.9265 ], [ -65.2536, -25.9402 ], [ -65.2678, -25.9382 ], [ -65.2887, -25.9475 ], [ -65.2993, -25.9563 ], [ -65.3093, -25.9823 ], [ -65.3166, -25.9883 ], [ -65.3246, -25.9882 ], [ -65.3376, -25.9776 ], [ -65.3609, -26.0 ] ] } },
{ "type": "Feature", "properties": { "nombre": "Camino sin nombre", "longitud_km": 0.69 }, "geometry": { "type": "LineString", "coordinates": [ [ -66.0239, -25.9972 ], [ -66.0173, -25.9955 ] ] } },
{ "type": "Feature", "properties": { "nombre": "Camino sin nombre", "longitud_km": 0.63 }, "geometry": { "type": "LineString", "coordinates": [ [ -66.0295, -26.0 ], [ -66.0239, -25.9972 ] ] } },
{ "type": "Feature", "properties": { "nombre": "Camino sin nombre", "longitud_km": 10.08 }, "geometry": { "type": "LineString", "coordinates": [ [ -64.5, -26.128 ], [ -64.4607, -26.1306 ], [ -64.4435, -26.1395 ], [ -64.4388, -26.1532 ], [ -64.4313, -26.1582 ], [ -64.4151, -26.1588 ] ] } },
{ "type": "Feature", "properties": { "nombre": "Camino sin nombre", "longitud_km": 0.22 }, "geometry": { "type": "LineString", "coordinates": [ [ -65.8297, -26.0008 ], [ -65.8317, -26.0 ] ] } },
{ "type": "Feature", "properties": { "nombre": "Camino sin nombre", "longitud_km": 0.11 }, "geometry": { "type": "LineString", "coordinates": [ [ -65.9806, -26.0593 ], [ -65.9805, -26.0583 ] ] } },
{ "type": "Feature", "properties": { "nombre": "Camino sin nombre", "longitud_km": 0.18 }, "geometry": { "type": "LineString", "coordinates": [ [ -66.013, -26.0418 ], [ -66.0136, -26.0433 ] ] } },
{ "type": "Feature", "properties": { "nombre": "Camino sin nombre", "longitud_km": 0.29 }, "geometry": { "type": "LineString", "coordinates": [ [ -66.0029, -26.0767 ], [ -66.0, -26.0767 ] ] } },
{ "type": "Feature", "properties": { "nombre": "Camino sin nombre", "longitud_km": 0.12 }, "geometry": { "type": "LineString", "coordinates": [ [ -66.0083, -26.0882 ], [ -66.0083, -26.0871 ] ] } },
{ "type": "Feature", "properties": { "nombre": "Camino sin nombre", "longitud_km": 0.03 }, "geometry": { "type": "LineString", "coordinates": [ [ -66.0169, -26.0425 ], [ -66.0172, -26.0425 ] ] } },
{ "type": "Feature", "properties": { "nombre": "Camino sin nombre", "longitud_km": 0.6 }, "geometry": { "type": "LineString", "coordinates": [ [ -66.0205, -26.037 ], [ -66.0145, -26.0378 ] ] } },
{ "type": "Feature", "properties": { "nombre": "Camino sin nombre", "longitud_km": 0.7 }, "geometry": { "type": "LineString", "coordinates": [ [ -66.0172, -26.0425 ], [ -66.0242, -26.0415 ] ] } },
{ "type": "Feature", "properties": { "nombre": "Camino sin nombre", "longitud_km": 0.47 }, "geometry": { "type": "LineString", "coordinates": [ [ -66.0145, -26.0378 ], [ -66.013, -26.0418 ] ] } },
{ "type": "Feature", "properties": { "nombre": "Camino sin nombre", "longitud_km": 2.73 }, "geometry": { "type": "LineString", "coordinates": [ [ -66.0236, -26.054 ], [ -66.0198, -26.0566 ], [ -66.0412, -26.063 ] ] } },
{ "type": "Feature", "properties": { "nombre": "Camino sin nombre", "longitud_km": 0.22 }, "geometry": { "type": "LineString", "coordinates": [ [ -66.0055, -26.0832 ], [ -66.0077, -26.0836 ] ] } },
{ "type": "Feature", "properties": { "nombre": "Camino sin nombre", "longitud_km": 0.2 }, "geometry": { "type": "LineString", "coordinates": [ [ -66.0089, -26.087 ], [ -66.0109, -26.0873 ] ] } },
{ "type": "Feature", "properties": { "nombre": "Camino sin nombre", "longitud_km": 0.64 }, "geometry": { "type": "LineString", "coordinates": [ [ -66.0083, -26.0871 ], [ -66.0041, -26.0827 ] ] } },
{ "type": "Feature", "properties": { "nombre": "Camino sin nombre", "longitud_km": 0.18 }, "geometry": { "type": "LineString", "coordinates": [ [ -66.0089, -26.087 ], [ -66.01, -26.0857 ] ] } },
{ "type": "Feature", "properties": { "nombre": "Camino sin nombre", "longitud_km": 0.35 }, "geometry": { "type": "LineString", "coordinates": [ [ -66.0089, -26.0901 ], [ -66.0123, -26.0893 ] ] } },
{ "type": "Feature", "properties": { "nombre": "Camino sin nombre", "longitud_km": 0.03 }, "geometry": { "type": "LineString", "coordinates": [ [ -66.0089, -26.0901 ], [ -66.0089, -26.0904 ] ] } },
{ "type": "Feature", "properties": { "nombre": "Camino sin nombre", "longitud_km": 0.28 }, "geometry": { "type": "LineString", "coordinates": [ [ -66.0089, -26.0904 ], [ -66.0106, -26.0924 ] ] } },
{ "type": "Feature", "properties": { "nombre": "Camino sin nombre", "longitud_km": 0.21 }, "geometry": { "type": "LineString", "coordinates": [ [ -66.0106, -26.0924 ], [ -66.0124, -26.0933 ] ] } },
{ "type": "Feature", "properties": { "nombre": "Camino sin nombre", "longitud_km": 0.26 }, "geometry": { "type": "LineString", "coordinates": [ [ -66.0084, -26.0556 ], [ -66.011, -26.0556 ] ] } },
{ "type": "Feature", "properties": { "nombre": "Camino sin nombre", "longitud_km": 0.22 }, "geometry": { "type": "LineString", "coordinates": [ [ -66.0033, -26.0786 ], [ -66.0029, -26.0767 ] ] } },
{ "type": "Feature", "properties": { "nombre": "Camino sin nombre", "longitud_km": 0.15 }, "geometry": { "type": "LineString", "coordinates": [ [ -66.0041, -26.0827 ], [ -66.0055, -26.0832 ] ] } },
{ "type": "Feature", "properties": { "nombre": "Camino sin nombre", "longitud_km": 0.46 }, "geometry": { "type": "LineString", "coordinates": [ [ -66.0041, -26.0827 ], [ -66.0033, -26.0786 ] ] } },
{ "type": "Feature", "properties": { "nombre": "Camino sin nombre", "longitud_km": 0.18 }, "geometry": { "type": "LineString", "coordinates": [ [ -66.0081, -26.0899 ], [ -66.0083, -26.0882 ] ] } },
{ "type": "Feature", "properties": { "nombre": "Camino sin nombre", "longitud_km": 0.06 }, "geometry": { "type": "LineString", "coordinates": [ [ -66.0083, -26.0871 ], [ -66.0089, -26.087 ] ] } },
{ "type": "Feature", "properties": { "nombre": "Camino sin nombre", "longitud_km": 0.05 }, "geometry": { "type": "LineString", "coordinates": [ [ -66.0085, -26.0901 ], [ -66.0089, -26.0904 ] ] } },
{ "type": "Feature", "properties": { "nombre": "Camino sin nombre", "longitud_km": 0.05 }, "geometry": { "type": "LineString", "coordinates": [ [ -66.0081, -26.0899 ], [ -66.0085, -26.0901 ] ] } },
{ "type": "Feature", "properties": { "nombre": "Camino sin nombre", "longitud_km": 0.04 }, "geometry": { "type": "LineString", "coordinates": [ [ -66.0085, -26.0901 ], [ -66.0089, -26.0901 ] ] } },
{ "type": "Feature", "properties": { "nombre": "Camino sin nombre", "longitud_km": 0.09 }, "geometry": { "type": "LineString", "coordinates": [ [ -66.0077, -26.0906 ], [ -66.0081, -26.0899 ] ] } },
{ "type": "Feature", "properties": { "nombre": "Camino sin nombre", "longitud_km": 0.1 }, "geometry": { "type": "LineString", "coordinates": [ [ -66.0124, -26.0933 ], [ -66.0128, -26.0925 ] ] } },
{ "type": "Feature", "properties": { "nombre": "Camino sin nombre", "longitud_km": 0.27 }, "geometry": { "type": "LineString", "coordinates": [ [ -65.0054, -26.1435 ], [ -65.0054, -26.1459 ] ] } },
{ "type": "Feature", "properties": { "nombre": "Camino sin nombre", "longitud_km": 0.15 }, "geometry": { "type": "LineString", "coordinates": [ [ -66.022, -26.0365 ], [ -66.0205, -26.0365 ] ] } },
{ "type": "Feature", "properties": { "nombre": "Camino sin nombre", "longitud_km": 0.34 }, "geometry": { "type": "LineString", "coordinates": [ [ -66.0136, -26.0433 ], [ -66.0169, -26.0425 ] ] } },
{ "type": "Feature", "properties": { "nombre": "Camino sin nombre", "longitud_km": 0.24 }, "geometry": { "type": "LineString", "coordinates": [ [ -66.0145, -26.0378 ], [ -66.0124, -26.0367 ] ] } },
{ "type": "Feature", "properties": { "nombre": "Camino sin nombre", "longitud_km": 0.07 }, "geometry": { "type": "LineString", "coordinates": [ [ -66.0227, -26.0368 ], [ -66.022, -26.0365 ] ] } },
{ "type": "Feature", "properties": { "nombre": "Camino sin nombre", "longitud_km": 0.08 }, "geometry": { "type": "LineString", "coordinates": [ [ -66.0106, -26.0924 ], [ -66.0102, -26.093 ] ] } },
{ "type": "Feature", "properties": { "nombre": "Camino sin nombre", "longitud_km": 0.06 }, "geometry": { "type": "LineString", "coordinates": [ [ -66.0231, -26.0372 ], [ -66.0227, -26.0368 ] ] } },
{ "type": "Feature", "properties": { "nombre": "Camino sin nombre", "longitud_km": 0.06 }, "geometry": { "type": "LineString", "coordinates": [ [ -66.0205, -26.0365 ], [ -66.0205, -26.037 ] ] } },
{ "type": "Feature", "properties": { "nombre": "Camino sin nombre", "longitud_km": 0.67 }, "geometry": { "type": "LineString", "coordinates": [ [ -65.9738, -26.0657 ], [ -65.9794, -26.0622 ] ] } },
{ "type": "Feature", "properties": { "nombre": "Camino sin nombre", "longitud_km": 1.06 }, "geometry": { "type": "LineString", "coordinates": [ [ -65.8785, -26.0635 ], [ -65.881, -26.0729 ] ] } },
{ "type": "Feature", "properties": { "nombre": "Camino sin nombre", "longitud_km": 0.16 }, "geometry": { "type": "LineString", "coordinates": [ [ -65.9859, -26.0559 ], [ -65.9843, -26.0563 ] ] } },
{ "type": "Feature", "properties": { "nombre": "Camino sin nombre", "longitud_km": 0.69 }, "geometry": { "type": "LineString", "coordinates": [ [ -65.9846, -26.0585 ], [ -65.991, -26.0561 ] ] } },
{ "type": "Feature", "properties": { "nombre": "Camino sin nombre", "longitud_km": 0.35 }, "geometry": { "type": "LineString", "coordinates": [ [ -65.9842, -26.0592 ], [ -65.9807, -26.0595 ] ] } },
{ "type": "Feature", "properties": { "nombre": "Camino sin nombre", "longitud_km": 0.12 }, "geometry": { "type": "LineString", "coordinates": [ [ -65.9794, -26.0622 ], [ -65.9795, -26.0611 ] ] } },
{ "type": "Feature", "properties": { "nombre": "Camino sin nombre", "longitud_km": 0.73 }, "geometry": { "type": "LineString", "coordinates": [ [ -65.9673, -26.0758 ], [ -65.96, -26.0766 ] ] } },
{ "type": "Feature", "properties": { "nombre": "Camino sin nombre", "longitud_km": 0.51 }, "geometry": { "type": "LineString", "coordinates": [ [ -65.8826, -26.0869 ], [ -65.8877, -26.0864 ] ] } },
{ "type": "Feature", "properties": { "nombre": "Camino sin nombre", "longitud_km": 7.17 }, "geometry": { "type": "LineString", "coordinates": [ [ -65.8866, -26.1546 ], [ -65.8944, -26.1065 ], [ -65.8849, -26.0929 ] ] } },
{ "type": "Feature", "properties": { "nombre": "Camino sin nombre", "longitud_km": 1.39 }, "geometry": { "type": "LineString", "coordinates": [ [ -65.8297, -26.0008 ], [ -65.8238, -26.0064 ], [ -65.8252, -26.0112 ] ] } },
{ "type": "Feature", "properties": { "nombre": "Camino sin nombre", "longitud_km": 0.18 }, "geometry": { "type": "LineString", "coordinates": [ [ -65.9919, -26.0576 ], [ -65.9903, -26.0584 ] ] } },
{ "type": "Feature", "properties": { "nombre": "Camino sin nombre", "longitud_km": 0.3 }, "geometry": { "type": "LineString", "coordinates": [ [ -65.9468, -26.1818 ], [ -65.9483, -26.1842 ] ] } },
{ "type": "Feature", "properties": { "nombre": "Camino sin nombre", "longitud_km": 0.84 }, "geometry": { "type": "LineString", "coordinates": [ [ -65.9411, -26.1867 ], [ -65.9496, -26.1872 ] ] } },
{ "type": "Feature", "properties": { "nombre": "Camino sin nombre", "longitud_km": 1.03 }, "geometry": { "type": "LineString", "coordinates": [ [ -65.9416, -26.195 ], [ -65.9314, -26.195 ] ] } },
{ "type": "Feature", "properties": { "nombre": "Camino sin nombre", "longitud_km": 0.47 }, "geometry": { "type": "LineString", "coordinates": [ [ -65.9764, -26.0809 ], [ -65.9717, -26.0812 ] ] } },
{ "type": "Feature", "properties": { "nombre": "Camino sin nombre", "longitud_km": 1.06 }, "geometry": { "type": "LineString", "coordinates": [ [ -65.9846, -26.0768 ], [ -65.9953, -26.0767 ] ] } },
{ "type": "Feature", "properties": { "nombre": "Camino sin nombre", "longitud_km": 1.2 }, "geometry": { "type": "LineString", "coordinates": [ [ -65.8388, -26.0 ], [ -65.8464, -26.0083 ] ] } },
{ "type": "Feature", "properties": { "nombre": "Camino sin nombre", "longitud_km": 0.15 }, "geometry": { "type": "LineString", "coordinates": [ [ -65.9857, -26.054 ], [ -65.9858, -26.0554 ] ] } },
{ "type": "Feature", "properties": { "nombre": "Camino sin nombre", "longitud_km": 0.06 }, "geometry": { "type": "LineString", "coordinates": [ [ -65.9858, -26.0554 ], [ -65.9859, -26.0559 ] ] } },
{ "type": "Feature", "properties": { "nombre": "Camino sin nombre", "longitud_km": 0.25 }, "geometry": { "type": "LineString", "coordinates": [ [ -65.9804, -26.0607 ], [ -65.981, -26.0629 ] ] } },
{ "type": "Feature", "properties": { "nombre": "Camino sin nombre", "longitud_km": 0.22 }, "geometry": { "type": "LineString", "coordinates": [ [ -65.9717, -26.0812 ], [ -65.9702, -26.0827 ] ] } },
{ "type": "Feature", "properties": { "nombre": "Camino sin nombre", "longitud_km": 0.48 }, "geometry": { "type": "LineString", "coordinates": [ [ -65.9953, -26.0767 ], [ -66.0, -26.0767 ] ] } },
{ "type": "Feature", "properties": { "nombre": "Camino sin nombre", "longitud_km": 1.52 }, "geometry": { "type": "LineString", "coordinates": [ [ -65.5021, -26.0854 ], [ -65.5157, -26.0915 ] ] } },
{ "type": "Feature", "properties": { "nombre": "Camino sin nombre", "longitud_km": 0.43 }, "geometry": { "type": "LineString", "coordinates": [ [ -65.8297, -26.0008 ], [ -65.8258, -26.0024 ] ] } },
{ "type": "Feature", "properties": { "nombre": "Camino sin nombre", "longitud_km": 0.03 }, "geometry": { "type": "LineString", "coordinates": [ [ -65.9859, -26.0559 ], [ -65.986, -26.0561 ] ] } },
{ "type": "Feature", "properties": { "nombre": "Camino sin nombre", "longitud_km": 0.35 }, "geometry": { "type": "LineString", "coordinates": [ [ -66.0, -26.0505 ], [ -65.997, -26.0521 ] ] } },
{ "type": "Feature", "properties": { "nombre": "Camino sin nombre", "longitud_km": 0.19 }, "geometry": { "type": "LineString", "coordinates": [ [ -65.991, -26.0561 ], [ -65.9919, -26.0576 ] ] } },
{ "type": "Feature", "properties": { "nombre": "Camino sin nombre", "longitud_km": 0.75 }, "geometry": { "type": "LineString", "coordinates": [ [ -65.991, -26.0561 ], [ -65.9984, -26.0572 ] ] } },
{ "type": "Feature", "properties": { "nombre": "Camino sin nombre", "longitud_km": 0.13 }, "geometry": { "type": "LineString", "coordinates": [ [ -65.9903, -26.0584 ], [ -65.9912, -26.0594 ] ] } },
{ "type": "Feature", "properties": { "nombre": "Camino sin nombre", "longitud_km": 0.3 }, "geometry": { "type": "LineString", "coordinates": [ [ -65.986, -26.0561 ], [ -65.9846, -26.0585 ] ] } },
{ "type": "Feature", "properties": { "nombre": "Camino sin nombre", "longitud_km": 0.05 }, "geometry": { "type": "LineString", "coordinates": [ [ -65.9846, -26.0585 ], [ -65.9844, -26.0589 ] ] } },
{ "type": "Feature", "properties": { "nombre": "Camino sin nombre", "longitud_km": 0.05 }, "geometry": { "type": "LineString", "coordinates": [ [ -65.9844, -26.0589 ], [ -65.9842, -26.0592 ] ] } },
{ "type": "Feature", "properties": { "nombre": "Camino sin nombre", "longitud_km": 0.02 }, "geometry": { "type": "LineString", "coordinates": [ [ -65.9807, -26.0595 ], [ -65.9806, -26.0593 ] ] } },
{ "type": "Feature", "properties": { "nombre": "Camino sin nombre", "longitud_km": 0.1 }, "geometry": { "type": "LineString", "coordinates": [ [ -65.9795, -26.0611 ], [ -65.9804, -26.0607 ] ] } },
{ "type": "Feature", "properties": { "nombre": "Camino sin nombre", "longitud_km": 0.05 }, "geometry": { "type": "LineString", "coordinates": [ [ -65.9809, -26.0604 ], [ -65.9804, -26.0607 ] ] } },
{ "type": "Feature", "properties": { "nombre": "Camino sin nombre", "longitud_km": 0.12 }, "geometry": { "type": "LineString", "coordinates": [ [ -65.981, -26.0629 ], [ -65.9813, -26.0639 ] ] } },
{ "type": "Feature", "properties": { "nombre": "Camino sin nombre", "longitud_km": 0.11 }, "geometry": { "type": "LineString", "coordinates": [ [ -65.9807, -26.0595 ], [ -65.9809, -26.0604 ] ] } },
{ "type": "Feature", "properties": { "nombre": "Camino sin nombre", "longitud_km": 0.04 }, "geometry": { "type": "LineString", "coordinates": [ [ -65.9735, -26.0658 ], [ -65.9738, -26.0657 ] ] } },
{ "type": "Feature", "properties": { "nombre": "Camino sin nombre", "longitud_km": 0.16 }, "geometry": { "type": "LineString", "coordinates": [ [ -65.9772, -26.0768 ], [ -65.9788, -26.0768 ] ] } },
{ "type": "Feature", "properties": { "nombre": "Camino sin nombre", "longitud_km": 0.08 }, "geometry": { "type": "LineString", "coordinates": [ [ -65.9838, -26.0768 ], [ -65.9846, -26.0768 ] ] } },
{ "type": "Feature", "properties": { "nombre": "Camino sin nombre", "longitud_km": 0.07 }, "geometry": { "type": "LineString", "coordinates": [ [ -65.9831, -26.0768 ], [ -65.9838, -26.0768 ] ] } },
{ "type": "Feature", "properties": { "nombre": "Camino sin nombre", "longitud_km": 0.15 }, "geometry": { "type": "LineString", "coordinates": [ [ -65.9817, -26.0768 ], [ -65.9831, -26.0768 ] ] } },
{ "type": "Feature", "properties": { "nombre": "Camino sin nombre", "longitud_km": 0.15 }, "geometry": { "type": "LineString", "coordinates": [ [ -65.9802, -26.0768 ], [ -65.9817, -26.0768 ] ] } },
{ "type": "Feature", "properties": { "nombre": "Camino sin nombre", "longitud_km": 0.14 }, "geometry": { "type": "LineString", "coordinates": [ [ -65.9788, -26.0768 ], [ -65.9802, -26.0768 ] ] } },
{ "type": "Feature", "properties": { "nombre": "Camino sin nombre", "longitud_km": 0.13 }, "geometry": { "type": "LineString", "coordinates": [ [ -65.9758, -26.0769 ], [ -65.9772, -26.0768 ] ] } },
{ "type": "Feature", "properties": { "nombre": "Camino sin nombre", "longitud_km": 0.55 }, "geometry": { "type": "LineString", "coordinates": [ [ -65.9728, -26.0753 ], [ -65.9673, -26.0758 ] ] } },
{ "type": "Feature", "properties": { "nombre": "Camino sin nombre", "longitud_km": 0.31 }, "geometry": { "type": "LineString", "coordinates": [ [ -65.9778, -26.0813 ], [ -65.9808, -26.0807 ] ] } },
{ "type": "Feature", "properties": { "nombre": "Camino sin nombre", "longitud_km": 0.63 }, "geometry": { "type": "LineString", "coordinates": [ [ -65.9702, -26.0827 ], [ -65.9765, -26.0816 ] ] } },
{ "type": "Feature", "properties": { "nombre": "Camino sin nombre", "longitud_km": 0.22 }, "geometry": { "type": "LineString", "coordinates": [ [ -65.8297, -26.0008 ], [ -65.8317, -26.0 ] ] } },
{ "type": "Feature", "properties": { "nombre": "Camino sin nombre", "longitud_km": 0.08 }, "geometry": { "type": "LineString", "coordinates": [ [ -65.8877, -26.0864 ], [ -65.8882, -26.0858 ] ] } },
{ "type": "Feature", "properties": { "nombre": "Camino sin nombre", "longitud_km": 1.51 }, "geometry": { "type": "LineString", "coordinates": [ [ -65.8826, -26.0869 ], [ -65.879, -26.0736 ] ] } },
{ "type": "Feature", "properties": { "nombre": "Camino sin nombre", "longitud_km": 0.7 }, "geometry": { "type": "LineString", "coordinates": [ [ -65.8849, -26.0929 ], [ -65.8826, -26.0869 ] ] } },
{ "type": "Feature", "properties": { "nombre": "Camino sin nombre", "longitud_km": 1.6 }, "geometry": { "type": "LineString", "coordinates": [ [ -65.881, -26.0729 ], [ -65.8882, -26.0858 ] ] } },
{ "type": "Feature", "properties": { "nombre": "Camino sin nombre", "longitud_km": 0.22 }, "geometry": { "type": "LineString", "coordinates": [ [ -65.879, -26.0736 ], [ -65.881, -26.0729 ] ] } },
{ "type": "Feature", "properties": { "nombre": "Camino sin nombre", "longitud_km": 0.59 }, "geometry": { "type": "LineString", "coordinates": [ [ -65.8817, -26.0532 ], [ -65.8781, -26.0574 ] ] } },
{ "type": "Feature", "properties": { "nombre": "Camino sin nombre", "longitud_km": 0.16 }, "geometry": { "type": "LineString", "coordinates": [ [ -65.8781, -26.0574 ], [ -65.878, -26.0588 ] ] } },
{ "type": "Feature", "properties": { "nombre": "Camino sin nombre", "longitud_km": 0.15 }, "geometry": { "type": "LineString", "coordinates": [ [ -65.878, -26.0588 ], [ -65.8781, -26.0602 ] ] } },
{ "type": "Feature", "properties": { "nombre": "Camino sin nombre", "longitud_km": 0.13 }, "geometry": { "type": "LineString", "coordinates": [ [ -65.8781, -26.0602 ], [ -65.8782, -26.0613 ] ] } },
{ "type": "Feature", "properties": { "nombre": "Camino sin nombre", "longitud_km": 0.13 }, "geometry": { "type": "LineString", "coordinates": [ [ -65.8782, -26.0613 ], [ -65.8784, -26.0625 ] ] } },
{ "type": "Feature", "properties": { "nombre": "Camino sin nombre", "longitud_km": 0.12 }, "geometry": { "type": "LineString", "coordinates": [ [ -65.8784, -26.0625 ], [ -65.8785, -26.0635 ] ] } },
{ "type": "Feature", "properties": { "nombre": "Camino sin nombre", "longitud_km": 2.34 }, "geometry": { "type": "LineString", "coordinates": [ [ -65.8718, -26.2216 ], [ -65.8767, -26.2009 ] ] } },
{ "type": "Feature", "properties": { "nombre": "Camino sin nombre", "longitud_km": 3.09 }, "geometry": { "type": "LineString", "coordinates": [ [ -65.8767, -26.2009 ], [ -65.8827, -26.1735 ] ] } },
{ "type": "Feature", "properties": { "nombre": "Camino sin nombre", "longitud_km": 0.31 }, "geometry": { "type": "LineString", "coordinates": [ [ -65.8827, -26.1735 ], [ -65.8833, -26.1708 ] ] } },
{ "type": "Feature", "properties": { "nombre": "Camino sin nombre", "longitud_km": 1.82 }, "geometry": { "type": "LineString", "coordinates": [ [ -65.8833, -26.1708 ], [ -65.8866, -26.1546 ] ] } },
{ "type": "Feature", "properties": { "nombre": "Camino sin nombre", "longitud_km": 0.22 }, "geometry": { "type": "LineString", "coordinates": [ [ -65.5, -26.0849 ], [ -65.5021, -26.0854 ] ] } },
{ "type": "Feature", "properties": { "nombre": "Camino sin nombre", "longitud_km": 0.14 }, "geometry": { "type": "LineString", "coordinates": [ [ -65.9765, -26.0816 ], [ -65.9778, -26.0813 ] ] } },
{ "type": "Feature", "properties": { "nombre": "Camino sin nombre", "longitud_km": 0.72 }, "geometry": { "type": "LineString", "coordinates": [ [ -65.0208, -26.1234 ], [ -65.0196, -26.1169 ] ] } },
{ "type": "Feature", "properties": { "nombre": "Camino sin nombre", "longitud_km": 0.82 }, "geometry": { "type": "LineString", "coordinates": [ [ -65.1026, -26.1465 ], [ -65.106, -26.1532 ] ] } },
{ "type": "Feature", "properties": { "nombre": "Camino sin nombre", "longitud_km": 0.62 }, "geometry": { "type": "LineString", "coordinates": [ [ -65.0501, -26.1254 ], [ -65.0507, -26.1199 ] ] } },
{ "type": "Feature", "properties": { "nombre": "Camino sin nombre", "longitud_km": 1.01 }, "geometry": { "type": "LineString", "coordinates": [ [ -65.016, -26.1443 ], [ -65.0182, -26.1532 ] ] } },
{ "type": "Feature", "properties": { "nombre": "Camino sin nombre", "longitud_km": 0.39 }, "geometry": { "type": "LineString", "coordinates": [ [ -65.1033, -26.1431 ], [ -65.1026, -26.1465 ] ] } },
{ "type": "Feature", "properties": { "nombre": "Camino sin nombre", "longitud_km": 0.28 }, "geometry": { "type": "LineString", "coordinates": [ [ -65.0096, -26.1425 ], [ -65.0109, -26.1448 ] ] } },
{ "type": "Feature", "properties": { "nombre": "Camino sin nombre", "longitud_km": 0.33 }, "geometry": { "type": "LineString", "coordinates": [ [ -65.0134, -26.1333 ], [ -65.0143, -26.1361 ] ] } },
{ "type": "Feature", "properties": { "nombre": "Camino sin nombre", "longitud_km": 2.38 }, "geometry": { "type": "LineString", "coordinates": [ [ -65.0174, -26.124 ], [ -65.0051, -26.1251 ], [ -65.0091, -26.1348 ] ] } },
{ "type": "Feature", "properties": { "nombre": "Camino sin nombre", "longitud_km": 0.7 }, "geometry": { "type": "LineString", "coordinates": [ [ -65.0076, -26.1365 ], [ -65.0096, -26.1425 ] ] } },
{ "type": "Feature", "properties": { "nombre": "Camino sin nombre", "longitud_km": 0.25 }, "geometry": { "type": "LineString", "coordinates": [ [ -65.002, -26.1412 ], [ -65.0, -26.1398 ] ] } },
{ "type": "Feature", "properties": { "nombre": "Camino sin nombre", "longitud_km": 0.55 }, "geometry": { "type": "LineString", "coordinates": [ [ -65.0189, -26.1335 ], [ -65.0134, -26.1333 ] ] } },
{ "type": "Feature", "properties": { "nombre": "Camino sin nombre", "longitud_km": 0.67 }, "geometry": { "type": "LineString", "coordinates": [ [ -65.0182, -26.1301 ], [ -65.0174, -26.124 ] ] } },
{ "type": "Feature", "properties": { "nombre": "Camino sin nombre", "longitud_km": 0.19 }, "geometry": { "type": "LineString", "coordinates": [ [ -65.0185, -26.1239 ], [ -65.0181, -26.1222 ] ] } },
{ "type": "Feature", "properties": { "nombre": "Camino sin nombre", "longitud_km": 0.07 }, "geometry": { "type": "LineString", "coordinates": [ [ -65.0327, -26.1185 ], [ -65.0325, -26.1191 ] ] } },
{ "type": "Feature", "properties": { "nombre": "Camino sin nombre", "longitud_km": 0.8 }, "geometry": { "type": "LineString", "coordinates": [ [ -65.05, -26.1281 ], [ -65.0469, -26.1347 ] ] } },
{ "type": "Feature", "properties": { "nombre": "Camino sin nombre", "longitud_km": 0.44 }, "geometry": { "type": "LineString", "coordinates": [ [ -65.0543, -26.1303 ], [ -65.0568, -26.1335 ] ] } },
{ "type": "Feature", "properties": { "nombre": "Camino sin nombre", "longitud_km": 0.42 }, "geometry": { "type": "LineString", "coordinates": [ [ -65.0917, -26.1249 ], [ -65.0946, -26.1277 ] ] } },
{ "type": "Feature", "properties": { "nombre": "Camino sin nombre", "longitud_km": 2.5 }, "geometry": { "type": "LineString", "coordinates": [ [ -65.1215, -26.1247 ], [ -65.1047, -26.1414 ] ] } },
{ "type": "Feature", "properties": { "nombre": "Camino sin nombre", "longitud_km": 6.34 }, "geometry": { "type": "LineString", "coordinates": [ [ -65.1237, -26.1253 ], [ -65.1397, -26.1473 ], [ -65.1442, -26.1454 ], [ -65.1545, -26.1559 ], [ -65.1597, -26.1674 ] ] } },
{ "type": "Feature", "properties": { "nombre": "Camino sin nombre", "longitud_km": 0.41 }, "geometry": { "type": "LineString", "coordinates": [ [ -65.4874, -26.0854 ], [ -65.4881, -26.089 ] ] } },
{ "type": "Feature", "properties": { "nombre": "Camino sin nombre", "longitud_km": 0.15 }, "geometry": { "type": "LineString", "coordinates": [ [ -65.4927, -26.0838 ], [ -65.493, -26.0851 ] ] } },
{ "type": "Feature", "properties": { "nombre": "Camino sin nombre", "longitud_km": 0.12 }, "geometry": { "type": "LineString", "coordinates": [ [ -65.4974, -26.0838 ], [ -65.4963, -26.0835 ] ] } },
{ "type": "Feature", "properties": { "nombre": "Camino sin nombre", "longitud_km": 0.43 }, "geometry": { "type": "LineString", "coordinates": [ [ -65.2804, -26.1203 ], [ -65.2833, -26.1231 ] ] } },
{ "type": "Feature", "properties": { "nombre": "Camino sin nombre", "longitud_km": 0.61 }, "geometry": { "type": "LineString", "coordinates": [ [ -65.4799, -26.0907 ], [ -65.4838, -26.0865 ] ] } },
{ "type": "Feature", "properties": { "nombre": "Camino sin nombre", "longitud_km": 1.13 }, "geometry": { "type": "LineString", "coordinates": [ [ -65.4837, -26.0861 ], [ -65.4768, -26.0781 ] ] } },
{ "type": "Feature", "properties": { "nombre": "Camino sin nombre", "longitud_km": 0.07 }, "geometry": { "type": "LineString", "coordinates": [ [ -65.002, -26.1412 ], [ -65.0014, -26.1414 ] ] } },
{ "type": "Feature", "properties": { "nombre": "Camino sin nombre", "longitud_km": 0.33 }, "geometry": { "type": "LineString", "coordinates": [ [ -65.0074, -26.1367 ], [ -65.0042, -26.1361 ] ] } },
{ "type": "Feature", "properties": { "nombre": "Camino sin nombre", "longitud_km": 0.03 }, "geometry": { "type": "LineString", "coordinates": [ [ -65.0076, -26.1365 ], [ -65.0074, -26.1367 ] ] } },
{ "type": "Feature", "properties": { "nombre": "Camino sin nombre", "longitud_km": 0.04 }, "geometry": { "type": "LineString", "coordinates": [ [ -65.0042, -26.1361 ], [ -65.0039, -26.1362 ] ] } },
{ "type": "Feature", "properties": { "nombre": "Camino sin nombre", "longitud_km": 0.43 }, "geometry": { "type": "LineString", "coordinates": [ [ -65.0054, -26.1435 ], [ -65.002, -26.1412 ] ] } },
{ "type": "Feature", "properties": { "nombre": "Camino sin nombre", "longitud_km": 0.28 }, "geometry": { "type": "LineString", "coordinates": [ [ -65.4974, -26.0838 ], [ -65.5, -26.0849 ] ] } },
{ "type": "Feature", "properties": { "nombre": "Camino sin nombre", "longitud_km": 0.47 }, "geometry": { "type": "LineString", "coordinates": [ [ -65.0134, -26.1333 ], [ -65.0091, -26.1348 ] ] } },
{ "type": "Feature", "properties": { "nombre": "Camino sin nombre", "longitud_km": 1.25 }, "geometry": { "type": "LineString", "coordinates": [ [ -65.0325, -26.1191 ], [ -65.0208, -26.1234 ] ] } },
{ "type": "Feature", "properties": { "nombre": "Camino sin nombre", "longitud_km": 0.24 }, "geometry": { "type": "LineString", "coordinates": [ [ -65.0208, -26.1234 ], [ -65.0185, -26.1239 ] ] } },
{ "type": "Feature", "properties": { "nombre": "Camino sin nombre", "longitud_km": 1.65 }, "geometry": { "type": "LineString", "coordinates": [ [ -65.2833, -26.1231 ], [ -65.2792, -26.1376 ] ] } },
{ "type": "Feature", "properties": { "nombre": "Camino sin nombre", "longitud_km": 0.58 }, "geometry": { "type": "LineString", "coordinates": [ [ -65.4431, -26.1036 ], [ -65.4485, -26.1055 ] ] } },
{ "type": "Feature", "properties": { "nombre": "Camino sin nombre", "longitud_km": 0.04 }, "geometry": { "type": "LineString", "coordinates": [ [ -65.4838, -26.0865 ], [ -65.4837, -26.0861 ] ] } },
{ "type": "Feature", "properties": { "nombre": "Camino sin nombre", "longitud_km": 0.53 }, "geometry": { "type": "LineString", "coordinates": [ [ -65.3907, -26.0788 ], [ -65.3855, -26.08 ] ] } },
{ "type": "Feature", "properties": { "nombre": "Camino sin nombre", "longitud_km": 0.13 }, "geometry": { "type": "LineString", "coordinates": [ [ -65.0337, -26.1189 ], [ -65.0325, -26.1191 ] ] } },
{ "type": "Feature", "properties": { "nombre": "Camino sin nombre", "longitud_km": 0.36 }, "geometry": { "type": "LineString", "coordinates": [ [ -65.4927, -26.0838 ], [ -65.4963, -26.0835 ] ] } },
{ "type": "Feature", "properties": { "nombre": "Camino sin nombre", "longitud_km": 0.02 }, "geometry": { "type": "LineString", "coordinates": [ [ -65.4909, -26.0844 ], [ -65.491, -26.0843 ] ] } },
{ "type": "Feature", "properties": { "nombre": "Camino sin nombre", "longitud_km": 0.36 }, "geometry": { "type": "LineString", "coordinates": [ [ -65.4874, -26.0854 ], [ -65.4909, -26.0844 ] ] } },
{ "type": "Feature", "properties": { "nombre": "Camino sin nombre", "longitud_km": 0.33 }, "geometry": { "type": "LineString", "coordinates": [ [ -65.4843, -26.0864 ], [ -65.4874, -26.0854 ] ] } },
{ "type": "Feature", "properties": { "nombre": "Camino sin nombre", "longitud_km": 0.05 }, "geometry": { "type": "LineString", "coordinates": [ [ -65.4838, -26.0865 ], [ -65.4843, -26.0864 ] ] } },
{ "type": "Feature", "properties": { "nombre": "Camino sin nombre", "longitud_km": 0.06 }, "geometry": { "type": "LineString", "coordinates": [ [ -65.4843, -26.0864 ], [ -65.4837, -26.0861 ] ] } },
{ "type": "Feature", "properties": { "nombre": "Camino sin nombre", "longitud_km": 0.55 }, "geometry": { "type": "LineString", "coordinates": [ [ -65.2766, -26.1167 ], [ -65.2804, -26.1203 ] ] } },
{ "type": "Feature", "properties": { "nombre": "Camino sin nombre", "longitud_km": 0.46 }, "geometry": { "type": "LineString", "coordinates": [ [ -65.106, -26.1532 ], [ -65.1069, -26.1573 ] ] } },
{ "type": "Feature", "properties": { "nombre": "Camino sin nombre", "longitud_km": 0.02 }, "geometry": { "type": "LineString", "coordinates": [ [ -65.1047, -26.1414 ], [ -65.1046, -26.1415 ] ] } },
{ "type": "Feature", "properties": { "nombre": "Camino sin nombre", "longitud_km": 0.22 }, "geometry": { "type": "LineString", "coordinates": [ [ -65.1046, -26.1415 ], [ -65.1033, -26.1431 ] ] } },
{ "type": "Feature", "properties": { "nombre": "Camino sin nombre", "longitud_km": 0.12 }, "geometry": { "type": "LineString", "coordinates": [ [ -65.4963, -26.0835 ], [ -65.4974, -26.0838 ] ] } },
{ "type": "Feature", "properties": { "nombre": "Camino sin nombre", "longitud_km": 0.18 }, "geometry": { "type": "LineString", "coordinates": [ [ -65.491, -26.0843 ], [ -65.4927, -26.0838 ] ] } },
{ "type": "Feature", "properties": { "nombre": "Camino sin nombre", "longitud_km": 0.22 }, "geometry": { "type": "LineString", "coordinates": [ [ -65.0199, -26.1314 ], [ -65.0182, -26.1301 ] ] } },
{ "type": "Feature", "properties": { "nombre": "Camino sin nombre", "longitud_km": 0.11 }, "geometry": { "type": "LineString", "coordinates": [ [ -65.0185, -26.1239 ], [ -65.0174, -26.124 ] ] } },
{ "type": "Feature", "properties": { "nombre": "Camino sin nombre", "longitud_km": 0.24 }, "geometry": { "type": "LineString", "coordinates": [ [ -65.0091, -26.1348 ], [ -65.0076, -26.1365 ] ] } },
{ "type": "Feature", "properties": { "nombre": "Camino sin nombre", "longitud_km": 0.43 }, "geometry": { "type": "LineString", "coordinates": [ [ -65.0096, -26.1425 ], [ -65.0054, -26.1435 ] ] } },
{ "type": "Feature", "properties": { "nombre": "Camino sin nombre", "longitud_km": 3.21 }, "geometry": { "type": "LineString", "coordinates": [ [ -64.5386, -26.2201 ], [ -64.5342, -26.1913 ] ] } },
{ "type": "Feature", "properties": { "nombre": "Camino sin nombre", "longitud_km": 0.05 }, "geometry": { "type": "LineString", "coordinates": [ [ -64.5386, -26.2201 ], [ -64.539, -26.2203 ] ] } },
{ "type": "Feature", "properties": { "nombre": "Camino sin nombre", "longitud_km": 4.02 }, "geometry": { "type": "LineString", "coordinates": [ [ -64.5687, -26.1185 ], [ -64.5289, -26.1238 ] ] } },
{ "type": "Feature", "properties": { "nombre": "Camino sin nombre", "longitud_km": 0.84 }, "geometry": { "type": "LineString", "coordinates": [ [ -64.6475, -26.0487 ], [ -64.64, -26.0519 ] ] } },
{ "type": "Feature", "properties": { "nombre": "Camino sin nombre", "longitud_km": 0.07 }, "geometry": { "type": "LineString", "coordinates": [ [ -64.6446, -26.0489 ], [ -64.6439, -26.0488 ] ] } },
{ "type": "Feature", "properties": { "nombre": "Camino sin nombre", "longitud_km": 2.8 }, "geometry": { "type": "LineString", "coordinates": [ [ -64.7831, -26.1288 ], [ -64.7904, -26.1331 ], [ -64.8095, -26.1305 ] ] } },
{ "type": "Feature", "properties": { "nombre": "Camino sin nombre", "longitud_km": 3.32 }, "geometry": { "type": "LineString", "coordinates": [ [ -64.6223, -26.0482 ], [ -64.6185, -26.0406 ], [ -64.5963, -26.0324 ] ] } },
{ "type": "Feature", "properties": { "nombre": "Camino sin nombre", "longitud_km": 0.52 }, "geometry": { "type": "LineString", "coordinates": [ [ -64.6376, -26.0526 ], [ -64.6415, -26.0496 ] ] } },
{ "type": "Feature", "properties": { "nombre": "Camino sin nombre", "longitud_km": 1.63 }, "geometry": { "type": "LineString", "coordinates": [ [ -64.7049, -26.0116 ], [ -64.7062, -26.0039 ], [ -64.6999, -26.0 ] ] } },
{ "type": "Feature", "properties": { "nombre": "Camino sin nombre", "longitud_km": 0.35 }, "geometry": { "type": "LineString", "coordinates": [ [ -64.6952, -26.0119 ], [ -64.6917, -26.0116 ] ] } },
{ "type": "Feature", "properties": { "nombre": "Camino sin nombre", "longitud_km": 2.53 }, "geometry": { "type": "LineString", "coordinates": [ [ -64.7508, -26.2331 ], [ -64.7413, -26.2345 ], [ -64.7314, -26.2234 ] ] } },
{ "type": "Feature", "properties": { "nombre": "Camino sin nombre", "longitud_km": 2.0 }, "geometry": { "type": "LineString", "coordinates": [ [ -64.6813, -26.1036 ], [ -64.6983, -26.1131 ] ] } },
{ "type": "Feature", "properties": { "nombre": "Camino sin nombre", "longitud_km": 2.4 }, "geometry": { "type": "LineString", "coordinates": [ [ -64.7127, -26.1144 ], [ -64.7366, -26.1133 ] ] } },
{ "type": "Feature", "properties": { "nombre": "Camino sin nombre", "longitud_km": 0.13 }, "geometry": { "type": "LineString", "coordinates": [ [ -64.72, -26.1246 ], [ -64.7196, -26.1257 ] ] } },
{ "type": "Feature", "properties": { "nombre": "Camino sin nombre", "longitud_km": 3.49 }, "geometry": { "type": "LineString", "coordinates": [ [ -64.742, -26.1207 ], [ -64.7617, -26.1199 ], [ -64.7758, -26.125 ] ] } },
{ "type": "Feature", "properties": { "nombre": "Camino sin nombre", "longitud_km": 0.22 }, "geometry": { "type": "LineString", "coordinates": [ [ -64.9984, -26.1365 ], [ -64.9977, -26.1346 ] ] } },
{ "type": "Feature", "properties": { "nombre": "Camino sin nombre", "longitud_km": 0.19 }, "geometry": { "type": "LineString", "coordinates": [ [ -64.5289, -26.1238 ], [ -64.5271, -26.1241 ] ] } },
{ "type": "Feature", "properties": { "nombre": "Camino sin nombre", "longitud_km": 2.24 }, "geometry": { "type": "LineString", "coordinates": [ [ -64.742, -26.1207 ], [ -64.72, -26.1246 ] ] } },
{ "type": "Feature", "properties": { "nombre": "Camino sin nombre", "longitud_km": 10.27 }, "geometry": { "type": "LineString", "coordinates": [ [ -64.7067, -26.0192 ], [ -64.7174, -26.0162 ], [ -64.7364, -26.023 ], [ -64.772, -26.0252 ], [ -64.8016, -26.0425 ] ] } },
{ "type": "Feature", "properties": { "nombre": "Camino sin nombre", "longitud_km": 0.52 }, "geometry": { "type": "LineString", "coordinates": [ [ -64.8032, -26.0403 ], [ -64.8044, -26.0358 ] ] } },
{ "type": "Feature", "properties": { "nombre": "Camino sin nombre", "longitud_km": 0.8 }, "geometry": { "type": "LineString", "coordinates": [ [ -64.6633, -26.0451 ], [ -64.6707, -26.0478 ] ] } },
{ "type": "Feature", "properties": { "nombre": "Camino sin nombre", "longitud_km": 1.55 }, "geometry": { "type": "LineString", "coordinates": [ [ -64.6594, -26.0395 ], [ -64.6594, -26.0255 ] ] } },
{ "type": "Feature", "properties": { "nombre": "Camino sin nombre", "longitud_km": 1.1 }, "geometry": { "type": "LineString", "coordinates": [ [ -64.658, -26.0179 ], [ -64.6558, -26.0082 ] ] } },
{ "type": "Feature", "properties": { "nombre": "Camino sin nombre", "longitud_km": 0.87 }, "geometry": { "type": "LineString", "coordinates": [ [ -64.658, -26.0179 ], [ -64.6663, -26.0157 ] ] } },
{ "type": "Feature", "properties": { "nombre": "Camino sin nombre", "longitud_km": 1.29 }, "geometry": { "type": "LineString", "coordinates": [ [ -64.6635, -26.0816 ], [ -64.6762, -26.08 ] ] } },
{ "type": "Feature", "properties": { "nombre": "Camino sin nombre", "longitud_km": 0.5 }, "geometry": { "type": "LineString", "coordinates": [ [ -64.6635, -26.0816 ], [ -64.6585, -26.0822 ] ] } },
{ "type": "Feature", "properties": { "nombre": "Camino sin nombre", "longitud_km": 0.89 }, "geometry": { "type": "LineString", "coordinates": [ [ -64.677, -26.0942 ], [ -64.6856, -26.0919 ] ] } },
{ "type": "Feature", "properties": { "nombre": "Camino sin nombre", "longitud_km": 0.54 }, "geometry": { "type": "LineString", "coordinates": [ [ -64.6551, -26.1014 ], [ -64.6602, -26.0998 ] ] } },
{ "type": "Feature", "properties": { "nombre": "Camino sin nombre", "longitud_km": 0.36 }, "geometry": { "type": "LineString", "coordinates": [ [ -64.6439, -26.0488 ], [ -64.6474, -26.0482 ] ] } },
{ "type": "Feature", "properties": { "nombre": "Camino sin nombre", "longitud_km": 0.44 }, "geometry": { "type": "LineString", "coordinates": [ [ -64.6487, -26.0525 ], [ -64.6475, -26.0487 ] ] } },
{ "type": "Feature", "properties": { "nombre": "Camino sin nombre", "longitud_km": 0.32 }, "geometry": { "type": "LineString", "coordinates": [ [ -64.9955, -26.1354 ], [ -64.9984, -26.1365 ] ] } },
{ "type": "Feature", "properties": { "nombre": "Camino sin nombre", "longitud_km": 1.71 }, "geometry": { "type": "LineString", "coordinates": [ [ -64.5856, -26.1163 ], [ -64.5687, -26.1185 ] ] } },
{ "type": "Feature", "properties": { "nombre": "Camino sin nombre", "longitud_km": 2.51 }, "geometry": { "type": "LineString", "coordinates": [ [ -64.72, -26.1246 ], [ -64.6983, -26.1131 ] ] } },
{ "type": "Feature", "properties": { "nombre": "Camino sin nombre", "longitud_km": 3.66 }, "geometry": { "type": "LineString", "coordinates": [ [ -64.8258, -26.2061 ], [ -64.8414, -26.2122 ], [ -64.8423, -26.2163 ], [ -64.8351, -26.2197 ], [ -64.8382, -26.2252 ] ] } },
{ "type": "Feature", "properties": { "nombre": "Camino sin nombre", "longitud_km": 0.8 }, "geometry": { "type": "LineString", "coordinates": [ [ -64.9867, -26.0 ], [ -64.9793, -26.0027 ] ] } },
{ "type": "Feature", "properties": { "nombre": "Camino sin nombre", "longitud_km": 2.42 }, "geometry": { "type": "LineString", "coordinates": [ [ -64.9749, -26.1561 ], [ -64.9846, -26.1361 ] ] } },
{ "type": "Feature", "properties": { "nombre": "Camino sin nombre", "longitud_km": 1.09 }, "geometry": { "type": "LineString", "coordinates": [ [ -64.7758, -26.125 ], [ -64.7864, -26.123 ] ] } },
{ "type": "Feature", "properties": { "nombre": "Camino sin nombre", "longitud_km": 1.1 }, "geometry": { "type": "LineString", "coordinates": [ [ -64.9846, -26.1361 ], [ -64.9955, -26.1354 ] ] } },
{ "type": "Feature", "properties": { "nombre": "Camino sin nombre", "longitud_km": 0.4 }, "geometry": { "type": "LineString", "coordinates": [ [ -64.9984, -26.1365 ], [ -65.0, -26.1398 ] ] } },
{ "type": "Feature", "properties": { "nombre": "Camino sin nombre", "longitud_km": 2.63 }, "geometry": { "type": "LineString", "coordinates": [ [ -64.8016, -26.0425 ], [ -64.8002, -26.0662 ] ] } },
{ "type": "Feature", "properties": { "nombre": "Camino sin nombre", "longitud_km": 0.35 }, "geometry": { "type": "LineString", "coordinates": [ [ -64.6666, -26.0155 ], [ -64.6694, -26.0138 ] ] } },
{ "type": "Feature", "properties": { "nombre": "Camino sin nombre", "longitud_km": 0.04 }, "geometry": { "type": "LineString", "coordinates": [ [ -64.6663, -26.0157 ], [ -64.6666, -26.0155 ] ] } },
{ "type": "Feature", "properties": { "nombre": "Camino sin nombre", "longitud_km": 0.02 }, "geometry": { "type": "LineString", "coordinates": [ [ -64.9722, -26.1318 ], [ -64.9721, -26.1319 ] ] } },
{ "type": "Feature", "properties": { "nombre": "Camino sin nombre", "longitud_km": 1.32 }, "geometry": { "type": "LineString", "coordinates": [ [ -64.9846, -26.1361 ], [ -64.9722, -26.1318 ] ] } },
{ "type": "Feature", "properties": { "nombre": "Camino sin nombre", "longitud_km": 0.07 }, "geometry": { "type": "LineString", "coordinates": [ [ -64.975, -26.1567 ], [ -64.9749, -26.1561 ] ] } },
{ "type": "Feature", "properties": { "nombre": "Camino sin nombre", "longitud_km": 0.29 }, "geometry": { "type": "LineString", "coordinates": [ [ -64.8022, -26.0428 ], [ -64.8032, -26.0403 ] ] } },
{ "type": "Feature", "properties": { "nombre": "Camino sin nombre", "longitud_km": 0.06 }, "geometry": { "type": "LineString", "coordinates": [ [ -64.8016, -26.0425 ], [ -64.8022, -26.0428 ] ] } },
{ "type": "Feature", "properties": { "nombre": "Camino sin nombre", "longitud_km": 2.26 }, "geometry": { "type": "LineString", "coordinates": [ [ -64.8002, -26.0662 ], [ -64.7952, -26.0742 ], [ -64.7958, -26.0854 ] ] } },
{ "type": "Feature", "properties": { "nombre": "Camino sin nombre", "longitud_km": 0.44 }, "geometry": { "type": "LineString", "coordinates": [ [ -64.7401, -26.1114 ], [ -64.7443, -26.1101 ] ] } },
{ "type": "Feature", "properties": { "nombre": "Camino sin nombre", "longitud_km": 0.4 }, "geometry": { "type": "LineString", "coordinates": [ [ -64.7366, -26.1133 ], [ -64.7401, -26.1114 ] ] } },
{ "type": "Feature", "properties": { "nombre": "Camino sin nombre", "longitud_km": 0.09 }, "geometry": { "type": "LineString", "coordinates": [ [ -64.7864, -26.123 ], [ -64.7864, -26.1222 ] ] } },
{ "type": "Feature", "properties": { "nombre": "Camino sin nombre", "longitud_km": 3.64 }, "geometry": { "type": "LineString", "coordinates": [ [ -64.808, -26.1817 ], [ -64.8078, -26.1867 ], [ -64.8176, -26.1917 ], [ -64.8176, -26.201 ], [ -64.8256, -26.2054 ] ] } },
{ "type": "Feature", "properties": { "nombre": "Camino sin nombre", "longitud_km": 0.08 }, "geometry": { "type": "LineString", "coordinates": [ [ -64.8256, -26.2054 ], [ -64.8258, -26.2061 ] ] } },
{ "type": "Feature", "properties": { "nombre": "Camino sin nombre", "longitud_km": 1.65 }, "geometry": { "type": "LineString", "coordinates": [ [ -64.8385, -26.2264 ], [ -64.8384, -26.2357 ], [ -64.8324, -26.2372 ] ] } },
{ "type": "Feature", "properties": { "nombre": "Camino sin nombre", "longitud_km": 0.14 }, "geometry": { "type": "LineString", "coordinates": [ [ -64.8382, -26.2252 ], [ -64.8385, -26.2264 ] ] } },
{ "type": "Feature", "properties": { "nombre": "Camino sin nombre", "longitud_km": 1.01 }, "geometry": { "type": "LineString", "coordinates": [ [ -64.7314, -26.2234 ], [ -64.7292, -26.2145 ] ] } },
{ "type": "Feature", "properties": { "nombre": "Camino sin nombre", "longitud_km": 1.44 }, "geometry": { "type": "LineString", "coordinates": [ [ -64.6983, -26.1131 ], [ -64.7127, -26.1144 ] ] } },
{ "type": "Feature", "properties": { "nombre": "Camino sin nombre", "longitud_km": 1.81 }, "geometry": { "type": "LineString", "coordinates": [ [ -64.5179, -26.1253 ], [ -64.5, -26.1279 ] ] } },
{ "type": "Feature", "properties": { "nombre": "Camino sin nombre", "longitud_km": 0.93 }, "geometry": { "type": "LineString", "coordinates": [ [ -64.5271, -26.1241 ], [ -64.5179, -26.1253 ] ] } },
{ "type": "Feature", "properties": { "nombre": "Camino sin nombre", "longitud_km": 0.15 }, "geometry": { "type": "LineString", "coordinates": [ [ -64.6602, -26.1012 ], [ -64.6602, -26.0998 ] ] } },
{ "type": "Feature", "properties": { "nombre": "Camino sin nombre", "longitud_km": 0.61 }, "geometry": { "type": "LineString", "coordinates": [ [ -64.667, -26.1012 ], [ -64.6729, -26.0999 ] ] } },
{ "type": "Feature", "properties": { "nombre": "Camino sin nombre", "longitud_km": 0.17 }, "geometry": { "type": "LineString", "coordinates": [ [ -64.6602, -26.0998 ], [ -64.6616, -26.099 ] ] } },
{ "type": "Feature", "properties": { "nombre": "Camino sin nombre", "longitud_km": 0.94 }, "geometry": { "type": "LineString", "coordinates": [ [ -64.6729, -26.0999 ], [ -64.6813, -26.1036 ] ] } },
{ "type": "Feature", "properties": { "nombre": "Camino sin nombre", "longitud_km": 1.03 }, "geometry": { "type": "LineString", "coordinates": [ [ -64.6616, -26.099 ], [ -64.6712, -26.0955 ] ] } },
{ "type": "Feature", "properties": { "nombre": "Camino sin nombre", "longitud_km": 0.6 }, "geometry": { "type": "LineString", "coordinates": [ [ -64.6712, -26.0955 ], [ -64.677, -26.0942 ] ] } },
{ "type": "Feature", "properties": { "nombre": "Camino sin nombre", "longitud_km": 1.48 }, "geometry": { "type": "LineString", "coordinates": [ [ -64.6812, -26.0794 ], [ -64.6959, -26.0786 ] ] } },
{ "type": "Feature", "properties": { "nombre": "Camino sin nombre", "longitud_km": 0.5 }, "geometry": { "type": "LineString", "coordinates": [ [ -64.6762, -26.08 ], [ -64.6812, -26.0794 ] ] } },
{ "type": "Feature", "properties": { "nombre": "Camino sin nombre", "longitud_km": 0.41 }, "geometry": { "type": "LineString", "coordinates": [ [ -64.7041, -26.0164 ], [ -64.7067, -26.0192 ] ] } },
{ "type": "Feature", "properties": { "nombre": "Camino sin nombre", "longitud_km": 0.34 }, "geometry": { "type": "LineString", "coordinates": [ [ -64.7042, -26.0133 ], [ -64.7041, -26.0164 ] ] } },
{ "type": "Feature", "properties": { "nombre": "Camino sin nombre", "longitud_km": 0.91 }, "geometry": { "type": "LineString", "coordinates": [ [ -64.6952, -26.0119 ], [ -64.7042, -26.0133 ] ] } },
{ "type": "Feature", "properties": { "nombre": "Camino sin nombre", "longitud_km": 0.2 }, "geometry": { "type": "LineString", "coordinates": [ [ -64.7042, -26.0133 ], [ -64.7049, -26.0116 ] ] } },
{ "type": "Feature", "properties": { "nombre": "Camino sin nombre", "longitud_km": 0.85 }, "geometry": { "type": "LineString", "coordinates": [ [ -64.6594, -26.0255 ], [ -64.658, -26.0179 ] ] } },
{ "type": "Feature", "properties": { "nombre": "Camino sin nombre", "longitud_km": 0.37 }, "geometry": { "type": "LineString", "coordinates": [ [ -64.6594, -26.0255 ], [ -64.6558, -26.0255 ] ] } },
{ "type": "Feature", "properties": { "nombre": "Camino sin nombre", "longitud_km": 0.13 }, "geometry": { "type": "LineString", "coordinates": [ [ -64.6474, -26.0482 ], [ -64.6487, -26.048 ] ] } },
{ "type": "Feature", "properties": { "nombre": "Camino sin nombre", "longitud_km": 0.03 }, "geometry": { "type": "LineString", "coordinates": [ [ -64.6475, -26.0485 ], [ -64.6474, -26.0482 ] ] } },
{ "type": "Feature", "properties": { "nombre": "Camino sin nombre", "longitud_km": 1.69 }, "geometry": { "type": "LineString", "coordinates": [ [ -64.6392, -26.0473 ], [ -64.6223, -26.0482 ] ] } },
{ "type": "Feature", "properties": { "nombre": "Camino sin nombre", "longitud_km": 0.38 }, "geometry": { "type": "LineString", "coordinates": [ [ -64.5963, -26.0324 ], [ -64.5934, -26.0302 ] ] } },
{ "type": "Feature", "properties": { "nombre": "Camino sin nombre", "longitud_km": 0.5 }, "geometry": { "type": "LineString", "coordinates": [ [ -64.6585, -26.0822 ], [ -64.6635, -26.0816 ] ] } },
{ "type": "Feature", "properties": { "nombre": "Camino sin nombre", "longitud_km": 0.45 }, "geometry": { "type": "LineString", "coordinates": [ [ -64.6541, -26.0829 ], [ -64.6585, -26.0822 ] ] } },
{ "type": "Feature", "properties": { "nombre": "Camino sin nombre", "longitud_km": 1.05 }, "geometry": { "type": "LineString", "coordinates": [ [ -64.7401, -26.1114 ], [ -64.742, -26.1207 ] ] } },
{ "type": "Feature", "properties": { "nombre": "Camino sin nombre", "longitud_km": 1.35 }, "geometry": { "type": "LineString", "coordinates": [ [ -64.6984, -26.0 ], [ -64.6952, -26.0119 ] ] } },
{ "type": "Feature", "properties": { "nombre": "Camino sin nombre", "longitud_km": 0.43 }, "geometry": { "type": "LineString", "coordinates": [ [ -64.5346, -26.2216 ], [ -64.5386, -26.2201 ] ] } },
{ "type": "Feature", "properties": { "nombre": "Camino sin nombre", "longitud_km": 0.73 }, "geometry": { "type": "LineString", "coordinates": [ [ -64.5336, -26.2224 ], [ -64.5289, -26.2275 ] ] } },
{ "type": "Feature", "properties": { "nombre": "Camino sin nombre", "longitud_km": 0.25 }, "geometry": { "type": "LineString", "coordinates": [ [ -64.6415, -26.0496 ], [ -64.6439, -26.0488 ] ] } },
{ "type": "Feature", "properties": { "nombre": "Camino sin nombre", "longitud_km": 0.02 }, "geometry": { "type": "LineString", "coordinates": [ [ -64.539, -26.2203 ], [ -64.5392, -26.2203 ] ] } },
{ "type": "Feature", "properties": { "nombre": "Camino sin nombre", "longitud_km": 0.03 }, "geometry": { "type": "LineString", "coordinates": [ [ -64.6445, -26.0491 ], [ -64.6446, -26.0489 ] ] } },
{ "type": "Feature", "properties": { "nombre": "Camino sin nombre", "longitud_km": 0.02 }, "geometry": { "type": "LineString", "coordinates": [ [ -64.6475, -26.0487 ], [ -64.6475, -26.0485 ] ] } },
{ "type": "Feature", "properties": { "nombre": "Camino sin nombre", "longitud_km": 0.85 }, "geometry": { "type": "LineString", "coordinates": [ [ -64.7758, -26.125 ], [ -64.7831, -26.1288 ] ] } },
{ "type": "Feature", "properties": { "nombre": "Camino sin nombre", "longitud_km": 1.29 }, "geometry": { "type": "LineString", "coordinates": [ [ -65.4421, -24.7696 ], [ -65.4471, -24.7802 ] ] } },
{ "type": "Feature", "properties": { "nombre": "Camino sin nombre", "longitud_km": 0.33 }, "geometry": { "type": "LineString", "coordinates": [ [ -65.0182, -26.1301 ], [ -65.0149, -26.1304 ] ] } },
{ "type": "Feature", "properties": { "nombre": "Camino sin nombre", "longitud_km": 2.97 }, "geometry": { "type": "LineString", "coordinates": [ [ -65.5372, -24.9749 ], [ -65.5476, -24.9646 ], [ -65.5373, -24.9559 ] ] } },
{ "type": "Feature", "properties": { "nombre": "Camino sin nombre", "longitud_km": 1.14 }, "geometry": { "type": "LineString", "coordinates": [ [ -65.5784, -24.9851 ], [ -65.5884, -24.9899 ] ] } },
{ "type": "Feature", "properties": { "nombre": "Camino sin nombre", "longitud_km": 1.42 }, "geometry": { "type": "LineString", "coordinates": [ [ -65.4471, -24.7802 ], [ -65.4462, -24.7931 ] ] } },
{ "type": "Feature", "properties": { "nombre": "Camino sin nombre", "longitud_km": 2.26 }, "geometry": { "type": "LineString", "coordinates": [ [ -65.4069, -24.8484 ], [ -65.3846, -24.8486 ] ] } },
{ "type": "Feature", "properties": { "nombre": "Camino sin nombre", "longitud_km": 1.41 }, "geometry": { "type": "LineString", "coordinates": [ [ -65.4827, -24.8525 ], [ -65.4717, -24.8448 ] ] } },
{ "type": "Feature", "properties": { "nombre": "Camino sin nombre", "longitud_km": 1.46 }, "geometry": { "type": "LineString", "coordinates": [ [ -65.4847, -24.8395 ], [ -65.4827, -24.8525 ] ] } },
{ "type": "Feature", "properties": { "nombre": "Camino sin nombre", "longitud_km": 0.86 }, "geometry": { "type": "LineString", "coordinates": [ [ -65.4894, -24.8572 ], [ -65.4827, -24.8525 ] ] } },
{ "type": "Feature", "properties": { "nombre": "Camino sin nombre", "longitud_km": 3.63 }, "geometry": { "type": "LineString", "coordinates": [ [ -65.5746, -24.8513 ], [ -65.5543, -24.851 ], [ -65.5412, -24.8588 ] ] } },
{ "type": "Feature", "properties": { "nombre": "Camino sin nombre", "longitud_km": 1.2 }, "geometry": { "type": "LineString", "coordinates": [ [ -65.4827, -24.8525 ], [ -65.4809, -24.8632 ] ] } },
{ "type": "Feature", "properties": { "nombre": "Camino sin nombre", "longitud_km": 0.63 }, "geometry": { "type": "LineString", "coordinates": [ [ -65.5331, -24.8583 ], [ -65.533, -24.8639 ] ] } },
{ "type": "Feature", "properties": { "nombre": "Camino sin nombre", "longitud_km": 1.82 }, "geometry": { "type": "LineString", "coordinates": [ [ -65.4021, -24.8662 ], [ -65.3841, -24.8678 ] ] } },
{ "type": "Feature", "properties": { "nombre": "Camino sin nombre", "longitud_km": 1.11 }, "geometry": { "type": "LineString", "coordinates": [ [ -65.5902, -24.8786 ], [ -65.588, -24.8688 ] ] } },
{ "type": "Feature", "properties": { "nombre": "Camino sin nombre", "longitud_km": 0.64 }, "geometry": { "type": "LineString", "coordinates": [ [ -65.5908, -24.8844 ], [ -65.5902, -24.8786 ] ] } },
{ "type": "Feature", "properties": { "nombre": "Camino sin nombre", "longitud_km": 3.86 }, "geometry": { "type": "LineString", "coordinates": [ [ -65.4813, -24.8903 ], [ -65.5194, -24.8924 ] ] } },
{ "type": "Feature", "properties": { "nombre": "Camino sin nombre", "longitud_km": 3.41 }, "geometry": { "type": "LineString", "coordinates": [ [ -65.5194, -24.8924 ], [ -65.516, -24.8618 ] ] } },
{ "type": "Feature", "properties": { "nombre": "Camino sin nombre", "longitud_km": 1.52 }, "geometry": { "type": "LineString", "coordinates": [ [ -65.5445, -24.8943 ], [ -65.5595, -24.8939 ] ] } },
{ "type": "Feature", "properties": { "nombre": "Camino sin nombre", "longitud_km": 2.54 }, "geometry": { "type": "LineString", "coordinates": [ [ -65.5194, -24.8924 ], [ -65.5445, -24.8943 ] ] } },
{ "type": "Feature", "properties": { "nombre": "Camino sin nombre", "longitud_km": 3.14 }, "geometry": { "type": "LineString", "coordinates": [ [ -65.5595, -24.8939 ], [ -65.5905, -24.8965 ] ] } },
{ "type": "Feature", "properties": { "nombre": "Camino sin nombre", "longitud_km": 1.35 }, "geometry": { "type": "LineString", "coordinates": [ [ -65.5905, -24.8965 ], [ -65.5908, -24.8844 ] ] } },
{ "type": "Feature", "properties": { "nombre": "Camino sin nombre", "longitud_km": 2.3 }, "geometry": { "type": "LineString", "coordinates": [ [ -65.5905, -24.8965 ], [ -65.6132, -24.895 ] ] } },
{ "type": "Feature", "properties": { "nombre": "Camino sin nombre", "longitud_km": 4.95 }, "geometry": { "type": "LineString", "coordinates": [ [ -65.4733, -24.8908 ], [ -65.4606, -24.8898 ], [ -65.4287, -24.9055 ] ] } },
{ "type": "Feature", "properties": { "nombre": "Camino sin nombre", "longitud_km": 0.73 }, "geometry": { "type": "LineString", "coordinates": [ [ -65.5903, -24.9031 ], [ -65.5905, -24.8965 ] ] } },
{ "type": "Feature", "properties": { "nombre": "Camino sin nombre", "longitud_km": 3.28 }, "geometry": { "type": "LineString", "coordinates": [ [ -65.634, -24.9063 ], [ -65.6428, -24.8995 ], [ -65.6637, -24.899 ] ] } },
{ "type": "Feature", "properties": { "nombre": "Camino sin nombre", "longitud_km": 0.16 }, "geometry": { "type": "LineString", "coordinates": [ [ -65.5764, -24.923 ], [ -65.5777, -24.9222 ] ] } },
{ "type": "Feature", "properties": { "nombre": "Camino sin nombre", "longitud_km": 5.76 }, "geometry": { "type": "LineString", "coordinates": [ [ -65.5764, -24.923 ], [ -65.5577, -24.9267 ], [ -65.5445, -24.8943 ] ] } },
{ "type": "Feature", "properties": { "nombre": "Camino sin nombre", "longitud_km": 3.15 }, "geometry": { "type": "LineString", "coordinates": [ [ -65.5178, -24.9385 ], [ -65.4867, -24.9386 ] ] } },
{ "type": "Feature", "properties": { "nombre": "Camino sin nombre", "longitud_km": 2.4 }, "geometry": { "type": "LineString", "coordinates": [ [ -65.5549, -24.9407 ], [ -65.5759, -24.9307 ] ] } },
{ "type": "Feature", "properties": { "nombre": "Camino sin nombre", "longitud_km": 2.6 }, "geometry": { "type": "LineString", "coordinates": [ [ -65.1672, -24.9586 ], [ -65.1739, -24.9513 ], [ -65.1891, -24.9531 ] ] } },
{ "type": "Feature", "properties": { "nombre": "Camino sin nombre", "longitud_km": 3.03 }, "geometry": { "type": "LineString", "coordinates": [ [ -65.5373, -24.9559 ], [ -65.5339, -24.953 ], [ -65.5376, -24.95 ], [ -65.556, -24.9419 ] ] } },
{ "type": "Feature", "properties": { "nombre": "Camino sin nombre", "longitud_km": 0.75 }, "geometry": { "type": "LineString", "coordinates": [ [ -65.5301, -24.9575 ], [ -65.5373, -24.9559 ] ] } },
{ "type": "Feature", "properties": { "nombre": "Camino sin nombre", "longitud_km": 2.23 }, "geometry": { "type": "LineString", "coordinates": [ [ -65.4894, -24.9645 ], [ -65.4724, -24.9655 ], [ -65.4704, -24.9613 ] ] } },
{ "type": "Feature", "properties": { "nombre": "Camino sin nombre", "longitud_km": 4.42 }, "geometry": { "type": "LineString", "coordinates": [ [ -65.5336, -24.966 ], [ -65.4901, -24.9703 ] ] } },
{ "type": "Feature", "properties": { "nombre": "Camino sin nombre", "longitud_km": 1.03 }, "geometry": { "type": "LineString", "coordinates": [ [ -65.4341, -24.9719 ], [ -65.4239, -24.9728 ] ] } },
{ "type": "Feature", "properties": { "nombre": "Camino sin nombre", "longitud_km": 3.97 }, "geometry": { "type": "LineString", "coordinates": [ [ -65.4341, -24.9719 ], [ -65.4598, -24.97 ], [ -65.4709, -24.977 ] ] } },
{ "type": "Feature", "properties": { "nombre": "Camino sin nombre", "longitud_km": 3.46 }, "geometry": { "type": "LineString", "coordinates": [ [ -65.1718, -24.9844 ], [ -65.1704, -24.9747 ], [ -65.1611, -24.966 ], [ -65.1672, -24.9586 ] ] } },
{ "type": "Feature", "properties": { "nombre": "Camino sin nombre", "longitud_km": 2.36 }, "geometry": { "type": "LineString", "coordinates": [ [ -65.4709, -24.977 ], [ -65.4819, -24.9831 ], [ -65.4909, -24.9781 ] ] } },
{ "type": "Feature", "properties": { "nombre": "Camino sin nombre", "longitud_km": 1.4 }, "geometry": { "type": "LineString", "coordinates": [ [ -65.4363, -24.9844 ], [ -65.4341, -24.9719 ] ] } },
{ "type": "Feature", "properties": { "nombre": "Camino sin nombre", "longitud_km": 4.99 }, "geometry": { "type": "LineString", "coordinates": [ [ -65.4916, -24.9847 ], [ -65.5222, -24.983 ], [ -65.5261, -24.9773 ], [ -65.5372, -24.9749 ] ] } },
{ "type": "Feature", "properties": { "nombre": "Camino sin nombre", "longitud_km": 7.73 }, "geometry": { "type": "LineString", "coordinates": [ [ -65.1993, -25.0345 ], [ -65.1717, -25.0242 ], [ -65.1782, -25.0146 ], [ -65.1722, -25.0023 ], [ -65.1718, -24.9844 ] ] } },
{ "type": "Feature", "properties": { "nombre": "Camino sin nombre", "longitud_km": 1.67 }, "geometry": { "type": "LineString", "coordinates": [ [ -65.4291, -25.0051 ], [ -65.4277, -25.0022 ], [ -65.4398, -24.9976 ] ] } },
{ "type": "Feature", "properties": { "nombre": "Camino sin nombre", "longitud_km": 2.33 }, "geometry": { "type": "LineString", "coordinates": [ [ -65.4582, -25.0094 ], [ -65.4553, -24.9886 ] ] } },
{ "type": "Feature", "properties": { "nombre": "Camino sin nombre", "longitud_km": 2.21 }, "geometry": { "type": "LineString", "coordinates": [ [ -65.4913, -24.9956 ], [ -65.5125, -25.0005 ] ] } },
{ "type": "Feature", "properties": { "nombre": "Camino sin nombre", "longitud_km": 1.96 }, "geometry": { "type": "LineString", "coordinates": [ [ -65.5254, -25.0101 ], [ -65.5199, -25.0003 ], [ -65.5125, -25.0005 ] ] } },
{ "type": "Feature", "properties": { "nombre": "Camino sin nombre", "longitud_km": 1.22 }, "geometry": { "type": "LineString", "coordinates": [ [ -65.5782, -25.0861 ], [ -65.5665, -25.089 ] ] } },
{ "type": "Feature", "properties": { "nombre": "Camino sin nombre", "longitud_km": 3.24 }, "geometry": { "type": "LineString", "coordinates": [ [ -65.5665, -25.089 ], [ -65.5345, -25.0887 ] ] } },
{ "type": "Feature", "properties": { "nombre": "Camino sin nombre", "longitud_km": 1.39 }, "geometry": { "type": "LineString", "coordinates": [ [ -65.5198, -25.0913 ], [ -65.5212, -25.0788 ] ] } },
{ "type": "Feature", "properties": { "nombre": "Camino sin nombre", "longitud_km": 1.55 }, "geometry": { "type": "LineString", "coordinates": [ [ -65.5344, -25.0954 ], [ -65.5198, -25.0913 ] ] } },
{ "type": "Feature", "properties": { "nombre": "Camino sin nombre", "longitud_km": 2.8 }, "geometry": { "type": "LineString", "coordinates": [ [ -65.4344, -25.0899 ], [ -65.4165, -25.1092 ] ] } },
{ "type": "Feature", "properties": { "nombre": "Camino sin nombre", "longitud_km": 2.16 }, "geometry": { "type": "LineString", "coordinates": [ [ -65.5087, -25.133 ], [ -65.4876, -25.1364 ] ] } },
{ "type": "Feature", "properties": { "nombre": "Camino sin nombre", "longitud_km": 0.79 }, "geometry": { "type": "LineString", "coordinates": [ [ -65.4875, -25.1415 ], [ -65.4797, -25.1422 ] ] } },
{ "type": "Feature", "properties": { "nombre": "Camino sin nombre", "longitud_km": 1.4 }, "geometry": { "type": "LineString", "coordinates": [ [ -65.4797, -25.1422 ], [ -65.466, -25.1441 ] ] } },
{ "type": "Feature", "properties": { "nombre": "Camino sin nombre", "longitud_km": 2.64 }, "geometry": { "type": "LineString", "coordinates": [ [ -65.466, -25.1441 ], [ -65.4412, -25.1518 ] ] } },
{ "type": "Feature", "properties": { "nombre": "Camino sin nombre", "longitud_km": 3.85 }, "geometry": { "type": "LineString", "coordinates": [ [ -65.4958, -25.1714 ], [ -65.487, -25.1715 ], [ -65.4768, -25.1638 ], [ -65.4606, -25.1635 ] ] } },
{ "type": "Feature", "properties": { "nombre": "Camino sin nombre", "longitud_km": 3.62 }, "geometry": { "type": "LineString", "coordinates": [ [ -65.7622, -25.169 ], [ -65.7569, -25.1525 ], [ -65.7673, -25.1402 ] ] } },
{ "type": "Feature", "properties": { "nombre": "Camino sin nombre", "longitud_km": 2.83 }, "geometry": { "type": "LineString", "coordinates": [ [ -65.4606, -25.1635 ], [ -65.4473, -25.1673 ], [ -65.4476, -25.172 ], [ -65.4396, -25.1757 ] ] } },
{ "type": "Feature", "properties": { "nombre": "Camino sin nombre", "longitud_km": 0.65 }, "geometry": { "type": "LineString", "coordinates": [ [ -65.4691, -25.2725 ], [ -65.465, -25.268 ] ] } },
{ "type": "Feature", "properties": { "nombre": "Camino sin nombre", "longitud_km": 3.93 }, "geometry": { "type": "LineString", "coordinates": [ [ -67.0435, -25.1366 ], [ -67.03, -25.1287 ], [ -67.0136, -25.1433 ] ] } },
{ "type": "Feature", "properties": { "nombre": "Camino sin nombre", "longitud_km": 4.69 }, "geometry": { "type": "LineString", "coordinates": [ [ -65.4864, -25.2003 ], [ -65.4818, -25.2031 ], [ -65.4581, -25.1966 ], [ -65.4445, -25.2046 ] ] } },
{ "type": "Feature", "properties": { "nombre": "Camino sin nombre", "longitud_km": 2.76 }, "geometry": { "type": "LineString", "coordinates": [ [ -65.5121, -25.2088 ], [ -65.4864, -25.2003 ] ] } },
{ "type": "Feature", "properties": { "nombre": "Camino sin nombre", "longitud_km": 5.41 }, "geometry": { "type": "LineString", "coordinates": [ [ -67.0136, -25.1433 ], [ -67.0151, -25.1921 ] ] } },
{ "type": "Feature", "properties": { "nombre": "Camino sin nombre", "longitud_km": 3.08 }, "geometry": { "type": "LineString", "coordinates": [ [ -65.462, -25.235 ], [ -65.4427, -25.2358 ], [ -65.4394, -25.2261 ] ] } },
{ "type": "Feature", "properties": { "nombre": "Camino sin nombre", "longitud_km": 0.44 }, "geometry": { "type": "LineString", "coordinates": [ [ -65.465, -25.268 ], [ -65.4606, -25.2677 ] ] } },
{ "type": "Feature", "properties": { "nombre": "Camino sin nombre", "longitud_km": 3.85 }, "geometry": { "type": "LineString", "coordinates": [ [ -65.5184, -25.2694 ], [ -65.5561, -25.2635 ] ] } },
{ "type": "Feature", "properties": { "nombre": "Camino sin nombre", "longitud_km": 0.58 }, "geometry": { "type": "LineString", "coordinates": [ [ -65.4747, -25.2713 ], [ -65.4691, -25.2725 ] ] } },
{ "type": "Feature", "properties": { "nombre": "Camino sin nombre", "longitud_km": 0.81 }, "geometry": { "type": "LineString", "coordinates": [ [ -65.4606, -25.2677 ], [ -65.4618, -25.275 ] ] } },
{ "type": "Feature", "properties": { "nombre": "Camino sin nombre", "longitud_km": 1.34 }, "geometry": { "type": "LineString", "coordinates": [ [ -65.4606, -25.2677 ], [ -65.4566, -25.2675 ], [ -65.4562, -25.2759 ] ] } },
{ "type": "Feature", "properties": { "nombre": "Camino sin nombre", "longitud_km": 0.35 }, "geometry": { "type": "LineString", "coordinates": [ [ -65.4618, -25.275 ], [ -65.4629, -25.278 ] ] } },
{ "type": "Feature", "properties": { "nombre": "Camino sin nombre", "longitud_km": 0.33 }, "geometry": { "type": "LineString", "coordinates": [ [ -65.4562, -25.2759 ], [ -65.4565, -25.2789 ] ] } },
{ "type": "Feature", "properties": { "nombre": "Camino sin nombre", "longitud_km": 3.2 }, "geometry": { "type": "LineString", "coordinates": [ [ -65.4565, -25.2789 ], [ -65.4596, -25.287 ], [ -65.4798, -25.2786 ] ] } },
{ "type": "Feature", "properties": { "nombre": "Camino sin nombre", "longitud_km": 0.49 }, "geometry": { "type": "LineString", "coordinates": [ [ -66.2545, -25.3319 ], [ -66.2497, -25.331 ] ] } },
{ "type": "Feature", "properties": { "nombre": "Camino sin nombre", "longitud_km": 3.85 }, "geometry": { "type": "LineString", "coordinates": [ [ -66.2915, -25.3261 ], [ -66.2679, -25.333 ], [ -66.2545, -25.3319 ] ] } },
{ "type": "Feature", "properties": { "nombre": "Camino sin nombre", "longitud_km": 10.25 }, "geometry": { "type": "LineString", "coordinates": [ [ -64.8613, -25.3231 ], [ -64.8157, -25.3648 ], [ -64.7805, -25.3754 ] ] } },
{ "type": "Feature", "properties": { "nombre": "Camino sin nombre", "longitud_km": 13.38 }, "geometry": { "type": "LineString", "coordinates": [ [ -66.285, -25.4327 ], [ -66.2962, -25.4157 ], [ -66.2915, -25.3893 ], [ -66.2817, -25.3761 ], [ -66.2777, -25.3551 ], [ -66.2641, -25.3488 ], [ -66.2651, -25.3364 ], [ -66.2545, -25.3319 ] ] } },
{ "type": "Feature", "properties": { "nombre": "Camino sin nombre", "longitud_km": 2.23 }, "geometry": { "type": "LineString", "coordinates": [ [ -64.9776, -25.8169 ], [ -64.9762, -25.837 ] ] } },
{ "type": "Feature", "properties": { "nombre": "Camino sin nombre", "longitud_km": 2.54 }, "geometry": { "type": "LineString", "coordinates": [ [ -64.9056, -25.5851 ], [ -64.8804, -25.5841 ] ] } },
{ "type": "Feature", "properties": { "nombre": "Camino sin nombre", "longitud_km": 2.37 }, "geometry": { "type": "LineString", "coordinates": [ [ -64.929, -25.5825 ], [ -64.9056, -25.5851 ] ] } },
{ "type": "Feature", "properties": { "nombre": "Camino sin nombre", "longitud_km": 1.77 }, "geometry": { "type": "LineString", "coordinates": [ [ -64.945, -25.5892 ], [ -64.929, -25.5825 ] ] } },
{ "type": "Feature", "properties": { "nombre": "Camino sin nombre", "longitud_km": 2.09 }, "geometry": { "type": "LineString", "coordinates": [ [ -64.8804, -25.5841 ], [ -64.8618, -25.5926 ] ] } },
{ "type": "Feature", "properties": { "nombre": "Camino sin nombre", "longitud_km": 2.08 }, "geometry": { "type": "LineString", "coordinates": [ [ -64.9639, -25.5969 ], [ -64.945, -25.5892 ] ] } },
{ "type": "Feature", "properties": { "nombre": "Camino sin nombre", "longitud_km": 0.85 }, "geometry": { "type": "LineString", "coordinates": [ [ -65.0859, -25.8071 ], [ -65.078, -25.8098 ] ] } },
{ "type": "Feature", "properties": { "nombre": "Camino sin nombre", "longitud_km": 1.11 }, "geometry": { "type": "LineString", "coordinates": [ [ -65.078, -25.8098 ], [ -65.0676, -25.8133 ] ] } },
{ "type": "Feature", "properties": { "nombre": "Camino sin nombre", "longitud_km": 1.3 }, "geometry": { "type": "LineString", "coordinates": [ [ -64.9846, -25.807 ], [ -64.9776, -25.8169 ] ] } },
{ "type": "Feature", "properties": { "nombre": "Camino sin nombre", "longitud_km": 6.75 }, "geometry": { "type": "LineString", "coordinates": [ [ -65.0676, -25.8133 ], [ -65.0533, -25.821 ], [ -65.0199, -25.8123 ], [ -65.004, -25.8128 ] ] } },
{ "type": "Feature", "properties": { "nombre": "Camino sin nombre", "longitud_km": 1.46 }, "geometry": { "type": "LineString", "coordinates": [ [ -65.004, -25.8128 ], [ -64.9976, -25.8247 ] ] } },
{ "type": "Feature", "properties": { "nombre": "Camino sin nombre", "longitud_km": 3.03 }, "geometry": { "type": "LineString", "coordinates": [ [ -64.9976, -25.8247 ], [ -64.9952, -25.852 ] ] } },
{ "type": "Feature", "properties": { "nombre": "Camino sin nombre", "longitud_km": 0.34 }, "geometry": { "type": "LineString", "coordinates": [ [ -65.9727, -26.0654 ], [ -65.9698, -26.0669 ] ] } },
{ "type": "Feature", "properties": { "nombre": "Camino sin nombre", "longitud_km": 0.08 }, "geometry": { "type": "LineString", "coordinates": [ [ -65.9656, -26.0688 ], [ -65.9648, -26.069 ] ] } },
{ "type": "Feature", "properties": { "nombre": "Camino sin nombre", "longitud_km": 0.63 }, "geometry": { "type": "LineString", "coordinates": [ [ -64.6572, -26.0 ], [ -64.6635, -26.0002 ] ] } },
{ "type": "Feature", "properties": { "nombre": "Camino sin nombre", "longitud_km": 0.75 }, "geometry": { "type": "LineString", "coordinates": [ [ -65.9648, -26.069 ], [ -65.9574, -26.0695 ] ] } },
{ "type": "Feature", "properties": { "nombre": "Camino sin nombre", "longitud_km": 4.4 }, "geometry": { "type": "LineString", "coordinates": [ [ -65.9412, -26.2164 ], [ -65.8974, -26.2196 ] ] } },
{ "type": "Feature", "properties": { "nombre": "Camino sin nombre", "longitud_km": 0.22 }, "geometry": { "type": "LineString", "coordinates": [ [ -65.9698, -26.0669 ], [ -65.9679, -26.0679 ] ] } },
{ "type": "Feature", "properties": { "nombre": "Camino sin nombre", "longitud_km": 0.08 }, "geometry": { "type": "LineString", "coordinates": [ [ -65.9664, -26.0686 ], [ -65.9656, -26.0688 ] ] } },
{ "type": "Feature", "properties": { "nombre": "Camino sin nombre", "longitud_km": 0.16 }, "geometry": { "type": "LineString", "coordinates": [ [ -65.9679, -26.0679 ], [ -65.9664, -26.0686 ] ] } },
{ "type": "Feature", "properties": { "nombre": "Camino sin nombre", "longitud_km": 0.21 }, "geometry": { "type": "LineString", "coordinates": [ [ -65.942, -26.2146 ], [ -65.9412, -26.2164 ] ] } },
{ "type": "Feature", "properties": { "nombre": "Camino sin nombre", "longitud_km": 6.11 }, "geometry": { "type": "LineString", "coordinates": [ [ -65.8718, -26.2216 ], [ -65.8107, -26.2217 ] ] } },
{ "type": "Feature", "properties": { "nombre": "Camino sin nombre", "longitud_km": 2.57 }, "geometry": { "type": "LineString", "coordinates": [ [ -65.8974, -26.2196 ], [ -65.8718, -26.2216 ] ] } },
{ "type": "Feature", "properties": { "nombre": "Camino sin nombre", "longitud_km": 0.09 }, "geometry": { "type": "LineString", "coordinates": [ [ -65.1649, -26.1032 ], [ -65.1656, -26.1026 ] ] } },
{ "type": "Feature", "properties": { "nombre": "Camino sin nombre", "longitud_km": 0.65 }, "geometry": { "type": "LineString", "coordinates": [ [ -65.294, -26.1227 ], [ -65.2881, -26.1205 ] ] } },
{ "type": "Feature", "properties": { "nombre": "Camino sin nombre", "longitud_km": 0.25 }, "geometry": { "type": "LineString", "coordinates": [ [ -64.6411, -26.0476 ], [ -64.6434, -26.0467 ] ] } },
{ "type": "Feature", "properties": { "nombre": "Camino sin nombre", "longitud_km": 0.04 }, "geometry": { "type": "LineString", "coordinates": [ [ -64.672, -26.0115 ], [ -64.6719, -26.0118 ] ] } },
{ "type": "Feature", "properties": { "nombre": "Camino sin nombre", "longitud_km": 0.63 }, "geometry": { "type": "LineString", "coordinates": [ [ -64.6572, -26.0 ], [ -64.6635, -26.0002 ] ] } },
{ "type": "Feature", "properties": { "nombre": "Camino sin nombre", "longitud_km": 0.64 }, "geometry": { "type": "LineString", "coordinates": [ [ -64.5856, -26.1163 ], [ -64.592, -26.1155 ] ] } },
{ "type": "Feature", "properties": { "nombre": "Camino sin nombre", "longitud_km": 0.93 }, "geometry": { "type": "LineString", "coordinates": [ [ -64.654, -26.0 ], [ -64.6558, -26.0082 ] ] } },
{ "type": "Feature", "properties": { "nombre": "Camino sin nombre", "longitud_km": 1.12 }, "geometry": { "type": "LineString", "coordinates": [ [ -64.6756, -26.0 ], [ -64.671, -26.0092 ] ] } },
{ "type": "Feature", "properties": { "nombre": "Camino sin nombre", "longitud_km": 1.75 }, "geometry": { "type": "LineString", "coordinates": [ [ -64.6917, -26.0116 ], [ -64.6743, -26.0106 ] ] } },
{ "type": "Feature", "properties": { "nombre": "Camino sin nombre", "longitud_km": 0.39 }, "geometry": { "type": "LineString", "coordinates": [ [ -64.6715, -26.0131 ], [ -64.6697, -26.0162 ] ] } },
{ "type": "Feature", "properties": { "nombre": "Camino sin nombre", "longitud_km": 2.61 }, "geometry": { "type": "LineString", "coordinates": [ [ -64.6594, -26.0395 ], [ -64.6692, -26.0177 ] ] } },
{ "type": "Feature", "properties": { "nombre": "Camino sin nombre", "longitud_km": 0.51 }, "geometry": { "type": "LineString", "coordinates": [ [ -64.6602, -26.1012 ], [ -64.6551, -26.1016 ] ] } },
{ "type": "Feature", "properties": { "nombre": "Camino sin nombre", "longitud_km": 0.68 }, "geometry": { "type": "LineString", "coordinates": [ [ -64.6602, -26.1012 ], [ -64.667, -26.1012 ] ] } },
{ "type": "Feature", "properties": { "nombre": "Camino sin nombre", "longitud_km": 0.13 }, "geometry": { "type": "LineString", "coordinates": [ [ -64.6705, -26.0103 ], [ -64.671, -26.0092 ] ] } },
{ "type": "Feature", "properties": { "nombre": "Camino sin nombre", "longitud_km": 0.23 }, "geometry": { "type": "LineString", "coordinates": [ [ -64.592, -26.1155 ], [ -64.5943, -26.1154 ] ] } },
{ "type": "Feature", "properties": { "nombre": "Camino sin nombre", "longitud_km": 0.41 }, "geometry": { "type": "LineString", "coordinates": [ [ -64.6386, -26.1122 ], [ -64.6426, -26.1115 ] ] } },
{ "type": "Feature", "properties": { "nombre": "Camino sin nombre", "longitud_km": 0.42 }, "geometry": { "type": "LineString", "coordinates": [ [ -64.6426, -26.1115 ], [ -64.6469, -26.1117 ] ] } },
{ "type": "Feature", "properties": { "nombre": "Camino sin nombre", "longitud_km": 0.34 }, "geometry": { "type": "LineString", "coordinates": [ [ -64.6508, -26.1076 ], [ -64.6478, -26.1061 ] ] } },
{ "type": "Feature", "properties": { "nombre": "Camino sin nombre", "longitud_km": 0.12 }, "geometry": { "type": "LineString", "coordinates": [ [ -64.6716, -26.0106 ], [ -64.6705, -26.0103 ] ] } },
{ "type": "Feature", "properties": { "nombre": "Camino sin nombre", "longitud_km": 0.09 }, "geometry": { "type": "LineString", "coordinates": [ [ -64.6743, -26.0106 ], [ -64.6734, -26.0106 ] ] } },
{ "type": "Feature", "properties": { "nombre": "Camino sin nombre", "longitud_km": 0.03 }, "geometry": { "type": "LineString", "coordinates": [ [ -64.6734, -26.0106 ], [ -64.6731, -26.0107 ] ] } },
{ "type": "Feature", "properties": { "nombre": "Camino sin nombre", "longitud_km": 0.09 }, "geometry": { "type": "LineString", "coordinates": [ [ -64.6731, -26.0107 ], [ -64.6722, -26.0107 ] ] } },
{ "type": "Feature", "properties": { "nombre": "Camino sin nombre", "longitud_km": 0.08 }, "geometry": { "type": "LineString", "coordinates": [ [ -64.6717, -26.0124 ], [ -64.6715, -26.0131 ] ] } },
{ "type": "Feature", "properties": { "nombre": "Camino sin nombre", "longitud_km": 0.08 }, "geometry": { "type": "LineString", "coordinates": [ [ -64.6722, -26.0107 ], [ -64.672, -26.0115 ] ] } },
{ "type": "Feature", "properties": { "nombre": "Camino sin nombre", "longitud_km": 0.07 }, "geometry": { "type": "LineString", "coordinates": [ [ -64.6719, -26.0118 ], [ -64.6717, -26.0124 ] ] } },
{ "type": "Feature", "properties": { "nombre": "Camino sin nombre", "longitud_km": 0.13 }, "geometry": { "type": "LineString", "coordinates": [ [ -64.6702, -26.0114 ], [ -64.6705, -26.0103 ] ] } },
{ "type": "Feature", "properties": { "nombre": "Camino sin nombre", "longitud_km": 0.27 }, "geometry": { "type": "LineString", "coordinates": [ [ -64.6694, -26.0138 ], [ -64.6702, -26.0114 ] ] } },
{ "type": "Feature", "properties": { "nombre": "Camino sin nombre", "longitud_km": 1.04 }, "geometry": { "type": "LineString", "coordinates": [ [ -64.6508, -26.0477 ], [ -64.6582, -26.0411 ] ] } },
{ "type": "Feature", "properties": { "nombre": "Camino sin nombre", "longitud_km": 0.21 }, "geometry": { "type": "LineString", "coordinates": [ [ -64.6582, -26.0411 ], [ -64.6594, -26.0395 ] ] } },
{ "type": "Feature", "properties": { "nombre": "Camino sin nombre", "longitud_km": 0.2 }, "geometry": { "type": "LineString", "coordinates": [ [ -64.6454, -26.0459 ], [ -64.6474, -26.0459 ] ] } },
{ "type": "Feature", "properties": { "nombre": "Camino sin nombre", "longitud_km": 0.21 }, "geometry": { "type": "LineString", "coordinates": [ [ -64.6483, -26.0461 ], [ -64.6487, -26.048 ] ] } },
{ "type": "Feature", "properties": { "nombre": "Camino sin nombre", "longitud_km": 0.21 }, "geometry": { "type": "LineString", "coordinates": [ [ -64.6487, -26.048 ], [ -64.6508, -26.0477 ] ] } },
{ "type": "Feature", "properties": { "nombre": "Camino sin nombre", "longitud_km": 0.09 }, "geometry": { "type": "LineString", "coordinates": [ [ -64.6474, -26.0459 ], [ -64.6483, -26.0461 ] ] } },
{ "type": "Feature", "properties": { "nombre": "Camino sin nombre", "longitud_km": 0.22 }, "geometry": { "type": "LineString", "coordinates": [ [ -64.6434, -26.0467 ], [ -64.6454, -26.0459 ] ] } },
{ "type": "Feature", "properties": { "nombre": "Camino sin nombre", "longitud_km": 0.43 }, "geometry": { "type": "LineString", "coordinates": [ [ -64.6692, -26.0177 ], [ -64.6694, -26.0138 ] ] } },
{ "type": "Feature", "properties": { "nombre": "Camino sin nombre", "longitud_km": 0.19 }, "geometry": { "type": "LineString", "coordinates": [ [ -64.6392, -26.0473 ], [ -64.6411, -26.0476 ] ] } },
{ "type": "Feature", "properties": { "nombre": "Camino sin nombre", "longitud_km": 0.17 }, "geometry": { "type": "LineString", "coordinates": [ [ -64.6697, -26.0162 ], [ -64.6692, -26.0177 ] ] } },
{ "type": "Feature", "properties": { "nombre": "Camino sin nombre", "longitud_km": 0.06 }, "geometry": { "type": "LineString", "coordinates": [ [ -64.6722, -26.0107 ], [ -64.6716, -26.0106 ] ] } },
{ "type": "Feature", "properties": { "nombre": "Camino sin nombre", "longitud_km": 1.2 }, "geometry": { "type": "LineString", "coordinates": [ [ -65.3737, -24.797 ], [ -65.3733, -24.7862 ] ] } },
{ "type": "Feature", "properties": { "nombre": "Camino sin nombre", "longitud_km": 1.07 }, "geometry": { "type": "LineString", "coordinates": [ [ -65.3952, -24.8196 ], [ -65.3965, -24.81 ] ] } },
{ "type": "Feature", "properties": { "nombre": "Camino sin nombre", "longitud_km": 1.15 }, "geometry": { "type": "LineString", "coordinates": [ [ -64.9825, -24.9038 ], [ -64.9713, -24.9054 ] ] } },
{ "type": "Feature", "properties": { "nombre": "Camino sin nombre", "longitud_km": 1.3 }, "geometry": { "type": "LineString", "coordinates": [ [ -64.9047, -25.4461 ], [ -64.9172, -25.4491 ] ] } },
{ "type": "Feature", "properties": { "nombre": "Camino sin nombre", "longitud_km": 5.14 }, "geometry": { "type": "LineString", "coordinates": [ [ -64.7865, -25.3822 ], [ -64.7779, -25.375 ], [ -64.739, -25.3809 ] ] } },
{ "type": "Feature", "properties": { "nombre": "Camino sin nombre", "longitud_km": 1.7 }, "geometry": { "type": "LineString", "coordinates": [ [ -64.8364, -25.4201 ], [ -64.8239, -25.4097 ] ] } },
{ "type": "Feature", "properties": { "nombre": "Camino sin nombre", "longitud_km": 2.68 }, "geometry": { "type": "LineString", "coordinates": [ [ -64.8587, -25.4332 ], [ -64.8364, -25.4201 ] ] } },
{ "type": "Feature", "properties": { "nombre": "Camino sin nombre", "longitud_km": 4.81 }, "geometry": { "type": "LineString", "coordinates": [ [ -64.9048, -25.446 ], [ -64.859, -25.4335 ] ] } },
{ "type": "Feature", "properties": { "nombre": "Camino sin nombre", "longitud_km": 0.67 }, "geometry": { "type": "LineString", "coordinates": [ [ -64.9657, -25.4614 ], [ -64.9591, -25.4614 ] ] } },
{ "type": "Feature", "properties": { "nombre": "Camino sin nombre", "longitud_km": 4.91 }, "geometry": { "type": "LineString", "coordinates": [ [ -64.9172, -25.4491 ], [ -64.9438, -25.4646 ], [ -64.9552, -25.4653 ], [ -64.9591, -25.4614 ] ] } },
{ "type": "Feature", "properties": { "nombre": "Camino sin nombre", "longitud_km": 0.02 }, "geometry": { "type": "LineString", "coordinates": [ [ -65.9805, -26.0395 ], [ -65.9803, -26.0396 ] ] } },
{ "type": "Feature", "properties": { "nombre": "Camino sin nombre", "longitud_km": 0.3 }, "geometry": { "type": "LineString", "coordinates": [ [ -65.9813, -26.0639 ], [ -65.9785, -26.0648 ] ] } },
{ "type": "Feature", "properties": { "nombre": "Camino sin nombre", "longitud_km": 0.28 }, "geometry": { "type": "LineString", "coordinates": [ [ -65.9778, -26.0813 ], [ -65.9775, -26.0788 ] ] } },
{ "type": "Feature", "properties": { "nombre": "Camino sin nombre", "longitud_km": 0.18 }, "geometry": { "type": "LineString", "coordinates": [ [ -65.9757, -26.0655 ], [ -65.974, -26.066 ] ] } },
{ "type": "Feature", "properties": { "nombre": "Camino sin nombre", "longitud_km": 0.15 }, "geometry": { "type": "LineString", "coordinates": [ [ -65.9772, -26.0652 ], [ -65.9757, -26.0655 ] ] } },
{ "type": "Feature", "properties": { "nombre": "Camino sin nombre", "longitud_km": 0.14 }, "geometry": { "type": "LineString", "coordinates": [ [ -65.9785, -26.0648 ], [ -65.9772, -26.0652 ] ] } },
{ "type": "Feature", "properties": { "nombre": "Camino sin nombre", "longitud_km": 0.14 }, "geometry": { "type": "LineString", "coordinates": [ [ -65.9839, -26.0631 ], [ -65.9825, -26.0633 ] ] } },
{ "type": "Feature", "properties": { "nombre": "Camino sin nombre", "longitud_km": 0.14 }, "geometry": { "type": "LineString", "coordinates": [ [ -65.9825, -26.0633 ], [ -65.9813, -26.0639 ] ] } },
{ "type": "Feature", "properties": { "nombre": "Camino sin nombre", "longitud_km": 0.16 }, "geometry": { "type": "LineString", "coordinates": [ [ -65.9774, -26.0782 ], [ -65.9772, -26.0768 ] ] } },
{ "type": "Feature", "properties": { "nombre": "Camino sin nombre", "longitud_km": 0.07 }, "geometry": { "type": "LineString", "coordinates": [ [ -65.9775, -26.0788 ], [ -65.9774, -26.0782 ] ] } },
{ "type": "Feature", "properties": { "nombre": "Camino sin nombre", "longitud_km": 0.8 }, "geometry": { "type": "LineString", "coordinates": [ [ -65.2881, -26.1205 ], [ -65.2809, -26.1173 ] ] } },
{ "type": "Feature", "properties": { "nombre": "Camino sin nombre", "longitud_km": 0.97 }, "geometry": { "type": "LineString", "coordinates": [ [ -64.5936, -26.1067 ], [ -64.5943, -26.1154 ] ] } }
]
}
