{
"type": "FeatureCollection",
"name": "san-luis",
"crs": { "type": "name", "properties": { "name": "urn:ogc:def:crs:OGC:1.3:CRS84" } },
"xy_coordinate_resolution": 0.0001,
"features": [
{ "type": "Feature", "properties": { "nombre": "Camino sin nombre", "longitud_km": 12.48 }, "geometry": { "type": "LineString", "coordinates": [ [ -66.264, -33.3035 ], [ -66.2736, -33.2979 ], [ -66.3009, -33.2971 ], [ -66.3381, -33.3162 ], [ -66.3875, -33.3282 ] ] } },
{ "type": "Feature", "properties": { "nombre": "Camino sin nombre", "longitud_km": 12.06 }, "geometry": { "type": "LineString", "coordinates": [ [ -66.3846, -33.3293 ], [ -66.3394, -33.317 ], [ -66.3015, -33.2974 ], [ -66.2733, -33.2982 ], [ -66.2665, -33.3035 ] ] } },
{ "type": "Feature", "properties": { "nombre": "Camino sin nombre", "longitud_km": 1.13 }, "geometry": { "type": "LineString", "coordinates": [ [ -66.0405, -32.0 ], [ -66.0291, -31.9967 ] ] } },
{ "type": "Feature", "properties": { "nombre": "Camino sin nombre", "longitud_km": 27.26 }, "geometry": { "type": "LineString", "coordinates": [ [ -66.3729, -31.983 ], [ -66.3316, -32.009 ], [ -66.2399, -32.0283 ], [ -66.1803, -32.0559 ], [ -66.1278, -32.0666 ], [ -66.1096, -32.0754 ] ] } },
{ "type": "Feature", "properties": { "nombre": "Camino sin nombre", "longitud_km": 1.29 }, "geometry": { "type": "LineString", "coordinates": [ [ -65.8344, -32.0174 ], [ -65.8211, -32.0199 ] ] } },
{ "type": "Feature", "properties": { "nombre": "Camino sin nombre", "longitud_km": 5.72 }, "geometry": { "type": "LineString", "coordinates": [ [ -65.8211, -32.0199 ], [ -65.7952, -32.0223 ], [ -65.7945, -32.0119 ], [ -65.7847, -32.0112 ], [ -65.7844, -32.0008 ] ] } },
{ "type": "Feature", "properties": { "nombre": "Camino sin nombre", "longitud_km": 9.38 }, "geometry": { "type": "LineString", "coordinates": [ [ -65.8907, -32.0264 ], [ -65.891, -32.0167 ], [ -65.899, -32.0064 ], [ -65.9679, -31.9851 ] ] } },
{ "type": "Feature", "properties": { "nombre": "Camino sin nombre", "longitud_km": 2.0 }, "geometry": { "type": "LineString", "coordinates": [ [ -65.721, -32.031 ], [ -65.7275, -32.0308 ], [ -65.7363, -32.0207 ] ] } },
{ "type": "Feature", "properties": { "nombre": "Camino sin nombre", "longitud_km": 13.95 }, "geometry": { "type": "LineString", "coordinates": [ [ -65.721, -32.031 ], [ -65.7123, -32.0313 ], [ -65.7137, -32.0043 ], [ -65.7082, -31.9833 ], [ -65.715, -31.9717 ], [ -65.7048, -31.9686 ], [ -65.704, -31.963 ], [ -65.7037, -31.9312 ], [ -65.7117, -31.9233 ] ] } },
{ "type": "Feature", "properties": { "nombre": "Camino sin nombre", "longitud_km": 3.48 }, "geometry": { "type": "LineString", "coordinates": [ [ -65.4912, -32.0388 ], [ -65.5207, -32.0368 ], [ -65.5246, -32.0421 ] ] } },
{ "type": "Feature", "properties": { "nombre": "Camino sin nombre", "longitud_km": 1.86 }, "geometry": { "type": "LineString", "coordinates": [ [ -65.4912, -32.0388 ], [ -65.4915, -32.0556 ] ] } },
{ "type": "Feature", "properties": { "nombre": "Camino sin nombre", "longitud_km": 3.63 }, "geometry": { "type": "LineString", "coordinates": [ [ -65.4915, -32.0556 ], [ -65.5097, -32.0536 ], [ -65.5246, -32.0421 ] ] } },
{ "type": "Feature", "properties": { "nombre": "Camino sin nombre", "longitud_km": 2.14 }, "geometry": { "type": "LineString", "coordinates": [ [ -65.3865, -32.0588 ], [ -65.3863, -32.0395 ] ] } },
{ "type": "Feature", "properties": { "nombre": "Camino sin nombre", "longitud_km": 2.35 }, "geometry": { "type": "LineString", "coordinates": [ [ -65.7228, -32.0522 ], [ -65.721, -32.031 ] ] } },
{ "type": "Feature", "properties": { "nombre": "Camino sin nombre", "longitud_km": 1.01 }, "geometry": { "type": "LineString", "coordinates": [ [ -65.482, -32.0597 ], [ -65.4915, -32.0556 ] ] } },
{ "type": "Feature", "properties": { "nombre": "Camino sin nombre", "longitud_km": 0.93 }, "geometry": { "type": "LineString", "coordinates": [ [ -65.473, -32.0632 ], [ -65.482, -32.0597 ] ] } },
{ "type": "Feature", "properties": { "nombre": "Camino sin nombre", "longitud_km": 3.36 }, "geometry": { "type": "LineString", "coordinates": [ [ -65.4521, -32.0457 ], [ -65.4648, -32.0451 ], [ -65.473, -32.0632 ] ] } },
{ "type": "Feature", "properties": { "nombre": "Camino sin nombre", "longitud_km": 4.06 }, "geometry": { "type": "LineString", "coordinates": [ [ -65.3652, -32.0631 ], [ -65.3897, -32.074 ], [ -65.3921, -32.061 ] ] } },
{ "type": "Feature", "properties": { "nombre": "Camino sin nombre", "longitud_km": 5.25 }, "geometry": { "type": "LineString", "coordinates": [ [ -65.8479, -32.0566 ], [ -65.8907, -32.0264 ] ] } },
{ "type": "Feature", "properties": { "nombre": "Camino sin nombre", "longitud_km": 1.27 }, "geometry": { "type": "LineString", "coordinates": [ [ -65.4799, -32.0958 ], [ -65.4669, -32.0927 ] ] } },
{ "type": "Feature", "properties": { "nombre": "Camino sin nombre", "longitud_km": 13.38 }, "geometry": { "type": "LineString", "coordinates": [ [ -66.0, -32.0414 ], [ -65.9886, -32.044 ], [ -65.9775, -32.0596 ], [ -65.9531, -32.0588 ], [ -65.9214, -32.0436 ], [ -65.8934, -32.0429 ], [ -65.8907, -32.0264 ] ] } },
{ "type": "Feature", "properties": { "nombre": "Camino sin nombre", "longitud_km": 0.98 }, "geometry": { "type": "LineString", "coordinates": [ [ -65.4699, -32.0717 ], [ -65.473, -32.0632 ] ] } },
{ "type": "Feature", "properties": { "nombre": "Camino sin nombre", "longitud_km": 1.67 }, "geometry": { "type": "LineString", "coordinates": [ [ -65.486, -32.0744 ], [ -65.482, -32.0597 ] ] } },
{ "type": "Feature", "properties": { "nombre": "Camino sin nombre", "longitud_km": 1.29 }, "geometry": { "type": "LineString", "coordinates": [ [ -65.4785, -32.0753 ], [ -65.4778, -32.0706 ], [ -65.4699, -32.0717 ] ] } },
{ "type": "Feature", "properties": { "nombre": "Camino sin nombre", "longitud_km": 0.72 }, "geometry": { "type": "LineString", "coordinates": [ [ -65.486, -32.0744 ], [ -65.4785, -32.0753 ] ] } },
{ "type": "Feature", "properties": { "nombre": "Camino sin nombre", "longitud_km": 3.19 }, "geometry": { "type": "LineString", "coordinates": [ [ -65.6214, -32.0736 ], [ -65.6537, -32.0821 ] ] } },
{ "type": "Feature", "properties": { "nombre": "Camino sin nombre", "longitud_km": 1.65 }, "geometry": { "type": "LineString", "coordinates": [ [ -65.4976, -32.0855 ], [ -65.486, -32.0744 ] ] } },
{ "type": "Feature", "properties": { "nombre": "Camino sin nombre", "longitud_km": 3.37 }, "geometry": { "type": "LineString", "coordinates": [ [ -65.4915, -32.0556 ], [ -65.4976, -32.0855 ] ] } },
{ "type": "Feature", "properties": { "nombre": "Camino sin nombre", "longitud_km": 0.62 }, "geometry": { "type": "LineString", "coordinates": [ [ -65.4976, -32.0855 ], [ -65.4931, -32.0896 ] ] } },
{ "type": "Feature", "properties": { "nombre": "Camino sin nombre", "longitud_km": 2.58 }, "geometry": { "type": "LineString", "coordinates": [ [ -65.4669, -32.0927 ], [ -65.4642, -32.0763 ], [ -65.4699, -32.0717 ] ] } },
{ "type": "Feature", "properties": { "nombre": "Camino sin nombre", "longitud_km": 7.48 }, "geometry": { "type": "LineString", "coordinates": [ [ -65.5246, -32.0421 ], [ -65.536, -32.0508 ], [ -65.5361, -32.0578 ], [ -65.5588, -32.0671 ], [ -65.5586, -32.0784 ], [ -65.5676, -32.091 ] ] } },
{ "type": "Feature", "properties": { "nombre": "Camino sin nombre", "longitud_km": 2.27 }, "geometry": { "type": "LineString", "coordinates": [ [ -65.4785, -32.0753 ], [ -65.4799, -32.0958 ] ] } },
{ "type": "Feature", "properties": { "nombre": "Camino sin nombre", "longitud_km": 1.42 }, "geometry": { "type": "LineString", "coordinates": [ [ -65.4931, -32.0896 ], [ -65.4799, -32.0958 ] ] } },
{ "type": "Feature", "properties": { "nombre": "Camino sin nombre", "longitud_km": 6.78 }, "geometry": { "type": "LineString", "coordinates": [ [ -65.5676, -32.091 ], [ -65.537, -32.095 ], [ -65.4976, -32.0855 ] ] } },
{ "type": "Feature", "properties": { "nombre": "Camino sin nombre", "longitud_km": 10.34 }, "geometry": { "type": "LineString", "coordinates": [ [ -66.1096, -32.0754 ], [ -66.0905, -32.0864 ], [ -66.0207, -32.083 ], [ -66.0158, -32.0862 ], [ -66.0163, -32.0951 ] ] } },
{ "type": "Feature", "properties": { "nombre": "Camino sin nombre", "longitud_km": 1.06 }, "geometry": { "type": "LineString", "coordinates": [ [ -65.4658, -32.1022 ], [ -65.4669, -32.0927 ] ] } },
{ "type": "Feature", "properties": { "nombre": "Camino sin nombre", "longitud_km": 7.48 }, "geometry": { "type": "LineString", "coordinates": [ [ -66.0163, -32.0951 ], [ -66.016, -32.1528 ], [ -66.0247, -32.1591 ] ] } },
{ "type": "Feature", "properties": { "nombre": "Camino sin nombre", "longitud_km": 9.57 }, "geometry": { "type": "LineString", "coordinates": [ [ -66.0163, -32.0951 ], [ -65.9662, -32.1027 ], [ -65.9464, -32.1178 ], [ -65.924, -32.1248 ] ] } },
{ "type": "Feature", "properties": { "nombre": "Camino sin nombre", "longitud_km": 2.08 }, "geometry": { "type": "LineString", "coordinates": [ [ -65.5671, -32.1098 ], [ -65.5676, -32.091 ] ] } },
{ "type": "Feature", "properties": { "nombre": "Camino sin nombre", "longitud_km": 2.89 }, "geometry": { "type": "LineString", "coordinates": [ [ -65.4931, -32.0896 ], [ -65.4957, -32.1156 ] ] } },
{ "type": "Feature", "properties": { "nombre": "Camino sin nombre", "longitud_km": 13.95 }, "geometry": { "type": "LineString", "coordinates": [ [ -66.1096, -32.0754 ], [ -66.0992, -32.1129 ], [ -66.0918, -32.1138 ], [ -66.0742, -32.1286 ], [ -66.068, -32.1418 ], [ -66.0441, -32.1452 ], [ -66.0443, -32.1521 ], [ -66.0247, -32.1591 ] ] } },
{ "type": "Feature", "properties": { "nombre": "Camino sin nombre", "longitud_km": 11.07 }, "geometry": { "type": "LineString", "coordinates": [ [ -65.9187, -32.1265 ], [ -65.8777, -32.0838 ], [ -65.8731, -32.066 ], [ -65.863, -32.0656 ], [ -65.8596, -32.0585 ], [ -65.8479, -32.0566 ] ] } },
{ "type": "Feature", "properties": { "nombre": "Camino sin nombre", "longitud_km": 0.53 }, "geometry": { "type": "LineString", "coordinates": [ [ -65.924, -32.1248 ], [ -65.9187, -32.1265 ] ] } },
{ "type": "Feature", "properties": { "nombre": "Camino sin nombre", "longitud_km": 5.3 }, "geometry": { "type": "LineString", "coordinates": [ [ -65.5671, -32.1098 ], [ -65.5555, -32.1096 ], [ -65.5505, -32.1222 ], [ -65.559, -32.127 ], [ -65.5453, -32.138 ] ] } },
{ "type": "Feature", "properties": { "nombre": "Camino sin nombre", "longitud_km": 3.38 }, "geometry": { "type": "LineString", "coordinates": [ [ -65.4957, -32.1156 ], [ -65.4987, -32.1459 ] ] } },
{ "type": "Feature", "properties": { "nombre": "Camino sin nombre", "longitud_km": 3.66 }, "geometry": { "type": "LineString", "coordinates": [ [ -65.4987, -32.1459 ], [ -65.5374, -32.1477 ] ] } },
{ "type": "Feature", "properties": { "nombre": "Camino sin nombre", "longitud_km": 1.31 }, "geometry": { "type": "LineString", "coordinates": [ [ -65.5453, -32.138 ], [ -65.5374, -32.1477 ] ] } },
{ "type": "Feature", "properties": { "nombre": "Camino sin nombre", "longitud_km": 8.86 }, "geometry": { "type": "LineString", "coordinates": [ [ -65.5921, -32.1585 ], [ -65.6022, -32.1531 ], [ -65.6008, -32.1413 ], [ -65.5796, -32.1339 ], [ -65.5883, -32.118 ], [ -65.5765, -32.1098 ], [ -65.5671, -32.1098 ] ] } },
{ "type": "Feature", "properties": { "nombre": "Camino sin nombre", "longitud_km": 10.33 }, "geometry": { "type": "LineString", "coordinates": [ [ -65.998, -32.1651 ], [ -65.9905, -32.1576 ], [ -65.9525, -32.1654 ], [ -65.9402, -32.1401 ], [ -65.9296, -32.1372 ], [ -65.924, -32.1248 ] ] } },
{ "type": "Feature", "properties": { "nombre": "Camino sin nombre", "longitud_km": 13.62 }, "geometry": { "type": "LineString", "coordinates": [ [ -65.8061, -32.1862 ], [ -65.8759, -32.1778 ], [ -65.9187, -32.1265 ] ] } },
{ "type": "Feature", "properties": { "nombre": "Camino sin nombre", "longitud_km": 1.43 }, "geometry": { "type": "LineString", "coordinates": [ [ -65.2303, -32.1994 ], [ -65.2455, -32.2 ] ] } },
{ "type": "Feature", "properties": { "nombre": "Camino sin nombre", "longitud_km": 7.47 }, "geometry": { "type": "LineString", "coordinates": [ [ -65.5374, -32.1477 ], [ -65.5645, -32.1741 ], [ -65.5629, -32.2064 ] ] } },
{ "type": "Feature", "properties": { "nombre": "Camino sin nombre", "longitud_km": 2.61 }, "geometry": { "type": "LineString", "coordinates": [ [ -65.7109, -32.1827 ], [ -65.6982, -32.2036 ] ] } },
{ "type": "Feature", "properties": { "nombre": "Camino sin nombre", "longitud_km": 7.02 }, "geometry": { "type": "LineString", "coordinates": [ [ -65.4987, -32.1459 ], [ -65.5049, -32.209 ] ] } },
{ "type": "Feature", "properties": { "nombre": "Camino sin nombre", "longitud_km": 6.02 }, "geometry": { "type": "LineString", "coordinates": [ [ -65.3503, -32.2213 ], [ -65.3422, -32.2035 ], [ -65.3382, -32.1685 ] ] } },
{ "type": "Feature", "properties": { "nombre": "Camino sin nombre", "longitud_km": 20.85 }, "geometry": { "type": "LineString", "coordinates": [ [ -65.9496, -32.3548 ], [ -65.9593, -32.3402 ], [ -65.9807, -32.2826 ], [ -65.9934, -32.2701 ], [ -66.0139, -32.2357 ], [ -66.0144, -32.2186 ], [ -66.0262, -32.206 ], [ -66.0255, -32.1834 ] ] } },
{ "type": "Feature", "properties": { "nombre": "Camino sin nombre", "longitud_km": 1.5 }, "geometry": { "type": "LineString", "coordinates": [ [ -65.8041, -32.2225 ], [ -65.7886, -32.2257 ] ] } },
{ "type": "Feature", "properties": { "nombre": "Camino sin nombre", "longitud_km": 1.48 }, "geometry": { "type": "LineString", "coordinates": [ [ -65.8043, -32.2249 ], [ -65.7886, -32.2257 ] ] } },
{ "type": "Feature", "properties": { "nombre": "Camino sin nombre", "longitud_km": 2.84 }, "geometry": { "type": "LineString", "coordinates": [ [ -65.6982, -32.2036 ], [ -65.6906, -32.2284 ] ] } },
{ "type": "Feature", "properties": { "nombre": "Camino sin nombre", "longitud_km": 2.54 }, "geometry": { "type": "LineString", "coordinates": [ [ -65.3316, -32.2464 ], [ -65.3292, -32.2355 ], [ -65.3431, -32.2348 ] ] } },
{ "type": "Feature", "properties": { "nombre": "Camino sin nombre", "longitud_km": 0.88 }, "geometry": { "type": "LineString", "coordinates": [ [ -65.8135, -32.2262 ], [ -65.8043, -32.2249 ] ] } },
{ "type": "Feature", "properties": { "nombre": "Camino sin nombre", "longitud_km": 1.31 }, "geometry": { "type": "LineString", "coordinates": [ [ -65.8065, -32.2321 ], [ -65.8138, -32.2317 ], [ -65.8135, -32.2262 ] ] } },
{ "type": "Feature", "properties": { "nombre": "Camino sin nombre", "longitud_km": 0.55 }, "geometry": { "type": "LineString", "coordinates": [ [ -65.7886, -32.2257 ], [ -65.7898, -32.2305 ] ] } },
{ "type": "Feature", "properties": { "nombre": "Camino sin nombre", "longitud_km": 3.57 }, "geometry": { "type": "LineString", "coordinates": [ [ -65.7782, -32.2316 ], [ -65.7744, -32.232 ], [ -65.7635, -32.2045 ] ] } },
{ "type": "Feature", "properties": { "nombre": "Camino sin nombre", "longitud_km": 1.47 }, "geometry": { "type": "LineString", "coordinates": [ [ -65.7898, -32.2305 ], [ -65.8052, -32.2322 ] ] } },
{ "type": "Feature", "properties": { "nombre": "Camino sin nombre", "longitud_km": 0.83 }, "geometry": { "type": "LineString", "coordinates": [ [ -65.7782, -32.2316 ], [ -65.7795, -32.2391 ] ] } },
{ "type": "Feature", "properties": { "nombre": "Camino sin nombre", "longitud_km": 2.11 }, "geometry": { "type": "LineString", "coordinates": [ [ -65.7795, -32.2392 ], [ -65.7955, -32.2377 ], [ -65.796, -32.2431 ] ] } },
{ "type": "Feature", "properties": { "nombre": "Camino sin nombre", "longitud_km": 0.25 }, "geometry": { "type": "LineString", "coordinates": [ [ -65.796, -32.2431 ], [ -65.7986, -32.2435 ] ] } },
{ "type": "Feature", "properties": { "nombre": "Camino sin nombre", "longitud_km": 0.23 }, "geometry": { "type": "LineString", "coordinates": [ [ -65.8077, -32.2435 ], [ -65.8101, -32.2434 ] ] } },
{ "type": "Feature", "properties": { "nombre": "Camino sin nombre", "longitud_km": 3.21 }, "geometry": { "type": "LineString", "coordinates": [ [ -65.8101, -32.2434 ], [ -65.8215, -32.2432 ], [ -65.8213, -32.2398 ], [ -65.8137, -32.2357 ], [ -65.8101, -32.2434 ] ] } },
{ "type": "Feature", "properties": { "nombre": "Camino sin nombre", "longitud_km": 17.78 }, "geometry": { "type": "LineString", "coordinates": [ [ -65.629, -32.2413 ], [ -65.6358, -32.2685 ], [ -65.668, -32.3136 ], [ -65.6683, -32.3212 ], [ -65.6592, -32.3292 ], [ -65.6642, -32.3901 ] ] } },
{ "type": "Feature", "properties": { "nombre": "Camino sin nombre", "longitud_km": 0.41 }, "geometry": { "type": "LineString", "coordinates": [ [ -65.8628, -32.3012 ], [ -65.8626, -32.3049 ] ] } },
{ "type": "Feature", "properties": { "nombre": "Camino sin nombre", "longitud_km": 4.9 }, "geometry": { "type": "LineString", "coordinates": [ [ -66.1422, -32.2774 ], [ -66.1129, -32.2854 ], [ -66.0999, -32.2997 ] ] } },
{ "type": "Feature", "properties": { "nombre": "Camino sin nombre", "longitud_km": 11.25 }, "geometry": { "type": "LineString", "coordinates": [ [ -66.2508, -32.3398 ], [ -66.2627, -32.3234 ], [ -66.2406, -32.2434 ] ] } },
{ "type": "Feature", "properties": { "nombre": "Camino sin nombre", "longitud_km": 2.98 }, "geometry": { "type": "LineString", "coordinates": [ [ -65.1913, -32.3149 ], [ -65.2011, -32.3404 ] ] } },
{ "type": "Feature", "properties": { "nombre": "Camino sin nombre", "longitud_km": 1.12 }, "geometry": { "type": "LineString", "coordinates": [ [ -65.2132, -32.3304 ], [ -65.2236, -32.3352 ] ] } },
{ "type": "Feature", "properties": { "nombre": "Camino sin nombre", "longitud_km": 13.72 }, "geometry": { "type": "LineString", "coordinates": [ [ -65.9088, -32.325 ], [ -65.9091, -32.3144 ], [ -65.918, -32.3019 ], [ -65.9003, -32.2813 ], [ -65.8957, -32.2332 ], [ -65.873, -32.2177 ] ] } },
{ "type": "Feature", "properties": { "nombre": "Camino sin nombre", "longitud_km": 4.99 }, "geometry": { "type": "LineString", "coordinates": [ [ -65.8626, -32.3049 ], [ -65.863, -32.3499 ] ] } },
{ "type": "Feature", "properties": { "nombre": "Camino sin nombre", "longitud_km": 3.52 }, "geometry": { "type": "LineString", "coordinates": [ [ -66.7047, -32.3333 ], [ -66.6993, -32.3426 ], [ -66.7014, -32.3639 ] ] } },
{ "type": "Feature", "properties": { "nombre": "Camino sin nombre", "longitud_km": 3.54 }, "geometry": { "type": "LineString", "coordinates": [ [ -66.2294, -32.3378 ], [ -66.2322, -32.329 ], [ -66.2251, -32.307 ] ] } },
{ "type": "Feature", "properties": { "nombre": "Camino sin nombre", "longitud_km": 5.46 }, "geometry": { "type": "LineString", "coordinates": [ [ -65.948, -32.3592 ], [ -65.9998, -32.3368 ] ] } },
{ "type": "Feature", "properties": { "nombre": "Camino sin nombre", "longitud_km": 10.74 }, "geometry": { "type": "LineString", "coordinates": [ [ -66.3952, -32.2545 ], [ -66.3846, -32.259 ], [ -66.3802, -32.2816 ], [ -66.3901, -32.3004 ], [ -66.3985, -32.3061 ], [ -66.3962, -32.3402 ] ] } },
{ "type": "Feature", "properties": { "nombre": "Camino sin nombre", "longitud_km": 6.24 }, "geometry": { "type": "LineString", "coordinates": [ [ -66.4731, -32.3386 ], [ -66.4667, -32.3149 ], [ -66.4588, -32.3052 ], [ -66.4475, -32.3009 ], [ -66.4464, -32.2914 ] ] } },
{ "type": "Feature", "properties": { "nombre": "Camino sin nombre", "longitud_km": 7.74 }, "geometry": { "type": "LineString", "coordinates": [ [ -66.3388, -32.2756 ], [ -66.3514, -32.3021 ], [ -66.362, -32.3423 ] ] } },
{ "type": "Feature", "properties": { "nombre": "Camino sin nombre", "longitud_km": 0.53 }, "geometry": { "type": "LineString", "coordinates": [ [ -65.942, -32.3585 ], [ -65.9364, -32.3578 ] ] } },
{ "type": "Feature", "properties": { "nombre": "Camino sin nombre", "longitud_km": 0.83 }, "geometry": { "type": "LineString", "coordinates": [ [ -65.942, -32.3585 ], [ -65.9496, -32.3548 ] ] } },
{ "type": "Feature", "properties": { "nombre": "Camino sin nombre", "longitud_km": 0.57 }, "geometry": { "type": "LineString", "coordinates": [ [ -65.948, -32.3592 ], [ -65.942, -32.3585 ] ] } },
{ "type": "Feature", "properties": { "nombre": "Camino sin nombre", "longitud_km": 0.51 }, "geometry": { "type": "LineString", "coordinates": [ [ -65.948, -32.3592 ], [ -65.9496, -32.3548 ] ] } },
{ "type": "Feature", "properties": { "nombre": "Camino sin nombre", "longitud_km": 3.94 }, "geometry": { "type": "LineString", "coordinates": [ [ -66.1441, -32.3553 ], [ -66.1342, -32.3208 ] ] } },
{ "type": "Feature", "properties": { "nombre": "Camino sin nombre", "longitud_km": 3.0 }, "geometry": { "type": "LineString", "coordinates": [ [ -66.9239, -32.3333 ], [ -66.9147, -32.3339 ], [ -66.9268, -32.35 ] ] } },
{ "type": "Feature", "properties": { "nombre": "Camino sin nombre", "longitud_km": 0.29 }, "geometry": { "type": "LineString", "coordinates": [ [ -65.9401, -32.3606 ], [ -65.942, -32.3585 ] ] } },
{ "type": "Feature", "properties": { "nombre": "Camino sin nombre", "longitud_km": 0.61 }, "geometry": { "type": "LineString", "coordinates": [ [ -65.9446, -32.3638 ], [ -65.948, -32.3592 ] ] } },
{ "type": "Feature", "properties": { "nombre": "Camino sin nombre", "longitud_km": 5.31 }, "geometry": { "type": "LineString", "coordinates": [ [ -65.9246, -32.3619 ], [ -65.9063, -32.3601 ], [ -65.8782, -32.3682 ], [ -65.8728, -32.3629 ] ] } },
{ "type": "Feature", "properties": { "nombre": "Camino sin nombre", "longitud_km": 1.03 }, "geometry": { "type": "LineString", "coordinates": [ [ -64.9944, -32.3874 ], [ -64.9834, -32.3874 ] ] } },
{ "type": "Feature", "properties": { "nombre": "Camino sin nombre", "longitud_km": 1.61 }, "geometry": { "type": "LineString", "coordinates": [ [ -64.9879, -32.3756 ], [ -64.9949, -32.381 ], [ -64.9944, -32.3874 ] ] } },
{ "type": "Feature", "properties": { "nombre": "Camino sin nombre", "longitud_km": 2.28 }, "geometry": { "type": "LineString", "coordinates": [ [ -65.0176, -32.3816 ], [ -64.9944, -32.3874 ] ] } },
{ "type": "Feature", "properties": { "nombre": "Camino sin nombre", "longitud_km": 7.02 }, "geometry": { "type": "LineString", "coordinates": [ [ -65.9448, -32.364 ], [ -65.973, -32.3588 ], [ -66.0139, -32.3764 ] ] } },
{ "type": "Feature", "properties": { "nombre": "Camino sin nombre", "longitud_km": 1.35 }, "geometry": { "type": "LineString", "coordinates": [ [ -65.9327, -32.371 ], [ -65.9401, -32.3606 ] ] } },
{ "type": "Feature", "properties": { "nombre": "Camino sin nombre", "longitud_km": 1.23 }, "geometry": { "type": "LineString", "coordinates": [ [ -65.9377, -32.3733 ], [ -65.9446, -32.3638 ] ] } },
{ "type": "Feature", "properties": { "nombre": "Camino sin nombre", "longitud_km": 1.43 }, "geometry": { "type": "LineString", "coordinates": [ [ -66.7238, -32.3637 ], [ -66.7257, -32.3509 ] ] } },
{ "type": "Feature", "properties": { "nombre": "Camino sin nombre", "longitud_km": 6.23 }, "geometry": { "type": "LineString", "coordinates": [ [ -65.621, -32.3662 ], [ -65.6286, -32.3712 ], [ -65.6267, -32.3794 ], [ -65.6376, -32.3935 ], [ -65.6642, -32.3901 ] ] } },
{ "type": "Feature", "properties": { "nombre": "Camino sin nombre", "longitud_km": 2.64 }, "geometry": { "type": "LineString", "coordinates": [ [ -65.9152, -32.3876 ], [ -65.9377, -32.3733 ] ] } },
{ "type": "Feature", "properties": { "nombre": "Camino sin nombre", "longitud_km": 1.89 }, "geometry": { "type": "LineString", "coordinates": [ [ -66.9268, -32.35 ], [ -66.9179, -32.3553 ], [ -66.9163, -32.363 ] ] } },
{ "type": "Feature", "properties": { "nombre": "Camino sin nombre", "longitud_km": 26.93 }, "geometry": { "type": "LineString", "coordinates": [ [ -66.2971, -32.339 ], [ -66.307, -32.3626 ], [ -66.3083, -32.3913 ], [ -66.3234, -32.4218 ], [ -66.2954, -32.4304 ], [ -66.2821, -32.4435 ], [ -66.2506, -32.4525 ], [ -66.249, -32.4592 ], [ -66.257, -32.4753 ], [ -66.2501, -32.4829 ], [ -66.2509, -32.498 ], [ -66.2139, -32.5162 ] ] } },
{ "type": "Feature", "properties": { "nombre": "Camino sin nombre", "longitud_km": 3.5 }, "geometry": { "type": "LineString", "coordinates": [ [ -66.9268, -32.35 ], [ -66.9587, -32.3664 ] ] } },
{ "type": "Feature", "properties": { "nombre": "Camino sin nombre", "longitud_km": 5.48 }, "geometry": { "type": "LineString", "coordinates": [ [ -66.4101, -32.3864 ], [ -66.4197, -32.3376 ] ] } },
{ "type": "Feature", "properties": { "nombre": "Camino sin nombre", "longitud_km": 2.36 }, "geometry": { "type": "LineString", "coordinates": [ [ -66.0224, -32.3965 ], [ -66.0139, -32.3764 ] ] } },
{ "type": "Feature", "properties": { "nombre": "Camino sin nombre", "longitud_km": 10.97 }, "geometry": { "type": "LineString", "coordinates": [ [ -65.2236, -32.3352 ], [ -65.2296, -32.3389 ], [ -65.2206, -32.3705 ], [ -65.2248, -32.376 ], [ -65.2339, -32.3759 ], [ -65.2347, -32.3829 ], [ -65.2295, -32.3828 ], [ -65.2328, -32.4022 ], [ -65.245, -32.4128 ] ] } },
{ "type": "Feature", "properties": { "nombre": "Camino sin nombre", "longitud_km": 16.93 }, "geometry": { "type": "LineString", "coordinates": [ [ -66.0907, -32.3662 ], [ -66.0924, -32.3719 ], [ -66.1001, -32.3704 ], [ -66.1074, -32.3795 ], [ -66.1066, -32.3939 ], [ -66.1173, -32.4138 ], [ -66.1271, -32.5062 ] ] } },
{ "type": "Feature", "properties": { "nombre": "Camino sin nombre", "longitud_km": 2.45 }, "geometry": { "type": "LineString", "coordinates": [ [ -65.6642, -32.3901 ], [ -65.6749, -32.4103 ] ] } },
{ "type": "Feature", "properties": { "nombre": "Camino sin nombre", "longitud_km": 4.48 }, "geometry": { "type": "LineString", "coordinates": [ [ -65.5053, -32.3776 ], [ -65.5131, -32.389 ], [ -65.5068, -32.4156 ] ] } },
{ "type": "Feature", "properties": { "nombre": "Camino sin nombre", "longitud_km": 23.47 }, "geometry": { "type": "LineString", "coordinates": [ [ -65.3723, -32.4473 ], [ -65.3974, -32.4372 ], [ -65.4038, -32.4258 ], [ -65.3896, -32.4019 ], [ -65.3893, -32.3828 ], [ -65.3663, -32.3783 ], [ -65.3595, -32.3678 ], [ -65.3371, -32.3743 ], [ -65.3374, -32.3865 ], [ -65.296, -32.3943 ], [ -65.3085, -32.4217 ] ] } },
{ "type": "Feature", "properties": { "nombre": "Camino sin nombre", "longitud_km": 11.81 }, "geometry": { "type": "LineString", "coordinates": [ [ -66.7352, -32.4123 ], [ -66.6812, -32.4134 ], [ -66.679, -32.4026 ], [ -66.664, -32.4001 ], [ -66.6621, -32.381 ], [ -66.6517, -32.3656 ] ] } },
{ "type": "Feature", "properties": { "nombre": "Camino sin nombre", "longitud_km": 5.95 }, "geometry": { "type": "LineString", "coordinates": [ [ -65.2007, -32.391 ], [ -65.2232, -32.4053 ], [ -65.2308, -32.4343 ] ] } },
{ "type": "Feature", "properties": { "nombre": "Camino sin nombre", "longitud_km": 2.99 }, "geometry": { "type": "LineString", "coordinates": [ [ -65.245, -32.4128 ], [ -65.2399, -32.413 ], [ -65.2308, -32.4343 ] ] } },
{ "type": "Feature", "properties": { "nombre": "Camino sin nombre", "longitud_km": 13.01 }, "geometry": { "type": "LineString", "coordinates": [ [ -66.0412, -32.3751 ], [ -66.0439, -32.382 ], [ -66.033, -32.3878 ], [ -66.0511, -32.4042 ], [ -66.0666, -32.4294 ], [ -66.0655, -32.4574 ], [ -66.0521, -32.4624 ], [ -66.052, -32.4703 ] ] } },
{ "type": "Feature", "properties": { "nombre": "Camino sin nombre", "longitud_km": 1.8 }, "geometry": { "type": "LineString", "coordinates": [ [ -65.7079, -32.4237 ], [ -65.7257, -32.4297 ] ] } },
{ "type": "Feature", "properties": { "nombre": "Camino sin nombre", "longitud_km": 2.79 }, "geometry": { "type": "LineString", "coordinates": [ [ -65.2308, -32.4343 ], [ -65.2026, -32.442 ] ] } },
{ "type": "Feature", "properties": { "nombre": "Camino sin nombre", "longitud_km": 7.99 }, "geometry": { "type": "LineString", "coordinates": [ [ -66.7352, -32.4123 ], [ -66.7319, -32.403 ], [ -66.7098, -32.3857 ], [ -66.6975, -32.3846 ], [ -66.6829, -32.3754 ], [ -66.6818, -32.3645 ] ] } },
{ "type": "Feature", "properties": { "nombre": "Camino sin nombre", "longitud_km": 3.47 }, "geometry": { "type": "LineString", "coordinates": [ [ -65.5068, -32.4156 ], [ -65.5153, -32.4294 ], [ -65.5096, -32.4444 ] ] } },
{ "type": "Feature", "properties": { "nombre": "Camino sin nombre", "longitud_km": 6.45 }, "geometry": { "type": "LineString", "coordinates": [ [ -65.245, -32.4128 ], [ -65.2452, -32.4268 ], [ -65.2493, -32.4268 ], [ -65.2563, -32.443 ], [ -65.2714, -32.4477 ], [ -65.2761, -32.4567 ] ] } },
{ "type": "Feature", "properties": { "nombre": "Camino sin nombre", "longitud_km": 1.98 }, "geometry": { "type": "LineString", "coordinates": [ [ -65.6178, -32.4678 ], [ -65.6184, -32.45 ] ] } },
{ "type": "Feature", "properties": { "nombre": "Camino sin nombre", "longitud_km": 3.56 }, "geometry": { "type": "LineString", "coordinates": [ [ -65.0276, -32.4446 ], [ -65.0322, -32.4488 ], [ -65.0343, -32.4669 ], [ -65.0406, -32.4731 ] ] } },
{ "type": "Feature", "properties": { "nombre": "Camino sin nombre", "longitud_km": 4.46 }, "geometry": { "type": "LineString", "coordinates": [ [ -66.7669, -32.4394 ], [ -66.7405, -32.425 ], [ -66.7352, -32.4123 ] ] } },
{ "type": "Feature", "properties": { "nombre": "Camino sin nombre", "longitud_km": 8.77 }, "geometry": { "type": "LineString", "coordinates": [ [ -65.5068, -32.4156 ], [ -65.4789, -32.4249 ], [ -65.4866, -32.4528 ], [ -65.4793, -32.4616 ], [ -65.479, -32.4758 ] ] } },
{ "type": "Feature", "properties": { "nombre": "Camino sin nombre", "longitud_km": 4.72 }, "geometry": { "type": "LineString", "coordinates": [ [ -65.5096, -32.4444 ], [ -65.4911, -32.4717 ], [ -65.479, -32.4758 ] ] } },
{ "type": "Feature", "properties": { "nombre": "Camino sin nombre", "longitud_km": 8.67 }, "geometry": { "type": "LineString", "coordinates": [ [ -65.573, -32.4715 ], [ -65.5281, -32.478 ], [ -65.5151, -32.4699 ], [ -65.5096, -32.4444 ] ] } },
{ "type": "Feature", "properties": { "nombre": "Camino sin nombre", "longitud_km": 3.19 }, "geometry": { "type": "LineString", "coordinates": [ [ -65.0406, -32.4731 ], [ -65.0267, -32.4773 ], [ -65.0353, -32.4918 ] ] } },
{ "type": "Feature", "properties": { "nombre": "Camino sin nombre", "longitud_km": 3.35 }, "geometry": { "type": "LineString", "coordinates": [ [ -65.0406, -32.4731 ], [ -65.0488, -32.4912 ], [ -65.0363, -32.4932 ] ] } },
{ "type": "Feature", "properties": { "nombre": "Camino sin nombre", "longitud_km": 8.3 }, "geometry": { "type": "LineString", "coordinates": [ [ -65.2243, -32.4967 ], [ -65.2379, -32.4935 ], [ -65.2366, -32.4874 ], [ -65.258, -32.4787 ], [ -65.2789, -32.4757 ], [ -65.2793, -32.457 ] ] } },
{ "type": "Feature", "properties": { "nombre": "Camino sin nombre", "longitud_km": 8.28 }, "geometry": { "type": "LineString", "coordinates": [ [ -65.2019, -32.4484 ], [ -65.1998, -32.4531 ], [ -65.2197, -32.4977 ], [ -65.1944, -32.5022 ] ] } },
{ "type": "Feature", "properties": { "nombre": "Camino sin nombre", "longitud_km": 8.32 }, "geometry": { "type": "LineString", "coordinates": [ [ -65.4058, -32.5048 ], [ -65.426, -32.4907 ], [ -65.4578, -32.4826 ], [ -65.4755, -32.4849 ], [ -65.479, -32.4758 ] ] } },
{ "type": "Feature", "properties": { "nombre": "Camino sin nombre", "longitud_km": 30.8 }, "geometry": { "type": "LineString", "coordinates": [ [ -66.7458, -32.5248 ], [ -66.7384, -32.4832 ], [ -66.7224, -32.4719 ], [ -66.6012, -32.4977 ], [ -66.5708, -32.4846 ], [ -66.5454, -32.4871 ], [ -66.5349, -32.4796 ], [ -66.5031, -32.5045 ], [ -66.4877, -32.506 ] ] } },
{ "type": "Feature", "properties": { "nombre": "Camino sin nombre", "longitud_km": 11.02 }, "geometry": { "type": "LineString", "coordinates": [ [ -65.1179, -32.4419 ], [ -65.0915, -32.4504 ], [ -65.0809, -32.4588 ], [ -65.0868, -32.5217 ] ] } },
{ "type": "Feature", "properties": { "nombre": "Camino sin nombre", "longitud_km": 3.18 }, "geometry": { "type": "LineString", "coordinates": [ [ -66.0518, -32.4921 ], [ -66.0245, -32.5091 ] ] } },
{ "type": "Feature", "properties": { "nombre": "Camino sin nombre", "longitud_km": 19.18 }, "geometry": { "type": "LineString", "coordinates": [ [ -66.1975, -32.3444 ], [ -66.2052, -32.3486 ], [ -66.2049, -32.3688 ], [ -66.1986, -32.3754 ], [ -66.2152, -32.406 ], [ -66.2144, -32.4253 ], [ -66.2181, -32.4312 ], [ -66.2124, -32.4382 ], [ -66.2152, -32.4656 ], [ -66.2066, -32.4838 ], [ -66.2091, -32.5049 ] ] } },
{ "type": "Feature", "properties": { "nombre": "Camino sin nombre", "longitud_km": 10.65 }, "geometry": { "type": "LineString", "coordinates": [ [ -66.4877, -32.506 ], [ -66.438, -32.5066 ], [ -66.4096, -32.5193 ], [ -66.3944, -32.5427 ] ] } },
{ "type": "Feature", "properties": { "nombre": "Camino sin nombre", "longitud_km": 6.49 }, "geometry": { "type": "LineString", "coordinates": [ [ -65.0407, -32.5058 ], [ -65.0223, -32.5114 ], [ -65.0268, -32.5133 ], [ -65.0323, -32.5506 ] ] } },
{ "type": "Feature", "properties": { "nombre": "Camino sin nombre", "longitud_km": 15.88 }, "geometry": { "type": "LineString", "coordinates": [ [ -66.5675, -32.6296 ], [ -66.5613, -32.5731 ], [ -66.5156, -32.5378 ], [ -66.5165, -32.5337 ], [ -66.4818, -32.5278 ] ] } },
{ "type": "Feature", "properties": { "nombre": "Camino sin nombre", "longitud_km": 10.18 }, "geometry": { "type": "LineString", "coordinates": [ [ -66.7569, -32.6069 ], [ -66.7568, -32.5245 ], [ -66.7458, -32.5248 ] ] } },
{ "type": "Feature", "properties": { "nombre": "Camino sin nombre", "longitud_km": 13.21 }, "geometry": { "type": "LineString", "coordinates": [ [ -66.2929, -32.6018 ], [ -66.3083, -32.6039 ], [ -66.3334, -32.5862 ], [ -66.349, -32.5491 ], [ -66.3944, -32.5427 ] ] } },
{ "type": "Feature", "properties": { "nombre": "Camino sin nombre", "longitud_km": 13.02 }, "geometry": { "type": "LineString", "coordinates": [ [ -66.0618, -32.5095 ], [ -66.0462, -32.5186 ], [ -66.0461, -32.5318 ], [ -66.0711, -32.5576 ], [ -66.0868, -32.5517 ], [ -66.1002, -32.5903 ] ] } },
{ "type": "Feature", "properties": { "nombre": "Camino sin nombre", "longitud_km": 3.28 }, "geometry": { "type": "LineString", "coordinates": [ [ -65.73, -32.542 ], [ -65.7247, -32.5712 ] ] } },
{ "type": "Feature", "properties": { "nombre": "Camino sin nombre", "longitud_km": 8.16 }, "geometry": { "type": "LineString", "coordinates": [ [ -65.2422, -32.5749 ], [ -65.253, -32.5759 ], [ -65.2563, -32.5826 ], [ -65.2847, -32.583 ], [ -65.3219, -32.5728 ] ] } },
{ "type": "Feature", "properties": { "nombre": "Camino sin nombre", "longitud_km": 26.2 }, "geometry": { "type": "LineString", "coordinates": [ [ -66.9151, -32.5421 ], [ -66.9548, -32.5418 ], [ -66.9804, -32.555 ], [ -66.9752, -32.5839 ], [ -66.9809, -32.5912 ], [ -66.9644, -32.5935 ], [ -66.9724, -32.6061 ], [ -66.9755, -32.6382 ], [ -66.9697, -32.6482 ], [ -66.9571, -32.6517 ], [ -66.8906, -32.653 ] ] } },
{ "type": "Feature", "properties": { "nombre": "Camino sin nombre", "longitud_km": 8.32 }, "geometry": { "type": "LineString", "coordinates": [ [ -65.551, -32.5445 ], [ -65.5473, -32.5794 ], [ -65.5541, -32.5813 ], [ -65.5547, -32.6152 ] ] } },
{ "type": "Feature", "properties": { "nombre": "Camino sin nombre", "longitud_km": 13.63 }, "geometry": { "type": "LineString", "coordinates": [ [ -65.4592, -32.5254 ], [ -65.4576, -32.5526 ], [ -65.4517, -32.5543 ], [ -65.4501, -32.5636 ], [ -65.4449, -32.5636 ], [ -65.4448, -32.5727 ], [ -65.414, -32.5888 ], [ -65.4098, -32.604 ], [ -65.3954, -32.6215 ] ] } },
{ "type": "Feature", "properties": { "nombre": "Camino sin nombre", "longitud_km": 4.56 }, "geometry": { "type": "LineString", "coordinates": [ [ -66.2574, -32.5749 ], [ -66.2715, -32.5806 ], [ -66.2929, -32.6018 ] ] } },
{ "type": "Feature", "properties": { "nombre": "Camino sin nombre", "longitud_km": 7.52 }, "geometry": { "type": "LineString", "coordinates": [ [ -65.3304, -32.5888 ], [ -65.3306, -32.6189 ], [ -65.3101, -32.6295 ], [ -65.2896, -32.6318 ] ] } },
{ "type": "Feature", "properties": { "nombre": "Camino sin nombre", "longitud_km": 11.52 }, "geometry": { "type": "LineString", "coordinates": [ [ -66.7123, -32.599 ], [ -66.711, -32.58 ], [ -66.7275, -32.5734 ], [ -66.729, -32.5193 ], [ -66.7458, -32.5248 ] ] } },
{ "type": "Feature", "properties": { "nombre": "Camino sin nombre", "longitud_km": 8.76 }, "geometry": { "type": "LineString", "coordinates": [ [ -66.7123, -32.599 ], [ -66.7023, -32.6011 ], [ -66.7034, -32.6137 ], [ -66.6385, -32.6308 ] ] } },
{ "type": "Feature", "properties": { "nombre": "Camino sin nombre", "longitud_km": 1.39 }, "geometry": { "type": "LineString", "coordinates": [ [ -66.2929, -32.6018 ], [ -66.2963, -32.614 ] ] } },
{ "type": "Feature", "properties": { "nombre": "Camino sin nombre", "longitud_km": 4.36 }, "geometry": { "type": "LineString", "coordinates": [ [ -66.8977, -32.6025 ], [ -66.9021, -32.5948 ], [ -66.9265, -32.5911 ], [ -66.9356, -32.5851 ] ] } },
{ "type": "Feature", "properties": { "nombre": "Camino sin nombre", "longitud_km": 4.62 }, "geometry": { "type": "LineString", "coordinates": [ [ -66.7569, -32.6069 ], [ -66.7367, -32.5953 ], [ -66.7123, -32.599 ] ] } },
{ "type": "Feature", "properties": { "nombre": "Camino sin nombre", "longitud_km": 11.6 }, "geometry": { "type": "LineString", "coordinates": [ [ -66.3944, -32.5427 ], [ -66.3902, -32.5539 ], [ -66.3932, -32.5739 ], [ -66.4102, -32.6057 ], [ -66.4221, -32.6184 ], [ -66.4284, -32.6393 ] ] } },
{ "type": "Feature", "properties": { "nombre": "Camino sin nombre", "longitud_km": 6.76 }, "geometry": { "type": "LineString", "coordinates": [ [ -66.6385, -32.6308 ], [ -66.6178, -32.6351 ], [ -66.5675, -32.6296 ] ] } },
{ "type": "Feature", "properties": { "nombre": "Camino sin nombre", "longitud_km": 12.33 }, "geometry": { "type": "LineString", "coordinates": [ [ -66.8707, -32.6361 ], [ -66.868, -32.6216 ], [ -66.7892, -32.6188 ], [ -66.7569, -32.6069 ] ] } },
{ "type": "Feature", "properties": { "nombre": "Camino sin nombre", "longitud_km": 5.76 }, "geometry": { "type": "LineString", "coordinates": [ [ -65.8208, -32.6693 ], [ -65.8483, -32.6602 ], [ -65.8639, -32.6367 ] ] } },
{ "type": "Feature", "properties": { "nombre": "Camino sin nombre", "longitud_km": 5.23 }, "geometry": { "type": "LineString", "coordinates": [ [ -66.2963, -32.614 ], [ -66.302, -32.64 ], [ -66.3117, -32.659 ] ] } },
{ "type": "Feature", "properties": { "nombre": "Camino sin nombre", "longitud_km": 3.81 }, "geometry": { "type": "LineString", "coordinates": [ [ -65.3048, -32.6918 ], [ -65.3169, -32.6917 ], [ -65.3196, -32.6677 ] ] } },
{ "type": "Feature", "properties": { "nombre": "Camino sin nombre", "longitud_km": 11.01 }, "geometry": { "type": "LineString", "coordinates": [ [ -66.2753, -32.6092 ], [ -66.2715, -32.6187 ], [ -66.2755, -32.6383 ], [ -66.2935, -32.6624 ], [ -66.2827, -32.6777 ], [ -66.2555, -32.6769 ] ] } },
{ "type": "Feature", "properties": { "nombre": "Camino sin nombre", "longitud_km": 16.59 }, "geometry": { "type": "LineString", "coordinates": [ [ -65.0178, -32.6781 ], [ -65.03, -32.689 ], [ -65.0334, -32.7025 ], [ -65.0666, -32.702 ], [ -65.078, -32.7079 ], [ -65.099, -32.7073 ], [ -65.1333, -32.6895 ], [ -65.1683, -32.6897 ] ] } },
{ "type": "Feature", "properties": { "nombre": "Camino sin nombre", "longitud_km": 13.15 }, "geometry": { "type": "LineString", "coordinates": [ [ -66.2963, -32.614 ], [ -66.3302, -32.6214 ], [ -66.342, -32.6389 ], [ -66.3766, -32.653 ], [ -66.3807, -32.6891 ] ] } },
{ "type": "Feature", "properties": { "nombre": "Camino sin nombre", "longitud_km": 3.8 }, "geometry": { "type": "LineString", "coordinates": [ [ -65.8295, -32.688 ], [ -65.8488, -32.6964 ], [ -65.8596, -32.7093 ] ] } },
{ "type": "Feature", "properties": { "nombre": "Camino sin nombre", "longitud_km": 8.62 }, "geometry": { "type": "LineString", "coordinates": [ [ -66.3328, -32.7202 ], [ -66.3557, -32.7161 ], [ -66.414, -32.6857 ] ] } },
{ "type": "Feature", "properties": { "nombre": "Camino sin nombre", "longitud_km": 12.55 }, "geometry": { "type": "LineString", "coordinates": [ [ -65.49, -32.63 ], [ -65.4852, -32.6403 ], [ -65.4879, -32.6546 ], [ -65.479, -32.6573 ], [ -65.4749, -32.6803 ], [ -65.461, -32.7025 ], [ -65.4595, -32.7336 ] ] } },
{ "type": "Feature", "properties": { "nombre": "Camino sin nombre", "longitud_km": 6.93 }, "geometry": { "type": "LineString", "coordinates": [ [ -65.5753, -32.6958 ], [ -65.5747, -32.7064 ], [ -65.5934, -32.7304 ], [ -65.6183, -32.7398 ] ] } },
{ "type": "Feature", "properties": { "nombre": "Camino sin nombre", "longitud_km": 13.88 }, "geometry": { "type": "LineString", "coordinates": [ [ -65.1701, -32.6898 ], [ -65.1648, -32.6951 ], [ -65.1676, -32.706 ], [ -65.2091, -32.7074 ], [ -65.2291, -32.7228 ], [ -65.2346, -32.7379 ], [ -65.2278, -32.7394 ], [ -65.2289, -32.7486 ], [ -65.2503, -32.7498 ] ] } },
{ "type": "Feature", "properties": { "nombre": "Camino sin nombre", "longitud_km": 7.1 }, "geometry": { "type": "LineString", "coordinates": [ [ -66.1926, -32.6987 ], [ -66.195, -32.7153 ], [ -66.2096, -32.717 ], [ -66.2245, -32.729 ], [ -66.245, -32.7313 ] ] } },
{ "type": "Feature", "properties": { "nombre": "Camino sin nombre", "longitud_km": 16.74 }, "geometry": { "type": "LineString", "coordinates": [ [ -65.4301, -32.6238 ], [ -65.4323, -32.6514 ], [ -65.4245, -32.6658 ], [ -65.4337, -32.6947 ], [ -65.444, -32.6961 ], [ -65.4456, -32.7353 ], [ -65.4379, -32.748 ], [ -65.4388, -32.7632 ] ] } },
{ "type": "Feature", "properties": { "nombre": "Camino sin nombre", "longitud_km": 18.58 }, "geometry": { "type": "LineString", "coordinates": [ [ -66.6385, -32.6308 ], [ -66.637, -32.6926 ], [ -66.6565, -32.7418 ], [ -66.657, -32.7957 ] ] } },
{ "type": "Feature", "properties": { "nombre": "Camino sin nombre", "longitud_km": 10.25 }, "geometry": { "type": "LineString", "coordinates": [ [ -66.7933, -32.8004 ], [ -66.7814, -32.7648 ], [ -66.7706, -32.7552 ], [ -66.7509, -32.7548 ], [ -66.7433, -32.73 ] ] } },
{ "type": "Feature", "properties": { "nombre": "Camino sin nombre", "longitud_km": 3.72 }, "geometry": { "type": "LineString", "coordinates": [ [ -65.6675, -32.766 ], [ -65.6617, -32.7794 ], [ -65.6414, -32.7881 ] ] } },
{ "type": "Feature", "properties": { "nombre": "Camino sin nombre", "longitud_km": 2.17 }, "geometry": { "type": "LineString", "coordinates": [ [ -65.6414, -32.7881 ], [ -65.6183, -32.7867 ] ] } },
{ "type": "Feature", "properties": { "nombre": "Camino sin nombre", "longitud_km": 3.76 }, "geometry": { "type": "LineString", "coordinates": [ [ -65.7204, -32.7921 ], [ -65.7172, -32.7795 ], [ -65.7057, -32.7747 ], [ -65.705, -32.7646 ] ] } },
{ "type": "Feature", "properties": { "nombre": "Camino sin nombre", "longitud_km": 2.43 }, "geometry": { "type": "LineString", "coordinates": [ [ -65.6183, -32.7867 ], [ -65.6051, -32.7929 ], [ -65.6024, -32.8018 ] ] } },
{ "type": "Feature", "properties": { "nombre": "Camino sin nombre", "longitud_km": 16.37 }, "geometry": { "type": "LineString", "coordinates": [ [ -65.6138, -32.7593 ], [ -65.6019, -32.7592 ], [ -65.5882, -32.7675 ], [ -65.5761, -32.7659 ], [ -65.5389, -32.7733 ], [ -65.5284, -32.7946 ], [ -65.5074, -32.805 ], [ -65.4976, -32.8045 ], [ -65.4835, -32.7856 ], [ -65.4759, -32.7865 ] ] } },
{ "type": "Feature", "properties": { "nombre": "Camino sin nombre", "longitud_km": 3.96 }, "geometry": { "type": "LineString", "coordinates": [ [ -65.4453, -32.8064 ], [ -65.4145, -32.782 ] ] } },
{ "type": "Feature", "properties": { "nombre": "Camino sin nombre", "longitud_km": 1.38 }, "geometry": { "type": "LineString", "coordinates": [ [ -65.4453, -32.8064 ], [ -65.46, -32.8073 ] ] } },
{ "type": "Feature", "properties": { "nombre": "Camino sin nombre", "longitud_km": 4.28 }, "geometry": { "type": "LineString", "coordinates": [ [ -66.8334, -32.7595 ], [ -66.8622, -32.7601 ], [ -66.8656, -32.7663 ], [ -66.8629, -32.7733 ] ] } },
{ "type": "Feature", "properties": { "nombre": "Camino sin nombre", "longitud_km": 4.78 }, "geometry": { "type": "LineString", "coordinates": [ [ -65.6024, -32.8018 ], [ -65.5861, -32.8104 ], [ -65.5547, -32.8064 ] ] } },
{ "type": "Feature", "properties": { "nombre": "Camino sin nombre", "longitud_km": 3.41 }, "geometry": { "type": "LineString", "coordinates": [ [ -65.6414, -32.7881 ], [ -65.6381, -32.8082 ], [ -65.6263, -32.8113 ] ] } },
{ "type": "Feature", "properties": { "nombre": "Camino sin nombre", "longitud_km": 2.46 }, "geometry": { "type": "LineString", "coordinates": [ [ -66.357, -32.78 ], [ -66.3677, -32.8002 ] ] } },
{ "type": "Feature", "properties": { "nombre": "Camino sin nombre", "longitud_km": 16.59 }, "geometry": { "type": "LineString", "coordinates": [ [ -66.3677, -32.8002 ], [ -66.3887, -32.7884 ], [ -66.392, -32.7755 ], [ -66.3999, -32.7677 ], [ -66.4105, -32.767 ], [ -66.4095, -32.7566 ], [ -66.4338, -32.7068 ], [ -66.4349, -32.688 ], [ -66.4387, -32.6868 ], [ -66.4328, -32.6791 ] ] } },
{ "type": "Feature", "properties": { "nombre": "Camino sin nombre", "longitud_km": 7.64 }, "geometry": { "type": "LineString", "coordinates": [ [ -65.8468, -32.7927 ], [ -65.8419, -32.7944 ], [ -65.8328, -32.8125 ], [ -65.7948, -32.8139 ], [ -65.7809, -32.8187 ] ] } },
{ "type": "Feature", "properties": { "nombre": "Camino sin nombre", "longitud_km": 10.25 }, "geometry": { "type": "LineString", "coordinates": [ [ -65.3595, -32.7704 ], [ -65.3471, -32.7757 ], [ -65.3542, -32.793 ], [ -65.3562, -32.8352 ], [ -65.3326, -32.8376 ] ] } },
{ "type": "Feature", "properties": { "nombre": "Camino sin nombre", "longitud_km": 7.37 }, "geometry": { "type": "LineString", "coordinates": [ [ -65.5547, -32.8064 ], [ -65.524, -32.8099 ], [ -65.5141, -32.8164 ], [ -65.5042, -32.8332 ], [ -65.4914, -32.8352 ] ] } },
{ "type": "Feature", "properties": { "nombre": "Camino sin nombre", "longitud_km": 19.34 }, "geometry": { "type": "LineString", "coordinates": [ [ -66.748, -32.8785 ], [ -66.7444, -32.8644 ], [ -66.7049, -32.862 ], [ -66.6521, -32.8364 ], [ -66.6413, -32.815 ], [ -66.6106, -32.8112 ], [ -66.6069, -32.8146 ], [ -66.582, -32.8139 ] ] } },
{ "type": "Feature", "properties": { "nombre": "Camino sin nombre", "longitud_km": 0.35 }, "geometry": { "type": "LineString", "coordinates": [ [ -66.3717, -32.8223 ], [ -66.3682, -32.8235 ] ] } },
{ "type": "Feature", "properties": { "nombre": "Camino sin nombre", "longitud_km": 3.29 }, "geometry": { "type": "LineString", "coordinates": [ [ -64.9985, -32.853 ], [ -65.0092, -32.8473 ], [ -65.0316, -32.8462 ] ] } },
{ "type": "Feature", "properties": { "nombre": "Camino sin nombre", "longitud_km": 6.73 }, "geometry": { "type": "LineString", "coordinates": [ [ -66.3682, -32.8235 ], [ -66.2966, -32.8283 ] ] } },
{ "type": "Feature", "properties": { "nombre": "Camino sin nombre", "longitud_km": 8.81 }, "geometry": { "type": "LineString", "coordinates": [ [ -65.4145, -32.782 ], [ -65.4138, -32.7995 ], [ -65.3943, -32.8098 ], [ -65.4043, -32.8354 ], [ -65.405, -32.851 ] ] } },
{ "type": "Feature", "properties": { "nombre": "Camino sin nombre", "longitud_km": 6.54 }, "geometry": { "type": "LineString", "coordinates": [ [ -65.6024, -32.8018 ], [ -65.622, -32.836 ], [ -65.6115, -32.855 ] ] } },
{ "type": "Feature", "properties": { "nombre": "Camino sin nombre", "longitud_km": 7.24 }, "geometry": { "type": "LineString", "coordinates": [ [ -66.3742, -32.8345 ], [ -66.3636, -32.841 ], [ -66.2995, -32.8436 ] ] } },
{ "type": "Feature", "properties": { "nombre": "Camino sin nombre", "longitud_km": 10.58 }, "geometry": { "type": "LineString", "coordinates": [ [ -65.0773, -32.8187 ], [ -65.0754, -32.827 ], [ -65.0992, -32.8401 ], [ -65.1127, -32.8409 ], [ -65.1336, -32.851 ], [ -65.14, -32.8692 ], [ -65.1494, -32.8786 ] ] } },
{ "type": "Feature", "properties": { "nombre": "Camino sin nombre", "longitud_km": 1.85 }, "geometry": { "type": "LineString", "coordinates": [ [ -65.6115, -32.855 ], [ -65.6123, -32.8717 ] ] } },
{ "type": "Feature", "properties": { "nombre": "Camino sin nombre", "longitud_km": 8.58 }, "geometry": { "type": "LineString", "coordinates": [ [ -65.5547, -32.8064 ], [ -65.5631, -32.8218 ], [ -65.5908, -32.8455 ], [ -65.5967, -32.8721 ] ] } },
{ "type": "Feature", "properties": { "nombre": "Camino sin nombre", "longitud_km": 2.2 }, "geometry": { "type": "LineString", "coordinates": [ [ -65.6115, -32.855 ], [ -65.6028, -32.8639 ], [ -65.6048, -32.872 ] ] } },
{ "type": "Feature", "properties": { "nombre": "Camino sin nombre", "longitud_km": 6.9 }, "geometry": { "type": "LineString", "coordinates": [ [ -65.1494, -32.8786 ], [ -65.2229, -32.8829 ] ] } },
{ "type": "Feature", "properties": { "nombre": "Camino sin nombre", "longitud_km": 3.11 }, "geometry": { "type": "LineString", "coordinates": [ [ -66.8882, -32.8277 ], [ -66.8725, -32.8343 ], [ -66.8713, -32.8475 ] ] } },
{ "type": "Feature", "properties": { "nombre": "Camino sin nombre", "longitud_km": 21.72 }, "geometry": { "type": "LineString", "coordinates": [ [ -66.9104, -32.861 ], [ -66.9434, -32.8615 ], [ -66.9654, -32.855 ], [ -67.0162, -32.852 ], [ -67.0236, -32.8706 ], [ -67.0223, -32.9036 ], [ -67.0086, -32.9261 ], [ -66.987, -32.9467 ] ] } },
{ "type": "Feature", "properties": { "nombre": "Camino sin nombre", "longitud_km": 5.58 }, "geometry": { "type": "LineString", "coordinates": [ [ -66.8556, -32.8575 ], [ -66.8678, -32.8646 ], [ -66.9045, -32.8577 ], [ -66.9104, -32.861 ] ] } },
{ "type": "Feature", "properties": { "nombre": "Camino sin nombre", "longitud_km": 3.5 }, "geometry": { "type": "LineString", "coordinates": [ [ -65.1494, -32.8786 ], [ -65.1638, -32.8986 ], [ -65.1601, -32.9061 ] ] } },
{ "type": "Feature", "properties": { "nombre": "Camino sin nombre", "longitud_km": 13.11 }, "geometry": { "type": "LineString", "coordinates": [ [ -65.0406, -32.876 ], [ -65.0448, -32.8761 ], [ -65.0573, -32.8946 ], [ -65.1119, -32.8939 ], [ -65.1118, -32.8983 ], [ -65.1238, -32.9054 ], [ -65.1601, -32.9061 ] ] } },
{ "type": "Feature", "properties": { "nombre": "Camino sin nombre", "longitud_km": 12.48 }, "geometry": { "type": "LineString", "coordinates": [ [ -65.3105, -32.8242 ], [ -65.315, -32.8489 ], [ -65.295, -32.8538 ], [ -65.3003, -32.8641 ], [ -65.2945, -32.865 ], [ -65.2945, -32.8768 ], [ -65.2888, -32.8807 ], [ -65.2962, -32.8965 ], [ -65.2898, -32.8974 ], [ -65.291, -32.9023 ], [ -65.2826, -32.9067 ] ] } },
{ "type": "Feature", "properties": { "nombre": "Camino sin nombre", "longitud_km": 8.24 }, "geometry": { "type": "LineString", "coordinates": [ [ -65.4375, -32.909 ], [ -65.4357, -32.8763 ], [ -65.457, -32.8765 ], [ -65.4834, -32.869 ] ] } },
{ "type": "Feature", "properties": { "nombre": "Camino sin nombre", "longitud_km": 10.5 }, "geometry": { "type": "LineString", "coordinates": [ [ -65.6314, -32.8749 ], [ -65.6491, -32.8802 ], [ -65.6621, -32.8732 ], [ -65.672, -32.8922 ], [ -65.694, -32.9037 ], [ -65.7201, -32.8962 ] ] } },
{ "type": "Feature", "properties": { "nombre": "Camino sin nombre", "longitud_km": 2.43 }, "geometry": { "type": "LineString", "coordinates": [ [ -66.7656, -32.8947 ], [ -66.748, -32.8785 ] ] } },
{ "type": "Feature", "properties": { "nombre": "Camino sin nombre", "longitud_km": 5.81 }, "geometry": { "type": "LineString", "coordinates": [ [ -66.7656, -32.8947 ], [ -66.782, -32.8853 ], [ -66.8145, -32.8848 ], [ -66.8229, -32.889 ] ] } },
{ "type": "Feature", "properties": { "nombre": "Camino sin nombre", "longitud_km": 3.25 }, "geometry": { "type": "LineString", "coordinates": [ [ -65.1601, -32.9061 ], [ -65.1554, -32.9351 ] ] } },
{ "type": "Feature", "properties": { "nombre": "Camino sin nombre", "longitud_km": 0.78 }, "geometry": { "type": "LineString", "coordinates": [ [ -66.3235, -32.9142 ], [ -66.331, -32.9111 ] ] } },
{ "type": "Feature", "properties": { "nombre": "Camino sin nombre", "longitud_km": 14.5 }, "geometry": { "type": "LineString", "coordinates": [ [ -66.9104, -32.861 ], [ -66.9234, -32.8671 ], [ -66.9314, -32.88 ], [ -66.9283, -32.8939 ], [ -66.9317, -32.9485 ], [ -66.9411, -32.9487 ], [ -66.9498, -32.9586 ], [ -66.9508, -32.9676 ], [ -66.9573, -32.9677 ] ] } },
{ "type": "Feature", "properties": { "nombre": "Camino sin nombre", "longitud_km": 1.04 }, "geometry": { "type": "LineString", "coordinates": [ [ -66.331, -32.9111 ], [ -66.336, -32.9194 ] ] } },
{ "type": "Feature", "properties": { "nombre": "Camino sin nombre", "longitud_km": 2.63 }, "geometry": { "type": "LineString", "coordinates": [ [ -66.331, -32.9111 ], [ -66.3387, -32.9079 ], [ -66.3438, -32.9159 ], [ -66.336, -32.9194 ] ] } },
{ "type": "Feature", "properties": { "nombre": "Camino sin nombre", "longitud_km": 0.83 }, "geometry": { "type": "LineString", "coordinates": [ [ -66.3242, -32.9187 ], [ -66.3162, -32.9218 ] ] } },
{ "type": "Feature", "properties": { "nombre": "Camino sin nombre", "longitud_km": 0.48 }, "geometry": { "type": "LineString", "coordinates": [ [ -66.336, -32.9194 ], [ -66.3315, -32.9215 ] ] } },
{ "type": "Feature", "properties": { "nombre": "Camino sin nombre", "longitud_km": 1.99 }, "geometry": { "type": "LineString", "coordinates": [ [ -66.3162, -32.9218 ], [ -66.3103, -32.9196 ], [ -66.3235, -32.9142 ] ] } },
{ "type": "Feature", "properties": { "nombre": "Camino sin nombre", "longitud_km": 5.12 }, "geometry": { "type": "LineString", "coordinates": [ [ -66.3746, -32.9234 ], [ -66.3826, -32.889 ], [ -66.3892, -32.8793 ] ] } },
{ "type": "Feature", "properties": { "nombre": "Camino sin nombre", "longitud_km": 1.85 }, "geometry": { "type": "LineString", "coordinates": [ [ -66.3162, -32.9218 ], [ -66.317, -32.9286 ], [ -66.3286, -32.9295 ] ] } },
{ "type": "Feature", "properties": { "nombre": "Camino sin nombre", "longitud_km": 3.75 }, "geometry": { "type": "LineString", "coordinates": [ [ -65.2952, -32.9554 ], [ -65.2855, -32.9225 ] ] } },
{ "type": "Feature", "properties": { "nombre": "Camino sin nombre", "longitud_km": 5.66 }, "geometry": { "type": "LineString", "coordinates": [ [ -65.4375, -32.909 ], [ -65.4364, -32.96 ] ] } },
{ "type": "Feature", "properties": { "nombre": "Camino sin nombre", "longitud_km": 6.76 }, "geometry": { "type": "LineString", "coordinates": [ [ -65.8271, -32.9593 ], [ -65.8051, -32.952 ], [ -65.7983, -32.9441 ], [ -65.778, -32.9395 ], [ -65.7705, -32.9275 ] ] } },
{ "type": "Feature", "properties": { "nombre": "Camino sin nombre", "longitud_km": 1.07 }, "geometry": { "type": "LineString", "coordinates": [ [ -65.4364, -32.96 ], [ -65.4361, -32.9697 ] ] } },
{ "type": "Feature", "properties": { "nombre": "Camino sin nombre", "longitud_km": 12.36 }, "geometry": { "type": "LineString", "coordinates": [ [ -66.8321, -32.8863 ], [ -66.8323, -32.8981 ], [ -66.8089, -32.9208 ], [ -66.8157, -32.9405 ], [ -66.8131, -32.9612 ], [ -66.8076, -32.9647 ], [ -66.8058, -32.9763 ], [ -66.7962, -32.9834 ] ] } },
{ "type": "Feature", "properties": { "nombre": "Camino sin nombre", "longitud_km": 12.91 }, "geometry": { "type": "LineString", "coordinates": [ [ -65.2967, -32.961 ], [ -65.2747, -32.9639 ], [ -65.2771, -32.9734 ], [ -65.2626, -32.9753 ], [ -65.2576, -32.9676 ], [ -65.2508, -32.9685 ], [ -65.2445, -32.944 ], [ -65.2346, -32.9444 ], [ -65.2277, -32.9175 ] ] } },
{ "type": "Feature", "properties": { "nombre": "Camino sin nombre", "longitud_km": 8.81 }, "geometry": { "type": "LineString", "coordinates": [ [ -66.7186, -32.946 ], [ -66.7084, -32.9392 ], [ -66.7064, -32.9269 ], [ -66.6503, -32.8969 ] ] } },
{ "type": "Feature", "properties": { "nombre": "Camino sin nombre", "longitud_km": 4.98 }, "geometry": { "type": "LineString", "coordinates": [ [ -66.3746, -32.9671 ], [ -66.3703, -32.9612 ], [ -66.3746, -32.9234 ] ] } },
{ "type": "Feature", "properties": { "nombre": "Camino sin nombre", "longitud_km": 8.8 }, "geometry": { "type": "LineString", "coordinates": [ [ -65.3987, -32.9819 ], [ -65.3068, -32.9994 ] ] } },
{ "type": "Feature", "properties": { "nombre": "Camino sin nombre", "longitud_km": 17.12 }, "geometry": { "type": "LineString", "coordinates": [ [ -65.5785, -33.0114 ], [ -65.5751, -32.9477 ], [ -65.5659, -32.9473 ], [ -65.5664, -32.9401 ], [ -65.5512, -32.9188 ], [ -65.54, -32.9192 ], [ -65.5151, -32.91 ], [ -65.5076, -32.903 ], [ -65.5109, -32.8945 ] ] } },
{ "type": "Feature", "properties": { "nombre": "Camino sin nombre", "longitud_km": 10.49 }, "geometry": { "type": "LineString", "coordinates": [ [ -65.718, -32.9252 ], [ -65.7162, -32.9409 ], [ -65.7201, -32.9504 ], [ -65.7158, -32.9599 ], [ -65.6991, -32.9652 ], [ -65.7018, -32.9866 ], [ -65.6908, -33.0065 ] ] } },
{ "type": "Feature", "properties": { "nombre": "Camino sin nombre", "longitud_km": 2.43 }, "geometry": { "type": "LineString", "coordinates": [ [ -65.6908, -33.0065 ], [ -65.7066, -33.0239 ] ] } },
{ "type": "Feature", "properties": { "nombre": "Camino sin nombre", "longitud_km": 6.79 }, "geometry": { "type": "LineString", "coordinates": [ [ -65.6555, -33.0483 ], [ -65.6517, -33.0355 ], [ -65.6634, -33.0172 ], [ -65.6792, -33.0059 ], [ -65.6908, -33.0065 ] ] } },
{ "type": "Feature", "properties": { "nombre": "Camino sin nombre", "longitud_km": 1.6 }, "geometry": { "type": "LineString", "coordinates": [ [ -67.0021, -33.0138 ], [ -66.9974, -33.0 ] ] } },
{ "type": "Feature", "properties": { "nombre": "Camino sin nombre", "longitud_km": 8.09 }, "geometry": { "type": "LineString", "coordinates": [ [ -67.0809, -32.9896 ], [ -67.0689, -33.0011 ], [ -67.0021, -33.0138 ] ] } },
{ "type": "Feature", "properties": { "nombre": "Camino sin nombre", "longitud_km": 6.1 }, "geometry": { "type": "LineString", "coordinates": [ [ -65.9098, -33.0419 ], [ -65.8923, -33.0447 ], [ -65.8733, -33.0292 ], [ -65.8554, -33.0385 ] ] } },
{ "type": "Feature", "properties": { "nombre": "Camino sin nombre", "longitud_km": 4.51 }, "geometry": { "type": "LineString", "coordinates": [ [ -65.5848, -33.0147 ], [ -65.5888, -33.0552 ] ] } },
{ "type": "Feature", "properties": { "nombre": "Camino sin nombre", "longitud_km": 0.37 }, "geometry": { "type": "LineString", "coordinates": [ [ -65.5888, -33.0552 ], [ -65.5901, -33.0583 ] ] } },
{ "type": "Feature", "properties": { "nombre": "Camino sin nombre", "longitud_km": 5.19 }, "geometry": { "type": "LineString", "coordinates": [ [ -66.3672, -33.0408 ], [ -66.3562, -33.0408 ], [ -66.3421, -33.0284 ], [ -66.3297, -33.0283 ], [ -66.3268, -33.0186 ] ] } },
{ "type": "Feature", "properties": { "nombre": "Camino sin nombre", "longitud_km": 2.16 }, "geometry": { "type": "LineString", "coordinates": [ [ -65.6555, -33.0483 ], [ -65.6617, -33.0671 ] ] } },
{ "type": "Feature", "properties": { "nombre": "Camino sin nombre", "longitud_km": 2.78 }, "geometry": { "type": "LineString", "coordinates": [ [ -65.6659, -33.0457 ], [ -65.6711, -33.0574 ], [ -65.6617, -33.0671 ] ] } },
{ "type": "Feature", "properties": { "nombre": "Camino sin nombre", "longitud_km": 5.83 }, "geometry": { "type": "LineString", "coordinates": [ [ -65.5341, -33.0596 ], [ -65.4752, -33.077 ] ] } },
{ "type": "Feature", "properties": { "nombre": "Camino sin nombre", "longitud_km": 9.44 }, "geometry": { "type": "LineString", "coordinates": [ [ -65.1348, -33.0319 ], [ -65.1173, -33.0328 ], [ -65.1144, -33.0658 ], [ -65.1078, -33.066 ], [ -65.1066, -33.085 ], [ -65.0915, -33.0856 ] ] } },
{ "type": "Feature", "properties": { "nombre": "Camino sin nombre", "longitud_km": 3.43 }, "geometry": { "type": "LineString", "coordinates": [ [ -66.9882, -33.0425 ], [ -67.0021, -33.0138 ] ] } },
{ "type": "Feature", "properties": { "nombre": "Camino sin nombre", "longitud_km": 1.27 }, "geometry": { "type": "LineString", "coordinates": [ [ -65.6617, -33.0671 ], [ -65.6609, -33.0785 ] ] } },
{ "type": "Feature", "properties": { "nombre": "Camino sin nombre", "longitud_km": 5.86 }, "geometry": { "type": "LineString", "coordinates": [ [ -65.1977, -33.0432 ], [ -65.1966, -33.096 ] ] } },
{ "type": "Feature", "properties": { "nombre": "Camino sin nombre", "longitud_km": 2.42 }, "geometry": { "type": "LineString", "coordinates": [ [ -66.9819, -33.0616 ], [ -66.9716, -33.0563 ], [ -66.9711, -33.0446 ] ] } },
{ "type": "Feature", "properties": { "nombre": "Camino sin nombre", "longitud_km": 6.62 }, "geometry": { "type": "LineString", "coordinates": [ [ -67.1349, -33.0 ], [ -67.138, -33.0181 ], [ -67.1663, -33.0519 ] ] } },
{ "type": "Feature", "properties": { "nombre": "Camino sin nombre", "longitud_km": 13.25 }, "geometry": { "type": "LineString", "coordinates": [ [ -65.9939, -33.0937 ], [ -65.9721, -33.0982 ], [ -65.9734, -33.1072 ], [ -65.9671, -33.12 ], [ -65.9396, -33.1341 ], [ -65.9282, -33.122 ], [ -65.8873, -33.1157 ] ] } },
{ "type": "Feature", "properties": { "nombre": "Camino sin nombre", "longitud_km": 2.13 }, "geometry": { "type": "LineString", "coordinates": [ [ -65.196, -33.1152 ], [ -65.1966, -33.096 ] ] } },
{ "type": "Feature", "properties": { "nombre": "Camino sin nombre", "longitud_km": 0.67 }, "geometry": { "type": "LineString", "coordinates": [ [ -65.189, -33.1189 ], [ -65.196, -33.1204 ] ] } },
{ "type": "Feature", "properties": { "nombre": "Camino sin nombre", "longitud_km": 0.57 }, "geometry": { "type": "LineString", "coordinates": [ [ -65.196, -33.1204 ], [ -65.196, -33.1152 ] ] } },
{ "type": "Feature", "properties": { "nombre": "Camino sin nombre", "longitud_km": 3.99 }, "geometry": { "type": "LineString", "coordinates": [ [ -66.4066, -33.1028 ], [ -66.3638, -33.1021 ] ] } },
{ "type": "Feature", "properties": { "nombre": "Camino sin nombre", "longitud_km": 8.88 }, "geometry": { "type": "LineString", "coordinates": [ [ -66.5017, -33.1038 ], [ -66.4066, -33.1028 ] ] } },
{ "type": "Feature", "properties": { "nombre": "Camino sin nombre", "longitud_km": 12.6 }, "geometry": { "type": "LineString", "coordinates": [ [ -66.205, -33.114 ], [ -66.2072, -33.039 ], [ -66.2, -33.0299 ], [ -66.2127, -33.0165 ], [ -66.2082, -33.0066 ] ] } },
{ "type": "Feature", "properties": { "nombre": "Camino sin nombre", "longitud_km": 11.87 }, "geometry": { "type": "LineString", "coordinates": [ [ -65.1966, -33.096 ], [ -65.308, -33.1253 ], [ -65.3101, -33.1339 ] ] } },
{ "type": "Feature", "properties": { "nombre": "Camino sin nombre", "longitud_km": 1.54 }, "geometry": { "type": "LineString", "coordinates": [ [ -66.1123, -33.1175 ], [ -66.1287, -33.1193 ] ] } },
{ "type": "Feature", "properties": { "nombre": "Camino sin nombre", "longitud_km": 7.92 }, "geometry": { "type": "LineString", "coordinates": [ [ -66.205, -33.114 ], [ -66.2898, -33.1166 ] ] } },
{ "type": "Feature", "properties": { "nombre": "Camino sin nombre", "longitud_km": 4.82 }, "geometry": { "type": "LineString", "coordinates": [ [ -66.1123, -33.1175 ], [ -66.0788, -33.1221 ], [ -66.0621, -33.1173 ] ] } },
{ "type": "Feature", "properties": { "nombre": "Camino sin nombre", "longitud_km": 8.66 }, "geometry": { "type": "LineString", "coordinates": [ [ -66.1287, -33.1193 ], [ -66.1388, -33.1259 ], [ -66.1608, -33.1255 ], [ -66.1626, -33.1215 ], [ -66.184, -33.1276 ], [ -66.2044, -33.121 ], [ -66.205, -33.114 ] ] } },
{ "type": "Feature", "properties": { "nombre": "Camino sin nombre", "longitud_km": 1.44 }, "geometry": { "type": "LineString", "coordinates": [ [ -66.1146, -33.1304 ], [ -66.1123, -33.1175 ] ] } },
{ "type": "Feature", "properties": { "nombre": "Camino sin nombre", "longitud_km": 2.28 }, "geometry": { "type": "LineString", "coordinates": [ [ -66.1287, -33.1193 ], [ -66.1294, -33.1269 ], [ -66.1146, -33.1304 ] ] } },
{ "type": "Feature", "properties": { "nombre": "Camino sin nombre", "longitud_km": 6.0 }, "geometry": { "type": "LineString", "coordinates": [ [ -66.3619, -33.1287 ], [ -66.4026, -33.1216 ], [ -66.4066, -33.1028 ] ] } },
{ "type": "Feature", "properties": { "nombre": "Camino sin nombre", "longitud_km": 6.87 }, "geometry": { "type": "LineString", "coordinates": [ [ -66.3619, -33.1287 ], [ -66.2882, -33.1277 ] ] } },
{ "type": "Feature", "properties": { "nombre": "Camino sin nombre", "longitud_km": 1.73 }, "geometry": { "type": "LineString", "coordinates": [ [ -66.1137, -33.1423 ], [ -66.1099, -33.1312 ], [ -66.1146, -33.1304 ] ] } },
{ "type": "Feature", "properties": { "nombre": "Camino sin nombre", "longitud_km": 3.43 }, "geometry": { "type": "LineString", "coordinates": [ [ -66.2885, -33.1323 ], [ -66.2521, -33.1366 ] ] } },
{ "type": "Feature", "properties": { "nombre": "Camino sin nombre", "longitud_km": 13.03 }, "geometry": { "type": "LineString", "coordinates": [ [ -66.6203, -33.0546 ], [ -66.5227, -33.1386 ] ] } },
{ "type": "Feature", "properties": { "nombre": "Camino sin nombre", "longitud_km": 4.57 }, "geometry": { "type": "LineString", "coordinates": [ [ -65.6075, -33.1735 ], [ -65.6565, -33.1738 ] ] } },
{ "type": "Feature", "properties": { "nombre": "Camino sin nombre", "longitud_km": 7.59 }, "geometry": { "type": "LineString", "coordinates": [ [ -65.6101, -33.1313 ], [ -65.6332, -33.1291 ], [ -65.6565, -33.1738 ] ] } },
{ "type": "Feature", "properties": { "nombre": "Camino sin nombre", "longitud_km": 7.67 }, "geometry": { "type": "LineString", "coordinates": [ [ -65.6565, -33.1738 ], [ -65.7089, -33.1654 ], [ -65.7221, -33.1438 ] ] } },
{ "type": "Feature", "properties": { "nombre": "Camino sin nombre", "longitud_km": 7.01 }, "geometry": { "type": "LineString", "coordinates": [ [ -65.5344, -33.1805 ], [ -65.5228, -33.1804 ], [ -65.5081, -33.1714 ], [ -65.5103, -33.1561 ], [ -65.4977, -33.1434 ], [ -65.5032, -33.1392 ] ] } },
{ "type": "Feature", "properties": { "nombre": "Camino sin nombre", "longitud_km": 6.07 }, "geometry": { "type": "LineString", "coordinates": [ [ -66.0137, -33.1539 ], [ -66.0144, -33.1628 ], [ -66.0271, -33.1765 ], [ -66.0347, -33.1775 ], [ -66.0581, -33.1677 ] ] } },
{ "type": "Feature", "properties": { "nombre": "Camino sin nombre", "longitud_km": 9.84 }, "geometry": { "type": "LineString", "coordinates": [ [ -65.196, -33.1204 ], [ -65.2129, -33.1221 ], [ -65.2116, -33.1451 ], [ -65.2234, -33.1955 ] ] } },
{ "type": "Feature", "properties": { "nombre": "Camino sin nombre", "longitud_km": 5.02 }, "geometry": { "type": "LineString", "coordinates": [ [ -66.1058, -33.1787 ], [ -66.1133, -33.1762 ], [ -66.1069, -33.1546 ], [ -66.1152, -33.15 ], [ -66.1137, -33.1423 ] ] } },
{ "type": "Feature", "properties": { "nombre": "Camino sin nombre", "longitud_km": 1.69 }, "geometry": { "type": "LineString", "coordinates": [ [ -67.1611, -33.156 ], [ -67.143, -33.1553 ] ] } },
{ "type": "Feature", "properties": { "nombre": "Camino sin nombre", "longitud_km": 7.82 }, "geometry": { "type": "LineString", "coordinates": [ [ -66.1529, -33.1889 ], [ -66.1362, -33.1617 ], [ -66.1345, -33.1395 ], [ -66.1137, -33.1423 ] ] } },
{ "type": "Feature", "properties": { "nombre": "Camino sin nombre", "longitud_km": 4.43 }, "geometry": { "type": "LineString", "coordinates": [ [ -66.1061, -33.1954 ], [ -66.0598, -33.1863 ] ] } },
{ "type": "Feature", "properties": { "nombre": "Camino sin nombre", "longitud_km": 1.34 }, "geometry": { "type": "LineString", "coordinates": [ [ -66.1196, -33.1912 ], [ -66.1061, -33.1954 ] ] } },
{ "type": "Feature", "properties": { "nombre": "Camino sin nombre", "longitud_km": 5.12 }, "geometry": { "type": "LineString", "coordinates": [ [ -65.6565, -33.1738 ], [ -65.6711, -33.1965 ], [ -65.6695, -33.2056 ], [ -65.6743, -33.2065 ], [ -65.6751, -33.2135 ] ] } },
{ "type": "Feature", "properties": { "nombre": "Camino sin nombre", "longitud_km": 8.04 }, "geometry": { "type": "LineString", "coordinates": [ [ -65.6751, -33.2135 ], [ -65.6979, -33.2124 ], [ -65.699, -33.2071 ], [ -65.7223, -33.213 ], [ -65.7221, -33.2405 ] ] } },
{ "type": "Feature", "properties": { "nombre": "Camino sin nombre", "longitud_km": 1.38 }, "geometry": { "type": "LineString", "coordinates": [ [ -66.071, -33.2071 ], [ -66.0611, -33.1978 ] ] } },
{ "type": "Feature", "properties": { "nombre": "Camino sin nombre", "longitud_km": 3.07 }, "geometry": { "type": "LineString", "coordinates": [ [ -66.1941, -33.1875 ], [ -66.1972, -33.1921 ], [ -66.1854, -33.1983 ], [ -66.1806, -33.2081 ] ] } },
{ "type": "Feature", "properties": { "nombre": "Camino sin nombre", "longitud_km": 5.11 }, "geometry": { "type": "LineString", "coordinates": [ [ -66.1782, -33.2112 ], [ -66.2022, -33.1996 ], [ -66.2235, -33.2137 ] ] } },
{ "type": "Feature", "properties": { "nombre": "Camino sin nombre", "longitud_km": 2.03 }, "geometry": { "type": "LineString", "coordinates": [ [ -65.7221, -33.2405 ], [ -65.7222, -33.2521 ], [ -65.7142, -33.2523 ] ] } },
{ "type": "Feature", "properties": { "nombre": "Camino sin nombre", "longitud_km": 2.9 }, "geometry": { "type": "LineString", "coordinates": [ [ -65.7142, -33.2523 ], [ -65.6831, -33.2526 ] ] } },
{ "type": "Feature", "properties": { "nombre": "Camino sin nombre", "longitud_km": 4.58 }, "geometry": { "type": "LineString", "coordinates": [ [ -65.6751, -33.2135 ], [ -65.6765, -33.2548 ] ] } },
{ "type": "Feature", "properties": { "nombre": "Camino sin nombre", "longitud_km": 6.07 }, "geometry": { "type": "LineString", "coordinates": [ [ -66.0361, -33.2637 ], [ -66.0372, -33.2368 ], [ -66.0186, -33.2312 ], [ -66.0135, -33.2209 ] ] } },
{ "type": "Feature", "properties": { "nombre": "Camino sin nombre", "longitud_km": 5.71 }, "geometry": { "type": "LineString", "coordinates": [ [ -66.2909, -33.2461 ], [ -66.2753, -33.2453 ], [ -66.2643, -33.2541 ], [ -66.2574, -33.2526 ], [ -66.2414, -33.2601 ], [ -66.2384, -33.2568 ] ] } },
{ "type": "Feature", "properties": { "nombre": "Camino sin nombre", "longitud_km": 9.59 }, "geometry": { "type": "LineString", "coordinates": [ [ -65.7136, -33.2731 ], [ -65.6372, -33.2727 ], [ -65.6358, -33.2783 ], [ -65.616, -33.2788 ] ] } },
{ "type": "Feature", "properties": { "nombre": "Camino sin nombre", "longitud_km": 2.31 }, "geometry": { "type": "LineString", "coordinates": [ [ -65.7136, -33.2731 ], [ -65.7142, -33.2523 ] ] } },
{ "type": "Feature", "properties": { "nombre": "Camino sin nombre", "longitud_km": 0.8 }, "geometry": { "type": "LineString", "coordinates": [ [ -66.2666, -33.3015 ], [ -66.2582, -33.3032 ] ] } },
{ "type": "Feature", "properties": { "nombre": "Camino sin nombre", "longitud_km": 4.93 }, "geometry": { "type": "LineString", "coordinates": [ [ -65.6137, -33.2911 ], [ -65.6489, -33.2911 ], [ -65.6644, -33.2985 ] ] } },
{ "type": "Feature", "properties": { "nombre": "Camino sin nombre", "longitud_km": 10.95 }, "geometry": { "type": "LineString", "coordinates": [ [ -66.2662, -33.301 ], [ -66.2537, -33.301 ], [ -66.2211, -33.2745 ], [ -66.2069, -33.2698 ], [ -66.1803, -33.2749 ], [ -66.1707, -33.2629 ] ] } },
{ "type": "Feature", "properties": { "nombre": "Camino sin nombre", "longitud_km": 17.59 }, "geometry": { "type": "LineString", "coordinates": [ [ -65.4735, -33.2887 ], [ -65.3945, -33.2873 ], [ -65.3876, -33.291 ], [ -65.3862, -33.2991 ], [ -65.2954, -33.3116 ] ] } },
{ "type": "Feature", "properties": { "nombre": "Camino sin nombre", "longitud_km": 4.29 }, "geometry": { "type": "LineString", "coordinates": [ [ -66.8676, -33.2659 ], [ -66.8648, -33.2733 ], [ -66.8281, -33.2709 ] ] } },
{ "type": "Feature", "properties": { "nombre": "Camino sin nombre", "longitud_km": 6.78 }, "geometry": { "type": "LineString", "coordinates": [ [ -66.3021, -33.2914 ], [ -66.2864, -33.2868 ], [ -66.2732, -33.2914 ], [ -66.2452, -33.2759 ], [ -66.2369, -33.2765 ] ] } },
{ "type": "Feature", "properties": { "nombre": "Camino sin nombre", "longitud_km": 1.1 }, "geometry": { "type": "LineString", "coordinates": [ [ -66.3109, -33.2848 ], [ -66.3021, -33.2914 ] ] } },
{ "type": "Feature", "properties": { "nombre": "Camino sin nombre", "longitud_km": 23.2 }, "geometry": { "type": "LineString", "coordinates": [ [ -66.5227, -33.1386 ], [ -66.4663, -33.1875 ], [ -66.4526, -33.1936 ], [ -66.3566, -33.2931 ] ] } },
{ "type": "Feature", "properties": { "nombre": "Camino sin nombre", "longitud_km": 6.03 }, "geometry": { "type": "LineString", "coordinates": [ [ -65.7131, -33.3274 ], [ -65.7136, -33.2731 ] ] } },
{ "type": "Feature", "properties": { "nombre": "Camino sin nombre", "longitud_km": 13.72 }, "geometry": { "type": "LineString", "coordinates": [ [ -65.8604, -33.3242 ], [ -65.7131, -33.3274 ] ] } },
{ "type": "Feature", "properties": { "nombre": "Camino sin nombre", "longitud_km": 7.92 }, "geometry": { "type": "LineString", "coordinates": [ [ -66.014, -33.3233 ], [ -66.0322, -33.3041 ], [ -66.0428, -33.3019 ], [ -66.0403, -33.292 ], [ -66.0499, -33.2812 ], [ -66.047, -33.2673 ] ] } },
{ "type": "Feature", "properties": { "nombre": "Camino sin nombre", "longitud_km": 2.46 }, "geometry": { "type": "LineString", "coordinates": [ [ -66.8018, -33.2851 ], [ -66.8096, -33.3062 ] ] } },
{ "type": "Feature", "properties": { "nombre": "Camino sin nombre", "longitud_km": 1.94 }, "geometry": { "type": "LineString", "coordinates": [ [ -65.7122, -33.3449 ], [ -65.7131, -33.3274 ] ] } },
{ "type": "Feature", "properties": { "nombre": "Camino sin nombre", "longitud_km": 7.98 }, "geometry": { "type": "LineString", "coordinates": [ [ -65.617, -33.3004 ], [ -65.649, -33.3001 ], [ -65.6489, -33.3452 ] ] } },
{ "type": "Feature", "properties": { "nombre": "Camino sin nombre", "longitud_km": 7.57 }, "geometry": { "type": "LineString", "coordinates": [ [ -66.1567, -33.3337 ], [ -66.1389, -33.2881 ], [ -66.1327, -33.2851 ], [ -66.1326, -33.2708 ] ] } },
{ "type": "Feature", "properties": { "nombre": "Camino sin nombre", "longitud_km": 3.57 }, "geometry": { "type": "LineString", "coordinates": [ [ -65.6489, -33.3452 ], [ -65.6106, -33.3463 ] ] } },
{ "type": "Feature", "properties": { "nombre": "Camino sin nombre", "longitud_km": 5.89 }, "geometry": { "type": "LineString", "coordinates": [ [ -65.6489, -33.3452 ], [ -65.7122, -33.3449 ] ] } },
{ "type": "Feature", "properties": { "nombre": "Camino sin nombre", "longitud_km": 13.54 }, "geometry": { "type": "LineString", "coordinates": [ [ -66.9308, -33.3728 ], [ -66.9256, -33.3718 ], [ -66.9234, -33.3613 ], [ -66.9193, -33.3167 ], [ -66.908, -33.3087 ], [ -66.8951, -33.2601 ] ] } },
{ "type": "Feature", "properties": { "nombre": "Camino sin nombre", "longitud_km": 1.9 }, "geometry": { "type": "LineString", "coordinates": [ [ -66.0585, -33.3437 ], [ -66.0619, -33.3606 ] ] } },
{ "type": "Feature", "properties": { "nombre": "Camino sin nombre", "longitud_km": 1.61 }, "geometry": { "type": "LineString", "coordinates": [ [ -66.3162, -33.3553 ], [ -66.3305, -33.3635 ] ] } },
{ "type": "Feature", "properties": { "nombre": "Camino sin nombre", "longitud_km": 4.89 }, "geometry": { "type": "LineString", "coordinates": [ [ -66.7057, -33.3491 ], [ -66.675, -33.3457 ], [ -66.6682, -33.3629 ] ] } },
{ "type": "Feature", "properties": { "nombre": "Camino sin nombre", "longitud_km": 9.25 }, "geometry": { "type": "LineString", "coordinates": [ [ -66.0184, -33.3922 ], [ -66.0535, -33.3745 ], [ -66.0872, -33.3762 ], [ -66.1105, -33.3831 ] ] } },
{ "type": "Feature", "properties": { "nombre": "Camino sin nombre", "longitud_km": 17.78 }, "geometry": { "type": "LineString", "coordinates": [ [ -66.1226, -33.3867 ], [ -66.1355, -33.3897 ], [ -66.1501, -33.382 ], [ -66.1608, -33.3636 ], [ -66.18, -33.3553 ], [ -66.1844, -33.349 ], [ -66.2055, -33.3454 ], [ -66.2144, -33.3388 ], [ -66.2332, -33.3413 ], [ -66.2445, -33.3347 ], [ -66.2602, -33.3044 ] ] } },
{ "type": "Feature", "properties": { "nombre": "Camino sin nombre", "longitud_km": 9.42 }, "geometry": { "type": "LineString", "coordinates": [ [ -67.0315, -33.3817 ], [ -66.9308, -33.3728 ] ] } },
{ "type": "Feature", "properties": { "nombre": "Camino sin nombre", "longitud_km": 4.61 }, "geometry": { "type": "LineString", "coordinates": [ [ -65.9762, -33.414 ], [ -66.0184, -33.3922 ] ] } },
{ "type": "Feature", "properties": { "nombre": "Camino sin nombre", "longitud_km": 10.91 }, "geometry": { "type": "LineString", "coordinates": [ [ -65.4861, -33.421 ], [ -65.3699, -33.4342 ] ] } },
{ "type": "Feature", "properties": { "nombre": "Camino sin nombre", "longitud_km": 10.54 }, "geometry": { "type": "LineString", "coordinates": [ [ -65.7196, -33.4328 ], [ -65.7174, -33.3952 ], [ -65.7132, -33.3956 ], [ -65.7163, -33.3693 ], [ -65.7127, -33.3693 ], [ -65.7122, -33.3449 ] ] } },
{ "type": "Feature", "properties": { "nombre": "Camino sin nombre", "longitud_km": 7.17 }, "geometry": { "type": "LineString", "coordinates": [ [ -65.4842, -33.4448 ], [ -65.5605, -33.4355 ] ] } },
{ "type": "Feature", "properties": { "nombre": "Camino sin nombre", "longitud_km": 4.84 }, "geometry": { "type": "LineString", "coordinates": [ [ -65.9767, -33.4625 ], [ -66.0272, -33.4518 ] ] } },
{ "type": "Feature", "properties": { "nombre": "Camino sin nombre", "longitud_km": 0.99 }, "geometry": { "type": "LineString", "coordinates": [ [ -65.8765, -33.455 ], [ -65.882, -33.4627 ] ] } },
{ "type": "Feature", "properties": { "nombre": "Camino sin nombre", "longitud_km": 10.28 }, "geometry": { "type": "LineString", "coordinates": [ [ -65.9762, -33.414 ], [ -65.882, -33.4627 ] ] } },
{ "type": "Feature", "properties": { "nombre": "Camino sin nombre", "longitud_km": 6.93 }, "geometry": { "type": "LineString", "coordinates": [ [ -66.9332, -33.4352 ], [ -66.9308, -33.3728 ] ] } },
{ "type": "Feature", "properties": { "nombre": "Camino sin nombre", "longitud_km": 5.38 }, "geometry": { "type": "LineString", "coordinates": [ [ -65.9762, -33.414 ], [ -65.9767, -33.4625 ] ] } },
{ "type": "Feature", "properties": { "nombre": "Camino sin nombre", "longitud_km": 0.53 }, "geometry": { "type": "LineString", "coordinates": [ [ -65.9712, -33.4636 ], [ -65.9767, -33.4625 ] ] } },
{ "type": "Feature", "properties": { "nombre": "Camino sin nombre", "longitud_km": 0.87 }, "geometry": { "type": "LineString", "coordinates": [ [ -65.9621, -33.4655 ], [ -65.9712, -33.4636 ] ] } },
{ "type": "Feature", "properties": { "nombre": "Camino sin nombre", "longitud_km": 0.4 }, "geometry": { "type": "LineString", "coordinates": [ [ -66.9331, -33.4388 ], [ -66.9332, -33.4352 ] ] } },
{ "type": "Feature", "properties": { "nombre": "Camino sin nombre", "longitud_km": 4.47 }, "geometry": { "type": "LineString", "coordinates": [ [ -65.9154, -33.4751 ], [ -65.9621, -33.4655 ] ] } },
{ "type": "Feature", "properties": { "nombre": "Camino sin nombre", "longitud_km": 6.84 }, "geometry": { "type": "LineString", "coordinates": [ [ -65.3404, -33.4402 ], [ -65.3216, -33.4444 ], [ -65.3358, -33.4881 ] ] } },
{ "type": "Feature", "properties": { "nombre": "Camino sin nombre", "longitud_km": 0.94 }, "geometry": { "type": "LineString", "coordinates": [ [ -65.9712, -33.4636 ], [ -65.9724, -33.472 ] ] } },
{ "type": "Feature", "properties": { "nombre": "Camino sin nombre", "longitud_km": 0.9 }, "geometry": { "type": "LineString", "coordinates": [ [ -65.906, -33.4771 ], [ -65.9154, -33.4751 ] ] } },
{ "type": "Feature", "properties": { "nombre": "Camino sin nombre", "longitud_km": 7.55 }, "geometry": { "type": "LineString", "coordinates": [ [ -65.2561, -33.5013 ], [ -65.3358, -33.4881 ] ] } },
{ "type": "Feature", "properties": { "nombre": "Camino sin nombre", "longitud_km": 5.67 }, "geometry": { "type": "LineString", "coordinates": [ [ -65.8468, -33.4895 ], [ -65.906, -33.4771 ] ] } },
{ "type": "Feature", "properties": { "nombre": "Camino sin nombre", "longitud_km": 1.02 }, "geometry": { "type": "LineString", "coordinates": [ [ -66.768, -33.4565 ], [ -66.7577, -33.4536 ] ] } },
{ "type": "Feature", "properties": { "nombre": "Camino sin nombre", "longitud_km": 4.18 }, "geometry": { "type": "LineString", "coordinates": [ [ -65.882, -33.4627 ], [ -65.8446, -33.4836 ] ] } },
{ "type": "Feature", "properties": { "nombre": "Camino sin nombre", "longitud_km": 0.91 }, "geometry": { "type": "LineString", "coordinates": [ [ -65.9154, -33.4751 ], [ -65.9185, -33.4828 ] ] } },
{ "type": "Feature", "properties": { "nombre": "Camino sin nombre", "longitud_km": 10.15 }, "geometry": { "type": "LineString", "coordinates": [ [ -67.1502, -33.4048 ], [ -67.1509, -33.4134 ], [ -67.1384, -33.4382 ], [ -67.1227, -33.4568 ], [ -67.1023, -33.469 ], [ -67.1093, -33.4796 ] ] } },
{ "type": "Feature", "properties": { "nombre": "Camino sin nombre", "longitud_km": 0.69 }, "geometry": { "type": "LineString", "coordinates": [ [ -65.8446, -33.4836 ], [ -65.8468, -33.4895 ] ] } },
{ "type": "Feature", "properties": { "nombre": "Camino sin nombre", "longitud_km": 0.22 }, "geometry": { "type": "LineString", "coordinates": [ [ -65.8445, -33.49 ], [ -65.8468, -33.4895 ] ] } },
{ "type": "Feature", "properties": { "nombre": "Camino sin nombre", "longitud_km": 13.26 }, "geometry": { "type": "LineString", "coordinates": [ [ -65.2561, -33.5013 ], [ -65.1976, -33.5129 ], [ -65.1951, -33.5038 ], [ -65.1237, -33.5045 ] ] } },
{ "type": "Feature", "properties": { "nombre": "Camino sin nombre", "longitud_km": 2.2 }, "geometry": { "type": "LineString", "coordinates": [ [ -65.8446, -33.4836 ], [ -65.8246, -33.4942 ] ] } },
{ "type": "Feature", "properties": { "nombre": "Camino sin nombre", "longitud_km": 1.9 }, "geometry": { "type": "LineString", "coordinates": [ [ -65.8246, -33.4942 ], [ -65.8445, -33.49 ] ] } },
{ "type": "Feature", "properties": { "nombre": "Camino sin nombre", "longitud_km": 2.27 }, "geometry": { "type": "LineString", "coordinates": [ [ -65.8026, -33.5029 ], [ -65.8246, -33.4942 ] ] } },
{ "type": "Feature", "properties": { "nombre": "Camino sin nombre", "longitud_km": 0.46 }, "geometry": { "type": "LineString", "coordinates": [ [ -65.7977, -33.5038 ], [ -65.8026, -33.5029 ] ] } },
{ "type": "Feature", "properties": { "nombre": "Camino sin nombre", "longitud_km": 2.19 }, "geometry": { "type": "LineString", "coordinates": [ [ -65.8493, -33.5093 ], [ -65.8445, -33.49 ] ] } },
{ "type": "Feature", "properties": { "nombre": "Camino sin nombre", "longitud_km": 5.14 }, "geometry": { "type": "LineString", "coordinates": [ [ -65.9621, -33.4655 ], [ -65.9628, -33.5119 ] ] } },
{ "type": "Feature", "properties": { "nombre": "Camino sin nombre", "longitud_km": 2.96 }, "geometry": { "type": "LineString", "coordinates": [ [ -65.8573, -33.5352 ], [ -65.8493, -33.5093 ] ] } },
{ "type": "Feature", "properties": { "nombre": "Camino sin nombre", "longitud_km": 4.08 }, "geometry": { "type": "LineString", "coordinates": [ [ -65.9628, -33.5119 ], [ -65.9204, -33.5213 ] ] } },
{ "type": "Feature", "properties": { "nombre": "Camino sin nombre", "longitud_km": 5.09 }, "geometry": { "type": "LineString", "coordinates": [ [ -65.906, -33.4771 ], [ -65.9204, -33.5213 ] ] } },
{ "type": "Feature", "properties": { "nombre": "Camino sin nombre", "longitud_km": 6.52 }, "geometry": { "type": "LineString", "coordinates": [ [ -66.2281, -33.5246 ], [ -66.1579, -33.5236 ] ] } },
{ "type": "Feature", "properties": { "nombre": "Camino sin nombre", "longitud_km": 7.01 }, "geometry": { "type": "LineString", "coordinates": [ [ -65.7119, -33.5413 ], [ -65.7122, -33.4873 ], [ -65.7083, -33.4787 ] ] } },
{ "type": "Feature", "properties": { "nombre": "Camino sin nombre", "longitud_km": 1.7 }, "geometry": { "type": "LineString", "coordinates": [ [ -65.9628, -33.5119 ], [ -65.9632, -33.5272 ] ] } },
{ "type": "Feature", "properties": { "nombre": "Camino sin nombre", "longitud_km": 5.96 }, "geometry": { "type": "LineString", "coordinates": [ [ -65.9632, -33.5272 ], [ -66.0274, -33.5259 ] ] } },
{ "type": "Feature", "properties": { "nombre": "Camino sin nombre", "longitud_km": 8.66 }, "geometry": { "type": "LineString", "coordinates": [ [ -66.1206, -33.5244 ], [ -66.0274, -33.5259 ] ] } },
{ "type": "Feature", "properties": { "nombre": "Camino sin nombre", "longitud_km": 3.52 }, "geometry": { "type": "LineString", "coordinates": [ [ -65.8773, -33.5308 ], [ -65.8493, -33.5093 ] ] } },
{ "type": "Feature", "properties": { "nombre": "Camino sin nombre", "longitud_km": 4.14 }, "geometry": { "type": "LineString", "coordinates": [ [ -65.9204, -33.5213 ], [ -65.8773, -33.5308 ] ] } },
{ "type": "Feature", "properties": { "nombre": "Camino sin nombre", "longitud_km": 4.62 }, "geometry": { "type": "LineString", "coordinates": [ [ -65.8026, -33.5029 ], [ -65.8148, -33.5433 ] ] } },
{ "type": "Feature", "properties": { "nombre": "Camino sin nombre", "longitud_km": 1.92 }, "geometry": { "type": "LineString", "coordinates": [ [ -65.8773, -33.5308 ], [ -65.8573, -33.5352 ] ] } },
{ "type": "Feature", "properties": { "nombre": "Camino sin nombre", "longitud_km": 7.04 }, "geometry": { "type": "LineString", "coordinates": [ [ -66.3039, -33.5244 ], [ -66.2281, -33.5246 ] ] } },
{ "type": "Feature", "properties": { "nombre": "Camino sin nombre", "longitud_km": 3.58 }, "geometry": { "type": "LineString", "coordinates": [ [ -65.904, -33.5541 ], [ -65.8773, -33.5308 ] ] } },
{ "type": "Feature", "properties": { "nombre": "Camino sin nombre", "longitud_km": 8.34 }, "geometry": { "type": "LineString", "coordinates": [ [ -65.3904, -33.5484 ], [ -65.4787, -33.5345 ] ] } },
{ "type": "Feature", "properties": { "nombre": "Camino sin nombre", "longitud_km": 4.05 }, "geometry": { "type": "LineString", "coordinates": [ [ -65.8573, -33.5352 ], [ -65.8148, -33.5433 ] ] } },
{ "type": "Feature", "properties": { "nombre": "Camino sin nombre", "longitud_km": 7.52 }, "geometry": { "type": "LineString", "coordinates": [ [ -65.3358, -33.4881 ], [ -65.3425, -33.5557 ] ] } },
{ "type": "Feature", "properties": { "nombre": "Camino sin nombre", "longitud_km": 4.52 }, "geometry": { "type": "LineString", "coordinates": [ [ -65.3425, -33.5557 ], [ -65.3904, -33.5484 ] ] } },
{ "type": "Feature", "properties": { "nombre": "Camino sin nombre", "longitud_km": 4.77 }, "geometry": { "type": "LineString", "coordinates": [ [ -65.8148, -33.5433 ], [ -65.7812, -33.5556 ], [ -65.7771, -33.5437 ] ] } },
{ "type": "Feature", "properties": { "nombre": "Camino sin nombre", "longitud_km": 2.12 }, "geometry": { "type": "LineString", "coordinates": [ [ -66.4855, -33.5277 ], [ -66.4632, -33.5319 ] ] } },
{ "type": "Feature", "properties": { "nombre": "Camino sin nombre", "longitud_km": 3.74 }, "geometry": { "type": "LineString", "coordinates": [ [ -65.8638, -33.5569 ], [ -65.904, -33.5541 ] ] } },
{ "type": "Feature", "properties": { "nombre": "Camino sin nombre", "longitud_km": 1.19 }, "geometry": { "type": "LineString", "coordinates": [ [ -65.904, -33.5541 ], [ -65.9168, -33.5533 ] ] } },
{ "type": "Feature", "properties": { "nombre": "Camino sin nombre", "longitud_km": 2.49 }, "geometry": { "type": "LineString", "coordinates": [ [ -65.8638, -33.5569 ], [ -65.8573, -33.5352 ] ] } },
{ "type": "Feature", "properties": { "nombre": "Camino sin nombre", "longitud_km": 12.36 }, "geometry": { "type": "LineString", "coordinates": [ [ -66.2457, -33.6344 ], [ -66.2355, -33.6024 ], [ -66.2342, -33.5551 ], [ -66.2281, -33.5246 ] ] } },
{ "type": "Feature", "properties": { "nombre": "Camino sin nombre", "longitud_km": 5.05 }, "geometry": { "type": "LineString", "coordinates": [ [ -66.3037, -33.5323 ], [ -66.3175, -33.5323 ], [ -66.3201, -33.5412 ], [ -66.3422, -33.5577 ] ] } },
{ "type": "Feature", "properties": { "nombre": "Camino sin nombre", "longitud_km": 27.4 }, "geometry": { "type": "LineString", "coordinates": [ [ -66.5185, -33.5608 ], [ -66.5259, -33.457 ], [ -66.5224, -33.4509 ], [ -66.4859, -33.4228 ], [ -66.4543, -33.4052 ], [ -66.4501, -33.3864 ], [ -66.4023, -33.3687 ] ] } },
{ "type": "Feature", "properties": { "nombre": "Camino sin nombre", "longitud_km": 4.13 }, "geometry": { "type": "LineString", "coordinates": [ [ -65.8148, -33.5433 ], [ -65.826, -33.5794 ] ] } },
{ "type": "Feature", "properties": { "nombre": "Camino sin nombre", "longitud_km": 4.54 }, "geometry": { "type": "LineString", "coordinates": [ [ -65.826, -33.5794 ], [ -65.8735, -33.589 ] ] } },
{ "type": "Feature", "properties": { "nombre": "Camino sin nombre", "longitud_km": 3.67 }, "geometry": { "type": "LineString", "coordinates": [ [ -65.8735, -33.589 ], [ -65.8638, -33.5569 ] ] } },
{ "type": "Feature", "properties": { "nombre": "Camino sin nombre", "longitud_km": 7.92 }, "geometry": { "type": "LineString", "coordinates": [ [ -65.826, -33.5794 ], [ -65.8107, -33.5765 ], [ -65.8146, -33.5889 ], [ -65.762, -33.5997 ] ] } },
{ "type": "Feature", "properties": { "nombre": "Camino sin nombre", "longitud_km": 7.26 }, "geometry": { "type": "LineString", "coordinates": [ [ -65.7502, -33.6022 ], [ -65.7331, -33.5584 ], [ -65.7309, -33.5392 ] ] } },
{ "type": "Feature", "properties": { "nombre": "Camino sin nombre", "longitud_km": 1.13 }, "geometry": { "type": "LineString", "coordinates": [ [ -65.762, -33.5997 ], [ -65.7502, -33.6022 ] ] } },
{ "type": "Feature", "properties": { "nombre": "Camino sin nombre", "longitud_km": 4.33 }, "geometry": { "type": "LineString", "coordinates": [ [ -65.8849, -33.6269 ], [ -65.8735, -33.589 ] ] } },
{ "type": "Feature", "properties": { "nombre": "Camino sin nombre", "longitud_km": 4.05 }, "geometry": { "type": "LineString", "coordinates": [ [ -65.6433, -33.5848 ], [ -65.6493, -33.6091 ], [ -65.6632, -33.6073 ] ] } },
{ "type": "Feature", "properties": { "nombre": "Camino sin nombre", "longitud_km": 5.28 }, "geometry": { "type": "LineString", "coordinates": [ [ -65.6795, -33.5655 ], [ -65.694, -33.6115 ] ] } },
{ "type": "Feature", "properties": { "nombre": "Camino sin nombre", "longitud_km": 0.24 }, "geometry": { "type": "LineString", "coordinates": [ [ -65.694, -33.6115 ], [ -65.6958, -33.6129 ] ] } },
{ "type": "Feature", "properties": { "nombre": "Camino sin nombre", "longitud_km": 5.18 }, "geometry": { "type": "LineString", "coordinates": [ [ -65.7502, -33.6022 ], [ -65.6958, -33.6129 ] ] } },
{ "type": "Feature", "properties": { "nombre": "Camino sin nombre", "longitud_km": 0.2 }, "geometry": { "type": "LineString", "coordinates": [ [ -65.694, -33.6115 ], [ -65.6945, -33.6132 ] ] } },
{ "type": "Feature", "properties": { "nombre": "Camino sin nombre", "longitud_km": 0.13 }, "geometry": { "type": "LineString", "coordinates": [ [ -65.6958, -33.6129 ], [ -65.6945, -33.6132 ] ] } },
{ "type": "Feature", "properties": { "nombre": "Camino sin nombre", "longitud_km": 1.5 }, "geometry": { "type": "LineString", "coordinates": [ [ -66.1686, -33.6029 ], [ -66.1525, -33.6028 ] ] } },
{ "type": "Feature", "properties": { "nombre": "Camino sin nombre", "longitud_km": 9.15 }, "geometry": { "type": "LineString", "coordinates": [ [ -65.9632, -33.5272 ], [ -65.9649, -33.6097 ] ] } },
{ "type": "Feature", "properties": { "nombre": "Camino sin nombre", "longitud_km": 11.24 }, "geometry": { "type": "LineString", "coordinates": [ [ -65.6945, -33.6132 ], [ -65.5767, -33.6367 ] ] } },
{ "type": "Feature", "properties": { "nombre": "Camino sin nombre", "longitud_km": 1.12 }, "geometry": { "type": "LineString", "coordinates": [ [ -65.5272, -33.6188 ], [ -65.5374, -33.6242 ] ] } },
{ "type": "Feature", "properties": { "nombre": "Camino sin nombre", "longitud_km": 7.52 }, "geometry": { "type": "LineString", "coordinates": [ [ -65.9386, -33.6154 ], [ -65.904, -33.5541 ] ] } },
{ "type": "Feature", "properties": { "nombre": "Camino sin nombre", "longitud_km": 2.52 }, "geometry": { "type": "LineString", "coordinates": [ [ -65.9649, -33.6097 ], [ -65.9386, -33.6154 ] ] } },
{ "type": "Feature", "properties": { "nombre": "Camino sin nombre", "longitud_km": 0.3 }, "geometry": { "type": "LineString", "coordinates": [ [ -65.5255, -33.6249 ], [ -65.5238, -33.6227 ] ] } },
{ "type": "Feature", "properties": { "nombre": "Camino sin nombre", "longitud_km": 5.14 }, "geometry": { "type": "LineString", "coordinates": [ [ -65.9386, -33.6154 ], [ -65.8849, -33.6269 ] ] } },
{ "type": "Feature", "properties": { "nombre": "Camino sin nombre", "longitud_km": 0.51 }, "geometry": { "type": "LineString", "coordinates": [ [ -65.5255, -33.6249 ], [ -65.5206, -33.6269 ] ] } },
{ "type": "Feature", "properties": { "nombre": "Camino sin nombre", "longitud_km": 0.4 }, "geometry": { "type": "LineString", "coordinates": [ [ -65.5273, -33.6282 ], [ -65.5255, -33.6249 ] ] } },
{ "type": "Feature", "properties": { "nombre": "Camino sin nombre", "longitud_km": 1.84 }, "geometry": { "type": "LineString", "coordinates": [ [ -65.5374, -33.6242 ], [ -65.5545, -33.6327 ] ] } },
{ "type": "Feature", "properties": { "nombre": "Camino sin nombre", "longitud_km": 7.88 }, "geometry": { "type": "LineString", "coordinates": [ [ -65.762, -33.5997 ], [ -65.7828, -33.6686 ] ] } },
{ "type": "Feature", "properties": { "nombre": "Camino sin nombre", "longitud_km": 20.39 }, "geometry": { "type": "LineString", "coordinates": [ [ -65.9649, -33.6097 ], [ -65.965, -33.6137 ], [ -66.1792, -33.6283 ] ] } },
{ "type": "Feature", "properties": { "nombre": "Camino sin nombre", "longitud_km": 4.35 }, "geometry": { "type": "LineString", "coordinates": [ [ -65.5545, -33.6327 ], [ -65.5117, -33.6488 ] ] } },
{ "type": "Feature", "properties": { "nombre": "Camino sin nombre", "longitud_km": 5.98 }, "geometry": { "type": "LineString", "coordinates": [ [ -66.1812, -33.6331 ], [ -66.2457, -33.6344 ] ] } },
{ "type": "Feature", "properties": { "nombre": "Camino sin nombre", "longitud_km": 0.56 }, "geometry": { "type": "LineString", "coordinates": [ [ -65.5117, -33.6488 ], [ -65.5063, -33.6509 ] ] } },
{ "type": "Feature", "properties": { "nombre": "Camino sin nombre", "longitud_km": 1.0 }, "geometry": { "type": "LineString", "coordinates": [ [ -65.5014, -33.6514 ], [ -65.5117, -33.6488 ] ] } },
{ "type": "Feature", "properties": { "nombre": "Camino sin nombre", "longitud_km": 0.46 }, "geometry": { "type": "LineString", "coordinates": [ [ -65.5063, -33.6509 ], [ -65.5014, -33.6514 ] ] } },
{ "type": "Feature", "properties": { "nombre": "Camino sin nombre", "longitud_km": 5.1 }, "geometry": { "type": "LineString", "coordinates": [ [ -66.2457, -33.6344 ], [ -66.2676, -33.6251 ], [ -66.2961, -33.6341 ] ] } },
{ "type": "Feature", "properties": { "nombre": "Camino sin nombre", "longitud_km": 7.45 }, "geometry": { "type": "LineString", "coordinates": [ [ -66.5234, -33.6285 ], [ -66.5124, -33.562 ] ] } },
{ "type": "Feature", "properties": { "nombre": "Camino sin nombre", "longitud_km": 2.93 }, "geometry": { "type": "LineString", "coordinates": [ [ -66.5234, -33.6285 ], [ -66.5527, -33.6188 ] ] } },
{ "type": "Feature", "properties": { "nombre": "Camino sin nombre", "longitud_km": 6.57 }, "geometry": { "type": "LineString", "coordinates": [ [ -65.8955, -33.6624 ], [ -65.9386, -33.6154 ] ] } },
{ "type": "Feature", "properties": { "nombre": "Camino sin nombre", "longitud_km": 4.06 }, "geometry": { "type": "LineString", "coordinates": [ [ -65.8849, -33.6269 ], [ -65.8955, -33.6624 ] ] } },
{ "type": "Feature", "properties": { "nombre": "Camino sin nombre", "longitud_km": 2.15 }, "geometry": { "type": "LineString", "coordinates": [ [ -65.5024, -33.6701 ], [ -65.5063, -33.6509 ] ] } },
{ "type": "Feature", "properties": { "nombre": "Camino sin nombre", "longitud_km": 4.72 }, "geometry": { "type": "LineString", "coordinates": [ [ -65.4372, -33.6863 ], [ -65.431, -33.6672 ], [ -65.4046, -33.6728 ] ] } },
{ "type": "Feature", "properties": { "nombre": "Camino sin nombre", "longitud_km": 6.28 }, "geometry": { "type": "LineString", "coordinates": [ [ -65.6945, -33.6132 ], [ -65.7112, -33.6681 ] ] } },
{ "type": "Feature", "properties": { "nombre": "Camino sin nombre", "longitud_km": 6.64 }, "geometry": { "type": "LineString", "coordinates": [ [ -65.7828, -33.6686 ], [ -65.7112, -33.6681 ] ] } },
{ "type": "Feature", "properties": { "nombre": "Camino sin nombre", "longitud_km": 1.66 }, "geometry": { "type": "LineString", "coordinates": [ [ -66.4412, -33.6521 ], [ -66.4234, -33.651 ] ] } },
{ "type": "Feature", "properties": { "nombre": "Camino sin nombre", "longitud_km": 1.52 }, "geometry": { "type": "LineString", "coordinates": [ [ -65.7112, -33.6681 ], [ -65.6953, -33.6712 ] ] } },
{ "type": "Feature", "properties": { "nombre": "Camino sin nombre", "longitud_km": 11.38 }, "geometry": { "type": "LineString", "coordinates": [ [ -66.5483, -33.6706 ], [ -66.4256, -33.6673 ] ] } },
{ "type": "Feature", "properties": { "nombre": "Camino sin nombre", "longitud_km": 3.72 }, "geometry": { "type": "LineString", "coordinates": [ [ -65.4046, -33.6728 ], [ -65.3856, -33.6771 ], [ -65.3701, -33.6883 ] ] } },
{ "type": "Feature", "properties": { "nombre": "Camino sin nombre", "longitud_km": 9.68 }, "geometry": { "type": "LineString", "coordinates": [ [ -66.2948, -33.6593 ], [ -66.1905, -33.6556 ] ] } },
{ "type": "Feature", "properties": { "nombre": "Camino sin nombre", "longitud_km": 10.63 }, "geometry": { "type": "LineString", "coordinates": [ [ -65.8974, -33.6697 ], [ -65.7828, -33.6686 ] ] } },
{ "type": "Feature", "properties": { "nombre": "Camino sin nombre", "longitud_km": 0.84 }, "geometry": { "type": "LineString", "coordinates": [ [ -65.8974, -33.6697 ], [ -65.8955, -33.6624 ] ] } },
{ "type": "Feature", "properties": { "nombre": "Camino sin nombre", "longitud_km": 3.66 }, "geometry": { "type": "LineString", "coordinates": [ [ -66.0611, -33.6562 ], [ -66.0674, -33.6889 ] ] } },
{ "type": "Feature", "properties": { "nombre": "Camino sin nombre", "longitud_km": 6.64 }, "geometry": { "type": "LineString", "coordinates": [ [ -66.3661, -33.6638 ], [ -66.2948, -33.6593 ] ] } },
{ "type": "Feature", "properties": { "nombre": "Camino sin nombre", "longitud_km": 2.37 }, "geometry": { "type": "LineString", "coordinates": [ [ -66.3661, -33.6638 ], [ -66.3662, -33.658 ], [ -66.3799, -33.654 ], [ -66.3786, -33.6508 ] ] } },
{ "type": "Feature", "properties": { "nombre": "Camino sin nombre", "longitud_km": 2.17 }, "geometry": { "type": "LineString", "coordinates": [ [ -65.4372, -33.6863 ], [ -65.4598, -33.6812 ] ] } },
{ "type": "Feature", "properties": { "nombre": "Camino sin nombre", "longitud_km": 5.53 }, "geometry": { "type": "LineString", "coordinates": [ [ -66.4256, -33.6673 ], [ -66.3661, -33.6638 ] ] } },
{ "type": "Feature", "properties": { "nombre": "Camino sin nombre", "longitud_km": 2.24 }, "geometry": { "type": "LineString", "coordinates": [ [ -65.4046, -33.6728 ], [ -65.4106, -33.6923 ] ] } },
{ "type": "Feature", "properties": { "nombre": "Camino sin nombre", "longitud_km": 2.56 }, "geometry": { "type": "LineString", "coordinates": [ [ -65.4106, -33.6923 ], [ -65.4372, -33.6863 ] ] } },
{ "type": "Feature", "properties": { "nombre": "Camino sin nombre", "longitud_km": 0.73 }, "geometry": { "type": "LineString", "coordinates": [ [ -65.4372, -33.6863 ], [ -65.4394, -33.6927 ] ] } },
{ "type": "Feature", "properties": { "nombre": "Camino sin nombre", "longitud_km": 11.59 }, "geometry": { "type": "LineString", "coordinates": [ [ -66.3802, -33.7665 ], [ -66.3657, -33.7258 ], [ -66.3661, -33.6638 ] ] } },
{ "type": "Feature", "properties": { "nombre": "Camino sin nombre", "longitud_km": 1.43 }, "geometry": { "type": "LineString", "coordinates": [ [ -66.9588, -33.6541 ], [ -66.9435, -33.6554 ] ] } },
{ "type": "Feature", "properties": { "nombre": "Camino sin nombre", "longitud_km": 16.37 }, "geometry": { "type": "LineString", "coordinates": [ [ -65.6953, -33.6712 ], [ -65.5845, -33.6925 ], [ -65.5693, -33.6416 ] ] } },
{ "type": "Feature", "properties": { "nombre": "Camino sin nombre", "longitud_km": 5.2 }, "geometry": { "type": "LineString", "coordinates": [ [ -66.5483, -33.6706 ], [ -66.5234, -33.6285 ] ] } },
{ "type": "Feature", "properties": { "nombre": "Camino sin nombre", "longitud_km": 1.4 }, "geometry": { "type": "LineString", "coordinates": [ [ -65.3701, -33.6883 ], [ -65.3782, -33.699 ] ] } },
{ "type": "Feature", "properties": { "nombre": "Camino sin nombre", "longitud_km": 3.09 }, "geometry": { "type": "LineString", "coordinates": [ [ -65.3782, -33.699 ], [ -65.4106, -33.6923 ] ] } },
{ "type": "Feature", "properties": { "nombre": "Camino sin nombre", "longitud_km": 16.04 }, "geometry": { "type": "LineString", "coordinates": [ [ -66.9435, -33.6554 ], [ -66.771, -33.6655 ] ] } },
{ "type": "Feature", "properties": { "nombre": "Camino sin nombre", "longitud_km": 0.73 }, "geometry": { "type": "LineString", "coordinates": [ [ -66.771, -33.6655 ], [ -66.7631, -33.666 ] ] } },
{ "type": "Feature", "properties": { "nombre": "Camino sin nombre", "longitud_km": 3.8 }, "geometry": { "type": "LineString", "coordinates": [ [ -66.5892, -33.6714 ], [ -66.5483, -33.6706 ] ] } },
{ "type": "Feature", "properties": { "nombre": "Camino sin nombre", "longitud_km": 0.65 }, "geometry": { "type": "LineString", "coordinates": [ [ -65.3564, -33.6927 ], [ -65.3582, -33.6984 ] ] } },
{ "type": "Feature", "properties": { "nombre": "Camino sin nombre", "longitud_km": 2.13 }, "geometry": { "type": "LineString", "coordinates": [ [ -65.3701, -33.6883 ], [ -65.3568, -33.704 ] ] } },
{ "type": "Feature", "properties": { "nombre": "Camino sin nombre", "longitud_km": 1.23 }, "geometry": { "type": "LineString", "coordinates": [ [ -65.4106, -33.6923 ], [ -65.414, -33.703 ] ] } },
{ "type": "Feature", "properties": { "nombre": "Camino sin nombre", "longitud_km": 16.15 }, "geometry": { "type": "LineString", "coordinates": [ [ -66.7631, -33.666 ], [ -66.6504, -33.6727 ], [ -66.5892, -33.6714 ] ] } },
{ "type": "Feature", "properties": { "nombre": "Camino sin nombre", "longitud_km": 18.06 }, "geometry": { "type": "LineString", "coordinates": [ [ -66.0674, -33.6889 ], [ -66.0083, -33.6851 ], [ -65.9605, -33.6952 ], [ -65.9526, -33.6701 ], [ -65.8974, -33.6697 ] ] } },
{ "type": "Feature", "properties": { "nombre": "Camino sin nombre", "longitud_km": 0.64 }, "geometry": { "type": "LineString", "coordinates": [ [ -65.3568, -33.704 ], [ -65.3531, -33.7088 ] ] } },
{ "type": "Feature", "properties": { "nombre": "Camino sin nombre", "longitud_km": 4.34 }, "geometry": { "type": "LineString", "coordinates": [ [ -65.8986, -33.6698 ], [ -65.9094, -33.7079 ] ] } },
{ "type": "Feature", "properties": { "nombre": "Camino sin nombre", "longitud_km": 2.1 }, "geometry": { "type": "LineString", "coordinates": [ [ -65.3782, -33.699 ], [ -65.3816, -33.7176 ] ] } },
{ "type": "Feature", "properties": { "nombre": "Camino sin nombre", "longitud_km": 4.33 }, "geometry": { "type": "LineString", "coordinates": [ [ -65.4764, -33.7009 ], [ -65.4703, -33.7075 ], [ -65.4357, -33.718 ] ] } },
{ "type": "Feature", "properties": { "nombre": "Camino sin nombre", "longitud_km": 6.24 }, "geometry": { "type": "LineString", "coordinates": [ [ -65.9466, -33.7113 ], [ -65.8991, -33.6714 ] ] } },
{ "type": "Feature", "properties": { "nombre": "Camino sin nombre", "longitud_km": 3.65 }, "geometry": { "type": "LineString", "coordinates": [ [ -66.558, -33.7025 ], [ -66.5483, -33.6706 ] ] } },
{ "type": "Feature", "properties": { "nombre": "Camino sin nombre", "longitud_km": 2.14 }, "geometry": { "type": "LineString", "coordinates": [ [ -65.3531, -33.7088 ], [ -65.3661, -33.7247 ] ] } },
{ "type": "Feature", "properties": { "nombre": "Camino sin nombre", "longitud_km": 4.35 }, "geometry": { "type": "LineString", "coordinates": [ [ -65.1511, -33.736 ], [ -65.1044, -33.7324 ] ] } },
{ "type": "Feature", "properties": { "nombre": "Camino sin nombre", "longitud_km": 5.96 }, "geometry": { "type": "LineString", "coordinates": [ [ -65.6953, -33.6712 ], [ -65.7097, -33.7235 ] ] } },
{ "type": "Feature", "properties": { "nombre": "Camino sin nombre", "longitud_km": 21.09 }, "geometry": { "type": "LineString", "coordinates": [ [ -65.3563, -33.6925 ], [ -65.3534, -33.6847 ], [ -65.3039, -33.6968 ], [ -65.3039, -33.7017 ], [ -65.2029, -33.7216 ], [ -65.1673, -33.7372 ], [ -65.1511, -33.736 ] ] } },
{ "type": "Feature", "properties": { "nombre": "Camino sin nombre", "longitud_km": 2.06 }, "geometry": { "type": "LineString", "coordinates": [ [ -65.4357, -33.718 ], [ -65.4452, -33.7347 ] ] } },
{ "type": "Feature", "properties": { "nombre": "Camino sin nombre", "longitud_km": 2.62 }, "geometry": { "type": "LineString", "coordinates": [ [ -65.3795, -33.7186 ], [ -65.3926, -33.7298 ], [ -65.3925, -33.7377 ] ] } },
{ "type": "Feature", "properties": { "nombre": "Camino sin nombre", "longitud_km": 4.74 }, "geometry": { "type": "LineString", "coordinates": [ [ -65.4357, -33.718 ], [ -65.4026, -33.7383 ], [ -65.3925, -33.7377 ] ] } },
{ "type": "Feature", "properties": { "nombre": "Camino sin nombre", "longitud_km": 5.67 }, "geometry": { "type": "LineString", "coordinates": [ [ -66.1341, -33.7278 ], [ -66.1452, -33.7101 ], [ -66.1824, -33.7099 ] ] } },
{ "type": "Feature", "properties": { "nombre": "Camino sin nombre", "longitud_km": 6.75 }, "geometry": { "type": "LineString", "coordinates": [ [ -65.3925, -33.7377 ], [ -65.379, -33.7439 ], [ -65.3775, -33.7918 ] ] } },
{ "type": "Feature", "properties": { "nombre": "Camino sin nombre", "longitud_km": 3.67 }, "geometry": { "type": "LineString", "coordinates": [ [ -65.7097, -33.7235 ], [ -65.7031, -33.7265 ], [ -65.71, -33.7527 ] ] } },
{ "type": "Feature", "properties": { "nombre": "Camino sin nombre", "longitud_km": 3.58 }, "geometry": { "type": "LineString", "coordinates": [ [ -65.7274, -33.7444 ], [ -65.7216, -33.7226 ], [ -65.7097, -33.7235 ] ] } },
{ "type": "Feature", "properties": { "nombre": "Camino sin nombre", "longitud_km": 6.97 }, "geometry": { "type": "LineString", "coordinates": [ [ -65.8011, -33.7316 ], [ -65.7274, -33.7444 ] ] } },
{ "type": "Feature", "properties": { "nombre": "Camino sin nombre", "longitud_km": 1.63 }, "geometry": { "type": "LineString", "coordinates": [ [ -65.4938, -33.7639 ], [ -65.4775, -33.7694 ] ] } },
{ "type": "Feature", "properties": { "nombre": "Camino sin nombre", "longitud_km": 7.01 }, "geometry": { "type": "LineString", "coordinates": [ [ -65.4768, -33.7024 ], [ -65.4938, -33.7639 ] ] } },
{ "type": "Feature", "properties": { "nombre": "Camino sin nombre", "longitud_km": 10.21 }, "geometry": { "type": "LineString", "coordinates": [ [ -65.71, -33.7527 ], [ -65.6083, -33.7725 ], [ -65.6094, -33.7772 ] ] } },
{ "type": "Feature", "properties": { "nombre": "Camino sin nombre", "longitud_km": 3.52 }, "geometry": { "type": "LineString", "coordinates": [ [ -65.7342, -33.7757 ], [ -65.7274, -33.7444 ] ] } },
{ "type": "Feature", "properties": { "nombre": "Camino sin nombre", "longitud_km": 3.77 }, "geometry": { "type": "LineString", "coordinates": [ [ -66.0917, -33.7719 ], [ -66.0511, -33.7722 ] ] } },
{ "type": "Feature", "properties": { "nombre": "Camino sin nombre", "longitud_km": 2.86 }, "geometry": { "type": "LineString", "coordinates": [ [ -65.71, -33.7527 ], [ -65.716, -33.778 ] ] } },
{ "type": "Feature", "properties": { "nombre": "Camino sin nombre", "longitud_km": 9.48 }, "geometry": { "type": "LineString", "coordinates": [ [ -66.0917, -33.7719 ], [ -66.0674, -33.6889 ] ] } },
{ "type": "Feature", "properties": { "nombre": "Camino sin nombre", "longitud_km": 7.83 }, "geometry": { "type": "LineString", "coordinates": [ [ -66.3802, -33.7665 ], [ -66.2956, -33.7663 ] ] } },
{ "type": "Feature", "properties": { "nombre": "Camino sin nombre", "longitud_km": 7.08 }, "geometry": { "type": "LineString", "coordinates": [ [ -65.6094, -33.7772 ], [ -65.5338, -33.7868 ] ] } },
{ "type": "Feature", "properties": { "nombre": "Camino sin nombre", "longitud_km": 1.31 }, "geometry": { "type": "LineString", "coordinates": [ [ -65.7223, -33.7772 ], [ -65.7234, -33.7836 ], [ -65.7172, -33.7845 ] ] } },
{ "type": "Feature", "properties": { "nombre": "Camino sin nombre", "longitud_km": 1.51 }, "geometry": { "type": "LineString", "coordinates": [ [ -65.7172, -33.7845 ], [ -65.709, -33.7857 ], [ -65.7078, -33.7791 ] ] } },
{ "type": "Feature", "properties": { "nombre": "Camino sin nombre", "longitud_km": 4.76 }, "geometry": { "type": "LineString", "coordinates": [ [ -66.1384, -33.7774 ], [ -66.1362, -33.7719 ], [ -66.0917, -33.7719 ] ] } },
{ "type": "Feature", "properties": { "nombre": "Camino sin nombre", "longitud_km": 5.93 }, "geometry": { "type": "LineString", "coordinates": [ [ -66.2025, -33.7777 ], [ -66.1384, -33.7774 ] ] } },
{ "type": "Feature", "properties": { "nombre": "Camino sin nombre", "longitud_km": 1.64 }, "geometry": { "type": "LineString", "coordinates": [ [ -65.6094, -33.7772 ], [ -65.6133, -33.7916 ] ] } },
{ "type": "Feature", "properties": { "nombre": "Camino sin nombre", "longitud_km": 4.85 }, "geometry": { "type": "LineString", "coordinates": [ [ -65.1519, -33.7932 ], [ -65.1415, -33.8021 ], [ -65.1041, -33.8018 ] ] } },
{ "type": "Feature", "properties": { "nombre": "Camino sin nombre", "longitud_km": 6.49 }, "geometry": { "type": "LineString", "coordinates": [ [ -65.4938, -33.7639 ], [ -65.5034, -33.7633 ], [ -65.5215, -33.7981 ], [ -65.5364, -33.796 ] ] } },
{ "type": "Feature", "properties": { "nombre": "Camino sin nombre", "longitud_km": 1.12 }, "geometry": { "type": "LineString", "coordinates": [ [ -65.5499, -33.7996 ], [ -65.5379, -33.801 ] ] } },
{ "type": "Feature", "properties": { "nombre": "Camino sin nombre", "longitud_km": 4.46 }, "geometry": { "type": "LineString", "coordinates": [ [ -65.4775, -33.7694 ], [ -65.4949, -33.8069 ] ] } },
{ "type": "Feature", "properties": { "nombre": "Camino sin nombre", "longitud_km": 3.05 }, "geometry": { "type": "LineString", "coordinates": [ [ -66.1002, -33.7985 ], [ -66.0917, -33.7719 ] ] } },
{ "type": "Feature", "properties": { "nombre": "Camino sin nombre", "longitud_km": 13.42 }, "geometry": { "type": "LineString", "coordinates": [ [ -65.5817, -33.8372 ], [ -65.7223, -33.8075 ] ] } },
{ "type": "Feature", "properties": { "nombre": "Camino sin nombre", "longitud_km": 10.93 }, "geometry": { "type": "LineString", "coordinates": [ [ -65.4452, -33.7347 ], [ -65.4475, -33.7416 ], [ -65.4349, -33.7571 ], [ -65.4059, -33.7751 ], [ -65.4143, -33.8171 ] ] } },
{ "type": "Feature", "properties": { "nombre": "Camino sin nombre", "longitud_km": 11.06 }, "geometry": { "type": "LineString", "coordinates": [ [ -65.4775, -33.7694 ], [ -65.4649, -33.7722 ], [ -65.4678, -33.777 ], [ -65.4395, -33.7824 ], [ -65.452, -33.8059 ], [ -65.4143, -33.8171 ] ] } },
{ "type": "Feature", "properties": { "nombre": "Camino sin nombre", "longitud_km": 0.68 }, "geometry": { "type": "LineString", "coordinates": [ [ -65.4143, -33.8171 ], [ -65.415, -33.8232 ] ] } },
{ "type": "Feature", "properties": { "nombre": "Camino sin nombre", "longitud_km": 4.04 }, "geometry": { "type": "LineString", "coordinates": [ [ -66.3932, -33.8012 ], [ -66.3802, -33.7665 ] ] } },
{ "type": "Feature", "properties": { "nombre": "Camino sin nombre", "longitud_km": 2.24 }, "geometry": { "type": "LineString", "coordinates": [ [ -66.4174, -33.8019 ], [ -66.3932, -33.8012 ] ] } },
{ "type": "Feature", "properties": { "nombre": "Camino sin nombre", "longitud_km": 2.2 }, "geometry": { "type": "LineString", "coordinates": [ [ -66.3932, -33.8012 ], [ -66.3813, -33.8085 ], [ -66.3783, -33.8015 ] ] } },
{ "type": "Feature", "properties": { "nombre": "Camino sin nombre", "longitud_km": 4.71 }, "geometry": { "type": "LineString", "coordinates": [ [ -65.3775, -33.7918 ], [ -65.3777, -33.8342 ] ] } },
{ "type": "Feature", "properties": { "nombre": "Camino sin nombre", "longitud_km": 4.57 }, "geometry": { "type": "LineString", "coordinates": [ [ -65.5695, -33.7973 ], [ -65.5817, -33.8372 ] ] } },
{ "type": "Feature", "properties": { "nombre": "Camino sin nombre", "longitud_km": 1.99 }, "geometry": { "type": "LineString", "coordinates": [ [ -65.283, -33.8484 ], [ -65.2682, -33.8445 ], [ -65.2644, -33.8484 ] ] } },
{ "type": "Feature", "properties": { "nombre": "Camino sin nombre", "longitud_km": 7.41 }, "geometry": { "type": "LineString", "coordinates": [ [ -65.2704, -33.7829 ], [ -65.2831, -33.8252 ], [ -65.283, -33.8484 ] ] } },
{ "type": "Feature", "properties": { "nombre": "Camino sin nombre", "longitud_km": 4.14 }, "geometry": { "type": "LineString", "coordinates": [ [ -65.5396, -33.8073 ], [ -65.5497, -33.8437 ] ] } },
{ "type": "Feature", "properties": { "nombre": "Camino sin nombre", "longitud_km": 3.05 }, "geometry": { "type": "LineString", "coordinates": [ [ -65.5497, -33.8437 ], [ -65.5817, -33.8372 ] ] } },
{ "type": "Feature", "properties": { "nombre": "Camino sin nombre", "longitud_km": 7.43 }, "geometry": { "type": "LineString", "coordinates": [ [ -66.1419, -33.835 ], [ -66.1547, -33.8313 ], [ -66.1384, -33.7774 ] ] } },
{ "type": "Feature", "properties": { "nombre": "Camino sin nombre", "longitud_km": 0.25 }, "geometry": { "type": "LineString", "coordinates": [ [ -66.1382, -33.8414 ], [ -66.1402, -33.84 ] ] } },
{ "type": "Feature", "properties": { "nombre": "Camino sin nombre", "longitud_km": 3.39 }, "geometry": { "type": "LineString", "coordinates": [ [ -65.5497, -33.8437 ], [ -65.5572, -33.8703 ], [ -65.5607, -33.8691 ] ] } },
{ "type": "Feature", "properties": { "nombre": "Camino sin nombre", "longitud_km": 7.35 }, "geometry": { "type": "LineString", "coordinates": [ [ -65.5056, -33.8117 ], [ -65.5167, -33.8501 ], [ -65.5298, -33.8745 ] ] } },
{ "type": "Feature", "properties": { "nombre": "Camino sin nombre", "longitud_km": 1.94 }, "geometry": { "type": "LineString", "coordinates": [ [ -66.8419, -33.8473 ], [ -66.8376, -33.8302 ] ] } },
{ "type": "Feature", "properties": { "nombre": "Camino sin nombre", "longitud_km": 10.58 }, "geometry": { "type": "LineString", "coordinates": [ [ -65.415, -33.8232 ], [ -65.4235, -33.864 ], [ -65.4013, -33.8674 ], [ -65.3966, -33.9023 ] ] } },
{ "type": "Feature", "properties": { "nombre": "Camino sin nombre", "longitud_km": 12.7 }, "geometry": { "type": "LineString", "coordinates": [ [ -65.5298, -33.8745 ], [ -65.3966, -33.9023 ] ] } },
{ "type": "Feature", "properties": { "nombre": "Camino sin nombre", "longitud_km": 8.01 }, "geometry": { "type": "LineString", "coordinates": [ [ -65.283, -33.8527 ], [ -65.283, -33.9249 ] ] } },
{ "type": "Feature", "properties": { "nombre": "Camino sin nombre", "longitud_km": 5.02 }, "geometry": { "type": "LineString", "coordinates": [ [ -65.3358, -33.9145 ], [ -65.283, -33.9249 ] ] } },
{ "type": "Feature", "properties": { "nombre": "Camino sin nombre", "longitud_km": 5.78 }, "geometry": { "type": "LineString", "coordinates": [ [ -65.3966, -33.9023 ], [ -65.3358, -33.9145 ] ] } },
{ "type": "Feature", "properties": { "nombre": "Camino sin nombre", "longitud_km": 36.7 }, "geometry": { "type": "LineString", "coordinates": [ [ -66.0935, -34.1429 ], [ -66.1051, -34.143 ], [ -66.1145, -34.1376 ], [ -66.1424, -34.0549 ], [ -66.1428, -33.9509 ], [ -66.1475, -33.951 ], [ -66.1197, -33.8607 ], [ -66.1382, -33.8414 ] ] } },
{ "type": "Feature", "properties": { "nombre": "Camino sin nombre", "longitud_km": 2.05 }, "geometry": { "type": "LineString", "coordinates": [ [ -65.283, -33.9249 ], [ -65.2829, -33.9434 ] ] } },
{ "type": "Feature", "properties": { "nombre": "Camino sin nombre", "longitud_km": 7.79 }, "geometry": { "type": "LineString", "coordinates": [ [ -65.2251, -33.954 ], [ -65.1408, -33.954 ] ] } },
{ "type": "Feature", "properties": { "nombre": "Camino sin nombre", "longitud_km": 9.02 }, "geometry": { "type": "LineString", "coordinates": [ [ -65.225, -33.8727 ], [ -65.2251, -33.954 ] ] } },
{ "type": "Feature", "properties": { "nombre": "Camino sin nombre", "longitud_km": 6.59 }, "geometry": { "type": "LineString", "coordinates": [ [ -65.2829, -33.9434 ], [ -65.2571, -33.9434 ], [ -65.2574, -33.9545 ], [ -65.2251, -33.954 ] ] } },
{ "type": "Feature", "properties": { "nombre": "Camino sin nombre", "longitud_km": 6.86 }, "geometry": { "type": "LineString", "coordinates": [ [ -65.3966, -33.9023 ], [ -65.3764, -33.9618 ] ] } },
{ "type": "Feature", "properties": { "nombre": "Camino sin nombre", "longitud_km": 10.56 }, "geometry": { "type": "LineString", "coordinates": [ [ -65.2829, -33.9434 ], [ -65.2836, -33.9873 ], [ -65.3452, -33.9869 ] ] } },
{ "type": "Feature", "properties": { "nombre": "Camino sin nombre", "longitud_km": 7.79 }, "geometry": { "type": "LineString", "coordinates": [ [ -65.3764, -33.9618 ], [ -65.4159, -33.9544 ], [ -65.4267, -33.9898 ] ] } },
{ "type": "Feature", "properties": { "nombre": "Camino sin nombre", "longitud_km": 14.42 }, "geometry": { "type": "LineString", "coordinates": [ [ -65.5298, -33.8745 ], [ -65.538, -33.9223 ], [ -65.5556, -33.9187 ], [ -65.5685, -33.9624 ], [ -65.5596, -33.9827 ] ] } },
{ "type": "Feature", "properties": { "nombre": "Camino sin nombre", "longitud_km": 3.08 }, "geometry": { "type": "LineString", "coordinates": [ [ -65.3764, -33.9618 ], [ -65.3702, -33.9742 ], [ -65.3784, -33.9868 ] ] } },
{ "type": "Feature", "properties": { "nombre": "Camino sin nombre", "longitud_km": 3.07 }, "geometry": { "type": "LineString", "coordinates": [ [ -65.3784, -33.9868 ], [ -65.3452, -33.9869 ] ] } },
{ "type": "Feature", "properties": { "nombre": "Camino sin nombre", "longitud_km": 9.71 }, "geometry": { "type": "LineString", "coordinates": [ [ -65.5596, -33.9827 ], [ -65.5655, -33.9887 ], [ -65.5753, -33.9871 ], [ -65.5799, -33.991 ], [ -65.5947, -34.0559 ] ] } },
{ "type": "Feature", "properties": { "nombre": "Camino sin nombre", "longitud_km": 5.84 }, "geometry": { "type": "LineString", "coordinates": [ [ -65.3784, -33.9868 ], [ -65.3815, -34.0087 ], [ -65.3765, -34.0277 ], [ -65.3808, -34.0383 ] ] } },
{ "type": "Feature", "properties": { "nombre": "Camino sin nombre", "longitud_km": 9.68 }, "geometry": { "type": "LineString", "coordinates": [ [ -65.4267, -33.9898 ], [ -65.4365, -34.021 ], [ -65.442, -34.0248 ], [ -65.4394, -34.0325 ], [ -65.451, -34.0724 ] ] } },
{ "type": "Feature", "properties": { "nombre": "Camino sin nombre", "longitud_km": 5.75 }, "geometry": { "type": "LineString", "coordinates": [ [ -65.4267, -33.9898 ], [ -65.459, -34.0188 ], [ -65.4734, -34.016 ] ] } },
{ "type": "Feature", "properties": { "nombre": "Camino sin nombre", "longitud_km": 8.81 }, "geometry": { "type": "LineString", "coordinates": [ [ -65.4734, -34.016 ], [ -65.4956, -34.0041 ], [ -65.5596, -33.9827 ] ] } },
{ "type": "Feature", "properties": { "nombre": "Camino sin nombre", "longitud_km": 22.28 }, "geometry": { "type": "LineString", "coordinates": [ [ -65.9706, -34.0737 ], [ -65.9413, -34.0758 ], [ -65.9412, -34.0546 ], [ -65.9092, -34.0547 ], [ -65.9089, -34.0263 ], [ -65.8873, -34.0264 ], [ -65.8886, -34.0003 ], [ -65.8816, -33.9915 ], [ -65.8441, -33.976 ], [ -65.8385, -33.9665 ] ] } },
{ "type": "Feature", "properties": { "nombre": "Camino sin nombre", "longitud_km": 7.13 }, "geometry": { "type": "LineString", "coordinates": [ [ -65.8385, -34.0268 ], [ -65.8197, -34.0101 ], [ -65.7708, -34.0031 ] ] } },
{ "type": "Feature", "properties": { "nombre": "Camino sin nombre", "longitud_km": 4.82 }, "geometry": { "type": "LineString", "coordinates": [ [ -65.3808, -34.0383 ], [ -65.4127, -34.0381 ], [ -65.4299, -34.0292 ] ] } },
{ "type": "Feature", "properties": { "nombre": "Camino sin nombre", "longitud_km": 2.88 }, "geometry": { "type": "LineString", "coordinates": [ [ -65.3844, -34.0524 ], [ -65.3532, -34.0527 ] ] } },
{ "type": "Feature", "properties": { "nombre": "Camino sin nombre", "longitud_km": 1.61 }, "geometry": { "type": "LineString", "coordinates": [ [ -65.3844, -34.0524 ], [ -65.3808, -34.0383 ] ] } },
{ "type": "Feature", "properties": { "nombre": "Camino sin nombre", "longitud_km": 2.12 }, "geometry": { "type": "LineString", "coordinates": [ [ -65.8385, -34.0268 ], [ -65.8384, -34.046 ] ] } },
{ "type": "Feature", "properties": { "nombre": "Camino sin nombre", "longitud_km": 4.18 }, "geometry": { "type": "LineString", "coordinates": [ [ -65.877, -34.0467 ], [ -65.8385, -34.0268 ] ] } },
{ "type": "Feature", "properties": { "nombre": "Camino sin nombre", "longitud_km": 5.18 }, "geometry": { "type": "LineString", "coordinates": [ [ -65.9706, -34.0737 ], [ -65.9984, -34.0546 ], [ -65.9982, -34.0442 ], [ -66.0057, -34.0442 ] ] } },
{ "type": "Feature", "properties": { "nombre": "Camino sin nombre", "longitud_km": 1.8 }, "geometry": { "type": "LineString", "coordinates": [ [ -65.5947, -34.0559 ], [ -65.6137, -34.0527 ] ] } },
{ "type": "Feature", "properties": { "nombre": "Camino sin nombre", "longitud_km": 3.73 }, "geometry": { "type": "LineString", "coordinates": [ [ -65.8384, -34.046 ], [ -65.8519, -34.051 ], [ -65.877, -34.0467 ] ] } },
{ "type": "Feature", "properties": { "nombre": "Camino sin nombre", "longitud_km": 13.84 }, "geometry": { "type": "LineString", "coordinates": [ [ -65.5893, -34.057 ], [ -65.5556, -34.0527 ], [ -65.5445, -34.0465 ], [ -65.5319, -34.0458 ], [ -65.5214, -34.0514 ], [ -65.4834, -34.0473 ], [ -65.4734, -34.016 ] ] } },
{ "type": "Feature", "properties": { "nombre": "Camino sin nombre", "longitud_km": 0.51 }, "geometry": { "type": "LineString", "coordinates": [ [ -65.5893, -34.057 ], [ -65.5947, -34.0559 ] ] } },
{ "type": "Feature", "properties": { "nombre": "Camino sin nombre", "longitud_km": 18.87 }, "geometry": { "type": "LineString", "coordinates": [ [ -65.6137, -34.0527 ], [ -65.6116, -34.0489 ], [ -65.6718, -34.0354 ], [ -65.6762, -34.0493 ], [ -65.7502, -34.0326 ], [ -65.7567, -34.0545 ], [ -65.7727, -34.0542 ] ] } },
{ "type": "Feature", "properties": { "nombre": "Camino sin nombre", "longitud_km": 5.68 }, "geometry": { "type": "LineString", "coordinates": [ [ -65.7708, -34.0031 ], [ -65.7727, -34.0542 ] ] } },
{ "type": "Feature", "properties": { "nombre": "Camino sin nombre", "longitud_km": 6.26 }, "geometry": { "type": "LineString", "coordinates": [ [ -65.8384, -34.046 ], [ -65.8164, -34.0542 ], [ -65.7727, -34.0542 ] ] } },
{ "type": "Feature", "properties": { "nombre": "Camino sin nombre", "longitud_km": 4.94 }, "geometry": { "type": "LineString", "coordinates": [ [ -65.5373, -34.0674 ], [ -65.5893, -34.057 ] ] } },
{ "type": "Feature", "properties": { "nombre": "Camino sin nombre", "longitud_km": 7.98 }, "geometry": { "type": "LineString", "coordinates": [ [ -65.451, -34.0724 ], [ -65.5373, -34.0674 ] ] } },
{ "type": "Feature", "properties": { "nombre": "Camino sin nombre", "longitud_km": 24.81 }, "geometry": { "type": "LineString", "coordinates": [ [ -65.3532, -34.0527 ], [ -65.3371, -34.0529 ], [ -65.3202, -34.0654 ], [ -65.306, -34.0655 ], [ -65.313, -34.0754 ], [ -65.3025, -34.0798 ], [ -65.2668, -34.083 ], [ -65.2596, -34.0742 ], [ -65.2146, -34.0742 ], [ -65.2189, -34.0975 ], [ -65.189, -34.0979 ], [ -65.1939, -34.1098 ], [ -65.1706, -34.108 ] ] } },
{ "type": "Feature", "properties": { "nombre": "Camino sin nombre", "longitud_km": 6.09 }, "geometry": { "type": "LineString", "coordinates": [ [ -65.6713, -34.0752 ], [ -65.6463, -34.0731 ], [ -65.6137, -34.0527 ] ] } },
{ "type": "Feature", "properties": { "nombre": "Camino sin nombre", "longitud_km": 9.58 }, "geometry": { "type": "LineString", "coordinates": [ [ -65.1706, -34.108 ], [ -65.0668, -34.1075 ] ] } },
{ "type": "Feature", "properties": { "nombre": "Camino sin nombre", "longitud_km": 5.15 }, "geometry": { "type": "LineString", "coordinates": [ [ -65.6082, -34.1009 ], [ -65.5947, -34.0559 ] ] } },
{ "type": "Feature", "properties": { "nombre": "Camino sin nombre", "longitud_km": 6.08 }, "geometry": { "type": "LineString", "coordinates": [ [ -65.3927, -34.1068 ], [ -65.3844, -34.0524 ] ] } },
{ "type": "Feature", "properties": { "nombre": "Camino sin nombre", "longitud_km": 3.22 }, "geometry": { "type": "LineString", "coordinates": [ [ -65.3927, -34.1068 ], [ -65.4275, -34.1047 ] ] } },
{ "type": "Feature", "properties": { "nombre": "Camino sin nombre", "longitud_km": 5.41 }, "geometry": { "type": "LineString", "coordinates": [ [ -65.5473, -34.1136 ], [ -65.5439, -34.0992 ], [ -65.537, -34.093 ], [ -65.5373, -34.0674 ] ] } },
{ "type": "Feature", "properties": { "nombre": "Camino sin nombre", "longitud_km": 5.8 }, "geometry": { "type": "LineString", "coordinates": [ [ -65.5473, -34.1136 ], [ -65.6082, -34.1009 ] ] } },
{ "type": "Feature", "properties": { "nombre": "Camino sin nombre", "longitud_km": 1.57 }, "geometry": { "type": "LineString", "coordinates": [ [ -65.6118, -34.1148 ], [ -65.6082, -34.1009 ] ] } },
{ "type": "Feature", "properties": { "nombre": "Camino sin nombre", "longitud_km": 1.72 }, "geometry": { "type": "LineString", "coordinates": [ [ -65.6118, -34.1148 ], [ -65.6295, -34.1098 ] ] } },
{ "type": "Feature", "properties": { "nombre": "Camino sin nombre", "longitud_km": 6.35 }, "geometry": { "type": "LineString", "coordinates": [ [ -65.451, -34.0724 ], [ -65.4672, -34.128 ] ] } },
{ "type": "Feature", "properties": { "nombre": "Camino sin nombre", "longitud_km": 7.55 }, "geometry": { "type": "LineString", "coordinates": [ [ -65.4672, -34.128 ], [ -65.5473, -34.1136 ] ] } },
{ "type": "Feature", "properties": { "nombre": "Camino sin nombre", "longitud_km": 2.95 }, "geometry": { "type": "LineString", "coordinates": [ [ -65.3961, -34.1333 ], [ -65.3927, -34.1068 ] ] } },
{ "type": "Feature", "properties": { "nombre": "Camino sin nombre", "longitud_km": 6.59 }, "geometry": { "type": "LineString", "coordinates": [ [ -65.3961, -34.1333 ], [ -65.4672, -34.128 ] ] } },
{ "type": "Feature", "properties": { "nombre": "Camino sin nombre", "longitud_km": 11.28 }, "geometry": { "type": "LineString", "coordinates": [ [ -65.9501, -34.1248 ], [ -65.9114, -34.0656 ], [ -65.877, -34.0467 ] ] } },
{ "type": "Feature", "properties": { "nombre": "Camino sin nombre", "longitud_km": 7.8 }, "geometry": { "type": "LineString", "coordinates": [ [ -65.9706, -34.0737 ], [ -65.9712, -34.1 ], [ -65.9486, -34.0996 ], [ -65.9501, -34.1248 ] ] } },
{ "type": "Feature", "properties": { "nombre": "Camino sin nombre", "longitud_km": 2.79 }, "geometry": { "type": "LineString", "coordinates": [ [ -65.9577, -34.1492 ], [ -65.9501, -34.1248 ] ] } },
{ "type": "Feature", "properties": { "nombre": "Camino sin nombre", "longitud_km": 4.42 }, "geometry": { "type": "LineString", "coordinates": [ [ -65.4672, -34.128 ], [ -65.4723, -34.1459 ], [ -65.4832, -34.1488 ], [ -65.4877, -34.1602 ] ] } },
{ "type": "Feature", "properties": { "nombre": "Camino sin nombre", "longitud_km": 15.54 }, "geometry": { "type": "LineString", "coordinates": [ [ -65.7727, -34.0542 ], [ -65.7776, -34.0679 ], [ -65.7855, -34.0741 ], [ -65.7934, -34.1009 ], [ -65.8351, -34.1166 ], [ -65.8425, -34.1673 ] ] } },
{ "type": "Feature", "properties": { "nombre": "Camino sin nombre", "longitud_km": 10.95 }, "geometry": { "type": "LineString", "coordinates": [ [ -65.9577, -34.1492 ], [ -65.8951, -34.1673 ], [ -65.8425, -34.1673 ] ] } },
{ "type": "Feature", "properties": { "nombre": "Camino sin nombre", "longitud_km": 3.1 }, "geometry": { "type": "LineString", "coordinates": [ [ -65.3382, -34.1776 ], [ -65.3457, -34.181 ], [ -65.3666, -34.1693 ] ] } },
{ "type": "Feature", "properties": { "nombre": "Camino sin nombre", "longitud_km": 2.56 }, "geometry": { "type": "LineString", "coordinates": [ [ -65.9649, -34.1715 ], [ -65.9577, -34.1492 ] ] } },
{ "type": "Feature", "properties": { "nombre": "Camino sin nombre", "longitud_km": 7.94 }, "geometry": { "type": "LineString", "coordinates": [ [ -65.6315, -34.1844 ], [ -65.6118, -34.1148 ] ] } },
{ "type": "Feature", "properties": { "nombre": "Camino sin nombre", "longitud_km": 7.89 }, "geometry": { "type": "LineString", "coordinates": [ [ -65.1222, -34.1984 ], [ -65.0366, -34.198 ] ] } },
{ "type": "Feature", "properties": { "nombre": "Camino sin nombre", "longitud_km": 1.95 }, "geometry": { "type": "LineString", "coordinates": [ [ -65.1222, -34.1984 ], [ -65.1248, -34.1809 ] ] } },
{ "type": "Feature", "properties": { "nombre": "Camino sin nombre", "longitud_km": 5.34 }, "geometry": { "type": "LineString", "coordinates": [ [ -65.1802, -34.1985 ], [ -65.1222, -34.1984 ] ] } },
{ "type": "Feature", "properties": { "nombre": "Camino sin nombre", "longitud_km": 1.26 }, "geometry": { "type": "LineString", "coordinates": [ [ -65.1725, -34.189 ], [ -65.1802, -34.1985 ] ] } },
{ "type": "Feature", "properties": { "nombre": "Camino sin nombre", "longitud_km": 3.74 }, "geometry": { "type": "LineString", "coordinates": [ [ -66.0034, -34.182 ], [ -65.9649, -34.1715 ] ] } },
{ "type": "Feature", "properties": { "nombre": "Camino sin nombre", "longitud_km": 1.59 }, "geometry": { "type": "LineString", "coordinates": [ [ -65.1974, -34.1986 ], [ -65.1802, -34.1985 ] ] } },
{ "type": "Feature", "properties": { "nombre": "Camino sin nombre", "longitud_km": 0.74 }, "geometry": { "type": "LineString", "coordinates": [ [ -65.6346, -34.1906 ], [ -65.6315, -34.1844 ] ] } },
{ "type": "Feature", "properties": { "nombre": "Camino sin nombre", "longitud_km": 20.17 }, "geometry": { "type": "LineString", "coordinates": [ [ -65.8425, -34.1673 ], [ -65.7962, -34.1894 ], [ -65.7454, -34.1893 ], [ -65.7122, -34.1795 ], [ -65.6747, -34.1892 ], [ -65.6346, -34.1906 ] ] } },
{ "type": "Feature", "properties": { "nombre": "Camino sin nombre", "longitud_km": 1.34 }, "geometry": { "type": "LineString", "coordinates": [ [ -65.1802, -34.1985 ], [ -65.1813, -34.2105 ] ] } },
{ "type": "Feature", "properties": { "nombre": "Camino sin nombre", "longitud_km": 6.5 }, "geometry": { "type": "LineString", "coordinates": [ [ -65.5331, -34.2038 ], [ -65.5035, -34.1686 ], [ -65.4877, -34.1602 ] ] } },
{ "type": "Feature", "properties": { "nombre": "Camino sin nombre", "longitud_km": 9.32 }, "geometry": { "type": "LineString", "coordinates": [ [ -65.6315, -34.1844 ], [ -65.5331, -34.2038 ] ] } },
{ "type": "Feature", "properties": { "nombre": "Camino sin nombre", "longitud_km": 6.11 }, "geometry": { "type": "LineString", "coordinates": [ [ -65.4877, -34.1602 ], [ -65.4768, -34.1614 ], [ -65.4901, -34.206 ] ] } },
{ "type": "Feature", "properties": { "nombre": "Camino sin nombre", "longitud_km": 0.04 }, "geometry": { "type": "LineString", "coordinates": [ [ -65.4901, -34.206 ], [ -65.4902, -34.2064 ] ] } },
{ "type": "Feature", "properties": { "nombre": "Camino sin nombre", "longitud_km": 4.13 }, "geometry": { "type": "LineString", "coordinates": [ [ -65.5331, -34.2038 ], [ -65.5224, -34.1999 ], [ -65.4902, -34.2064 ] ] } },
{ "type": "Feature", "properties": { "nombre": "Camino sin nombre", "longitud_km": 9.09 }, "geometry": { "type": "LineString", "coordinates": [ [ -65.4011, -34.2151 ], [ -65.3961, -34.1333 ] ] } },
{ "type": "Feature", "properties": { "nombre": "Camino sin nombre", "longitud_km": 9.0 }, "geometry": { "type": "LineString", "coordinates": [ [ -65.4011, -34.2151 ], [ -65.4269, -34.2015 ], [ -65.4832, -34.1992 ], [ -65.4901, -34.206 ] ] } },
{ "type": "Feature", "properties": { "nombre": "Camino sin nombre", "longitud_km": 7.26 }, "geometry": { "type": "LineString", "coordinates": [ [ -65.3229, -34.2228 ], [ -65.4011, -34.2151 ] ] } },
{ "type": "Feature", "properties": { "nombre": "Camino sin nombre", "longitud_km": 0.73 }, "geometry": { "type": "LineString", "coordinates": [ [ -65.3229, -34.2228 ], [ -65.315, -34.2236 ] ] } },
{ "type": "Feature", "properties": { "nombre": "Camino sin nombre", "longitud_km": 5.85 }, "geometry": { "type": "LineString", "coordinates": [ [ -65.8425, -34.1673 ], [ -65.8624, -34.2174 ] ] } },
{ "type": "Feature", "properties": { "nombre": "Camino sin nombre", "longitud_km": 9.96 }, "geometry": { "type": "LineString", "coordinates": [ [ -65.315, -34.2236 ], [ -65.2076, -34.2339 ] ] } },
{ "type": "Feature", "properties": { "nombre": "Camino sin nombre", "longitud_km": 4.84 }, "geometry": { "type": "LineString", "coordinates": [ [ -65.4663, -34.232 ], [ -65.4638, -34.2235 ], [ -65.4783, -34.2213 ], [ -65.4755, -34.2128 ], [ -65.4902, -34.2064 ] ] } },
{ "type": "Feature", "properties": { "nombre": "Camino sin nombre", "longitud_km": 9.39 }, "geometry": { "type": "LineString", "coordinates": [ [ -65.914, -34.2226 ], [ -65.9142, -34.2124 ], [ -65.9338, -34.1997 ], [ -65.964, -34.2002 ], [ -65.9649, -34.1715 ] ] } },
{ "type": "Feature", "properties": { "nombre": "Camino sin nombre", "longitud_km": 5.96 }, "geometry": { "type": "LineString", "coordinates": [ [ -66.0025, -34.23 ], [ -65.9813, -34.2336 ], [ -65.9738, -34.2386 ], [ -65.9791, -34.2433 ], [ -65.9766, -34.2466 ], [ -65.966, -34.2455 ], [ -65.9593, -34.2519 ] ] } },
{ "type": "Feature", "properties": { "nombre": "Camino sin nombre", "longitud_km": 3.34 }, "geometry": { "type": "LineString", "coordinates": [ [ -65.3242, -34.2527 ], [ -65.315, -34.2236 ] ] } },
{ "type": "Feature", "properties": { "nombre": "Camino sin nombre", "longitud_km": 2.11 }, "geometry": { "type": "LineString", "coordinates": [ [ -65.2371, -34.255 ], [ -65.2145, -34.2581 ] ] } },
{ "type": "Feature", "properties": { "nombre": "Camino sin nombre", "longitud_km": 0.73 }, "geometry": { "type": "LineString", "coordinates": [ [ -65.3262, -34.2591 ], [ -65.3242, -34.2527 ] ] } },
{ "type": "Feature", "properties": { "nombre": "Camino sin nombre", "longitud_km": 0.16 }, "geometry": { "type": "LineString", "coordinates": [ [ -65.3244, -34.2594 ], [ -65.3262, -34.2591 ] ] } },
{ "type": "Feature", "properties": { "nombre": "Camino sin nombre", "longitud_km": 5.79 }, "geometry": { "type": "LineString", "coordinates": [ [ -65.9136, -34.2469 ], [ -65.8775, -34.2225 ], [ -65.8624, -34.2174 ] ] } },
{ "type": "Feature", "properties": { "nombre": "Camino sin nombre", "longitud_km": 2.7 }, "geometry": { "type": "LineString", "coordinates": [ [ -65.9136, -34.2469 ], [ -65.914, -34.2226 ] ] } },
{ "type": "Feature", "properties": { "nombre": "Camino sin nombre", "longitud_km": 0.88 }, "geometry": { "type": "LineString", "coordinates": [ [ -65.3149, -34.2598 ], [ -65.3244, -34.2594 ] ] } },
{ "type": "Feature", "properties": { "nombre": "Camino sin nombre", "longitud_km": 6.53 }, "geometry": { "type": "LineString", "coordinates": [ [ -65.5668, -34.2557 ], [ -65.5331, -34.2038 ] ] } },
{ "type": "Feature", "properties": { "nombre": "Camino sin nombre", "longitud_km": 1.26 }, "geometry": { "type": "LineString", "coordinates": [ [ -65.5668, -34.2557 ], [ -65.5732, -34.254 ], [ -65.5749, -34.2483 ] ] } },
{ "type": "Feature", "properties": { "nombre": "Camino sin nombre", "longitud_km": 4.22 }, "geometry": { "type": "LineString", "coordinates": [ [ -65.9593, -34.25 ], [ -65.9136, -34.2469 ] ] } },
{ "type": "Feature", "properties": { "nombre": "Camino sin nombre", "longitud_km": 6.74 }, "geometry": { "type": "LineString", "coordinates": [ [ -65.9593, -34.25 ], [ -65.9552, -34.2237 ], [ -65.914, -34.2226 ] ] } },
{ "type": "Feature", "properties": { "nombre": "Camino sin nombre", "longitud_km": 0.21 }, "geometry": { "type": "LineString", "coordinates": [ [ -65.9593, -34.2519 ], [ -65.9593, -34.25 ] ] } },
{ "type": "Feature", "properties": { "nombre": "Camino sin nombre", "longitud_km": 6.21 }, "geometry": { "type": "LineString", "coordinates": [ [ -66.0018, -34.2699 ], [ -65.9569, -34.2704 ], [ -65.9593, -34.2519 ] ] } },
{ "type": "Feature", "properties": { "nombre": "Camino sin nombre", "longitud_km": 7.16 }, "geometry": { "type": "LineString", "coordinates": [ [ -65.146, -34.289 ], [ -65.2237, -34.2896 ] ] } },
{ "type": "Feature", "properties": { "nombre": "Camino sin nombre", "longitud_km": 1.2 }, "geometry": { "type": "LineString", "coordinates": [ [ -65.3129, -34.2938 ], [ -65.3259, -34.2942 ] ] } },
{ "type": "Feature", "properties": { "nombre": "Camino sin nombre", "longitud_km": 9.4 }, "geometry": { "type": "LineString", "coordinates": [ [ -65.4263, -34.2964 ], [ -65.4116, -34.2712 ], [ -65.4011, -34.2151 ] ] } },
{ "type": "Feature", "properties": { "nombre": "Camino sin nombre", "longitud_km": 5.73 }, "geometry": { "type": "LineString", "coordinates": [ [ -65.3418, -34.309 ], [ -65.3262, -34.2591 ] ] } },
{ "type": "Feature", "properties": { "nombre": "Camino sin nombre", "longitud_km": 7.9 }, "geometry": { "type": "LineString", "coordinates": [ [ -65.4263, -34.2964 ], [ -65.3418, -34.309 ] ] } },
{ "type": "Feature", "properties": { "nombre": "Camino sin nombre", "longitud_km": 1.42 }, "geometry": { "type": "LineString", "coordinates": [ [ -65.3418, -34.309 ], [ -65.3266, -34.3113 ] ] } },
{ "type": "Feature", "properties": { "nombre": "Camino sin nombre", "longitud_km": 12.05 }, "geometry": { "type": "LineString", "coordinates": [ [ -65.5216, -34.3118 ], [ -65.4902, -34.2064 ] ] } },
{ "type": "Feature", "properties": { "nombre": "Camino sin nombre", "longitud_km": 1.99 }, "geometry": { "type": "LineString", "coordinates": [ [ -65.5216, -34.3118 ], [ -65.5425, -34.307 ] ] } },
{ "type": "Feature", "properties": { "nombre": "Camino sin nombre", "longitud_km": 5.9 }, "geometry": { "type": "LineString", "coordinates": [ [ -65.3266, -34.3113 ], [ -65.2635, -34.3204 ] ] } },
{ "type": "Feature", "properties": { "nombre": "Camino sin nombre", "longitud_km": 3.45 }, "geometry": { "type": "LineString", "coordinates": [ [ -65.6683, -34.3134 ], [ -65.6311, -34.31 ] ] } },
{ "type": "Feature", "properties": { "nombre": "Camino sin nombre", "longitud_km": 13.97 }, "geometry": { "type": "LineString", "coordinates": [ [ -65.6683, -34.3134 ], [ -65.6346, -34.1906 ] ] } },
{ "type": "Feature", "properties": { "nombre": "Camino sin nombre", "longitud_km": 2.77 }, "geometry": { "type": "LineString", "coordinates": [ [ -65.2635, -34.3204 ], [ -65.2338, -34.3249 ] ] } },
{ "type": "Feature", "properties": { "nombre": "Camino sin nombre", "longitud_km": 2.22 }, "geometry": { "type": "LineString", "coordinates": [ [ -65.327, -34.3206 ], [ -65.3504, -34.3256 ] ] } },
{ "type": "Feature", "properties": { "nombre": "Camino sin nombre", "longitud_km": 1.53 }, "geometry": { "type": "LineString", "coordinates": [ [ -65.2635, -34.3204 ], [ -65.263, -34.3342 ] ] } },
{ "type": "Feature", "properties": { "nombre": "Camino sin nombre", "longitud_km": 5.32 }, "geometry": { "type": "LineString", "coordinates": [ [ -65.4536, -34.3319 ], [ -65.4474, -34.3033 ], [ -65.4263, -34.2964 ] ] } },
{ "type": "Feature", "properties": { "nombre": "Camino sin nombre", "longitud_km": 14.48 }, "geometry": { "type": "LineString", "coordinates": [ [ -65.8624, -34.2174 ], [ -65.8697, -34.2471 ], [ -65.8248, -34.2818 ], [ -65.8383, -34.3298 ] ] } },
{ "type": "Feature", "properties": { "nombre": "Camino sin nombre", "longitud_km": 11.51 }, "geometry": { "type": "LineString", "coordinates": [ [ -65.8383, -34.3298 ], [ -65.8635, -34.312 ], [ -65.8702, -34.3193 ], [ -65.8942, -34.3266 ], [ -65.9494, -34.3236 ] ] } },
{ "type": "Feature", "properties": { "nombre": "Camino sin nombre", "longitud_km": 0.02 }, "geometry": { "type": "LineString", "coordinates": [ [ -65.8384, -34.33 ], [ -65.8383, -34.3298 ] ] } },
{ "type": "Feature", "properties": { "nombre": "Camino sin nombre", "longitud_km": 3.57 }, "geometry": { "type": "LineString", "coordinates": [ [ -65.6692, -34.342 ], [ -65.6773, -34.3249 ], [ -65.6683, -34.3134 ] ] } },
{ "type": "Feature", "properties": { "nombre": "Camino sin nombre", "longitud_km": 10.68 }, "geometry": { "type": "LineString", "coordinates": [ [ -65.5972, -34.3465 ], [ -65.5999, -34.343 ], [ -65.577, -34.2703 ], [ -65.5668, -34.2557 ] ] } },
{ "type": "Feature", "properties": { "nombre": "Camino sin nombre", "longitud_km": 7.02 }, "geometry": { "type": "LineString", "coordinates": [ [ -65.5972, -34.3465 ], [ -65.6109, -34.3494 ], [ -65.6297, -34.3422 ], [ -65.6414, -34.347 ], [ -65.6692, -34.342 ] ] } },
{ "type": "Feature", "properties": { "nombre": "Camino sin nombre", "longitud_km": 2.75 }, "geometry": { "type": "LineString", "coordinates": [ [ -65.5682, -34.3527 ], [ -65.5972, -34.3465 ] ] } },
{ "type": "Feature", "properties": { "nombre": "Camino sin nombre", "longitud_km": 5.72 }, "geometry": { "type": "LineString", "coordinates": [ [ -65.8956, -34.3473 ], [ -65.8739, -34.3355 ], [ -65.8383, -34.3298 ] ] } },
{ "type": "Feature", "properties": { "nombre": "Camino sin nombre", "longitud_km": 5.44 }, "geometry": { "type": "LineString", "coordinates": [ [ -65.5355, -34.3595 ], [ -65.5216, -34.3118 ] ] } },
{ "type": "Feature", "properties": { "nombre": "Camino sin nombre", "longitud_km": 6.48 }, "geometry": { "type": "LineString", "coordinates": [ [ -65.4536, -34.3319 ], [ -65.4827, -34.3521 ], [ -65.4678, -34.3614 ], [ -65.4699, -34.3727 ] ] } },
{ "type": "Feature", "properties": { "nombre": "Camino sin nombre", "longitud_km": 7.32 }, "geometry": { "type": "LineString", "coordinates": [ [ -65.0365, -34.3792 ], [ -65.116, -34.3797 ] ] } },
{ "type": "Feature", "properties": { "nombre": "Camino sin nombre", "longitud_km": 2.7 }, "geometry": { "type": "LineString", "coordinates": [ [ -65.116, -34.3797 ], [ -65.1454, -34.3798 ] ] } },
{ "type": "Feature", "properties": { "nombre": "Camino sin nombre", "longitud_km": 10.08 }, "geometry": { "type": "LineString", "coordinates": [ [ -65.146, -34.289 ], [ -65.1454, -34.3798 ] ] } },
{ "type": "Feature", "properties": { "nombre": "Camino sin nombre", "longitud_km": 5.05 }, "geometry": { "type": "LineString", "coordinates": [ [ -65.1454, -34.3798 ], [ -65.2004, -34.38 ] ] } },
{ "type": "Feature", "properties": { "nombre": "Camino sin nombre", "longitud_km": 6.45 }, "geometry": { "type": "LineString", "coordinates": [ [ -65.2004, -34.38 ], [ -65.2007, -34.3575 ], [ -65.2435, -34.3576 ] ] } },
{ "type": "Feature", "properties": { "nombre": "Camino sin nombre", "longitud_km": 4.96 }, "geometry": { "type": "LineString", "coordinates": [ [ -65.4544, -34.3759 ], [ -65.4494, -34.3606 ], [ -65.4536, -34.3319 ] ] } },
{ "type": "Feature", "properties": { "nombre": "Camino sin nombre", "longitud_km": 4.51 }, "geometry": { "type": "LineString", "coordinates": [ [ -65.2004, -34.38 ], [ -65.2494, -34.3816 ] ] } },
{ "type": "Feature", "properties": { "nombre": "Camino sin nombre", "longitud_km": 4.9 }, "geometry": { "type": "LineString", "coordinates": [ [ -65.6976, -34.3759 ], [ -65.6721, -34.3591 ], [ -65.6692, -34.342 ] ] } },
{ "type": "Feature", "properties": { "nombre": "Camino sin nombre", "longitud_km": 15.45 }, "geometry": { "type": "LineString", "coordinates": [ [ -65.8384, -34.33 ], [ -65.8128, -34.329 ], [ -65.7606, -34.3417 ], [ -65.764, -34.3537 ], [ -65.7477, -34.3576 ], [ -65.7365, -34.3665 ], [ -65.6976, -34.3759 ] ] } },
{ "type": "Feature", "properties": { "nombre": "Camino sin nombre", "longitud_km": 13.31 }, "geometry": { "type": "LineString", "coordinates": [ [ -66.0076, -34.3722 ], [ -65.9501, -34.3813 ], [ -65.95, -34.361 ], [ -65.917, -34.3616 ], [ -65.9132, -34.3553 ], [ -65.8956, -34.3473 ] ] } },
{ "type": "Feature", "properties": { "nombre": "Camino sin nombre", "longitud_km": 1.38 }, "geometry": { "type": "LineString", "coordinates": [ [ -65.1454, -34.3798 ], [ -65.1455, -34.3923 ] ] } },
{ "type": "Feature", "properties": { "nombre": "Camino sin nombre", "longitud_km": 1.08 }, "geometry": { "type": "LineString", "coordinates": [ [ -65.5686, -34.3903 ], [ -65.5568, -34.3903 ] ] } },
{ "type": "Feature", "properties": { "nombre": "Camino sin nombre", "longitud_km": 4.17 }, "geometry": { "type": "LineString", "coordinates": [ [ -65.5686, -34.3903 ], [ -65.5682, -34.3527 ] ] } },
{ "type": "Feature", "properties": { "nombre": "Camino sin nombre", "longitud_km": 16.32 }, "geometry": { "type": "LineString", "coordinates": [ [ -65.3621, -34.3945 ], [ -65.355, -34.3701 ], [ -65.3792, -34.3488 ], [ -65.4388, -34.3371 ], [ -65.4263, -34.2964 ] ] } },
{ "type": "Feature", "properties": { "nombre": "Camino sin nombre", "longitud_km": 3.46 }, "geometry": { "type": "LineString", "coordinates": [ [ -65.3008, -34.4069 ], [ -65.298, -34.398 ], [ -65.2778, -34.3838 ] ] } },
{ "type": "Feature", "properties": { "nombre": "Camino sin nombre", "longitud_km": 2.8 }, "geometry": { "type": "LineString", "coordinates": [ [ -65.3008, -34.4069 ], [ -65.3304, -34.4011 ] ] } },
{ "type": "Feature", "properties": { "nombre": "Camino sin nombre", "longitud_km": 3.51 }, "geometry": { "type": "LineString", "coordinates": [ [ -65.116, -34.3797 ], [ -65.1154, -34.4113 ] ] } },
{ "type": "Feature", "properties": { "nombre": "Camino sin nombre", "longitud_km": 7.37 }, "geometry": { "type": "LineString", "coordinates": [ [ -65.6976, -34.3759 ], [ -65.6901, -34.3796 ], [ -65.6939, -34.3895 ], [ -65.6698, -34.3916 ], [ -65.6694, -34.4001 ], [ -65.6451, -34.4026 ] ] } },
{ "type": "Feature", "properties": { "nombre": "Camino sin nombre", "longitud_km": 5.77 }, "geometry": { "type": "LineString", "coordinates": [ [ -65.8956, -34.3473 ], [ -65.8942, -34.3993 ] ] } },
{ "type": "Feature", "properties": { "nombre": "Camino sin nombre", "longitud_km": 4.48 }, "geometry": { "type": "LineString", "coordinates": [ [ -65.3008, -34.4069 ], [ -65.2534, -34.4162 ] ] } },
{ "type": "Feature", "properties": { "nombre": "Camino sin nombre", "longitud_km": 12.24 }, "geometry": { "type": "LineString", "coordinates": [ [ -65.1455, -34.3923 ], [ -65.1744, -34.4145 ], [ -65.1739, -34.4201 ], [ -65.1917, -34.4195 ], [ -65.1922, -34.4254 ], [ -65.1993, -34.4254 ], [ -65.2004, -34.38 ] ] } },
{ "type": "Feature", "properties": { "nombre": "Camino sin nombre", "longitud_km": 5.6 }, "geometry": { "type": "LineString", "coordinates": [ [ -65.4549, -34.4264 ], [ -65.4544, -34.3759 ] ] } },
{ "type": "Feature", "properties": { "nombre": "Camino sin nombre", "longitud_km": 2.57 }, "geometry": { "type": "LineString", "coordinates": [ [ -65.4549, -34.4264 ], [ -65.4827, -34.4244 ] ] } },
{ "type": "Feature", "properties": { "nombre": "Camino sin nombre", "longitud_km": 3.91 }, "geometry": { "type": "LineString", "coordinates": [ [ -65.5682, -34.4255 ], [ -65.5686, -34.3903 ] ] } },
{ "type": "Feature", "properties": { "nombre": "Camino sin nombre", "longitud_km": 7.74 }, "geometry": { "type": "LineString", "coordinates": [ [ -65.6451, -34.4026 ], [ -65.6212, -34.4045 ], [ -65.5971, -34.4199 ], [ -65.5682, -34.4255 ] ] } },
{ "type": "Feature", "properties": { "nombre": "Camino sin nombre", "longitud_km": 2.96 }, "geometry": { "type": "LineString", "coordinates": [ [ -65.3319, -34.4352 ], [ -65.3006, -34.4419 ] ] } },
{ "type": "Feature", "properties": { "nombre": "Camino sin nombre", "longitud_km": 0.72 }, "geometry": { "type": "LineString", "coordinates": [ [ -65.5682, -34.432 ], [ -65.5682, -34.4255 ] ] } },
{ "type": "Feature", "properties": { "nombre": "Camino sin nombre", "longitud_km": 1.91 }, "geometry": { "type": "LineString", "coordinates": [ [ -65.5682, -34.432 ], [ -65.5529, -34.4324 ], [ -65.553, -34.4369 ] ] } },
{ "type": "Feature", "properties": { "nombre": "Camino sin nombre", "longitud_km": 5.83 }, "geometry": { "type": "LineString", "coordinates": [ [ -65.1455, -34.3923 ], [ -65.1458, -34.4449 ] ] } },
{ "type": "Feature", "properties": { "nombre": "Camino sin nombre", "longitud_km": 11.9 }, "geometry": { "type": "LineString", "coordinates": [ [ -65.8478, -34.4354 ], [ -65.8468, -34.342 ], [ -65.8384, -34.33 ] ] } },
{ "type": "Feature", "properties": { "nombre": "Camino sin nombre", "longitud_km": 9.34 }, "geometry": { "type": "LineString", "coordinates": [ [ -65.8478, -34.4354 ], [ -65.9495, -34.4356 ] ] } },
{ "type": "Feature", "properties": { "nombre": "Camino sin nombre", "longitud_km": 3.75 }, "geometry": { "type": "LineString", "coordinates": [ [ -65.4541, -34.4601 ], [ -65.4549, -34.4264 ] ] } },
{ "type": "Feature", "properties": { "nombre": "Camino sin nombre", "longitud_km": 7.03 }, "geometry": { "type": "LineString", "coordinates": [ [ -65.5306, -34.4611 ], [ -65.4541, -34.4601 ] ] } },
{ "type": "Feature", "properties": { "nombre": "Camino sin nombre", "longitud_km": 2.28 }, "geometry": { "type": "LineString", "coordinates": [ [ -65.5306, -34.4611 ], [ -65.5325, -34.4407 ] ] } },
{ "type": "Feature", "properties": { "nombre": "Camino sin nombre", "longitud_km": 3.46 }, "geometry": { "type": "LineString", "coordinates": [ [ -65.5683, -34.4611 ], [ -65.5306, -34.4611 ] ] } },
{ "type": "Feature", "properties": { "nombre": "Camino sin nombre", "longitud_km": 3.23 }, "geometry": { "type": "LineString", "coordinates": [ [ -65.5683, -34.4611 ], [ -65.5682, -34.432 ] ] } },
{ "type": "Feature", "properties": { "nombre": "Camino sin nombre", "longitud_km": 2.84 }, "geometry": { "type": "LineString", "coordinates": [ [ -65.1458, -34.4449 ], [ -65.1459, -34.4705 ] ] } },
{ "type": "Feature", "properties": { "nombre": "Camino sin nombre", "longitud_km": 2.48 }, "geometry": { "type": "LineString", "coordinates": [ [ -65.1459, -34.4705 ], [ -65.173, -34.4705 ] ] } },
{ "type": "Feature", "properties": { "nombre": "Camino sin nombre", "longitud_km": 5.29 }, "geometry": { "type": "LineString", "coordinates": [ [ -65.1458, -34.4449 ], [ -65.1732, -34.4456 ], [ -65.173, -34.4705 ] ] } },
{ "type": "Feature", "properties": { "nombre": "Camino sin nombre", "longitud_km": 7.4 }, "geometry": { "type": "LineString", "coordinates": [ [ -65.173, -34.4705 ], [ -65.2535, -34.4706 ] ] } },
{ "type": "Feature", "properties": { "nombre": "Camino sin nombre", "longitud_km": 2.12 }, "geometry": { "type": "LineString", "coordinates": [ [ -65.1235, -34.4748 ], [ -65.1459, -34.4705 ] ] } },
{ "type": "Feature", "properties": { "nombre": "Camino sin nombre", "longitud_km": 0.13 }, "geometry": { "type": "LineString", "coordinates": [ [ -65.1457, -34.4936 ], [ -65.1457, -34.4948 ] ] } },
{ "type": "Feature", "properties": { "nombre": "Camino sin nombre", "longitud_km": 2.74 }, "geometry": { "type": "LineString", "coordinates": [ [ -65.4548, -34.4848 ], [ -65.4541, -34.4601 ] ] } },
{ "type": "Feature", "properties": { "nombre": "Camino sin nombre", "longitud_km": 2.02 }, "geometry": { "type": "LineString", "coordinates": [ [ -65.4548, -34.4848 ], [ -65.4767, -34.4837 ] ] } },
{ "type": "Feature", "properties": { "nombre": "Camino sin nombre", "longitud_km": 9.01 }, "geometry": { "type": "LineString", "coordinates": [ [ -65.6349, -34.4824 ], [ -65.6462, -34.449 ], [ -65.6451, -34.4026 ] ] } },
{ "type": "Feature", "properties": { "nombre": "Camino sin nombre", "longitud_km": 2.57 }, "geometry": { "type": "LineString", "coordinates": [ [ -65.1459, -34.4705 ], [ -65.1457, -34.4936 ] ] } },
{ "type": "Feature", "properties": { "nombre": "Camino sin nombre", "longitud_km": 7.98 }, "geometry": { "type": "LineString", "coordinates": [ [ -65.334, -34.4858 ], [ -65.3085, -34.4913 ], [ -65.3071, -34.4858 ], [ -65.2534, -34.4865 ] ] } },
{ "type": "Feature", "properties": { "nombre": "Camino sin nombre", "longitud_km": 28.12 }, "geometry": { "type": "LineString", "coordinates": [ [ -65.6349, -34.4824 ], [ -65.6846, -34.4493 ], [ -65.7161, -34.415 ], [ -65.7147, -34.44 ], [ -65.7348, -34.4607 ], [ -65.7446, -34.464 ], [ -65.6887, -34.4717 ], [ -65.6459, -34.4887 ], [ -65.6349, -34.4824 ] ] } },
{ "type": "Feature", "properties": { "nombre": "Camino sin nombre", "longitud_km": 4.26 }, "geometry": { "type": "LineString", "coordinates": [ [ -65.1457, -34.4948 ], [ -65.1823, -34.4995 ], [ -65.1868, -34.5063 ] ] } },
{ "type": "Feature", "properties": { "nombre": "Camino sin nombre", "longitud_km": 2.11 }, "geometry": { "type": "LineString", "coordinates": [ [ -65.4548, -34.5038 ], [ -65.4548, -34.4848 ] ] } },
{ "type": "Feature", "properties": { "nombre": "Camino sin nombre", "longitud_km": 14.2 }, "geometry": { "type": "LineString", "coordinates": [ [ -65.4013, -34.5062 ], [ -65.4014, -34.4761 ], [ -65.3955, -34.472 ], [ -65.4013, -34.469 ], [ -65.4013, -34.4129 ], [ -65.3968, -34.414 ], [ -65.3917, -34.3886 ] ] } },
{ "type": "Feature", "properties": { "nombre": "Camino sin nombre", "longitud_km": 4.92 }, "geometry": { "type": "LineString", "coordinates": [ [ -65.4548, -34.5038 ], [ -65.4013, -34.5062 ] ] } },
{ "type": "Feature", "properties": { "nombre": "Camino sin nombre", "longitud_km": 2.56 }, "geometry": { "type": "LineString", "coordinates": [ [ -65.2531, -34.5121 ], [ -65.2279, -34.5022 ] ] } },
{ "type": "Feature", "properties": { "nombre": "Camino sin nombre", "longitud_km": 5.18 }, "geometry": { "type": "LineString", "coordinates": [ [ -65.5683, -34.5078 ], [ -65.5683, -34.4611 ] ] } },
{ "type": "Feature", "properties": { "nombre": "Camino sin nombre", "longitud_km": 7.38 }, "geometry": { "type": "LineString", "coordinates": [ [ -65.3335, -34.5131 ], [ -65.2531, -34.5121 ] ] } },
{ "type": "Feature", "properties": { "nombre": "Camino sin nombre", "longitud_km": 6.28 }, "geometry": { "type": "LineString", "coordinates": [ [ -65.4013, -34.5062 ], [ -65.3335, -34.5131 ] ] } },
{ "type": "Feature", "properties": { "nombre": "Camino sin nombre", "longitud_km": 7.2 }, "geometry": { "type": "LineString", "coordinates": [ [ -65.6468, -34.5079 ], [ -65.5683, -34.5078 ] ] } },
{ "type": "Feature", "properties": { "nombre": "Camino sin nombre", "longitud_km": 3.28 }, "geometry": { "type": "LineString", "coordinates": [ [ -65.6468, -34.5079 ], [ -65.6445, -34.4932 ], [ -65.635, -34.4876 ], [ -65.6349, -34.4824 ] ] } },
{ "type": "Feature", "properties": { "nombre": "Camino sin nombre", "longitud_km": 12.71 }, "geometry": { "type": "LineString", "coordinates": [ [ -65.9522, -34.5062 ], [ -65.9043, -34.4573 ], [ -65.8478, -34.4354 ] ] } },
{ "type": "Feature", "properties": { "nombre": "Camino sin nombre", "longitud_km": 3.75 }, "geometry": { "type": "LineString", "coordinates": [ [ -65.1457, -34.4948 ], [ -65.1449, -34.5286 ] ] } },
{ "type": "Feature", "properties": { "nombre": "Camino sin nombre", "longitud_km": 3.86 }, "geometry": { "type": "LineString", "coordinates": [ [ -65.9138, -34.5204 ], [ -65.9522, -34.5062 ] ] } },
{ "type": "Feature", "properties": { "nombre": "Camino sin nombre", "longitud_km": 1.4 }, "geometry": { "type": "LineString", "coordinates": [ [ -65.9138, -34.5204 ], [ -65.899, -34.5235 ] ] } },
{ "type": "Feature", "properties": { "nombre": "Camino sin nombre", "longitud_km": 8.79 }, "geometry": { "type": "LineString", "coordinates": [ [ -65.5683, -34.5078 ], [ -65.5246, -34.5079 ], [ -65.4827, -34.5335 ] ] } },
{ "type": "Feature", "properties": { "nombre": "Camino sin nombre", "longitud_km": 3.56 }, "geometry": { "type": "LineString", "coordinates": [ [ -65.4546, -34.5359 ], [ -65.4548, -34.5038 ] ] } },
{ "type": "Feature", "properties": { "nombre": "Camino sin nombre", "longitud_km": 2.6 }, "geometry": { "type": "LineString", "coordinates": [ [ -65.4827, -34.5335 ], [ -65.4546, -34.5359 ] ] } },
{ "type": "Feature", "properties": { "nombre": "Camino sin nombre", "longitud_km": 12.69 }, "geometry": { "type": "LineString", "coordinates": [ [ -65.8478, -34.4354 ], [ -65.846, -34.5059 ], [ -65.8099, -34.5381 ] ] } },
{ "type": "Feature", "properties": { "nombre": "Camino sin nombre", "longitud_km": 10.21 }, "geometry": { "type": "LineString", "coordinates": [ [ -65.8099, -34.5381 ], [ -65.8473, -34.5179 ], [ -65.9138, -34.5204 ] ] } },
{ "type": "Feature", "properties": { "nombre": "Camino sin nombre", "longitud_km": 3.2 }, "geometry": { "type": "LineString", "coordinates": [ [ -65.4827, -34.5335 ], [ -65.5117, -34.541 ], [ -65.5117, -34.5447 ] ] } },
{ "type": "Feature", "properties": { "nombre": "Camino sin nombre", "longitud_km": 1.25 }, "geometry": { "type": "LineString", "coordinates": [ [ -66.74, -34.5142 ], [ -66.7535, -34.5158 ] ] } },
{ "type": "Feature", "properties": { "nombre": "Camino sin nombre", "longitud_km": 1.03 }, "geometry": { "type": "LineString", "coordinates": [ [ -65.8007, -34.5434 ], [ -65.8099, -34.5381 ] ] } },
{ "type": "Feature", "properties": { "nombre": "Camino sin nombre", "longitud_km": 3.97 }, "geometry": { "type": "LineString", "coordinates": [ [ -65.32, -34.5613 ], [ -65.2767, -34.5613 ] ] } },
{ "type": "Feature", "properties": { "nombre": "Camino sin nombre", "longitud_km": 9.98 }, "geometry": { "type": "LineString", "coordinates": [ [ -65.0355, -34.5611 ], [ -65.1443, -34.5614 ] ] } },
{ "type": "Feature", "properties": { "nombre": "Camino sin nombre", "longitud_km": 4.26 }, "geometry": { "type": "LineString", "coordinates": [ [ -65.754, -34.5363 ], [ -65.7992, -34.5448 ] ] } },
{ "type": "Feature", "properties": { "nombre": "Camino sin nombre", "longitud_km": 0.21 }, "geometry": { "type": "LineString", "coordinates": [ [ -65.8007, -34.5434 ], [ -65.7992, -34.5448 ] ] } },
{ "type": "Feature", "properties": { "nombre": "Camino sin nombre", "longitud_km": 3.63 }, "geometry": { "type": "LineString", "coordinates": [ [ -65.1449, -34.5286 ], [ -65.1443, -34.5614 ] ] } },
{ "type": "Feature", "properties": { "nombre": "Camino sin nombre", "longitud_km": 9.94 }, "geometry": { "type": "LineString", "coordinates": [ [ -65.1443, -34.5614 ], [ -65.2526, -34.5613 ] ] } },
{ "type": "Feature", "properties": { "nombre": "Camino sin nombre", "longitud_km": 1.79 }, "geometry": { "type": "LineString", "coordinates": [ [ -65.2383, -34.5502 ], [ -65.2526, -34.5613 ] ] } },
{ "type": "Feature", "properties": { "nombre": "Camino sin nombre", "longitud_km": 2.22 }, "geometry": { "type": "LineString", "coordinates": [ [ -65.2767, -34.5613 ], [ -65.2526, -34.5613 ] ] } },
{ "type": "Feature", "properties": { "nombre": "Camino sin nombre", "longitud_km": 2.52 }, "geometry": { "type": "LineString", "coordinates": [ [ -65.2767, -34.5613 ], [ -65.2786, -34.5386 ] ] } },
{ "type": "Feature", "properties": { "nombre": "Camino sin nombre", "longitud_km": 9.58 }, "geometry": { "type": "LineString", "coordinates": [ [ -65.3201, -34.561 ], [ -65.4245, -34.5608 ] ] } },
{ "type": "Feature", "properties": { "nombre": "Camino sin nombre", "longitud_km": 2.75 }, "geometry": { "type": "LineString", "coordinates": [ [ -65.4245, -34.5608 ], [ -65.4544, -34.5609 ] ] } },
{ "type": "Feature", "properties": { "nombre": "Camino sin nombre", "longitud_km": 2.77 }, "geometry": { "type": "LineString", "coordinates": [ [ -65.4544, -34.5609 ], [ -65.4546, -34.5359 ] ] } },
{ "type": "Feature", "properties": { "nombre": "Camino sin nombre", "longitud_km": 3.92 }, "geometry": { "type": "LineString", "coordinates": [ [ -65.8011, -34.5788 ], [ -65.8007, -34.5434 ] ] } },
{ "type": "Feature", "properties": { "nombre": "Camino sin nombre", "longitud_km": 1.48 }, "geometry": { "type": "LineString", "coordinates": [ [ -65.8011, -34.5788 ], [ -65.8172, -34.5776 ] ] } },
{ "type": "Feature", "properties": { "nombre": "Camino sin nombre", "longitud_km": 10.39 }, "geometry": { "type": "LineString", "coordinates": [ [ -65.6697, -34.5843 ], [ -65.6691, -34.5092 ], [ -65.6468, -34.5079 ] ] } },
{ "type": "Feature", "properties": { "nombre": "Camino sin nombre", "longitud_km": 13.14 }, "geometry": { "type": "LineString", "coordinates": [ [ -65.7992, -34.5448 ], [ -65.7694, -34.5639 ], [ -65.7082, -34.5707 ], [ -65.6837, -34.5846 ], [ -65.6697, -34.5843 ] ] } },
{ "type": "Feature", "properties": { "nombre": "Camino sin nombre", "longitud_km": 5.75 }, "geometry": { "type": "LineString", "coordinates": [ [ -65.5117, -34.5447 ], [ -65.5036, -34.5536 ], [ -65.5027, -34.5623 ], [ -65.4958, -34.5654 ], [ -65.4893, -34.5797 ], [ -65.4908, -34.5898 ] ] } },
{ "type": "Feature", "properties": { "nombre": "Camino sin nombre", "longitud_km": 7.65 }, "geometry": { "type": "LineString", "coordinates": [ [ -65.5117, -34.5447 ], [ -65.5313, -34.5547 ], [ -65.5412, -34.5659 ], [ -65.5476, -34.5652 ], [ -65.5501, -34.5733 ], [ -65.5683, -34.5899 ] ] } },
{ "type": "Feature", "properties": { "nombre": "Camino sin nombre", "longitud_km": 9.11 }, "geometry": { "type": "LineString", "coordinates": [ [ -65.5683, -34.5078 ], [ -65.5683, -34.5899 ] ] } },
{ "type": "Feature", "properties": { "nombre": "Camino sin nombre", "longitud_km": 7.49 }, "geometry": { "type": "LineString", "coordinates": [ [ -65.4245, -34.5608 ], [ -65.4247, -34.6283 ] ] } },
{ "type": "Feature", "properties": { "nombre": "Camino sin nombre", "longitud_km": 11.27 }, "geometry": { "type": "LineString", "coordinates": [ [ -65.3047, -34.6161 ], [ -65.3832, -34.6155 ], [ -65.4247, -34.6283 ] ] } },
{ "type": "Feature", "properties": { "nombre": "Camino sin nombre", "longitud_km": 8.86 }, "geometry": { "type": "LineString", "coordinates": [ [ -65.4538, -34.6407 ], [ -65.4544, -34.5609 ] ] } },
{ "type": "Feature", "properties": { "nombre": "Camino sin nombre", "longitud_km": 3.44 }, "geometry": { "type": "LineString", "coordinates": [ [ -65.4247, -34.6283 ], [ -65.433, -34.6404 ], [ -65.4538, -34.6407 ] ] } },
{ "type": "Feature", "properties": { "nombre": "Camino sin nombre", "longitud_km": 10.07 }, "geometry": { "type": "LineString", "coordinates": [ [ -65.1443, -34.5614 ], [ -65.1443, -34.6522 ] ] } },
{ "type": "Feature", "properties": { "nombre": "Camino sin nombre", "longitud_km": 3.05 }, "geometry": { "type": "LineString", "coordinates": [ [ -65.1775, -34.6529 ], [ -65.1443, -34.6522 ] ] } },
{ "type": "Feature", "properties": { "nombre": "Camino sin nombre", "longitud_km": 4.27 }, "geometry": { "type": "LineString", "coordinates": [ [ -65.1616, -34.6167 ], [ -65.1775, -34.6529 ] ] } },
{ "type": "Feature", "properties": { "nombre": "Camino sin nombre", "longitud_km": 6.87 }, "geometry": { "type": "LineString", "coordinates": [ [ -65.2524, -34.6529 ], [ -65.1775, -34.6529 ] ] } },
{ "type": "Feature", "properties": { "nombre": "Camino sin nombre", "longitud_km": 7.92 }, "geometry": { "type": "LineString", "coordinates": [ [ -65.8013, -34.6501 ], [ -65.8011, -34.5788 ] ] } },
{ "type": "Feature", "properties": { "nombre": "Camino sin nombre", "longitud_km": 12.54 }, "geometry": { "type": "LineString", "coordinates": [ [ -65.5683, -34.5899 ], [ -65.5857, -34.5879 ], [ -65.6061, -34.5983 ], [ -65.5783, -34.621 ], [ -65.5677, -34.6239 ], [ -65.5678, -34.6611 ] ] } },
{ "type": "Feature", "properties": { "nombre": "Camino sin nombre", "longitud_km": 3.55 }, "geometry": { "type": "LineString", "coordinates": [ [ -65.2908, -34.6656 ], [ -65.2522, -34.6679 ] ] } },
{ "type": "Feature", "properties": { "nombre": "Camino sin nombre", "longitud_km": 4.94 }, "geometry": { "type": "LineString", "coordinates": [ [ -65.4537, -34.6668 ], [ -65.3998, -34.6665 ] ] } },
{ "type": "Feature", "properties": { "nombre": "Camino sin nombre", "longitud_km": 9.99 }, "geometry": { "type": "LineString", "coordinates": [ [ -65.3998, -34.6665 ], [ -65.2908, -34.6656 ] ] } },
{ "type": "Feature", "properties": { "nombre": "Camino sin nombre", "longitud_km": 5.01 }, "geometry": { "type": "LineString", "coordinates": [ [ -65.4247, -34.6283 ], [ -65.4243, -34.635 ], [ -65.4189, -34.6368 ], [ -65.3998, -34.6665 ] ] } },
{ "type": "Feature", "properties": { "nombre": "Camino sin nombre", "longitud_km": 2.89 }, "geometry": { "type": "LineString", "coordinates": [ [ -65.4537, -34.6668 ], [ -65.4538, -34.6407 ] ] } },
{ "type": "Feature", "properties": { "nombre": "Camino sin nombre", "longitud_km": 5.07 }, "geometry": { "type": "LineString", "coordinates": [ [ -65.5091, -34.6671 ], [ -65.4537, -34.6668 ] ] } },
{ "type": "Feature", "properties": { "nombre": "Camino sin nombre", "longitud_km": 5.39 }, "geometry": { "type": "LineString", "coordinates": [ [ -65.5678, -34.6669 ], [ -65.5091, -34.6671 ] ] } },
{ "type": "Feature", "properties": { "nombre": "Camino sin nombre", "longitud_km": 0.65 }, "geometry": { "type": "LineString", "coordinates": [ [ -65.5678, -34.6611 ], [ -65.5678, -34.6669 ] ] } },
{ "type": "Feature", "properties": { "nombre": "Camino sin nombre", "longitud_km": 10.15 }, "geometry": { "type": "LineString", "coordinates": [ [ -65.67, -34.6652 ], [ -65.6668, -34.6616 ], [ -65.6377, -34.6649 ], [ -65.6046, -34.6603 ], [ -65.5961, -34.6528 ], [ -65.5678, -34.6611 ] ] } },
{ "type": "Feature", "properties": { "nombre": "Camino sin nombre", "longitud_km": 3.96 }, "geometry": { "type": "LineString", "coordinates": [ [ -65.7059, -34.6841 ], [ -65.6808, -34.6743 ], [ -65.67, -34.6652 ] ] } },
{ "type": "Feature", "properties": { "nombre": "Camino sin nombre", "longitud_km": 4.13 }, "geometry": { "type": "LineString", "coordinates": [ [ -65.2517, -34.7128 ], [ -65.2115, -34.6958 ] ] } },
{ "type": "Feature", "properties": { "nombre": "Camino sin nombre", "longitud_km": 4.51 }, "geometry": { "type": "LineString", "coordinates": [ [ -65.7059, -34.6841 ], [ -65.6916, -34.7009 ], [ -65.67, -34.7101 ] ] } },
{ "type": "Feature", "properties": { "nombre": "Camino sin nombre", "longitud_km": 0.27 }, "geometry": { "type": "LineString", "coordinates": [ [ -65.67, -34.7101 ], [ -65.6684, -34.7121 ] ] } },
{ "type": "Feature", "properties": { "nombre": "Camino sin nombre", "longitud_km": 0.16 }, "geometry": { "type": "LineString", "coordinates": [ [ -65.6702, -34.7121 ], [ -65.6684, -34.7121 ] ] } },
{ "type": "Feature", "properties": { "nombre": "Camino sin nombre", "longitud_km": 10.0 }, "geometry": { "type": "LineString", "coordinates": [ [ -65.802, -34.7111 ], [ -65.7495, -34.7113 ], [ -65.7126, -34.6835 ], [ -65.7059, -34.6841 ] ] } },
{ "type": "Feature", "properties": { "nombre": "Camino sin nombre", "longitud_km": 6.76 }, "geometry": { "type": "LineString", "coordinates": [ [ -65.802, -34.7111 ], [ -65.8013, -34.6501 ] ] } },
{ "type": "Feature", "properties": { "nombre": "Camino sin nombre", "longitud_km": 17.15 }, "geometry": { "type": "LineString", "coordinates": [ [ -65.8013, -34.6501 ], [ -65.8035, -34.656 ], [ -65.811, -34.6564 ], [ -65.8172, -34.6355 ], [ -65.8343, -34.6303 ], [ -65.8346, -34.6564 ], [ -65.8486, -34.6688 ], [ -65.8497, -34.6829 ], [ -65.802, -34.7111 ] ] } },
{ "type": "Feature", "properties": { "nombre": "Camino sin nombre", "longitud_km": 0.36 }, "geometry": { "type": "LineString", "coordinates": [ [ -65.6684, -34.7121 ], [ -65.6662, -34.7147 ] ] } },
{ "type": "Feature", "properties": { "nombre": "Camino sin nombre", "longitud_km": 7.15 }, "geometry": { "type": "LineString", "coordinates": [ [ -65.5092, -34.7275 ], [ -65.5081, -34.6979 ], [ -65.5151, -34.6908 ], [ -65.5078, -34.6823 ], [ -65.5091, -34.6671 ] ] } },
{ "type": "Feature", "properties": { "nombre": "Camino sin nombre", "longitud_km": 0.75 }, "geometry": { "type": "LineString", "coordinates": [ [ -65.5174, -34.7268 ], [ -65.5092, -34.7275 ] ] } },
{ "type": "Feature", "properties": { "nombre": "Camino sin nombre", "longitud_km": 5.75 }, "geometry": { "type": "LineString", "coordinates": [ [ -65.5092, -34.7275 ], [ -65.493, -34.7226 ], [ -65.4616, -34.6954 ] ] } },
{ "type": "Feature", "properties": { "nombre": "Camino sin nombre", "longitud_km": 1.57 }, "geometry": { "type": "LineString", "coordinates": [ [ -65.6701, -34.7309 ], [ -65.6855, -34.7246 ] ] } },
{ "type": "Feature", "properties": { "nombre": "Camino sin nombre", "longitud_km": 10.17 }, "geometry": { "type": "LineString", "coordinates": [ [ -65.1443, -34.6522 ], [ -65.1422, -34.7439 ] ] } },
{ "type": "Feature", "properties": { "nombre": "Camino sin nombre", "longitud_km": 10.26 }, "geometry": { "type": "LineString", "coordinates": [ [ -65.1775, -34.6529 ], [ -65.1711, -34.662 ], [ -65.1713, -34.7439 ] ] } },
{ "type": "Feature", "properties": { "nombre": "Camino sin nombre", "longitud_km": 34.13 }, "geometry": { "type": "LineString", "coordinates": [ [ -65.8953, -34.7805 ], [ -65.907, -34.7631 ], [ -65.9267, -34.7632 ], [ -65.9265, -34.7409 ], [ -65.9399, -34.7411 ], [ -65.9534, -34.6864 ], [ -65.9497, -34.6302 ], [ -65.9562, -34.5744 ], [ -65.948, -34.5622 ], [ -65.9522, -34.5062 ] ] } },
{ "type": "Feature", "properties": { "nombre": "Camino sin nombre", "longitud_km": 8.63 }, "geometry": { "type": "LineString", "coordinates": [ [ -65.2511, -34.7567 ], [ -65.1568, -34.7592 ] ] } },
{ "type": "Feature", "properties": { "nombre": "Camino sin nombre", "longitud_km": 17.98 }, "geometry": { "type": "LineString", "coordinates": [ [ -65.3504, -34.759 ], [ -65.3542, -34.7102 ], [ -65.3153, -34.7097 ], [ -65.3016, -34.7003 ], [ -65.2909, -34.7011 ], [ -65.2906, -34.7587 ] ] } },
{ "type": "Feature", "properties": { "nombre": "Camino sin nombre", "longitud_km": 10.28 }, "geometry": { "type": "LineString", "coordinates": [ [ -65.4008, -34.7592 ], [ -65.3998, -34.6665 ] ] } },
{ "type": "Feature", "properties": { "nombre": "Camino sin nombre", "longitud_km": 11.08 }, "geometry": { "type": "LineString", "coordinates": [ [ -65.5678, -34.6669 ], [ -65.5682, -34.7668 ] ] } },
{ "type": "Feature", "properties": { "nombre": "Camino sin nombre", "longitud_km": 12.79 }, "geometry": { "type": "LineString", "coordinates": [ [ -65.6684, -34.7121 ], [ -65.6208, -34.7118 ], [ -65.6206, -34.7237 ], [ -65.5967, -34.7297 ], [ -65.5821, -34.7422 ], [ -65.5715, -34.7668 ] ] } },
{ "type": "Feature", "properties": { "nombre": "Camino sin nombre", "longitud_km": 1.73 }, "geometry": { "type": "LineString", "coordinates": [ [ -65.7062, -34.7572 ], [ -65.6913, -34.7668 ] ] } },
{ "type": "Feature", "properties": { "nombre": "Camino sin nombre", "longitud_km": 4.83 }, "geometry": { "type": "LineString", "coordinates": [ [ -65.5097, -34.771 ], [ -65.5092, -34.7275 ] ] } },
{ "type": "Feature", "properties": { "nombre": "Camino sin nombre", "longitud_km": 6.55 }, "geometry": { "type": "LineString", "coordinates": [ [ -65.8026, -34.7701 ], [ -65.802, -34.7111 ] ] } },
{ "type": "Feature", "properties": { "nombre": "Camino sin nombre", "longitud_km": 2.61 }, "geometry": { "type": "LineString", "coordinates": [ [ -65.4278, -34.7602 ], [ -65.4352, -34.7719 ], [ -65.4334, -34.7821 ] ] } },
{ "type": "Feature", "properties": { "nombre": "Camino sin nombre", "longitud_km": 4.99 }, "geometry": { "type": "LineString", "coordinates": [ [ -65.1422, -34.7439 ], [ -65.1417, -34.7888 ] ] } },
{ "type": "Feature", "properties": { "nombre": "Camino sin nombre", "longitud_km": 3.19 }, "geometry": { "type": "LineString", "coordinates": [ [ -65.3569, -34.7863 ], [ -65.3509, -34.7783 ], [ -65.3504, -34.759 ] ] } },
{ "type": "Feature", "properties": { "nombre": "Camino sin nombre", "longitud_km": 10.08 }, "geometry": { "type": "LineString", "coordinates": [ [ -65.1417, -34.7888 ], [ -65.2518, -34.7896 ] ] } },
{ "type": "Feature", "properties": { "nombre": "Camino sin nombre", "longitud_km": 3.45 }, "geometry": { "type": "LineString", "coordinates": [ [ -65.2515, -34.7584 ], [ -65.2518, -34.7896 ] ] } },
{ "type": "Feature", "properties": { "nombre": "Camino sin nombre", "longitud_km": 0.68 }, "geometry": { "type": "LineString", "coordinates": [ [ -65.6939, -34.7785 ], [ -65.6898, -34.7836 ] ] } },
{ "type": "Feature", "properties": { "nombre": "Camino sin nombre", "longitud_km": 3.94 }, "geometry": { "type": "LineString", "coordinates": [ [ -65.7342, -34.7945 ], [ -65.7118, -34.7899 ], [ -65.6961, -34.7796 ] ] } },
{ "type": "Feature", "properties": { "nombre": "Camino sin nombre", "longitud_km": 1.34 }, "geometry": { "type": "LineString", "coordinates": [ [ -65.5241, -34.801 ], [ -65.5095, -34.8011 ] ] } },
{ "type": "Feature", "properties": { "nombre": "Camino sin nombre", "longitud_km": 3.21 }, "geometry": { "type": "LineString", "coordinates": [ [ -65.5227, -34.7721 ], [ -65.5241, -34.801 ] ] } },
{ "type": "Feature", "properties": { "nombre": "Camino sin nombre", "longitud_km": 3.86 }, "geometry": { "type": "LineString", "coordinates": [ [ -65.5537, -34.8038 ], [ -65.5529, -34.7835 ], [ -65.5389, -34.7748 ] ] } },
{ "type": "Feature", "properties": { "nombre": "Camino sin nombre", "longitud_km": 0.4 }, "geometry": { "type": "LineString", "coordinates": [ [ -65.5241, -34.801 ], [ -65.5251, -34.8046 ] ] } },
{ "type": "Feature", "properties": { "nombre": "Camino sin nombre", "longitud_km": 5.83 }, "geometry": { "type": "LineString", "coordinates": [ [ -65.4002, -34.8118 ], [ -65.4008, -34.7592 ] ] } },
{ "type": "Feature", "properties": { "nombre": "Camino sin nombre", "longitud_km": 6.75 }, "geometry": { "type": "LineString", "coordinates": [ [ -65.299, -34.7851 ], [ -65.2905, -34.8001 ], [ -65.2906, -34.8117 ], [ -65.2515, -34.817 ] ] } },
{ "type": "Feature", "properties": { "nombre": "Camino sin nombre", "longitud_km": 1.98 }, "geometry": { "type": "LineString", "coordinates": [ [ -65.4002, -34.8118 ], [ -65.4215, -34.8148 ] ] } },
{ "type": "Feature", "properties": { "nombre": "Camino sin nombre", "longitud_km": 4.66 }, "geometry": { "type": "LineString", "coordinates": [ [ -65.803, -34.8122 ], [ -65.8026, -34.7701 ] ] } },
{ "type": "Feature", "properties": { "nombre": "Camino sin nombre", "longitud_km": 2.74 }, "geometry": { "type": "LineString", "coordinates": [ [ -65.9045, -34.7906 ], [ -65.9049, -34.8052 ], [ -65.915, -34.8108 ] ] } },
{ "type": "Feature", "properties": { "nombre": "Camino sin nombre", "longitud_km": 1.15 }, "geometry": { "type": "LineString", "coordinates": [ [ -65.8031, -34.8226 ], [ -65.803, -34.8122 ] ] } },
{ "type": "Feature", "properties": { "nombre": "Camino sin nombre", "longitud_km": 4.46 }, "geometry": { "type": "LineString", "coordinates": [ [ -65.1412, -34.8341 ], [ -65.0925, -34.8337 ] ] } },
{ "type": "Feature", "properties": { "nombre": "Camino sin nombre", "longitud_km": 10.07 }, "geometry": { "type": "LineString", "coordinates": [ [ -65.2513, -34.8345 ], [ -65.1412, -34.8341 ] ] } },
{ "type": "Feature", "properties": { "nombre": "Camino sin nombre", "longitud_km": 4.81 }, "geometry": { "type": "LineString", "coordinates": [ [ -65.8539, -34.8229 ], [ -65.803, -34.8122 ] ] } },
{ "type": "Feature", "properties": { "nombre": "Camino sin nombre", "longitud_km": 6.19 }, "geometry": { "type": "LineString", "coordinates": [ [ -65.915, -34.8108 ], [ -65.8666, -34.811 ], [ -65.8539, -34.8229 ] ] } },
{ "type": "Feature", "properties": { "nombre": "Camino sin nombre", "longitud_km": 6.96 }, "geometry": { "type": "LineString", "coordinates": [ [ -65.668, -34.7842 ], [ -65.6434, -34.7846 ], [ -65.6241, -34.8239 ] ] } },
{ "type": "Feature", "properties": { "nombre": "Camino sin nombre", "longitud_km": 5.02 }, "geometry": { "type": "LineString", "coordinates": [ [ -65.1417, -34.7888 ], [ -65.1412, -34.8341 ] ] } },
{ "type": "Feature", "properties": { "nombre": "Camino sin nombre", "longitud_km": 12.33 }, "geometry": { "type": "LineString", "coordinates": [ [ -65.8031, -34.8226 ], [ -65.6683, -34.8235 ] ] } },
{ "type": "Feature", "properties": { "nombre": "Camino sin nombre", "longitud_km": 11.14 }, "geometry": { "type": "LineString", "coordinates": [ [ -65.373, -34.8454 ], [ -65.2512, -34.8449 ] ] } },
{ "type": "Feature", "properties": { "nombre": "Camino sin nombre", "longitud_km": 6.23 }, "geometry": { "type": "LineString", "coordinates": [ [ -65.4002, -34.8118 ], [ -65.3731, -34.8116 ], [ -65.373, -34.8454 ] ] } },
{ "type": "Feature", "properties": { "nombre": "Camino sin nombre", "longitud_km": 2.44 }, "geometry": { "type": "LineString", "coordinates": [ [ -65.3997, -34.8456 ], [ -65.373, -34.8454 ] ] } },
{ "type": "Feature", "properties": { "nombre": "Camino sin nombre", "longitud_km": 3.76 }, "geometry": { "type": "LineString", "coordinates": [ [ -65.3997, -34.8456 ], [ -65.4002, -34.8118 ] ] } },
{ "type": "Feature", "properties": { "nombre": "Camino sin nombre", "longitud_km": 2.56 }, "geometry": { "type": "LineString", "coordinates": [ [ -65.4277, -34.8458 ], [ -65.3997, -34.8456 ] ] } },
{ "type": "Feature", "properties": { "nombre": "Camino sin nombre", "longitud_km": 4.8 }, "geometry": { "type": "LineString", "coordinates": [ [ -65.4803, -34.8461 ], [ -65.4277, -34.8458 ] ] } },
{ "type": "Feature", "properties": { "nombre": "Camino sin nombre", "longitud_km": 6.34 }, "geometry": { "type": "LineString", "coordinates": [ [ -65.5095, -34.8011 ], [ -65.4819, -34.8166 ], [ -65.4803, -34.8461 ] ] } },
{ "type": "Feature", "properties": { "nombre": "Camino sin nombre", "longitud_km": 2.66 }, "geometry": { "type": "LineString", "coordinates": [ [ -65.5094, -34.8463 ], [ -65.4803, -34.8461 ] ] } },
{ "type": "Feature", "properties": { "nombre": "Camino sin nombre", "longitud_km": 5.14 }, "geometry": { "type": "LineString", "coordinates": [ [ -65.5656, -34.8462 ], [ -65.5094, -34.8463 ] ] } },
{ "type": "Feature", "properties": { "nombre": "Camino sin nombre", "longitud_km": 8.67 }, "geometry": { "type": "LineString", "coordinates": [ [ -65.5599, -34.7761 ], [ -65.5731, -34.7871 ], [ -65.5683, -34.8008 ], [ -65.5642, -34.8012 ], [ -65.5656, -34.8462 ] ] } },
{ "type": "Feature", "properties": { "nombre": "Camino sin nombre", "longitud_km": 2.4 }, "geometry": { "type": "LineString", "coordinates": [ [ -65.1412, -34.8341 ], [ -65.1408, -34.8557 ] ] } },
{ "type": "Feature", "properties": { "nombre": "Camino sin nombre", "longitud_km": 5.44 }, "geometry": { "type": "LineString", "coordinates": [ [ -65.6251, -34.8464 ], [ -65.5656, -34.8462 ] ] } },
{ "type": "Feature", "properties": { "nombre": "Camino sin nombre", "longitud_km": 3.49 }, "geometry": { "type": "LineString", "coordinates": [ [ -65.6683, -34.8235 ], [ -65.6927, -34.8477 ] ] } },
{ "type": "Feature", "properties": { "nombre": "Camino sin nombre", "longitud_km": 1.73 }, "geometry": { "type": "LineString", "coordinates": [ [ -65.6927, -34.8477 ], [ -65.6947, -34.8374 ], [ -65.7008, -34.8365 ] ] } },
{ "type": "Feature", "properties": { "nombre": "Camino sin nombre", "longitud_km": 11.3 }, "geometry": { "type": "LineString", "coordinates": [ [ -65.1403, -34.9058 ], [ -65.1215, -34.9058 ], [ -65.1113, -34.8817 ], [ -65.0997, -34.8816 ], [ -65.0999, -34.8696 ], [ -65.1221, -34.8699 ], [ -65.1408, -34.8557 ] ] } },
{ "type": "Feature", "properties": { "nombre": "Camino sin nombre", "longitud_km": 6.76 }, "geometry": { "type": "LineString", "coordinates": [ [ -65.3255, -34.8564 ], [ -65.3441, -34.8559 ], [ -65.3451, -34.86 ], [ -65.362, -34.8609 ], [ -65.3675, -34.8657 ], [ -65.373, -34.8454 ] ] } },
{ "type": "Feature", "properties": { "nombre": "Camino sin nombre", "longitud_km": 6.55 }, "geometry": { "type": "LineString", "coordinates": [ [ -65.8539, -34.8229 ], [ -65.8457, -34.8295 ], [ -65.84, -34.8642 ], [ -65.8577, -34.864 ] ] } },
{ "type": "Feature", "properties": { "nombre": "Camino sin nombre", "longitud_km": 0.68 }, "geometry": { "type": "LineString", "coordinates": [ [ -65.8577, -34.864 ], [ -65.8652, -34.864 ] ] } },
{ "type": "Feature", "properties": { "nombre": "Camino sin nombre", "longitud_km": 3.97 }, "geometry": { "type": "LineString", "coordinates": [ [ -65.5146, -34.8517 ], [ -65.5458, -34.8765 ] ] } },
{ "type": "Feature", "properties": { "nombre": "Camino sin nombre", "longitud_km": 3.88 }, "geometry": { "type": "LineString", "coordinates": [ [ -65.5656, -34.8462 ], [ -65.554, -34.87 ], [ -65.5458, -34.8765 ] ] } },
{ "type": "Feature", "properties": { "nombre": "Camino sin nombre", "longitud_km": 5.22 }, "geometry": { "type": "LineString", "coordinates": [ [ -65.3994, -34.8927 ], [ -65.3997, -34.8456 ] ] } },
{ "type": "Feature", "properties": { "nombre": "Camino sin nombre", "longitud_km": 8.27 }, "geometry": { "type": "LineString", "coordinates": [ [ -65.6272, -34.8919 ], [ -65.6627, -34.8793 ], [ -65.666, -34.8732 ], [ -65.6888, -34.8607 ], [ -65.6927, -34.8477 ] ] } },
{ "type": "Feature", "properties": { "nombre": "Camino sin nombre", "longitud_km": 5.15 }, "geometry": { "type": "LineString", "coordinates": [ [ -65.1408, -34.8557 ], [ -65.1402, -34.9021 ] ] } },
{ "type": "Feature", "properties": { "nombre": "Camino sin nombre", "longitud_km": 0.41 }, "geometry": { "type": "LineString", "coordinates": [ [ -65.1402, -34.9021 ], [ -65.1403, -34.9058 ] ] } },
{ "type": "Feature", "properties": { "nombre": "Camino sin nombre", "longitud_km": 3.58 }, "geometry": { "type": "LineString", "coordinates": [ [ -65.8577, -34.864 ], [ -65.8569, -34.8963 ] ] } },
{ "type": "Feature", "properties": { "nombre": "Camino sin nombre", "longitud_km": 16.07 }, "geometry": { "type": "LineString", "coordinates": [ [ -65.803, -34.8978 ], [ -65.6273, -34.8945 ] ] } },
{ "type": "Feature", "properties": { "nombre": "Camino sin nombre", "longitud_km": 8.34 }, "geometry": { "type": "LineString", "coordinates": [ [ -65.803, -34.8978 ], [ -65.8031, -34.8226 ] ] } },
{ "type": "Feature", "properties": { "nombre": "Camino sin nombre", "longitud_km": 10.22 }, "geometry": { "type": "LineString", "coordinates": [ [ -65.4277, -34.8458 ], [ -65.434, -34.8566 ], [ -65.4342, -34.8801 ], [ -65.4271, -34.8852 ], [ -65.4272, -34.906 ], [ -65.4165, -34.9059 ], [ -65.3994, -34.8927 ] ] } },
{ "type": "Feature", "properties": { "nombre": "Camino sin nombre", "longitud_km": 1.1 }, "geometry": { "type": "LineString", "coordinates": [ [ -65.8689, -34.8967 ], [ -65.8569, -34.8963 ] ] } },
{ "type": "Feature", "properties": { "nombre": "Camino sin nombre", "longitud_km": 6.48 }, "geometry": { "type": "LineString", "coordinates": [ [ -65.2014, -34.9107 ], [ -65.1956, -34.9103 ], [ -65.1954, -34.9021 ], [ -65.1402, -34.9021 ] ] } },
{ "type": "Feature", "properties": { "nombre": "Camino sin nombre", "longitud_km": 3.96 }, "geometry": { "type": "LineString", "coordinates": [ [ -65.9123, -34.8968 ], [ -65.8689, -34.8967 ] ] } },
{ "type": "Feature", "properties": { "nombre": "Camino sin nombre", "longitud_km": 9.54 }, "geometry": { "type": "LineString", "coordinates": [ [ -65.915, -34.8108 ], [ -65.9123, -34.8968 ] ] } },
{ "type": "Feature", "properties": { "nombre": "Camino sin nombre", "longitud_km": 4.26 }, "geometry": { "type": "LineString", "coordinates": [ [ -65.5458, -34.8765 ], [ -65.559, -34.8821 ], [ -65.5754, -34.9045 ] ] } },
{ "type": "Feature", "properties": { "nombre": "Camino sin nombre", "longitud_km": 6.79 }, "geometry": { "type": "LineString", "coordinates": [ [ -65.5754, -34.9045 ], [ -65.5684, -34.8978 ], [ -65.5562, -34.8988 ], [ -65.5361, -34.9026 ], [ -65.5321, -34.9079 ], [ -65.5093, -34.9104 ] ] } },
{ "type": "Feature", "properties": { "nombre": "Camino sin nombre", "longitud_km": 2.26 }, "geometry": { "type": "LineString", "coordinates": [ [ -65.3993, -34.9131 ], [ -65.3994, -34.8927 ] ] } },
{ "type": "Feature", "properties": { "nombre": "Camino sin nombre", "longitud_km": 0.58 }, "geometry": { "type": "LineString", "coordinates": [ [ -65.5093, -34.9104 ], [ -65.5031, -34.9112 ] ] } },
{ "type": "Feature", "properties": { "nombre": "Camino sin nombre", "longitud_km": 1.65 }, "geometry": { "type": "LineString", "coordinates": [ [ -65.8031, -34.9126 ], [ -65.803, -34.8978 ] ] } },
{ "type": "Feature", "properties": { "nombre": "Camino sin nombre", "longitud_km": 5.22 }, "geometry": { "type": "LineString", "coordinates": [ [ -65.5754, -34.9045 ], [ -65.5975, -34.9127 ], [ -65.6193, -34.9054 ], [ -65.6276, -34.909 ] ] } },
{ "type": "Feature", "properties": { "nombre": "Camino sin nombre", "longitud_km": 6.57 }, "geometry": { "type": "LineString", "coordinates": [ [ -65.8569, -34.8963 ], [ -65.8565, -34.9115 ], [ -65.8031, -34.9126 ] ] } },
{ "type": "Feature", "properties": { "nombre": "Camino sin nombre", "longitud_km": 1.51 }, "geometry": { "type": "LineString", "coordinates": [ [ -65.6276, -34.909 ], [ -65.6426, -34.9147 ] ] } },
{ "type": "Feature", "properties": { "nombre": "Camino sin nombre", "longitud_km": 0.43 }, "geometry": { "type": "LineString", "coordinates": [ [ -65.1355, -34.9248 ], [ -65.1402, -34.9248 ] ] } },
{ "type": "Feature", "properties": { "nombre": "Camino sin nombre", "longitud_km": 2.11 }, "geometry": { "type": "LineString", "coordinates": [ [ -65.1403, -34.9058 ], [ -65.1402, -34.9248 ] ] } },
{ "type": "Feature", "properties": { "nombre": "Camino sin nombre", "longitud_km": 10.06 }, "geometry": { "type": "LineString", "coordinates": [ [ -65.1402, -34.9248 ], [ -65.2503, -34.9253 ] ] } },
{ "type": "Feature", "properties": { "nombre": "Camino sin nombre", "longitud_km": 10.08 }, "geometry": { "type": "LineString", "coordinates": [ [ -65.3605, -34.9354 ], [ -65.2502, -34.9352 ] ] } },
{ "type": "Feature", "properties": { "nombre": "Camino sin nombre", "longitud_km": 5.45 }, "geometry": { "type": "LineString", "coordinates": [ [ -65.3993, -34.9131 ], [ -65.3815, -34.9162 ], [ -65.373, -34.9131 ], [ -65.3602, -34.9245 ], [ -65.3605, -34.9354 ] ] } },
{ "type": "Feature", "properties": { "nombre": "Camino sin nombre", "longitud_km": 3.53 }, "geometry": { "type": "LineString", "coordinates": [ [ -65.3992, -34.9359 ], [ -65.3605, -34.9354 ] ] } },
{ "type": "Feature", "properties": { "nombre": "Camino sin nombre", "longitud_km": 2.54 }, "geometry": { "type": "LineString", "coordinates": [ [ -65.3992, -34.9359 ], [ -65.3993, -34.9131 ] ] } },
{ "type": "Feature", "properties": { "nombre": "Camino sin nombre", "longitud_km": 10.06 }, "geometry": { "type": "LineString", "coordinates": [ [ -65.5093, -34.9361 ], [ -65.3992, -34.9359 ] ] } },
{ "type": "Feature", "properties": { "nombre": "Camino sin nombre", "longitud_km": 10.86 }, "geometry": { "type": "LineString", "coordinates": [ [ -65.6282, -34.9371 ], [ -65.5093, -34.9361 ] ] } },
{ "type": "Feature", "properties": { "nombre": "Camino sin nombre", "longitud_km": 1.57 }, "geometry": { "type": "LineString", "coordinates": [ [ -65.7431, -34.9349 ], [ -65.7515, -34.9226 ] ] } },
{ "type": "Feature", "properties": { "nombre": "Camino sin nombre", "longitud_km": 5.75 }, "geometry": { "type": "LineString", "coordinates": [ [ -65.8033, -34.9435 ], [ -65.7581, -34.9318 ], [ -65.7431, -34.9349 ] ] } },
{ "type": "Feature", "properties": { "nombre": "Camino sin nombre", "longitud_km": 3.42 }, "geometry": { "type": "LineString", "coordinates": [ [ -65.8033, -34.9435 ], [ -65.8031, -34.9126 ] ] } },
{ "type": "Feature", "properties": { "nombre": "Camino sin nombre", "longitud_km": 13.93 }, "geometry": { "type": "LineString", "coordinates": [ [ -65.9754, -34.9837 ], [ -65.9762, -34.9551 ], [ -66.0018, -34.9259 ], [ -66.0247, -34.9224 ], [ -66.0666, -34.9459 ] ] } },
{ "type": "Feature", "properties": { "nombre": "Camino sin nombre", "longitud_km": 6.67 }, "geometry": { "type": "LineString", "coordinates": [ [ -65.8689, -34.8967 ], [ -65.8565, -34.9322 ], [ -65.8566, -34.9554 ] ] } },
{ "type": "Feature", "properties": { "nombre": "Camino sin nombre", "longitud_km": 5.61 }, "geometry": { "type": "LineString", "coordinates": [ [ -65.5196, -34.9815 ], [ -65.4996, -34.9867 ], [ -65.4619, -34.9746 ] ] } },
{ "type": "Feature", "properties": { "nombre": "Camino sin nombre", "longitud_km": 10.42 }, "geometry": { "type": "LineString", "coordinates": [ [ -65.9198, -34.9858 ], [ -65.9243, -34.9635 ], [ -65.9229, -34.9576 ], [ -65.9143, -34.9541 ], [ -65.9123, -34.8968 ] ] } },
{ "type": "Feature", "properties": { "nombre": "Camino sin nombre", "longitud_km": 5.08 }, "geometry": { "type": "LineString", "coordinates": [ [ -65.9754, -34.9837 ], [ -65.9198, -34.9858 ] ] } },
{ "type": "Feature", "properties": { "nombre": "Camino sin nombre", "longitud_km": 5.17 }, "geometry": { "type": "LineString", "coordinates": [ [ -66.0174, -34.9969 ], [ -66.0138, -34.983 ], [ -65.9869, -34.9866 ], [ -65.9754, -34.9837 ] ] } },
{ "type": "Feature", "properties": { "nombre": "Camino sin nombre", "longitud_km": 8.88 }, "geometry": { "type": "LineString", "coordinates": [ [ -65.3989, -35.016 ], [ -65.3992, -34.9359 ] ] } },
{ "type": "Feature", "properties": { "nombre": "Camino sin nombre", "longitud_km": 4.48 }, "geometry": { "type": "LineString", "coordinates": [ [ -65.5196, -34.9815 ], [ -65.5497, -34.9969 ], [ -65.5633, -34.9968 ] ] } },
{ "type": "Feature", "properties": { "nombre": "Camino sin nombre", "longitud_km": 5.72 }, "geometry": { "type": "LineString", "coordinates": [ [ -65.5633, -34.9968 ], [ -65.5637, -34.9816 ], [ -65.5196, -34.9815 ] ] } },
{ "type": "Feature", "properties": { "nombre": "Camino sin nombre", "longitud_km": 2.05 }, "geometry": { "type": "LineString", "coordinates": [ [ -65.5634, -35.0153 ], [ -65.5633, -34.9968 ] ] } },
{ "type": "Feature", "properties": { "nombre": "Camino sin nombre", "longitud_km": 13.79 }, "geometry": { "type": "LineString", "coordinates": [ [ -65.664, -35.0153 ], [ -65.663, -34.992 ], [ -65.6853, -34.9695 ], [ -65.6862, -34.9457 ], [ -65.7431, -34.9349 ] ] } },
{ "type": "Feature", "properties": { "nombre": "Camino sin nombre", "longitud_km": 7.83 }, "geometry": { "type": "LineString", "coordinates": [ [ -65.804, -35.0141 ], [ -65.8033, -34.9435 ] ] } },
{ "type": "Feature", "properties": { "nombre": "Camino sin nombre", "longitud_km": 6.01 }, "geometry": { "type": "LineString", "coordinates": [ [ -65.8566, -34.9554 ], [ -65.8568, -35.0 ], [ -65.8676, -35.0035 ] ] } },
{ "type": "Feature", "properties": { "nombre": "Camino sin nombre", "longitud_km": 9.94 }, "geometry": { "type": "LineString", "coordinates": [ [ -65.2498, -35.0165 ], [ -65.1408, -35.0157 ] ] } },
{ "type": "Feature", "properties": { "nombre": "Camino sin nombre", "longitud_km": 5.9 }, "geometry": { "type": "LineString", "coordinates": [ [ -65.468, -35.0158 ], [ -65.4033, -35.0158 ] ] } },
{ "type": "Feature", "properties": { "nombre": "Camino sin nombre", "longitud_km": 8.35 }, "geometry": { "type": "LineString", "coordinates": [ [ -65.8566, -34.9554 ], [ -65.8822, -34.9546 ], [ -65.8854, -34.9852 ], [ -65.8676, -35.0035 ] ] } },
{ "type": "Feature", "properties": { "nombre": "Camino sin nombre", "longitud_km": 2.02 }, "geometry": { "type": "LineString", "coordinates": [ [ -65.1401, -35.0157 ], [ -65.118, -35.0159 ] ] } },
{ "type": "Feature", "properties": { "nombre": "Camino sin nombre", "longitud_km": 10.08 }, "geometry": { "type": "LineString", "coordinates": [ [ -65.1402, -34.9248 ], [ -65.1401, -35.0157 ] ] } },
{ "type": "Feature", "properties": { "nombre": "Camino sin nombre", "longitud_km": 0.07 }, "geometry": { "type": "LineString", "coordinates": [ [ -65.1401, -35.0157 ], [ -65.1408, -35.0157 ] ] } },
{ "type": "Feature", "properties": { "nombre": "Camino sin nombre", "longitud_km": 4.32 }, "geometry": { "type": "LineString", "coordinates": [ [ -65.9198, -34.9858 ], [ -65.9592, -35.0073 ] ] } },
{ "type": "Feature", "properties": { "nombre": "Camino sin nombre", "longitud_km": 3.28 }, "geometry": { "type": "LineString", "coordinates": [ [ -65.9592, -35.0073 ], [ -65.9628, -34.9993 ], [ -65.9735, -34.9946 ], [ -65.9754, -34.9837 ] ] } },
{ "type": "Feature", "properties": { "nombre": "Camino sin nombre", "longitud_km": 5.02 }, "geometry": { "type": "LineString", "coordinates": [ [ -65.3053, -35.0163 ], [ -65.2504, -35.0167 ] ] } },
{ "type": "Feature", "properties": { "nombre": "Camino sin nombre", "longitud_km": 0.4 }, "geometry": { "type": "LineString", "coordinates": [ [ -65.4033, -35.0158 ], [ -65.3989, -35.016 ] ] } },
{ "type": "Feature", "properties": { "nombre": "Camino sin nombre", "longitud_km": 8.54 }, "geometry": { "type": "LineString", "coordinates": [ [ -65.3989, -35.016 ], [ -65.3053, -35.0163 ] ] } },
{ "type": "Feature", "properties": { "nombre": "Camino sin nombre", "longitud_km": 8.7 }, "geometry": { "type": "LineString", "coordinates": [ [ -65.5634, -35.0153 ], [ -65.468, -35.0158 ] ] } },
{ "type": "Feature", "properties": { "nombre": "Camino sin nombre", "longitud_km": 4.14 }, "geometry": { "type": "LineString", "coordinates": [ [ -65.6087, -35.0153 ], [ -65.5634, -35.0153 ] ] } },
{ "type": "Feature", "properties": { "nombre": "Camino sin nombre", "longitud_km": 3.07 }, "geometry": { "type": "LineString", "coordinates": [ [ -65.664, -35.0153 ], [ -65.6304, -35.0153 ] ] } },
{ "type": "Feature", "properties": { "nombre": "Camino sin nombre", "longitud_km": 4.93 }, "geometry": { "type": "LineString", "coordinates": [ [ -65.7181, -35.0148 ], [ -65.664, -35.0153 ] ] } },
{ "type": "Feature", "properties": { "nombre": "Camino sin nombre", "longitud_km": 0.96 }, "geometry": { "type": "LineString", "coordinates": [ [ -65.7148, -35.0066 ], [ -65.7181, -35.0148 ] ] } },
{ "type": "Feature", "properties": { "nombre": "Camino sin nombre", "longitud_km": 2.27 }, "geometry": { "type": "LineString", "coordinates": [ [ -65.8289, -35.0141 ], [ -65.804, -35.0141 ] ] } },
{ "type": "Feature", "properties": { "nombre": "Camino sin nombre", "longitud_km": 7.84 }, "geometry": { "type": "LineString", "coordinates": [ [ -65.804, -35.0141 ], [ -65.7181, -35.0148 ] ] } },
{ "type": "Feature", "properties": { "nombre": "Camino sin nombre", "longitud_km": 3.55 }, "geometry": { "type": "LineString", "coordinates": [ [ -65.8678, -35.0141 ], [ -65.8289, -35.0141 ] ] } },
{ "type": "Feature", "properties": { "nombre": "Camino sin nombre", "longitud_km": 1.17 }, "geometry": { "type": "LineString", "coordinates": [ [ -65.8678, -35.0141 ], [ -65.8676, -35.0035 ] ] } },
{ "type": "Feature", "properties": { "nombre": "Camino sin nombre", "longitud_km": 7.99 }, "geometry": { "type": "LineString", "coordinates": [ [ -65.9554, -35.0147 ], [ -65.8678, -35.0141 ] ] } },
{ "type": "Feature", "properties": { "nombre": "Camino sin nombre", "longitud_km": 0.89 }, "geometry": { "type": "LineString", "coordinates": [ [ -65.9554, -35.0147 ], [ -65.9592, -35.0073 ] ] } },
{ "type": "Feature", "properties": { "nombre": "Camino sin nombre", "longitud_km": 3.09 }, "geometry": { "type": "LineString", "coordinates": [ [ -65.9408, -35.0398 ], [ -65.9554, -35.0147 ] ] } },
{ "type": "Feature", "properties": { "nombre": "Camino sin nombre", "longitud_km": 13.53 }, "geometry": { "type": "LineString", "coordinates": [ [ -65.4061, -35.1197 ], [ -65.406, -35.097 ], [ -65.4173, -35.0968 ], [ -65.417, -35.0611 ], [ -65.4155, -35.0382 ], [ -65.4045, -35.0381 ], [ -65.4033, -35.0158 ] ] } },
{ "type": "Feature", "properties": { "nombre": "Camino sin nombre", "longitud_km": 10.29 }, "geometry": { "type": "LineString", "coordinates": [ [ -65.3066, -35.109 ], [ -65.3053, -35.0163 ] ] } },
{ "type": "Feature", "properties": { "nombre": "Camino sin nombre", "longitud_km": 4.92 }, "geometry": { "type": "LineString", "coordinates": [ [ -65.6609, -35.0627 ], [ -65.607, -35.0611 ] ] } },
{ "type": "Feature", "properties": { "nombre": "Camino sin nombre", "longitud_km": 5.27 }, "geometry": { "type": "LineString", "coordinates": [ [ -65.664, -35.0153 ], [ -65.6609, -35.0627 ] ] } },
{ "type": "Feature", "properties": { "nombre": "Camino sin nombre", "longitud_km": 0.35 }, "geometry": { "type": "LineString", "coordinates": [ [ -65.6647, -35.0628 ], [ -65.6609, -35.0627 ] ] } },
{ "type": "Feature", "properties": { "nombre": "Camino sin nombre", "longitud_km": 3.64 }, "geometry": { "type": "LineString", "coordinates": [ [ -65.9756, -35.0559 ], [ -65.9408, -35.0398 ] ] } },
{ "type": "Feature", "properties": { "nombre": "Camino sin nombre", "longitud_km": 1.65 }, "geometry": { "type": "LineString", "coordinates": [ [ -65.2515, -35.073 ], [ -65.2333, -35.073 ] ] } },
{ "type": "Feature", "properties": { "nombre": "Camino sin nombre", "longitud_km": 4.74 }, "geometry": { "type": "LineString", "coordinates": [ [ -65.7166, -35.0639 ], [ -65.6647, -35.0628 ] ] } },
{ "type": "Feature", "properties": { "nombre": "Camino sin nombre", "longitud_km": 5.44 }, "geometry": { "type": "LineString", "coordinates": [ [ -65.7181, -35.0148 ], [ -65.7166, -35.0639 ] ] } },
{ "type": "Feature", "properties": { "nombre": "Camino sin nombre", "longitud_km": 0.26 }, "geometry": { "type": "LineString", "coordinates": [ [ -65.7166, -35.0639 ], [ -65.7195, -35.064 ] ] } },
{ "type": "Feature", "properties": { "nombre": "Camino sin nombre", "longitud_km": 5.57 }, "geometry": { "type": "LineString", "coordinates": [ [ -65.8273, -35.0643 ], [ -65.8289, -35.0141 ] ] } },
{ "type": "Feature", "properties": { "nombre": "Camino sin nombre", "longitud_km": 0.19 }, "geometry": { "type": "LineString", "coordinates": [ [ -65.8293, -35.0646 ], [ -65.8273, -35.0643 ] ] } },
{ "type": "Feature", "properties": { "nombre": "Camino sin nombre", "longitud_km": 10.02 }, "geometry": { "type": "LineString", "coordinates": [ [ -65.9391, -35.0671 ], [ -65.8293, -35.0646 ] ] } },
{ "type": "Feature", "properties": { "nombre": "Camino sin nombre", "longitud_km": 9.83 }, "geometry": { "type": "LineString", "coordinates": [ [ -65.8273, -35.0643 ], [ -65.7195, -35.064 ] ] } },
{ "type": "Feature", "properties": { "nombre": "Camino sin nombre", "longitud_km": 10.33 }, "geometry": { "type": "LineString", "coordinates": [ [ -66.0467, -35.1499 ], [ -66.0503, -35.0569 ] ] } },
{ "type": "Feature", "properties": { "nombre": "Camino sin nombre", "longitud_km": 3.03 }, "geometry": { "type": "LineString", "coordinates": [ [ -65.9391, -35.0671 ], [ -65.9408, -35.0398 ] ] } },
{ "type": "Feature", "properties": { "nombre": "Camino sin nombre", "longitud_km": 2.58 }, "geometry": { "type": "LineString", "coordinates": [ [ -65.9391, -35.0671 ], [ -65.9674, -35.0676 ] ] } },
{ "type": "Feature", "properties": { "nombre": "Camino sin nombre", "longitud_km": 7.19 }, "geometry": { "type": "LineString", "coordinates": [ [ -65.9674, -35.0676 ], [ -65.9956, -35.0683 ], [ -65.9963, -35.0267 ] ] } },
{ "type": "Feature", "properties": { "nombre": "Camino sin nombre", "longitud_km": 2.59 }, "geometry": { "type": "LineString", "coordinates": [ [ -65.1274, -35.0948 ], [ -65.0997, -35.0897 ] ] } },
{ "type": "Feature", "properties": { "nombre": "Camino sin nombre", "longitud_km": 8.46 }, "geometry": { "type": "LineString", "coordinates": [ [ -65.1408, -35.0157 ], [ -65.1421, -35.0919 ] ] } },
{ "type": "Feature", "properties": { "nombre": "Camino sin nombre", "longitud_km": 1.02 }, "geometry": { "type": "LineString", "coordinates": [ [ -65.2035, -35.0891 ], [ -65.2032, -35.0983 ] ] } },
{ "type": "Feature", "properties": { "nombre": "Camino sin nombre", "longitud_km": 1.58 }, "geometry": { "type": "LineString", "coordinates": [ [ -65.1423, -35.1021 ], [ -65.1274, -35.0948 ] ] } },
{ "type": "Feature", "properties": { "nombre": "Camino sin nombre", "longitud_km": 1.13 }, "geometry": { "type": "LineString", "coordinates": [ [ -65.1421, -35.0919 ], [ -65.1423, -35.1021 ] ] } },
{ "type": "Feature", "properties": { "nombre": "Camino sin nombre", "longitud_km": 9.53 }, "geometry": { "type": "LineString", "coordinates": [ [ -65.246, -35.1128 ], [ -65.1423, -35.1021 ] ] } },
{ "type": "Feature", "properties": { "nombre": "Camino sin nombre", "longitud_km": 0.59 }, "geometry": { "type": "LineString", "coordinates": [ [ -65.2524, -35.1118 ], [ -65.246, -35.1128 ] ] } },
{ "type": "Feature", "properties": { "nombre": "Camino sin nombre", "longitud_km": 4.69 }, "geometry": { "type": "LineString", "coordinates": [ [ -65.9391, -35.0671 ], [ -65.9375, -35.1094 ] ] } },
{ "type": "Feature", "properties": { "nombre": "Camino sin nombre", "longitud_km": 0.98 }, "geometry": { "type": "LineString", "coordinates": [ [ -65.3951, -35.1182 ], [ -65.391, -35.1263 ] ] } },
{ "type": "Feature", "properties": { "nombre": "Camino sin nombre", "longitud_km": 12.32 }, "geometry": { "type": "LineString", "coordinates": [ [ -65.4706, -35.1268 ], [ -65.468, -35.0158 ] ] } },
{ "type": "Feature", "properties": { "nombre": "Camino sin nombre", "longitud_km": 1.21 }, "geometry": { "type": "LineString", "coordinates": [ [ -65.3965, -35.1314 ], [ -65.3905, -35.1411 ] ] } },
{ "type": "Feature", "properties": { "nombre": "Camino sin nombre", "longitud_km": 8.57 }, "geometry": { "type": "LineString", "coordinates": [ [ -65.6647, -35.0628 ], [ -65.6591, -35.1399 ] ] } },
{ "type": "Feature", "properties": { "nombre": "Camino sin nombre", "longitud_km": 8.64 }, "geometry": { "type": "LineString", "coordinates": [ [ -65.7195, -35.064 ], [ -65.7161, -35.1419 ] ] } },
{ "type": "Feature", "properties": { "nombre": "Camino sin nombre", "longitud_km": 8.87 }, "geometry": { "type": "LineString", "coordinates": [ [ -65.8263, -35.1444 ], [ -65.8293, -35.0646 ] ] } },
{ "type": "Feature", "properties": { "nombre": "Camino sin nombre", "longitud_km": 2.59 }, "geometry": { "type": "LineString", "coordinates": [ [ -65.3759, -35.1567 ], [ -65.3811, -35.1338 ] ] } },
{ "type": "Feature", "properties": { "nombre": "Camino sin nombre", "longitud_km": 1.03 }, "geometry": { "type": "LineString", "coordinates": [ [ -65.3649, -35.1587 ], [ -65.3759, -35.1567 ] ] } },
{ "type": "Feature", "properties": { "nombre": "Camino sin nombre", "longitud_km": 31.15 }, "geometry": { "type": "LineString", "coordinates": [ [ -65.8195, -35.3356 ], [ -65.7097, -35.3326 ], [ -65.7161, -35.1419 ] ] } },
{ "type": "Feature", "properties": { "nombre": "Camino sin nombre", "longitud_km": 10.42 }, "geometry": { "type": "LineString", "coordinates": [ [ -65.4196, -35.2155 ], [ -65.3862, -35.2161 ], [ -65.3849, -35.1612 ], [ -65.3761, -35.161 ], [ -65.3759, -35.1567 ] ] } },
{ "type": "Feature", "properties": { "nombre": "Camino sin nombre", "longitud_km": 9.19 }, "geometry": { "type": "LineString", "coordinates": [ [ -65.1423, -35.1021 ], [ -65.1437, -35.1849 ] ] } },
{ "type": "Feature", "properties": { "nombre": "Camino sin nombre", "longitud_km": 10.9 }, "geometry": { "type": "LineString", "coordinates": [ [ -65.2127, -35.1842 ], [ -65.2093, -35.1184 ], [ -65.2382, -35.1186 ], [ -65.246, -35.1128 ] ] } },
{ "type": "Feature", "properties": { "nombre": "Camino sin nombre", "longitud_km": 18.66 }, "geometry": { "type": "LineString", "coordinates": [ [ -65.5184, -35.2133 ], [ -65.6235, -35.2112 ], [ -65.6241, -35.1421 ], [ -65.6155, -35.1421 ], [ -65.6156, -35.1363 ] ] } },
{ "type": "Feature", "properties": { "nombre": "Camino sin nombre", "longitud_km": 5.27 }, "geometry": { "type": "LineString", "coordinates": [ [ -66.0, -35.1806 ], [ -65.9626, -35.1608 ], [ -65.9493, -35.1595 ] ] } },
{ "type": "Feature", "properties": { "nombre": "Camino sin nombre", "longitud_km": 0.02 }, "geometry": { "type": "LineString", "coordinates": [ [ -66.0002, -35.1805 ], [ -66.0, -35.1806 ] ] } },
{ "type": "Feature", "properties": { "nombre": "Camino sin nombre", "longitud_km": 24.6 }, "geometry": { "type": "LineString", "coordinates": [ [ -66.0, -35.1806 ], [ -66.0393, -35.1852 ], [ -66.0788, -35.2157 ], [ -66.0956, -35.2159 ], [ -66.1184, -35.2521 ], [ -66.1151, -35.3422 ] ] } },
{ "type": "Feature", "properties": { "nombre": "Camino sin nombre", "longitud_km": 7.09 }, "geometry": { "type": "LineString", "coordinates": [ [ -65.5022, -35.1507 ], [ -65.5184, -35.2133 ] ] } },
{ "type": "Feature", "properties": { "nombre": "Camino sin nombre", "longitud_km": 9.0 }, "geometry": { "type": "LineString", "coordinates": [ [ -65.4196, -35.2155 ], [ -65.5184, -35.2133 ] ] } },
{ "type": "Feature", "properties": { "nombre": "Camino sin nombre", "longitud_km": 0.62 }, "geometry": { "type": "LineString", "coordinates": [ [ -65.5184, -35.2133 ], [ -65.5147, -35.2179 ] ] } },
{ "type": "Feature", "properties": { "nombre": "Camino sin nombre", "longitud_km": 7.13 }, "geometry": { "type": "LineString", "coordinates": [ [ -65.1437, -35.1849 ], [ -65.1449, -35.2492 ] ] } },
{ "type": "Feature", "properties": { "nombre": "Camino sin nombre", "longitud_km": 35.77 }, "geometry": { "type": "LineString", "coordinates": [ [ -65.4265, -35.528 ], [ -65.4324, -35.5278 ], [ -65.4308, -35.4804 ], [ -65.4249, -35.4806 ], [ -65.4255, -35.346 ], [ -65.4196, -35.2155 ] ] } },
{ "type": "Feature", "properties": { "nombre": "Camino sin nombre", "longitud_km": 8.33 }, "geometry": { "type": "LineString", "coordinates": [ [ -66.1609, -35.253 ], [ -66.179, -35.2748 ], [ -66.2044, -35.319 ] ] } },
{ "type": "Feature", "properties": { "nombre": "Camino sin nombre", "longitud_km": 18.16 }, "geometry": { "type": "LineString", "coordinates": [ [ -66.1151, -35.3422 ], [ -65.9154, -35.3376 ] ] } },
{ "type": "Feature", "properties": { "nombre": "Camino sin nombre", "longitud_km": 9.02 }, "geometry": { "type": "LineString", "coordinates": [ [ -66.1151, -35.3422 ], [ -66.1239, -35.3425 ], [ -66.1225, -35.3772 ], [ -66.1169, -35.41 ], [ -66.1098, -35.4119 ] ] } },
{ "type": "Feature", "properties": { "nombre": "Camino sin nombre", "longitud_km": 4.36 }, "geometry": { "type": "LineString", "coordinates": [ [ -65.3691, -35.4818 ], [ -65.3708, -35.521 ] ] } },
{ "type": "Feature", "properties": { "nombre": "Camino sin nombre", "longitud_km": 9.03 }, "geometry": { "type": "LineString", "coordinates": [ [ -65.399, -35.5286 ], [ -65.3434, -35.5295 ], [ -65.3446, -35.5654 ] ] } },
{ "type": "Feature", "properties": { "nombre": "Camino sin nombre", "longitud_km": 2.5 }, "geometry": { "type": "LineString", "coordinates": [ [ -65.399, -35.5286 ], [ -65.4265, -35.528 ] ] } },
{ "type": "Feature", "properties": { "nombre": "Camino sin nombre", "longitud_km": 7.0 }, "geometry": { "type": "LineString", "coordinates": [ [ -65.4006, -35.5916 ], [ -65.399, -35.5286 ] ] } },
{ "type": "Feature", "properties": { "nombre": "Camino sin nombre", "longitud_km": 11.22 }, "geometry": { "type": "LineString", "coordinates": [ [ -65.4265, -35.528 ], [ -65.4269, -35.5818 ], [ -65.4331, -35.5856 ], [ -65.4338, -35.6182 ], [ -65.4235, -35.6185 ] ] } },
{ "type": "Feature", "properties": { "nombre": "Camino sin nombre", "longitud_km": 10.03 }, "geometry": { "type": "LineString", "coordinates": [ [ -65.4006, -35.5916 ], [ -65.29, -35.5964 ] ] } },
{ "type": "Feature", "properties": { "nombre": "Camino sin nombre", "longitud_km": 3.01 }, "geometry": { "type": "LineString", "coordinates": [ [ -65.4008, -35.6187 ], [ -65.4006, -35.5916 ] ] } },
{ "type": "Feature", "properties": { "nombre": "Camino sin nombre", "longitud_km": 7.47 }, "geometry": { "type": "LineString", "coordinates": [ [ -65.3001, -35.6211 ], [ -65.2629, -35.6216 ], [ -65.2617, -35.5847 ] ] } },
{ "type": "Feature", "properties": { "nombre": "Camino sin nombre", "longitud_km": 4.54 }, "geometry": { "type": "LineString", "coordinates": [ [ -65.3502, -35.6199 ], [ -65.3001, -35.6211 ] ] } },
{ "type": "Feature", "properties": { "nombre": "Camino sin nombre", "longitud_km": 6.29 }, "geometry": { "type": "LineString", "coordinates": [ [ -65.4251, -35.6751 ], [ -65.4235, -35.6185 ] ] } },
{ "type": "Feature", "properties": { "nombre": "Camino sin nombre", "longitud_km": 2.07 }, "geometry": { "type": "LineString", "coordinates": [ [ -65.3977, -35.6754 ], [ -65.3749, -35.6758 ] ] } },
{ "type": "Feature", "properties": { "nombre": "Camino sin nombre", "longitud_km": 6.29 }, "geometry": { "type": "LineString", "coordinates": [ [ -65.396, -35.6188 ], [ -65.3977, -35.6754 ] ] } },
{ "type": "Feature", "properties": { "nombre": "Camino sin nombre", "longitud_km": 1.21 }, "geometry": { "type": "LineString", "coordinates": [ [ -65.357, -35.734 ], [ -65.3578, -35.7231 ] ] } },
{ "type": "Feature", "properties": { "nombre": "Camino sin nombre", "longitud_km": 29.83 }, "geometry": { "type": "LineString", "coordinates": [ [ -65.265, -35.714 ], [ -65.2703, -35.9793 ], [ -65.2747, -35.9796 ] ] } },
{ "type": "Feature", "properties": { "nombre": "Camino sin nombre", "longitud_km": 18.86 }, "geometry": { "type": "LineString", "coordinates": [ [ -65.9078, -35.9266 ], [ -65.9135, -35.7567 ] ] } },
{ "type": "Feature", "properties": { "nombre": "Camino sin nombre", "longitud_km": 11.25 }, "geometry": { "type": "LineString", "coordinates": [ [ -66.3945, -35.7971 ], [ -66.4508, -35.8485 ], [ -66.4556, -35.8771 ], [ -66.4524, -35.8797 ] ] } },
{ "type": "Feature", "properties": { "nombre": "Camino sin nombre", "longitud_km": 42.86 }, "geometry": { "type": "LineString", "coordinates": [ [ -66.2448, -36.0433 ], [ -66.2439, -36.0326 ], [ -66.2336, -36.0138 ], [ -66.1792, -35.9696 ], [ -66.1921, -35.9594 ], [ -66.2909, -35.923 ], [ -66.3212, -35.8652 ], [ -66.366, -35.7956 ], [ -66.3599, -35.7477 ] ] } },
{ "type": "Feature", "properties": { "nombre": "Camino sin nombre", "longitud_km": 6.29 }, "geometry": { "type": "LineString", "coordinates": [ [ -65.1053, -35.8908 ], [ -65.175, -35.8901 ] ] } },
{ "type": "Feature", "properties": { "nombre": "Camino sin nombre", "longitud_km": 2.17 }, "geometry": { "type": "LineString", "coordinates": [ [ -65.175, -35.8901 ], [ -65.199, -35.8898 ] ] } },
{ "type": "Feature", "properties": { "nombre": "Camino sin nombre", "longitud_km": 0.94 }, "geometry": { "type": "LineString", "coordinates": [ [ -65.175, -35.8901 ], [ -65.1764, -35.8986 ] ] } },
{ "type": "Feature", "properties": { "nombre": "Camino sin nombre", "longitud_km": 5.89 }, "geometry": { "type": "LineString", "coordinates": [ [ -65.46, -35.9981 ], [ -65.475, -35.959 ], [ -65.4723, -35.9471 ] ] } },
{ "type": "Feature", "properties": { "nombre": "Camino sin nombre", "longitud_km": 9.87 }, "geometry": { "type": "LineString", "coordinates": [ [ -65.9743, -35.9463 ], [ -66.0331, -35.9415 ], [ -66.0821, -35.9504 ] ] } },
{ "type": "Feature", "properties": { "nombre": "Camino sin nombre", "longitud_km": 2.79 }, "geometry": { "type": "LineString", "coordinates": [ [ -65.9071, -35.9517 ], [ -65.9078, -35.9266 ] ] } },
{ "type": "Feature", "properties": { "nombre": "Camino sin nombre", "longitud_km": 6.09 }, "geometry": { "type": "LineString", "coordinates": [ [ -65.9071, -35.9517 ], [ -65.9743, -35.9463 ] ] } },
{ "type": "Feature", "properties": { "nombre": "Camino sin nombre", "longitud_km": 5.21 }, "geometry": { "type": "LineString", "coordinates": [ [ -65.8626, -35.9558 ], [ -65.9078, -35.9266 ] ] } },
{ "type": "Feature", "properties": { "nombre": "Camino sin nombre", "longitud_km": 4.54 }, "geometry": { "type": "LineString", "coordinates": [ [ -65.8626, -35.9558 ], [ -65.907, -35.9566 ], [ -65.9071, -35.9517 ] ] } },
{ "type": "Feature", "properties": { "nombre": "Camino sin nombre", "longitud_km": 17.24 }, "geometry": { "type": "LineString", "coordinates": [ [ -65.2214, -36.0701 ], [ -65.2167, -35.9804 ], [ -65.136, -35.9819 ] ] } },
{ "type": "Feature", "properties": { "nombre": "Camino sin nombre", "longitud_km": 9.89 }, "geometry": { "type": "LineString", "coordinates": [ [ -65.3844, -35.9795 ], [ -65.2747, -35.9796 ] ] } },
{ "type": "Feature", "properties": { "nombre": "Camino sin nombre", "longitud_km": 21.87 }, "geometry": { "type": "LineString", "coordinates": [ [ -65.7947, -35.9992 ], [ -65.5521, -35.9964 ] ] } },
{ "type": "Feature", "properties": { "nombre": "Camino sin nombre", "longitud_km": 7.8 }, "geometry": { "type": "LineString", "coordinates": [ [ -65.7947, -35.9992 ], [ -65.8626, -35.9558 ] ] } },
{ "type": "Feature", "properties": { "nombre": "Camino sin nombre", "longitud_km": 21.58 }, "geometry": { "type": "LineString", "coordinates": [ [ -66.0851, -36.0488 ], [ -66.0873, -36.0206 ], [ -66.0835, -35.9997 ], [ -65.9048, -35.9994 ] ] } },
{ "type": "Feature", "properties": { "nombre": "Camino sin nombre", "longitud_km": 5.3 }, "geometry": { "type": "LineString", "coordinates": [ [ -65.9048, -35.9994 ], [ -65.846, -35.9995 ] ] } },
{ "type": "Feature", "properties": { "nombre": "Camino sin nombre", "longitud_km": 8.59 }, "geometry": { "type": "LineString", "coordinates": [ [ -65.9743, -35.9463 ], [ -65.9048, -35.9994 ] ] } },
{ "type": "Feature", "properties": { "nombre": "Camino sin nombre", "longitud_km": 2.88 }, "geometry": { "type": "LineString", "coordinates": [ [ -66.2495, -35.9741 ], [ -66.247, -36.0 ] ] } },
{ "type": "Feature", "properties": { "nombre": "Camino sin nombre", "longitud_km": 2.56 }, "geometry": { "type": "LineString", "coordinates": [ [ -66.499, -36.0 ], [ -66.4861, -36.0205 ] ] } },
{ "type": "Feature", "properties": { "nombre": "Camino sin nombre", "longitud_km": 5.27 }, "geometry": { "type": "LineString", "coordinates": [ [ -66.263, -36.0437 ], [ -66.286, -36.0 ] ] } },
{ "type": "Feature", "properties": { "nombre": "Camino sin nombre", "longitud_km": 4.63 }, "geometry": { "type": "LineString", "coordinates": [ [ -65.846, -35.9995 ], [ -65.7947, -35.9992 ] ] } },
{ "type": "Feature", "properties": { "nombre": "Camino sin nombre", "longitud_km": 0.38 }, "geometry": { "type": "LineString", "coordinates": [ [ -65.8507, -32.7918 ], [ -65.8468, -32.7927 ] ] } },
{ "type": "Feature", "properties": { "nombre": "Camino sin nombre", "longitud_km": 3.79 }, "geometry": { "type": "LineString", "coordinates": [ [ -65.3521, -32.0241 ], [ -65.3655, -32.0219 ], [ -65.377, -32.0315 ], [ -65.378, -32.0404 ] ] } },
{ "type": "Feature", "properties": { "nombre": "Camino sin nombre", "longitud_km": 2.16 }, "geometry": { "type": "LineString", "coordinates": [ [ -65.3487, -32.0434 ], [ -65.3521, -32.0241 ] ] } },
{ "type": "Feature", "properties": { "nombre": "Camino sin nombre", "longitud_km": 2.53 }, "geometry": { "type": "LineString", "coordinates": [ [ -65.3287, -32.0352 ], [ -65.3521, -32.0241 ] ] } },
{ "type": "Feature", "properties": { "nombre": "Camino sin nombre", "longitud_km": 2.02 }, "geometry": { "type": "LineString", "coordinates": [ [ -65.3287, -32.0352 ], [ -65.3087, -32.0416 ] ] } },
{ "type": "Feature", "properties": { "nombre": "Camino sin nombre", "longitud_km": 2.43 }, "geometry": { "type": "LineString", "coordinates": [ [ -65.3444, -32.0643 ], [ -65.343, -32.0558 ], [ -65.3487, -32.0434 ] ] } },
{ "type": "Feature", "properties": { "nombre": "Camino sin nombre", "longitud_km": 6.66 }, "geometry": { "type": "LineString", "coordinates": [ [ -65.2398, -32.1524 ], [ -65.2365, -32.1381 ], [ -65.2488, -32.1047 ], [ -65.2561, -32.0963 ] ] } },
{ "type": "Feature", "properties": { "nombre": "Camino sin nombre", "longitud_km": 0.89 }, "geometry": { "type": "LineString", "coordinates": [ [ -65.242, -32.1602 ], [ -65.2398, -32.1524 ] ] } },
{ "type": "Feature", "properties": { "nombre": "Camino sin nombre", "longitud_km": 8.24 }, "geometry": { "type": "LineString", "coordinates": [ [ -65.2639, -32.0907 ], [ -65.2755, -32.0882 ], [ -65.2835, -32.0694 ], [ -65.3047, -32.0536 ], [ -65.327, -32.0604 ] ] } },
{ "type": "Feature", "properties": { "nombre": "Camino sin nombre", "longitud_km": 0.96 }, "geometry": { "type": "LineString", "coordinates": [ [ -65.2561, -32.0963 ], [ -65.2639, -32.0907 ] ] } },
{ "type": "Feature", "properties": { "nombre": "Camino sin nombre", "longitud_km": 2.54 }, "geometry": { "type": "LineString", "coordinates": [ [ -65.2189, -32.1764 ], [ -65.232, -32.167 ], [ -65.2418, -32.167 ] ] } },
{ "type": "Feature", "properties": { "nombre": "Camino sin nombre", "longitud_km": 11.83 }, "geometry": { "type": "LineString", "coordinates": [ [ -65.8098, -32.167 ], [ -65.8002, -32.1592 ], [ -65.8067, -32.1135 ], [ -65.8009, -32.1034 ], [ -65.8114, -32.0664 ] ] } },
{ "type": "Feature", "properties": { "nombre": "Camino sin nombre", "longitud_km": 3.81 }, "geometry": { "type": "LineString", "coordinates": [ [ -65.8073, -32.2489 ], [ -65.8037, -32.2832 ] ] } },
{ "type": "Feature", "properties": { "nombre": "Camino sin nombre", "longitud_km": 0.57 }, "geometry": { "type": "LineString", "coordinates": [ [ -65.8572, -32.2994 ], [ -65.8628, -32.3012 ] ] } },
{ "type": "Feature", "properties": { "nombre": "Camino sin nombre", "longitud_km": 5.23 }, "geometry": { "type": "LineString", "coordinates": [ [ -65.8628, -32.3012 ], [ -65.8959, -32.312 ], [ -65.9088, -32.325 ] ] } },
{ "type": "Feature", "properties": { "nombre": "Camino sin nombre", "longitud_km": 1.96 }, "geometry": { "type": "LineString", "coordinates": [ [ -65.9136, -32.3422 ], [ -65.9088, -32.325 ] ] } },
{ "type": "Feature", "properties": { "nombre": "Camino sin nombre", "longitud_km": 2.8 }, "geometry": { "type": "LineString", "coordinates": [ [ -64.9964, -32.3514 ], [ -64.9879, -32.3756 ] ] } },
{ "type": "Feature", "properties": { "nombre": "Camino sin nombre", "longitud_km": 2.51 }, "geometry": { "type": "LineString", "coordinates": [ [ -65.9246, -32.3619 ], [ -65.9154, -32.3524 ], [ -65.9136, -32.3422 ] ] } },
{ "type": "Feature", "properties": { "nombre": "Camino sin nombre", "longitud_km": 1.37 }, "geometry": { "type": "LineString", "coordinates": [ [ -64.9879, -32.3756 ], [ -64.9834, -32.3874 ] ] } },
{ "type": "Feature", "properties": { "nombre": "Camino sin nombre", "longitud_km": 1.26 }, "geometry": { "type": "LineString", "coordinates": [ [ -65.9327, -32.371 ], [ -65.9246, -32.3619 ] ] } },
{ "type": "Feature", "properties": { "nombre": "Camino sin nombre", "longitud_km": 0.53 }, "geometry": { "type": "LineString", "coordinates": [ [ -65.9377, -32.3733 ], [ -65.9327, -32.371 ] ] } },
{ "type": "Feature", "properties": { "nombre": "Camino sin nombre", "longitud_km": 1.82 }, "geometry": { "type": "LineString", "coordinates": [ [ -65.0121, -32.4012 ], [ -65.0007, -32.4046 ], [ -64.9997, -32.4107 ] ] } },
{ "type": "Feature", "properties": { "nombre": "Camino sin nombre", "longitud_km": 4.69 }, "geometry": { "type": "LineString", "coordinates": [ [ -64.9834, -32.3874 ], [ -64.983, -32.3924 ], [ -64.9778, -32.3929 ], [ -64.9784, -32.4072 ], [ -64.9997, -32.4107 ] ] } },
{ "type": "Feature", "properties": { "nombre": "Camino sin nombre", "longitud_km": 0.88 }, "geometry": { "type": "LineString", "coordinates": [ [ -64.9997, -32.4107 ], [ -65.0088, -32.4127 ] ] } },
{ "type": "Feature", "properties": { "nombre": "Camino sin nombre", "longitud_km": 16.44 }, "geometry": { "type": "LineString", "coordinates": [ [ -66.0465, -32.484 ], [ -66.0316, -32.4533 ], [ -65.9967, -32.4226 ], [ -65.9721, -32.3899 ], [ -65.9377, -32.3733 ] ] } },
{ "type": "Feature", "properties": { "nombre": "Camino sin nombre", "longitud_km": 0.18 }, "geometry": { "type": "LineString", "coordinates": [ [ -65.0363, -32.4932 ], [ -65.0353, -32.4918 ] ] } },
{ "type": "Feature", "properties": { "nombre": "Camino sin nombre", "longitud_km": 4.01 }, "geometry": { "type": "LineString", "coordinates": [ [ -65.0353, -32.4918 ], [ -64.9936, -32.4992 ] ] } },
{ "type": "Feature", "properties": { "nombre": "Camino sin nombre", "longitud_km": 1.46 }, "geometry": { "type": "LineString", "coordinates": [ [ -65.0363, -32.4932 ], [ -65.0407, -32.5058 ] ] } },
{ "type": "Feature", "properties": { "nombre": "Camino sin nombre", "longitud_km": 1.03 }, "geometry": { "type": "LineString", "coordinates": [ [ -66.0465, -32.484 ], [ -66.0518, -32.4921 ] ] } },
{ "type": "Feature", "properties": { "nombre": "Camino sin nombre", "longitud_km": 10.34 }, "geometry": { "type": "LineString", "coordinates": [ [ -65.1944, -32.5022 ], [ -65.0868, -32.5217 ] ] } },
{ "type": "Feature", "properties": { "nombre": "Camino sin nombre", "longitud_km": 4.93 }, "geometry": { "type": "LineString", "coordinates": [ [ -65.0407, -32.5058 ], [ -65.0527, -32.5036 ], [ -65.0868, -32.5217 ] ] } },
{ "type": "Feature", "properties": { "nombre": "Camino sin nombre", "longitud_km": 2.15 }, "geometry": { "type": "LineString", "coordinates": [ [ -66.0518, -32.4921 ], [ -66.0618, -32.5095 ] ] } },
{ "type": "Feature", "properties": { "nombre": "Camino sin nombre", "longitud_km": 0.52 }, "geometry": { "type": "LineString", "coordinates": [ [ -66.0618, -32.5095 ], [ -66.065, -32.5134 ] ] } },
{ "type": "Feature", "properties": { "nombre": "Camino sin nombre", "longitud_km": 3.84 }, "geometry": { "type": "LineString", "coordinates": [ [ -65.0229, -32.5504 ], [ -64.982, -32.5503 ] ] } },
{ "type": "Feature", "properties": { "nombre": "Camino sin nombre", "longitud_km": 0.89 }, "geometry": { "type": "LineString", "coordinates": [ [ -65.0323, -32.5506 ], [ -65.0229, -32.5504 ] ] } },
{ "type": "Feature", "properties": { "nombre": "Camino sin nombre", "longitud_km": 1.07 }, "geometry": { "type": "LineString", "coordinates": [ [ -65.0229, -32.5504 ], [ -65.0329, -32.5549 ] ] } },
{ "type": "Feature", "properties": { "nombre": "Camino sin nombre", "longitud_km": 0.48 }, "geometry": { "type": "LineString", "coordinates": [ [ -65.0323, -32.5506 ], [ -65.0329, -32.5549 ] ] } },
{ "type": "Feature", "properties": { "nombre": "Camino sin nombre", "longitud_km": 3.54 }, "geometry": { "type": "LineString", "coordinates": [ [ -66.2225, -32.5502 ], [ -66.2546, -32.5668 ] ] } },
{ "type": "Feature", "properties": { "nombre": "Camino sin nombre", "longitud_km": 6.15 }, "geometry": { "type": "LineString", "coordinates": [ [ -65.0329, -32.5549 ], [ -65.0231, -32.6097 ] ] } },
{ "type": "Feature", "properties": { "nombre": "Camino sin nombre", "longitud_km": 0.4 }, "geometry": { "type": "LineString", "coordinates": [ [ -66.1241, -32.5922 ], [ -66.1283, -32.592 ] ] } },
{ "type": "Feature", "properties": { "nombre": "Camino sin nombre", "longitud_km": 11.31 }, "geometry": { "type": "LineString", "coordinates": [ [ -66.065, -32.5134 ], [ -66.0867, -32.5514 ], [ -66.1, -32.5557 ], [ -66.1096, -32.569 ], [ -66.1176, -32.5877 ], [ -66.1156, -32.5924 ], [ -66.1241, -32.5922 ] ] } },
{ "type": "Feature", "properties": { "nombre": "Camino sin nombre", "longitud_km": 2.53 }, "geometry": { "type": "LineString", "coordinates": [ [ -66.1002, -32.5903 ], [ -66.114, -32.5965 ], [ -66.1241, -32.5922 ] ] } },
{ "type": "Feature", "properties": { "nombre": "Camino sin nombre", "longitud_km": 6.4 }, "geometry": { "type": "LineString", "coordinates": [ [ -66.1002, -32.5903 ], [ -66.0854, -32.5966 ], [ -66.0894, -32.6086 ], [ -66.1204, -32.6062 ], [ -66.1226, -32.6108 ] ] } },
{ "type": "Feature", "properties": { "nombre": "Camino sin nombre", "longitud_km": 3.36 }, "geometry": { "type": "LineString", "coordinates": [ [ -66.1226, -32.6108 ], [ -66.1277, -32.6207 ], [ -66.1239, -32.6399 ] ] } },
{ "type": "Feature", "properties": { "nombre": "Camino sin nombre", "longitud_km": 7.6 }, "geometry": { "type": "LineString", "coordinates": [ [ -65.0231, -32.6097 ], [ -65.0178, -32.6781 ] ] } },
{ "type": "Feature", "properties": { "nombre": "Camino sin nombre", "longitud_km": 7.48 }, "geometry": { "type": "LineString", "coordinates": [ [ -66.1511, -32.6483 ], [ -66.1585, -32.6475 ], [ -66.179, -32.6619 ], [ -66.1926, -32.6987 ] ] } },
{ "type": "Feature", "properties": { "nombre": "Camino sin nombre", "longitud_km": 1.49 }, "geometry": { "type": "LineString", "coordinates": [ [ -65.6392, -32.6809 ], [ -65.6283, -32.6908 ] ] } },
{ "type": "Feature", "properties": { "nombre": "Camino sin nombre", "longitud_km": 2.31 }, "geometry": { "type": "LineString", "coordinates": [ [ -66.4328, -32.6791 ], [ -66.4519, -32.666 ] ] } },
{ "type": "Feature", "properties": { "nombre": "Camino sin nombre", "longitud_km": 2.59 }, "geometry": { "type": "LineString", "coordinates": [ [ -66.414, -32.6857 ], [ -66.4192, -32.6754 ], [ -66.4328, -32.6791 ] ] } },
{ "type": "Feature", "properties": { "nombre": "Camino sin nombre", "longitud_km": 7.16 }, "geometry": { "type": "LineString", "coordinates": [ [ -66.3119, -32.6592 ], [ -66.3132, -32.6831 ], [ -66.327, -32.722 ] ] } },
{ "type": "Feature", "properties": { "nombre": "Camino sin nombre", "longitud_km": 1.34 }, "geometry": { "type": "LineString", "coordinates": [ [ -66.3682, -32.8235 ], [ -66.3742, -32.8345 ] ] } },
{ "type": "Feature", "properties": { "nombre": "Camino sin nombre", "longitud_km": 1.28 }, "geometry": { "type": "LineString", "coordinates": [ [ -65.4145, -32.782 ], [ -65.4045, -32.7742 ] ] } },
{ "type": "Feature", "properties": { "nombre": "Camino sin nombre", "longitud_km": 7.07 }, "geometry": { "type": "LineString", "coordinates": [ [ -66.327, -32.722 ], [ -66.332, -32.7403 ], [ -66.357, -32.78 ] ] } },
{ "type": "Feature", "properties": { "nombre": "Camino sin nombre", "longitud_km": 5.35 }, "geometry": { "type": "LineString", "coordinates": [ [ -65.4628, -32.8011 ], [ -65.4498, -32.7878 ], [ -65.4336, -32.7821 ], [ -65.4145, -32.782 ] ] } },
{ "type": "Feature", "properties": { "nombre": "Camino sin nombre", "longitud_km": 2.73 }, "geometry": { "type": "LineString", "coordinates": [ [ -66.3677, -32.8002 ], [ -66.3638, -32.8169 ], [ -66.3682, -32.8235 ] ] } },
{ "type": "Feature", "properties": { "nombre": "Camino sin nombre", "longitud_km": 13.69 }, "geometry": { "type": "LineString", "coordinates": [ [ -66.0292, -32.7928 ], [ -66.0337, -32.8076 ], [ -66.0292, -32.8352 ], [ -66.0343, -32.8539 ], [ -66.0127, -32.8484 ], [ -66.0079, -32.8374 ], [ -66.0112, -32.8245 ], [ -66.0075, -32.8076 ] ] } },
{ "type": "Feature", "properties": { "nombre": "Camino sin nombre", "longitud_km": 3.19 }, "geometry": { "type": "LineString", "coordinates": [ [ -66.3742, -32.8345 ], [ -66.3842, -32.8555 ], [ -66.3904, -32.8587 ] ] } },
{ "type": "Feature", "properties": { "nombre": "Camino sin nombre", "longitud_km": 3.09 }, "geometry": { "type": "LineString", "coordinates": [ [ -65.5999, -32.8721 ], [ -65.6021, -32.8869 ], [ -65.616, -32.8922 ] ] } },
{ "type": "Feature", "properties": { "nombre": "Camino sin nombre", "longitud_km": 1.44 }, "geometry": { "type": "LineString", "coordinates": [ [ -65.6165, -32.8793 ], [ -65.616, -32.8922 ] ] } },
{ "type": "Feature", "properties": { "nombre": "Camino sin nombre", "longitud_km": 2.77 }, "geometry": { "type": "LineString", "coordinates": [ [ -65.616, -32.8922 ], [ -65.6204, -32.9169 ] ] } },
{ "type": "Feature", "properties": { "nombre": "Camino sin nombre", "longitud_km": 6.93 }, "geometry": { "type": "LineString", "coordinates": [ [ -66.0567, -32.9234 ], [ -66.0349, -32.9263 ], [ -66.0195, -32.9363 ], [ -65.9869, -32.935 ] ] } },
{ "type": "Feature", "properties": { "nombre": "Camino sin nombre", "longitud_km": 3.16 }, "geometry": { "type": "LineString", "coordinates": [ [ -66.7656, -32.8947 ], [ -66.7635, -32.9024 ], [ -66.7477, -32.918 ] ] } },
{ "type": "Feature", "properties": { "nombre": "Camino sin nombre", "longitud_km": 4.07 }, "geometry": { "type": "LineString", "coordinates": [ [ -66.7477, -32.918 ], [ -66.7211, -32.9471 ] ] } },
{ "type": "Feature", "properties": { "nombre": "Camino sin nombre", "longitud_km": 7.59 }, "geometry": { "type": "LineString", "coordinates": [ [ -66.7211, -32.9471 ], [ -66.7183, -32.9899 ], [ -66.7253, -33.0148 ] ] } },
{ "type": "Feature", "properties": { "nombre": "Camino sin nombre", "longitud_km": 5.82 }, "geometry": { "type": "LineString", "coordinates": [ [ -65.3752, -33.1359 ], [ -65.3603, -33.1633 ], [ -65.3709, -33.1838 ] ] } },
{ "type": "Feature", "properties": { "nombre": "Camino sin nombre", "longitud_km": 3.87 }, "geometry": { "type": "LineString", "coordinates": [ [ -65.0278, -32.3233 ], [ -65.0153, -32.3233 ], [ -65.001, -32.3443 ] ] } },
{ "type": "Feature", "properties": { "nombre": "Camino sin nombre", "longitud_km": 0.94 }, "geometry": { "type": "LineString", "coordinates": [ [ -65.001, -32.3443 ], [ -64.9916, -32.3473 ] ] } },
{ "type": "Feature", "properties": { "nombre": "Camino sin nombre", "longitud_km": 0.67 }, "geometry": { "type": "LineString", "coordinates": [ [ -65.001, -32.3443 ], [ -65.0016, -32.3503 ] ] } },
{ "type": "Feature", "properties": { "nombre": "Camino sin nombre", "longitud_km": 1.39 }, "geometry": { "type": "LineString", "coordinates": [ [ -65.0016, -32.3503 ], [ -65.0162, -32.3492 ] ] } },
{ "type": "Feature", "properties": { "nombre": "Camino sin nombre", "longitud_km": 0.5 }, "geometry": { "type": "LineString", "coordinates": [ [ -64.9964, -32.3514 ], [ -65.0016, -32.3503 ] ] } },
{ "type": "Feature", "properties": { "nombre": "Camino sin nombre", "longitud_km": 0.99 }, "geometry": { "type": "LineString", "coordinates": [ [ -64.9916, -32.3473 ], [ -64.991, -32.3515 ], [ -64.9964, -32.3514 ] ] } },
{ "type": "Feature", "properties": { "nombre": "Camino sin nombre", "longitud_km": 1.92 }, "geometry": { "type": "LineString", "coordinates": [ [ -64.9916, -32.3473 ], [ -64.9723, -32.3528 ] ] } },
{ "type": "Feature", "properties": { "nombre": "Camino sin nombre", "longitud_km": 1.75 }, "geometry": { "type": "LineString", "coordinates": [ [ -65.7079, -32.4237 ], [ -65.713, -32.4172 ], [ -65.7224, -32.4171 ] ] } },
{ "type": "Feature", "properties": { "nombre": "Camino sin nombre", "longitud_km": 3.21 }, "geometry": { "type": "LineString", "coordinates": [ [ -65.6766, -32.4186 ], [ -65.6852, -32.4233 ], [ -65.6974, -32.4203 ], [ -65.7079, -32.4237 ] ] } },
{ "type": "Feature", "properties": { "nombre": "Camino sin nombre", "longitud_km": 1.78 }, "geometry": { "type": "LineString", "coordinates": [ [ -66.0572, -32.4727 ], [ -66.0572, -32.4779 ], [ -66.0465, -32.484 ] ] } },
{ "type": "Feature", "properties": { "nombre": "Camino sin nombre", "longitud_km": 7.6 }, "geometry": { "type": "LineString", "coordinates": [ [ -66.1294, -32.5144 ], [ -66.1152, -32.5351 ], [ -66.1189, -32.5451 ], [ -66.1315, -32.5558 ], [ -66.1342, -32.5746 ] ] } },
{ "type": "Feature", "properties": { "nombre": "Camino sin nombre", "longitud_km": 7.78 }, "geometry": { "type": "LineString", "coordinates": [ [ -65.46, -32.8073 ], [ -65.462, -32.8151 ], [ -65.4552, -32.8191 ], [ -65.4834, -32.869 ] ] } },
{ "type": "Feature", "properties": { "nombre": "Camino sin nombre", "longitud_km": 4.02 }, "geometry": { "type": "LineString", "coordinates": [ [ -65.4834, -32.869 ], [ -65.4868, -32.8749 ], [ -65.5042, -32.881 ], [ -65.5072, -32.8946 ] ] } },
{ "type": "Feature", "properties": { "nombre": "Camino sin nombre", "longitud_km": 6.5 }, "geometry": { "type": "LineString", "coordinates": [ [ -66.7587, -32.8464 ], [ -66.7782, -32.8737 ], [ -66.7638, -32.8842 ], [ -66.7656, -32.8947 ] ] } },
{ "type": "Feature", "properties": { "nombre": "Camino sin nombre", "longitud_km": 1.78 }, "geometry": { "type": "LineString", "coordinates": [ [ -65.4742, -33.061 ], [ -65.4752, -33.077 ] ] } },
{ "type": "Feature", "properties": { "nombre": "Camino sin nombre", "longitud_km": 2.2 }, "geometry": { "type": "LineString", "coordinates": [ [ -66.9882, -33.0425 ], [ -66.9819, -33.0616 ] ] } },
{ "type": "Feature", "properties": { "nombre": "Camino sin nombre", "longitud_km": 11.14 }, "geometry": { "type": "LineString", "coordinates": [ [ -65.4752, -33.077 ], [ -65.4699, -33.1197 ], [ -65.4383, -33.1145 ], [ -65.4355, -33.1057 ], [ -65.4203, -33.1087 ], [ -65.4162, -33.1013 ] ] } },
{ "type": "Feature", "properties": { "nombre": "Camino sin nombre", "longitud_km": 1.99 }, "geometry": { "type": "LineString", "coordinates": [ [ -66.2235, -33.2137 ], [ -66.2331, -33.2103 ], [ -66.2353, -33.2193 ] ] } },
{ "type": "Feature", "properties": { "nombre": "Camino sin nombre", "longitud_km": 0.93 }, "geometry": { "type": "LineString", "coordinates": [ [ -66.2281, -33.2212 ], [ -66.2235, -33.2137 ] ] } },
{ "type": "Feature", "properties": { "nombre": "Camino sin nombre", "longitud_km": 1.22 }, "geometry": { "type": "LineString", "coordinates": [ [ -66.2353, -33.2193 ], [ -66.2307, -33.2158 ], [ -66.2281, -33.2212 ] ] } },
{ "type": "Feature", "properties": { "nombre": "Camino sin nombre", "longitud_km": 1.34 }, "geometry": { "type": "LineString", "coordinates": [ [ -66.2281, -33.2212 ], [ -66.2271, -33.2332 ] ] } },
{ "type": "Feature", "properties": { "nombre": "Camino sin nombre", "longitud_km": 1.99 }, "geometry": { "type": "LineString", "coordinates": [ [ -66.2391, -33.2349 ], [ -66.2425, -33.229 ], [ -66.2353, -33.2193 ] ] } },
{ "type": "Feature", "properties": { "nombre": "Camino sin nombre", "longitud_km": 1.17 }, "geometry": { "type": "LineString", "coordinates": [ [ -66.1849, -33.2518 ], [ -66.1804, -33.242 ] ] } },
{ "type": "Feature", "properties": { "nombre": "Camino sin nombre", "longitud_km": 3.06 }, "geometry": { "type": "LineString", "coordinates": [ [ -66.205, -33.2329 ], [ -66.2029, -33.2391 ], [ -66.1959, -33.2405 ], [ -66.1945, -33.2479 ], [ -66.2002, -33.2539 ] ] } },
{ "type": "Feature", "properties": { "nombre": "Camino sin nombre", "longitud_km": 6.62 }, "geometry": { "type": "LineString", "coordinates": [ [ -66.2369, -33.2765 ], [ -66.2729, -33.2963 ], [ -66.3008, -33.2941 ] ] } },
{ "type": "Feature", "properties": { "nombre": "Camino sin nombre", "longitud_km": 5.12 }, "geometry": { "type": "LineString", "coordinates": [ [ -66.3537, -33.2931 ], [ -66.3537, -33.304 ], [ -66.395, -33.3109 ] ] } },
{ "type": "Feature", "properties": { "nombre": "Camino sin nombre", "longitud_km": 21.79 }, "geometry": { "type": "LineString", "coordinates": [ [ -66.3949, -33.3109 ], [ -66.4251, -33.3038 ], [ -66.456, -33.3171 ], [ -66.4906, -33.3084 ], [ -66.5978, -33.328 ], [ -66.6172, -33.337 ] ] } },
{ "type": "Feature", "properties": { "nombre": "Camino sin nombre", "longitud_km": 6.86 }, "geometry": { "type": "LineString", "coordinates": [ [ -65.7309, -33.5392 ], [ -65.7941, -33.5071 ] ] } },
{ "type": "Feature", "properties": { "nombre": "Camino sin nombre", "longitud_km": 1.5 }, "geometry": { "type": "LineString", "coordinates": [ [ -65.7941, -33.5071 ], [ -65.7977, -33.5038 ], [ -65.7896, -33.4978 ] ] } },
{ "type": "Feature", "properties": { "nombre": "Camino sin nombre", "longitud_km": 5.6 }, "geometry": { "type": "LineString", "coordinates": [ [ -65.6795, -33.5655 ], [ -65.7309, -33.5392 ] ] } },
{ "type": "Feature", "properties": { "nombre": "Camino sin nombre", "longitud_km": 3.98 }, "geometry": { "type": "LineString", "coordinates": [ [ -65.6433, -33.5848 ], [ -65.6795, -33.5655 ] ] } },
{ "type": "Feature", "properties": { "nombre": "Camino sin nombre", "longitud_km": 9.02 }, "geometry": { "type": "LineString", "coordinates": [ [ -65.5767, -33.6367 ], [ -65.5851, -33.6123 ], [ -65.6433, -33.5848 ] ] } },
{ "type": "Feature", "properties": { "nombre": "Camino sin nombre", "longitud_km": 0.88 }, "geometry": { "type": "LineString", "coordinates": [ [ -65.5767, -33.6367 ], [ -65.5693, -33.6416 ] ] } },
{ "type": "Feature", "properties": { "nombre": "Camino sin nombre", "longitud_km": 1.08 }, "geometry": { "type": "LineString", "coordinates": [ [ -65.4137, -33.648 ], [ -65.4165, -33.6574 ] ] } },
{ "type": "Feature", "properties": { "nombre": "Camino sin nombre", "longitud_km": 7.47 }, "geometry": { "type": "LineString", "coordinates": [ [ -65.5037, -33.6807 ], [ -65.5693, -33.6416 ] ] } },
{ "type": "Feature", "properties": { "nombre": "Camino sin nombre", "longitud_km": 3.57 }, "geometry": { "type": "LineString", "coordinates": [ [ -65.4767, -33.702 ], [ -65.4952, -33.6827 ], [ -65.5037, -33.6807 ] ] } },
{ "type": "Feature", "properties": { "nombre": "Camino sin nombre", "longitud_km": 1.55 }, "geometry": { "type": "LineString", "coordinates": [ [ -66.176, -33.2529 ], [ -66.1752, -33.2587 ], [ -66.1671, -33.2631 ] ] } }
]
}
